system	model	n_chains	iptm	ptm	min_ova_plddt	min_module_plddt	min_binder_plddt	ranking_score	has_clash	contact_edges	largest_component	full_connected	module_full_connected	total_contacts	ova_contacts	module_contacts	min_incident_iptm	contact_pair_iptm_median	contact_pair_pae_median	contacts_json	interface_residues_json	summary_path	cif_path
ova_body_c4_01	seed-2_sample-0	4	0.85	0.87	90.20269428510122	nan	nan	0.85	0.0	6	4	1	0	182	182	0	0.81	0.81	2.295	"{""A-B"": 61, ""A-C"": 16, ""A-D"": 15, ""B-C"": 14, ""B-D"": 16, ""C-D"": 60}"	[82, 83, 86, 87, 90, 94, 95, 96, 97, 98, 99, 182, 184, 188, 190, 191, 192, 193, 217, 236, 271, 272, 276, 278, 337, 338, 339, 340, 341, 342, 343, 344, 345, 346, 347, 348, 349, 350, 354, 373, 374]	experiments/e133_c4_iptm80_multiseed_batch02/af3/out_s0/ova_body_c4_01/seed-2_sample-0/ova_body_c4_01_seed-2_sample-0_summary_confidences.json	experiments/e133_c4_iptm80_multiseed_batch02/af3/out_s0/ova_body_c4_01/seed-2_sample-0/ova_body_c4_01_seed-2_sample-0_model.cif
ova_body_c4_01	seed-2_sample-1	4	0.85	0.88	90.18292749236902	nan	nan	0.86	0.0	6	4	1	0	178	178	0	0.82	0.82	2.23	"{""A-B"": 58, ""A-C"": 14, ""A-D"": 16, ""B-C"": 16, ""B-D"": 15, ""C-D"": 59}"	[82, 83, 86, 87, 90, 94, 95, 96, 97, 98, 99, 182, 184, 188, 190, 191, 192, 193, 217, 236, 271, 272, 276, 278, 337, 338, 339, 340, 341, 342, 343, 344, 345, 346, 347, 348, 350, 353, 354, 373, 374]	experiments/e133_c4_iptm80_multiseed_batch02/af3/out_s0/ova_body_c4_01/seed-2_sample-1/ova_body_c4_01_seed-2_sample-1_summary_confidences.json	experiments/e133_c4_iptm80_multiseed_batch02/af3/out_s0/ova_body_c4_01/seed-2_sample-1/ova_body_c4_01_seed-2_sample-1_model.cif
ova_body_c4_01	seed-2_sample-2	4	0.84	0.87	90.2234458132729	nan	nan	0.85	0.0	6	4	1	0	159	159	0	0.81	0.81	2.375	"{""A-B"": 54, ""A-C"": 8, ""A-D"": 15, ""B-C"": 15, ""B-D"": 11, ""C-D"": 56}"	[86, 87, 90, 94, 95, 96, 97, 98, 99, 182, 184, 188, 190, 191, 192, 193, 216, 217, 236, 271, 272, 278, 337, 338, 339, 340, 341, 342, 343, 344, 345, 346, 347, 348, 349, 350, 354, 373, 374]	experiments/e133_c4_iptm80_multiseed_batch02/af3/out_s0/ova_body_c4_01/seed-2_sample-2/ova_body_c4_01_seed-2_sample-2_summary_confidences.json	experiments/e133_c4_iptm80_multiseed_batch02/af3/out_s0/ova_body_c4_01/seed-2_sample-2/ova_body_c4_01_seed-2_sample-2_model.cif
ova_body_c4_01	seed-2_sample-3	4	0.83	0.86	90.19046625325099	nan	nan	0.84	0.0	6	4	1	0	199	199	0	0.8	0.79	2.4800000000000004	"{""A-B"": 65, ""A-C"": 16, ""A-D"": 18, ""B-C"": 18, ""B-D"": 18, ""C-D"": 64}"	[82, 83, 86, 87, 90, 93, 94, 95, 96, 97, 98, 99, 182, 184, 188, 190, 191, 192, 193, 216, 217, 236, 271, 272, 275, 276, 278, 337, 338, 339, 340, 341, 342, 343, 344, 345, 346, 347, 348, 349, 350, 353, 354, 373, 374]	experiments/e133_c4_iptm80_multiseed_batch02/af3/out_s0/ova_body_c4_01/seed-2_sample-3/ova_body_c4_01_seed-2_sample-3_summary_confidences.json	experiments/e133_c4_iptm80_multiseed_batch02/af3/out_s0/ova_body_c4_01/seed-2_sample-3/ova_body_c4_01_seed-2_sample-3_model.cif
ova_body_c4_01	seed-2_sample-4	4	0.84	0.87	90.14572551707529	nan	nan	0.85	0.0	6	4	1	0	178	178	0	0.81	0.805	2.38	"{""A-B"": 64, ""A-C"": 12, ""A-D"": 13, ""B-C"": 13, ""B-D"": 12, ""C-D"": 64}"	[82, 83, 86, 90, 94, 95, 96, 97, 98, 99, 182, 184, 188, 190, 191, 192, 193, 217, 236, 271, 272, 276, 278, 337, 338, 339, 340, 341, 342, 344, 345, 346, 347, 348, 349, 350, 354, 373, 374]	experiments/e133_c4_iptm80_multiseed_batch02/af3/out_s0/ova_body_c4_01/seed-2_sample-4/ova_body_c4_01_seed-2_sample-4_summary_confidences.json	experiments/e133_c4_iptm80_multiseed_batch02/af3/out_s0/ova_body_c4_01/seed-2_sample-4/ova_body_c4_01_seed-2_sample-4_model.cif
ova_body_c4_01	seed-3_sample-0	4	0.83	0.86	89.64044052084493	nan	nan	0.83	0.0	6	4	1	0	190	190	0	0.79	0.785	2.585	"{""A-B"": 20, ""A-C"": 60, ""A-D"": 14, ""B-C"": 15, ""B-D"": 60, ""C-D"": 21}"	[82, 83, 86, 87, 90, 94, 95, 96, 97, 98, 99, 182, 183, 184, 188, 190, 191, 192, 193, 216, 217, 236, 271, 272, 278, 337, 338, 339, 340, 341, 342, 343, 344, 345, 346, 347, 348, 350, 353, 354, 373, 374]	experiments/e133_c4_iptm80_multiseed_batch02/af3/out_s0/ova_body_c4_01/seed-3_sample-0/ova_body_c4_01_seed-3_sample-0_summary_confidences.json	experiments/e133_c4_iptm80_multiseed_batch02/af3/out_s0/ova_body_c4_01/seed-3_sample-0/ova_body_c4_01_seed-3_sample-0_model.cif
ova_body_c4_01	seed-3_sample-1	4	0.83	0.86	90.08305692919795	nan	nan	0.83	0.0	6	4	1	0	189	189	0	0.79	0.79	2.56	"{""A-B"": 17, ""A-C"": 63, ""A-D"": 15, ""B-C"": 15, ""B-D"": 62, ""C-D"": 17}"	[1, 82, 83, 86, 90, 94, 95, 96, 97, 98, 99, 182, 184, 188, 190, 191, 192, 193, 216, 217, 236, 266, 270, 271, 272, 278, 337, 338, 339, 340, 341, 342, 344, 345, 346, 347, 348, 350, 353, 354, 373, 374]	experiments/e133_c4_iptm80_multiseed_batch02/af3/out_s0/ova_body_c4_01/seed-3_sample-1/ova_body_c4_01_seed-3_sample-1_summary_confidences.json	experiments/e133_c4_iptm80_multiseed_batch02/af3/out_s0/ova_body_c4_01/seed-3_sample-1/ova_body_c4_01_seed-3_sample-1_model.cif
ova_body_c4_01	seed-3_sample-2	4	0.84	0.87	89.79870469088381	nan	nan	0.84	0.0	6	4	1	0	162	162	0	0.8	0.8	2.49	"{""A-B"": 17, ""A-C"": 49, ""A-D"": 14, ""B-C"": 14, ""B-D"": 51, ""C-D"": 17}"	[82, 83, 86, 87, 90, 94, 96, 97, 98, 99, 182, 184, 188, 190, 191, 192, 193, 216, 217, 236, 271, 272, 278, 337, 338, 339, 340, 341, 342, 343, 344, 345, 346, 347, 348, 350, 353, 354, 373, 374]	experiments/e133_c4_iptm80_multiseed_batch02/af3/out_s0/ova_body_c4_01/seed-3_sample-2/ova_body_c4_01_seed-3_sample-2_summary_confidences.json	experiments/e133_c4_iptm80_multiseed_batch02/af3/out_s0/ova_body_c4_01/seed-3_sample-2/ova_body_c4_01_seed-3_sample-2_model.cif
ova_body_c4_01	seed-3_sample-3	4	0.83	0.86	89.85000007510803	nan	nan	0.83	0.0	6	4	1	0	178	178	0	0.79	0.79	2.6100000000000003	"{""A-B"": 22, ""A-C"": 56, ""A-D"": 12, ""B-C"": 12, ""B-D"": 55, ""C-D"": 21}"	[82, 83, 86, 90, 94, 95, 96, 97, 98, 99, 182, 184, 188, 190, 191, 192, 193, 216, 217, 236, 271, 272, 278, 337, 338, 339, 340, 341, 342, 343, 344, 345, 346, 347, 348, 350, 353, 354, 355, 373, 374]	experiments/e133_c4_iptm80_multiseed_batch02/af3/out_s0/ova_body_c4_01/seed-3_sample-3/ova_body_c4_01_seed-3_sample-3_summary_confidences.json	experiments/e133_c4_iptm80_multiseed_batch02/af3/out_s0/ova_body_c4_01/seed-3_sample-3/ova_body_c4_01_seed-3_sample-3_model.cif
ova_body_c4_01	seed-3_sample-4	4	0.83	0.86	90.07044049989373	nan	nan	0.83	0.0	6	4	1	0	179	179	0	0.79	0.79	2.575	"{""A-B"": 23, ""A-C"": 56, ""A-D"": 10, ""B-C"": 11, ""B-D"": 56, ""C-D"": 23}"	[1, 82, 83, 86, 90, 94, 95, 96, 97, 98, 99, 182, 184, 188, 190, 191, 192, 193, 217, 236, 271, 272, 276, 278, 337, 338, 339, 340, 341, 342, 343, 344, 345, 346, 347, 348, 350, 351, 353, 354, 355, 373, 374]	experiments/e133_c4_iptm80_multiseed_batch02/af3/out_s0/ova_body_c4_01/seed-3_sample-4/ova_body_c4_01_seed-3_sample-4_summary_confidences.json	experiments/e133_c4_iptm80_multiseed_batch02/af3/out_s0/ova_body_c4_01/seed-3_sample-4/ova_body_c4_01_seed-3_sample-4_model.cif
ova_body_c4_01	seed-4_sample-0	4	0.81	0.85	90.26829023805925	nan	nan	0.82	0.0	6	4	1	0	177	177	0	0.78	0.765	2.7	"{""A-B"": 11, ""A-C"": 55, ""A-D"": 24, ""B-C"": 23, ""B-D"": 51, ""C-D"": 13}"	[82, 86, 87, 90, 94, 95, 96, 97, 98, 99, 182, 184, 188, 190, 191, 192, 193, 216, 217, 236, 271, 272, 278, 337, 338, 339, 340, 341, 342, 343, 344, 345, 346, 347, 348, 350, 353, 354, 355, 373, 374]	experiments/e133_c4_iptm80_multiseed_batch02/af3/out_s0/ova_body_c4_01/seed-4_sample-0/ova_body_c4_01_seed-4_sample-0_summary_confidences.json	experiments/e133_c4_iptm80_multiseed_batch02/af3/out_s0/ova_body_c4_01/seed-4_sample-0/ova_body_c4_01_seed-4_sample-0_model.cif
ova_body_c4_01	seed-4_sample-1	4	0.83	0.86	90.35893785150557	nan	nan	0.84	0.0	6	4	1	0	181	181	0	0.8	0.79	2.625	"{""A-B"": 13, ""A-C"": 65, ""A-D"": 12, ""B-C"": 14, ""B-D"": 64, ""C-D"": 13}"	[1, 86, 90, 94, 95, 96, 97, 98, 99, 182, 184, 188, 190, 191, 192, 193, 216, 217, 236, 266, 270, 271, 272, 278, 337, 338, 339, 340, 341, 342, 343, 344, 345, 346, 347, 348, 350, 354, 373, 374]	experiments/e133_c4_iptm80_multiseed_batch02/af3/out_s0/ova_body_c4_01/seed-4_sample-1/ova_body_c4_01_seed-4_sample-1_summary_confidences.json	experiments/e133_c4_iptm80_multiseed_batch02/af3/out_s0/ova_body_c4_01/seed-4_sample-1/ova_body_c4_01_seed-4_sample-1_model.cif
ova_body_c4_01	seed-4_sample-2	4	0.82	0.85	90.50976688997733	nan	nan	0.82	0.0	6	4	1	0	203	203	0	0.78	0.78	2.67	"{""A-B"": 15, ""A-C"": 56, ""A-D"": 28, ""B-C"": 28, ""B-D"": 61, ""C-D"": 15}"	[82, 83, 86, 87, 90, 94, 95, 96, 97, 98, 99, 182, 184, 188, 190, 191, 192, 193, 216, 217, 236, 271, 272, 278, 337, 338, 339, 340, 341, 342, 343, 344, 345, 346, 347, 348, 350, 353, 354, 355, 373, 374]	experiments/e133_c4_iptm80_multiseed_batch02/af3/out_s0/ova_body_c4_01/seed-4_sample-2/ova_body_c4_01_seed-4_sample-2_summary_confidences.json	experiments/e133_c4_iptm80_multiseed_batch02/af3/out_s0/ova_body_c4_01/seed-4_sample-2/ova_body_c4_01_seed-4_sample-2_model.cif
ova_body_c4_01	seed-4_sample-3	4	0.84	0.87	90.92707242619807	nan	nan	0.85	0.0	6	4	1	0	177	177	0	0.81	0.8	2.375	"{""A-B"": 11, ""A-C"": 56, ""A-D"": 20, ""B-C"": 20, ""B-D"": 59, ""C-D"": 11}"	[83, 86, 87, 90, 94, 95, 96, 97, 98, 99, 182, 184, 188, 190, 191, 192, 193, 217, 236, 271, 272, 276, 278, 337, 338, 339, 340, 341, 342, 343, 344, 345, 346, 347, 348, 350, 353, 354, 373, 374]	experiments/e133_c4_iptm80_multiseed_batch02/af3/out_s0/ova_body_c4_01/seed-4_sample-3/ova_body_c4_01_seed-4_sample-3_summary_confidences.json	experiments/e133_c4_iptm80_multiseed_batch02/af3/out_s0/ova_body_c4_01/seed-4_sample-3/ova_body_c4_01_seed-4_sample-3_model.cif
ova_body_c4_01	seed-4_sample-4	4	0.84	0.87	90.21023328316645	nan	nan	0.85	0.0	6	4	1	0	175	175	0	0.81	0.8	2.5199999999999996	"{""A-B"": 16, ""A-C"": 62, ""A-D"": 11, ""B-C"": 11, ""B-D"": 62, ""C-D"": 13}"	[1, 2, 83, 86, 87, 90, 94, 95, 96, 97, 98, 99, 182, 184, 190, 191, 192, 193, 217, 236, 271, 272, 276, 278, 337, 338, 339, 340, 341, 342, 343, 344, 345, 346, 347, 348, 350, 354, 373, 374]	experiments/e133_c4_iptm80_multiseed_batch02/af3/out_s0/ova_body_c4_01/seed-4_sample-4/ova_body_c4_01_seed-4_sample-4_summary_confidences.json	experiments/e133_c4_iptm80_multiseed_batch02/af3/out_s0/ova_body_c4_01/seed-4_sample-4/ova_body_c4_01_seed-4_sample-4_model.cif
ova_body_c4_01	seed-5_sample-0	4	0.85	0.88	90.45044027338373	nan	nan	0.86	0.0	6	4	1	0	182	182	0	0.82	0.82	2.1950000000000003	"{""A-B"": 20, ""A-C"": 61, ""A-D"": 12, ""B-C"": 12, ""B-D"": 57, ""C-D"": 20}"	[83, 86, 87, 90, 93, 94, 95, 96, 97, 98, 99, 182, 184, 188, 190, 191, 192, 193, 217, 236, 271, 272, 276, 278, 337, 338, 339, 340, 341, 342, 343, 344, 345, 346, 347, 348, 350, 353, 354, 373, 374]	experiments/e133_c4_iptm80_multiseed_batch02/af3/out_s0/ova_body_c4_01/seed-5_sample-0/ova_body_c4_01_seed-5_sample-0_summary_confidences.json	experiments/e133_c4_iptm80_multiseed_batch02/af3/out_s0/ova_body_c4_01/seed-5_sample-0/ova_body_c4_01_seed-5_sample-0_model.cif
ova_body_c4_01	seed-5_sample-1	4	0.85	0.87	90.25559585452697	nan	nan	0.85	0.0	6	4	1	0	165	165	0	0.81	0.81	2.3099999999999996	"{""A-B"": 13, ""A-C"": 56, ""A-D"": 13, ""B-C"": 14, ""B-D"": 56, ""C-D"": 13}"	[82, 83, 86, 87, 90, 94, 95, 96, 97, 98, 99, 182, 184, 188, 190, 191, 192, 193, 217, 236, 271, 272, 276, 278, 337, 338, 339, 340, 341, 342, 344, 345, 346, 347, 348, 350, 354, 373, 374]	experiments/e133_c4_iptm80_multiseed_batch02/af3/out_s0/ova_body_c4_01/seed-5_sample-1/ova_body_c4_01_seed-5_sample-1_summary_confidences.json	experiments/e133_c4_iptm80_multiseed_batch02/af3/out_s0/ova_body_c4_01/seed-5_sample-1/ova_body_c4_01_seed-5_sample-1_model.cif
ova_body_c4_01	seed-5_sample-2	4	0.84	0.87	90.19101020338621	nan	nan	0.85	0.0	6	4	1	0	192	192	0	0.81	0.8	2.365	"{""A-B"": 17, ""A-C"": 63, ""A-D"": 16, ""B-C"": 15, ""B-D"": 64, ""C-D"": 17}"	[82, 83, 86, 87, 90, 94, 95, 96, 97, 98, 99, 182, 183, 184, 188, 190, 191, 192, 193, 216, 217, 236, 271, 272, 278, 337, 338, 339, 340, 341, 342, 343, 344, 345, 346, 347, 348, 349, 350, 353, 354, 373, 374]	experiments/e133_c4_iptm80_multiseed_batch02/af3/out_s0/ova_body_c4_01/seed-5_sample-2/ova_body_c4_01_seed-5_sample-2_summary_confidences.json	experiments/e133_c4_iptm80_multiseed_batch02/af3/out_s0/ova_body_c4_01/seed-5_sample-2/ova_body_c4_01_seed-5_sample-2_model.cif
ova_body_c4_01	seed-5_sample-3	4	0.85	0.88	90.17898967723154	nan	nan	0.86	0.0	6	4	1	0	183	183	0	0.82	0.81	2.23	"{""A-B"": 18, ""A-C"": 58, ""A-D"": 14, ""B-C"": 15, ""B-D"": 58, ""C-D"": 20}"	[82, 83, 86, 87, 90, 94, 95, 96, 97, 98, 99, 182, 184, 188, 190, 191, 192, 193, 216, 217, 236, 271, 272, 278, 337, 338, 339, 340, 341, 342, 343, 344, 345, 346, 347, 348, 350, 353, 354, 355, 373, 374]	experiments/e133_c4_iptm80_multiseed_batch02/af3/out_s0/ova_body_c4_01/seed-5_sample-3/ova_body_c4_01_seed-5_sample-3_summary_confidences.json	experiments/e133_c4_iptm80_multiseed_batch02/af3/out_s0/ova_body_c4_01/seed-5_sample-3/ova_body_c4_01_seed-5_sample-3_model.cif
ova_body_c4_01	seed-5_sample-4	4	0.85	0.87	90.32676174974195	nan	nan	0.85	0.0	6	4	1	0	180	180	0	0.81	0.81	2.275	"{""A-B"": 20, ""A-C"": 60, ""A-D"": 10, ""B-C"": 13, ""B-D"": 58, ""C-D"": 19}"	[83, 86, 87, 90, 94, 95, 96, 97, 98, 99, 182, 183, 184, 188, 190, 191, 192, 193, 217, 236, 271, 272, 276, 278, 337, 338, 339, 340, 341, 342, 343, 344, 345, 346, 347, 348, 350, 353, 354, 373, 374]	experiments/e133_c4_iptm80_multiseed_batch02/af3/out_s0/ova_body_c4_01/seed-5_sample-4/ova_body_c4_01_seed-5_sample-4_summary_confidences.json	experiments/e133_c4_iptm80_multiseed_batch02/af3/out_s0/ova_body_c4_01/seed-5_sample-4/ova_body_c4_01_seed-5_sample-4_model.cif
ova_body_c4_02	seed-2_sample-0	4	0.82	0.85	89.49230558761043	nan	nan	0.83	0.0	6	4	1	0	189	189	0	0.79	0.78	2.58	"{""A-B"": 14, ""A-C"": 51, ""A-D"": 27, ""B-C"": 31, ""B-D"": 51, ""C-D"": 15}"	[66, 82, 83, 86, 87, 90, 94, 95, 96, 97, 98, 99, 182, 184, 188, 190, 191, 192, 193, 216, 217, 236, 271, 272, 277, 278, 337, 338, 339, 340, 341, 342, 343, 344, 345, 346, 347, 348, 349, 350, 351, 354, 373, 374]	experiments/e133_c4_iptm80_multiseed_batch02/af3/out_s1/ova_body_c4_02/seed-2_sample-0/ova_body_c4_02_seed-2_sample-0_summary_confidences.json	experiments/e133_c4_iptm80_multiseed_batch02/af3/out_s1/ova_body_c4_02/seed-2_sample-0/ova_body_c4_02_seed-2_sample-0_model.cif
ova_body_c4_02	seed-2_sample-1	4	0.82	0.85	89.98287571526562	nan	nan	0.83	0.0	6	4	1	0	204	204	0	0.78	0.78	2.715	"{""A-B"": 13, ""A-C"": 59, ""A-D"": 30, ""B-C"": 29, ""B-D"": 59, ""C-D"": 14}"	[82, 83, 86, 87, 90, 94, 95, 96, 97, 98, 99, 182, 184, 190, 191, 192, 193, 216, 217, 236, 271, 272, 278, 337, 338, 339, 340, 341, 342, 343, 344, 345, 346, 347, 348, 349, 350, 351, 354, 355, 373, 374]	experiments/e133_c4_iptm80_multiseed_batch02/af3/out_s1/ova_body_c4_02/seed-2_sample-1/ova_body_c4_02_seed-2_sample-1_summary_confidences.json	experiments/e133_c4_iptm80_multiseed_batch02/af3/out_s1/ova_body_c4_02/seed-2_sample-1/ova_body_c4_02_seed-2_sample-1_model.cif
ova_body_c4_02	seed-2_sample-2	4	0.83	0.86	89.55290151012994	nan	nan	0.84	0.0	6	4	1	0	196	196	0	0.8	0.79	2.54	"{""A-B"": 20, ""A-C"": 49, ""A-D"": 26, ""B-C"": 32, ""B-D"": 49, ""C-D"": 20}"	[1, 82, 83, 86, 87, 90, 94, 95, 96, 97, 98, 99, 182, 184, 190, 191, 192, 193, 216, 217, 236, 266, 270, 271, 272, 278, 337, 338, 339, 340, 341, 342, 343, 344, 345, 346, 347, 348, 349, 350, 353, 354, 355, 373, 374]	experiments/e133_c4_iptm80_multiseed_batch02/af3/out_s1/ova_body_c4_02/seed-2_sample-2/ova_body_c4_02_seed-2_sample-2_summary_confidences.json	experiments/e133_c4_iptm80_multiseed_batch02/af3/out_s1/ova_body_c4_02/seed-2_sample-2/ova_body_c4_02_seed-2_sample-2_model.cif
ova_body_c4_02	seed-2_sample-3	4	0.83	0.86	89.7071501677518	nan	nan	0.84	0.0	6	4	1	0	193	193	0	0.8	0.79	2.53	"{""A-B"": 16, ""A-C"": 49, ""A-D"": 32, ""B-C"": 31, ""B-D"": 49, ""C-D"": 16}"	[82, 83, 86, 87, 90, 94, 95, 96, 97, 98, 99, 182, 184, 190, 191, 192, 193, 216, 217, 236, 271, 272, 278, 337, 338, 339, 340, 341, 342, 343, 344, 345, 346, 347, 348, 349, 350, 353, 354, 355, 373, 374]	experiments/e133_c4_iptm80_multiseed_batch02/af3/out_s1/ova_body_c4_02/seed-2_sample-3/ova_body_c4_02_seed-2_sample-3_summary_confidences.json	experiments/e133_c4_iptm80_multiseed_batch02/af3/out_s1/ova_body_c4_02/seed-2_sample-3/ova_body_c4_02_seed-2_sample-3_model.cif
ova_body_c4_02	seed-2_sample-4	4	0.83	0.86	89.4148705141532	nan	nan	0.84	0.0	6	4	1	0	181	181	0	0.79	0.79	2.55	"{""A-B"": 14, ""A-C"": 59, ""A-D"": 17, ""B-C"": 17, ""B-D"": 60, ""C-D"": 14}"	[82, 83, 86, 87, 90, 94, 95, 96, 97, 98, 99, 182, 184, 188, 190, 191, 192, 193, 216, 217, 236, 271, 272, 278, 337, 338, 339, 340, 341, 342, 343, 344, 345, 346, 347, 348, 350, 353, 354, 373, 374]	experiments/e133_c4_iptm80_multiseed_batch02/af3/out_s1/ova_body_c4_02/seed-2_sample-4/ova_body_c4_02_seed-2_sample-4_summary_confidences.json	experiments/e133_c4_iptm80_multiseed_batch02/af3/out_s1/ova_body_c4_02/seed-2_sample-4/ova_body_c4_02_seed-2_sample-4_model.cif
ova_body_c4_02	seed-3_sample-0	4	0.82	0.85	89.53370452050719	nan	nan	0.83	0.0	6	4	1	0	185	185	0	0.78	0.77	2.95	"{""A-B"": 14, ""A-C"": 50, ""A-D"": 30, ""B-C"": 29, ""B-D"": 48, ""C-D"": 14}"	[82, 83, 86, 87, 90, 94, 95, 96, 97, 98, 99, 182, 184, 190, 191, 192, 193, 216, 217, 236, 271, 272, 276, 277, 278, 337, 338, 339, 340, 341, 342, 343, 344, 345, 346, 347, 348, 349, 350, 354, 373, 374]	experiments/e133_c4_iptm80_multiseed_batch02/af3/out_s1/ova_body_c4_02/seed-3_sample-0/ova_body_c4_02_seed-3_sample-0_summary_confidences.json	experiments/e133_c4_iptm80_multiseed_batch02/af3/out_s1/ova_body_c4_02/seed-3_sample-0/ova_body_c4_02_seed-3_sample-0_model.cif
ova_body_c4_02	seed-3_sample-1	4	0.83	0.86	89.8948705208734	nan	nan	0.83	0.0	6	4	1	0	213	213	0	0.79	0.78	2.705	"{""A-B"": 14, ""A-C"": 65, ""A-D"": 28, ""B-C"": 28, ""B-D"": 65, ""C-D"": 13}"	[83, 86, 87, 90, 94, 95, 96, 97, 98, 99, 182, 184, 190, 191, 192, 193, 216, 217, 236, 237, 271, 272, 276, 277, 278, 337, 338, 339, 340, 341, 342, 343, 344, 345, 346, 347, 348, 349, 350, 351, 354, 373, 374]	experiments/e133_c4_iptm80_multiseed_batch02/af3/out_s1/ova_body_c4_02/seed-3_sample-1/ova_body_c4_02_seed-3_sample-1_summary_confidences.json	experiments/e133_c4_iptm80_multiseed_batch02/af3/out_s1/ova_body_c4_02/seed-3_sample-1/ova_body_c4_02_seed-3_sample-1_model.cif
ova_body_c4_02	seed-3_sample-2	4	0.81	0.85	90.13119172802861	nan	nan	0.82	0.0	6	4	1	0	199	199	0	0.78	0.77	2.96	"{""A-B"": 13, ""A-C"": 61, ""A-D"": 27, ""B-C"": 27, ""B-D"": 59, ""C-D"": 12}"	[1, 86, 87, 90, 94, 95, 96, 97, 98, 99, 182, 184, 188, 190, 191, 192, 193, 216, 217, 236, 271, 272, 276, 277, 278, 337, 338, 339, 340, 341, 342, 343, 344, 345, 346, 347, 348, 349, 350, 351, 354, 373, 374]	experiments/e133_c4_iptm80_multiseed_batch02/af3/out_s1/ova_body_c4_02/seed-3_sample-2/ova_body_c4_02_seed-3_sample-2_summary_confidences.json	experiments/e133_c4_iptm80_multiseed_batch02/af3/out_s1/ova_body_c4_02/seed-3_sample-2/ova_body_c4_02_seed-3_sample-2_model.cif
ova_body_c4_02	seed-3_sample-3	4	0.82	0.85	90.17862691533381	nan	nan	0.82	0.0	6	4	1	0	200	200	0	0.78	0.77	2.87	"{""A-B"": 8, ""A-C"": 63, ""A-D"": 29, ""B-C"": 29, ""B-D"": 63, ""C-D"": 8}"	[86, 90, 94, 95, 96, 97, 98, 99, 182, 184, 190, 191, 192, 193, 216, 217, 236, 237, 271, 272, 276, 277, 278, 337, 338, 339, 340, 341, 342, 343, 344, 345, 346, 347, 348, 349, 350, 351, 354, 373, 374]	experiments/e133_c4_iptm80_multiseed_batch02/af3/out_s1/ova_body_c4_02/seed-3_sample-3/ova_body_c4_02_seed-3_sample-3_summary_confidences.json	experiments/e133_c4_iptm80_multiseed_batch02/af3/out_s1/ova_body_c4_02/seed-3_sample-3/ova_body_c4_02_seed-3_sample-3_model.cif
ova_body_c4_02	seed-3_sample-4	4	0.81	0.85	90.13051804853845	nan	nan	0.82	0.0	6	4	1	0	199	199	0	0.78	0.77	2.9050000000000002	"{""A-B"": 10, ""A-C"": 57, ""A-D"": 33, ""B-C"": 31, ""B-D"": 56, ""C-D"": 12}"	[86, 87, 90, 95, 96, 97, 98, 99, 182, 184, 188, 190, 191, 192, 193, 216, 217, 236, 271, 272, 276, 277, 278, 337, 338, 339, 340, 341, 342, 343, 344, 345, 346, 347, 348, 349, 350, 351, 354, 373, 374]	experiments/e133_c4_iptm80_multiseed_batch02/af3/out_s1/ova_body_c4_02/seed-3_sample-4/ova_body_c4_02_seed-3_sample-4_summary_confidences.json	experiments/e133_c4_iptm80_multiseed_batch02/af3/out_s1/ova_body_c4_02/seed-3_sample-4/ova_body_c4_02_seed-3_sample-4_model.cif
ova_body_c4_02	seed-4_sample-0	4	0.82	0.85	89.01870458731379	nan	nan	0.83	0.0	6	4	1	0	200	200	0	0.78	0.775	2.625	"{""A-B"": 22, ""A-C"": 54, ""A-D"": 23, ""B-C"": 23, ""B-D"": 52, ""C-D"": 26}"	[82, 83, 86, 90, 93, 94, 95, 96, 97, 98, 99, 182, 184, 188, 190, 191, 192, 193, 215, 216, 217, 234, 236, 238, 271, 272, 276, 278, 337, 338, 339, 340, 341, 342, 343, 344, 345, 346, 347, 348, 350, 353, 354, 355, 373, 374]	experiments/e133_c4_iptm80_multiseed_batch02/af3/out_s1/ova_body_c4_02/seed-4_sample-0/ova_body_c4_02_seed-4_sample-0_summary_confidences.json	experiments/e133_c4_iptm80_multiseed_batch02/af3/out_s1/ova_body_c4_02/seed-4_sample-0/ova_body_c4_02_seed-4_sample-0_model.cif
ova_body_c4_02	seed-4_sample-1	4	0.83	0.86	89.32588088080055	nan	nan	0.84	0.0	6	4	1	0	172	172	0	0.8	0.79	2.5949999999999998	"{""A-B"": 14, ""A-C"": 55, ""A-D"": 18, ""B-C"": 18, ""B-D"": 53, ""C-D"": 14}"	[82, 83, 86, 87, 90, 94, 95, 96, 97, 98, 99, 182, 184, 188, 190, 191, 192, 193, 216, 217, 236, 271, 272, 278, 337, 338, 339, 340, 341, 342, 343, 344, 345, 346, 347, 350, 353, 354, 373, 374]	experiments/e133_c4_iptm80_multiseed_batch02/af3/out_s1/ova_body_c4_02/seed-4_sample-1/ova_body_c4_02_seed-4_sample-1_summary_confidences.json	experiments/e133_c4_iptm80_multiseed_batch02/af3/out_s1/ova_body_c4_02/seed-4_sample-1/ova_body_c4_02_seed-4_sample-1_model.cif
ova_body_c4_02	seed-4_sample-2	4	0.82	0.85	89.72186527351023	nan	nan	0.83	0.0	6	4	1	0	191	191	0	0.79	0.78	2.59	"{""A-B"": 19, ""A-C"": 54, ""A-D"": 22, ""B-C"": 22, ""B-D"": 55, ""C-D"": 19}"	[83, 86, 87, 90, 93, 94, 95, 96, 97, 98, 99, 182, 184, 190, 191, 192, 193, 216, 217, 236, 271, 272, 276, 278, 337, 338, 339, 340, 341, 342, 343, 344, 345, 346, 347, 348, 350, 353, 354, 355, 373, 374]	experiments/e133_c4_iptm80_multiseed_batch02/af3/out_s1/ova_body_c4_02/seed-4_sample-2/ova_body_c4_02_seed-4_sample-2_summary_confidences.json	experiments/e133_c4_iptm80_multiseed_batch02/af3/out_s1/ova_body_c4_02/seed-4_sample-2/ova_body_c4_02_seed-4_sample-2_model.cif
ova_body_c4_02	seed-4_sample-3	4	0.82	0.85	89.75326426412157	nan	nan	0.83	0.0	6	4	1	0	180	180	0	0.78	0.78	2.64	"{""A-B"": 15, ""A-C"": 56, ""A-D"": 20, ""B-C"": 19, ""B-D"": 58, ""C-D"": 12}"	[83, 86, 87, 90, 94, 95, 96, 97, 98, 99, 182, 184, 188, 190, 191, 192, 193, 216, 217, 236, 271, 272, 275, 278, 337, 338, 339, 340, 341, 342, 343, 344, 345, 346, 347, 348, 349, 350, 353, 354, 373, 374]	experiments/e133_c4_iptm80_multiseed_batch02/af3/out_s1/ova_body_c4_02/seed-4_sample-3/ova_body_c4_02_seed-4_sample-3_summary_confidences.json	experiments/e133_c4_iptm80_multiseed_batch02/af3/out_s1/ova_body_c4_02/seed-4_sample-3/ova_body_c4_02_seed-4_sample-3_model.cif
ova_body_c4_02	seed-4_sample-4	4	0.82	0.85	89.82826414750647	nan	nan	0.83	0.0	6	4	1	0	179	179	0	0.78	0.78	2.6	"{""A-B"": 15, ""A-C"": 58, ""A-D"": 16, ""B-C"": 16, ""B-D"": 59, ""C-D"": 15}"	[83, 86, 87, 90, 93, 94, 95, 96, 97, 98, 99, 182, 184, 188, 190, 191, 192, 193, 216, 217, 236, 271, 272, 275, 276, 278, 337, 338, 339, 340, 341, 342, 343, 344, 345, 346, 347, 348, 349, 350, 354, 373, 374]	experiments/e133_c4_iptm80_multiseed_batch02/af3/out_s1/ova_body_c4_02/seed-4_sample-4/ova_body_c4_02_seed-4_sample-4_summary_confidences.json	experiments/e133_c4_iptm80_multiseed_batch02/af3/out_s1/ova_body_c4_02/seed-4_sample-4/ova_body_c4_02_seed-4_sample-4_model.cif
ova_body_c4_02	seed-5_sample-0	4	0.82	0.86	90.06303113235711	nan	nan	0.83	0.0	6	4	1	0	188	188	0	0.79	0.78	2.715	"{""A-B"": 8, ""A-C"": 55, ""A-D"": 31, ""B-C"": 30, ""B-D"": 56, ""C-D"": 8}"	[86, 90, 94, 95, 96, 97, 98, 99, 182, 184, 188, 190, 191, 192, 193, 216, 217, 236, 271, 272, 276, 277, 278, 337, 338, 339, 340, 341, 342, 343, 344, 345, 346, 347, 348, 349, 350, 351, 354, 373, 374]	experiments/e133_c4_iptm80_multiseed_batch02/af3/out_s1/ova_body_c4_02/seed-5_sample-0/ova_body_c4_02_seed-5_sample-0_summary_confidences.json	experiments/e133_c4_iptm80_multiseed_batch02/af3/out_s1/ova_body_c4_02/seed-5_sample-0/ova_body_c4_02_seed-5_sample-0_model.cif
ova_body_c4_02	seed-5_sample-1	4	0.81	0.85	89.6966062852138	nan	nan	0.82	0.0	6	4	1	0	192	192	0	0.77	0.77	2.75	"{""A-B"": 12, ""A-C"": 55, ""A-D"": 29, ""B-C"": 29, ""B-D"": 55, ""C-D"": 12}"	[86, 87, 90, 94, 95, 96, 97, 98, 99, 182, 184, 190, 191, 192, 193, 216, 217, 236, 271, 272, 276, 277, 278, 337, 338, 339, 340, 342, 343, 344, 345, 346, 347, 348, 349, 350, 354, 373, 374]	experiments/e133_c4_iptm80_multiseed_batch02/af3/out_s1/ova_body_c4_02/seed-5_sample-1/ova_body_c4_02_seed-5_sample-1_summary_confidences.json	experiments/e133_c4_iptm80_multiseed_batch02/af3/out_s1/ova_body_c4_02/seed-5_sample-1/ova_body_c4_02_seed-5_sample-1_model.cif
ova_body_c4_02	seed-5_sample-2	4	0.83	0.86	89.7731347652297	nan	nan	0.84	0.0	6	4	1	0	214	214	0	0.8	0.79	2.625	"{""A-B"": 20, ""A-C"": 62, ""A-D"": 26, ""B-C"": 26, ""B-D"": 62, ""C-D"": 18}"	[1, 2, 82, 83, 86, 90, 95, 96, 97, 98, 99, 182, 184, 190, 191, 192, 193, 216, 217, 236, 237, 266, 270, 271, 272, 276, 277, 278, 337, 338, 339, 340, 341, 342, 343, 344, 345, 346, 347, 348, 349, 350, 351, 354, 373, 374, 375]	experiments/e133_c4_iptm80_multiseed_batch02/af3/out_s1/ova_body_c4_02/seed-5_sample-2/ova_body_c4_02_seed-5_sample-2_summary_confidences.json	experiments/e133_c4_iptm80_multiseed_batch02/af3/out_s1/ova_body_c4_02/seed-5_sample-2/ova_body_c4_02_seed-5_sample-2_model.cif
ova_body_c4_02	seed-5_sample-3	4	0.82	0.85	90.03569961705973	nan	nan	0.83	0.0	6	4	1	0	176	176	0	0.78	0.78	2.685	"{""A-B"": 8, ""A-C"": 51, ""A-D"": 30, ""B-C"": 29, ""B-D"": 50, ""C-D"": 8}"	[86, 90, 94, 95, 96, 97, 98, 99, 182, 184, 190, 191, 192, 193, 216, 217, 236, 271, 272, 277, 278, 337, 338, 339, 340, 342, 343, 344, 345, 346, 347, 348, 349, 350, 351, 354, 373, 374]	experiments/e133_c4_iptm80_multiseed_batch02/af3/out_s1/ova_body_c4_02/seed-5_sample-3/ova_body_c4_02_seed-5_sample-3_summary_confidences.json	experiments/e133_c4_iptm80_multiseed_batch02/af3/out_s1/ova_body_c4_02/seed-5_sample-3/ova_body_c4_02_seed-5_sample-3_model.cif
ova_body_c4_02	seed-5_sample-4	4	0.81	0.84	89.62199475975234	nan	nan	0.81	0.0	6	4	1	0	197	197	0	0.77	0.77	2.81	"{""A-B"": 12, ""A-C"": 59, ""A-D"": 28, ""B-C"": 27, ""B-D"": 59, ""C-D"": 12}"	[82, 83, 86, 90, 94, 95, 96, 97, 98, 99, 182, 184, 190, 191, 192, 193, 216, 217, 236, 271, 272, 278, 337, 338, 339, 340, 341, 342, 343, 344, 345, 346, 347, 348, 349, 350, 351, 354, 373, 374]	experiments/e133_c4_iptm80_multiseed_batch02/af3/out_s1/ova_body_c4_02/seed-5_sample-4/ova_body_c4_02_seed-5_sample-4_summary_confidences.json	experiments/e133_c4_iptm80_multiseed_batch02/af3/out_s1/ova_body_c4_02/seed-5_sample-4/ova_body_c4_02_seed-5_sample-4_model.cif
ova_body_c4_03	seed-2_sample-0	4	0.27	0.44	85.68069944233474	nan	nan	0.31	0.0	4	4	1	0	328	328	0	0.35	0.245	20.03	"{""A-B"": 116, ""A-C"": 1, ""A-D"": 47, ""B-C"": 48, ""B-D"": 1, ""C-D"": 115}"	[1, 2, 3, 4, 5, 6, 63, 64, 65, 68, 69, 70, 71, 72, 73, 78, 79, 82, 83, 86, 90, 94, 95, 110, 123, 124, 125, 127, 128, 129, 131, 132, 133, 134, 137, 138, 141, 142, 144, 145, 148, 149, 152, 156, 217, 219, 234, 238, 239, 241, 266, 271, 274, 275, 276, 277, 278, 345, 346, 347, 349, 350, 351, 354, 355, 372, 373, 375]	experiments/e133_c4_iptm80_multiseed_batch02/af3/out_s2/ova_body_c4_03/seed-2_sample-0/ova_body_c4_03_seed-2_sample-0_summary_confidences.json	experiments/e133_c4_iptm80_multiseed_batch02/af3/out_s2/ova_body_c4_03/seed-2_sample-0/ova_body_c4_03_seed-2_sample-0_model.cif
ova_body_c4_03	seed-2_sample-1	4	0.29	0.45	85.94883421665646	nan	nan	0.32	0.0	4	4	1	0	298	298	0	0.38	0.27	18.44	"{""A-B"": 123, ""A-C"": 27, ""A-D"": 0, ""B-C"": 0, ""B-D"": 21, ""C-D"": 127}"	[1, 2, 3, 4, 64, 65, 68, 70, 72, 73, 74, 78, 79, 82, 83, 86, 89, 90, 94, 95, 96, 97, 124, 125, 145, 148, 149, 152, 155, 182, 186, 187, 191, 192, 194, 216, 217, 234, 237, 238, 239, 241, 266, 270, 271, 275, 276, 277, 278, 336, 337, 338, 341, 344, 345, 346, 347, 349, 350, 351, 354, 355, 372, 373, 375]	experiments/e133_c4_iptm80_multiseed_batch02/af3/out_s2/ova_body_c4_03/seed-2_sample-1/ova_body_c4_03_seed-2_sample-1_summary_confidences.json	experiments/e133_c4_iptm80_multiseed_batch02/af3/out_s2/ova_body_c4_03/seed-2_sample-1/ova_body_c4_03_seed-2_sample-1_model.cif
ova_body_c4_03	seed-2_sample-2	4	0.28	0.45	85.8960880417898	nan	nan	0.32	0.0	4	4	1	0	307	307	0	0.37	0.265	18.78	"{""A-B"": 127, ""A-C"": 26, ""A-D"": 0, ""B-C"": 0, ""B-D"": 23, ""C-D"": 131}"	[1, 2, 3, 4, 64, 65, 68, 69, 70, 71, 72, 73, 74, 78, 79, 82, 83, 86, 89, 90, 93, 94, 95, 96, 97, 124, 125, 145, 148, 149, 152, 155, 156, 182, 186, 191, 192, 194, 210, 217, 219, 234, 237, 238, 239, 241, 266, 270, 271, 275, 276, 277, 278, 334, 336, 337, 338, 341, 344, 346, 347, 349, 350, 351, 354, 355, 372, 373, 375]	experiments/e133_c4_iptm80_multiseed_batch02/af3/out_s2/ova_body_c4_03/seed-2_sample-2/ova_body_c4_03_seed-2_sample-2_summary_confidences.json	experiments/e133_c4_iptm80_multiseed_batch02/af3/out_s2/ova_body_c4_03/seed-2_sample-2/ova_body_c4_03_seed-2_sample-2_model.cif
ova_body_c4_03	seed-2_sample-3	4	0.29	0.45	85.85272001355423	nan	nan	0.32	0.0	6	4	1	0	385	385	0	0.36	0.16	22.225	"{""A-B"": 132, ""A-C"": 12, ""A-D"": 48, ""B-C"": 44, ""B-D"": 13, ""C-D"": 136}"	[1, 2, 3, 4, 64, 65, 68, 69, 70, 71, 72, 73, 74, 78, 79, 81, 82, 83, 86, 89, 90, 93, 94, 95, 96, 110, 113, 114, 116, 117, 119, 120, 123, 124, 125, 131, 132, 133, 134, 138, 141, 142, 145, 148, 149, 151, 152, 155, 186, 216, 217, 219, 234, 237, 238, 239, 241, 266, 270, 271, 272, 275, 276, 277, 278, 341, 342, 344, 345, 346, 347, 349, 350, 351, 354, 355, 372, 373, 375]	experiments/e133_c4_iptm80_multiseed_batch02/af3/out_s2/ova_body_c4_03/seed-2_sample-3/ova_body_c4_03_seed-2_sample-3_summary_confidences.json	experiments/e133_c4_iptm80_multiseed_batch02/af3/out_s2/ova_body_c4_03/seed-2_sample-3/ova_body_c4_03_seed-2_sample-3_model.cif
ova_body_c4_03	seed-2_sample-4	4	0.28	0.45	85.79681348059462	nan	nan	0.32	0.0	4	4	1	0	357	357	0	0.36	0.26	19.22	"{""A-B"": 133, ""A-C"": 46, ""A-D"": 0, ""B-C"": 0, ""B-D"": 46, ""C-D"": 132}"	[1, 2, 3, 4, 64, 65, 68, 69, 70, 72, 73, 74, 78, 79, 81, 82, 83, 86, 89, 90, 93, 94, 95, 96, 97, 124, 125, 131, 145, 148, 149, 152, 153, 155, 156, 182, 184, 186, 191, 192, 194, 210, 216, 217, 219, 234, 237, 238, 239, 241, 266, 270, 271, 272, 275, 276, 277, 278, 334, 336, 337, 338, 340, 341, 344, 345, 346, 347, 349, 350, 351, 354, 355, 372, 373, 375]	experiments/e133_c4_iptm80_multiseed_batch02/af3/out_s2/ova_body_c4_03/seed-2_sample-4/ova_body_c4_03_seed-2_sample-4_summary_confidences.json	experiments/e133_c4_iptm80_multiseed_batch02/af3/out_s2/ova_body_c4_03/seed-2_sample-4/ova_body_c4_03_seed-2_sample-4_model.cif
ova_body_c4_03	seed-3_sample-0	4	0.82	0.86	89.34634735423666	nan	nan	0.83	0.0	6	4	1	0	228	228	0	0.79	0.77	2.88	"{""A-B"": 14, ""A-C"": 60, ""A-D"": 41, ""B-C"": 42, ""B-D"": 57, ""C-D"": 14}"	[82, 83, 86, 87, 90, 94, 95, 96, 97, 98, 99, 182, 184, 190, 191, 192, 193, 215, 216, 217, 236, 237, 271, 272, 276, 278, 337, 338, 339, 340, 342, 343, 344, 345, 346, 347, 348, 349, 350, 352, 353, 354, 355, 373, 374]	experiments/e133_c4_iptm80_multiseed_batch02/af3/out_s2/ova_body_c4_03/seed-3_sample-0/ova_body_c4_03_seed-3_sample-0_summary_confidences.json	experiments/e133_c4_iptm80_multiseed_batch02/af3/out_s2/ova_body_c4_03/seed-3_sample-0/ova_body_c4_03_seed-3_sample-0_model.cif
ova_body_c4_03	seed-3_sample-1	4	0.83	0.86	89.62981844689561	nan	nan	0.84	0.0	6	4	1	0	219	219	0	0.79	0.78	2.7	"{""A-B"": 14, ""A-C"": 56, ""A-D"": 39, ""B-C"": 39, ""B-D"": 57, ""C-D"": 14}"	[82, 83, 86, 87, 90, 95, 96, 97, 98, 99, 182, 183, 184, 188, 190, 191, 192, 193, 215, 216, 217, 236, 271, 272, 278, 337, 338, 339, 340, 342, 343, 344, 345, 346, 347, 348, 349, 350, 352, 353, 354, 355, 373, 374]	experiments/e133_c4_iptm80_multiseed_batch02/af3/out_s2/ova_body_c4_03/seed-3_sample-1/ova_body_c4_03_seed-3_sample-1_summary_confidences.json	experiments/e133_c4_iptm80_multiseed_batch02/af3/out_s2/ova_body_c4_03/seed-3_sample-1/ova_body_c4_03_seed-3_sample-1_model.cif
ova_body_c4_03	seed-3_sample-2	4	0.82	0.85	89.9724872569346	nan	nan	0.83	0.0	6	4	1	0	221	221	0	0.78	0.775	2.76	"{""A-B"": 14, ""A-C"": 56, ""A-D"": 41, ""B-C"": 42, ""B-D"": 54, ""C-D"": 14}"	[82, 83, 86, 87, 90, 95, 96, 97, 98, 99, 182, 184, 190, 191, 192, 193, 215, 216, 217, 236, 271, 272, 278, 337, 338, 339, 340, 342, 343, 344, 345, 346, 347, 348, 349, 350, 352, 353, 354, 355, 373, 374]	experiments/e133_c4_iptm80_multiseed_batch02/af3/out_s2/ova_body_c4_03/seed-3_sample-2/ova_body_c4_03_seed-3_sample-2_summary_confidences.json	experiments/e133_c4_iptm80_multiseed_batch02/af3/out_s2/ova_body_c4_03/seed-3_sample-2/ova_body_c4_03_seed-3_sample-2_model.cif
ova_body_c4_03	seed-3_sample-3	4	0.83	0.86	90.08582894913273	nan	nan	0.83	0.0	6	4	1	0	226	226	0	0.79	0.785	2.755	"{""A-B"": 12, ""A-C"": 63, ""A-D"": 37, ""B-C"": 39, ""B-D"": 63, ""C-D"": 12}"	[82, 83, 86, 90, 94, 95, 96, 97, 98, 99, 182, 183, 184, 190, 191, 192, 193, 215, 216, 217, 236, 271, 272, 278, 337, 338, 339, 340, 342, 343, 344, 345, 346, 347, 348, 349, 350, 352, 353, 354, 355, 373, 374]	experiments/e133_c4_iptm80_multiseed_batch02/af3/out_s2/ova_body_c4_03/seed-3_sample-3/ova_body_c4_03_seed-3_sample-3_summary_confidences.json	experiments/e133_c4_iptm80_multiseed_batch02/af3/out_s2/ova_body_c4_03/seed-3_sample-3/ova_body_c4_03_seed-3_sample-3_model.cif
ova_body_c4_03	seed-3_sample-4	4	0.82	0.85	89.53292737970698	nan	nan	0.83	0.0	6	4	1	0	224	224	0	0.78	0.78	2.785	"{""A-B"": 14, ""A-C"": 56, ""A-D"": 42, ""B-C"": 42, ""B-D"": 56, ""C-D"": 14}"	[82, 83, 86, 87, 90, 95, 96, 97, 98, 99, 182, 184, 190, 191, 192, 193, 215, 216, 217, 236, 271, 272, 278, 337, 338, 339, 340, 342, 343, 344, 345, 346, 347, 348, 349, 350, 352, 353, 354, 355, 373, 374]	experiments/e133_c4_iptm80_multiseed_batch02/af3/out_s2/ova_body_c4_03/seed-3_sample-4/ova_body_c4_03_seed-3_sample-4_summary_confidences.json	experiments/e133_c4_iptm80_multiseed_batch02/af3/out_s2/ova_body_c4_03/seed-3_sample-4/ova_body_c4_03_seed-3_sample-4_model.cif
ova_body_c4_03	seed-4_sample-0	4	0.81	0.84	89.30645084875235	nan	nan	0.82	0.0	6	4	1	0	246	246	0	0.77	0.765	2.965	"{""A-B"": 14, ""A-C"": 54, ""A-D"": 52, ""B-C"": 53, ""B-D"": 54, ""C-D"": 19}"	[82, 83, 86, 87, 90, 93, 95, 96, 97, 98, 99, 182, 184, 187, 190, 191, 192, 193, 215, 216, 217, 236, 238, 271, 272, 276, 278, 337, 338, 339, 340, 341, 342, 343, 344, 345, 346, 347, 348, 349, 350, 352, 353, 354, 355, 373, 374]	experiments/e133_c4_iptm80_multiseed_batch02/af3/out_s2/ova_body_c4_03/seed-4_sample-0/ova_body_c4_03_seed-4_sample-0_summary_confidences.json	experiments/e133_c4_iptm80_multiseed_batch02/af3/out_s2/ova_body_c4_03/seed-4_sample-0/ova_body_c4_03_seed-4_sample-0_model.cif
ova_body_c4_03	seed-4_sample-1	4	0.82	0.85	90.16375646442947	nan	nan	0.83	0.0	6	4	1	0	222	222	0	0.78	0.77	2.885	"{""A-B"": 11, ""A-C"": 52, ""A-D"": 48, ""B-C"": 48, ""B-D"": 51, ""C-D"": 12}"	[82, 83, 86, 87, 90, 95, 96, 97, 98, 99, 182, 184, 190, 191, 192, 193, 215, 216, 217, 236, 271, 272, 278, 337, 338, 339, 340, 342, 343, 344, 345, 346, 347, 348, 349, 350, 352, 353, 354, 355, 373, 374]	experiments/e133_c4_iptm80_multiseed_batch02/af3/out_s2/ova_body_c4_03/seed-4_sample-1/ova_body_c4_03_seed-4_sample-1_summary_confidences.json	experiments/e133_c4_iptm80_multiseed_batch02/af3/out_s2/ova_body_c4_03/seed-4_sample-1/ova_body_c4_03_seed-4_sample-1_model.cif
ova_body_c4_03	seed-4_sample-2	4	0.81	0.85	89.98051827188601	nan	nan	0.82	0.0	6	4	1	0	240	240	0	0.78	0.77	2.895	"{""A-B"": 14, ""A-C"": 59, ""A-D"": 46, ""B-C"": 48, ""B-D"": 60, ""C-D"": 13}"	[83, 86, 87, 90, 94, 95, 96, 97, 98, 99, 182, 184, 190, 191, 192, 193, 215, 216, 217, 236, 271, 272, 278, 337, 338, 339, 340, 342, 343, 344, 345, 346, 347, 348, 349, 350, 352, 353, 354, 355, 373, 374]	experiments/e133_c4_iptm80_multiseed_batch02/af3/out_s2/ova_body_c4_03/seed-4_sample-2/ova_body_c4_03_seed-4_sample-2_summary_confidences.json	experiments/e133_c4_iptm80_multiseed_batch02/af3/out_s2/ova_body_c4_03/seed-4_sample-2/ova_body_c4_03_seed-4_sample-2_model.cif
ova_body_c4_03	seed-4_sample-3	4	0.81	0.84	89.94634682650393	nan	nan	0.82	0.0	6	4	1	0	224	224	0	0.77	0.77	2.935	"{""A-B"": 11, ""A-C"": 61, ""A-D"": 40, ""B-C"": 40, ""B-D"": 61, ""C-D"": 11}"	[83, 86, 87, 90, 95, 96, 97, 98, 99, 182, 184, 190, 191, 192, 193, 215, 216, 217, 236, 271, 272, 278, 337, 338, 339, 340, 342, 343, 344, 345, 346, 347, 348, 349, 350, 352, 353, 354, 355, 373, 374]	experiments/e133_c4_iptm80_multiseed_batch02/af3/out_s2/ova_body_c4_03/seed-4_sample-3/ova_body_c4_03_seed-4_sample-3_summary_confidences.json	experiments/e133_c4_iptm80_multiseed_batch02/af3/out_s2/ova_body_c4_03/seed-4_sample-3/ova_body_c4_03_seed-4_sample-3_model.cif
ova_body_c4_03	seed-4_sample-4	4	0.81	0.84	89.99917106430765	nan	nan	0.82	0.0	6	4	1	0	226	226	0	0.77	0.76	2.955	"{""A-B"": 12, ""A-C"": 60, ""A-D"": 41, ""B-C"": 42, ""B-D"": 60, ""C-D"": 11}"	[82, 83, 86, 87, 90, 94, 95, 96, 97, 98, 99, 182, 184, 190, 191, 192, 193, 215, 216, 217, 236, 271, 272, 278, 337, 338, 339, 340, 342, 343, 344, 345, 346, 347, 348, 349, 350, 352, 353, 354, 355, 373, 374]	experiments/e133_c4_iptm80_multiseed_batch02/af3/out_s2/ova_body_c4_03/seed-4_sample-4/ova_body_c4_03_seed-4_sample-4_summary_confidences.json	experiments/e133_c4_iptm80_multiseed_batch02/af3/out_s2/ova_body_c4_03/seed-4_sample-4/ova_body_c4_03_seed-4_sample-4_model.cif
ova_body_c4_03	seed-5_sample-0	4	0.8	0.84	89.85450755499805	nan	nan	0.81	0.0	6	4	1	0	191	191	0	0.76	0.75	3.13	"{""A-B"": 8, ""A-C"": 56, ""A-D"": 31, ""B-C"": 31, ""B-D"": 57, ""C-D"": 8}"	[86, 90, 95, 96, 97, 98, 99, 182, 184, 188, 190, 191, 192, 193, 216, 217, 236, 271, 272, 276, 277, 278, 337, 338, 339, 340, 341, 342, 343, 344, 345, 346, 347, 348, 349, 350, 351, 354, 373, 374]	experiments/e133_c4_iptm80_multiseed_batch02/af3/out_s2/ova_body_c4_03/seed-5_sample-0/ova_body_c4_03_seed-5_sample-0_summary_confidences.json	experiments/e133_c4_iptm80_multiseed_batch02/af3/out_s2/ova_body_c4_03/seed-5_sample-0/ova_body_c4_03_seed-5_sample-0_model.cif
ova_body_c4_03	seed-5_sample-1	4	0.78	0.82	89.49461155234223	nan	nan	0.79	0.0	6	4	1	0	194	194	0	0.74	0.74	3.24	"{""A-B"": 10, ""A-C"": 56, ""A-D"": 31, ""B-C"": 30, ""B-D"": 57, ""C-D"": 10}"	[86, 87, 90, 95, 96, 97, 98, 99, 182, 184, 190, 191, 192, 193, 216, 217, 236, 271, 272, 278, 337, 338, 339, 340, 341, 342, 343, 344, 345, 346, 347, 348, 349, 350, 352, 353, 354, 373, 374]	experiments/e133_c4_iptm80_multiseed_batch02/af3/out_s2/ova_body_c4_03/seed-5_sample-1/ova_body_c4_03_seed-5_sample-1_summary_confidences.json	experiments/e133_c4_iptm80_multiseed_batch02/af3/out_s2/ova_body_c4_03/seed-5_sample-1/ova_body_c4_03_seed-5_sample-1_model.cif
ova_body_c4_03	seed-5_sample-2	4	0.8	0.84	89.37111392045885	nan	nan	0.81	0.0	6	4	1	0	178	178	0	0.76	0.75	3.15	"{""A-B"": 12, ""A-C"": 55, ""A-D"": 21, ""B-C"": 22, ""B-D"": 56, ""C-D"": 12}"	[82, 83, 86, 90, 95, 96, 97, 98, 99, 182, 184, 190, 191, 192, 193, 216, 217, 236, 271, 272, 276, 277, 278, 337, 338, 339, 340, 341, 342, 343, 344, 345, 346, 347, 348, 349, 350, 351, 354, 373, 374]	experiments/e133_c4_iptm80_multiseed_batch02/af3/out_s2/ova_body_c4_03/seed-5_sample-2/ova_body_c4_03_seed-5_sample-2_summary_confidences.json	experiments/e133_c4_iptm80_multiseed_batch02/af3/out_s2/ova_body_c4_03/seed-5_sample-2/ova_body_c4_03_seed-5_sample-2_model.cif
ova_body_c4_03	seed-5_sample-3	4	0.8	0.84	89.92235759873465	nan	nan	0.81	0.0	6	4	1	0	199	199	0	0.76	0.755	3.18	"{""A-B"": 10, ""A-C"": 55, ""A-D"": 36, ""B-C"": 33, ""B-D"": 56, ""C-D"": 9}"	[86, 87, 90, 95, 96, 97, 98, 99, 182, 184, 190, 191, 192, 193, 216, 217, 236, 271, 272, 276, 278, 337, 338, 339, 340, 341, 342, 343, 344, 345, 346, 347, 348, 349, 350, 352, 353, 354, 355, 373, 374]	experiments/e133_c4_iptm80_multiseed_batch02/af3/out_s2/ova_body_c4_03/seed-5_sample-3/ova_body_c4_03_seed-5_sample-3_summary_confidences.json	experiments/e133_c4_iptm80_multiseed_batch02/af3/out_s2/ova_body_c4_03/seed-5_sample-3/ova_body_c4_03_seed-5_sample-3_model.cif
ova_body_c4_03	seed-5_sample-4	4	0.76	0.81	89.23093238395731	nan	nan	0.77	0.0	6	4	1	0	217	217	0	0.73	0.71	3.6500000000000004	"{""A-B"": 11, ""A-C"": 59, ""A-D"": 39, ""B-C"": 39, ""B-D"": 58, ""C-D"": 11}"	[82, 83, 86, 90, 95, 96, 97, 98, 99, 182, 184, 190, 191, 192, 193, 215, 216, 217, 236, 271, 272, 276, 278, 337, 338, 339, 340, 341, 342, 343, 344, 345, 346, 347, 348, 349, 350, 352, 353, 354, 355, 373, 374]	experiments/e133_c4_iptm80_multiseed_batch02/af3/out_s2/ova_body_c4_03/seed-5_sample-4/ova_body_c4_03_seed-5_sample-4_summary_confidences.json	experiments/e133_c4_iptm80_multiseed_batch02/af3/out_s2/ova_body_c4_03/seed-5_sample-4/ova_body_c4_03_seed-5_sample-4_model.cif
ova_body_c4_04	seed-2_sample-0	4	0.82	0.85	89.575103641174	nan	nan	0.83	0.0	6	4	1	0	171	171	0	0.79	0.77	2.6550000000000002	"{""A-B"": 23, ""A-C"": 49, ""A-D"": 12, ""B-C"": 12, ""B-D"": 49, ""C-D"": 26}"	[86, 87, 90, 95, 96, 97, 98, 99, 182, 184, 190, 191, 192, 193, 217, 236, 271, 272, 276, 277, 278, 337, 338, 339, 340, 341, 342, 343, 344, 345, 346, 347, 348, 349, 350, 351, 354, 373, 374]	experiments/e133_c4_iptm80_multiseed_batch02/af3/out_s3/ova_body_c4_04/seed-2_sample-0/ova_body_c4_04_seed-2_sample-0_summary_confidences.json	experiments/e133_c4_iptm80_multiseed_batch02/af3/out_s3/ova_body_c4_04/seed-2_sample-0/ova_body_c4_04_seed-2_sample-0_model.cif
ova_body_c4_04	seed-2_sample-1	4	0.82	0.85	89.41867865923155	nan	nan	0.82	0.0	6	4	1	0	167	167	0	0.78	0.77	2.715	"{""A-B"": 20, ""A-C"": 49, ""A-D"": 14, ""B-C"": 14, ""B-D"": 50, ""C-D"": 20}"	[83, 86, 87, 90, 94, 95, 96, 97, 98, 99, 182, 183, 184, 190, 191, 192, 193, 216, 217, 236, 271, 272, 277, 278, 337, 338, 339, 340, 341, 342, 343, 344, 345, 346, 347, 348, 349, 350, 351, 354, 373, 374]	experiments/e133_c4_iptm80_multiseed_batch02/af3/out_s3/ova_body_c4_04/seed-2_sample-1/ova_body_c4_04_seed-2_sample-1_summary_confidences.json	experiments/e133_c4_iptm80_multiseed_batch02/af3/out_s3/ova_body_c4_04/seed-2_sample-1/ova_body_c4_04_seed-2_sample-1_model.cif
ova_body_c4_04	seed-2_sample-2	4	0.82	0.85	89.64341966105249	nan	nan	0.83	0.0	6	4	1	0	156	156	0	0.79	0.78	2.62	"{""A-B"": 23, ""A-C"": 47, ""A-D"": 9, ""B-C"": 8, ""B-D"": 46, ""C-D"": 23}"	[83, 86, 90, 95, 96, 97, 98, 99, 182, 184, 190, 191, 192, 193, 216, 217, 236, 271, 272, 277, 278, 337, 338, 339, 340, 341, 342, 343, 344, 345, 346, 347, 348, 349, 350, 351, 354, 373, 374]	experiments/e133_c4_iptm80_multiseed_batch02/af3/out_s3/ova_body_c4_04/seed-2_sample-2/ova_body_c4_04_seed-2_sample-2_summary_confidences.json	experiments/e133_c4_iptm80_multiseed_batch02/af3/out_s3/ova_body_c4_04/seed-2_sample-2/ova_body_c4_04_seed-2_sample-2_model.cif
ova_body_c4_04	seed-2_sample-3	4	0.82	0.85	89.73559594030824	nan	nan	0.83	0.0	6	4	1	0	186	186	0	0.79	0.78	2.5549999999999997	"{""A-B"": 30, ""A-C"": 43, ""A-D"": 21, ""B-C"": 20, ""B-D"": 42, ""C-D"": 30}"	[1, 2, 86, 87, 90, 96, 97, 98, 99, 182, 184, 190, 191, 192, 193, 216, 217, 236, 266, 270, 271, 272, 277, 278, 338, 339, 340, 341, 342, 343, 344, 345, 346, 347, 348, 349, 350, 353, 354, 356, 373, 374, 375]	experiments/e133_c4_iptm80_multiseed_batch02/af3/out_s3/ova_body_c4_04/seed-2_sample-3/ova_body_c4_04_seed-2_sample-3_summary_confidences.json	experiments/e133_c4_iptm80_multiseed_batch02/af3/out_s3/ova_body_c4_04/seed-2_sample-3/ova_body_c4_04_seed-2_sample-3_model.cif
ova_body_c4_04	seed-2_sample-4	4	0.82	0.85	89.44183960356243	nan	nan	0.83	0.0	6	4	1	0	175	175	0	0.78	0.78	2.62	"{""A-B"": 27, ""A-C"": 47, ""A-D"": 12, ""B-C"": 14, ""B-D"": 47, ""C-D"": 28}"	[83, 86, 87, 90, 94, 95, 96, 97, 98, 99, 182, 184, 190, 191, 192, 193, 216, 217, 236, 271, 272, 277, 278, 337, 338, 339, 340, 341, 342, 343, 344, 345, 346, 347, 348, 349, 350, 351, 354, 373, 374]	experiments/e133_c4_iptm80_multiseed_batch02/af3/out_s3/ova_body_c4_04/seed-2_sample-4/ova_body_c4_04_seed-2_sample-4_summary_confidences.json	experiments/e133_c4_iptm80_multiseed_batch02/af3/out_s3/ova_body_c4_04/seed-2_sample-4/ova_body_c4_04_seed-2_sample-4_model.cif
ova_body_c4_04	seed-3_sample-0	4	0.82	0.85	89.07455961197769	nan	nan	0.82	0.0	6	4	1	0	183	183	0	0.78	0.765	2.89	"{""A-B"": 14, ""A-C"": 46, ""A-D"": 32, ""B-C"": 32, ""B-D"": 45, ""C-D"": 14}"	[82, 83, 86, 87, 90, 95, 96, 97, 98, 99, 182, 184, 190, 191, 192, 193, 216, 217, 236, 271, 272, 277, 278, 337, 338, 339, 340, 341, 342, 343, 344, 345, 346, 347, 348, 349, 350, 351, 354, 355, 373, 374]	experiments/e133_c4_iptm80_multiseed_batch02/af3/out_s3/ova_body_c4_04/seed-3_sample-0/ova_body_c4_04_seed-3_sample-0_summary_confidences.json	experiments/e133_c4_iptm80_multiseed_batch02/af3/out_s3/ova_body_c4_04/seed-3_sample-0/ova_body_c4_04_seed-3_sample-0_model.cif
ova_body_c4_04	seed-3_sample-1	4	0.81	0.85	88.94155459824003	nan	nan	0.82	0.0	6	4	1	0	193	193	0	0.78	0.76	2.925	"{""A-B"": 14, ""A-C"": 59, ""A-D"": 24, ""B-C"": 23, ""B-D"": 59, ""C-D"": 14}"	[82, 83, 86, 87, 90, 94, 95, 96, 97, 98, 99, 182, 184, 188, 190, 191, 192, 193, 216, 217, 236, 271, 272, 276, 277, 278, 337, 338, 339, 340, 341, 342, 343, 344, 345, 346, 347, 348, 349, 351, 354, 373, 374]	experiments/e133_c4_iptm80_multiseed_batch02/af3/out_s3/ova_body_c4_04/seed-3_sample-1/ova_body_c4_04_seed-3_sample-1_summary_confidences.json	experiments/e133_c4_iptm80_multiseed_batch02/af3/out_s3/ova_body_c4_04/seed-3_sample-1/ova_body_c4_04_seed-3_sample-1_model.cif
ova_body_c4_04	seed-3_sample-2	4	0.8	0.84	89.30126946207156	nan	nan	0.81	0.0	6	4	1	0	169	169	0	0.77	0.75	3.065	"{""A-B"": 13, ""A-C"": 50, ""A-D"": 23, ""B-C"": 22, ""B-D"": 48, ""C-D"": 13}"	[1, 86, 87, 90, 94, 95, 96, 97, 98, 99, 182, 184, 188, 190, 191, 192, 193, 217, 236, 271, 272, 276, 277, 278, 337, 338, 339, 340, 341, 342, 344, 345, 346, 347, 349, 350, 351, 353, 354, 356, 373, 374]	experiments/e133_c4_iptm80_multiseed_batch02/af3/out_s3/ova_body_c4_04/seed-3_sample-2/ova_body_c4_04_seed-3_sample-2_summary_confidences.json	experiments/e133_c4_iptm80_multiseed_batch02/af3/out_s3/ova_body_c4_04/seed-3_sample-2/ova_body_c4_04_seed-3_sample-2_model.cif
ova_body_c4_04	seed-3_sample-3	4	0.81	0.84	89.45424883353277	nan	nan	0.82	0.0	6	4	1	0	180	180	0	0.78	0.77	2.87	"{""A-B"": 9, ""A-C"": 51, ""A-D"": 31, ""B-C"": 30, ""B-D"": 50, ""C-D"": 9}"	[86, 90, 94, 95, 96, 97, 98, 99, 182, 184, 190, 191, 192, 193, 216, 217, 236, 271, 272, 277, 278, 337, 338, 339, 340, 341, 342, 343, 344, 345, 346, 347, 348, 349, 350, 351, 353, 354, 373, 374]	experiments/e133_c4_iptm80_multiseed_batch02/af3/out_s3/ova_body_c4_04/seed-3_sample-3/ova_body_c4_04_seed-3_sample-3_summary_confidences.json	experiments/e133_c4_iptm80_multiseed_batch02/af3/out_s3/ova_body_c4_04/seed-3_sample-3/ova_body_c4_04_seed-3_sample-3_model.cif
ova_body_c4_04	seed-3_sample-4	4	0.81	0.84	89.0872540053926	nan	nan	0.82	0.0	6	4	1	0	163	163	0	0.77	0.76	2.96	"{""A-B"": 13, ""A-C"": 44, ""A-D"": 24, ""B-C"": 22, ""B-D"": 45, ""C-D"": 15}"	[82, 83, 86, 87, 90, 96, 97, 98, 99, 182, 184, 190, 191, 192, 193, 216, 217, 236, 271, 272, 277, 278, 337, 338, 339, 340, 341, 342, 343, 344, 345, 346, 347, 348, 349, 350, 351, 354, 373, 374]	experiments/e133_c4_iptm80_multiseed_batch02/af3/out_s3/ova_body_c4_04/seed-3_sample-4/ova_body_c4_04_seed-3_sample-4_summary_confidences.json	experiments/e133_c4_iptm80_multiseed_batch02/af3/out_s3/ova_body_c4_04/seed-3_sample-4/ova_body_c4_04_seed-3_sample-4_model.cif
ova_body_c4_04	seed-4_sample-0	4	0.78	0.82	88.84178772367962	nan	nan	0.79	0.0	6	4	1	0	200	200	0	0.74	0.74	3.315	"{""A-B"": 12, ""A-C"": 38, ""A-D"": 50, ""B-C"": 50, ""B-D"": 38, ""C-D"": 12}"	[86, 87, 90, 95, 96, 97, 98, 99, 182, 184, 190, 191, 192, 193, 217, 236, 271, 272, 276, 277, 278, 337, 338, 339, 340, 341, 342, 344, 345, 346, 347, 349, 350, 351, 353, 354, 355, 356, 373, 374]	experiments/e133_c4_iptm80_multiseed_batch02/af3/out_s3/ova_body_c4_04/seed-4_sample-0/ova_body_c4_04_seed-4_sample-0_summary_confidences.json	experiments/e133_c4_iptm80_multiseed_batch02/af3/out_s3/ova_body_c4_04/seed-4_sample-0/ova_body_c4_04_seed-4_sample-0_model.cif
ova_body_c4_04	seed-4_sample-1	4	0.79	0.83	89.01886017952559	nan	nan	0.8	0.0	6	4	1	0	159	159	0	0.75	0.75	3.205	"{""A-B"": 9, ""A-C"": 21, ""A-D"": 49, ""B-C"": 49, ""B-D"": 21, ""C-D"": 10}"	[86, 90, 95, 96, 97, 98, 99, 182, 184, 190, 191, 192, 193, 217, 236, 271, 272, 277, 278, 337, 338, 339, 340, 341, 342, 344, 345, 346, 347, 349, 350, 353, 354, 373, 374]	experiments/e133_c4_iptm80_multiseed_batch02/af3/out_s3/ova_body_c4_04/seed-4_sample-1/ova_body_c4_04_seed-4_sample-1_summary_confidences.json	experiments/e133_c4_iptm80_multiseed_batch02/af3/out_s3/ova_body_c4_04/seed-4_sample-1/ova_body_c4_04_seed-4_sample-1_model.cif
ova_body_c4_04	seed-4_sample-2	4	0.79	0.82	88.93202085939714	nan	nan	0.79	0.0	6	4	1	0	184	184	0	0.75	0.74	3.2249999999999996	"{""A-B"": 12, ""A-C"": 26, ""A-D"": 54, ""B-C"": 53, ""B-D"": 27, ""C-D"": 12}"	[86, 87, 90, 94, 95, 96, 97, 98, 99, 182, 184, 188, 190, 191, 192, 193, 216, 217, 236, 271, 272, 276, 277, 278, 337, 338, 339, 340, 341, 342, 343, 344, 345, 346, 347, 348, 349, 351, 354, 356, 373, 374]	experiments/e133_c4_iptm80_multiseed_batch02/af3/out_s3/ova_body_c4_04/seed-4_sample-2/ova_body_c4_04_seed-4_sample-2_summary_confidences.json	experiments/e133_c4_iptm80_multiseed_batch02/af3/out_s3/ova_body_c4_04/seed-4_sample-2/ova_body_c4_04_seed-4_sample-2_model.cif
ova_body_c4_04	seed-4_sample-3	4	0.8	0.84	89.07238337660083	nan	nan	0.81	0.0	6	4	1	0	169	169	0	0.76	0.76	2.9850000000000003	"{""A-B"": 11, ""A-C"": 21, ""A-D"": 52, ""B-C"": 54, ""B-D"": 19, ""C-D"": 12}"	[86, 87, 90, 94, 95, 96, 97, 98, 99, 182, 184, 190, 191, 192, 193, 216, 217, 236, 271, 272, 278, 337, 338, 339, 340, 341, 342, 343, 344, 345, 346, 347, 348, 350, 353, 354, 356, 373, 374]	experiments/e133_c4_iptm80_multiseed_batch02/af3/out_s3/ova_body_c4_04/seed-4_sample-3/ova_body_c4_04_seed-4_sample-3_summary_confidences.json	experiments/e133_c4_iptm80_multiseed_batch02/af3/out_s3/ova_body_c4_04/seed-4_sample-3/ova_body_c4_04_seed-4_sample-3_model.cif
ova_body_c4_04	seed-4_sample-4	4	0.79	0.83	88.33839387844263	nan	nan	0.8	0.0	6	4	1	0	188	188	0	0.75	0.745	3.26	"{""A-B"": 12, ""A-C"": 33, ""A-D"": 49, ""B-C"": 45, ""B-D"": 36, ""C-D"": 13}"	[82, 83, 86, 87, 90, 95, 96, 97, 98, 99, 182, 184, 190, 191, 192, 193, 217, 236, 271, 272, 276, 277, 278, 337, 338, 339, 340, 341, 342, 343, 344, 345, 346, 347, 349, 350, 351, 353, 354, 355, 356, 373, 374]	experiments/e133_c4_iptm80_multiseed_batch02/af3/out_s3/ova_body_c4_04/seed-4_sample-4/ova_body_c4_04_seed-4_sample-4_summary_confidences.json	experiments/e133_c4_iptm80_multiseed_batch02/af3/out_s3/ova_body_c4_04/seed-4_sample-4/ova_body_c4_04_seed-4_sample-4_model.cif
ova_body_c4_04	seed-5_sample-0	4	0.83	0.86	89.44435226361368	nan	nan	0.83	0.0	6	4	1	0	172	172	0	0.79	0.78	2.69	"{""A-B"": 8, ""A-C"": 49, ""A-D"": 29, ""B-C"": 26, ""B-D"": 52, ""C-D"": 8}"	[86, 90, 95, 96, 97, 98, 99, 182, 184, 190, 191, 192, 193, 216, 217, 236, 271, 272, 276, 277, 278, 337, 338, 339, 340, 341, 342, 343, 344, 345, 346, 347, 348, 349, 350, 351, 354, 373, 374]	experiments/e133_c4_iptm80_multiseed_batch02/af3/out_s3/ova_body_c4_04/seed-5_sample-0/ova_body_c4_04_seed-5_sample-0_summary_confidences.json	experiments/e133_c4_iptm80_multiseed_batch02/af3/out_s3/ova_body_c4_04/seed-5_sample-0/ova_body_c4_04_seed-5_sample-0_model.cif
ova_body_c4_04	seed-5_sample-1	4	0.82	0.85	89.20344569151884	nan	nan	0.82	0.0	6	4	1	0	175	175	0	0.78	0.77	2.6799999999999997	"{""A-B"": 12, ""A-C"": 46, ""A-D"": 31, ""B-C"": 28, ""B-D"": 46, ""C-D"": 12}"	[86, 87, 90, 95, 96, 97, 98, 99, 182, 184, 190, 191, 192, 193, 216, 217, 236, 271, 272, 277, 278, 337, 338, 339, 340, 341, 342, 343, 344, 345, 346, 347, 348, 349, 350, 353, 354, 373, 374]	experiments/e133_c4_iptm80_multiseed_batch02/af3/out_s3/ova_body_c4_04/seed-5_sample-1/ova_body_c4_04_seed-5_sample-1_summary_confidences.json	experiments/e133_c4_iptm80_multiseed_batch02/af3/out_s3/ova_body_c4_04/seed-5_sample-1/ova_body_c4_04_seed-5_sample-1_model.cif
ova_body_c4_04	seed-5_sample-2	4	0.82	0.85	89.40893782976377	nan	nan	0.83	0.0	6	4	1	0	172	172	0	0.79	0.78	2.645	"{""A-B"": 10, ""A-C"": 48, ""A-D"": 29, ""B-C"": 29, ""B-D"": 47, ""C-D"": 9}"	[82, 86, 90, 95, 96, 97, 98, 99, 182, 184, 190, 191, 192, 193, 216, 217, 236, 271, 272, 277, 278, 338, 339, 340, 341, 342, 343, 344, 345, 346, 347, 348, 349, 350, 353, 354, 373, 374]	experiments/e133_c4_iptm80_multiseed_batch02/af3/out_s3/ova_body_c4_04/seed-5_sample-2/ova_body_c4_04_seed-5_sample-2_summary_confidences.json	experiments/e133_c4_iptm80_multiseed_batch02/af3/out_s3/ova_body_c4_04/seed-5_sample-2/ova_body_c4_04_seed-5_sample-2_model.cif
ova_body_c4_04	seed-5_sample-3	4	0.82	0.85	89.42740920664733	nan	nan	0.83	0.0	6	4	1	0	175	175	0	0.79	0.78	2.67	"{""A-B"": 10, ""A-C"": 50, ""A-D"": 31, ""B-C"": 26, ""B-D"": 49, ""C-D"": 9}"	[86, 87, 90, 95, 96, 97, 98, 99, 182, 184, 190, 191, 192, 193, 216, 217, 236, 271, 272, 277, 278, 337, 338, 339, 340, 341, 342, 343, 344, 345, 346, 347, 348, 349, 350, 351, 354, 373, 374]	experiments/e133_c4_iptm80_multiseed_batch02/af3/out_s3/ova_body_c4_04/seed-5_sample-3/ova_body_c4_04_seed-5_sample-3_summary_confidences.json	experiments/e133_c4_iptm80_multiseed_batch02/af3/out_s3/ova_body_c4_04/seed-5_sample-3/ova_body_c4_04_seed-5_sample-3_model.cif
ova_body_c4_04	seed-5_sample-4	4	0.82	0.85	89.18658026265356	nan	nan	0.82	0.0	6	4	1	0	179	179	0	0.78	0.77	2.7649999999999997	"{""A-B"": 13, ""A-C"": 46, ""A-D"": 29, ""B-C"": 31, ""B-D"": 46, ""C-D"": 14}"	[82, 83, 86, 87, 90, 94, 96, 97, 98, 99, 182, 184, 190, 191, 192, 193, 216, 217, 236, 271, 272, 278, 337, 338, 339, 340, 341, 342, 343, 344, 345, 346, 347, 348, 349, 350, 353, 354, 373, 374]	experiments/e133_c4_iptm80_multiseed_batch02/af3/out_s3/ova_body_c4_04/seed-5_sample-4/ova_body_c4_04_seed-5_sample-4_summary_confidences.json	experiments/e133_c4_iptm80_multiseed_batch02/af3/out_s3/ova_body_c4_04/seed-5_sample-4/ova_body_c4_04_seed-5_sample-4_model.cif
ova_body_c4_05	seed-2_sample-0	4	0.81	0.84	89.8231866372064	nan	nan	0.82	0.0	6	4	1	0	163	163	0	0.78	0.76	2.865	"{""A-B"": 10, ""A-C"": 48, ""A-D"": 22, ""B-C"": 24, ""B-D"": 49, ""C-D"": 10}"	[86, 90, 94, 95, 96, 97, 98, 99, 182, 184, 190, 191, 192, 193, 216, 217, 236, 271, 272, 277, 278, 337, 338, 339, 340, 341, 342, 343, 344, 345, 346, 347, 348, 349, 350, 353, 354, 373, 374]	experiments/e133_c4_iptm80_multiseed_batch02/af3/out_s4/ova_body_c4_05/seed-2_sample-0/ova_body_c4_05_seed-2_sample-0_summary_confidences.json	experiments/e133_c4_iptm80_multiseed_batch02/af3/out_s4/ova_body_c4_05/seed-2_sample-0/ova_body_c4_05_seed-2_sample-0_model.cif
ova_body_c4_05	seed-2_sample-1	4	0.82	0.85	89.77979265717028	nan	nan	0.83	0.0	6	4	1	0	170	170	0	0.79	0.78	2.625	"{""A-B"": 12, ""A-C"": 50, ""A-D"": 22, ""B-C"": 23, ""B-D"": 51, ""C-D"": 12}"	[86, 87, 90, 94, 95, 96, 97, 98, 99, 182, 184, 190, 191, 192, 193, 216, 217, 236, 271, 272, 277, 278, 337, 338, 339, 340, 341, 342, 343, 344, 345, 346, 347, 348, 349, 351, 354, 373, 374]	experiments/e133_c4_iptm80_multiseed_batch02/af3/out_s4/ova_body_c4_05/seed-2_sample-1/ova_body_c4_05_seed-2_sample-1_summary_confidences.json	experiments/e133_c4_iptm80_multiseed_batch02/af3/out_s4/ova_body_c4_05/seed-2_sample-1/ova_body_c4_05_seed-2_sample-1_model.cif
ova_body_c4_05	seed-2_sample-2	4	0.82	0.85	89.56803103432136	nan	nan	0.83	0.0	6	4	1	0	186	186	0	0.79	0.78	2.6950000000000003	"{""A-B"": 16, ""A-C"": 54, ""A-D"": 22, ""B-C"": 26, ""B-D"": 52, ""C-D"": 16}"	[1, 2, 82, 83, 86, 87, 90, 94, 95, 96, 97, 98, 99, 182, 184, 190, 191, 192, 193, 217, 236, 271, 272, 276, 277, 278, 337, 338, 339, 340, 341, 342, 344, 345, 346, 347, 348, 349, 350, 352, 353, 354, 356, 373, 374]	experiments/e133_c4_iptm80_multiseed_batch02/af3/out_s4/ova_body_c4_05/seed-2_sample-2/ova_body_c4_05_seed-2_sample-2_summary_confidences.json	experiments/e133_c4_iptm80_multiseed_batch02/af3/out_s4/ova_body_c4_05/seed-2_sample-2/ova_body_c4_05_seed-2_sample-2_model.cif
ova_body_c4_05	seed-2_sample-3	4	0.83	0.86	89.6619688834551	nan	nan	0.83	0.0	6	4	1	0	203	203	0	0.8	0.78	2.6100000000000003	"{""A-B"": 20, ""A-C"": 51, ""A-D"": 33, ""B-C"": 28, ""B-D"": 51, ""C-D"": 20}"	[66, 86, 87, 90, 94, 95, 96, 97, 98, 99, 182, 184, 190, 191, 192, 193, 216, 217, 236, 267, 270, 271, 272, 273, 278, 337, 338, 339, 340, 341, 342, 343, 344, 345, 346, 347, 348, 349, 350, 351, 354, 355, 373, 374]	experiments/e133_c4_iptm80_multiseed_batch02/af3/out_s4/ova_body_c4_05/seed-2_sample-3/ova_body_c4_05_seed-2_sample-3_summary_confidences.json	experiments/e133_c4_iptm80_multiseed_batch02/af3/out_s4/ova_body_c4_05/seed-2_sample-3/ova_body_c4_05_seed-2_sample-3_model.cif
ova_body_c4_05	seed-2_sample-4	4	0.82	0.85	89.70051800031118	nan	nan	0.83	0.0	6	4	1	0	185	185	0	0.79	0.77	2.685	"{""A-B"": 16, ""A-C"": 49, ""A-D"": 28, ""B-C"": 28, ""B-D"": 49, ""C-D"": 15}"	[1, 2, 83, 86, 87, 90, 94, 95, 96, 97, 98, 99, 182, 184, 190, 191, 192, 193, 216, 217, 236, 271, 272, 277, 278, 337, 338, 339, 340, 341, 342, 343, 344, 345, 346, 347, 348, 349, 350, 351, 354, 356, 373, 374]	experiments/e133_c4_iptm80_multiseed_batch02/af3/out_s4/ova_body_c4_05/seed-2_sample-4/ova_body_c4_05_seed-2_sample-4_summary_confidences.json	experiments/e133_c4_iptm80_multiseed_batch02/af3/out_s4/ova_body_c4_05/seed-2_sample-4/ova_body_c4_05_seed-2_sample-4_model.cif
ova_body_c4_05	seed-3_sample-0	4	0.83	0.86	90.02404146738003	nan	nan	0.84	0.0	6	4	1	0	187	187	0	0.8	0.78	2.885	"{""A-B"": 14, ""A-C"": 42, ""A-D"": 38, ""B-C"": 38, ""B-D"": 41, ""C-D"": 14}"	[82, 83, 86, 87, 90, 96, 97, 98, 99, 182, 184, 190, 191, 192, 193, 215, 216, 217, 236, 271, 272, 278, 337, 338, 339, 340, 341, 342, 343, 344, 345, 346, 347, 348, 349, 350, 351, 354, 355, 373, 374]	experiments/e133_c4_iptm80_multiseed_batch02/af3/out_s4/ova_body_c4_05/seed-3_sample-0/ova_body_c4_05_seed-3_sample-0_summary_confidences.json	experiments/e133_c4_iptm80_multiseed_batch02/af3/out_s4/ova_body_c4_05/seed-3_sample-0/ova_body_c4_05_seed-3_sample-0_model.cif
ova_body_c4_05	seed-3_sample-1	4	0.83	0.86	89.97067351662433	nan	nan	0.84	0.0	6	4	1	0	192	192	0	0.8	0.78	2.8	"{""A-B"": 15, ""A-C"": 43, ""A-D"": 38, ""B-C"": 38, ""B-D"": 43, ""C-D"": 15}"	[82, 83, 86, 87, 90, 96, 97, 98, 99, 182, 184, 190, 191, 192, 193, 215, 216, 217, 236, 239, 271, 272, 276, 278, 337, 338, 339, 340, 341, 342, 343, 344, 345, 346, 347, 348, 349, 350, 351, 354, 355, 373, 374]	experiments/e133_c4_iptm80_multiseed_batch02/af3/out_s4/ova_body_c4_05/seed-3_sample-1/ova_body_c4_05_seed-3_sample-1_summary_confidences.json	experiments/e133_c4_iptm80_multiseed_batch02/af3/out_s4/ova_body_c4_05/seed-3_sample-1/ova_body_c4_05_seed-3_sample-1_model.cif
ova_body_c4_05	seed-3_sample-2	4	0.82	0.85	90.31891188349749	nan	nan	0.83	0.0	6	4	1	0	175	175	0	0.79	0.77	3.05	"{""A-B"": 14, ""A-C"": 41, ""A-D"": 33, ""B-C"": 33, ""B-D"": 41, ""C-D"": 13}"	[82, 83, 86, 87, 90, 96, 97, 98, 99, 182, 184, 190, 191, 192, 193, 216, 217, 236, 271, 272, 278, 337, 338, 339, 340, 341, 342, 343, 344, 345, 346, 347, 348, 349, 350, 351, 354, 355, 373, 374]	experiments/e133_c4_iptm80_multiseed_batch02/af3/out_s4/ova_body_c4_05/seed-3_sample-2/ova_body_c4_05_seed-3_sample-2_summary_confidences.json	experiments/e133_c4_iptm80_multiseed_batch02/af3/out_s4/ova_body_c4_05/seed-3_sample-2/ova_body_c4_05_seed-3_sample-2_model.cif
ova_body_c4_05	seed-3_sample-3	4	0.83	0.86	90.65160601126715	nan	nan	0.84	0.0	6	4	1	0	197	197	0	0.8	0.79	2.6550000000000002	"{""A-B"": 12, ""A-C"": 52, ""A-D"": 35, ""B-C"": 35, ""B-D"": 53, ""C-D"": 10}"	[82, 83, 86, 90, 94, 95, 96, 97, 98, 99, 182, 184, 190, 191, 192, 193, 215, 216, 217, 236, 239, 271, 272, 276, 278, 337, 338, 339, 340, 341, 342, 343, 344, 345, 346, 347, 348, 349, 350, 351, 354, 355, 373, 374]	experiments/e133_c4_iptm80_multiseed_batch02/af3/out_s4/ova_body_c4_05/seed-3_sample-3/ova_body_c4_05_seed-3_sample-3_summary_confidences.json	experiments/e133_c4_iptm80_multiseed_batch02/af3/out_s4/ova_body_c4_05/seed-3_sample-3/ova_body_c4_05_seed-3_sample-3_model.cif
ova_body_c4_05	seed-3_sample-4	4	0.83	0.86	90.04033701407477	nan	nan	0.83	0.0	6	4	1	0	179	179	0	0.8	0.78	2.995	"{""A-B"": 14, ""A-C"": 41, ""A-D"": 34, ""B-C"": 34, ""B-D"": 42, ""C-D"": 14}"	[82, 83, 86, 87, 90, 94, 96, 97, 98, 99, 182, 184, 190, 191, 192, 193, 216, 217, 236, 271, 272, 278, 337, 338, 339, 340, 341, 342, 343, 344, 345, 346, 347, 348, 349, 350, 351, 354, 355, 373, 374]	experiments/e133_c4_iptm80_multiseed_batch02/af3/out_s4/ova_body_c4_05/seed-3_sample-4/ova_body_c4_05_seed-3_sample-4_summary_confidences.json	experiments/e133_c4_iptm80_multiseed_batch02/af3/out_s4/ova_body_c4_05/seed-3_sample-4/ova_body_c4_05_seed-3_sample-4_model.cif
ova_body_c4_05	seed-4_sample-0	4	0.83	0.86	90.65411915556754	nan	nan	0.84	0.0	6	4	1	0	182	182	0	0.8	0.79	2.6950000000000003	"{""A-B"": 10, ""A-C"": 42, ""A-D"": 35, ""B-C"": 36, ""B-D"": 43, ""C-D"": 16}"	[82, 83, 86, 90, 93, 94, 96, 97, 98, 99, 182, 184, 190, 191, 192, 193, 215, 216, 217, 236, 271, 272, 276, 278, 337, 338, 339, 340, 341, 342, 343, 344, 345, 346, 347, 348, 349, 350, 351, 354, 355, 373, 374]	experiments/e133_c4_iptm80_multiseed_batch02/af3/out_s4/ova_body_c4_05/seed-4_sample-0/ova_body_c4_05_seed-4_sample-0_summary_confidences.json	experiments/e133_c4_iptm80_multiseed_batch02/af3/out_s4/ova_body_c4_05/seed-4_sample-0/ova_body_c4_05_seed-4_sample-0_model.cif
ova_body_c4_05	seed-4_sample-1	4	0.83	0.86	90.70183942725622	nan	nan	0.84	0.0	6	4	1	0	179	179	0	0.8	0.79	2.83	"{""A-B"": 12, ""A-C"": 43, ""A-D"": 34, ""B-C"": 34, ""B-D"": 44, ""C-D"": 12}"	[86, 87, 90, 96, 97, 98, 99, 182, 184, 190, 191, 192, 193, 216, 217, 236, 271, 272, 278, 337, 338, 339, 340, 341, 342, 343, 344, 345, 346, 347, 348, 349, 350, 351, 354, 355, 373, 374]	experiments/e133_c4_iptm80_multiseed_batch02/af3/out_s4/ova_body_c4_05/seed-4_sample-1/ova_body_c4_05_seed-4_sample-1_summary_confidences.json	experiments/e133_c4_iptm80_multiseed_batch02/af3/out_s4/ova_body_c4_05/seed-4_sample-1/ova_body_c4_05_seed-4_sample-1_model.cif
ova_body_c4_05	seed-4_sample-2	4	0.84	0.86	90.74626959173173	nan	nan	0.84	0.0	6	4	1	0	195	195	0	0.81	0.79	2.75	"{""A-B"": 14, ""A-C"": 45, ""A-D"": 38, ""B-C"": 38, ""B-D"": 46, ""C-D"": 14}"	[83, 86, 87, 90, 94, 96, 97, 98, 99, 182, 184, 190, 191, 192, 193, 215, 216, 217, 236, 271, 272, 278, 337, 338, 339, 340, 341, 342, 343, 344, 345, 346, 347, 348, 349, 350, 351, 354, 355, 373, 374]	experiments/e133_c4_iptm80_multiseed_batch02/af3/out_s4/ova_body_c4_05/seed-4_sample-2/ova_body_c4_05_seed-4_sample-2_summary_confidences.json	experiments/e133_c4_iptm80_multiseed_batch02/af3/out_s4/ova_body_c4_05/seed-4_sample-2/ova_body_c4_05_seed-4_sample-2_model.cif
ova_body_c4_05	seed-4_sample-3	4	0.83	0.86	90.54997393751391	nan	nan	0.84	0.0	6	4	1	0	180	180	0	0.8	0.79	2.755	"{""A-B"": 12, ""A-C"": 46, ""A-D"": 32, ""B-C"": 32, ""B-D"": 46, ""C-D"": 12}"	[83, 86, 87, 90, 94, 96, 97, 98, 99, 182, 184, 190, 191, 192, 193, 216, 217, 236, 271, 272, 278, 337, 338, 339, 340, 341, 342, 343, 344, 345, 346, 347, 348, 349, 350, 351, 354, 355, 373, 374]	experiments/e133_c4_iptm80_multiseed_batch02/af3/out_s4/ova_body_c4_05/seed-4_sample-3/ova_body_c4_05_seed-4_sample-3_summary_confidences.json	experiments/e133_c4_iptm80_multiseed_batch02/af3/out_s4/ova_body_c4_05/seed-4_sample-3/ova_body_c4_05_seed-4_sample-3_model.cif
ova_body_c4_05	seed-4_sample-4	4	0.84	0.86	90.81665811884588	nan	nan	0.84	0.0	6	4	1	0	187	187	0	0.8	0.79	2.705	"{""A-B"": 12, ""A-C"": 48, ""A-D"": 34, ""B-C"": 34, ""B-D"": 47, ""C-D"": 12}"	[83, 86, 87, 90, 94, 96, 97, 98, 99, 182, 184, 188, 190, 191, 192, 193, 216, 217, 236, 271, 272, 278, 337, 338, 339, 340, 341, 342, 343, 344, 345, 346, 347, 348, 349, 350, 351, 354, 355, 373, 374]	experiments/e133_c4_iptm80_multiseed_batch02/af3/out_s4/ova_body_c4_05/seed-4_sample-4/ova_body_c4_05_seed-4_sample-4_summary_confidences.json	experiments/e133_c4_iptm80_multiseed_batch02/af3/out_s4/ova_body_c4_05/seed-4_sample-4/ova_body_c4_05_seed-4_sample-4_model.cif
ova_body_c4_05	seed-5_sample-0	4	0.82	0.85	89.63329034518702	nan	nan	0.83	0.0	6	4	1	0	181	181	0	0.79	0.77	2.775	"{""A-B"": 9, ""A-C"": 51, ""A-D"": 30, ""B-C"": 30, ""B-D"": 51, ""C-D"": 10}"	[86, 90, 94, 95, 96, 97, 98, 99, 182, 184, 190, 191, 192, 193, 216, 217, 236, 271, 272, 277, 278, 337, 338, 339, 340, 341, 342, 343, 344, 345, 346, 347, 348, 349, 350, 351, 354, 355, 373, 374]	experiments/e133_c4_iptm80_multiseed_batch02/af3/out_s4/ova_body_c4_05/seed-5_sample-0/ova_body_c4_05_seed-5_sample-0_summary_confidences.json	experiments/e133_c4_iptm80_multiseed_batch02/af3/out_s4/ova_body_c4_05/seed-5_sample-0/ova_body_c4_05_seed-5_sample-0_model.cif
ova_body_c4_05	seed-5_sample-1	4	0.81	0.84	89.19494830512012	nan	nan	0.81	0.0	6	4	1	0	178	178	0	0.77	0.76	2.835	"{""A-B"": 12, ""A-C"": 55, ""A-D"": 22, ""B-C"": 22, ""B-D"": 55, ""C-D"": 12}"	[86, 87, 90, 94, 95, 96, 97, 98, 99, 182, 184, 190, 191, 192, 193, 217, 236, 271, 272, 276, 277, 278, 337, 338, 339, 340, 342, 343, 344, 345, 346, 347, 348, 349, 351, 354, 373, 374]	experiments/e133_c4_iptm80_multiseed_batch02/af3/out_s4/ova_body_c4_05/seed-5_sample-1/ova_body_c4_05_seed-5_sample-1_summary_confidences.json	experiments/e133_c4_iptm80_multiseed_batch02/af3/out_s4/ova_body_c4_05/seed-5_sample-1/ova_body_c4_05_seed-5_sample-1_model.cif
ova_body_c4_05	seed-5_sample-2	4	0.81	0.85	89.43510377715906	nan	nan	0.82	0.0	6	4	1	0	216	216	0	0.78	0.77	2.9	"{""A-B"": 16, ""A-C"": 57, ""A-D"": 36, ""B-C"": 36, ""B-D"": 57, ""C-D"": 14}"	[1, 82, 83, 86, 90, 95, 96, 97, 98, 99, 182, 184, 190, 191, 192, 193, 216, 217, 236, 266, 270, 271, 272, 276, 278, 338, 339, 340, 341, 342, 343, 344, 345, 346, 347, 348, 349, 350, 352, 353, 354, 355, 373, 374]	experiments/e133_c4_iptm80_multiseed_batch02/af3/out_s4/ova_body_c4_05/seed-5_sample-2/ova_body_c4_05_seed-5_sample-2_summary_confidences.json	experiments/e133_c4_iptm80_multiseed_batch02/af3/out_s4/ova_body_c4_05/seed-5_sample-2/ova_body_c4_05_seed-5_sample-2_model.cif
ova_body_c4_05	seed-5_sample-3	4	0.82	0.85	89.49782394251058	nan	nan	0.82	0.0	6	4	1	0	164	164	0	0.78	0.77	2.755	"{""A-B"": 10, ""A-C"": 47, ""A-D"": 26, ""B-C"": 25, ""B-D"": 47, ""C-D"": 9}"	[86, 90, 94, 95, 96, 97, 98, 99, 182, 184, 190, 191, 192, 193, 216, 217, 236, 271, 272, 277, 278, 337, 338, 339, 340, 342, 343, 344, 345, 346, 347, 348, 349, 350, 351, 354, 373, 374]	experiments/e133_c4_iptm80_multiseed_batch02/af3/out_s4/ova_body_c4_05/seed-5_sample-3/ova_body_c4_05_seed-5_sample-3_summary_confidences.json	experiments/e133_c4_iptm80_multiseed_batch02/af3/out_s4/ova_body_c4_05/seed-5_sample-3/ova_body_c4_05_seed-5_sample-3_model.cif
ova_body_c4_05	seed-5_sample-4	4	0.8	0.84	89.24378233993609	nan	nan	0.81	0.0	6	4	1	0	188	188	0	0.77	0.76	3.005	"{""A-B"": 12, ""A-C"": 56, ""A-D"": 26, ""B-C"": 27, ""B-D"": 55, ""C-D"": 12}"	[82, 83, 86, 90, 94, 95, 96, 97, 98, 99, 182, 184, 190, 191, 192, 193, 217, 236, 271, 272, 276, 278, 337, 338, 339, 340, 341, 342, 343, 344, 345, 346, 347, 348, 349, 350, 352, 353, 354, 373, 374]	experiments/e133_c4_iptm80_multiseed_batch02/af3/out_s4/ova_body_c4_05/seed-5_sample-4/ova_body_c4_05_seed-5_sample-4_summary_confidences.json	experiments/e133_c4_iptm80_multiseed_batch02/af3/out_s4/ova_body_c4_05/seed-5_sample-4/ova_body_c4_05_seed-5_sample-4_model.cif
ova_body_c4_06	seed-2_sample-0	4	0.37	0.51	85.99626936443111	nan	nan	0.4	0.0	6	4	1	0	425	425	0	0.39	0.26	14.225	"{""A-B"": 116, ""A-C"": 52, ""A-D"": 42, ""B-C"": 45, ""B-D"": 54, ""C-D"": 116}"	[1, 2, 3, 4, 64, 65, 68, 69, 70, 71, 72, 73, 74, 78, 79, 82, 83, 86, 90, 93, 94, 95, 96, 97, 99, 110, 113, 114, 116, 117, 119, 120, 123, 124, 131, 132, 133, 134, 138, 141, 142, 145, 148, 149, 151, 152, 155, 156, 157, 182, 184, 186, 216, 217, 219, 234, 236, 237, 238, 239, 241, 266, 270, 271, 272, 275, 276, 277, 278, 334, 338, 340, 341, 342, 343, 344, 345, 346, 347, 348, 349, 350, 351, 354, 355, 372, 373, 375]	experiments/e133_c4_iptm80_multiseed_batch02/af3/out_s5/ova_body_c4_06/seed-2_sample-0/ova_body_c4_06_seed-2_sample-0_summary_confidences.json	experiments/e133_c4_iptm80_multiseed_batch02/af3/out_s5/ova_body_c4_06/seed-2_sample-0/ova_body_c4_06_seed-2_sample-0_model.cif
ova_body_c4_06	seed-2_sample-1	4	0.29	0.46	85.53878249529112	nan	nan	0.33	0.0	4	4	1	0	350	350	0	0.36	0.265	17.73	"{""A-B"": 120, ""A-C"": 0, ""A-D"": 55, ""B-C"": 53, ""B-D"": 0, ""C-D"": 122}"	[1, 2, 3, 4, 64, 65, 68, 69, 70, 72, 73, 74, 75, 78, 79, 81, 82, 83, 86, 89, 90, 93, 94, 95, 96, 97, 99, 124, 125, 127, 131, 133, 141, 145, 148, 149, 152, 153, 155, 156, 182, 186, 191, 192, 194, 196, 210, 217, 234, 237, 238, 239, 241, 266, 270, 271, 275, 276, 277, 278, 285, 287, 334, 336, 337, 338, 340, 341, 342, 343, 345, 346, 348, 349, 350, 351, 354, 355, 372, 373, 375]	experiments/e133_c4_iptm80_multiseed_batch02/af3/out_s5/ova_body_c4_06/seed-2_sample-1/ova_body_c4_06_seed-2_sample-1_summary_confidences.json	experiments/e133_c4_iptm80_multiseed_batch02/af3/out_s5/ova_body_c4_06/seed-2_sample-1/ova_body_c4_06_seed-2_sample-1_model.cif
ova_body_c4_06	seed-2_sample-2	4	0.3	0.46	85.32246124188516	nan	nan	0.33	0.0	4	4	1	0	343	343	0	0.39	0.275	17.34	"{""A-B"": 130, ""A-C"": 0, ""A-D"": 43, ""B-C"": 41, ""B-D"": 0, ""C-D"": 129}"	[1, 2, 3, 4, 64, 65, 68, 69, 70, 72, 73, 74, 78, 79, 81, 82, 83, 85, 86, 89, 90, 93, 94, 95, 96, 97, 99, 131, 133, 145, 148, 149, 152, 153, 155, 156, 182, 186, 191, 192, 194, 210, 216, 217, 219, 234, 237, 238, 239, 241, 263, 266, 267, 270, 271, 272, 275, 276, 277, 278, 334, 336, 337, 338, 340, 342, 343, 346, 347, 349, 350, 351, 354, 372, 373, 375]	experiments/e133_c4_iptm80_multiseed_batch02/af3/out_s5/ova_body_c4_06/seed-2_sample-2/ova_body_c4_06_seed-2_sample-2_summary_confidences.json	experiments/e133_c4_iptm80_multiseed_batch02/af3/out_s5/ova_body_c4_06/seed-2_sample-2/ova_body_c4_06_seed-2_sample-2_model.cif
ova_body_c4_06	seed-2_sample-3	4	0.35	0.49	85.70924864655332	nan	nan	0.38	0.0	6	4	1	0	390	390	0	0.36	0.24	15.170000000000002	"{""A-B"": 109, ""A-C"": 56, ""A-D"": 31, ""B-C"": 31, ""B-D"": 57, ""C-D"": 106}"	[1, 2, 3, 4, 6, 64, 65, 68, 69, 70, 71, 72, 73, 74, 78, 79, 82, 83, 86, 93, 94, 95, 96, 97, 99, 110, 113, 114, 116, 117, 119, 120, 123, 124, 131, 132, 133, 134, 138, 141, 142, 144, 145, 148, 149, 152, 155, 156, 157, 182, 184, 217, 219, 234, 236, 238, 239, 241, 266, 270, 271, 272, 275, 276, 277, 278, 340, 341, 342, 343, 345, 346, 347, 348, 349, 350, 351, 354, 355, 372, 373, 375]	experiments/e133_c4_iptm80_multiseed_batch02/af3/out_s5/ova_body_c4_06/seed-2_sample-3/ova_body_c4_06_seed-2_sample-3_summary_confidences.json	experiments/e133_c4_iptm80_multiseed_batch02/af3/out_s5/ova_body_c4_06/seed-2_sample-3/ova_body_c4_06_seed-2_sample-3_model.cif
ova_body_c4_06	seed-2_sample-4	4	0.31	0.47	85.52968909703388	nan	nan	0.34	0.0	6	4	1	0	473	473	0	0.34	0.20500000000000002	17.78	"{""A-B"": 123, ""A-C"": 95, ""A-D"": 16, ""B-C"": 17, ""B-D"": 97, ""C-D"": 125}"	[1, 2, 3, 4, 5, 6, 63, 64, 65, 68, 69, 70, 71, 72, 74, 78, 79, 82, 83, 86, 90, 92, 93, 94, 95, 96, 97, 110, 111, 113, 114, 116, 119, 120, 122, 123, 124, 126, 127, 128, 129, 130, 131, 132, 133, 134, 137, 138, 141, 142, 144, 145, 148, 149, 151, 152, 153, 155, 156, 182, 186, 216, 217, 219, 234, 236, 237, 238, 239, 241, 266, 271, 272, 273, 274, 275, 276, 277, 278, 336, 338, 340, 342, 346, 347, 349, 350, 351, 354, 355, 372, 373, 375]	experiments/e133_c4_iptm80_multiseed_batch02/af3/out_s5/ova_body_c4_06/seed-2_sample-4/ova_body_c4_06_seed-2_sample-4_summary_confidences.json	experiments/e133_c4_iptm80_multiseed_batch02/af3/out_s5/ova_body_c4_06/seed-2_sample-4/ova_body_c4_06_seed-2_sample-4_model.cif
ova_body_c4_06	seed-3_sample-0	4	0.8	0.84	89.21362672321537	nan	nan	0.81	0.0	6	4	1	0	190	190	0	0.76	0.75	3.25	"{""A-B"": 39, ""A-C"": 12, ""A-D"": 45, ""B-C"": 45, ""B-D"": 11, ""C-D"": 38}"	[82, 83, 86, 90, 95, 96, 97, 98, 99, 182, 184, 190, 191, 192, 193, 216, 217, 236, 271, 272, 276, 278, 337, 338, 339, 340, 341, 342, 343, 344, 345, 346, 347, 348, 349, 350, 351, 354, 355, 373, 374]	experiments/e133_c4_iptm80_multiseed_batch02/af3/out_s5/ova_body_c4_06/seed-3_sample-0/ova_body_c4_06_seed-3_sample-0_summary_confidences.json	experiments/e133_c4_iptm80_multiseed_batch02/af3/out_s5/ova_body_c4_06/seed-3_sample-0/ova_body_c4_06_seed-3_sample-0_model.cif
ova_body_c4_06	seed-3_sample-1	4	0.82	0.86	89.57295361454622	nan	nan	0.83	0.0	6	4	1	0	195	195	0	0.78	0.78	2.765	"{""A-B"": 28, ""A-C"": 12, ""A-D"": 57, ""B-C"": 58, ""B-D"": 12, ""C-D"": 28}"	[82, 83, 86, 90, 95, 96, 97, 98, 99, 182, 184, 190, 191, 192, 193, 216, 217, 236, 271, 272, 276, 278, 337, 338, 339, 340, 341, 342, 343, 344, 345, 346, 347, 348, 349, 350, 353, 354, 355, 373, 374]	experiments/e133_c4_iptm80_multiseed_batch02/af3/out_s5/ova_body_c4_06/seed-3_sample-1/ova_body_c4_06_seed-3_sample-1_summary_confidences.json	experiments/e133_c4_iptm80_multiseed_batch02/af3/out_s5/ova_body_c4_06/seed-3_sample-1/ova_body_c4_06_seed-3_sample-1_model.cif
ova_body_c4_06	seed-3_sample-2	4	0.81	0.84	89.22911934531415	nan	nan	0.81	0.0	6	4	1	0	199	199	0	0.76	0.76	3.1100000000000003	"{""A-B"": 27, ""A-C"": 23, ""A-D"": 49, ""B-C"": 51, ""B-D"": 23, ""C-D"": 26}"	[1, 2, 82, 83, 86, 90, 95, 96, 97, 98, 99, 182, 184, 190, 191, 192, 193, 216, 217, 236, 266, 270, 271, 272, 278, 337, 338, 339, 340, 341, 342, 343, 344, 345, 346, 347, 348, 349, 350, 351, 354, 373, 374, 375]	experiments/e133_c4_iptm80_multiseed_batch02/af3/out_s5/ova_body_c4_06/seed-3_sample-2/ova_body_c4_06_seed-3_sample-2_summary_confidences.json	experiments/e133_c4_iptm80_multiseed_batch02/af3/out_s5/ova_body_c4_06/seed-3_sample-2/ova_body_c4_06_seed-3_sample-2_model.cif
ova_body_c4_06	seed-3_sample-3	4	0.79	0.83	89.28401559622176	nan	nan	0.8	0.0	6	4	1	0	189	189	0	0.75	0.745	3.38	"{""A-B"": 31, ""A-C"": 12, ""A-D"": 51, ""B-C"": 51, ""B-D"": 13, ""C-D"": 31}"	[82, 83, 86, 87, 90, 95, 96, 97, 98, 99, 182, 184, 190, 191, 192, 193, 216, 217, 236, 271, 272, 276, 278, 337, 338, 339, 340, 341, 342, 343, 344, 345, 346, 347, 348, 349, 350, 351, 354, 373, 374]	experiments/e133_c4_iptm80_multiseed_batch02/af3/out_s5/ova_body_c4_06/seed-3_sample-3/ova_body_c4_06_seed-3_sample-3_summary_confidences.json	experiments/e133_c4_iptm80_multiseed_batch02/af3/out_s5/ova_body_c4_06/seed-3_sample-3/ova_body_c4_06_seed-3_sample-3_model.cif
ova_body_c4_06	seed-3_sample-4	4	0.8	0.84	89.65984459120993	nan	nan	0.81	0.0	6	4	1	0	185	185	0	0.76	0.76	3.175	"{""A-B"": 29, ""A-C"": 12, ""A-D"": 53, ""B-C"": 51, ""B-D"": 12, ""C-D"": 28}"	[1, 86, 90, 95, 96, 97, 98, 99, 182, 184, 190, 191, 192, 193, 216, 217, 236, 270, 271, 272, 278, 337, 338, 339, 340, 341, 342, 343, 344, 345, 346, 347, 348, 349, 350, 351, 354, 373, 374]	experiments/e133_c4_iptm80_multiseed_batch02/af3/out_s5/ova_body_c4_06/seed-3_sample-4/ova_body_c4_06_seed-3_sample-4_summary_confidences.json	experiments/e133_c4_iptm80_multiseed_batch02/af3/out_s5/ova_body_c4_06/seed-3_sample-4/ova_body_c4_06_seed-3_sample-4_model.cif
ova_body_c4_06	seed-4_sample-0	4	0.81	0.85	89.80888596964624	nan	nan	0.82	0.0	6	4	1	0	200	200	0	0.77	0.77	2.8099999999999996	"{""A-B"": 29, ""A-C"": 10, ""A-D"": 61, ""B-C"": 60, ""B-D"": 10, ""C-D"": 30}"	[82, 86, 90, 95, 96, 97, 98, 99, 182, 184, 190, 191, 192, 193, 216, 217, 236, 271, 272, 277, 278, 337, 338, 339, 340, 341, 342, 343, 344, 345, 346, 347, 348, 349, 350, 351, 354, 373, 374]	experiments/e133_c4_iptm80_multiseed_batch02/af3/out_s5/ova_body_c4_06/seed-4_sample-0/ova_body_c4_06_seed-4_sample-0_summary_confidences.json	experiments/e133_c4_iptm80_multiseed_batch02/af3/out_s5/ova_body_c4_06/seed-4_sample-0/ova_body_c4_06_seed-4_sample-0_model.cif
ova_body_c4_06	seed-4_sample-1	4	0.82	0.85	89.9812434893198	nan	nan	0.82	0.0	6	4	1	0	177	177	0	0.78	0.775	2.9050000000000002	"{""A-B"": 29, ""A-C"": 9, ""A-D"": 51, ""B-C"": 51, ""B-D"": 8, ""C-D"": 29}"	[82, 86, 90, 95, 96, 97, 98, 99, 182, 184, 190, 191, 192, 193, 216, 217, 236, 271, 272, 278, 337, 338, 339, 340, 341, 342, 343, 344, 345, 346, 347, 348, 349, 350, 351, 354, 373, 374]	experiments/e133_c4_iptm80_multiseed_batch02/af3/out_s5/ova_body_c4_06/seed-4_sample-1/ova_body_c4_06_seed-4_sample-1_summary_confidences.json	experiments/e133_c4_iptm80_multiseed_batch02/af3/out_s5/ova_body_c4_06/seed-4_sample-1/ova_body_c4_06_seed-4_sample-1_model.cif
ova_body_c4_06	seed-4_sample-2	4	0.83	0.86	89.40246106676487	nan	nan	0.83	0.0	6	4	1	0	206	206	0	0.79	0.785	2.69	"{""A-B"": 38, ""A-C"": 18, ""A-D"": 48, ""B-C"": 48, ""B-D"": 18, ""C-D"": 36}"	[1, 82, 83, 86, 90, 95, 96, 97, 98, 99, 182, 184, 190, 191, 192, 193, 216, 217, 236, 266, 270, 271, 272, 278, 337, 338, 339, 340, 341, 342, 343, 344, 345, 346, 347, 348, 349, 350, 352, 353, 354, 355, 373, 374]	experiments/e133_c4_iptm80_multiseed_batch02/af3/out_s5/ova_body_c4_06/seed-4_sample-2/ova_body_c4_06_seed-4_sample-2_summary_confidences.json	experiments/e133_c4_iptm80_multiseed_batch02/af3/out_s5/ova_body_c4_06/seed-4_sample-2/ova_body_c4_06_seed-4_sample-2_model.cif
ova_body_c4_06	seed-4_sample-3	4	0.82	0.85	89.37466327884654	nan	nan	0.82	0.0	6	4	1	0	168	168	0	0.78	0.77	2.85	"{""A-B"": 25, ""A-C"": 13, ""A-D"": 46, ""B-C"": 45, ""B-D"": 14, ""C-D"": 25}"	[82, 83, 86, 87, 90, 95, 96, 97, 98, 99, 182, 184, 190, 191, 192, 193, 216, 217, 236, 271, 272, 278, 337, 338, 339, 340, 341, 342, 343, 344, 345, 346, 347, 348, 349, 350, 351, 354, 373, 374]	experiments/e133_c4_iptm80_multiseed_batch02/af3/out_s5/ova_body_c4_06/seed-4_sample-3/ova_body_c4_06_seed-4_sample-3_summary_confidences.json	experiments/e133_c4_iptm80_multiseed_batch02/af3/out_s5/ova_body_c4_06/seed-4_sample-3/ova_body_c4_06_seed-4_sample-3_model.cif
ova_body_c4_06	seed-4_sample-4	4	0.82	0.85	89.36634717951166	nan	nan	0.83	0.0	6	4	1	0	180	180	0	0.78	0.78	2.85	"{""A-B"": 25, ""A-C"": 12, ""A-D"": 52, ""B-C"": 52, ""B-D"": 12, ""C-D"": 27}"	[82, 83, 86, 90, 95, 96, 97, 98, 99, 182, 184, 190, 191, 192, 193, 216, 217, 236, 271, 272, 278, 337, 338, 339, 340, 341, 342, 343, 344, 345, 346, 347, 348, 349, 350, 351, 354, 373, 374]	experiments/e133_c4_iptm80_multiseed_batch02/af3/out_s5/ova_body_c4_06/seed-4_sample-4/ova_body_c4_06_seed-4_sample-4_summary_confidences.json	experiments/e133_c4_iptm80_multiseed_batch02/af3/out_s5/ova_body_c4_06/seed-4_sample-4/ova_body_c4_06_seed-4_sample-4_model.cif
ova_body_c4_06	seed-5_sample-0	4	0.29	0.45	84.98691709053949	nan	nan	0.32	0.0	6	4	1	0	427	427	0	0.31	0.21	17.595	"{""A-B"": 100, ""A-C"": 72, ""A-D"": 40, ""B-C"": 39, ""B-D"": 75, ""C-D"": 101}"	[1, 2, 3, 4, 6, 64, 65, 68, 70, 71, 72, 73, 74, 78, 79, 82, 83, 86, 90, 93, 94, 95, 96, 97, 99, 110, 113, 114, 116, 119, 120, 123, 124, 125, 127, 128, 129, 131, 132, 133, 134, 138, 141, 142, 144, 145, 148, 149, 151, 152, 153, 155, 156, 157, 182, 186, 191, 217, 234, 236, 237, 238, 239, 241, 271, 272, 275, 276, 277, 278, 334, 336, 337, 338, 339, 340, 342, 343, 346, 348, 349, 350, 351, 354, 355, 372, 373, 375]	experiments/e133_c4_iptm80_multiseed_batch02/af3/out_s5/ova_body_c4_06/seed-5_sample-0/ova_body_c4_06_seed-5_sample-0_summary_confidences.json	experiments/e133_c4_iptm80_multiseed_batch02/af3/out_s5/ova_body_c4_06/seed-5_sample-0/ova_body_c4_06_seed-5_sample-0_model.cif
ova_body_c4_06	seed-5_sample-1	4	0.32	0.47	85.84316070833354	nan	nan	0.35	0.0	6	4	1	0	370	370	0	0.39	0.2	19.0	"{""A-B"": 126, ""A-C"": 19, ""A-D"": 35, ""B-C"": 35, ""B-D"": 22, ""C-D"": 133}"	[1, 2, 3, 64, 65, 68, 69, 70, 71, 72, 73, 74, 78, 79, 81, 82, 83, 86, 89, 90, 93, 94, 95, 96, 110, 116, 119, 120, 123, 124, 125, 131, 132, 133, 134, 145, 148, 149, 152, 155, 156, 159, 186, 187, 191, 192, 216, 217, 234, 237, 238, 239, 241, 271, 275, 276, 277, 278, 338, 341, 342, 343, 344, 345, 346, 347, 348, 349, 350, 351, 354, 355, 372, 373, 375]	experiments/e133_c4_iptm80_multiseed_batch02/af3/out_s5/ova_body_c4_06/seed-5_sample-1/ova_body_c4_06_seed-5_sample-1_summary_confidences.json	experiments/e133_c4_iptm80_multiseed_batch02/af3/out_s5/ova_body_c4_06/seed-5_sample-1/ova_body_c4_06_seed-5_sample-1_model.cif
ova_body_c4_06	seed-5_sample-2	4	0.31	0.47	85.6152075238796	nan	nan	0.34	0.0	6	4	1	0	341	341	0	0.35	0.195	18.29	"{""A-B"": 111, ""A-C"": 41, ""A-D"": 19, ""B-C"": 19, ""B-D"": 39, ""C-D"": 112}"	[1, 2, 3, 4, 6, 64, 65, 68, 69, 70, 71, 72, 73, 74, 78, 79, 82, 83, 86, 93, 94, 95, 96, 97, 110, 113, 116, 119, 120, 123, 124, 125, 131, 132, 134, 138, 141, 142, 144, 145, 148, 149, 151, 152, 155, 156, 217, 219, 234, 238, 239, 241, 266, 270, 271, 272, 275, 276, 277, 278, 340, 341, 342, 344, 345, 346, 347, 349, 350, 351, 354, 355, 372, 373, 375]	experiments/e133_c4_iptm80_multiseed_batch02/af3/out_s5/ova_body_c4_06/seed-5_sample-2/ova_body_c4_06_seed-5_sample-2_summary_confidences.json	experiments/e133_c4_iptm80_multiseed_batch02/af3/out_s5/ova_body_c4_06/seed-5_sample-2/ova_body_c4_06_seed-5_sample-2_model.cif
ova_body_c4_06	seed-5_sample-3	4	0.3	0.46	85.9802849033336	nan	nan	0.33	0.0	4	4	1	0	304	304	0	0.38	0.275	17.725	"{""A-B"": 122, ""A-C"": 0, ""A-D"": 28, ""B-C"": 33, ""B-D"": 0, ""C-D"": 121}"	[1, 2, 3, 64, 65, 68, 69, 70, 71, 72, 73, 74, 78, 79, 81, 82, 83, 86, 89, 90, 94, 95, 96, 121, 124, 125, 144, 145, 148, 149, 151, 152, 155, 156, 186, 187, 188, 191, 192, 194, 216, 217, 234, 236, 237, 238, 239, 241, 271, 275, 276, 277, 278, 336, 337, 338, 341, 342, 344, 345, 346, 347, 349, 350, 351, 354, 355, 372, 373, 375]	experiments/e133_c4_iptm80_multiseed_batch02/af3/out_s5/ova_body_c4_06/seed-5_sample-3/ova_body_c4_06_seed-5_sample-3_summary_confidences.json	experiments/e133_c4_iptm80_multiseed_batch02/af3/out_s5/ova_body_c4_06/seed-5_sample-3/ova_body_c4_06_seed-5_sample-3_model.cif
ova_body_c4_06	seed-5_sample-4	4	0.31	0.47	85.865544057263	nan	nan	0.35	0.0	6	4	1	0	406	406	0	0.39	0.18	20.455	"{""A-B"": 140, ""A-C"": 49, ""A-D"": 13, ""B-C"": 13, ""B-D"": 52, ""C-D"": 139}"	[1, 2, 3, 4, 64, 65, 68, 69, 70, 71, 72, 73, 74, 78, 79, 81, 82, 83, 86, 89, 90, 93, 94, 95, 96, 110, 113, 114, 116, 117, 119, 120, 121, 123, 124, 125, 132, 133, 134, 138, 141, 142, 144, 145, 148, 149, 152, 155, 156, 186, 187, 216, 217, 234, 236, 237, 238, 239, 241, 266, 271, 275, 276, 277, 278, 341, 342, 344, 345, 346, 347, 349, 350, 351, 354, 355, 372, 373, 375]	experiments/e133_c4_iptm80_multiseed_batch02/af3/out_s5/ova_body_c4_06/seed-5_sample-4/ova_body_c4_06_seed-5_sample-4_summary_confidences.json	experiments/e133_c4_iptm80_multiseed_batch02/af3/out_s5/ova_body_c4_06/seed-5_sample-4/ova_body_c4_06_seed-5_sample-4_model.cif
ova_body_c4_07	seed-2_sample-0	4	0.81	0.85	89.81743511140655	nan	nan	0.82	0.0	6	4	1	0	170	170	0	0.78	0.77	2.885	"{""A-B"": 23, ""A-C"": 53, ""A-D"": 10, ""B-C"": 8, ""B-D"": 53, ""C-D"": 23}"	[86, 87, 90, 95, 96, 97, 98, 99, 182, 184, 190, 191, 192, 193, 216, 217, 236, 271, 272, 278, 337, 338, 339, 340, 341, 342, 343, 344, 345, 346, 347, 348, 349, 350, 351, 354, 373, 374]	experiments/e133_c4_iptm80_multiseed_batch02/af3/out_s6/ova_body_c4_07/seed-2_sample-0/ova_body_c4_07_seed-2_sample-0_summary_confidences.json	experiments/e133_c4_iptm80_multiseed_batch02/af3/out_s6/ova_body_c4_07/seed-2_sample-0/ova_body_c4_07_seed-2_sample-0_model.cif
ova_body_c4_07	seed-2_sample-1	4	0.81	0.84	89.72937821106589	nan	nan	0.82	0.0	6	4	1	0	165	165	0	0.77	0.77	2.895	"{""A-B"": 20, ""A-C"": 52, ""A-D"": 11, ""B-C"": 11, ""B-D"": 51, ""C-D"": 20}"	[82, 83, 86, 90, 95, 96, 97, 98, 99, 182, 184, 190, 191, 192, 193, 216, 217, 236, 271, 272, 278, 337, 338, 339, 340, 341, 342, 343, 344, 345, 346, 347, 348, 349, 350, 351, 354, 373, 374]	experiments/e133_c4_iptm80_multiseed_batch02/af3/out_s6/ova_body_c4_07/seed-2_sample-1/ova_body_c4_07_seed-2_sample-1_summary_confidences.json	experiments/e133_c4_iptm80_multiseed_batch02/af3/out_s6/ova_body_c4_07/seed-2_sample-1/ova_body_c4_07_seed-2_sample-1_model.cif
ova_body_c4_07	seed-2_sample-2	4	0.81	0.84	89.78116572088528	nan	nan	0.82	0.0	6	4	1	0	176	176	0	0.77	0.77	2.9	"{""A-B"": 26, ""A-C"": 52, ""A-D"": 11, ""B-C"": 8, ""B-D"": 53, ""C-D"": 26}"	[82, 83, 86, 90, 95, 96, 97, 98, 99, 182, 184, 190, 191, 192, 193, 216, 217, 236, 271, 272, 278, 337, 338, 339, 340, 341, 342, 343, 344, 345, 346, 347, 348, 349, 350, 351, 354, 373, 374]	experiments/e133_c4_iptm80_multiseed_batch02/af3/out_s6/ova_body_c4_07/seed-2_sample-2/ova_body_c4_07_seed-2_sample-2_summary_confidences.json	experiments/e133_c4_iptm80_multiseed_batch02/af3/out_s6/ova_body_c4_07/seed-2_sample-2/ova_body_c4_07_seed-2_sample-2_model.cif
ova_body_c4_07	seed-2_sample-3	4	0.81	0.85	89.90797931295603	nan	nan	0.82	0.0	6	4	1	0	168	168	0	0.78	0.77	2.81	"{""A-B"": 28, ""A-C"": 46, ""A-D"": 9, ""B-C"": 10, ""B-D"": 46, ""C-D"": 29}"	[86, 87, 90, 95, 96, 97, 98, 99, 182, 184, 190, 191, 192, 193, 216, 217, 236, 271, 272, 277, 278, 338, 339, 340, 341, 342, 343, 344, 345, 346, 347, 348, 349, 350, 351, 354, 373, 374]	experiments/e133_c4_iptm80_multiseed_batch02/af3/out_s6/ova_body_c4_07/seed-2_sample-3/ova_body_c4_07_seed-2_sample-3_summary_confidences.json	experiments/e133_c4_iptm80_multiseed_batch02/af3/out_s6/ova_body_c4_07/seed-2_sample-3/ova_body_c4_07_seed-2_sample-3_model.cif
ova_body_c4_07	seed-2_sample-4	4	0.81	0.84	89.423186425718	nan	nan	0.81	0.0	6	4	1	0	184	184	0	0.77	0.77	2.9699999999999998	"{""A-B"": 25, ""A-C"": 53, ""A-D"": 13, ""B-C"": 14, ""B-D"": 53, ""C-D"": 26}"	[82, 83, 86, 87, 90, 95, 96, 97, 98, 99, 182, 184, 190, 191, 192, 193, 216, 217, 236, 271, 272, 278, 337, 338, 339, 340, 341, 342, 343, 344, 345, 346, 347, 348, 349, 350, 351, 354, 373, 374]	experiments/e133_c4_iptm80_multiseed_batch02/af3/out_s6/ova_body_c4_07/seed-2_sample-4/ova_body_c4_07_seed-2_sample-4_summary_confidences.json	experiments/e133_c4_iptm80_multiseed_batch02/af3/out_s6/ova_body_c4_07/seed-2_sample-4/ova_body_c4_07_seed-2_sample-4_model.cif
ova_body_c4_07	seed-3_sample-0	4	0.82	0.85	89.25645065307617	nan	nan	0.82	0.0	6	4	1	0	191	191	0	0.78	0.77	2.88	"{""A-B"": 13, ""A-C"": 51, ""A-D"": 29, ""B-C"": 33, ""B-D"": 52, ""C-D"": 13}"	[82, 83, 86, 87, 90, 95, 96, 97, 98, 99, 182, 184, 190, 191, 192, 193, 216, 217, 236, 271, 272, 277, 278, 337, 338, 339, 340, 341, 342, 343, 344, 345, 346, 347, 348, 349, 350, 351, 354, 373, 374]	experiments/e133_c4_iptm80_multiseed_batch02/af3/out_s6/ova_body_c4_07/seed-3_sample-0/ova_body_c4_07_seed-3_sample-0_summary_confidences.json	experiments/e133_c4_iptm80_multiseed_batch02/af3/out_s6/ova_body_c4_07/seed-3_sample-0/ova_body_c4_07_seed-3_sample-0_model.cif
ova_body_c4_07	seed-3_sample-1	4	0.82	0.85	89.38601004644997	nan	nan	0.82	0.0	6	4	1	0	189	189	0	0.78	0.775	2.825	"{""A-B"": 13, ""A-C"": 54, ""A-D"": 28, ""B-C"": 27, ""B-D"": 54, ""C-D"": 13}"	[82, 83, 86, 87, 90, 95, 96, 97, 98, 99, 182, 184, 190, 191, 192, 193, 216, 217, 236, 271, 272, 278, 337, 338, 339, 340, 341, 342, 343, 344, 345, 346, 347, 348, 349, 350, 351, 354, 373, 374]	experiments/e133_c4_iptm80_multiseed_batch02/af3/out_s6/ova_body_c4_07/seed-3_sample-1/ova_body_c4_07_seed-3_sample-1_summary_confidences.json	experiments/e133_c4_iptm80_multiseed_batch02/af3/out_s6/ova_body_c4_07/seed-3_sample-1/ova_body_c4_07_seed-3_sample-1_model.cif
ova_body_c4_07	seed-3_sample-2	4	0.81	0.84	89.79243522604513	nan	nan	0.82	0.0	6	4	1	0	174	174	0	0.77	0.765	2.915	"{""A-B"": 11, ""A-C"": 56, ""A-D"": 20, ""B-C"": 20, ""B-D"": 56, ""C-D"": 11}"	[1, 86, 87, 90, 95, 96, 97, 98, 99, 182, 184, 190, 191, 192, 193, 216, 217, 236, 271, 272, 278, 337, 338, 339, 340, 341, 342, 343, 344, 345, 346, 347, 348, 349, 350, 351, 354, 373, 374]	experiments/e133_c4_iptm80_multiseed_batch02/af3/out_s6/ova_body_c4_07/seed-3_sample-2/ova_body_c4_07_seed-3_sample-2_summary_confidences.json	experiments/e133_c4_iptm80_multiseed_batch02/af3/out_s6/ova_body_c4_07/seed-3_sample-2/ova_body_c4_07_seed-3_sample-2_model.cif
ova_body_c4_07	seed-3_sample-3	4	0.81	0.84	89.71893795784273	nan	nan	0.82	0.0	6	4	1	0	179	179	0	0.77	0.77	2.9000000000000004	"{""A-B"": 8, ""A-C"": 52, ""A-D"": 30, ""B-C"": 30, ""B-D"": 51, ""C-D"": 8}"	[86, 90, 94, 95, 96, 97, 98, 99, 182, 184, 190, 191, 192, 193, 216, 217, 236, 271, 272, 278, 337, 338, 339, 340, 341, 342, 343, 344, 345, 346, 347, 348, 349, 350, 351, 354, 355, 373, 374]	experiments/e133_c4_iptm80_multiseed_batch02/af3/out_s6/ova_body_c4_07/seed-3_sample-3/ova_body_c4_07_seed-3_sample-3_summary_confidences.json	experiments/e133_c4_iptm80_multiseed_batch02/af3/out_s6/ova_body_c4_07/seed-3_sample-3/ova_body_c4_07_seed-3_sample-3_model.cif
ova_body_c4_07	seed-3_sample-4	4	0.82	0.85	89.48471502195368	nan	nan	0.82	0.0	6	4	1	0	190	190	0	0.78	0.78	2.825	"{""A-B"": 14, ""A-C"": 48, ""A-D"": 35, ""B-C"": 31, ""B-D"": 48, ""C-D"": 14}"	[82, 83, 86, 87, 90, 95, 96, 97, 98, 99, 182, 184, 190, 191, 192, 193, 216, 217, 236, 271, 272, 278, 337, 338, 339, 340, 341, 342, 343, 344, 345, 346, 347, 348, 349, 350, 352, 353, 354, 355, 373, 374]	experiments/e133_c4_iptm80_multiseed_batch02/af3/out_s6/ova_body_c4_07/seed-3_sample-4/ova_body_c4_07_seed-3_sample-4_summary_confidences.json	experiments/e133_c4_iptm80_multiseed_batch02/af3/out_s6/ova_body_c4_07/seed-3_sample-4/ova_body_c4_07_seed-3_sample-4_model.cif
ova_body_c4_07	seed-4_sample-0	4	0.81	0.84	89.52930046239665	nan	nan	0.81	0.0	6	4	1	0	188	188	0	0.77	0.765	2.93	"{""A-B"": 8, ""A-C"": 49, ""A-D"": 35, ""B-C"": 35, ""B-D"": 49, ""C-D"": 12}"	[83, 86, 90, 95, 96, 97, 98, 99, 182, 184, 190, 191, 192, 193, 216, 217, 236, 271, 272, 278, 337, 338, 339, 340, 341, 342, 343, 344, 345, 346, 347, 348, 349, 350, 351, 354, 355, 373, 374]	experiments/e133_c4_iptm80_multiseed_batch02/af3/out_s6/ova_body_c4_07/seed-4_sample-0/ova_body_c4_07_seed-4_sample-0_summary_confidences.json	experiments/e133_c4_iptm80_multiseed_batch02/af3/out_s6/ova_body_c4_07/seed-4_sample-0/ova_body_c4_07_seed-4_sample-0_model.cif
ova_body_c4_07	seed-4_sample-1	4	0.81	0.85	89.75844557174129	nan	nan	0.82	0.0	6	4	1	0	178	178	0	0.78	0.77	2.8049999999999997	"{""A-B"": 9, ""A-C"": 45, ""A-D"": 34, ""B-C"": 36, ""B-D"": 44, ""C-D"": 10}"	[83, 86, 87, 90, 95, 96, 97, 98, 99, 182, 184, 190, 191, 192, 193, 216, 217, 236, 271, 272, 277, 278, 337, 338, 339, 340, 341, 342, 343, 344, 345, 346, 347, 348, 349, 350, 351, 354, 373, 374]	experiments/e133_c4_iptm80_multiseed_batch02/af3/out_s6/ova_body_c4_07/seed-4_sample-1/ova_body_c4_07_seed-4_sample-1_summary_confidences.json	experiments/e133_c4_iptm80_multiseed_batch02/af3/out_s6/ova_body_c4_07/seed-4_sample-1/ova_body_c4_07_seed-4_sample-1_model.cif
ova_body_c4_07	seed-4_sample-2	4	0.81	0.85	89.35849721444086	nan	nan	0.82	0.0	6	4	1	0	194	194	0	0.78	0.775	2.84	"{""A-B"": 14, ""A-C"": 52, ""A-D"": 30, ""B-C"": 31, ""B-D"": 54, ""C-D"": 13}"	[83, 86, 87, 90, 94, 95, 96, 97, 98, 99, 182, 184, 190, 191, 192, 193, 216, 217, 236, 271, 272, 278, 337, 338, 339, 340, 341, 342, 343, 344, 345, 346, 347, 348, 349, 350, 351, 354, 373, 374]	experiments/e133_c4_iptm80_multiseed_batch02/af3/out_s6/ova_body_c4_07/seed-4_sample-2/ova_body_c4_07_seed-4_sample-2_summary_confidences.json	experiments/e133_c4_iptm80_multiseed_batch02/af3/out_s6/ova_body_c4_07/seed-4_sample-2/ova_body_c4_07_seed-4_sample-2_model.cif
ova_body_c4_07	seed-4_sample-3	4	0.81	0.84	89.45168386469233	nan	nan	0.81	0.0	6	4	1	0	167	167	0	0.77	0.765	2.9450000000000003	"{""A-B"": 9, ""A-C"": 50, ""A-D"": 25, ""B-C"": 24, ""B-D"": 50, ""C-D"": 9}"	[83, 86, 90, 95, 96, 97, 98, 99, 182, 184, 190, 191, 192, 193, 216, 217, 236, 271, 272, 278, 337, 338, 339, 340, 341, 342, 343, 344, 345, 346, 347, 348, 349, 350, 351, 354, 373, 374]	experiments/e133_c4_iptm80_multiseed_batch02/af3/out_s6/ova_body_c4_07/seed-4_sample-3/ova_body_c4_07_seed-4_sample-3_summary_confidences.json	experiments/e133_c4_iptm80_multiseed_batch02/af3/out_s6/ova_body_c4_07/seed-4_sample-3/ova_body_c4_07_seed-4_sample-3_model.cif
ova_body_c4_07	seed-4_sample-4	4	0.81	0.84	88.962202032613	nan	nan	0.82	0.0	6	4	1	0	187	187	0	0.77	0.77	2.95	"{""A-B"": 12, ""A-C"": 51, ""A-D"": 30, ""B-C"": 31, ""B-D"": 51, ""C-D"": 12}"	[82, 83, 86, 90, 95, 96, 97, 98, 99, 182, 184, 190, 191, 192, 193, 215, 216, 217, 236, 271, 272, 278, 337, 338, 339, 340, 341, 342, 343, 344, 345, 346, 347, 348, 349, 350, 351, 354, 373, 374]	experiments/e133_c4_iptm80_multiseed_batch02/af3/out_s6/ova_body_c4_07/seed-4_sample-4/ova_body_c4_07_seed-4_sample-4_summary_confidences.json	experiments/e133_c4_iptm80_multiseed_batch02/af3/out_s6/ova_body_c4_07/seed-4_sample-4/ova_body_c4_07_seed-4_sample-4_model.cif
ova_body_c4_07	seed-5_sample-0	4	0.76	0.8	89.04966317804366	nan	nan	0.76	0.0	6	4	1	0	165	165	0	0.72	0.705	3.825	"{""A-B"": 10, ""A-C"": 23, ""A-D"": 51, ""B-C"": 51, ""B-D"": 21, ""C-D"": 9}"	[83, 86, 90, 95, 96, 97, 98, 99, 182, 184, 190, 191, 192, 193, 216, 217, 236, 271, 272, 278, 338, 339, 340, 341, 342, 343, 344, 345, 346, 347, 348, 349, 350, 351, 354, 373, 374]	experiments/e133_c4_iptm80_multiseed_batch02/af3/out_s6/ova_body_c4_07/seed-5_sample-0/ova_body_c4_07_seed-5_sample-0_summary_confidences.json	experiments/e133_c4_iptm80_multiseed_batch02/af3/out_s6/ova_body_c4_07/seed-5_sample-0/ova_body_c4_07_seed-5_sample-0_model.cif
ova_body_c4_07	seed-5_sample-1	4	0.75	0.8	89.13370465491103	nan	nan	0.76	0.0	6	4	1	0	171	171	0	0.71	0.7	3.88	"{""A-B"": 10, ""A-C"": 23, ""A-D"": 54, ""B-C"": 50, ""B-D"": 24, ""C-D"": 10}"	[86, 87, 90, 95, 96, 97, 98, 99, 182, 184, 190, 191, 192, 193, 216, 217, 236, 271, 272, 278, 337, 338, 339, 340, 341, 342, 343, 344, 345, 346, 347, 348, 349, 350, 351, 354, 373, 374]	experiments/e133_c4_iptm80_multiseed_batch02/af3/out_s6/ova_body_c4_07/seed-5_sample-1/ova_body_c4_07_seed-5_sample-1_summary_confidences.json	experiments/e133_c4_iptm80_multiseed_batch02/af3/out_s6/ova_body_c4_07/seed-5_sample-1/ova_body_c4_07_seed-5_sample-1_model.cif
ova_body_c4_07	seed-5_sample-2	4	0.74	0.79	88.89367865527849	nan	nan	0.75	0.0	6	4	1	0	190	190	0	0.7	0.7	3.91	"{""A-B"": 12, ""A-C"": 28, ""A-D"": 55, ""B-C"": 53, ""B-D"": 28, ""C-D"": 14}"	[83, 86, 87, 90, 95, 96, 97, 98, 99, 182, 184, 190, 191, 192, 193, 215, 216, 217, 236, 271, 272, 278, 337, 338, 339, 340, 341, 342, 343, 344, 345, 346, 347, 348, 349, 350, 351, 354, 373, 374]	experiments/e133_c4_iptm80_multiseed_batch02/af3/out_s6/ova_body_c4_07/seed-5_sample-2/ova_body_c4_07_seed-5_sample-2_summary_confidences.json	experiments/e133_c4_iptm80_multiseed_batch02/af3/out_s6/ova_body_c4_07/seed-5_sample-2/ova_body_c4_07_seed-5_sample-2_model.cif
ova_body_c4_07	seed-5_sample-3	4	0.76	0.81	89.10305712013047	nan	nan	0.77	0.0	6	4	1	0	200	200	0	0.72	0.72	3.66	"{""A-B"": 8, ""A-C"": 37, ""A-D"": 53, ""B-C"": 54, ""B-D"": 40, ""C-D"": 8}"	[86, 90, 95, 96, 97, 98, 99, 182, 184, 190, 191, 192, 193, 215, 216, 217, 236, 271, 272, 278, 337, 338, 339, 340, 341, 342, 343, 344, 345, 346, 347, 348, 349, 350, 351, 354, 355, 373, 374]	experiments/e133_c4_iptm80_multiseed_batch02/af3/out_s6/ova_body_c4_07/seed-5_sample-3/ova_body_c4_07_seed-5_sample-3_summary_confidences.json	experiments/e133_c4_iptm80_multiseed_batch02/af3/out_s6/ova_body_c4_07/seed-5_sample-3/ova_body_c4_07_seed-5_sample-3_model.cif
ova_body_c4_07	seed-5_sample-4	4	0.75	0.8	88.90805696082239	nan	nan	0.76	0.0	6	4	1	0	195	195	0	0.71	0.705	3.9400000000000004	"{""A-B"": 8, ""A-C"": 38, ""A-D"": 52, ""B-C"": 51, ""B-D"": 38, ""C-D"": 8}"	[86, 90, 95, 96, 97, 98, 99, 182, 184, 190, 191, 192, 193, 215, 216, 217, 236, 271, 272, 278, 337, 338, 339, 340, 341, 342, 343, 344, 345, 346, 347, 348, 349, 350, 351, 354, 355, 373, 374]	experiments/e133_c4_iptm80_multiseed_batch02/af3/out_s6/ova_body_c4_07/seed-5_sample-4/ova_body_c4_07_seed-5_sample-4_summary_confidences.json	experiments/e133_c4_iptm80_multiseed_batch02/af3/out_s6/ova_body_c4_07/seed-5_sample-4/ova_body_c4_07_seed-5_sample-4_model.cif
ova_body_c4_08	seed-2_sample-0	4	0.81	0.84	89.49645089856084	nan	nan	0.81	0.0	6	4	1	0	177	177	0	0.77	0.76	2.795	"{""A-B"": 10, ""A-C"": 58, ""A-D"": 21, ""B-C"": 22, ""B-D"": 56, ""C-D"": 10}"	[86, 90, 94, 95, 96, 97, 98, 99, 182, 184, 188, 190, 191, 192, 193, 217, 236, 271, 272, 277, 278, 337, 338, 339, 340, 341, 342, 344, 345, 346, 347, 348, 349, 350, 351, 354, 373, 374]	experiments/e133_c4_iptm80_multiseed_batch02/af3/out_s7/ova_body_c4_08/seed-2_sample-0/ova_body_c4_08_seed-2_sample-0_summary_confidences.json	experiments/e133_c4_iptm80_multiseed_batch02/af3/out_s7/ova_body_c4_08/seed-2_sample-0/ova_body_c4_08_seed-2_sample-0_model.cif
ova_body_c4_08	seed-2_sample-1	4	0.82	0.85	89.67968918004802	nan	nan	0.83	0.0	6	4	1	0	191	191	0	0.78	0.78	2.7	"{""A-B"": 12, ""A-C"": 58, ""A-D"": 26, ""B-C"": 25, ""B-D"": 58, ""C-D"": 12}"	[86, 87, 90, 95, 96, 97, 98, 99, 182, 184, 190, 191, 192, 193, 216, 217, 236, 237, 271, 272, 276, 277, 278, 337, 338, 339, 340, 341, 342, 343, 344, 345, 346, 347, 348, 349, 350, 351, 354, 373, 374]	experiments/e133_c4_iptm80_multiseed_batch02/af3/out_s7/ova_body_c4_08/seed-2_sample-1/ova_body_c4_08_seed-2_sample-1_summary_confidences.json	experiments/e133_c4_iptm80_multiseed_batch02/af3/out_s7/ova_body_c4_08/seed-2_sample-1/ova_body_c4_08_seed-2_sample-1_model.cif
ova_body_c4_08	seed-2_sample-2	4	0.83	0.86	89.16898971518087	nan	nan	0.83	0.0	6	4	1	0	182	182	0	0.79	0.78	2.69	"{""A-B"": 21, ""A-C"": 47, ""A-D"": 22, ""B-C"": 23, ""B-D"": 46, ""C-D"": 23}"	[1, 2, 82, 83, 86, 87, 90, 95, 96, 97, 98, 99, 182, 184, 190, 191, 192, 193, 216, 217, 236, 266, 270, 271, 272, 277, 278, 337, 338, 339, 340, 341, 342, 343, 344, 345, 346, 347, 349, 351, 354, 356, 373, 374, 375]	experiments/e133_c4_iptm80_multiseed_batch02/af3/out_s7/ova_body_c4_08/seed-2_sample-2/ova_body_c4_08_seed-2_sample-2_summary_confidences.json	experiments/e133_c4_iptm80_multiseed_batch02/af3/out_s7/ova_body_c4_08/seed-2_sample-2/ova_body_c4_08_seed-2_sample-2_model.cif
ova_body_c4_08	seed-2_sample-3	4	0.83	0.86	89.43336792189841	nan	nan	0.83	0.0	6	4	1	0	200	200	0	0.79	0.79	2.62	"{""A-B"": 20, ""A-C"": 50, ""A-D"": 30, ""B-C"": 29, ""B-D"": 50, ""C-D"": 21}"	[66, 83, 86, 87, 90, 95, 96, 97, 98, 99, 182, 184, 190, 191, 192, 193, 216, 217, 236, 267, 270, 271, 272, 273, 278, 337, 338, 339, 340, 341, 342, 343, 344, 345, 346, 347, 348, 349, 350, 351, 354, 355, 373, 374]	experiments/e133_c4_iptm80_multiseed_batch02/af3/out_s7/ova_body_c4_08/seed-2_sample-3/ova_body_c4_08_seed-2_sample-3_summary_confidences.json	experiments/e133_c4_iptm80_multiseed_batch02/af3/out_s7/ova_body_c4_08/seed-2_sample-3/ova_body_c4_08_seed-2_sample-3_model.cif
ova_body_c4_08	seed-2_sample-4	4	0.81	0.85	89.41313449088774	nan	nan	0.82	0.0	6	4	1	0	203	203	0	0.78	0.77	2.8200000000000003	"{""A-B"": 16, ""A-C"": 52, ""A-D"": 36, ""B-C"": 32, ""B-D"": 53, ""C-D"": 14}"	[1, 2, 83, 86, 87, 90, 94, 95, 96, 97, 98, 99, 182, 184, 188, 190, 191, 192, 193, 216, 217, 236, 271, 272, 277, 278, 337, 338, 339, 340, 341, 342, 343, 344, 345, 346, 347, 348, 349, 350, 351, 353, 354, 355, 373, 374]	experiments/e133_c4_iptm80_multiseed_batch02/af3/out_s7/ova_body_c4_08/seed-2_sample-4/ova_body_c4_08_seed-2_sample-4_summary_confidences.json	experiments/e133_c4_iptm80_multiseed_batch02/af3/out_s7/ova_body_c4_08/seed-2_sample-4/ova_body_c4_08_seed-2_sample-4_model.cif
ova_body_c4_08	seed-3_sample-0	4	0.81	0.85	89.34126939921799	nan	nan	0.82	0.0	6	4	1	0	184	184	0	0.78	0.75	3.145	"{""A-B"": 14, ""A-C"": 42, ""A-D"": 37, ""B-C"": 36, ""B-D"": 41, ""C-D"": 14}"	[82, 83, 86, 87, 90, 96, 97, 98, 99, 182, 184, 190, 191, 192, 193, 215, 216, 217, 236, 271, 272, 278, 337, 338, 339, 340, 341, 342, 343, 344, 345, 346, 347, 348, 349, 350, 351, 354, 355, 373, 374]	experiments/e133_c4_iptm80_multiseed_batch02/af3/out_s7/ova_body_c4_08/seed-3_sample-0/ova_body_c4_08_seed-3_sample-0_summary_confidences.json	experiments/e133_c4_iptm80_multiseed_batch02/af3/out_s7/ova_body_c4_08/seed-3_sample-0/ova_body_c4_08_seed-3_sample-0_model.cif
ova_body_c4_08	seed-3_sample-1	4	0.81	0.84	89.29173559475439	nan	nan	0.82	0.0	6	4	1	0	177	177	0	0.78	0.76	3.21	"{""A-B"": 15, ""A-C"": 39, ""A-D"": 34, ""B-C"": 35, ""B-D"": 40, ""C-D"": 14}"	[82, 83, 86, 87, 90, 96, 97, 98, 99, 182, 184, 190, 191, 192, 193, 215, 216, 217, 236, 239, 271, 272, 276, 278, 337, 338, 339, 340, 341, 342, 343, 344, 345, 346, 347, 348, 349, 350, 351, 354, 355, 373, 374]	experiments/e133_c4_iptm80_multiseed_batch02/af3/out_s7/ova_body_c4_08/seed-3_sample-1/ova_body_c4_08_seed-3_sample-1_summary_confidences.json	experiments/e133_c4_iptm80_multiseed_batch02/af3/out_s7/ova_body_c4_08/seed-3_sample-1/ova_body_c4_08_seed-3_sample-1_model.cif
ova_body_c4_08	seed-3_sample-2	4	0.8	0.84	89.7527459791905	nan	nan	0.81	0.0	6	4	1	0	167	167	0	0.77	0.75	3.185	"{""A-B"": 14, ""A-C"": 40, ""A-D"": 31, ""B-C"": 32, ""B-D"": 38, ""C-D"": 12}"	[82, 83, 86, 87, 90, 96, 97, 98, 99, 182, 184, 190, 191, 192, 193, 216, 217, 236, 271, 272, 278, 337, 338, 339, 340, 341, 342, 343, 344, 345, 346, 347, 348, 349, 350, 351, 352, 354, 355, 373, 374]	experiments/e133_c4_iptm80_multiseed_batch02/af3/out_s7/ova_body_c4_08/seed-3_sample-2/ova_body_c4_08_seed-3_sample-2_summary_confidences.json	experiments/e133_c4_iptm80_multiseed_batch02/af3/out_s7/ova_body_c4_08/seed-3_sample-2/ova_body_c4_08_seed-3_sample-2_model.cif
ova_body_c4_08	seed-3_sample-3	4	0.82	0.85	89.6757253933447	nan	nan	0.83	0.0	6	4	1	0	182	182	0	0.79	0.775	2.835	"{""A-B"": 13, ""A-C"": 41, ""A-D"": 37, ""B-C"": 37, ""B-D"": 42, ""C-D"": 12}"	[82, 83, 86, 87, 90, 95, 96, 97, 98, 99, 182, 184, 190, 191, 192, 193, 215, 216, 217, 236, 271, 272, 278, 337, 338, 339, 340, 341, 342, 343, 344, 345, 346, 347, 348, 349, 350, 351, 352, 354, 355, 373, 374]	experiments/e133_c4_iptm80_multiseed_batch02/af3/out_s7/ova_body_c4_08/seed-3_sample-3/ova_body_c4_08_seed-3_sample-3_summary_confidences.json	experiments/e133_c4_iptm80_multiseed_batch02/af3/out_s7/ova_body_c4_08/seed-3_sample-3/ova_body_c4_08_seed-3_sample-3_model.cif
ova_body_c4_08	seed-3_sample-4	4	0.8	0.84	89.36448181231405	nan	nan	0.81	0.0	6	4	1	0	182	182	0	0.77	0.75	3.2699999999999996	"{""A-B"": 14, ""A-C"": 39, ""A-D"": 38, ""B-C"": 38, ""B-D"": 39, ""C-D"": 14}"	[82, 83, 86, 87, 90, 96, 97, 98, 99, 182, 184, 190, 191, 192, 193, 215, 216, 217, 236, 271, 272, 278, 337, 338, 339, 340, 341, 342, 343, 344, 345, 346, 347, 348, 349, 350, 351, 352, 354, 355, 373, 374]	experiments/e133_c4_iptm80_multiseed_batch02/af3/out_s7/ova_body_c4_08/seed-3_sample-4/ova_body_c4_08_seed-3_sample-4_summary_confidences.json	experiments/e133_c4_iptm80_multiseed_batch02/af3/out_s7/ova_body_c4_08/seed-3_sample-4/ova_body_c4_08_seed-3_sample-4_model.cif
ova_body_c4_08	seed-4_sample-0	4	0.76	0.81	88.60417110067576	nan	nan	0.77	0.0	6	4	1	0	176	176	0	0.72	0.72	3.54	"{""A-B"": 12, ""A-C"": 28, ""A-D"": 49, ""B-C"": 49, ""B-D"": 26, ""C-D"": 12}"	[86, 87, 90, 95, 96, 97, 98, 99, 182, 184, 190, 191, 192, 193, 217, 236, 271, 272, 276, 277, 278, 338, 339, 340, 341, 342, 344, 345, 346, 347, 348, 351, 353, 354, 355, 373, 374]	experiments/e133_c4_iptm80_multiseed_batch02/af3/out_s7/ova_body_c4_08/seed-4_sample-0/ova_body_c4_08_seed-4_sample-0_summary_confidences.json	experiments/e133_c4_iptm80_multiseed_batch02/af3/out_s7/ova_body_c4_08/seed-4_sample-0/ova_body_c4_08_seed-4_sample-0_model.cif
ova_body_c4_08	seed-4_sample-1	4	0.79	0.83	88.45808294029433	nan	nan	0.79	0.0	6	4	1	0	172	172	0	0.75	0.735	3.23	"{""A-B"": 11, ""A-C"": 22, ""A-D"": 53, ""B-C"": 53, ""B-D"": 21, ""C-D"": 12}"	[82, 83, 86, 90, 94, 95, 96, 97, 98, 99, 182, 184, 190, 191, 192, 193, 216, 217, 236, 271, 272, 276, 278, 337, 338, 339, 340, 341, 342, 343, 344, 345, 346, 347, 348, 351, 353, 354, 373, 374]	experiments/e133_c4_iptm80_multiseed_batch02/af3/out_s7/ova_body_c4_08/seed-4_sample-1/ova_body_c4_08_seed-4_sample-1_summary_confidences.json	experiments/e133_c4_iptm80_multiseed_batch02/af3/out_s7/ova_body_c4_08/seed-4_sample-1/ova_body_c4_08_seed-4_sample-1_model.cif
ova_body_c4_08	seed-4_sample-2	4	0.77	0.81	88.7440155108358	nan	nan	0.78	0.0	6	4	1	0	194	194	0	0.73	0.72	3.315	"{""A-B"": 12, ""A-C"": 27, ""A-D"": 57, ""B-C"": 58, ""B-D"": 28, ""C-D"": 12}"	[86, 87, 90, 94, 95, 96, 97, 98, 99, 182, 184, 188, 190, 191, 192, 193, 216, 217, 236, 271, 272, 276, 277, 278, 337, 338, 339, 340, 341, 342, 343, 344, 345, 346, 347, 348, 349, 350, 354, 356, 373, 374]	experiments/e133_c4_iptm80_multiseed_batch02/af3/out_s7/ova_body_c4_08/seed-4_sample-2/ova_body_c4_08_seed-4_sample-2_summary_confidences.json	experiments/e133_c4_iptm80_multiseed_batch02/af3/out_s7/ova_body_c4_08/seed-4_sample-2/ova_body_c4_08_seed-4_sample-2_model.cif
ova_body_c4_08	seed-4_sample-3	4	0.79	0.82	88.423626973839	nan	nan	0.79	0.0	6	4	1	0	167	167	0	0.75	0.74	3.205	"{""A-B"": 13, ""A-C"": 20, ""A-D"": 51, ""B-C"": 51, ""B-D"": 19, ""C-D"": 13}"	[82, 83, 86, 87, 90, 94, 95, 96, 97, 98, 99, 182, 184, 190, 191, 192, 193, 217, 236, 237, 271, 272, 276, 277, 278, 337, 338, 339, 340, 341, 342, 344, 345, 346, 347, 348, 350, 351, 354, 373, 374]	experiments/e133_c4_iptm80_multiseed_batch02/af3/out_s7/ova_body_c4_08/seed-4_sample-3/ova_body_c4_08_seed-4_sample-3_summary_confidences.json	experiments/e133_c4_iptm80_multiseed_batch02/af3/out_s7/ova_body_c4_08/seed-4_sample-3/ova_body_c4_08_seed-4_sample-3_model.cif
ova_body_c4_08	seed-4_sample-4	4	0.76	0.81	88.10867865962686	nan	nan	0.77	0.0	6	4	1	0	208	208	0	0.72	0.72	3.67	"{""A-B"": 11, ""A-C"": 42, ""A-D"": 50, ""B-C"": 51, ""B-D"": 41, ""C-D"": 13}"	[82, 83, 86, 87, 90, 95, 96, 97, 98, 99, 182, 184, 190, 191, 192, 193, 217, 236, 271, 272, 276, 277, 278, 338, 339, 340, 341, 342, 343, 344, 345, 346, 347, 348, 349, 350, 351, 352, 354, 355, 373, 374]	experiments/e133_c4_iptm80_multiseed_batch02/af3/out_s7/ova_body_c4_08/seed-4_sample-4/ova_body_c4_08_seed-4_sample-4_summary_confidences.json	experiments/e133_c4_iptm80_multiseed_batch02/af3/out_s7/ova_body_c4_08/seed-4_sample-4/ova_body_c4_08_seed-4_sample-4_model.cif
ova_body_c4_08	seed-5_sample-0	4	0.81	0.84	88.98002576086806	nan	nan	0.81	0.0	6	4	1	0	175	175	0	0.77	0.76	3.03	"{""A-B"": 9, ""A-C"": 52, ""A-D"": 26, ""B-C"": 25, ""B-D"": 53, ""C-D"": 10}"	[86, 90, 95, 96, 97, 98, 99, 182, 184, 188, 190, 191, 192, 193, 217, 236, 271, 272, 276, 277, 278, 337, 338, 339, 340, 341, 342, 344, 345, 346, 347, 348, 349, 351, 353, 354, 356, 373, 374]	experiments/e133_c4_iptm80_multiseed_batch02/af3/out_s7/ova_body_c4_08/seed-5_sample-0/ova_body_c4_08_seed-5_sample-0_summary_confidences.json	experiments/e133_c4_iptm80_multiseed_batch02/af3/out_s7/ova_body_c4_08/seed-5_sample-0/ova_body_c4_08_seed-5_sample-0_model.cif
ova_body_c4_08	seed-5_sample-1	4	0.8	0.83	88.66546623941531	nan	nan	0.8	0.0	6	4	1	0	154	154	0	0.76	0.75	2.995	"{""A-B"": 12, ""A-C"": 47, ""A-D"": 18, ""B-C"": 19, ""B-D"": 46, ""C-D"": 12}"	[86, 87, 90, 95, 96, 97, 98, 99, 182, 184, 190, 191, 192, 193, 217, 236, 271, 272, 276, 277, 278, 337, 338, 339, 340, 341, 342, 344, 345, 346, 347, 348, 351, 354, 373, 374]	experiments/e133_c4_iptm80_multiseed_batch02/af3/out_s7/ova_body_c4_08/seed-5_sample-1/ova_body_c4_08_seed-5_sample-1_summary_confidences.json	experiments/e133_c4_iptm80_multiseed_batch02/af3/out_s7/ova_body_c4_08/seed-5_sample-1/ova_body_c4_08_seed-5_sample-1_model.cif
ova_body_c4_08	seed-5_sample-2	4	0.8	0.84	89.04005174192122	nan	nan	0.81	0.0	6	4	1	0	147	147	0	0.77	0.76	2.975	"{""A-B"": 8, ""A-C"": 45, ""A-D"": 19, ""B-C"": 19, ""B-D"": 48, ""C-D"": 8}"	[86, 90, 95, 96, 97, 98, 99, 182, 184, 190, 191, 192, 193, 216, 217, 236, 271, 272, 276, 277, 278, 338, 339, 340, 341, 342, 344, 345, 346, 347, 348, 351, 354, 373, 374]	experiments/e133_c4_iptm80_multiseed_batch02/af3/out_s7/ova_body_c4_08/seed-5_sample-2/ova_body_c4_08_seed-5_sample-2_summary_confidences.json	experiments/e133_c4_iptm80_multiseed_batch02/af3/out_s7/ova_body_c4_08/seed-5_sample-2/ova_body_c4_08_seed-5_sample-2_model.cif
ova_body_c4_08	seed-5_sample-3	4	0.8	0.84	89.01520725111887	nan	nan	0.81	0.0	6	4	1	0	163	163	0	0.77	0.76	2.99	"{""A-B"": 11, ""A-C"": 48, ""A-D"": 24, ""B-C"": 22, ""B-D"": 49, ""C-D"": 9}"	[86, 87, 90, 95, 96, 97, 98, 99, 182, 184, 190, 191, 192, 193, 217, 236, 271, 272, 276, 277, 278, 337, 338, 339, 340, 341, 342, 343, 344, 345, 346, 347, 348, 351, 353, 354, 373, 374]	experiments/e133_c4_iptm80_multiseed_batch02/af3/out_s7/ova_body_c4_08/seed-5_sample-3/ova_body_c4_08_seed-5_sample-3_summary_confidences.json	experiments/e133_c4_iptm80_multiseed_batch02/af3/out_s7/ova_body_c4_08/seed-5_sample-3/ova_body_c4_08_seed-5_sample-3_model.cif
ova_body_c4_08	seed-5_sample-4	4	0.79	0.83	88.62414501368073	nan	nan	0.8	0.0	6	4	1	0	195	195	0	0.75	0.75	3.34	"{""A-B"": 13, ""A-C"": 52, ""A-D"": 31, ""B-C"": 34, ""B-D"": 53, ""C-D"": 12}"	[82, 83, 86, 90, 95, 96, 97, 98, 99, 182, 184, 190, 191, 192, 193, 216, 217, 236, 271, 272, 276, 278, 337, 338, 339, 340, 341, 342, 343, 344, 345, 346, 347, 348, 349, 350, 351, 354, 355, 373, 374]	experiments/e133_c4_iptm80_multiseed_batch02/af3/out_s7/ova_body_c4_08/seed-5_sample-4/ova_body_c4_08_seed-5_sample-4_summary_confidences.json	experiments/e133_c4_iptm80_multiseed_batch02/af3/out_s7/ova_body_c4_08/seed-5_sample-4/ova_body_c4_08_seed-5_sample-4_model.cif
