system	model	n_chains	iptm	ptm	min_ova_plddt	min_module_plddt	min_binder_plddt	ranking_score	has_clash	contact_edges	largest_component	full_connected	module_full_connected	total_contacts	ova_contacts	module_contacts	min_incident_iptm	contact_pair_iptm_median	contact_pair_pae_median	contacts_json	interface_residues_json	summary_path	cif_path
ova_body_c4_01	seed-1_sample-0	4	0.82	0.85	89.79803101139365	nan	nan	0.83	0.0	6	4	1	0	171	171	0	0.79	0.79	2.605	"{""A-B"": 15, ""A-C"": 56, ""A-D"": 15, ""B-C"": 15, ""B-D"": 55, ""C-D"": 15}"	[83, 86, 87, 90, 94, 95, 96, 97, 98, 99, 182, 184, 188, 190, 191, 192, 193, 216, 217, 236, 271, 272, 275, 278, 337, 338, 339, 340, 341, 342, 343, 344, 345, 346, 347, 348, 349, 350, 354, 373, 374]	experiments/e126_c4_iptm80_continue_af3_seed1/out_s0/ova_body_c4_01/seed-1_sample-0/ova_body_c4_01_seed-1_sample-0_summary_confidences.json	experiments/e126_c4_iptm80_continue_af3_seed1/out_s0/ova_body_c4_01/seed-1_sample-0/ova_body_c4_01_seed-1_sample-0_model.cif
ova_body_c4_01	seed-1_sample-1	4	0.82	0.85	89.80577726808855	nan	nan	0.82	0.0	6	4	1	0	172	172	0	0.78	0.775	2.66	"{""A-B"": 15, ""A-C"": 57, ""A-D"": 16, ""B-C"": 16, ""B-D"": 54, ""C-D"": 14}"	[83, 86, 87, 90, 93, 94, 95, 96, 97, 98, 99, 182, 184, 190, 191, 192, 193, 216, 217, 236, 271, 272, 276, 278, 337, 338, 339, 340, 341, 342, 343, 344, 345, 346, 347, 348, 349, 350, 354, 373, 374]	experiments/e126_c4_iptm80_continue_af3_seed1/out_s0/ova_body_c4_01/seed-1_sample-1/ova_body_c4_01_seed-1_sample-1_summary_confidences.json	experiments/e126_c4_iptm80_continue_af3_seed1/out_s0/ova_body_c4_01/seed-1_sample-1/ova_body_c4_01_seed-1_sample-1_model.cif
ova_body_c4_01	seed-1_sample-2	4	0.82	0.85	89.94761652773526	nan	nan	0.83	0.0	6	4	1	0	185	185	0	0.78	0.78	2.5949999999999998	"{""A-B"": 15, ""A-C"": 57, ""A-D"": 19, ""B-C"": 20, ""B-D"": 60, ""C-D"": 14}"	[82, 83, 86, 87, 90, 94, 95, 96, 97, 98, 99, 182, 184, 188, 190, 191, 192, 193, 216, 217, 236, 271, 272, 278, 337, 338, 339, 340, 341, 342, 343, 344, 345, 346, 347, 348, 350, 353, 354, 373, 374]	experiments/e126_c4_iptm80_continue_af3_seed1/out_s0/ova_body_c4_01/seed-1_sample-2/ova_body_c4_01_seed-1_sample-2_summary_confidences.json	experiments/e126_c4_iptm80_continue_af3_seed1/out_s0/ova_body_c4_01/seed-1_sample-2/ova_body_c4_01_seed-1_sample-2_model.cif
ova_body_c4_01	seed-1_sample-3	4	0.83	0.86	89.90080316573227	nan	nan	0.83	0.0	6	4	1	0	174	174	0	0.79	0.79	2.575	"{""A-B"": 12, ""A-C"": 56, ""A-D"": 17, ""B-C"": 18, ""B-D"": 59, ""C-D"": 12}"	[86, 87, 90, 94, 95, 96, 97, 98, 99, 182, 184, 188, 190, 191, 192, 193, 216, 217, 236, 271, 272, 278, 337, 338, 339, 340, 341, 342, 343, 344, 345, 346, 347, 348, 349, 350, 354, 373, 374]	experiments/e126_c4_iptm80_continue_af3_seed1/out_s0/ova_body_c4_01/seed-1_sample-3/ova_body_c4_01_seed-1_sample-3_summary_confidences.json	experiments/e126_c4_iptm80_continue_af3_seed1/out_s0/ova_body_c4_01/seed-1_sample-3/ova_body_c4_01_seed-1_sample-3_model.cif
ova_body_c4_01	seed-1_sample-4	4	0.84	0.86	89.4834715195888	nan	nan	0.84	0.0	6	4	1	0	191	191	0	0.8	0.79	2.55	"{""A-B"": 20, ""A-C"": 58, ""A-D"": 17, ""B-C"": 17, ""B-D"": 59, ""C-D"": 20}"	[1, 82, 83, 86, 87, 90, 94, 95, 96, 97, 98, 99, 182, 184, 188, 190, 191, 192, 193, 216, 217, 236, 270, 271, 272, 278, 337, 338, 339, 340, 341, 342, 343, 344, 345, 346, 347, 348, 350, 354, 373, 374]	experiments/e126_c4_iptm80_continue_af3_seed1/out_s0/ova_body_c4_01/seed-1_sample-4/ova_body_c4_01_seed-1_sample-4_summary_confidences.json	experiments/e126_c4_iptm80_continue_af3_seed1/out_s0/ova_body_c4_01/seed-1_sample-4/ova_body_c4_01_seed-1_sample-4_model.cif
ova_body_c4_02	seed-1_sample-0	4	0.84	0.87	91.12911917137976	nan	nan	0.85	0.0	6	4	1	0	168	168	0	0.81	0.805	2.5149999999999997	"{""A-B"": 8, ""A-C"": 52, ""A-D"": 25, ""B-C"": 23, ""B-D"": 52, ""C-D"": 8}"	[86, 90, 95, 96, 97, 98, 99, 182, 184, 190, 191, 192, 193, 216, 217, 236, 237, 271, 272, 276, 277, 278, 338, 340, 341, 342, 343, 344, 345, 346, 347, 348, 349, 350, 351, 354, 373, 374]	experiments/e126_c4_iptm80_continue_af3_seed1/out_s1/ova_body_c4_02/seed-1_sample-0/ova_body_c4_02_seed-1_sample-0_summary_confidences.json	experiments/e126_c4_iptm80_continue_af3_seed1/out_s1/ova_body_c4_02/seed-1_sample-0/ova_body_c4_02_seed-1_sample-0_model.cif
ova_body_c4_02	seed-1_sample-1	4	0.84	0.87	91.12067354034265	nan	nan	0.85	0.0	6	4	1	0	211	211	0	0.81	0.81	2.44	"{""A-B"": 12, ""A-C"": 66, ""A-D"": 26, ""B-C"": 27, ""B-D"": 68, ""C-D"": 12}"	[86, 87, 90, 95, 96, 97, 98, 99, 182, 184, 190, 191, 192, 193, 216, 217, 236, 237, 271, 272, 276, 277, 278, 337, 338, 339, 340, 341, 342, 343, 344, 345, 346, 347, 348, 349, 350, 351, 354, 373, 374]	experiments/e126_c4_iptm80_continue_af3_seed1/out_s1/ova_body_c4_02/seed-1_sample-1/ova_body_c4_02_seed-1_sample-1_summary_confidences.json	experiments/e126_c4_iptm80_continue_af3_seed1/out_s1/ova_body_c4_02/seed-1_sample-1/ova_body_c4_02_seed-1_sample-1_model.cif
ova_body_c4_02	seed-1_sample-2	4	0.84	0.87	91.30645068074755	nan	nan	0.85	0.0	6	4	1	0	203	203	0	0.81	0.81	2.47	"{""A-B"": 9, ""A-C"": 64, ""A-D"": 28, ""B-C"": 28, ""B-D"": 64, ""C-D"": 10}"	[86, 90, 95, 96, 97, 98, 99, 182, 184, 190, 191, 192, 193, 216, 217, 236, 237, 271, 272, 276, 277, 278, 337, 338, 339, 340, 341, 342, 343, 344, 345, 346, 347, 348, 349, 350, 351, 354, 373, 374]	experiments/e126_c4_iptm80_continue_af3_seed1/out_s1/ova_body_c4_02/seed-1_sample-2/ova_body_c4_02_seed-1_sample-2_summary_confidences.json	experiments/e126_c4_iptm80_continue_af3_seed1/out_s1/ova_body_c4_02/seed-1_sample-2/ova_body_c4_02_seed-1_sample-2_model.cif
ova_body_c4_02	seed-1_sample-3	4	0.85	0.87	91.24904149307488	nan	nan	0.85	0.0	6	4	1	0	188	188	0	0.81	0.81	2.465	"{""A-B"": 11, ""A-C"": 52, ""A-D"": 31, ""B-C"": 31, ""B-D"": 53, ""C-D"": 10}"	[86, 87, 90, 95, 96, 97, 98, 99, 182, 184, 190, 191, 192, 193, 216, 217, 236, 237, 271, 272, 276, 277, 278, 338, 340, 341, 342, 343, 344, 345, 346, 347, 348, 349, 350, 351, 354, 373, 374]	experiments/e126_c4_iptm80_continue_af3_seed1/out_s1/ova_body_c4_02/seed-1_sample-3/ova_body_c4_02_seed-1_sample-3_summary_confidences.json	experiments/e126_c4_iptm80_continue_af3_seed1/out_s1/ova_body_c4_02/seed-1_sample-3/ova_body_c4_02_seed-1_sample-3_model.cif
ova_body_c4_02	seed-1_sample-4	4	0.85	0.87	91.36673582403154	nan	nan	0.85	0.0	6	4	1	0	212	212	0	0.81	0.81	2.365	"{""A-B"": 12, ""A-C"": 66, ""A-D"": 28, ""B-C"": 28, ""B-D"": 66, ""C-D"": 12}"	[86, 87, 90, 95, 96, 97, 98, 99, 182, 184, 190, 191, 192, 193, 216, 217, 236, 237, 271, 272, 276, 277, 278, 337, 338, 339, 340, 341, 342, 343, 344, 345, 346, 347, 348, 349, 350, 353, 354, 373, 374]	experiments/e126_c4_iptm80_continue_af3_seed1/out_s1/ova_body_c4_02/seed-1_sample-4/ova_body_c4_02_seed-1_sample-4_summary_confidences.json	experiments/e126_c4_iptm80_continue_af3_seed1/out_s1/ova_body_c4_02/seed-1_sample-4/ova_body_c4_02_seed-1_sample-4_model.cif
ova_body_c4_03	seed-1_sample-0	4	0.3	0.46	85.03873067075106	nan	nan	0.34	0.0	6	4	1	0	192	192	0	0.29	0.21	18.705	"{""A-B"": 9, ""A-C"": 64, ""A-D"": 20, ""B-C"": 21, ""B-D"": 69, ""C-D"": 9}"	[86, 87, 90, 95, 96, 97, 98, 99, 182, 183, 184, 188, 190, 191, 192, 193, 216, 217, 236, 271, 272, 277, 278, 336, 337, 338, 339, 340, 342, 343, 344, 345, 346, 347, 348, 349, 350, 351, 354, 373, 374]	experiments/e126_c4_iptm80_continue_af3_seed1/out_s2/ova_body_c4_03/seed-1_sample-0/ova_body_c4_03_seed-1_sample-0_summary_confidences.json	experiments/e126_c4_iptm80_continue_af3_seed1/out_s2/ova_body_c4_03/seed-1_sample-0/ova_body_c4_03_seed-1_sample-0_model.cif
ova_body_c4_03	seed-1_sample-1	4	0.28	0.44	84.75883419649588	nan	nan	0.31	0.0	6	4	1	0	202	202	0	0.25	0.19	19.505	"{""A-B"": 8, ""A-C"": 58, ""A-D"": 30, ""B-C"": 30, ""B-D"": 68, ""C-D"": 8}"	[86, 90, 95, 96, 97, 98, 99, 182, 183, 184, 186, 188, 190, 191, 192, 193, 217, 236, 271, 272, 275, 276, 277, 278, 336, 337, 338, 339, 340, 341, 342, 344, 345, 346, 347, 348, 349, 350, 351, 354, 355, 356, 373, 374]	experiments/e126_c4_iptm80_continue_af3_seed1/out_s2/ova_body_c4_03/seed-1_sample-1/ova_body_c4_03_seed-1_sample-1_summary_confidences.json	experiments/e126_c4_iptm80_continue_af3_seed1/out_s2/ova_body_c4_03/seed-1_sample-1/ova_body_c4_03_seed-1_sample-1_model.cif
ova_body_c4_03	seed-1_sample-2	4	0.3	0.46	84.99018123112812	nan	nan	0.34	0.0	6	4	1	0	265	265	0	0.3	0.21	18.65	"{""A-B"": 11, ""A-C"": 70, ""A-D"": 49, ""B-C"": 51, ""B-D"": 71, ""C-D"": 13}"	[86, 90, 95, 96, 97, 98, 99, 182, 183, 184, 188, 190, 191, 192, 193, 215, 216, 217, 236, 237, 239, 271, 272, 276, 278, 336, 337, 338, 339, 340, 341, 342, 343, 344, 345, 346, 347, 348, 349, 350, 351, 353, 354, 355, 373, 374]	experiments/e126_c4_iptm80_continue_af3_seed1/out_s2/ova_body_c4_03/seed-1_sample-2/ova_body_c4_03_seed-1_sample-2_summary_confidences.json	experiments/e126_c4_iptm80_continue_af3_seed1/out_s2/ova_body_c4_03/seed-1_sample-2/ova_body_c4_03_seed-1_sample-2_model.cif
ova_body_c4_03	seed-1_sample-3	4	0.28	0.44	84.87018123686005	nan	nan	0.31	0.0	6	4	1	0	220	220	0	0.25	0.19	19.465	"{""A-B"": 10, ""A-C"": 69, ""A-D"": 28, ""B-C"": 29, ""B-D"": 73, ""C-D"": 11}"	[86, 90, 95, 96, 97, 98, 99, 182, 183, 184, 188, 190, 191, 192, 193, 216, 217, 236, 238, 271, 272, 276, 277, 278, 336, 337, 338, 339, 340, 341, 342, 343, 344, 345, 346, 347, 348, 349, 350, 351, 354, 355, 373, 374]	experiments/e126_c4_iptm80_continue_af3_seed1/out_s2/ova_body_c4_03/seed-1_sample-3/ova_body_c4_03_seed-1_sample-3_summary_confidences.json	experiments/e126_c4_iptm80_continue_af3_seed1/out_s2/ova_body_c4_03/seed-1_sample-3/ova_body_c4_03_seed-1_sample-3_model.cif
ova_body_c4_03	seed-1_sample-4	4	0.3	0.46	84.77103633584136	nan	nan	0.33	0.0	6	4	1	0	207	207	0	0.27	0.2	19.045	"{""A-B"": 8, ""A-C"": 71, ""A-D"": 25, ""B-C"": 25, ""B-D"": 70, ""C-D"": 8}"	[86, 90, 95, 96, 97, 98, 99, 182, 183, 184, 188, 190, 191, 192, 193, 216, 217, 236, 271, 272, 276, 277, 278, 336, 337, 338, 339, 340, 341, 342, 344, 345, 346, 347, 348, 349, 350, 351, 354, 373, 374]	experiments/e126_c4_iptm80_continue_af3_seed1/out_s2/ova_body_c4_03/seed-1_sample-4/ova_body_c4_03_seed-1_sample-4_summary_confidences.json	experiments/e126_c4_iptm80_continue_af3_seed1/out_s2/ova_body_c4_03/seed-1_sample-4/ova_body_c4_03_seed-1_sample-4_model.cif
ova_body_c4_04	seed-1_sample-0	4	0.81	0.85	89.71650249105662	nan	nan	0.82	0.0	6	4	1	0	169	169	0	0.77	0.77	2.795	"{""A-B"": 8, ""A-C"": 52, ""A-D"": 24, ""B-C"": 25, ""B-D"": 52, ""C-D"": 8}"	[86, 90, 95, 96, 97, 98, 99, 182, 184, 190, 191, 192, 193, 216, 217, 236, 271, 272, 278, 337, 338, 339, 340, 341, 342, 343, 344, 345, 346, 347, 348, 349, 350, 351, 354, 373, 374]	experiments/e126_c4_iptm80_continue_af3_seed1/out_s3/ova_body_c4_04/seed-1_sample-0/ova_body_c4_04_seed-1_sample-0_summary_confidences.json	experiments/e126_c4_iptm80_continue_af3_seed1/out_s3/ova_body_c4_04/seed-1_sample-0/ova_body_c4_04_seed-1_sample-0_model.cif
ova_body_c4_04	seed-1_sample-1	4	0.82	0.85	89.45588083217798	nan	nan	0.83	0.0	6	4	1	0	172	172	0	0.78	0.78	2.7199999999999998	"{""A-B"": 11, ""A-C"": 46, ""A-D"": 24, ""B-C"": 29, ""B-D"": 50, ""C-D"": 12}"	[82, 83, 86, 87, 90, 95, 96, 97, 98, 99, 182, 184, 190, 191, 192, 193, 216, 217, 236, 271, 272, 277, 278, 337, 338, 339, 340, 341, 342, 343, 344, 345, 346, 347, 348, 349, 350, 351, 354, 373, 374]	experiments/e126_c4_iptm80_continue_af3_seed1/out_s3/ova_body_c4_04/seed-1_sample-1/ova_body_c4_04_seed-1_sample-1_summary_confidences.json	experiments/e126_c4_iptm80_continue_af3_seed1/out_s3/ova_body_c4_04/seed-1_sample-1/ova_body_c4_04_seed-1_sample-1_model.cif
ova_body_c4_04	seed-1_sample-2	4	0.81	0.85	89.98129520515086	nan	nan	0.82	0.0	6	4	1	0	166	166	0	0.78	0.77	2.8	"{""A-B"": 8, ""A-C"": 48, ""A-D"": 29, ""B-C"": 26, ""B-D"": 47, ""C-D"": 8}"	[86, 90, 95, 96, 97, 98, 99, 182, 184, 190, 191, 192, 193, 216, 217, 236, 271, 272, 278, 338, 339, 340, 341, 342, 343, 344, 345, 346, 347, 348, 349, 350, 351, 354, 373, 374]	experiments/e126_c4_iptm80_continue_af3_seed1/out_s3/ova_body_c4_04/seed-1_sample-2/ova_body_c4_04_seed-1_sample-2_summary_confidences.json	experiments/e126_c4_iptm80_continue_af3_seed1/out_s3/ova_body_c4_04/seed-1_sample-2/ova_body_c4_04_seed-1_sample-2_model.cif
ova_body_c4_04	seed-1_sample-3	4	0.82	0.85	89.8952073408532	nan	nan	0.82	0.0	6	4	1	0	170	170	0	0.78	0.78	2.755	"{""A-B"": 8, ""A-C"": 55, ""A-D"": 21, ""B-C"": 23, ""B-D"": 55, ""C-D"": 8}"	[86, 90, 95, 96, 97, 98, 99, 182, 184, 190, 191, 192, 193, 216, 217, 236, 271, 272, 278, 337, 338, 339, 340, 341, 342, 343, 344, 345, 346, 347, 348, 349, 350, 351, 354, 373, 374]	experiments/e126_c4_iptm80_continue_af3_seed1/out_s3/ova_body_c4_04/seed-1_sample-3/ova_body_c4_04_seed-1_sample-3_summary_confidences.json	experiments/e126_c4_iptm80_continue_af3_seed1/out_s3/ova_body_c4_04/seed-1_sample-3/ova_body_c4_04_seed-1_sample-3_model.cif
ova_body_c4_04	seed-1_sample-4	4	0.82	0.85	89.46323839493984	nan	nan	0.83	0.0	6	4	1	0	184	184	0	0.78	0.78	2.7649999999999997	"{""A-B"": 13, ""A-C"": 55, ""A-D"": 23, ""B-C"": 23, ""B-D"": 56, ""C-D"": 14}"	[83, 86, 87, 90, 95, 96, 97, 98, 99, 182, 184, 190, 191, 192, 193, 216, 217, 236, 271, 272, 278, 337, 338, 339, 340, 341, 342, 343, 344, 345, 346, 347, 348, 349, 350, 351, 354, 373, 374]	experiments/e126_c4_iptm80_continue_af3_seed1/out_s3/ova_body_c4_04/seed-1_sample-4/ova_body_c4_04_seed-1_sample-4_summary_confidences.json	experiments/e126_c4_iptm80_continue_af3_seed1/out_s3/ova_body_c4_04/seed-1_sample-4/ova_body_c4_04_seed-1_sample-4_model.cif
ova_body_c4_05	seed-1_sample-0	4	0.72	0.78	88.79761660284329	nan	nan	0.73	0.0	6	4	1	0	174	174	0	0.69	0.665	4.12	"{""A-B"": 11, ""A-C"": 45, ""A-D"": 30, ""B-C"": 33, ""B-D"": 43, ""C-D"": 12}"	[83, 86, 87, 90, 95, 96, 97, 99, 182, 184, 188, 190, 191, 192, 193, 216, 217, 236, 271, 272, 276, 278, 337, 338, 339, 340, 341, 342, 343, 344, 345, 346, 347, 348, 349, 350, 351, 354, 373, 374]	experiments/e126_c4_iptm80_continue_af3_seed1/out_s4/ova_body_c4_05/seed-1_sample-0/ova_body_c4_05_seed-1_sample-0_summary_confidences.json	experiments/e126_c4_iptm80_continue_af3_seed1/out_s4/ova_body_c4_05/seed-1_sample-0/ova_body_c4_05_seed-1_sample-0_model.cif
ova_body_c4_05	seed-1_sample-1	4	0.73	0.79	88.67917098406065	nan	nan	0.74	0.0	6	4	1	0	179	179	0	0.7	0.675	3.975	"{""A-B"": 12, ""A-C"": 46, ""A-D"": 29, ""B-C"": 32, ""B-D"": 48, ""C-D"": 12}"	[86, 87, 90, 95, 96, 97, 98, 99, 182, 184, 190, 191, 192, 193, 216, 217, 236, 271, 272, 276, 277, 278, 337, 338, 339, 340, 341, 342, 343, 344, 345, 346, 347, 348, 349, 350, 351, 354, 373, 374]	experiments/e126_c4_iptm80_continue_af3_seed1/out_s4/ova_body_c4_05/seed-1_sample-1/ova_body_c4_05_seed-1_sample-1_summary_confidences.json	experiments/e126_c4_iptm80_continue_af3_seed1/out_s4/ova_body_c4_05/seed-1_sample-1/ova_body_c4_05_seed-1_sample-1_model.cif
ova_body_c4_05	seed-1_sample-2	4	0.73	0.79	89.02748707786125	nan	nan	0.74	0.0	6	4	1	0	185	185	0	0.69	0.68	3.95	"{""A-B"": 12, ""A-C"": 53, ""A-D"": 29, ""B-C"": 30, ""B-D"": 49, ""C-D"": 12}"	[83, 86, 87, 90, 95, 96, 97, 98, 99, 182, 184, 188, 190, 191, 192, 193, 216, 217, 236, 271, 272, 276, 278, 337, 338, 339, 340, 341, 342, 343, 344, 345, 346, 347, 348, 349, 350, 351, 354, 373, 374]	experiments/e126_c4_iptm80_continue_af3_seed1/out_s4/ova_body_c4_05/seed-1_sample-2/ova_body_c4_05_seed-1_sample-2_summary_confidences.json	experiments/e126_c4_iptm80_continue_af3_seed1/out_s4/ova_body_c4_05/seed-1_sample-2/ova_body_c4_05_seed-1_sample-2_model.cif
ova_body_c4_05	seed-1_sample-3	4	0.74	0.79	88.97948187002864	nan	nan	0.75	0.0	6	4	1	0	179	179	0	0.71	0.69	3.9450000000000003	"{""A-B"": 11, ""A-C"": 46, ""A-D"": 33, ""B-C"": 33, ""B-D"": 46, ""C-D"": 10}"	[86, 87, 90, 95, 96, 97, 98, 99, 182, 184, 188, 190, 191, 192, 193, 216, 217, 236, 271, 272, 276, 278, 337, 338, 339, 340, 341, 342, 343, 344, 345, 346, 347, 348, 349, 350, 351, 354, 373, 374]	experiments/e126_c4_iptm80_continue_af3_seed1/out_s4/ova_body_c4_05/seed-1_sample-3/ova_body_c4_05_seed-1_sample-3_summary_confidences.json	experiments/e126_c4_iptm80_continue_af3_seed1/out_s4/ova_body_c4_05/seed-1_sample-3/ova_body_c4_05_seed-1_sample-3_model.cif
ova_body_c4_05	seed-1_sample-4	4	0.75	0.8	88.66696884471517	nan	nan	0.76	0.0	6	4	1	0	185	185	0	0.71	0.69	3.87	"{""A-B"": 14, ""A-C"": 55, ""A-D"": 24, ""B-C"": 23, ""B-D"": 55, ""C-D"": 14}"	[82, 83, 86, 87, 90, 95, 96, 97, 98, 99, 182, 184, 188, 190, 191, 192, 193, 216, 217, 236, 271, 272, 278, 337, 338, 339, 340, 341, 342, 343, 344, 345, 346, 347, 348, 349, 350, 351, 354, 373, 374]	experiments/e126_c4_iptm80_continue_af3_seed1/out_s4/ova_body_c4_05/seed-1_sample-4/ova_body_c4_05_seed-1_sample-4_summary_confidences.json	experiments/e126_c4_iptm80_continue_af3_seed1/out_s4/ova_body_c4_05/seed-1_sample-4/ova_body_c4_05_seed-1_sample-4_model.cif
ova_body_c4_06	seed-1_sample-0	4	0.81	0.84	89.74365277858595	nan	nan	0.82	0.0	6	4	1	0	163	163	0	0.77	0.77	2.79	"{""A-B"": 8, ""A-C"": 50, ""A-D"": 23, ""B-C"": 23, ""B-D"": 51, ""C-D"": 8}"	[86, 90, 95, 96, 97, 98, 99, 182, 184, 190, 191, 192, 193, 216, 217, 236, 271, 272, 278, 337, 338, 339, 340, 341, 342, 343, 344, 345, 346, 347, 348, 349, 350, 351, 354, 373, 374]	experiments/e126_c4_iptm80_continue_af3_seed1/out_s5/ova_body_c4_06/seed-1_sample-0/ova_body_c4_06_seed-1_sample-0_summary_confidences.json	experiments/e126_c4_iptm80_continue_af3_seed1/out_s5/ova_body_c4_06/seed-1_sample-0/ova_body_c4_06_seed-1_sample-0_model.cif
ova_body_c4_06	seed-1_sample-1	4	0.82	0.85	89.92782369425878	nan	nan	0.82	0.0	6	4	1	0	191	191	0	0.78	0.78	2.685	"{""A-B"": 8, ""A-C"": 58, ""A-D"": 28, ""B-C"": 30, ""B-D"": 59, ""C-D"": 8}"	[86, 90, 95, 96, 97, 98, 99, 182, 184, 190, 191, 192, 193, 216, 217, 236, 271, 272, 277, 278, 337, 338, 339, 340, 341, 342, 343, 344, 345, 346, 347, 348, 349, 350, 351, 354, 373, 374]	experiments/e126_c4_iptm80_continue_af3_seed1/out_s5/ova_body_c4_06/seed-1_sample-1/ova_body_c4_06_seed-1_sample-1_summary_confidences.json	experiments/e126_c4_iptm80_continue_af3_seed1/out_s5/ova_body_c4_06/seed-1_sample-1/ova_body_c4_06_seed-1_sample-1_model.cif
ova_body_c4_06	seed-1_sample-2	4	0.81	0.85	90.03132110556173	nan	nan	0.82	0.0	6	4	1	0	186	186	0	0.77	0.77	2.8200000000000003	"{""A-B"": 10, ""A-C"": 54, ""A-D"": 29, ""B-C"": 31, ""B-D"": 54, ""C-D"": 8}"	[82, 86, 90, 95, 96, 97, 98, 99, 182, 184, 190, 191, 192, 193, 216, 217, 236, 271, 272, 276, 277, 278, 337, 338, 339, 340, 341, 342, 343, 344, 345, 346, 347, 348, 349, 350, 351, 354, 373, 374]	experiments/e126_c4_iptm80_continue_af3_seed1/out_s5/ova_body_c4_06/seed-1_sample-2/ova_body_c4_06_seed-1_sample-2_summary_confidences.json	experiments/e126_c4_iptm80_continue_af3_seed1/out_s5/ova_body_c4_06/seed-1_sample-2/ova_body_c4_06_seed-1_sample-2_model.cif
ova_body_c4_06	seed-1_sample-3	4	0.82	0.85	89.93733160977537	nan	nan	0.82	0.0	6	4	1	0	171	171	0	0.78	0.775	2.74	"{""A-B"": 8, ""A-C"": 53, ""A-D"": 25, ""B-C"": 25, ""B-D"": 52, ""C-D"": 8}"	[86, 90, 95, 96, 97, 98, 99, 182, 184, 190, 191, 192, 193, 216, 217, 236, 271, 272, 277, 278, 337, 338, 339, 340, 341, 342, 343, 344, 345, 346, 347, 348, 349, 350, 351, 354, 373, 374]	experiments/e126_c4_iptm80_continue_af3_seed1/out_s5/ova_body_c4_06/seed-1_sample-3/ova_body_c4_06_seed-1_sample-3_summary_confidences.json	experiments/e126_c4_iptm80_continue_af3_seed1/out_s5/ova_body_c4_06/seed-1_sample-3/ova_body_c4_06_seed-1_sample-3_model.cif
ova_body_c4_06	seed-1_sample-4	4	0.83	0.86	89.5115802646301	nan	nan	0.83	0.0	6	4	1	0	200	200	0	0.79	0.78	2.66	"{""A-B"": 20, ""A-C"": 54, ""A-D"": 29, ""B-C"": 29, ""B-D"": 53, ""C-D"": 15}"	[1, 82, 83, 86, 87, 90, 95, 96, 97, 98, 99, 182, 184, 188, 190, 191, 192, 193, 216, 217, 236, 266, 270, 271, 272, 277, 278, 337, 338, 339, 340, 341, 342, 343, 344, 345, 346, 347, 348, 349, 350, 351, 354, 373, 374]	experiments/e126_c4_iptm80_continue_af3_seed1/out_s5/ova_body_c4_06/seed-1_sample-4/ova_body_c4_06_seed-1_sample-4_summary_confidences.json	experiments/e126_c4_iptm80_continue_af3_seed1/out_s5/ova_body_c4_06/seed-1_sample-4/ova_body_c4_06_seed-1_sample-4_model.cif
ova_body_c4_07	seed-1_sample-0	4	0.41	0.55	86.02510382103796	nan	nan	0.44	0.0	4	4	1	0	352	352	0	0.51	0.39	12.95	"{""A-B"": 57, ""A-C"": 0, ""A-D"": 121, ""B-C"": 122, ""B-D"": 0, ""C-D"": 52}"	[1, 2, 3, 4, 64, 65, 68, 69, 70, 71, 72, 73, 74, 78, 79, 82, 83, 86, 89, 90, 93, 94, 95, 96, 97, 124, 125, 131, 144, 145, 148, 149, 152, 153, 155, 156, 182, 184, 186, 191, 192, 194, 195, 196, 210, 217, 234, 237, 238, 239, 241, 266, 271, 275, 276, 277, 278, 285, 287, 334, 336, 337, 338, 340, 341, 345, 346, 347, 349, 350, 351, 354, 355, 372, 373, 375]	experiments/e126_c4_iptm80_continue_af3_seed1/out_s6/ova_body_c4_07/seed-1_sample-0/ova_body_c4_07_seed-1_sample-0_summary_confidences.json	experiments/e126_c4_iptm80_continue_af3_seed1/out_s6/ova_body_c4_07/seed-1_sample-0/ova_body_c4_07_seed-1_sample-0_model.cif
ova_body_c4_07	seed-1_sample-1	4	0.41	0.54	86.39440410989553	nan	nan	0.43	0.0	4	4	1	0	339	339	0	0.52	0.395	12.685	"{""A-B"": 38, ""A-C"": 0, ""A-D"": 128, ""B-C"": 136, ""B-D"": 0, ""C-D"": 37}"	[1, 2, 3, 4, 64, 65, 68, 69, 70, 71, 72, 73, 74, 78, 79, 82, 83, 86, 89, 90, 93, 94, 95, 96, 97, 121, 124, 125, 131, 141, 148, 149, 152, 153, 155, 156, 182, 184, 186, 191, 192, 194, 196, 210, 216, 217, 234, 237, 238, 239, 241, 266, 271, 275, 276, 277, 278, 285, 334, 336, 337, 338, 341, 344, 345, 346, 347, 349, 350, 351, 354, 355, 372, 373, 375]	experiments/e126_c4_iptm80_continue_af3_seed1/out_s6/ova_body_c4_07/seed-1_sample-1/ova_body_c4_07_seed-1_sample-1_summary_confidences.json	experiments/e126_c4_iptm80_continue_af3_seed1/out_s6/ova_body_c4_07/seed-1_sample-1/ova_body_c4_07_seed-1_sample-1_model.cif
ova_body_c4_07	seed-1_sample-2	4	0.42	0.55	86.267357376573	nan	nan	0.45	0.0	4	4	1	0	349	349	0	0.52	0.4	12.344999999999999	"{""A-B"": 46, ""A-C"": 0, ""A-D"": 127, ""B-C"": 128, ""B-D"": 0, ""C-D"": 48}"	[1, 2, 3, 4, 64, 65, 68, 69, 70, 71, 72, 73, 74, 78, 79, 82, 83, 86, 89, 90, 93, 94, 95, 96, 97, 99, 121, 124, 125, 131, 145, 148, 149, 152, 153, 155, 156, 182, 184, 186, 191, 192, 194, 210, 216, 217, 234, 237, 238, 239, 241, 266, 271, 275, 276, 277, 278, 334, 336, 337, 338, 341, 344, 345, 346, 347, 349, 350, 351, 354, 355, 372, 373, 375]	experiments/e126_c4_iptm80_continue_af3_seed1/out_s6/ova_body_c4_07/seed-1_sample-2/ova_body_c4_07_seed-1_sample-2_summary_confidences.json	experiments/e126_c4_iptm80_continue_af3_seed1/out_s6/ova_body_c4_07/seed-1_sample-2/ova_body_c4_07_seed-1_sample-2_model.cif
ova_body_c4_07	seed-1_sample-3	4	0.4	0.54	85.90660611088411	nan	nan	0.43	0.0	4	4	1	0	324	324	0	0.49	0.38	13.365	"{""A-B"": 36, ""A-C"": 0, ""A-D"": 127, ""B-C"": 123, ""B-D"": 0, ""C-D"": 38}"	[1, 2, 3, 4, 64, 65, 68, 69, 70, 72, 73, 74, 78, 79, 82, 83, 86, 89, 90, 93, 94, 95, 96, 97, 99, 124, 125, 131, 145, 148, 149, 152, 153, 155, 156, 182, 186, 191, 192, 194, 210, 216, 217, 219, 234, 237, 238, 239, 241, 266, 270, 271, 275, 276, 277, 278, 334, 336, 337, 338, 341, 344, 345, 346, 347, 349, 350, 351, 354, 355, 356, 372, 373, 375]	experiments/e126_c4_iptm80_continue_af3_seed1/out_s6/ova_body_c4_07/seed-1_sample-3/ova_body_c4_07_seed-1_sample-3_summary_confidences.json	experiments/e126_c4_iptm80_continue_af3_seed1/out_s6/ova_body_c4_07/seed-1_sample-3/ova_body_c4_07_seed-1_sample-3_model.cif
ova_body_c4_07	seed-1_sample-4	4	0.42	0.55	86.57658036385176	nan	nan	0.44	0.0	4	4	1	0	313	313	0	0.52	0.4	12.365	"{""A-B"": 35, ""A-C"": 0, ""A-D"": 119, ""B-C"": 122, ""B-D"": 0, ""C-D"": 37}"	[1, 2, 3, 64, 65, 68, 69, 70, 72, 73, 74, 78, 79, 82, 83, 86, 89, 90, 94, 95, 96, 97, 124, 125, 145, 148, 149, 152, 155, 156, 182, 186, 191, 192, 194, 210, 216, 217, 234, 237, 238, 239, 241, 266, 271, 275, 276, 277, 278, 334, 336, 337, 338, 340, 341, 344, 345, 346, 347, 349, 350, 351, 354, 355, 372, 373, 375]	experiments/e126_c4_iptm80_continue_af3_seed1/out_s6/ova_body_c4_07/seed-1_sample-4/ova_body_c4_07_seed-1_sample-4_summary_confidences.json	experiments/e126_c4_iptm80_continue_af3_seed1/out_s6/ova_body_c4_07/seed-1_sample-4/ova_body_c4_07_seed-1_sample-4_model.cif
ova_body_c4_08	seed-1_sample-0	4	0.8	0.84	89.7951293905782	nan	nan	0.81	0.0	6	4	1	0	181	181	0	0.76	0.76	2.9400000000000004	"{""A-B"": 29, ""A-C"": 53, ""A-D"": 8, ""B-C"": 8, ""B-D"": 52, ""C-D"": 31}"	[86, 90, 94, 95, 96, 97, 98, 99, 182, 184, 190, 191, 192, 193, 216, 217, 236, 271, 272, 277, 278, 337, 338, 339, 340, 341, 342, 343, 344, 345, 346, 347, 348, 349, 350, 351, 354, 355, 373, 374]	experiments/e126_c4_iptm80_continue_af3_seed1/out_s7/ova_body_c4_08/seed-1_sample-0/ova_body_c4_08_seed-1_sample-0_summary_confidences.json	experiments/e126_c4_iptm80_continue_af3_seed1/out_s7/ova_body_c4_08/seed-1_sample-0/ova_body_c4_08_seed-1_sample-0_model.cif
ova_body_c4_08	seed-1_sample-1	4	0.81	0.84	89.50012967005912	nan	nan	0.81	0.0	6	4	1	0	182	182	0	0.77	0.765	2.9299999999999997	"{""A-B"": 31, ""A-C"": 51, ""A-D"": 9, ""B-C"": 10, ""B-D"": 50, ""C-D"": 31}"	[86, 90, 94, 95, 96, 97, 98, 99, 182, 184, 190, 191, 192, 193, 216, 217, 236, 271, 272, 277, 278, 337, 338, 339, 340, 341, 342, 343, 344, 345, 346, 347, 348, 349, 350, 351, 354, 355, 373, 374]	experiments/e126_c4_iptm80_continue_af3_seed1/out_s7/ova_body_c4_08/seed-1_sample-1/ova_body_c4_08_seed-1_sample-1_summary_confidences.json	experiments/e126_c4_iptm80_continue_af3_seed1/out_s7/ova_body_c4_08/seed-1_sample-1/ova_body_c4_08_seed-1_sample-1_model.cif
ova_body_c4_08	seed-1_sample-2	4	0.8	0.84	89.7340415895294	nan	nan	0.81	0.0	6	4	1	0	186	186	0	0.76	0.76	2.955	"{""A-B"": 32, ""A-C"": 52, ""A-D"": 9, ""B-C"": 8, ""B-D"": 53, ""C-D"": 32}"	[86, 90, 94, 95, 96, 97, 98, 99, 182, 184, 188, 190, 191, 192, 193, 216, 217, 236, 271, 272, 277, 278, 337, 338, 339, 340, 341, 342, 343, 344, 345, 346, 347, 348, 349, 350, 351, 354, 355, 373, 374]	experiments/e126_c4_iptm80_continue_af3_seed1/out_s7/ova_body_c4_08/seed-1_sample-2/ova_body_c4_08_seed-1_sample-2_summary_confidences.json	experiments/e126_c4_iptm80_continue_af3_seed1/out_s7/ova_body_c4_08/seed-1_sample-2/ova_body_c4_08_seed-1_sample-2_model.cif
ova_body_c4_08	seed-1_sample-3	4	0.81	0.84	89.09227981962688	nan	nan	0.82	0.0	6	4	1	0	182	182	0	0.77	0.77	2.745	"{""A-B"": 25, ""A-C"": 52, ""A-D"": 14, ""B-C"": 13, ""B-D"": 52, ""C-D"": 26}"	[1, 82, 86, 90, 94, 95, 96, 97, 98, 99, 182, 184, 190, 191, 192, 193, 216, 217, 236, 266, 270, 271, 272, 277, 278, 337, 338, 339, 340, 341, 342, 344, 345, 346, 347, 348, 349, 350, 351, 354, 355, 373, 374]	experiments/e126_c4_iptm80_continue_af3_seed1/out_s7/ova_body_c4_08/seed-1_sample-3/ova_body_c4_08_seed-1_sample-3_summary_confidences.json	experiments/e126_c4_iptm80_continue_af3_seed1/out_s7/ova_body_c4_08/seed-1_sample-3/ova_body_c4_08_seed-1_sample-3_model.cif
ova_body_c4_08	seed-1_sample-4	4	0.81	0.84	89.83681339797579	nan	nan	0.81	0.0	6	4	1	0	179	179	0	0.77	0.765	2.8449999999999998	"{""A-B"": 27, ""A-C"": 54, ""A-D"": 9, ""B-C"": 9, ""B-D"": 55, ""C-D"": 25}"	[86, 90, 94, 95, 96, 97, 98, 99, 182, 184, 190, 191, 192, 193, 216, 217, 236, 271, 272, 277, 278, 337, 338, 339, 340, 341, 342, 344, 345, 346, 347, 348, 349, 350, 351, 354, 355, 373, 374]	experiments/e126_c4_iptm80_continue_af3_seed1/out_s7/ova_body_c4_08/seed-1_sample-4/ova_body_c4_08_seed-1_sample-4_summary_confidences.json	experiments/e126_c4_iptm80_continue_af3_seed1/out_s7/ova_body_c4_08/seed-1_sample-4/ova_body_c4_08_seed-1_sample-4_model.cif
ova_body_c4_09	seed-1_sample-0	4	0.77	0.81	89.50015543408962	nan	nan	0.77	0.0	6	4	1	0	176	176	0	0.73	0.72	3.865	"{""A-B"": 58, ""A-C"": 6, ""A-D"": 23, ""B-C"": 24, ""B-D"": 8, ""C-D"": 57}"	[86, 90, 95, 96, 97, 98, 99, 182, 184, 190, 191, 192, 193, 216, 217, 236, 271, 272, 277, 278, 337, 338, 339, 340, 341, 342, 343, 344, 345, 346, 347, 348, 349, 350, 351, 354, 373, 374]	experiments/e126_c4_iptm80_continue_af3_seed1/out_s0/ova_body_c4_09/seed-1_sample-0/ova_body_c4_09_seed-1_sample-0_summary_confidences.json	experiments/e126_c4_iptm80_continue_af3_seed1/out_s0/ova_body_c4_09/seed-1_sample-0/ova_body_c4_09_seed-1_sample-0_model.cif
ova_body_c4_09	seed-1_sample-1	4	0.77	0.82	88.97670991927231	nan	nan	0.78	0.0	6	4	1	0	179	179	0	0.73	0.72	3.6	"{""A-B"": 53, ""A-C"": 8, ""A-D"": 26, ""B-C"": 30, ""B-D"": 9, ""C-D"": 53}"	[82, 86, 90, 95, 96, 97, 98, 99, 182, 184, 190, 191, 192, 193, 216, 217, 236, 271, 272, 277, 278, 337, 338, 339, 340, 341, 342, 343, 344, 345, 346, 347, 348, 349, 350, 351, 354, 373, 374]	experiments/e126_c4_iptm80_continue_af3_seed1/out_s0/ova_body_c4_09/seed-1_sample-1/ova_body_c4_09_seed-1_sample-1_summary_confidences.json	experiments/e126_c4_iptm80_continue_af3_seed1/out_s0/ova_body_c4_09/seed-1_sample-1/ova_body_c4_09_seed-1_sample-1_model.cif
ova_body_c4_09	seed-1_sample-2	4	0.78	0.82	89.61292750106574	nan	nan	0.79	0.0	6	4	1	0	170	170	0	0.74	0.73	3.605	"{""A-B"": 55, ""A-C"": 7, ""A-D"": 23, ""B-C"": 23, ""B-D"": 7, ""C-D"": 55}"	[86, 90, 95, 96, 97, 98, 99, 182, 184, 190, 191, 192, 193, 216, 217, 236, 271, 272, 277, 278, 337, 338, 339, 340, 341, 342, 343, 344, 345, 346, 347, 348, 349, 350, 351, 354, 373, 374]	experiments/e126_c4_iptm80_continue_af3_seed1/out_s0/ova_body_c4_09/seed-1_sample-2/ova_body_c4_09_seed-1_sample-2_summary_confidences.json	experiments/e126_c4_iptm80_continue_af3_seed1/out_s0/ova_body_c4_09/seed-1_sample-2/ova_body_c4_09_seed-1_sample-2_model.cif
ova_body_c4_09	seed-1_sample-3	4	0.76	0.81	89.33033679309904	nan	nan	0.77	0.0	6	4	1	0	181	181	0	0.72	0.72	3.715	"{""A-B"": 54, ""A-C"": 10, ""A-D"": 24, ""B-C"": 24, ""B-D"": 11, ""C-D"": 58}"	[1, 2, 86, 90, 95, 96, 97, 98, 99, 182, 184, 190, 191, 192, 193, 216, 217, 236, 271, 272, 276, 277, 278, 337, 338, 339, 340, 341, 342, 343, 344, 345, 346, 347, 348, 349, 350, 351, 354, 373, 374]	experiments/e126_c4_iptm80_continue_af3_seed1/out_s0/ova_body_c4_09/seed-1_sample-3/ova_body_c4_09_seed-1_sample-3_summary_confidences.json	experiments/e126_c4_iptm80_continue_af3_seed1/out_s0/ova_body_c4_09/seed-1_sample-3/ova_body_c4_09_seed-1_sample-3_model.cif
ova_body_c4_09	seed-1_sample-4	4	0.77	0.82	89.58694291979538	nan	nan	0.78	0.0	6	4	1	0	173	173	0	0.73	0.725	3.765	"{""A-B"": 53, ""A-C"": 8, ""A-D"": 23, ""B-C"": 26, ""B-D"": 8, ""C-D"": 55}"	[86, 90, 95, 96, 97, 98, 99, 182, 184, 190, 191, 192, 193, 216, 217, 236, 271, 272, 277, 278, 337, 338, 339, 340, 341, 342, 343, 344, 345, 346, 347, 348, 349, 350, 351, 354, 373, 374]	experiments/e126_c4_iptm80_continue_af3_seed1/out_s0/ova_body_c4_09/seed-1_sample-4/ova_body_c4_09_seed-1_sample-4_summary_confidences.json	experiments/e126_c4_iptm80_continue_af3_seed1/out_s0/ova_body_c4_09/seed-1_sample-4/ova_body_c4_09_seed-1_sample-4_model.cif
ova_body_c4_10	seed-1_sample-0	4	0.83	0.86	90.11230552752401	nan	nan	0.84	0.0	6	4	1	0	174	174	0	0.8	0.78	2.78	"{""A-B"": 12, ""A-C"": 42, ""A-D"": 33, ""B-C"": 33, ""B-D"": 42, ""C-D"": 12}"	[83, 86, 87, 90, 94, 96, 97, 98, 99, 182, 184, 190, 191, 192, 193, 216, 217, 236, 271, 272, 278, 337, 338, 339, 340, 341, 342, 343, 344, 345, 346, 347, 348, 349, 350, 351, 354, 355, 373, 374]	experiments/e126_c4_iptm80_continue_af3_seed1/out_s1/ova_body_c4_10/seed-1_sample-0/ova_body_c4_10_seed-1_sample-0_summary_confidences.json	experiments/e126_c4_iptm80_continue_af3_seed1/out_s1/ova_body_c4_10/seed-1_sample-0/ova_body_c4_10_seed-1_sample-0_model.cif
ova_body_c4_10	seed-1_sample-1	4	0.83	0.86	90.17484458369913	nan	nan	0.83	0.0	6	4	1	0	190	190	0	0.79	0.78	2.8	"{""A-B"": 14, ""A-C"": 45, ""A-D"": 36, ""B-C"": 36, ""B-D"": 45, ""C-D"": 14}"	[83, 86, 87, 90, 94, 96, 97, 98, 99, 182, 184, 190, 191, 192, 193, 215, 216, 217, 236, 271, 272, 278, 337, 338, 339, 340, 342, 343, 344, 345, 346, 347, 348, 349, 350, 351, 354, 355, 373, 374]	experiments/e126_c4_iptm80_continue_af3_seed1/out_s1/ova_body_c4_10/seed-1_sample-1/ova_body_c4_10_seed-1_sample-1_summary_confidences.json	experiments/e126_c4_iptm80_continue_af3_seed1/out_s1/ova_body_c4_10/seed-1_sample-1/ova_body_c4_10_seed-1_sample-1_model.cif
ova_body_c4_10	seed-1_sample-2	4	0.82	0.85	90.21634710638017	nan	nan	0.83	0.0	6	4	1	0	199	199	0	0.79	0.78	2.835	"{""A-B"": 14, ""A-C"": 50, ""A-D"": 36, ""B-C"": 35, ""B-D"": 49, ""C-D"": 15}"	[82, 83, 86, 87, 90, 94, 95, 96, 97, 98, 99, 182, 184, 190, 191, 192, 193, 216, 217, 236, 271, 272, 278, 337, 338, 339, 340, 341, 342, 343, 344, 345, 346, 347, 348, 349, 350, 351, 352, 354, 355, 373, 374]	experiments/e126_c4_iptm80_continue_af3_seed1/out_s1/ova_body_c4_10/seed-1_sample-2/ova_body_c4_10_seed-1_sample-2_summary_confidences.json	experiments/e126_c4_iptm80_continue_af3_seed1/out_s1/ova_body_c4_10/seed-1_sample-2/ova_body_c4_10_seed-1_sample-2_model.cif
ova_body_c4_10	seed-1_sample-3	4	0.83	0.86	90.19564742251382	nan	nan	0.83	0.0	6	4	1	0	179	179	0	0.8	0.78	2.83	"{""A-B"": 11, ""A-C"": 43, ""A-D"": 36, ""B-C"": 36, ""B-D"": 43, ""C-D"": 10}"	[83, 86, 87, 90, 96, 97, 98, 99, 182, 184, 190, 191, 192, 193, 215, 216, 217, 236, 271, 272, 278, 337, 338, 339, 340, 341, 342, 343, 344, 345, 346, 347, 348, 349, 350, 351, 354, 355, 373, 374]	experiments/e126_c4_iptm80_continue_af3_seed1/out_s1/ova_body_c4_10/seed-1_sample-3/ova_body_c4_10_seed-1_sample-3_summary_confidences.json	experiments/e126_c4_iptm80_continue_af3_seed1/out_s1/ova_body_c4_10/seed-1_sample-3/ova_body_c4_10_seed-1_sample-3_model.cif
ova_body_c4_10	seed-1_sample-4	4	0.84	0.86	89.9438083233611	nan	nan	0.84	0.0	6	4	1	0	191	191	0	0.81	0.79	2.715	"{""A-B"": 15, ""A-C"": 44, ""A-D"": 36, ""B-C"": 36, ""B-D"": 45, ""C-D"": 15}"	[82, 83, 86, 87, 90, 94, 96, 97, 98, 99, 182, 184, 190, 191, 192, 193, 215, 216, 217, 236, 271, 272, 278, 337, 338, 339, 340, 341, 342, 343, 344, 345, 346, 347, 348, 349, 350, 351, 354, 355, 373, 374]	experiments/e126_c4_iptm80_continue_af3_seed1/out_s1/ova_body_c4_10/seed-1_sample-4/ova_body_c4_10_seed-1_sample-4_summary_confidences.json	experiments/e126_c4_iptm80_continue_af3_seed1/out_s1/ova_body_c4_10/seed-1_sample-4/ova_body_c4_10_seed-1_sample-4_model.cif
ova_body_c4_11	seed-1_sample-0	4	0.8	0.84	89.9537565399328	nan	nan	0.81	0.0	6	4	1	0	169	169	0	0.76	0.755	2.9850000000000003	"{""A-B"": 6, ""A-C"": 56, ""A-D"": 22, ""B-C"": 23, ""B-D"": 56, ""C-D"": 6}"	[86, 95, 96, 97, 98, 99, 182, 184, 188, 190, 191, 192, 193, 216, 217, 236, 271, 272, 277, 278, 337, 338, 339, 340, 341, 342, 343, 344, 345, 346, 347, 348, 349, 350, 351, 354, 373, 374]	experiments/e126_c4_iptm80_continue_af3_seed1/out_s2/ova_body_c4_11/seed-1_sample-0/ova_body_c4_11_seed-1_sample-0_summary_confidences.json	experiments/e126_c4_iptm80_continue_af3_seed1/out_s2/ova_body_c4_11/seed-1_sample-0/ova_body_c4_11_seed-1_sample-0_model.cif
ova_body_c4_11	seed-1_sample-1	4	0.81	0.84	90.0617876201096	nan	nan	0.81	0.0	6	4	1	0	184	184	0	0.77	0.765	2.89	"{""A-B"": 8, ""A-C"": 54, ""A-D"": 29, ""B-C"": 31, ""B-D"": 54, ""C-D"": 8}"	[86, 90, 95, 96, 97, 98, 99, 182, 184, 190, 191, 192, 193, 216, 217, 236, 271, 272, 276, 277, 278, 337, 338, 339, 340, 341, 342, 343, 344, 345, 346, 347, 348, 349, 350, 351, 354, 373, 374]	experiments/e126_c4_iptm80_continue_af3_seed1/out_s2/ova_body_c4_11/seed-1_sample-1/ova_body_c4_11_seed-1_sample-1_summary_confidences.json	experiments/e126_c4_iptm80_continue_af3_seed1/out_s2/ova_body_c4_11/seed-1_sample-1/ova_body_c4_11_seed-1_sample-1_model.cif
ova_body_c4_11	seed-1_sample-2	4	0.8	0.84	90.14722806307935	nan	nan	0.81	0.0	6	4	1	0	175	175	0	0.76	0.755	3.06	"{""A-B"": 8, ""A-C"": 55, ""A-D"": 23, ""B-C"": 26, ""B-D"": 55, ""C-D"": 8}"	[86, 90, 95, 96, 97, 98, 99, 182, 184, 188, 190, 191, 192, 193, 216, 217, 236, 271, 272, 276, 277, 278, 337, 338, 339, 340, 341, 342, 343, 344, 345, 346, 347, 348, 349, 350, 351, 354, 373, 374]	experiments/e126_c4_iptm80_continue_af3_seed1/out_s2/ova_body_c4_11/seed-1_sample-2/ova_body_c4_11_seed-1_sample-2_summary_confidences.json	experiments/e126_c4_iptm80_continue_af3_seed1/out_s2/ova_body_c4_11/seed-1_sample-2/ova_body_c4_11_seed-1_sample-2_model.cif
ova_body_c4_11	seed-1_sample-3	4	0.8	0.84	90.01880814745019	nan	nan	0.81	0.0	6	4	1	0	177	177	0	0.76	0.76	2.9800000000000004	"{""A-B"": 9, ""A-C"": 52, ""A-D"": 27, ""B-C"": 29, ""B-D"": 53, ""C-D"": 7}"	[86, 90, 95, 96, 97, 98, 99, 182, 184, 190, 191, 192, 193, 216, 217, 236, 271, 272, 276, 277, 278, 337, 338, 339, 340, 341, 342, 343, 344, 345, 346, 347, 348, 349, 350, 351, 354, 373, 374]	experiments/e126_c4_iptm80_continue_af3_seed1/out_s2/ova_body_c4_11/seed-1_sample-3/ova_body_c4_11_seed-1_sample-3_summary_confidences.json	experiments/e126_c4_iptm80_continue_af3_seed1/out_s2/ova_body_c4_11/seed-1_sample-3/ova_body_c4_11_seed-1_sample-3_model.cif
ova_body_c4_11	seed-1_sample-4	4	0.81	0.84	89.96632116446223	nan	nan	0.81	0.0	6	4	1	0	183	183	0	0.77	0.765	2.9050000000000002	"{""A-B"": 12, ""A-C"": 53, ""A-D"": 27, ""B-C"": 27, ""B-D"": 52, ""C-D"": 12}"	[1, 86, 90, 95, 96, 97, 98, 99, 182, 184, 188, 190, 191, 192, 193, 216, 217, 236, 270, 271, 272, 277, 278, 337, 338, 339, 340, 341, 342, 343, 344, 345, 346, 347, 348, 349, 350, 351, 354, 373, 374]	experiments/e126_c4_iptm80_continue_af3_seed1/out_s2/ova_body_c4_11/seed-1_sample-4/ova_body_c4_11_seed-1_sample-4_summary_confidences.json	experiments/e126_c4_iptm80_continue_af3_seed1/out_s2/ova_body_c4_11/seed-1_sample-4/ova_body_c4_11_seed-1_sample-4_model.cif
ova_body_c4_12	seed-1_sample-0	4	0.36	0.51	85.90007764193678	nan	nan	0.39	0.0	4	4	1	0	346	346	0	0.46	0.34	15.47	"{""A-B"": 0, ""A-C"": 54, ""A-D"": 122, ""B-C"": 117, ""B-D"": 52, ""C-D"": 1}"	[1, 2, 3, 64, 65, 68, 69, 70, 71, 72, 73, 74, 78, 79, 82, 83, 86, 89, 90, 93, 94, 95, 96, 97, 124, 125, 131, 144, 145, 148, 149, 151, 152, 153, 155, 156, 182, 184, 186, 191, 192, 194, 195, 196, 210, 216, 217, 234, 237, 238, 239, 241, 266, 271, 275, 276, 277, 278, 285, 287, 334, 336, 337, 338, 341, 344, 345, 346, 349, 350, 351, 354, 372, 373, 375]	experiments/e126_c4_iptm80_continue_af3_seed1/out_s3/ova_body_c4_12/seed-1_sample-0/ova_body_c4_12_seed-1_sample-0_summary_confidences.json	experiments/e126_c4_iptm80_continue_af3_seed1/out_s3/ova_body_c4_12/seed-1_sample-0/ova_body_c4_12_seed-1_sample-0_model.cif
ova_body_c4_12	seed-1_sample-1	4	0.37	0.51	85.92797911846576	nan	nan	0.39	0.0	4	4	1	0	343	343	0	0.47	0.345	15.280000000000001	"{""A-B"": 1, ""A-C"": 63, ""A-D"": 112, ""B-C"": 106, ""B-D"": 61, ""C-D"": 0}"	[1, 2, 3, 64, 65, 68, 69, 70, 72, 73, 74, 78, 79, 82, 83, 86, 89, 90, 93, 94, 95, 96, 97, 99, 124, 125, 131, 133, 141, 144, 145, 148, 149, 152, 153, 155, 156, 182, 184, 186, 191, 192, 194, 195, 196, 210, 216, 217, 234, 237, 238, 239, 241, 271, 275, 276, 277, 278, 285, 287, 334, 336, 337, 338, 341, 344, 345, 346, 347, 349, 350, 351, 354, 355, 372, 373, 375]	experiments/e126_c4_iptm80_continue_af3_seed1/out_s3/ova_body_c4_12/seed-1_sample-1/ova_body_c4_12_seed-1_sample-1_summary_confidences.json	experiments/e126_c4_iptm80_continue_af3_seed1/out_s3/ova_body_c4_12/seed-1_sample-1/ova_body_c4_12_seed-1_sample-1_model.cif
ova_body_c4_12	seed-1_sample-2	4	0.37	0.51	85.84585499145824	nan	nan	0.4	0.0	4	4	1	0	375	375	0	0.47	0.345	15.025	"{""A-B"": 1, ""A-C"": 65, ""A-D"": 120, ""B-C"": 120, ""B-D"": 68, ""C-D"": 1}"	[1, 2, 3, 4, 64, 65, 68, 69, 70, 72, 73, 74, 78, 79, 81, 82, 83, 86, 89, 90, 93, 94, 95, 96, 97, 99, 124, 125, 131, 133, 141, 144, 145, 148, 149, 151, 152, 153, 155, 156, 182, 184, 186, 191, 192, 194, 195, 196, 210, 216, 217, 234, 237, 238, 239, 241, 266, 271, 275, 276, 277, 278, 285, 287, 334, 336, 337, 338, 341, 344, 345, 346, 347, 349, 350, 351, 354, 372, 373, 375]	experiments/e126_c4_iptm80_continue_af3_seed1/out_s3/ova_body_c4_12/seed-1_sample-2/ova_body_c4_12_seed-1_sample-2_summary_confidences.json	experiments/e126_c4_iptm80_continue_af3_seed1/out_s3/ova_body_c4_12/seed-1_sample-2/ova_body_c4_12_seed-1_sample-2_model.cif
ova_body_c4_12	seed-1_sample-3	4	0.37	0.51	85.22958526710154	nan	nan	0.4	0.0	6	4	1	0	374	374	0	0.33	0.325	17.325	"{""A-B"": 20, ""A-C"": 94, ""A-D"": 73, ""B-C"": 74, ""B-D"": 94, ""C-D"": 19}"	[1, 64, 65, 68, 69, 70, 71, 72, 73, 74, 75, 78, 79, 82, 86, 90, 93, 94, 95, 96, 99, 110, 113, 114, 116, 117, 119, 120, 121, 123, 131, 132, 133, 134, 138, 142, 144, 145, 147, 148, 149, 151, 152, 154, 155, 156, 159, 160, 182, 183, 184, 186, 188, 190, 191, 192, 216, 217, 237, 238, 239, 271, 275, 276, 278, 336, 337, 338, 339, 340, 341, 342, 344, 345, 346, 347, 348, 350, 372, 373, 374]	experiments/e126_c4_iptm80_continue_af3_seed1/out_s3/ova_body_c4_12/seed-1_sample-3/ova_body_c4_12_seed-1_sample-3_summary_confidences.json	experiments/e126_c4_iptm80_continue_af3_seed1/out_s3/ova_body_c4_12/seed-1_sample-3/ova_body_c4_12_seed-1_sample-3_model.cif
ova_body_c4_12	seed-1_sample-4	4	0.37	0.51	85.66663207414854	nan	nan	0.39	0.0	4	4	1	0	344	344	0	0.46	0.34500000000000003	15.295	"{""A-B"": 1, ""A-C"": 58, ""A-D"": 114, ""B-C"": 116, ""B-D"": 55, ""C-D"": 0}"	[1, 2, 3, 64, 65, 68, 69, 70, 71, 72, 73, 74, 78, 79, 81, 82, 83, 86, 89, 90, 93, 94, 95, 96, 97, 124, 125, 144, 145, 148, 149, 152, 153, 155, 156, 182, 186, 189, 191, 192, 194, 195, 210, 216, 217, 219, 234, 236, 237, 238, 239, 241, 271, 276, 277, 278, 334, 336, 337, 338, 341, 344, 345, 346, 347, 349, 350, 351, 354, 372, 373]	experiments/e126_c4_iptm80_continue_af3_seed1/out_s3/ova_body_c4_12/seed-1_sample-4/ova_body_c4_12_seed-1_sample-4_summary_confidences.json	experiments/e126_c4_iptm80_continue_af3_seed1/out_s3/ova_body_c4_12/seed-1_sample-4/ova_body_c4_12_seed-1_sample-4_model.cif
ova_body_c4_13	seed-1_sample-0	4	0.4	0.54	86.67082898233839	nan	nan	0.43	0.0	4	4	1	0	323	323	0	0.55	0.395	12.440000000000001	"{""A-B"": 43, ""A-C"": 0, ""A-D"": 124, ""B-C"": 120, ""B-D"": 0, ""C-D"": 36}"	[1, 2, 3, 4, 5, 6, 63, 64, 65, 68, 70, 71, 72, 73, 78, 79, 82, 83, 86, 90, 93, 94, 95, 96, 97, 124, 125, 131, 148, 149, 152, 153, 155, 182, 184, 191, 192, 194, 210, 216, 217, 219, 234, 236, 237, 238, 239, 241, 263, 266, 267, 270, 271, 272, 274, 275, 276, 277, 278, 285, 334, 336, 337, 338, 340, 346, 347, 349, 350, 351, 354, 355, 372, 373, 374, 375]	experiments/e126_c4_iptm80_continue_af3_seed1/out_s4/ova_body_c4_13/seed-1_sample-0/ova_body_c4_13_seed-1_sample-0_summary_confidences.json	experiments/e126_c4_iptm80_continue_af3_seed1/out_s4/ova_body_c4_13/seed-1_sample-0/ova_body_c4_13_seed-1_sample-0_model.cif
ova_body_c4_13	seed-1_sample-1	4	0.4	0.54	86.8281606763138	nan	nan	0.42	0.0	4	4	1	0	353	353	0	0.56	0.395	12.405	"{""A-B"": 39, ""A-C"": 0, ""A-D"": 135, ""B-C"": 139, ""B-D"": 0, ""C-D"": 40}"	[1, 2, 3, 4, 5, 6, 63, 64, 65, 68, 69, 70, 71, 72, 73, 74, 78, 79, 82, 83, 86, 90, 93, 94, 95, 96, 97, 99, 124, 125, 131, 148, 149, 152, 153, 155, 156, 182, 184, 191, 192, 210, 216, 217, 219, 234, 236, 237, 238, 239, 241, 263, 266, 267, 270, 271, 272, 274, 275, 276, 277, 278, 285, 334, 336, 337, 338, 340, 341, 346, 347, 349, 350, 351, 354, 355, 372, 373, 375]	experiments/e126_c4_iptm80_continue_af3_seed1/out_s4/ova_body_c4_13/seed-1_sample-1/ova_body_c4_13_seed-1_sample-1_summary_confidences.json	experiments/e126_c4_iptm80_continue_af3_seed1/out_s4/ova_body_c4_13/seed-1_sample-1/ova_body_c4_13_seed-1_sample-1_model.cif
ova_body_c4_13	seed-1_sample-2	4	0.4	0.54	86.74466325829066	nan	nan	0.43	0.0	4	4	1	0	326	326	0	0.56	0.4	12.2	"{""A-B"": 35, ""A-C"": 0, ""A-D"": 131, ""B-C"": 129, ""B-D"": 0, ""C-D"": 31}"	[1, 2, 3, 4, 5, 6, 63, 64, 65, 68, 69, 70, 72, 73, 74, 78, 79, 82, 83, 86, 90, 93, 94, 95, 96, 97, 124, 131, 149, 152, 153, 155, 182, 184, 191, 192, 216, 217, 219, 234, 236, 237, 238, 239, 241, 263, 266, 267, 270, 271, 272, 274, 275, 276, 277, 278, 334, 336, 337, 338, 340, 341, 346, 347, 349, 350, 351, 354, 355, 372, 373, 375]	experiments/e126_c4_iptm80_continue_af3_seed1/out_s4/ova_body_c4_13/seed-1_sample-2/ova_body_c4_13_seed-1_sample-2_summary_confidences.json	experiments/e126_c4_iptm80_continue_af3_seed1/out_s4/ova_body_c4_13/seed-1_sample-2/ova_body_c4_13_seed-1_sample-2_model.cif
ova_body_c4_13	seed-1_sample-3	4	0.4	0.54	86.50116586438115	nan	nan	0.43	0.0	4	4	1	0	341	341	0	0.55	0.395	12.4	"{""A-B"": 36, ""A-C"": 0, ""A-D"": 133, ""B-C"": 134, ""B-D"": 0, ""C-D"": 38}"	[1, 2, 3, 4, 5, 6, 63, 64, 65, 68, 69, 70, 71, 72, 73, 74, 78, 79, 82, 83, 86, 90, 93, 94, 95, 96, 97, 99, 124, 125, 131, 145, 149, 152, 153, 155, 182, 184, 191, 192, 216, 217, 219, 234, 236, 237, 238, 239, 241, 263, 266, 267, 270, 271, 272, 274, 275, 276, 277, 278, 334, 336, 337, 338, 340, 346, 347, 349, 350, 351, 354, 355, 372, 373, 375]	experiments/e126_c4_iptm80_continue_af3_seed1/out_s4/ova_body_c4_13/seed-1_sample-3/ova_body_c4_13_seed-1_sample-3_summary_confidences.json	experiments/e126_c4_iptm80_continue_af3_seed1/out_s4/ova_body_c4_13/seed-1_sample-3/ova_body_c4_13_seed-1_sample-3_model.cif
ova_body_c4_13	seed-1_sample-4	4	0.41	0.54	86.9710102970736	nan	nan	0.44	0.0	4	4	1	0	329	329	0	0.56	0.405	11.854999999999999	"{""A-B"": 30, ""A-C"": 0, ""A-D"": 137, ""B-C"": 132, ""B-D"": 0, ""C-D"": 30}"	[1, 2, 3, 4, 5, 6, 63, 64, 65, 68, 69, 70, 72, 73, 74, 78, 79, 82, 83, 86, 89, 90, 94, 95, 96, 97, 124, 125, 145, 148, 149, 152, 155, 182, 184, 186, 191, 192, 194, 216, 217, 219, 234, 237, 238, 239, 241, 263, 266, 267, 270, 271, 272, 274, 275, 276, 277, 278, 336, 337, 338, 340, 341, 345, 346, 347, 349, 350, 351, 354, 372, 373, 375]	experiments/e126_c4_iptm80_continue_af3_seed1/out_s4/ova_body_c4_13/seed-1_sample-4/ova_body_c4_13_seed-1_sample-4_summary_confidences.json	experiments/e126_c4_iptm80_continue_af3_seed1/out_s4/ova_body_c4_13/seed-1_sample-4/ova_body_c4_13_seed-1_sample-4_model.cif
ova_body_c4_14	seed-1_sample-0	4	0.29	0.46	84.5946893247298	nan	nan	0.32	0.0	6	4	1	0	319	319	0	0.28	0.21	21.165	"{""A-B"": 73, ""A-C"": 73, ""A-D"": 10, ""B-C"": 6, ""B-D"": 77, ""C-D"": 80}"	[1, 2, 3, 64, 65, 68, 70, 72, 73, 74, 75, 76, 78, 79, 82, 86, 90, 93, 94, 95, 96, 97, 99, 116, 117, 119, 120, 123, 131, 132, 133, 141, 144, 145, 147, 148, 149, 151, 152, 153, 155, 156, 182, 183, 184, 186, 188, 189, 190, 191, 192, 194, 217, 237, 238, 239, 271, 275, 276, 277, 278, 334, 336, 337, 338, 339, 341, 342, 344, 345, 346, 347, 349, 350, 351, 354, 355, 372, 373]	experiments/e126_c4_iptm80_continue_af3_seed1/out_s5/ova_body_c4_14/seed-1_sample-0/ova_body_c4_14_seed-1_sample-0_summary_confidences.json	experiments/e126_c4_iptm80_continue_af3_seed1/out_s5/ova_body_c4_14/seed-1_sample-0/ova_body_c4_14_seed-1_sample-0_model.cif
ova_body_c4_14	seed-1_sample-1	4	0.31	0.47	84.72025916736979	nan	nan	0.34	0.0	6	4	1	0	407	407	0	0.3	0.245	18.275	"{""A-B"": 81, ""A-C"": 91, ""A-D"": 22, ""B-C"": 24, ""B-D"": 101, ""C-D"": 88}"	[1, 3, 64, 65, 68, 69, 70, 71, 72, 73, 78, 79, 82, 86, 87, 90, 93, 94, 95, 96, 99, 113, 114, 115, 116, 117, 119, 120, 123, 130, 131, 132, 134, 140, 141, 143, 144, 145, 147, 148, 149, 151, 152, 153, 154, 155, 156, 159, 160, 182, 183, 184, 185, 186, 188, 189, 190, 191, 192, 193, 217, 236, 237, 238, 239, 271, 275, 276, 278, 334, 336, 337, 338, 339, 340, 341, 342, 344, 345, 346, 347, 349, 350, 354, 371, 372, 373, 374]	experiments/e126_c4_iptm80_continue_af3_seed1/out_s5/ova_body_c4_14/seed-1_sample-1/ova_body_c4_14_seed-1_sample-1_summary_confidences.json	experiments/e126_c4_iptm80_continue_af3_seed1/out_s5/ova_body_c4_14/seed-1_sample-1/ova_body_c4_14_seed-1_sample-1_model.cif
ova_body_c4_14	seed-1_sample-2	4	0.3	0.47	85.073652811001	nan	nan	0.34	0.0	6	4	1	0	369	369	0	0.27	0.25	19.675	"{""A-B"": 72, ""A-C"": 86, ""A-D"": 27, ""B-C"": 27, ""B-D"": 87, ""C-D"": 70}"	[1, 2, 64, 65, 68, 69, 70, 71, 72, 73, 78, 79, 82, 86, 90, 92, 93, 94, 95, 96, 99, 113, 114, 115, 116, 119, 120, 123, 129, 130, 131, 132, 133, 134, 138, 141, 142, 144, 145, 147, 148, 149, 151, 152, 155, 156, 182, 183, 184, 186, 188, 190, 191, 192, 216, 217, 236, 237, 238, 239, 275, 276, 278, 336, 337, 338, 339, 340, 341, 342, 344, 345, 346, 347, 349, 350, 372, 373, 374]	experiments/e126_c4_iptm80_continue_af3_seed1/out_s5/ova_body_c4_14/seed-1_sample-2/ova_body_c4_14_seed-1_sample-2_summary_confidences.json	experiments/e126_c4_iptm80_continue_af3_seed1/out_s5/ova_body_c4_14/seed-1_sample-2/ova_body_c4_14_seed-1_sample-2_model.cif
ova_body_c4_14	seed-1_sample-3	4	0.3	0.46	84.87196895619131	nan	nan	0.34	0.0	6	4	1	0	371	371	0	0.27	0.25	19.305	"{""A-B"": 76, ""A-C"": 85, ""A-D"": 23, ""B-C"": 23, ""B-D"": 85, ""C-D"": 79}"	[1, 64, 65, 68, 70, 71, 72, 73, 74, 78, 79, 82, 86, 87, 90, 93, 94, 95, 96, 99, 113, 114, 115, 116, 119, 120, 123, 130, 131, 132, 140, 141, 144, 145, 147, 148, 149, 151, 152, 153, 154, 155, 156, 182, 183, 184, 186, 188, 190, 191, 192, 217, 236, 237, 238, 239, 275, 276, 278, 334, 336, 337, 338, 339, 340, 341, 342, 344, 345, 346, 349, 350, 351, 372, 373, 374]	experiments/e126_c4_iptm80_continue_af3_seed1/out_s5/ova_body_c4_14/seed-1_sample-3/ova_body_c4_14_seed-1_sample-3_summary_confidences.json	experiments/e126_c4_iptm80_continue_af3_seed1/out_s5/ova_body_c4_14/seed-1_sample-3/ova_body_c4_14_seed-1_sample-3_model.cif
ova_body_c4_14	seed-1_sample-4	4	0.32	0.48	84.74878243955305	nan	nan	0.35	0.0	6	4	1	0	399	399	0	0.29	0.27	19.560000000000002	"{""A-B"": 70, ""A-C"": 106, ""A-D"": 22, ""B-C"": 21, ""B-D"": 108, ""C-D"": 72}"	[1, 2, 3, 64, 65, 69, 70, 71, 72, 73, 74, 77, 78, 79, 82, 86, 90, 92, 93, 94, 95, 96, 99, 110, 113, 114, 115, 116, 119, 120, 123, 124, 131, 132, 133, 134, 140, 141, 144, 145, 147, 148, 149, 151, 152, 153, 154, 155, 156, 182, 183, 184, 186, 188, 189, 190, 191, 192, 217, 237, 238, 239, 275, 276, 278, 336, 337, 338, 339, 340, 341, 342, 343, 344, 345, 346, 349, 350, 353, 372, 373, 374]	experiments/e126_c4_iptm80_continue_af3_seed1/out_s5/ova_body_c4_14/seed-1_sample-4/ova_body_c4_14_seed-1_sample-4_summary_confidences.json	experiments/e126_c4_iptm80_continue_af3_seed1/out_s5/ova_body_c4_14/seed-1_sample-4/ova_body_c4_14_seed-1_sample-4_model.cif
ova_body_c4_15	seed-1_sample-0	4	0.36	0.5	85.97782361322116	nan	nan	0.39	0.0	4	4	1	0	298	298	0	0.44	0.335	15.035	"{""A-B"": 0, ""A-C"": 38, ""A-D"": 115, ""B-C"": 110, ""B-D"": 34, ""C-D"": 1}"	[1, 2, 3, 4, 64, 65, 68, 69, 70, 71, 72, 73, 74, 78, 79, 82, 83, 86, 90, 94, 95, 96, 97, 131, 145, 148, 149, 152, 153, 155, 156, 182, 186, 191, 192, 194, 210, 217, 234, 237, 238, 239, 241, 266, 271, 275, 276, 277, 278, 334, 336, 337, 338, 342, 347, 348, 349, 350, 351, 354, 372, 373, 375]	experiments/e126_c4_iptm80_continue_af3_seed1/out_s6/ova_body_c4_15/seed-1_sample-0/ova_body_c4_15_seed-1_sample-0_summary_confidences.json	experiments/e126_c4_iptm80_continue_af3_seed1/out_s6/ova_body_c4_15/seed-1_sample-0/ova_body_c4_15_seed-1_sample-0_model.cif
ova_body_c4_15	seed-1_sample-1	4	0.37	0.51	85.75046633685808	nan	nan	0.4	0.0	4	4	1	0	335	335	0	0.46	0.34500000000000003	15.004999999999999	"{""A-B"": 0, ""A-C"": 60, ""A-D"": 110, ""B-C"": 107, ""B-D"": 58, ""C-D"": 0}"	[1, 2, 3, 4, 64, 65, 68, 69, 70, 71, 72, 73, 74, 78, 79, 82, 83, 86, 89, 90, 94, 95, 96, 97, 124, 125, 131, 141, 144, 145, 148, 149, 152, 153, 155, 156, 182, 184, 186, 191, 192, 194, 195, 196, 210, 217, 234, 237, 238, 239, 241, 271, 275, 276, 277, 278, 285, 334, 336, 337, 338, 340, 341, 344, 345, 346, 347, 349, 350, 351, 354, 372, 373, 375]	experiments/e126_c4_iptm80_continue_af3_seed1/out_s6/ova_body_c4_15/seed-1_sample-1/ova_body_c4_15_seed-1_sample-1_summary_confidences.json	experiments/e126_c4_iptm80_continue_af3_seed1/out_s6/ova_body_c4_15/seed-1_sample-1/ova_body_c4_15_seed-1_sample-1_model.cif
ova_body_c4_15	seed-1_sample-2	4	0.36	0.51	85.44891200782104	nan	nan	0.39	0.0	4	4	1	0	318	318	0	0.45	0.34	14.934999999999999	"{""A-B"": 1, ""A-C"": 53, ""A-D"": 104, ""B-C"": 105, ""B-D"": 54, ""C-D"": 1}"	[1, 2, 3, 4, 64, 65, 68, 69, 70, 71, 72, 73, 74, 78, 79, 82, 83, 85, 86, 90, 93, 94, 95, 96, 97, 99, 124, 127, 128, 145, 148, 149, 151, 152, 153, 155, 156, 182, 186, 191, 192, 194, 210, 216, 217, 234, 237, 238, 239, 241, 266, 271, 275, 276, 277, 278, 334, 336, 337, 338, 343, 345, 346, 349, 350, 351, 354, 372, 373, 375]	experiments/e126_c4_iptm80_continue_af3_seed1/out_s6/ova_body_c4_15/seed-1_sample-2/ova_body_c4_15_seed-1_sample-2_summary_confidences.json	experiments/e126_c4_iptm80_continue_af3_seed1/out_s6/ova_body_c4_15/seed-1_sample-2/ova_body_c4_15_seed-1_sample-2_model.cif
ova_body_c4_15	seed-1_sample-3	4	0.35	0.5	84.74435233575693	nan	nan	0.38	0.0	6	4	1	0	254	254	0	0.31	0.305	17.32	"{""A-B"": 25, ""A-C"": 78, ""A-D"": 24, ""B-C"": 24, ""B-D"": 75, ""C-D"": 28}"	[1, 64, 68, 69, 71, 72, 73, 75, 86, 92, 94, 95, 96, 99, 115, 116, 117, 119, 120, 123, 124, 129, 131, 132, 133, 141, 144, 145, 147, 148, 149, 151, 152, 155, 156, 182, 184, 188, 190, 191, 192, 217, 238, 271, 275, 276, 336, 337, 338, 339, 340, 341, 342, 343, 344, 346, 347, 349, 373, 374]	experiments/e126_c4_iptm80_continue_af3_seed1/out_s6/ova_body_c4_15/seed-1_sample-3/ova_body_c4_15_seed-1_sample-3_summary_confidences.json	experiments/e126_c4_iptm80_continue_af3_seed1/out_s6/ova_body_c4_15/seed-1_sample-3/ova_body_c4_15_seed-1_sample-3_model.cif
ova_body_c4_15	seed-1_sample-4	4	0.36	0.5	85.72274597444682	nan	nan	0.39	0.0	4	4	1	0	262	262	0	0.44	0.335	15.27	"{""A-B"": 0, ""A-C"": 29, ""A-D"": 102, ""B-C"": 101, ""B-D"": 30, ""C-D"": 0}"	[1, 2, 3, 64, 65, 68, 69, 70, 71, 72, 73, 74, 78, 79, 82, 83, 86, 90, 94, 95, 96, 97, 145, 148, 149, 152, 155, 156, 182, 186, 191, 192, 194, 210, 216, 217, 219, 234, 237, 238, 239, 241, 271, 276, 277, 278, 334, 336, 337, 338, 347, 348, 349, 350, 351, 354, 372, 373, 375]	experiments/e126_c4_iptm80_continue_af3_seed1/out_s6/ova_body_c4_15/seed-1_sample-4/ova_body_c4_15_seed-1_sample-4_summary_confidences.json	experiments/e126_c4_iptm80_continue_af3_seed1/out_s6/ova_body_c4_15/seed-1_sample-4/ova_body_c4_15_seed-1_sample-4_model.cif
ova_body_c4_16	seed-1_sample-0	4	0.21	0.39	84.73290157812247	nan	nan	0.24	0.0	6	4	1	0	323	323	0	0.14	0.14	23.604999999999997	"{""A-B"": 97, ""A-C"": 41, ""A-D"": 17, ""B-C"": 23, ""B-D"": 43, ""C-D"": 102}"	[1, 2, 3, 4, 5, 6, 62, 64, 65, 68, 70, 71, 72, 73, 74, 78, 79, 82, 85, 86, 87, 89, 90, 93, 94, 95, 96, 97, 99, 101, 124, 125, 152, 153, 155, 184, 188, 191, 192, 194, 217, 236, 238, 239, 263, 266, 267, 270, 271, 272, 273, 276, 277, 278, 336, 337, 338, 339, 340, 341, 342, 344, 345, 346, 349, 350, 351, 354, 355, 371, 372, 373, 374, 375]	experiments/e126_c4_iptm80_continue_af3_seed1/out_s7/ova_body_c4_16/seed-1_sample-0/ova_body_c4_16_seed-1_sample-0_summary_confidences.json	experiments/e126_c4_iptm80_continue_af3_seed1/out_s7/ova_body_c4_16/seed-1_sample-0/ova_body_c4_16_seed-1_sample-0_model.cif
ova_body_c4_16	seed-1_sample-1	4	0.2	0.38	84.58062199607414	nan	nan	0.23	0.0	4	4	1	0	283	283	0	0.16	0.14500000000000002	24.86	"{""A-B"": 74, ""A-C"": 56, ""A-D"": 1, ""B-C"": 1, ""B-D"": 68, ""C-D"": 83}"	[1, 2, 3, 6, 64, 65, 68, 69, 70, 71, 72, 73, 78, 79, 82, 86, 90, 93, 94, 95, 96, 99, 132, 133, 134, 138, 141, 144, 145, 148, 149, 151, 152, 153, 155, 156, 182, 183, 184, 186, 191, 192, 194, 195, 210, 216, 217, 219, 237, 238, 239, 271, 275, 276, 278, 285, 334, 336, 337, 338, 339, 341, 343, 345, 346, 347, 349, 350, 351, 354, 371, 372, 373, 374]	experiments/e126_c4_iptm80_continue_af3_seed1/out_s7/ova_body_c4_16/seed-1_sample-1/ova_body_c4_16_seed-1_sample-1_summary_confidences.json	experiments/e126_c4_iptm80_continue_af3_seed1/out_s7/ova_body_c4_16/seed-1_sample-1/ova_body_c4_16_seed-1_sample-1_model.cif
ova_body_c4_16	seed-1_sample-2	4	0.2	0.39	84.79950769454086	nan	nan	0.24	0.0	6	4	1	0	406	406	0	0.14	0.14	24.65	"{""A-B"": 119, ""A-C"": 28, ""A-D"": 58, ""B-C"": 61, ""B-D"": 25, ""C-D"": 115}"	[1, 2, 3, 4, 5, 64, 65, 68, 70, 72, 77, 78, 79, 82, 83, 86, 87, 90, 92, 93, 94, 95, 96, 97, 99, 110, 116, 117, 119, 120, 123, 124, 127, 131, 132, 134, 138, 141, 142, 144, 145, 148, 149, 151, 152, 153, 155, 156, 157, 182, 186, 191, 216, 217, 218, 219, 232, 234, 236, 237, 238, 239, 241, 266, 269, 270, 271, 272, 275, 276, 277, 278, 336, 338, 340, 341, 342, 344, 345, 346, 349, 350, 351, 353, 354, 355, 372, 373, 374, 375]	experiments/e126_c4_iptm80_continue_af3_seed1/out_s7/ova_body_c4_16/seed-1_sample-2/ova_body_c4_16_seed-1_sample-2_summary_confidences.json	experiments/e126_c4_iptm80_continue_af3_seed1/out_s7/ova_body_c4_16/seed-1_sample-2/ova_body_c4_16_seed-1_sample-2_model.cif
ova_body_c4_16	seed-1_sample-3	4	0.23	0.41	85.15645077562085	nan	nan	0.27	0.0	6	4	1	0	336	336	0	0.25	0.13	25.61	"{""A-B"": 66, ""A-C"": 87, ""A-D"": 14, ""B-C"": 14, ""B-D"": 89, ""C-D"": 66}"	[1, 65, 67, 68, 70, 71, 72, 73, 74, 78, 79, 82, 83, 86, 89, 90, 93, 94, 95, 96, 99, 110, 114, 116, 117, 119, 120, 123, 131, 132, 141, 144, 145, 147, 148, 149, 151, 152, 154, 155, 156, 159, 160, 182, 183, 184, 186, 188, 190, 191, 192, 217, 234, 236, 237, 238, 239, 271, 276, 278, 336, 337, 338, 339, 340, 341, 342, 343, 344, 345, 346, 347, 348, 349, 350, 371, 373, 374]	experiments/e126_c4_iptm80_continue_af3_seed1/out_s7/ova_body_c4_16/seed-1_sample-3/ova_body_c4_16_seed-1_sample-3_summary_confidences.json	experiments/e126_c4_iptm80_continue_af3_seed1/out_s7/ova_body_c4_16/seed-1_sample-3/ova_body_c4_16_seed-1_sample-3_model.cif
ova_body_c4_16	seed-1_sample-4	4	0.25	0.42	85.10176166475128	nan	nan	0.29	0.0	6	4	1	0	225	225	0	0.2	0.18	19.65	"{""A-B"": 30, ""A-C"": 34, ""A-D"": 50, ""B-C"": 50, ""B-D"": 30, ""C-D"": 31}"	[2, 3, 64, 65, 68, 82, 83, 86, 90, 94, 95, 96, 97, 99, 182, 183, 184, 188, 191, 192, 217, 219, 236, 237, 238, 239, 271, 275, 276, 277, 278, 336, 337, 338, 339, 340, 341, 342, 343, 344, 345, 346, 348, 349, 350, 351, 354, 355, 373, 374]	experiments/e126_c4_iptm80_continue_af3_seed1/out_s7/ova_body_c4_16/seed-1_sample-4/ova_body_c4_16_seed-1_sample-4_summary_confidences.json	experiments/e126_c4_iptm80_continue_af3_seed1/out_s7/ova_body_c4_16/seed-1_sample-4/ova_body_c4_16_seed-1_sample-4_model.cif
ova_body_c4_17	seed-1_sample-0	4	0.28	0.44	86.75782386997203	nan	nan	0.31	0.0	4	4	1	0	119	119	0	0.33	0.24	17.259999999999998	"{""A-B"": 15, ""A-C"": 42, ""A-D"": 0, ""B-C"": 0, ""B-D"": 44, ""C-D"": 18}"	[94, 95, 96, 97, 98, 99, 182, 184, 190, 191, 192, 193, 216, 217, 236, 276, 278, 337, 338, 339, 340, 341, 342, 343, 344, 345, 346, 347, 348, 349]	experiments/e126_c4_iptm80_continue_af3_seed1/out_s0/ova_body_c4_17/seed-1_sample-0/ova_body_c4_17_seed-1_sample-0_summary_confidences.json	experiments/e126_c4_iptm80_continue_af3_seed1/out_s0/ova_body_c4_17/seed-1_sample-0/ova_body_c4_17_seed-1_sample-0_model.cif
ova_body_c4_17	seed-1_sample-1	4	0.31	0.46	86.84606244774062	nan	nan	0.34	0.0	4	4	1	0	149	149	0	0.34	0.255	17.035	"{""A-B"": 20, ""A-C"": 51, ""A-D"": 2, ""B-C"": 3, ""B-D"": 53, ""C-D"": 20}"	[95, 96, 97, 98, 99, 182, 184, 188, 190, 191, 192, 193, 217, 236, 276, 277, 278, 337, 338, 339, 340, 341, 342, 343, 344, 345, 346, 347, 348, 349, 350, 351, 354]	experiments/e126_c4_iptm80_continue_af3_seed1/out_s0/ova_body_c4_17/seed-1_sample-1/ova_body_c4_17_seed-1_sample-1_summary_confidences.json	experiments/e126_c4_iptm80_continue_af3_seed1/out_s0/ova_body_c4_17/seed-1_sample-1/ova_body_c4_17_seed-1_sample-1_model.cif
ova_body_c4_17	seed-1_sample-2	4	0.31	0.47	86.91544036667581	nan	nan	0.34	0.0	4	4	1	0	168	168	0	0.36	0.265	17.009999999999998	"{""A-B"": 39, ""A-C"": 47, ""A-D"": 1, ""B-C"": 2, ""B-D"": 46, ""C-D"": 33}"	[95, 96, 97, 98, 99, 182, 184, 190, 191, 192, 193, 216, 217, 236, 276, 278, 337, 338, 339, 340, 342, 343, 344, 345, 346, 347, 348, 349, 350, 351, 354]	experiments/e126_c4_iptm80_continue_af3_seed1/out_s0/ova_body_c4_17/seed-1_sample-2/ova_body_c4_17_seed-1_sample-2_summary_confidences.json	experiments/e126_c4_iptm80_continue_af3_seed1/out_s0/ova_body_c4_17/seed-1_sample-2/ova_body_c4_17_seed-1_sample-2_model.cif
ova_body_c4_17	seed-1_sample-3	4	0.36	0.5	86.50637299532717	nan	nan	0.38	0.0	4	4	1	0	191	191	0	0.42	0.315	14.965	"{""A-B"": 31, ""A-C"": 61, ""A-D"": 2, ""B-C"": 3, ""B-D"": 59, ""C-D"": 35}"	[95, 96, 97, 98, 99, 182, 184, 190, 191, 192, 193, 216, 217, 236, 276, 277, 278, 337, 338, 339, 340, 341, 342, 343, 344, 345, 346, 347, 348, 349, 350, 352, 353, 354, 355]	experiments/e126_c4_iptm80_continue_af3_seed1/out_s0/ova_body_c4_17/seed-1_sample-3/ova_body_c4_17_seed-1_sample-3_summary_confidences.json	experiments/e126_c4_iptm80_continue_af3_seed1/out_s0/ova_body_c4_17/seed-1_sample-3/ova_body_c4_17_seed-1_sample-3_model.cif
ova_body_c4_17	seed-1_sample-4	4	0.32	0.47	86.98512953921303	nan	nan	0.35	0.0	5	4	1	0	164	164	0	0.37	0.21	18.09	"{""A-B"": 22, ""A-C"": 52, ""A-D"": 4, ""B-C"": 9, ""B-D"": 55, ""C-D"": 22}"	[86, 90, 95, 96, 97, 98, 99, 182, 184, 188, 190, 191, 192, 193, 216, 217, 236, 271, 272, 278, 337, 338, 339, 340, 341, 342, 343, 344, 345, 346, 347, 348, 349, 350, 351, 354, 373, 374]	experiments/e126_c4_iptm80_continue_af3_seed1/out_s0/ova_body_c4_17/seed-1_sample-4/ova_body_c4_17_seed-1_sample-4_summary_confidences.json	experiments/e126_c4_iptm80_continue_af3_seed1/out_s0/ova_body_c4_17/seed-1_sample-4/ova_body_c4_17_seed-1_sample-4_model.cif
ova_body_c4_18	seed-1_sample-0	4	0.68	0.74	88.26269435388437	nan	nan	0.69	0.0	6	4	1	0	417	417	0	0.77	0.545	7.75	"{""A-B"": 105, ""A-C"": 93, ""A-D"": 10, ""B-C"": 9, ""B-D"": 97, ""C-D"": 103}"	[1, 3, 63, 64, 65, 67, 68, 69, 70, 71, 72, 73, 77, 78, 79, 80, 82, 83, 86, 89, 90, 93, 94, 95, 96, 97, 98, 99, 101, 110, 114, 116, 119, 120, 123, 124, 127, 128, 131, 132, 137, 138, 141, 144, 145, 147, 148, 149, 151, 152, 153, 154, 155, 156, 157, 180, 182, 183, 184, 186, 188, 191, 217, 234, 236, 237, 238, 239, 241, 271, 276, 334, 336, 338, 339, 340, 341, 342, 344, 345, 372, 373, 374, 375]	experiments/e126_c4_iptm80_continue_af3_seed1/out_s1/ova_body_c4_18/seed-1_sample-0/ova_body_c4_18_seed-1_sample-0_summary_confidences.json	experiments/e126_c4_iptm80_continue_af3_seed1/out_s1/ova_body_c4_18/seed-1_sample-0/ova_body_c4_18_seed-1_sample-0_model.cif
ova_body_c4_18	seed-1_sample-1	4	0.67	0.74	88.22670986985914	nan	nan	0.69	0.0	6	4	1	0	443	443	0	0.76	0.55	8.11	"{""A-B"": 106, ""A-C"": 111, ""A-D"": 9, ""B-C"": 9, ""B-D"": 106, ""C-D"": 102}"	[1, 3, 63, 64, 65, 67, 68, 69, 70, 71, 72, 73, 77, 78, 79, 80, 82, 83, 86, 89, 90, 92, 93, 94, 95, 96, 97, 98, 99, 101, 110, 114, 116, 119, 120, 123, 124, 127, 128, 131, 132, 138, 141, 144, 145, 147, 148, 149, 151, 152, 153, 154, 155, 156, 157, 180, 182, 183, 184, 186, 188, 191, 217, 218, 219, 232, 234, 236, 237, 238, 239, 241, 271, 276, 334, 336, 337, 338, 339, 340, 341, 342, 344, 345, 372, 373, 374, 375]	experiments/e126_c4_iptm80_continue_af3_seed1/out_s1/ova_body_c4_18/seed-1_sample-1/ova_body_c4_18_seed-1_sample-1_summary_confidences.json	experiments/e126_c4_iptm80_continue_af3_seed1/out_s1/ova_body_c4_18/seed-1_sample-1/ova_body_c4_18_seed-1_sample-1_model.cif
ova_body_c4_18	seed-1_sample-2	4	0.68	0.75	88.67305699284212	nan	nan	0.7	0.0	6	4	1	0	375	375	0	0.8	0.54	7.82	"{""A-B"": 100, ""A-C"": 80, ""A-D"": 9, ""B-C"": 8, ""B-D"": 80, ""C-D"": 98}"	[64, 65, 67, 68, 69, 70, 72, 73, 77, 78, 79, 80, 82, 83, 86, 89, 90, 93, 95, 96, 97, 98, 99, 101, 110, 113, 116, 119, 120, 124, 131, 132, 137, 138, 141, 144, 145, 147, 148, 149, 151, 152, 153, 154, 155, 156, 157, 180, 182, 183, 184, 186, 188, 191, 217, 219, 234, 236, 237, 238, 239, 271, 276, 334, 336, 338, 339, 340, 341, 342, 344, 345, 372, 373, 374]	experiments/e126_c4_iptm80_continue_af3_seed1/out_s1/ova_body_c4_18/seed-1_sample-2/ova_body_c4_18_seed-1_sample-2_summary_confidences.json	experiments/e126_c4_iptm80_continue_af3_seed1/out_s1/ova_body_c4_18/seed-1_sample-2/ova_body_c4_18_seed-1_sample-2_model.cif
ova_body_c4_18	seed-1_sample-3	4	0.69	0.75	88.43601013341716	nan	nan	0.7	0.0	6	4	1	0	405	405	0	0.77	0.56	7.875	"{""A-B"": 97, ""A-C"": 98, ""A-D"": 8, ""B-C"": 8, ""B-D"": 96, ""C-D"": 98}"	[1, 3, 63, 64, 65, 67, 68, 69, 70, 71, 72, 73, 77, 78, 79, 80, 82, 83, 86, 89, 90, 93, 94, 96, 97, 98, 99, 101, 114, 116, 119, 123, 127, 132, 137, 138, 141, 144, 145, 147, 148, 149, 151, 152, 153, 154, 155, 156, 157, 180, 182, 183, 184, 186, 188, 191, 217, 219, 234, 236, 237, 238, 239, 241, 271, 276, 334, 338, 339, 340, 342, 343, 344, 345, 346, 372, 373, 374, 375]	experiments/e126_c4_iptm80_continue_af3_seed1/out_s1/ova_body_c4_18/seed-1_sample-3/ova_body_c4_18_seed-1_sample-3_summary_confidences.json	experiments/e126_c4_iptm80_continue_af3_seed1/out_s1/ova_body_c4_18/seed-1_sample-3/ova_body_c4_18_seed-1_sample-3_model.cif
ova_body_c4_18	seed-1_sample-4	4	0.68	0.74	88.55443006723038	nan	nan	0.69	0.0	6	4	1	0	385	385	0	0.79	0.54	7.87	"{""A-B"": 89, ""A-C"": 93, ""A-D"": 6, ""B-C"": 10, ""B-D"": 95, ""C-D"": 92}"	[64, 65, 67, 68, 69, 70, 71, 72, 73, 74, 77, 78, 79, 80, 82, 83, 86, 89, 90, 93, 95, 96, 97, 98, 99, 101, 110, 114, 116, 119, 120, 123, 124, 131, 132, 138, 141, 144, 145, 147, 148, 149, 151, 152, 153, 154, 155, 156, 157, 180, 182, 183, 184, 186, 188, 191, 217, 219, 234, 236, 237, 238, 239, 241, 271, 276, 334, 338, 339, 340, 341, 342, 344, 372, 373, 374, 375]	experiments/e126_c4_iptm80_continue_af3_seed1/out_s1/ova_body_c4_18/seed-1_sample-4/ova_body_c4_18_seed-1_sample-4_summary_confidences.json	experiments/e126_c4_iptm80_continue_af3_seed1/out_s1/ova_body_c4_18/seed-1_sample-4/ova_body_c4_18_seed-1_sample-4_model.cif
ova_body_c4_19	seed-1_sample-0	4	0.82	0.85	89.66329017204325	nan	nan	0.83	0.0	6	4	1	0	180	180	0	0.79	0.78	2.5949999999999998	"{""A-B"": 9, ""A-C"": 47, ""A-D"": 31, ""B-C"": 34, ""B-D"": 49, ""C-D"": 10}"	[83, 86, 90, 95, 96, 97, 98, 99, 182, 184, 190, 191, 192, 193, 216, 217, 236, 271, 272, 278, 337, 338, 339, 340, 341, 342, 343, 344, 345, 346, 347, 348, 349, 350, 351, 354, 355, 373, 374]	experiments/e126_c4_iptm80_continue_af3_seed1/out_s2/ova_body_c4_19/seed-1_sample-0/ova_body_c4_19_seed-1_sample-0_summary_confidences.json	experiments/e126_c4_iptm80_continue_af3_seed1/out_s2/ova_body_c4_19/seed-1_sample-0/ova_body_c4_19_seed-1_sample-0_model.cif
ova_body_c4_19	seed-1_sample-1	4	0.83	0.86	90.07329014792961	nan	nan	0.83	0.0	6	4	1	0	190	190	0	0.79	0.79	2.57	"{""A-B"": 10, ""A-C"": 49, ""A-D"": 37, ""B-C"": 37, ""B-D"": 47, ""C-D"": 10}"	[86, 87, 90, 95, 96, 97, 98, 99, 182, 184, 190, 191, 192, 193, 216, 217, 236, 271, 272, 278, 337, 338, 339, 340, 342, 343, 344, 345, 346, 347, 348, 349, 350, 352, 353, 354, 355, 373, 374]	experiments/e126_c4_iptm80_continue_af3_seed1/out_s2/ova_body_c4_19/seed-1_sample-1/ova_body_c4_19_seed-1_sample-1_summary_confidences.json	experiments/e126_c4_iptm80_continue_af3_seed1/out_s2/ova_body_c4_19/seed-1_sample-1/ova_body_c4_19_seed-1_sample-1_model.cif
ova_body_c4_19	seed-1_sample-2	4	0.82	0.85	90.07546624494958	nan	nan	0.83	0.0	6	4	1	0	202	202	0	0.79	0.785	2.6399999999999997	"{""A-B"": 12, ""A-C"": 49, ""A-D"": 38, ""B-C"": 42, ""B-D"": 49, ""C-D"": 12}"	[82, 83, 86, 90, 95, 96, 97, 98, 99, 182, 184, 190, 191, 192, 193, 216, 217, 236, 271, 272, 278, 337, 338, 339, 340, 341, 342, 343, 344, 345, 346, 347, 348, 349, 350, 352, 353, 354, 355, 373, 374]	experiments/e126_c4_iptm80_continue_af3_seed1/out_s2/ova_body_c4_19/seed-1_sample-2/ova_body_c4_19_seed-1_sample-2_summary_confidences.json	experiments/e126_c4_iptm80_continue_af3_seed1/out_s2/ova_body_c4_19/seed-1_sample-2/ova_body_c4_19_seed-1_sample-2_model.cif
ova_body_c4_19	seed-1_sample-3	4	0.83	0.86	89.96422271530862	nan	nan	0.83	0.0	6	4	1	0	193	193	0	0.79	0.78	2.55	"{""A-B"": 10, ""A-C"": 50, ""A-D"": 37, ""B-C"": 37, ""B-D"": 49, ""C-D"": 10}"	[86, 87, 90, 95, 96, 97, 98, 99, 182, 184, 190, 191, 192, 193, 216, 217, 236, 271, 272, 278, 337, 338, 339, 340, 341, 342, 343, 344, 345, 346, 347, 348, 349, 350, 352, 353, 355, 373, 374]	experiments/e126_c4_iptm80_continue_af3_seed1/out_s2/ova_body_c4_19/seed-1_sample-3/ova_body_c4_19_seed-1_sample-3_summary_confidences.json	experiments/e126_c4_iptm80_continue_af3_seed1/out_s2/ova_body_c4_19/seed-1_sample-3/ova_body_c4_19_seed-1_sample-3_model.cif
ova_body_c4_19	seed-1_sample-4	4	0.83	0.86	89.49953362855268	nan	nan	0.84	0.0	6	4	1	0	206	206	0	0.8	0.79	2.465	"{""A-B"": 18, ""A-C"": 45, ""A-D"": 40, ""B-C"": 41, ""B-D"": 46, ""C-D"": 16}"	[1, 82, 83, 86, 87, 90, 95, 96, 97, 98, 99, 182, 184, 190, 191, 192, 193, 216, 217, 236, 270, 271, 272, 278, 337, 338, 339, 340, 341, 342, 343, 344, 345, 346, 347, 348, 349, 350, 352, 353, 355, 373, 374]	experiments/e126_c4_iptm80_continue_af3_seed1/out_s2/ova_body_c4_19/seed-1_sample-4/ova_body_c4_19_seed-1_sample-4_summary_confidences.json	experiments/e126_c4_iptm80_continue_af3_seed1/out_s2/ova_body_c4_19/seed-1_sample-4/ova_body_c4_19_seed-1_sample-4_model.cif
ova_body_c4_20	seed-1_sample-0	4	0.8	0.83	89.81487076517215	nan	nan	0.8	0.0	6	4	1	0	178	178	0	0.76	0.75	3.0250000000000004	"{""A-B"": 8, ""A-C"": 56, ""A-D"": 25, ""B-C"": 25, ""B-D"": 56, ""C-D"": 8}"	[86, 90, 95, 96, 97, 98, 99, 182, 184, 190, 191, 192, 193, 216, 217, 236, 271, 272, 276, 277, 278, 337, 338, 339, 340, 341, 342, 343, 344, 345, 346, 347, 348, 349, 350, 351, 354, 373, 374]	experiments/e126_c4_iptm80_continue_af3_seed1/out_s3/ova_body_c4_20/seed-1_sample-0/ova_body_c4_20_seed-1_sample-0_summary_confidences.json	experiments/e126_c4_iptm80_continue_af3_seed1/out_s3/ova_body_c4_20/seed-1_sample-0/ova_body_c4_20_seed-1_sample-0_model.cif
ova_body_c4_20	seed-1_sample-1	4	0.8	0.84	89.83093260730486	nan	nan	0.81	0.0	6	4	1	0	192	192	0	0.76	0.755	2.96	"{""A-B"": 10, ""A-C"": 52, ""A-D"": 31, ""B-C"": 31, ""B-D"": 58, ""C-D"": 10}"	[86, 90, 95, 96, 97, 98, 99, 182, 184, 188, 190, 191, 192, 193, 216, 217, 236, 271, 272, 276, 277, 278, 337, 338, 339, 340, 341, 342, 343, 344, 345, 346, 347, 348, 349, 350, 351, 354, 373, 374]	experiments/e126_c4_iptm80_continue_af3_seed1/out_s3/ova_body_c4_20/seed-1_sample-1/ova_body_c4_20_seed-1_sample-1_summary_confidences.json	experiments/e126_c4_iptm80_continue_af3_seed1/out_s3/ova_body_c4_20/seed-1_sample-1/ova_body_c4_20_seed-1_sample-1_model.cif
ova_body_c4_20	seed-1_sample-2	4	0.8	0.83	89.95401558357199	nan	nan	0.8	0.0	6	4	1	0	193	193	0	0.76	0.75	3.01	"{""A-B"": 10, ""A-C"": 58, ""A-D"": 28, ""B-C"": 29, ""B-D"": 58, ""C-D"": 10}"	[86, 90, 95, 96, 97, 98, 99, 182, 184, 188, 190, 191, 192, 193, 216, 217, 236, 271, 272, 276, 277, 278, 337, 338, 339, 340, 341, 342, 343, 344, 345, 346, 347, 348, 349, 350, 351, 354, 373, 374]	experiments/e126_c4_iptm80_continue_af3_seed1/out_s3/ova_body_c4_20/seed-1_sample-2/ova_body_c4_20_seed-1_sample-2_summary_confidences.json	experiments/e126_c4_iptm80_continue_af3_seed1/out_s3/ova_body_c4_20/seed-1_sample-2/ova_body_c4_20_seed-1_sample-2_model.cif
ova_body_c4_20	seed-1_sample-3	4	0.8	0.84	89.8474090951712	nan	nan	0.81	0.0	6	4	1	0	191	191	0	0.76	0.75	3.05	"{""A-B"": 10, ""A-C"": 57, ""A-D"": 28, ""B-C"": 31, ""B-D"": 56, ""C-D"": 9}"	[86, 90, 95, 96, 97, 98, 99, 182, 184, 190, 191, 192, 193, 216, 217, 236, 239, 271, 272, 276, 277, 278, 337, 338, 339, 340, 341, 342, 343, 344, 345, 346, 347, 348, 349, 350, 351, 354, 373, 374]	experiments/e126_c4_iptm80_continue_af3_seed1/out_s3/ova_body_c4_20/seed-1_sample-3/ova_body_c4_20_seed-1_sample-3_summary_confidences.json	experiments/e126_c4_iptm80_continue_af3_seed1/out_s3/ova_body_c4_20/seed-1_sample-3/ova_body_c4_20_seed-1_sample-3_model.cif
ova_body_c4_20	seed-1_sample-4	4	0.8	0.84	89.83577706529687	nan	nan	0.81	0.0	6	4	1	0	193	193	0	0.76	0.76	3.04	"{""A-B"": 10, ""A-C"": 58, ""A-D"": 28, ""B-C"": 28, ""B-D"": 59, ""C-D"": 10}"	[86, 90, 95, 96, 97, 98, 99, 182, 184, 188, 190, 191, 192, 193, 216, 217, 236, 271, 272, 276, 277, 278, 337, 338, 339, 340, 341, 342, 343, 344, 345, 346, 347, 348, 349, 350, 351, 354, 373, 374]	experiments/e126_c4_iptm80_continue_af3_seed1/out_s3/ova_body_c4_20/seed-1_sample-4/ova_body_c4_20_seed-1_sample-4_summary_confidences.json	experiments/e126_c4_iptm80_continue_af3_seed1/out_s3/ova_body_c4_20/seed-1_sample-4/ova_body_c4_20_seed-1_sample-4_model.cif
ova_body_c4_21	seed-1_sample-0	4	0.81	0.85	90.09075126252644	nan	nan	0.82	0.0	6	4	1	0	177	177	0	0.78	0.77	2.84	"{""A-B"": 11, ""A-C"": 59, ""A-D"": 19, ""B-C"": 19, ""B-D"": 57, ""C-D"": 12}"	[83, 86, 87, 90, 95, 96, 97, 98, 99, 182, 183, 184, 188, 190, 191, 192, 193, 216, 217, 236, 271, 272, 278, 337, 338, 339, 340, 341, 342, 343, 344, 345, 346, 347, 348, 349, 350, 351, 354, 373, 374]	experiments/e126_c4_iptm80_continue_af3_seed1/out_s4/ova_body_c4_21/seed-1_sample-0/ova_body_c4_21_seed-1_sample-0_summary_confidences.json	experiments/e126_c4_iptm80_continue_af3_seed1/out_s4/ova_body_c4_21/seed-1_sample-0/ova_body_c4_21_seed-1_sample-0_model.cif
ova_body_c4_21	seed-1_sample-1	4	0.82	0.85	90.24396366653048	nan	nan	0.82	0.0	6	4	1	0	197	197	0	0.78	0.78	2.7800000000000002	"{""A-B"": 12, ""A-C"": 59, ""A-D"": 27, ""B-C"": 28, ""B-D"": 59, ""C-D"": 12}"	[86, 87, 90, 94, 95, 96, 97, 98, 99, 182, 184, 188, 190, 191, 192, 193, 216, 217, 236, 237, 271, 272, 276, 277, 278, 337, 338, 339, 340, 341, 342, 343, 344, 345, 346, 347, 348, 349, 350, 351, 354, 373, 374]	experiments/e126_c4_iptm80_continue_af3_seed1/out_s4/ova_body_c4_21/seed-1_sample-1/ova_body_c4_21_seed-1_sample-1_summary_confidences.json	experiments/e126_c4_iptm80_continue_af3_seed1/out_s4/ova_body_c4_21/seed-1_sample-1/ova_body_c4_21_seed-1_sample-1_model.cif
ova_body_c4_21	seed-1_sample-2	4	0.81	0.84	90.41059592844908	nan	nan	0.82	0.0	6	4	1	0	189	189	0	0.78	0.77	2.925	"{""A-B"": 13, ""A-C"": 59, ""A-D"": 22, ""B-C"": 24, ""B-D"": 58, ""C-D"": 13}"	[82, 83, 86, 87, 90, 95, 96, 97, 98, 99, 182, 184, 188, 190, 191, 192, 193, 216, 217, 236, 237, 271, 272, 277, 278, 337, 338, 339, 340, 341, 342, 343, 344, 345, 346, 347, 348, 349, 350, 351, 354, 373, 374]	experiments/e126_c4_iptm80_continue_af3_seed1/out_s4/ova_body_c4_21/seed-1_sample-2/ova_body_c4_21_seed-1_sample-2_summary_confidences.json	experiments/e126_c4_iptm80_continue_af3_seed1/out_s4/ova_body_c4_21/seed-1_sample-2/ova_body_c4_21_seed-1_sample-2_model.cif
ova_body_c4_21	seed-1_sample-3	4	0.81	0.85	90.31810871183563	nan	nan	0.82	0.0	6	4	1	0	195	195	0	0.78	0.775	2.87	"{""A-B"": 12, ""A-C"": 61, ""A-D"": 25, ""B-C"": 25, ""B-D"": 61, ""C-D"": 11}"	[86, 87, 90, 95, 96, 97, 98, 99, 182, 183, 184, 188, 190, 191, 192, 193, 216, 217, 236, 237, 271, 272, 277, 278, 337, 338, 339, 340, 341, 342, 343, 344, 345, 346, 347, 348, 349, 350, 351, 354, 373, 374]	experiments/e126_c4_iptm80_continue_af3_seed1/out_s4/ova_body_c4_21/seed-1_sample-3/ova_body_c4_21_seed-1_sample-3_summary_confidences.json	experiments/e126_c4_iptm80_continue_af3_seed1/out_s4/ova_body_c4_21/seed-1_sample-3/ova_body_c4_21_seed-1_sample-3_model.cif
ova_body_c4_21	seed-1_sample-4	4	0.83	0.86	89.85020707678919	nan	nan	0.83	0.0	6	4	1	0	202	202	0	0.79	0.79	2.725	"{""A-B"": 18, ""A-C"": 60, ""A-D"": 23, ""B-C"": 23, ""B-D"": 60, ""C-D"": 18}"	[1, 83, 86, 87, 90, 95, 96, 97, 98, 99, 182, 184, 188, 190, 191, 192, 193, 216, 217, 236, 270, 271, 272, 278, 337, 338, 339, 340, 341, 342, 343, 344, 345, 346, 347, 348, 349, 350, 351, 354, 373, 374]	experiments/e126_c4_iptm80_continue_af3_seed1/out_s4/ova_body_c4_21/seed-1_sample-4/ova_body_c4_21_seed-1_sample-4_summary_confidences.json	experiments/e126_c4_iptm80_continue_af3_seed1/out_s4/ova_body_c4_21/seed-1_sample-4/ova_body_c4_21_seed-1_sample-4_model.cif
ova_body_c4_22	seed-1_sample-0	4	0.81	0.84	89.91598443540266	nan	nan	0.81	0.0	6	4	1	0	175	175	0	0.77	0.76	2.925	"{""A-B"": 8, ""A-C"": 53, ""A-D"": 26, ""B-C"": 30, ""B-D"": 50, ""C-D"": 8}"	[86, 90, 94, 95, 96, 97, 98, 99, 182, 184, 190, 191, 192, 193, 216, 217, 236, 271, 272, 276, 277, 278, 337, 338, 339, 340, 341, 342, 343, 344, 345, 346, 347, 348, 349, 350, 351, 354, 373, 374]	experiments/e126_c4_iptm80_continue_af3_seed1/out_s5/ova_body_c4_22/seed-1_sample-0/ova_body_c4_22_seed-1_sample-0_summary_confidences.json	experiments/e126_c4_iptm80_continue_af3_seed1/out_s5/ova_body_c4_22/seed-1_sample-0/ova_body_c4_22_seed-1_sample-0_model.cif
ova_body_c4_22	seed-1_sample-1	4	0.82	0.85	90.21274623969676	nan	nan	0.82	0.0	6	4	1	0	200	200	0	0.78	0.77	2.7699999999999996	"{""A-B"": 8, ""A-C"": 59, ""A-D"": 32, ""B-C"": 31, ""B-D"": 62, ""C-D"": 8}"	[86, 90, 95, 96, 97, 98, 99, 182, 184, 190, 191, 192, 193, 216, 217, 236, 271, 272, 276, 277, 278, 337, 338, 339, 340, 341, 342, 343, 344, 345, 346, 347, 348, 349, 350, 351, 354, 373, 374]	experiments/e126_c4_iptm80_continue_af3_seed1/out_s5/ova_body_c4_22/seed-1_sample-1/ova_body_c4_22_seed-1_sample-1_summary_confidences.json	experiments/e126_c4_iptm80_continue_af3_seed1/out_s5/ova_body_c4_22/seed-1_sample-1/ova_body_c4_22_seed-1_sample-1_model.cif
ova_body_c4_22	seed-1_sample-2	4	0.81	0.84	90.26132156688314	nan	nan	0.81	0.0	6	4	1	0	202	202	0	0.77	0.76	2.955	"{""A-B"": 9, ""A-C"": 60, ""A-D"": 32, ""B-C"": 34, ""B-D"": 59, ""C-D"": 8}"	[82, 86, 90, 95, 96, 97, 98, 99, 182, 184, 190, 191, 192, 193, 216, 217, 236, 271, 272, 276, 277, 278, 337, 338, 339, 340, 341, 342, 343, 344, 345, 346, 347, 348, 349, 350, 351, 354, 373, 374]	experiments/e126_c4_iptm80_continue_af3_seed1/out_s5/ova_body_c4_22/seed-1_sample-2/ova_body_c4_22_seed-1_sample-2_summary_confidences.json	experiments/e126_c4_iptm80_continue_af3_seed1/out_s5/ova_body_c4_22/seed-1_sample-2/ova_body_c4_22_seed-1_sample-2_model.cif
ova_body_c4_22	seed-1_sample-3	4	0.81	0.85	90.13829012855965	nan	nan	0.82	0.0	6	4	1	0	188	188	0	0.78	0.77	2.8200000000000003	"{""A-B"": 8, ""A-C"": 55, ""A-D"": 31, ""B-C"": 31, ""B-D"": 55, ""C-D"": 8}"	[86, 90, 95, 96, 97, 98, 99, 182, 184, 190, 191, 192, 193, 216, 217, 236, 271, 272, 276, 277, 278, 337, 338, 339, 340, 341, 342, 343, 344, 345, 346, 347, 348, 349, 350, 351, 354, 373, 374]	experiments/e126_c4_iptm80_continue_af3_seed1/out_s5/ova_body_c4_22/seed-1_sample-3/ova_body_c4_22_seed-1_sample-3_summary_confidences.json	experiments/e126_c4_iptm80_continue_af3_seed1/out_s5/ova_body_c4_22/seed-1_sample-3/ova_body_c4_22_seed-1_sample-3_model.cif
ova_body_c4_22	seed-1_sample-4	4	0.83	0.86	89.77305684064955	nan	nan	0.83	0.0	6	4	1	0	189	189	0	0.79	0.785	2.6399999999999997	"{""A-B"": 14, ""A-C"": 57, ""A-D"": 24, ""B-C"": 23, ""B-D"": 58, ""C-D"": 13}"	[83, 86, 87, 90, 94, 95, 96, 97, 98, 99, 182, 184, 188, 190, 191, 192, 193, 216, 217, 236, 271, 272, 277, 278, 337, 338, 339, 340, 341, 342, 343, 344, 345, 346, 347, 348, 349, 350, 354, 373, 374]	experiments/e126_c4_iptm80_continue_af3_seed1/out_s5/ova_body_c4_22/seed-1_sample-4/ova_body_c4_22_seed-1_sample-4_summary_confidences.json	experiments/e126_c4_iptm80_continue_af3_seed1/out_s5/ova_body_c4_22/seed-1_sample-4/ova_body_c4_22_seed-1_sample-4_model.cif
ova_body_c4_23	seed-1_sample-0	4	0.83	0.86	90.17989631020343	nan	nan	0.84	0.0	6	4	1	0	165	165	0	0.79	0.79	2.545	"{""A-B"": 8, ""A-C"": 58, ""A-D"": 17, ""B-C"": 17, ""B-D"": 57, ""C-D"": 8}"	[86, 90, 94, 95, 96, 97, 98, 99, 182, 184, 188, 190, 191, 192, 193, 216, 217, 236, 271, 272, 278, 337, 338, 339, 340, 341, 342, 343, 344, 345, 346, 347, 348, 350, 353, 354, 373, 374]	experiments/e126_c4_iptm80_continue_af3_seed1/out_s6/ova_body_c4_23/seed-1_sample-0/ova_body_c4_23_seed-1_sample-0_summary_confidences.json	experiments/e126_c4_iptm80_continue_af3_seed1/out_s6/ova_body_c4_23/seed-1_sample-0/ova_body_c4_23_seed-1_sample-0_model.cif
ova_body_c4_23	seed-1_sample-1	4	0.83	0.86	90.23411931645686	nan	nan	0.84	0.0	6	4	1	0	179	179	0	0.8	0.79	2.4699999999999998	"{""A-B"": 12, ""A-C"": 56, ""A-D"": 22, ""B-C"": 21, ""B-D"": 56, ""C-D"": 12}"	[86, 87, 90, 94, 95, 96, 97, 98, 99, 182, 184, 188, 190, 191, 192, 193, 216, 217, 236, 271, 272, 278, 337, 338, 339, 340, 341, 342, 343, 344, 345, 346, 347, 348, 350, 353, 354, 355, 373, 374]	experiments/e126_c4_iptm80_continue_af3_seed1/out_s6/ova_body_c4_23/seed-1_sample-1/ova_body_c4_23_seed-1_sample-1_summary_confidences.json	experiments/e126_c4_iptm80_continue_af3_seed1/out_s6/ova_body_c4_23/seed-1_sample-1/ova_body_c4_23_seed-1_sample-1_model.cif
ova_body_c4_23	seed-1_sample-2	4	0.83	0.86	90.3827459206853	nan	nan	0.84	0.0	6	4	1	0	179	179	0	0.79	0.79	2.4450000000000003	"{""A-B"": 16, ""A-C"": 61, ""A-D"": 13, ""B-C"": 13, ""B-D"": 62, ""C-D"": 14}"	[82, 83, 86, 87, 90, 94, 95, 96, 97, 98, 99, 182, 184, 188, 190, 191, 192, 193, 217, 236, 271, 272, 278, 337, 338, 339, 340, 341, 342, 344, 345, 346, 347, 348, 350, 354, 373, 374]	experiments/e126_c4_iptm80_continue_af3_seed1/out_s6/ova_body_c4_23/seed-1_sample-2/ova_body_c4_23_seed-1_sample-2_summary_confidences.json	experiments/e126_c4_iptm80_continue_af3_seed1/out_s6/ova_body_c4_23/seed-1_sample-2/ova_body_c4_23_seed-1_sample-2_model.cif
ova_body_c4_23	seed-1_sample-3	4	0.84	0.86	90.32808277149893	nan	nan	0.84	0.0	6	4	1	0	196	196	0	0.8	0.8	2.49	"{""A-B"": 12, ""A-C"": 63, ""A-D"": 22, ""B-C"": 24, ""B-D"": 63, ""C-D"": 12}"	[86, 87, 90, 94, 95, 96, 97, 98, 99, 182, 184, 188, 190, 191, 192, 193, 216, 217, 236, 237, 271, 272, 276, 278, 337, 338, 339, 340, 341, 342, 344, 345, 346, 347, 348, 350, 353, 354, 355, 373, 374]	experiments/e126_c4_iptm80_continue_af3_seed1/out_s6/ova_body_c4_23/seed-1_sample-3/ova_body_c4_23_seed-1_sample-3_summary_confidences.json	experiments/e126_c4_iptm80_continue_af3_seed1/out_s6/ova_body_c4_23/seed-1_sample-3/ova_body_c4_23_seed-1_sample-3_model.cif
ova_body_c4_23	seed-1_sample-4	4	0.83	0.86	90.03145082503403	nan	nan	0.84	0.0	6	4	1	0	184	184	0	0.79	0.79	2.525	"{""A-B"": 18, ""A-C"": 55, ""A-D"": 18, ""B-C"": 18, ""B-D"": 58, ""C-D"": 17}"	[1, 86, 87, 90, 94, 95, 96, 97, 98, 99, 182, 184, 188, 190, 191, 192, 193, 216, 217, 236, 266, 270, 271, 272, 278, 337, 338, 339, 340, 341, 342, 343, 344, 345, 346, 347, 348, 350, 353, 354, 373, 374]	experiments/e126_c4_iptm80_continue_af3_seed1/out_s6/ova_body_c4_23/seed-1_sample-4/ova_body_c4_23_seed-1_sample-4_summary_confidences.json	experiments/e126_c4_iptm80_continue_af3_seed1/out_s6/ova_body_c4_23/seed-1_sample-4/ova_body_c4_23_seed-1_sample-4_model.cif
ova_body_c4_24	seed-1_sample-0	4	0.57	0.67	88.65025915630123	nan	nan	0.59	0.0	6	4	1	0	194	194	0	0.54	0.5	9.395	"{""A-B"": 12, ""A-C"": 51, ""A-D"": 34, ""B-C"": 36, ""B-D"": 50, ""C-D"": 11}"	[86, 90, 94, 95, 96, 97, 99, 182, 184, 188, 190, 191, 192, 193, 216, 217, 234, 236, 238, 271, 272, 276, 278, 337, 338, 339, 340, 342, 343, 344, 345, 346, 347, 348, 349, 350, 351, 354, 355, 372, 373, 374]	experiments/e126_c4_iptm80_continue_af3_seed1/out_s7/ova_body_c4_24/seed-1_sample-0/ova_body_c4_24_seed-1_sample-0_summary_confidences.json	experiments/e126_c4_iptm80_continue_af3_seed1/out_s7/ova_body_c4_24/seed-1_sample-0/ova_body_c4_24_seed-1_sample-0_model.cif
ova_body_c4_24	seed-1_sample-1	4	0.65	0.73	89.26448170755812	nan	nan	0.67	0.0	6	4	1	0	201	201	0	0.61	0.585	7.140000000000001	"{""A-B"": 13, ""A-C"": 51, ""A-D"": 34, ""B-C"": 37, ""B-D"": 52, ""C-D"": 14}"	[86, 90, 94, 95, 96, 97, 98, 99, 182, 183, 184, 188, 190, 191, 192, 193, 216, 217, 234, 236, 238, 239, 271, 272, 276, 277, 278, 337, 338, 339, 340, 341, 342, 343, 344, 345, 346, 347, 348, 349, 350, 351, 354, 372, 373, 374]	experiments/e126_c4_iptm80_continue_af3_seed1/out_s7/ova_body_c4_24/seed-1_sample-1/ova_body_c4_24_seed-1_sample-1_summary_confidences.json	experiments/e126_c4_iptm80_continue_af3_seed1/out_s7/ova_body_c4_24/seed-1_sample-1/ova_body_c4_24_seed-1_sample-1_model.cif
ova_body_c4_24	seed-1_sample-2	4	0.59	0.68	88.84974084369877	nan	nan	0.6	0.0	6	4	1	0	195	195	0	0.56	0.505	8.915	"{""A-B"": 12, ""A-C"": 56, ""A-D"": 30, ""B-C"": 31, ""B-D"": 56, ""C-D"": 10}"	[82, 83, 86, 90, 95, 96, 97, 99, 182, 184, 188, 190, 191, 192, 193, 216, 217, 234, 236, 238, 271, 272, 276, 278, 337, 338, 339, 340, 341, 342, 343, 344, 345, 346, 347, 348, 349, 350, 351, 354, 373, 374]	experiments/e126_c4_iptm80_continue_af3_seed1/out_s7/ova_body_c4_24/seed-1_sample-2/ova_body_c4_24_seed-1_sample-2_summary_confidences.json	experiments/e126_c4_iptm80_continue_af3_seed1/out_s7/ova_body_c4_24/seed-1_sample-2/ova_body_c4_24_seed-1_sample-2_model.cif
ova_body_c4_24	seed-1_sample-3	4	0.64	0.72	89.01777201242398	nan	nan	0.66	0.0	6	4	1	0	187	187	0	0.61	0.555	7.42	"{""A-B"": 11, ""A-C"": 51, ""A-D"": 31, ""B-C"": 31, ""B-D"": 53, ""C-D"": 10}"	[86, 90, 94, 95, 96, 97, 99, 182, 184, 190, 191, 192, 193, 216, 217, 234, 236, 238, 271, 272, 278, 337, 338, 339, 340, 341, 342, 343, 344, 345, 346, 347, 348, 349, 350, 352, 353, 355, 373, 374]	experiments/e126_c4_iptm80_continue_af3_seed1/out_s7/ova_body_c4_24/seed-1_sample-3/ova_body_c4_24_seed-1_sample-3_summary_confidences.json	experiments/e126_c4_iptm80_continue_af3_seed1/out_s7/ova_body_c4_24/seed-1_sample-3/ova_body_c4_24_seed-1_sample-3_model.cif
ova_body_c4_24	seed-1_sample-4	4	0.63	0.71	89.0075130067341	nan	nan	0.64	0.0	6	4	1	0	193	193	0	0.59	0.545	7.97	"{""A-B"": 13, ""A-C"": 53, ""A-D"": 32, ""B-C"": 30, ""B-D"": 55, ""C-D"": 10}"	[86, 90, 94, 95, 96, 97, 98, 99, 182, 184, 188, 190, 191, 192, 193, 216, 217, 234, 236, 238, 271, 272, 278, 337, 338, 339, 340, 341, 342, 343, 344, 345, 346, 347, 348, 349, 350, 351, 354, 373, 374]	experiments/e126_c4_iptm80_continue_af3_seed1/out_s7/ova_body_c4_24/seed-1_sample-4/ova_body_c4_24_seed-1_sample-4_summary_confidences.json	experiments/e126_c4_iptm80_continue_af3_seed1/out_s7/ova_body_c4_24/seed-1_sample-4/ova_body_c4_24_seed-1_sample-4_model.cif
ova_body_c4_25	seed-1_sample-0	4	0.39	0.53	86.90958556733601	nan	nan	0.42	0.0	4	4	1	0	332	332	0	0.54	0.38	13.559999999999999	"{""A-B"": 113, ""A-C"": 49, ""A-D"": 1, ""B-C"": 1, ""B-D"": 48, ""C-D"": 120}"	[1, 2, 3, 4, 64, 65, 68, 69, 70, 71, 72, 73, 74, 78, 79, 82, 83, 86, 89, 90, 94, 95, 96, 97, 99, 124, 125, 131, 148, 149, 152, 153, 155, 156, 182, 184, 186, 191, 192, 194, 210, 216, 217, 219, 234, 236, 237, 238, 239, 241, 266, 271, 275, 276, 277, 278, 285, 287, 334, 336, 337, 338, 340, 341, 344, 345, 346, 347, 349, 350, 351, 354, 355, 372, 373, 375]	experiments/e126_c4_iptm80_continue_af3_seed1/out_s0/ova_body_c4_25/seed-1_sample-0/ova_body_c4_25_seed-1_sample-0_summary_confidences.json	experiments/e126_c4_iptm80_continue_af3_seed1/out_s0/ova_body_c4_25/seed-1_sample-0/ova_body_c4_25_seed-1_sample-0_model.cif
ova_body_c4_25	seed-1_sample-1	4	0.39	0.53	86.88292725716231	nan	nan	0.42	0.0	4	4	1	0	351	351	0	0.53	0.375	13.61	"{""A-B"": 126, ""A-C"": 44, ""A-D"": 0, ""B-C"": 0, ""B-D"": 47, ""C-D"": 134}"	[1, 2, 3, 4, 6, 64, 65, 68, 69, 70, 71, 72, 73, 74, 78, 79, 82, 83, 86, 89, 90, 94, 95, 96, 97, 121, 124, 125, 131, 145, 148, 149, 152, 153, 155, 156, 182, 184, 186, 191, 192, 194, 210, 216, 217, 219, 234, 237, 238, 239, 241, 266, 270, 271, 272, 275, 276, 277, 278, 285, 287, 334, 336, 337, 338, 340, 341, 344, 346, 347, 349, 350, 351, 354, 355, 372, 373, 375]	experiments/e126_c4_iptm80_continue_af3_seed1/out_s0/ova_body_c4_25/seed-1_sample-1/ova_body_c4_25_seed-1_sample-1_summary_confidences.json	experiments/e126_c4_iptm80_continue_af3_seed1/out_s0/ova_body_c4_25/seed-1_sample-1/ova_body_c4_25_seed-1_sample-1_model.cif
ova_body_c4_25	seed-1_sample-2	4	0.39	0.53	86.81582898550083	nan	nan	0.42	0.0	4	4	1	0	348	348	0	0.53	0.38	13.329999999999998	"{""A-B"": 129, ""A-C"": 47, ""A-D"": 0, ""B-C"": 0, ""B-D"": 44, ""C-D"": 128}"	[1, 2, 3, 4, 64, 65, 68, 69, 70, 71, 72, 73, 74, 78, 79, 82, 83, 86, 89, 90, 94, 95, 96, 97, 121, 124, 131, 145, 148, 149, 152, 153, 155, 156, 182, 184, 186, 191, 192, 194, 210, 216, 217, 219, 234, 237, 238, 239, 241, 266, 271, 275, 276, 277, 278, 334, 336, 337, 338, 340, 341, 344, 345, 346, 347, 349, 350, 351, 354, 355, 372, 373, 375]	experiments/e126_c4_iptm80_continue_af3_seed1/out_s0/ova_body_c4_25/seed-1_sample-2/ova_body_c4_25_seed-1_sample-2_summary_confidences.json	experiments/e126_c4_iptm80_continue_af3_seed1/out_s0/ova_body_c4_25/seed-1_sample-2/ova_body_c4_25_seed-1_sample-2_model.cif
ova_body_c4_25	seed-1_sample-3	4	0.39	0.53	86.69572533721133	nan	nan	0.42	0.0	4	4	1	0	320	320	0	0.52	0.375	13.620000000000001	"{""A-B"": 122, ""A-C"": 39, ""A-D"": 0, ""B-C"": 1, ""B-D"": 43, ""C-D"": 115}"	[1, 2, 3, 4, 64, 65, 68, 69, 70, 71, 72, 73, 74, 78, 79, 82, 83, 86, 89, 90, 94, 95, 96, 97, 121, 124, 125, 131, 145, 148, 149, 152, 153, 155, 156, 182, 186, 191, 192, 194, 210, 216, 217, 234, 237, 238, 239, 241, 266, 270, 271, 275, 276, 277, 278, 285, 334, 336, 337, 338, 340, 341, 344, 345, 346, 347, 349, 350, 351, 354, 355, 372, 373, 375]	experiments/e126_c4_iptm80_continue_af3_seed1/out_s0/ova_body_c4_25/seed-1_sample-3/ova_body_c4_25_seed-1_sample-3_summary_confidences.json	experiments/e126_c4_iptm80_continue_af3_seed1/out_s0/ova_body_c4_25/seed-1_sample-3/ova_body_c4_25_seed-1_sample-3_model.cif
ova_body_c4_25	seed-1_sample-4	4	0.4	0.54	86.74919697657768	nan	nan	0.43	0.0	4	4	1	0	372	372	0	0.54	0.385	13.015	"{""A-B"": 121, ""A-C"": 57, ""A-D"": 1, ""B-C"": 1, ""B-D"": 68, ""C-D"": 124}"	[1, 2, 3, 4, 64, 65, 68, 69, 70, 71, 72, 73, 74, 78, 79, 82, 83, 85, 86, 89, 90, 94, 95, 96, 97, 99, 101, 124, 127, 131, 144, 145, 148, 149, 152, 153, 155, 156, 182, 184, 186, 189, 191, 192, 194, 195, 196, 210, 217, 219, 234, 236, 237, 238, 239, 241, 266, 271, 275, 276, 277, 278, 285, 287, 334, 336, 337, 338, 340, 341, 342, 343, 345, 346, 349, 350, 351, 354, 355, 372, 373, 375]	experiments/e126_c4_iptm80_continue_af3_seed1/out_s0/ova_body_c4_25/seed-1_sample-4/ova_body_c4_25_seed-1_sample-4_summary_confidences.json	experiments/e126_c4_iptm80_continue_af3_seed1/out_s0/ova_body_c4_25/seed-1_sample-4/ova_body_c4_25_seed-1_sample-4_model.cif
ova_body_c4_26	seed-1_sample-0	4	0.74	0.79	89.49393778390835	nan	nan	0.75	0.0	6	4	1	0	188	188	0	0.7	0.69	4.1850000000000005	"{""A-B"": 11, ""A-C"": 57, ""A-D"": 27, ""B-C"": 27, ""B-D"": 56, ""C-D"": 10}"	[86, 90, 95, 96, 97, 98, 99, 182, 184, 188, 190, 191, 192, 193, 216, 217, 236, 238, 271, 272, 278, 337, 338, 339, 340, 341, 342, 343, 344, 345, 346, 347, 348, 349, 350, 351, 354, 373, 374]	experiments/e126_c4_iptm80_continue_af3_seed1/out_s1/ova_body_c4_26/seed-1_sample-0/ova_body_c4_26_seed-1_sample-0_summary_confidences.json	experiments/e126_c4_iptm80_continue_af3_seed1/out_s1/ova_body_c4_26/seed-1_sample-0/ova_body_c4_26_seed-1_sample-0_model.cif
ova_body_c4_26	seed-1_sample-1	4	0.75	0.8	89.7712693486189	nan	nan	0.76	0.0	6	4	1	0	192	192	0	0.71	0.705	4.01	"{""A-B"": 11, ""A-C"": 48, ""A-D"": 31, ""B-C"": 37, ""B-D"": 54, ""C-D"": 11}"	[86, 90, 95, 96, 97, 98, 99, 182, 184, 188, 190, 191, 192, 193, 216, 217, 236, 238, 271, 272, 276, 277, 278, 337, 338, 339, 340, 341, 342, 343, 344, 345, 346, 347, 348, 349, 350, 351, 354, 373, 374]	experiments/e126_c4_iptm80_continue_af3_seed1/out_s1/ova_body_c4_26/seed-1_sample-1/ova_body_c4_26_seed-1_sample-1_summary_confidences.json	experiments/e126_c4_iptm80_continue_af3_seed1/out_s1/ova_body_c4_26/seed-1_sample-1/ova_body_c4_26_seed-1_sample-1_model.cif
ova_body_c4_26	seed-1_sample-2	4	0.74	0.79	89.75930049876474	nan	nan	0.75	0.0	6	4	1	0	182	182	0	0.7	0.69	4.29	"{""A-B"": 11, ""A-C"": 55, ""A-D"": 23, ""B-C"": 26, ""B-D"": 56, ""C-D"": 11}"	[86, 90, 95, 96, 97, 98, 99, 182, 184, 188, 190, 191, 192, 193, 216, 217, 236, 238, 271, 272, 276, 278, 337, 338, 339, 340, 341, 342, 343, 344, 345, 346, 347, 348, 349, 350, 351, 354, 373, 374]	experiments/e126_c4_iptm80_continue_af3_seed1/out_s1/ova_body_c4_26/seed-1_sample-2/ova_body_c4_26_seed-1_sample-2_summary_confidences.json	experiments/e126_c4_iptm80_continue_af3_seed1/out_s1/ova_body_c4_26/seed-1_sample-2/ova_body_c4_26_seed-1_sample-2_model.cif
ova_body_c4_26	seed-1_sample-3	4	0.75	0.8	89.74036273066862	nan	nan	0.76	0.0	6	4	1	0	187	187	0	0.71	0.71	3.96	"{""A-B"": 12, ""A-C"": 54, ""A-D"": 27, ""B-C"": 27, ""B-D"": 56, ""C-D"": 11}"	[86, 90, 95, 96, 97, 98, 99, 182, 184, 188, 190, 191, 192, 193, 216, 217, 236, 238, 239, 271, 272, 278, 337, 338, 339, 340, 341, 342, 343, 344, 345, 346, 347, 348, 349, 350, 351, 354, 373, 374]	experiments/e126_c4_iptm80_continue_af3_seed1/out_s1/ova_body_c4_26/seed-1_sample-3/ova_body_c4_26_seed-1_sample-3_summary_confidences.json	experiments/e126_c4_iptm80_continue_af3_seed1/out_s1/ova_body_c4_26/seed-1_sample-3/ova_body_c4_26_seed-1_sample-3_model.cif
ova_body_c4_26	seed-1_sample-4	4	0.76	0.8	89.76316060674006	nan	nan	0.77	0.0	6	4	1	0	195	195	0	0.71	0.71	3.9000000000000004	"{""A-B"": 11, ""A-C"": 54, ""A-D"": 31, ""B-C"": 29, ""B-D"": 59, ""C-D"": 11}"	[86, 90, 95, 96, 97, 98, 99, 182, 184, 188, 190, 191, 192, 193, 216, 217, 236, 238, 271, 272, 277, 278, 337, 338, 339, 340, 341, 342, 343, 344, 345, 346, 347, 348, 349, 350, 351, 354, 373, 374]	experiments/e126_c4_iptm80_continue_af3_seed1/out_s1/ova_body_c4_26/seed-1_sample-4/ova_body_c4_26_seed-1_sample-4_summary_confidences.json	experiments/e126_c4_iptm80_continue_af3_seed1/out_s1/ova_body_c4_26/seed-1_sample-4/ova_body_c4_26_seed-1_sample-4_model.cif
ova_body_c4_27	seed-1_sample-0	4	0.82	0.86	89.61108804613815	nan	nan	0.83	0.0	6	4	1	0	203	203	0	0.79	0.78	2.835	"{""A-B"": 25, ""A-C"": 65, ""A-D"": 13, ""B-C"": 12, ""B-D"": 65, ""C-D"": 23}"	[83, 86, 87, 90, 95, 96, 97, 98, 99, 182, 184, 188, 190, 191, 192, 193, 216, 217, 236, 237, 271, 272, 277, 278, 337, 338, 339, 340, 341, 342, 343, 344, 345, 346, 347, 348, 349, 350, 351, 354, 373, 374]	experiments/e126_c4_iptm80_continue_af3_seed1/out_s2/ova_body_c4_27/seed-1_sample-0/ova_body_c4_27_seed-1_sample-0_summary_confidences.json	experiments/e126_c4_iptm80_continue_af3_seed1/out_s2/ova_body_c4_27/seed-1_sample-0/ova_body_c4_27_seed-1_sample-0_model.cif
ova_body_c4_27	seed-1_sample-1	4	0.82	0.85	89.60450760441122	nan	nan	0.83	0.0	6	4	1	0	193	193	0	0.79	0.77	2.785	"{""A-B"": 26, ""A-C"": 56, ""A-D"": 13, ""B-C"": 14, ""B-D"": 56, ""C-D"": 28}"	[82, 83, 86, 87, 90, 95, 96, 97, 98, 99, 182, 184, 188, 190, 191, 192, 193, 216, 217, 236, 271, 272, 276, 277, 278, 337, 338, 339, 340, 341, 342, 343, 344, 345, 346, 347, 348, 349, 350, 351, 354, 373, 374]	experiments/e126_c4_iptm80_continue_af3_seed1/out_s2/ova_body_c4_27/seed-1_sample-1/ova_body_c4_27_seed-1_sample-1_summary_confidences.json	experiments/e126_c4_iptm80_continue_af3_seed1/out_s2/ova_body_c4_27/seed-1_sample-1/ova_body_c4_27_seed-1_sample-1_model.cif
ova_body_c4_27	seed-1_sample-2	4	0.82	0.85	90.01722791404922	nan	nan	0.82	0.0	6	4	1	0	168	168	0	0.78	0.77	2.84	"{""A-B"": 24, ""A-C"": 52, ""A-D"": 8, ""B-C"": 8, ""B-D"": 52, ""C-D"": 24}"	[86, 90, 95, 96, 97, 98, 99, 182, 184, 190, 191, 192, 193, 216, 217, 236, 271, 272, 278, 337, 338, 339, 340, 341, 342, 343, 344, 345, 346, 347, 348, 349, 350, 351, 354, 373, 374]	experiments/e126_c4_iptm80_continue_af3_seed1/out_s2/ova_body_c4_27/seed-1_sample-2/ova_body_c4_27_seed-1_sample-2_summary_confidences.json	experiments/e126_c4_iptm80_continue_af3_seed1/out_s2/ova_body_c4_27/seed-1_sample-2/ova_body_c4_27_seed-1_sample-2_model.cif
ova_body_c4_27	seed-1_sample-3	4	0.84	0.86	89.83702071590128	nan	nan	0.84	0.0	6	4	1	0	213	213	0	0.8	0.79	2.645	"{""A-B"": 33, ""A-C"": 56, ""A-D"": 18, ""B-C"": 18, ""B-D"": 56, ""C-D"": 32}"	[1, 82, 83, 86, 90, 95, 96, 97, 98, 99, 182, 184, 190, 191, 192, 193, 216, 217, 236, 266, 270, 271, 272, 278, 337, 338, 339, 340, 341, 342, 343, 344, 345, 346, 347, 348, 349, 350, 352, 353, 354, 355, 373, 374]	experiments/e126_c4_iptm80_continue_af3_seed1/out_s2/ova_body_c4_27/seed-1_sample-3/ova_body_c4_27_seed-1_sample-3_summary_confidences.json	experiments/e126_c4_iptm80_continue_af3_seed1/out_s2/ova_body_c4_27/seed-1_sample-3/ova_body_c4_27_seed-1_sample-3_model.cif
ova_body_c4_27	seed-1_sample-4	4	0.82	0.85	90.10129528342134	nan	nan	0.83	0.0	6	4	1	0	173	173	0	0.79	0.78	2.825	"{""A-B"": 23, ""A-C"": 56, ""A-D"": 8, ""B-C"": 8, ""B-D"": 56, ""C-D"": 22}"	[86, 90, 95, 96, 97, 98, 99, 182, 184, 190, 191, 192, 193, 216, 217, 236, 271, 272, 278, 337, 338, 339, 340, 341, 342, 343, 344, 345, 346, 347, 348, 349, 350, 351, 354, 373, 374]	experiments/e126_c4_iptm80_continue_af3_seed1/out_s2/ova_body_c4_27/seed-1_sample-4/ova_body_c4_27_seed-1_sample-4_summary_confidences.json	experiments/e126_c4_iptm80_continue_af3_seed1/out_s2/ova_body_c4_27/seed-1_sample-4/ova_body_c4_27_seed-1_sample-4_model.cif
ova_body_c4_28	seed-1_sample-0	4	0.26	0.43	85.14378248224604	nan	nan	0.3	0.0	6	4	1	0	190	190	0	0.21	0.19	20.035	"{""A-B"": 19, ""A-C"": 44, ""A-D"": 30, ""B-C"": 31, ""B-D"": 46, ""C-D"": 20}"	[1, 2, 86, 87, 89, 90, 93, 94, 95, 96, 97, 99, 182, 184, 190, 191, 192, 216, 217, 236, 238, 270, 271, 272, 276, 277, 278, 337, 338, 339, 340, 342, 343, 344, 345, 346, 347, 348, 349, 350, 351, 354, 355, 372, 373]	experiments/e126_c4_iptm80_continue_af3_seed1/out_s3/ova_body_c4_28/seed-1_sample-0/ova_body_c4_28_seed-1_sample-0_summary_confidences.json	experiments/e126_c4_iptm80_continue_af3_seed1/out_s3/ova_body_c4_28/seed-1_sample-0/ova_body_c4_28_seed-1_sample-0_model.cif
ova_body_c4_28	seed-1_sample-1	4	0.22	0.4	83.81857516728535	nan	nan	0.25	0.0	6	4	1	0	251	251	0	0.16	0.15	22.6	"{""A-B"": 47, ""A-C"": 59, ""A-D"": 11, ""B-C"": 15, ""B-D"": 65, ""C-D"": 54}"	[64, 82, 86, 89, 90, 93, 94, 95, 96, 97, 98, 99, 101, 155, 157, 180, 182, 183, 184, 186, 187, 188, 191, 192, 193, 216, 217, 237, 238, 239, 270, 271, 273, 275, 276, 277, 278, 334, 336, 337, 338, 339, 340, 341, 342, 343, 344, 345, 346, 348, 349, 350, 351, 354, 372, 373, 374]	experiments/e126_c4_iptm80_continue_af3_seed1/out_s3/ova_body_c4_28/seed-1_sample-1/ova_body_c4_28_seed-1_sample-1_summary_confidences.json	experiments/e126_c4_iptm80_continue_af3_seed1/out_s3/ova_body_c4_28/seed-1_sample-1/ova_body_c4_28_seed-1_sample-1_model.cif
ova_body_c4_28	seed-1_sample-2	4	0.2	0.38	84.1491968026433	nan	nan	0.23	0.0	5	4	1	0	354	354	0	0.14	0.14	25.23	"{""A-B"": 112, ""A-C"": 5, ""A-D"": 61, ""B-C"": 60, ""B-D"": 4, ""C-D"": 112}"	[1, 2, 3, 6, 64, 65, 69, 70, 72, 73, 78, 79, 82, 83, 86, 90, 93, 94, 95, 96, 97, 99, 116, 120, 123, 124, 131, 133, 145, 148, 149, 151, 152, 153, 155, 156, 182, 184, 186, 191, 192, 194, 210, 216, 217, 234, 237, 238, 239, 241, 266, 267, 269, 270, 271, 272, 276, 277, 278, 285, 334, 336, 337, 338, 341, 343, 344, 346, 347, 349, 350, 351, 371, 372, 373, 374, 375]	experiments/e126_c4_iptm80_continue_af3_seed1/out_s3/ova_body_c4_28/seed-1_sample-2/ova_body_c4_28_seed-1_sample-2_summary_confidences.json	experiments/e126_c4_iptm80_continue_af3_seed1/out_s3/ova_body_c4_28/seed-1_sample-2/ova_body_c4_28_seed-1_sample-2_model.cif
ova_body_c4_28	seed-1_sample-3	4	0.2	0.39	83.45235737123637	nan	nan	0.24	0.0	6	4	1	0	319	319	0	0.15	0.14	23.14	"{""A-B"": 79, ""A-C"": 24, ""A-D"": 55, ""B-C"": 59, ""B-D"": 27, ""C-D"": 75}"	[1, 86, 89, 90, 92, 93, 94, 95, 96, 97, 98, 99, 101, 116, 119, 120, 123, 124, 127, 128, 131, 132, 134, 138, 141, 144, 145, 148, 149, 152, 153, 155, 156, 157, 180, 182, 183, 184, 186, 187, 191, 192, 194, 216, 217, 236, 237, 238, 239, 271, 275, 276, 278, 285, 334, 336, 337, 338, 340, 341, 342, 343, 344, 345, 346, 348, 349, 350, 351, 354, 372, 373]	experiments/e126_c4_iptm80_continue_af3_seed1/out_s3/ova_body_c4_28/seed-1_sample-3/ova_body_c4_28_seed-1_sample-3_summary_confidences.json	experiments/e126_c4_iptm80_continue_af3_seed1/out_s3/ova_body_c4_28/seed-1_sample-3/ova_body_c4_28_seed-1_sample-3_model.cif
ova_body_c4_28	seed-1_sample-4	4	0.2	0.39	84.10321238621529	nan	nan	0.24	0.0	4	4	1	0	345	345	0	0.15	0.14500000000000002	24.47	"{""A-B"": 90, ""A-C"": 1, ""A-D"": 83, ""B-C"": 79, ""B-D"": 1, ""C-D"": 91}"	[4, 64, 65, 66, 67, 69, 71, 73, 74, 77, 78, 79, 82, 83, 85, 86, 87, 89, 90, 93, 94, 95, 96, 97, 99, 124, 131, 133, 141, 144, 145, 148, 149, 151, 152, 153, 155, 156, 182, 183, 188, 189, 191, 192, 193, 194, 195, 196, 210, 212, 217, 219, 237, 238, 239, 270, 271, 272, 274, 275, 276, 285, 287, 334, 336, 337, 338, 339, 371, 372, 373, 374, 376]	experiments/e126_c4_iptm80_continue_af3_seed1/out_s3/ova_body_c4_28/seed-1_sample-4/ova_body_c4_28_seed-1_sample-4_summary_confidences.json	experiments/e126_c4_iptm80_continue_af3_seed1/out_s3/ova_body_c4_28/seed-1_sample-4/ova_body_c4_28_seed-1_sample-4_model.cif
ova_body_c4_29	seed-1_sample-0	4	0.18	0.37	84.96759067298217	nan	nan	0.22	0.0	6	4	1	0	210	210	0	0.12	0.11499999999999999	26.63	"{""A-B"": 28, ""A-C"": 61, ""A-D"": 28, ""B-C"": 33, ""B-D"": 38, ""C-D"": 22}"	[1, 2, 3, 64, 65, 67, 68, 70, 71, 72, 73, 77, 78, 79, 82, 86, 89, 92, 94, 95, 96, 99, 110, 120, 123, 124, 127, 131, 132, 133, 134, 141, 145, 148, 149, 152, 153, 155, 156, 182, 190, 191, 192, 217, 237, 238, 270, 271, 272, 274, 275, 276, 277, 278, 334, 336, 337, 338, 341, 342, 343, 344, 345, 346, 348, 349, 350, 373, 374]	experiments/e126_c4_iptm80_continue_af3_seed1/out_s4/ova_body_c4_29/seed-1_sample-0/ova_body_c4_29_seed-1_sample-0_summary_confidences.json	experiments/e126_c4_iptm80_continue_af3_seed1/out_s4/ova_body_c4_29/seed-1_sample-0/ova_body_c4_29_seed-1_sample-0_model.cif
ova_body_c4_29	seed-1_sample-1	4	0.21	0.39	84.7063992357007	nan	nan	0.24	0.0	6	4	1	0	246	246	0	0.15	0.14	21.725	"{""A-B"": 40, ""A-C"": 41, ""A-D"": 38, ""B-C"": 42, ""B-D"": 45, ""C-D"": 40}"	[93, 94, 95, 96, 97, 98, 99, 100, 101, 155, 182, 183, 184, 186, 187, 188, 190, 191, 192, 193, 195, 213, 217, 236, 238, 276, 278, 337, 338, 339, 340, 341, 342, 343, 344, 345, 346, 347, 348, 349, 351]	experiments/e126_c4_iptm80_continue_af3_seed1/out_s4/ova_body_c4_29/seed-1_sample-1/ova_body_c4_29_seed-1_sample-1_summary_confidences.json	experiments/e126_c4_iptm80_continue_af3_seed1/out_s4/ova_body_c4_29/seed-1_sample-1/ova_body_c4_29_seed-1_sample-1_model.cif
ova_body_c4_29	seed-1_sample-2	4	0.19	0.38	84.99974091683028	nan	nan	0.23	0.0	4	4	1	0	192	192	0	0.14	0.135	23.955	"{""A-B"": 37, ""A-C"": 4, ""A-D"": 60, ""B-C"": 59, ""B-D"": 4, ""C-D"": 28}"	[64, 65, 79, 82, 86, 89, 90, 92, 93, 94, 95, 96, 97, 98, 99, 101, 152, 153, 155, 156, 157, 182, 183, 184, 186, 190, 191, 192, 193, 217, 234, 236, 238, 270, 271, 272, 276, 334, 338, 339, 340, 341, 342, 344, 345, 346, 347, 348, 349, 350, 351, 354, 372, 373, 374, 375]	experiments/e126_c4_iptm80_continue_af3_seed1/out_s4/ova_body_c4_29/seed-1_sample-2/ova_body_c4_29_seed-1_sample-2_summary_confidences.json	experiments/e126_c4_iptm80_continue_af3_seed1/out_s4/ova_body_c4_29/seed-1_sample-2/ova_body_c4_29_seed-1_sample-2_model.cif
ova_body_c4_29	seed-1_sample-3	4	0.2	0.39	84.39121750352297	nan	nan	0.24	0.0	6	4	1	0	411	411	0	0.14	0.14	24.490000000000002	"{""A-B"": 93, ""A-C"": 44, ""A-D"": 70, ""B-C"": 76, ""B-D"": 44, ""C-D"": 84}"	[1, 2, 3, 4, 5, 6, 64, 65, 70, 72, 78, 79, 82, 83, 86, 89, 90, 92, 93, 94, 95, 96, 97, 98, 99, 100, 110, 113, 114, 116, 119, 120, 122, 123, 124, 126, 127, 128, 129, 131, 132, 133, 134, 138, 141, 144, 145, 148, 149, 151, 152, 153, 155, 156, 157, 182, 186, 188, 191, 192, 194, 210, 217, 219, 234, 236, 237, 238, 239, 241, 271, 275, 276, 277, 278, 334, 336, 337, 338, 339, 340, 341, 342, 344, 345, 346, 349, 354, 372, 373, 374, 375]	experiments/e126_c4_iptm80_continue_af3_seed1/out_s4/ova_body_c4_29/seed-1_sample-3/ova_body_c4_29_seed-1_sample-3_summary_confidences.json	experiments/e126_c4_iptm80_continue_af3_seed1/out_s4/ova_body_c4_29/seed-1_sample-3/ova_body_c4_29_seed-1_sample-3_model.cif
ova_body_c4_29	seed-1_sample-4	4	0.19	0.38	84.50393774595904	nan	nan	0.22	0.0	4	4	1	0	287	287	0	0.13	0.13	24.995	"{""A-B"": 85, ""A-C"": 0, ""A-D"": 61, ""B-C"": 59, ""B-D"": 0, ""C-D"": 82}"	[1, 2, 3, 64, 65, 68, 69, 70, 71, 72, 78, 79, 83, 86, 90, 93, 94, 95, 96, 97, 99, 101, 131, 145, 148, 149, 151, 152, 153, 155, 156, 182, 184, 191, 192, 194, 210, 216, 217, 234, 236, 237, 238, 239, 241, 266, 270, 271, 275, 276, 277, 278, 285, 287, 334, 336, 337, 338, 341, 346, 349, 350, 351, 354, 371, 372, 373, 374, 375]	experiments/e126_c4_iptm80_continue_af3_seed1/out_s4/ova_body_c4_29/seed-1_sample-4/ova_body_c4_29_seed-1_sample-4_summary_confidences.json	experiments/e126_c4_iptm80_continue_af3_seed1/out_s4/ova_body_c4_29/seed-1_sample-4/ova_body_c4_29_seed-1_sample-4_model.cif
ova_body_c4_30	seed-1_sample-0	4	0.83	0.86	90.07113986435331	nan	nan	0.83	0.0	6	4	1	0	165	165	0	0.79	0.78	2.635	"{""A-B"": 8, ""A-C"": 54, ""A-D"": 19, ""B-C"": 21, ""B-D"": 55, ""C-D"": 8}"	[86, 90, 95, 96, 97, 98, 99, 182, 184, 190, 191, 192, 193, 216, 217, 236, 271, 272, 278, 337, 338, 339, 340, 341, 342, 343, 344, 345, 346, 347, 348, 349, 350, 351, 354, 373, 374]	experiments/e126_c4_iptm80_continue_af3_seed1/out_s5/ova_body_c4_30/seed-1_sample-0/ova_body_c4_30_seed-1_sample-0_summary_confidences.json	experiments/e126_c4_iptm80_continue_af3_seed1/out_s5/ova_body_c4_30/seed-1_sample-0/ova_body_c4_30_seed-1_sample-0_model.cif
ova_body_c4_30	seed-1_sample-1	4	0.83	0.86	90.2722021705746	nan	nan	0.84	0.0	6	4	1	0	178	178	0	0.8	0.79	2.57	"{""A-B"": 8, ""A-C"": 53, ""A-D"": 27, ""B-C"": 28, ""B-D"": 54, ""C-D"": 8}"	[86, 90, 95, 96, 97, 98, 99, 182, 184, 190, 191, 192, 193, 216, 217, 236, 271, 272, 276, 277, 278, 337, 338, 339, 340, 341, 342, 343, 344, 345, 346, 347, 348, 349, 350, 351, 354, 373, 374]	experiments/e126_c4_iptm80_continue_af3_seed1/out_s5/ova_body_c4_30/seed-1_sample-1/ova_body_c4_30_seed-1_sample-1_summary_confidences.json	experiments/e126_c4_iptm80_continue_af3_seed1/out_s5/ova_body_c4_30/seed-1_sample-1/ova_body_c4_30_seed-1_sample-1_model.cif
ova_body_c4_30	seed-1_sample-2	4	0.83	0.86	90.34502567034312	nan	nan	0.84	0.0	6	4	1	0	182	182	0	0.79	0.79	2.605	"{""A-B"": 10, ""A-C"": 54, ""A-D"": 26, ""B-C"": 26, ""B-D"": 56, ""C-D"": 10}"	[82, 86, 90, 95, 96, 97, 98, 99, 182, 184, 190, 191, 192, 193, 216, 217, 236, 271, 272, 277, 278, 337, 338, 339, 340, 341, 342, 343, 344, 345, 346, 347, 348, 349, 350, 351, 354, 373, 374]	experiments/e126_c4_iptm80_continue_af3_seed1/out_s5/ova_body_c4_30/seed-1_sample-2/ova_body_c4_30_seed-1_sample-2_summary_confidences.json	experiments/e126_c4_iptm80_continue_af3_seed1/out_s5/ova_body_c4_30/seed-1_sample-2/ova_body_c4_30_seed-1_sample-2_model.cif
ova_body_c4_30	seed-1_sample-3	4	0.83	0.86	90.22290145794962	nan	nan	0.84	0.0	6	4	1	0	182	182	0	0.8	0.79	2.615	"{""A-B"": 8, ""A-C"": 55, ""A-D"": 28, ""B-C"": 28, ""B-D"": 55, ""C-D"": 8}"	[86, 90, 95, 96, 97, 98, 99, 182, 184, 190, 191, 192, 193, 216, 217, 236, 271, 272, 276, 277, 278, 337, 338, 339, 340, 341, 342, 343, 344, 345, 346, 347, 348, 349, 350, 351, 354, 373, 374]	experiments/e126_c4_iptm80_continue_af3_seed1/out_s5/ova_body_c4_30/seed-1_sample-3/ova_body_c4_30_seed-1_sample-3_summary_confidences.json	experiments/e126_c4_iptm80_continue_af3_seed1/out_s5/ova_body_c4_30/seed-1_sample-3/ova_body_c4_30_seed-1_sample-3_model.cif
ova_body_c4_30	seed-1_sample-4	4	0.83	0.86	89.99699480916551	nan	nan	0.84	0.0	6	4	1	0	185	185	0	0.8	0.79	2.615	"{""A-B"": 16, ""A-C"": 49, ""A-D"": 29, ""B-C"": 28, ""B-D"": 49, ""C-D"": 14}"	[1, 86, 87, 90, 95, 96, 97, 98, 99, 182, 184, 190, 191, 192, 193, 216, 217, 236, 270, 271, 272, 277, 278, 337, 338, 339, 340, 341, 342, 343, 344, 345, 346, 347, 348, 349, 350, 351, 354, 373, 374]	experiments/e126_c4_iptm80_continue_af3_seed1/out_s5/ova_body_c4_30/seed-1_sample-4/ova_body_c4_30_seed-1_sample-4_summary_confidences.json	experiments/e126_c4_iptm80_continue_af3_seed1/out_s5/ova_body_c4_30/seed-1_sample-4/ova_body_c4_30_seed-1_sample-4_model.cif
ova_body_c4_31	seed-1_sample-0	4	0.5	0.61	85.68629533639226	nan	nan	0.52	0.0	4	4	1	0	354	354	0	0.49	0.45999999999999996	11.190000000000001	"{""A-B"": 100, ""A-C"": 74, ""A-D"": 0, ""B-C"": 0, ""B-D"": 73, ""C-D"": 107}"	[1, 3, 4, 64, 65, 66, 67, 68, 69, 72, 73, 75, 76, 77, 78, 79, 81, 82, 83, 85, 86, 87, 89, 90, 93, 94, 95, 96, 99, 124, 125, 134, 141, 144, 145, 147, 148, 149, 151, 152, 155, 156, 159, 182, 183, 184, 186, 187, 188, 190, 191, 192, 216, 217, 218, 219, 234, 236, 238, 239, 241, 266, 270, 271, 275, 276, 334, 336, 337, 338, 339, 340, 341, 342, 344, 345, 372, 373, 374, 375]	experiments/e126_c4_iptm80_continue_af3_seed1/out_s6/ova_body_c4_31/seed-1_sample-0/ova_body_c4_31_seed-1_sample-0_summary_confidences.json	experiments/e126_c4_iptm80_continue_af3_seed1/out_s6/ova_body_c4_31/seed-1_sample-0/ova_body_c4_31_seed-1_sample-0_model.cif
ova_body_c4_31	seed-1_sample-1	4	0.51	0.62	85.97098426621194	nan	nan	0.54	0.0	4	4	1	0	417	417	0	0.5	0.46499999999999997	10.625	"{""A-B"": 130, ""A-C"": 75, ""A-D"": 0, ""B-C"": 0, ""B-D"": 81, ""C-D"": 131}"	[1, 2, 3, 4, 61, 64, 65, 66, 67, 68, 69, 70, 72, 73, 77, 78, 79, 81, 82, 83, 85, 86, 87, 89, 90, 92, 93, 94, 95, 96, 99, 101, 125, 141, 144, 145, 147, 148, 149, 151, 152, 155, 156, 159, 182, 183, 184, 186, 188, 190, 191, 192, 217, 219, 232, 234, 236, 238, 239, 241, 266, 270, 271, 274, 275, 276, 277, 278, 336, 337, 338, 339, 340, 342, 344, 345, 346, 349, 371, 372, 373, 374, 375]	experiments/e126_c4_iptm80_continue_af3_seed1/out_s6/ova_body_c4_31/seed-1_sample-1/ova_body_c4_31_seed-1_sample-1_summary_confidences.json	experiments/e126_c4_iptm80_continue_af3_seed1/out_s6/ova_body_c4_31/seed-1_sample-1/ova_body_c4_31_seed-1_sample-1_model.cif
ova_body_c4_31	seed-1_sample-2	4	0.53	0.63	86.10989612124744	nan	nan	0.55	0.0	4	4	1	0	325	325	0	0.51	0.485	9.655000000000001	"{""A-B"": 84, ""A-C"": 80, ""A-D"": 0, ""B-C"": 0, ""B-D"": 79, ""C-D"": 82}"	[1, 2, 4, 64, 65, 66, 68, 70, 72, 73, 77, 78, 79, 82, 83, 85, 86, 87, 89, 90, 93, 94, 95, 96, 99, 134, 138, 141, 144, 145, 147, 148, 149, 151, 152, 155, 156, 159, 182, 183, 184, 186, 188, 190, 191, 192, 217, 219, 234, 238, 239, 270, 271, 275, 276, 277, 278, 336, 337, 338, 339, 340, 341, 342, 344, 345, 372, 373, 374]	experiments/e126_c4_iptm80_continue_af3_seed1/out_s6/ova_body_c4_31/seed-1_sample-2/ova_body_c4_31_seed-1_sample-2_summary_confidences.json	experiments/e126_c4_iptm80_continue_af3_seed1/out_s6/ova_body_c4_31/seed-1_sample-2/ova_body_c4_31_seed-1_sample-2_model.cif
ova_body_c4_31	seed-1_sample-3	4	0.51	0.62	85.90132131230646	nan	nan	0.54	0.0	4	4	1	0	373	373	0	0.52	0.475	10.71	"{""A-B"": 98, ""A-C"": 87, ""A-D"": 0, ""B-C"": 0, ""B-D"": 85, ""C-D"": 103}"	[1, 3, 4, 64, 65, 66, 67, 68, 70, 72, 73, 77, 78, 79, 81, 82, 83, 85, 86, 87, 89, 90, 92, 93, 94, 95, 96, 99, 101, 124, 125, 134, 138, 141, 144, 145, 147, 148, 149, 151, 152, 154, 155, 156, 159, 182, 183, 184, 186, 188, 190, 191, 192, 217, 219, 234, 238, 239, 241, 266, 270, 271, 272, 274, 275, 276, 277, 334, 336, 337, 338, 339, 340, 342, 344, 345, 371, 372, 373, 374, 375]	experiments/e126_c4_iptm80_continue_af3_seed1/out_s6/ova_body_c4_31/seed-1_sample-3/ova_body_c4_31_seed-1_sample-3_summary_confidences.json	experiments/e126_c4_iptm80_continue_af3_seed1/out_s6/ova_body_c4_31/seed-1_sample-3/ova_body_c4_31_seed-1_sample-3_model.cif
ova_body_c4_31	seed-1_sample-4	4	0.51	0.62	85.89611402323827	nan	nan	0.53	0.0	4	4	1	0	358	358	0	0.5	0.46499999999999997	10.71	"{""A-B"": 97, ""A-C"": 79, ""A-D"": 0, ""B-C"": 0, ""B-D"": 84, ""C-D"": 98}"	[1, 4, 64, 65, 66, 67, 69, 71, 72, 73, 77, 78, 79, 81, 82, 83, 85, 86, 87, 89, 90, 93, 94, 95, 96, 99, 125, 134, 138, 141, 144, 145, 147, 148, 149, 151, 152, 154, 155, 156, 159, 160, 182, 183, 184, 186, 188, 190, 191, 192, 217, 219, 234, 237, 238, 239, 266, 270, 271, 274, 276, 278, 336, 337, 338, 339, 340, 342, 344, 345, 372, 373, 374, 375]	experiments/e126_c4_iptm80_continue_af3_seed1/out_s6/ova_body_c4_31/seed-1_sample-4/ova_body_c4_31_seed-1_sample-4_summary_confidences.json	experiments/e126_c4_iptm80_continue_af3_seed1/out_s6/ova_body_c4_31/seed-1_sample-4/ova_body_c4_31_seed-1_sample-4_model.cif
ova_body_c4_32	seed-1_sample-0	4	0.38	0.52	87.14841968160837	nan	nan	0.41	0.0	4	4	1	0	319	319	0	0.52	0.37	13.705000000000002	"{""A-B"": 116, ""A-C"": 39, ""A-D"": 0, ""B-C"": 0, ""B-D"": 47, ""C-D"": 117}"	[1, 2, 3, 4, 5, 6, 64, 65, 68, 69, 70, 71, 72, 73, 74, 79, 82, 83, 86, 90, 94, 95, 96, 97, 124, 125, 131, 148, 149, 152, 153, 155, 156, 182, 184, 191, 192, 194, 210, 217, 219, 234, 236, 237, 238, 239, 241, 266, 270, 271, 275, 276, 277, 278, 285, 334, 336, 337, 338, 340, 345, 346, 347, 349, 350, 351, 354, 355, 372, 373, 375]	experiments/e126_c4_iptm80_continue_af3_seed1/out_s7/ova_body_c4_32/seed-1_sample-0/ova_body_c4_32_seed-1_sample-0_summary_confidences.json	experiments/e126_c4_iptm80_continue_af3_seed1/out_s7/ova_body_c4_32/seed-1_sample-0/ova_body_c4_32_seed-1_sample-0_model.cif
ova_body_c4_32	seed-1_sample-1	4	0.38	0.52	86.93901550213907	nan	nan	0.41	0.0	4	4	1	0	351	351	0	0.51	0.365	13.79	"{""A-B"": 127, ""A-C"": 43, ""A-D"": 0, ""B-C"": 0, ""B-D"": 50, ""C-D"": 131}"	[1, 2, 3, 4, 5, 6, 64, 65, 68, 69, 70, 71, 72, 73, 74, 79, 82, 83, 86, 90, 94, 95, 96, 97, 124, 125, 131, 145, 148, 149, 152, 153, 155, 156, 182, 184, 191, 192, 194, 210, 217, 219, 234, 236, 237, 238, 239, 241, 266, 270, 271, 272, 274, 275, 276, 277, 278, 285, 334, 336, 337, 338, 340, 341, 346, 347, 349, 350, 351, 354, 355, 372, 373, 375]	experiments/e126_c4_iptm80_continue_af3_seed1/out_s7/ova_body_c4_32/seed-1_sample-1/ova_body_c4_32_seed-1_sample-1_summary_confidences.json	experiments/e126_c4_iptm80_continue_af3_seed1/out_s7/ova_body_c4_32/seed-1_sample-1/ova_body_c4_32_seed-1_sample-1_model.cif
ova_body_c4_32	seed-1_sample-2	4	0.38	0.52	86.95401573181152	nan	nan	0.41	0.0	4	4	1	0	340	340	0	0.51	0.37	13.805	"{""A-B"": 131, ""A-C"": 43, ""A-D"": 0, ""B-C"": 0, ""B-D"": 41, ""C-D"": 125}"	[1, 2, 3, 4, 64, 65, 68, 69, 70, 71, 72, 73, 74, 78, 79, 82, 83, 86, 89, 90, 94, 95, 96, 97, 121, 124, 125, 145, 148, 149, 152, 153, 155, 156, 182, 184, 186, 191, 192, 194, 216, 217, 219, 234, 237, 238, 239, 241, 266, 271, 272, 275, 276, 277, 278, 334, 336, 337, 338, 340, 341, 344, 345, 346, 347, 349, 350, 351, 354, 355, 372, 373, 375]	experiments/e126_c4_iptm80_continue_af3_seed1/out_s7/ova_body_c4_32/seed-1_sample-2/ova_body_c4_32_seed-1_sample-2_summary_confidences.json	experiments/e126_c4_iptm80_continue_af3_seed1/out_s7/ova_body_c4_32/seed-1_sample-2/ova_body_c4_32_seed-1_sample-2_model.cif
ova_body_c4_32	seed-1_sample-3	4	0.38	0.52	86.85209855390954	nan	nan	0.41	0.0	4	4	1	0	331	331	0	0.5	0.365	14.04	"{""A-B"": 122, ""A-C"": 43, ""A-D"": 0, ""B-C"": 1, ""B-D"": 46, ""C-D"": 119}"	[1, 2, 3, 4, 64, 65, 68, 69, 70, 71, 72, 73, 74, 78, 79, 82, 83, 86, 89, 90, 94, 95, 96, 97, 124, 125, 131, 145, 148, 149, 152, 153, 155, 156, 182, 184, 186, 191, 192, 194, 210, 217, 234, 237, 238, 239, 241, 266, 270, 271, 275, 276, 277, 278, 285, 334, 336, 337, 338, 340, 341, 344, 345, 346, 347, 349, 350, 351, 354, 355, 372, 373, 375]	experiments/e126_c4_iptm80_continue_af3_seed1/out_s7/ova_body_c4_32/seed-1_sample-3/ova_body_c4_32_seed-1_sample-3_summary_confidences.json	experiments/e126_c4_iptm80_continue_af3_seed1/out_s7/ova_body_c4_32/seed-1_sample-3/ova_body_c4_32_seed-1_sample-3_model.cif
ova_body_c4_32	seed-1_sample-4	4	0.39	0.53	86.91606206350376	nan	nan	0.42	0.0	4	4	1	0	361	361	0	0.53	0.38	13.53	"{""A-B"": 116, ""A-C"": 60, ""A-D"": 2, ""B-C"": 1, ""B-D"": 62, ""C-D"": 120}"	[1, 2, 3, 4, 5, 6, 64, 65, 68, 69, 70, 71, 72, 73, 74, 78, 79, 82, 83, 85, 86, 89, 90, 93, 94, 95, 96, 97, 101, 124, 127, 131, 145, 148, 149, 152, 153, 155, 156, 182, 184, 186, 189, 191, 192, 194, 195, 210, 217, 219, 234, 236, 237, 238, 239, 241, 266, 270, 271, 272, 275, 276, 277, 278, 285, 334, 336, 337, 338, 340, 341, 343, 346, 349, 350, 351, 354, 355, 372, 373, 375]	experiments/e126_c4_iptm80_continue_af3_seed1/out_s7/ova_body_c4_32/seed-1_sample-4/ova_body_c4_32_seed-1_sample-4_summary_confidences.json	experiments/e126_c4_iptm80_continue_af3_seed1/out_s7/ova_body_c4_32/seed-1_sample-4/ova_body_c4_32_seed-1_sample-4_model.cif
ova_body_c4_33	seed-1_sample-0	4	0.31	0.46	86.15645099303883	nan	nan	0.34	0.0	6	4	1	0	227	227	0	0.31	0.21	17.990000000000002	"{""A-B"": 27, ""A-C"": 56, ""A-D"": 29, ""B-C"": 31, ""B-D"": 56, ""C-D"": 28}"	[1, 3, 6, 82, 86, 87, 89, 90, 94, 95, 96, 97, 99, 182, 184, 188, 190, 191, 192, 193, 216, 217, 236, 238, 270, 271, 272, 276, 277, 278, 337, 338, 339, 340, 341, 342, 343, 344, 345, 346, 347, 348, 349, 350, 351, 354, 372, 373, 374, 375]	experiments/e126_c4_iptm80_continue_af3_seed1/out_s0/ova_body_c4_33/seed-1_sample-0/ova_body_c4_33_seed-1_sample-0_summary_confidences.json	experiments/e126_c4_iptm80_continue_af3_seed1/out_s0/ova_body_c4_33/seed-1_sample-0/ova_body_c4_33_seed-1_sample-0_model.cif
ova_body_c4_33	seed-1_sample-1	4	0.31	0.47	86.09152845273981	nan	nan	0.34	0.0	6	4	1	0	212	212	0	0.32	0.22	17.4	"{""A-B"": 17, ""A-C"": 50, ""A-D"": 35, ""B-C"": 39, ""B-D"": 53, ""C-D"": 18}"	[86, 89, 90, 95, 96, 97, 99, 182, 184, 188, 190, 191, 192, 193, 216, 217, 236, 238, 239, 270, 271, 272, 276, 277, 278, 279, 337, 338, 339, 340, 341, 342, 343, 344, 345, 346, 347, 348, 349, 350, 351, 354, 355, 372, 373, 374]	experiments/e126_c4_iptm80_continue_af3_seed1/out_s0/ova_body_c4_33/seed-1_sample-1/ova_body_c4_33_seed-1_sample-1_summary_confidences.json	experiments/e126_c4_iptm80_continue_af3_seed1/out_s0/ova_body_c4_33/seed-1_sample-1/ova_body_c4_33_seed-1_sample-1_model.cif
ova_body_c4_33	seed-1_sample-2	4	0.32	0.47	86.56344551125956	nan	nan	0.35	0.0	6	4	1	0	211	211	0	0.33	0.22	16.630000000000003	"{""A-B"": 19, ""A-C"": 61, ""A-D"": 25, ""B-C"": 29, ""B-D"": 58, ""C-D"": 19}"	[64, 82, 83, 86, 87, 90, 95, 96, 97, 99, 182, 184, 188, 190, 191, 192, 193, 215, 216, 217, 236, 239, 270, 271, 272, 278, 337, 338, 339, 340, 341, 342, 343, 344, 345, 346, 347, 348, 349, 350, 351, 354, 371, 372, 373, 374]	experiments/e126_c4_iptm80_continue_af3_seed1/out_s0/ova_body_c4_33/seed-1_sample-2/ova_body_c4_33_seed-1_sample-2_summary_confidences.json	experiments/e126_c4_iptm80_continue_af3_seed1/out_s0/ova_body_c4_33/seed-1_sample-2/ova_body_c4_33_seed-1_sample-2_model.cif
ova_body_c4_33	seed-1_sample-3	4	0.32	0.48	86.35849765915945	nan	nan	0.35	0.0	6	4	1	0	178	178	0	0.35	0.22	16.744999999999997	"{""A-B"": 8, ""A-C"": 55, ""A-D"": 25, ""B-C"": 24, ""B-D"": 58, ""C-D"": 8}"	[86, 90, 95, 96, 97, 98, 99, 182, 184, 188, 190, 191, 192, 193, 216, 217, 236, 271, 272, 276, 277, 278, 337, 338, 339, 340, 341, 342, 343, 344, 345, 346, 347, 348, 349, 350, 351, 354, 373, 374]	experiments/e126_c4_iptm80_continue_af3_seed1/out_s0/ova_body_c4_33/seed-1_sample-3/ova_body_c4_33_seed-1_sample-3_summary_confidences.json	experiments/e126_c4_iptm80_continue_af3_seed1/out_s0/ova_body_c4_33/seed-1_sample-3/ova_body_c4_33_seed-1_sample-3_model.cif
ova_body_c4_33	seed-1_sample-4	4	0.27	0.44	85.71059587705939	nan	nan	0.3	0.0	6	4	1	0	263	263	0	0.27	0.165	20.925	"{""A-B"": 32, ""A-C"": 51, ""A-D"": 47, ""B-C"": 47, ""B-D"": 52, ""C-D"": 34}"	[1, 2, 3, 64, 65, 67, 68, 79, 82, 83, 86, 90, 94, 95, 96, 97, 99, 155, 182, 184, 186, 187, 188, 190, 191, 192, 195, 216, 217, 218, 219, 234, 236, 237, 238, 239, 271, 275, 276, 277, 278, 336, 337, 338, 339, 340, 341, 342, 343, 344, 345, 346, 347, 348, 349, 350, 351, 354, 373]	experiments/e126_c4_iptm80_continue_af3_seed1/out_s0/ova_body_c4_33/seed-1_sample-4/ova_body_c4_33_seed-1_sample-4_summary_confidences.json	experiments/e126_c4_iptm80_continue_af3_seed1/out_s0/ova_body_c4_33/seed-1_sample-4/ova_body_c4_33_seed-1_sample-4_model.cif
ova_body_c4_34	seed-1_sample-0	4	0.77	0.81	89.57582913532158	nan	nan	0.78	0.0	6	4	1	0	180	180	0	0.73	0.73	3.4699999999999998	"{""A-B"": 8, ""A-C"": 59, ""A-D"": 25, ""B-C"": 25, ""B-D"": 55, ""C-D"": 8}"	[86, 90, 95, 96, 97, 98, 99, 182, 184, 188, 190, 191, 192, 193, 216, 217, 236, 271, 272, 276, 277, 278, 337, 338, 339, 340, 341, 342, 343, 344, 345, 346, 347, 348, 349, 350, 351, 354, 373, 374]	experiments/e126_c4_iptm80_continue_af3_seed1/out_s1/ova_body_c4_34/seed-1_sample-0/ova_body_c4_34_seed-1_sample-0_summary_confidences.json	experiments/e126_c4_iptm80_continue_af3_seed1/out_s1/ova_body_c4_34/seed-1_sample-0/ova_body_c4_34_seed-1_sample-0_model.cif
ova_body_c4_34	seed-1_sample-1	4	0.78	0.82	89.7837824352047	nan	nan	0.79	0.0	6	4	1	0	192	192	0	0.74	0.74	3.375	"{""A-B"": 10, ""A-C"": 53, ""A-D"": 31, ""B-C"": 32, ""B-D"": 56, ""C-D"": 10}"	[86, 90, 95, 96, 97, 98, 99, 182, 184, 188, 190, 191, 192, 193, 216, 217, 236, 271, 272, 276, 277, 278, 337, 338, 339, 340, 341, 342, 343, 344, 345, 346, 347, 348, 349, 350, 351, 354, 373, 374]	experiments/e126_c4_iptm80_continue_af3_seed1/out_s1/ova_body_c4_34/seed-1_sample-1/ova_body_c4_34_seed-1_sample-1_summary_confidences.json	experiments/e126_c4_iptm80_continue_af3_seed1/out_s1/ova_body_c4_34/seed-1_sample-1/ova_body_c4_34_seed-1_sample-1_model.cif
ova_body_c4_34	seed-1_sample-2	4	0.77	0.82	89.81212439067623	nan	nan	0.78	0.0	6	4	1	0	190	190	0	0.73	0.73	3.48	"{""A-B"": 10, ""A-C"": 57, ""A-D"": 27, ""B-C"": 28, ""B-D"": 58, ""C-D"": 10}"	[86, 90, 95, 96, 97, 98, 99, 182, 184, 188, 190, 191, 192, 193, 216, 217, 236, 271, 272, 276, 277, 278, 337, 338, 339, 340, 341, 342, 343, 344, 345, 346, 347, 348, 349, 350, 351, 354, 373, 374]	experiments/e126_c4_iptm80_continue_af3_seed1/out_s1/ova_body_c4_34/seed-1_sample-2/ova_body_c4_34_seed-1_sample-2_summary_confidences.json	experiments/e126_c4_iptm80_continue_af3_seed1/out_s1/ova_body_c4_34/seed-1_sample-2/ova_body_c4_34_seed-1_sample-2_model.cif
ova_body_c4_34	seed-1_sample-3	4	0.78	0.82	89.69810879168733	nan	nan	0.78	0.0	6	4	1	0	172	172	0	0.73	0.73	3.5149999999999997	"{""A-B"": 10, ""A-C"": 49, ""A-D"": 25, ""B-C"": 28, ""B-D"": 51, ""C-D"": 9}"	[86, 90, 95, 96, 97, 98, 99, 182, 184, 190, 191, 192, 193, 216, 217, 236, 239, 271, 272, 276, 277, 278, 337, 338, 339, 340, 341, 342, 343, 344, 345, 346, 347, 348, 349, 350, 351, 354, 373, 374]	experiments/e126_c4_iptm80_continue_af3_seed1/out_s1/ova_body_c4_34/seed-1_sample-3/ova_body_c4_34_seed-1_sample-3_summary_confidences.json	experiments/e126_c4_iptm80_continue_af3_seed1/out_s1/ova_body_c4_34/seed-1_sample-3/ova_body_c4_34_seed-1_sample-3_model.cif
ova_body_c4_34	seed-1_sample-4	4	0.78	0.82	89.40968928559457	nan	nan	0.79	0.0	6	4	1	0	199	199	0	0.74	0.735	3.5	"{""A-B"": 14, ""A-C"": 55, ""A-D"": 29, ""B-C"": 29, ""B-D"": 58, ""C-D"": 14}"	[1, 86, 90, 95, 96, 97, 98, 99, 182, 184, 188, 190, 191, 192, 193, 216, 217, 236, 270, 271, 272, 276, 277, 278, 337, 338, 339, 340, 341, 342, 343, 344, 345, 346, 347, 348, 349, 350, 351, 354, 373, 374]	experiments/e126_c4_iptm80_continue_af3_seed1/out_s1/ova_body_c4_34/seed-1_sample-4/ova_body_c4_34_seed-1_sample-4_summary_confidences.json	experiments/e126_c4_iptm80_continue_af3_seed1/out_s1/ova_body_c4_34/seed-1_sample-4/ova_body_c4_34_seed-1_sample-4_model.cif
ova_body_c4_35	seed-1_sample-0	4	0.32	0.48	87.14766850249137	nan	nan	0.35	0.0	4	4	1	0	144	144	0	0.38	0.28	16.02	"{""A-B"": 19, ""A-C"": 49, ""A-D"": 0, ""B-C"": 1, ""B-D"": 50, ""C-D"": 25}"	[95, 96, 97, 98, 99, 182, 184, 190, 191, 192, 193, 216, 217, 236, 276, 278, 337, 338, 339, 340, 342, 343, 344, 345, 346, 347, 348, 349, 350, 351, 354]	experiments/e126_c4_iptm80_continue_af3_seed1/out_s2/ova_body_c4_35/seed-1_sample-0/ova_body_c4_35_seed-1_sample-0_summary_confidences.json	experiments/e126_c4_iptm80_continue_af3_seed1/out_s2/ova_body_c4_35/seed-1_sample-0/ova_body_c4_35_seed-1_sample-0_model.cif
ova_body_c4_35	seed-1_sample-1	4	0.35	0.5	86.71764256175936	nan	nan	0.38	0.0	6	4	1	0	218	218	0	0.37	0.25	16.475	"{""A-B"": 32, ""A-C"": 62, ""A-D"": 15, ""B-C"": 17, ""B-D"": 59, ""C-D"": 33}"	[1, 2, 3, 86, 87, 89, 90, 95, 96, 97, 99, 182, 184, 188, 190, 191, 192, 193, 216, 217, 236, 270, 271, 272, 276, 277, 278, 337, 338, 339, 340, 341, 342, 343, 344, 345, 346, 347, 348, 349, 350, 351, 354, 372, 373]	experiments/e126_c4_iptm80_continue_af3_seed1/out_s2/ova_body_c4_35/seed-1_sample-1/ova_body_c4_35_seed-1_sample-1_summary_confidences.json	experiments/e126_c4_iptm80_continue_af3_seed1/out_s2/ova_body_c4_35/seed-1_sample-1/ova_body_c4_35_seed-1_sample-1_model.cif
ova_body_c4_35	seed-1_sample-2	4	0.33	0.48	87.27637313684652	nan	nan	0.36	0.0	6	4	1	0	179	179	0	0.38	0.22	17.415	"{""A-B"": 38, ""A-C"": 47, ""A-D"": 8, ""B-C"": 7, ""B-D"": 48, ""C-D"": 31}"	[86, 90, 95, 96, 97, 98, 99, 182, 184, 190, 191, 192, 193, 216, 217, 236, 271, 272, 276, 278, 337, 338, 339, 340, 342, 343, 344, 345, 346, 347, 348, 349, 350, 351, 354, 372, 373]	experiments/e126_c4_iptm80_continue_af3_seed1/out_s2/ova_body_c4_35/seed-1_sample-2/ova_body_c4_35_seed-1_sample-2_summary_confidences.json	experiments/e126_c4_iptm80_continue_af3_seed1/out_s2/ova_body_c4_35/seed-1_sample-2/ova_body_c4_35_seed-1_sample-2_model.cif
ova_body_c4_35	seed-1_sample-3	4	0.38	0.52	86.84699499298254	nan	nan	0.41	0.0	6	4	1	0	207	207	0	0.44	0.25	15.085	"{""A-B"": 33, ""A-C"": 62, ""A-D"": 10, ""B-C"": 5, ""B-D"": 62, ""C-D"": 35}"	[1, 2, 86, 90, 95, 96, 97, 98, 99, 182, 184, 188, 190, 191, 192, 193, 216, 217, 236, 271, 272, 276, 277, 278, 337, 338, 339, 340, 341, 342, 343, 344, 345, 346, 347, 348, 349, 350, 352, 353, 354, 355, 373]	experiments/e126_c4_iptm80_continue_af3_seed1/out_s2/ova_body_c4_35/seed-1_sample-3/ova_body_c4_35_seed-1_sample-3_summary_confidences.json	experiments/e126_c4_iptm80_continue_af3_seed1/out_s2/ova_body_c4_35/seed-1_sample-3/ova_body_c4_35_seed-1_sample-3_model.cif
ova_body_c4_35	seed-1_sample-4	4	0.34	0.49	87.50455949220014	nan	nan	0.37	0.0	5	4	1	0	163	163	0	0.4	0.23	16.43	"{""A-B"": 23, ""A-C"": 52, ""A-D"": 4, ""B-C"": 8, ""B-D"": 54, ""C-D"": 22}"	[86, 90, 95, 96, 97, 98, 99, 182, 184, 188, 190, 191, 192, 193, 216, 217, 236, 271, 272, 278, 337, 338, 339, 340, 341, 342, 344, 345, 346, 347, 348, 349, 350, 351, 354, 373, 374]	experiments/e126_c4_iptm80_continue_af3_seed1/out_s2/ova_body_c4_35/seed-1_sample-4/ova_body_c4_35_seed-1_sample-4_summary_confidences.json	experiments/e126_c4_iptm80_continue_af3_seed1/out_s2/ova_body_c4_35/seed-1_sample-4/ova_body_c4_35_seed-1_sample-4_model.cif
ova_body_c4_36	seed-1_sample-0	4	0.29	0.45	86.0518394924816	nan	nan	0.32	0.0	4	4	1	0	354	354	0	0.37	0.265	18.94	"{""A-B"": 136, ""A-C"": 39, ""A-D"": 0, ""B-C"": 0, ""B-D"": 43, ""C-D"": 136}"	[1, 2, 3, 4, 64, 65, 68, 69, 70, 71, 72, 73, 74, 78, 79, 81, 82, 83, 86, 89, 90, 94, 95, 96, 97, 124, 125, 131, 145, 148, 149, 152, 153, 155, 156, 182, 186, 191, 192, 194, 210, 216, 217, 234, 237, 238, 239, 241, 266, 271, 275, 276, 277, 278, 334, 336, 337, 338, 341, 344, 345, 346, 347, 349, 350, 351, 354, 355, 372, 373, 375]	experiments/e126_c4_iptm80_continue_af3_seed1/out_s3/ova_body_c4_36/seed-1_sample-0/ova_body_c4_36_seed-1_sample-0_summary_confidences.json	experiments/e126_c4_iptm80_continue_af3_seed1/out_s3/ova_body_c4_36/seed-1_sample-0/ova_body_c4_36_seed-1_sample-0_model.cif
ova_body_c4_36	seed-1_sample-1	4	0.29	0.45	85.8401294273416	nan	nan	0.32	0.0	4	4	1	0	363	363	0	0.37	0.265	19.085	"{""A-B"": 143, ""A-C"": 35, ""A-D"": 0, ""B-C"": 1, ""B-D"": 40, ""C-D"": 144}"	[1, 2, 3, 4, 64, 65, 68, 69, 70, 71, 72, 73, 74, 78, 79, 82, 83, 86, 89, 90, 93, 94, 95, 96, 97, 124, 125, 131, 144, 145, 148, 149, 152, 153, 155, 156, 182, 186, 187, 191, 192, 194, 196, 210, 216, 217, 234, 236, 237, 238, 239, 241, 266, 271, 275, 276, 277, 278, 334, 336, 337, 338, 340, 341, 344, 345, 346, 347, 349, 350, 351, 354, 372, 373, 375]	experiments/e126_c4_iptm80_continue_af3_seed1/out_s3/ova_body_c4_36/seed-1_sample-1/ova_body_c4_36_seed-1_sample-1_summary_confidences.json	experiments/e126_c4_iptm80_continue_af3_seed1/out_s3/ova_body_c4_36/seed-1_sample-1/ova_body_c4_36_seed-1_sample-1_model.cif
ova_body_c4_36	seed-1_sample-2	4	0.3	0.46	85.54007760477808	nan	nan	0.33	0.0	6	4	1	0	426	426	0	0.36	0.17	22.335	"{""A-B"": 136, ""A-C"": 62, ""A-D"": 18, ""B-C"": 20, ""B-D"": 58, ""C-D"": 132}"	[1, 2, 3, 64, 65, 68, 69, 70, 72, 73, 74, 78, 79, 82, 83, 85, 86, 89, 90, 93, 94, 95, 96, 97, 99, 113, 114, 115, 116, 119, 120, 121, 123, 124, 125, 131, 132, 133, 144, 145, 147, 148, 149, 151, 152, 153, 155, 156, 159, 184, 186, 187, 188, 190, 191, 192, 216, 217, 234, 236, 237, 238, 239, 241, 266, 270, 271, 275, 276, 277, 278, 336, 337, 338, 339, 340, 341, 342, 344, 345, 346, 347, 348, 349, 350, 351, 354, 355, 372, 373, 375]	experiments/e126_c4_iptm80_continue_af3_seed1/out_s3/ova_body_c4_36/seed-1_sample-2/ova_body_c4_36_seed-1_sample-2_summary_confidences.json	experiments/e126_c4_iptm80_continue_af3_seed1/out_s3/ova_body_c4_36/seed-1_sample-2/ova_body_c4_36_seed-1_sample-2_model.cif
ova_body_c4_36	seed-1_sample-3	4	0.29	0.45	85.69707235029942	nan	nan	0.32	0.0	4	4	1	0	348	348	0	0.36	0.26	19.165	"{""A-B"": 136, ""A-C"": 41, ""A-D"": 0, ""B-C"": 1, ""B-D"": 39, ""C-D"": 131}"	[1, 2, 3, 64, 65, 68, 69, 70, 71, 72, 73, 74, 78, 79, 81, 82, 83, 86, 89, 90, 93, 94, 95, 96, 124, 125, 144, 145, 148, 149, 151, 152, 155, 156, 186, 187, 188, 191, 192, 217, 234, 236, 237, 238, 239, 241, 271, 275, 276, 277, 278, 336, 337, 338, 340, 341, 342, 344, 345, 346, 347, 349, 350, 351, 354, 355, 372, 373, 375]	experiments/e126_c4_iptm80_continue_af3_seed1/out_s3/ova_body_c4_36/seed-1_sample-3/ova_body_c4_36_seed-1_sample-3_summary_confidences.json	experiments/e126_c4_iptm80_continue_af3_seed1/out_s3/ova_body_c4_36/seed-1_sample-3/ova_body_c4_36_seed-1_sample-3_model.cif
ova_body_c4_36	seed-1_sample-4	4	0.29	0.45	85.68261660442451	nan	nan	0.32	0.0	4	4	1	0	362	362	0	0.36	0.26	19.2	"{""A-B"": 123, ""A-C"": 52, ""A-D"": 1, ""B-C"": 1, ""B-D"": 55, ""C-D"": 130}"	[1, 2, 3, 4, 64, 65, 68, 70, 71, 72, 73, 74, 78, 79, 82, 83, 85, 86, 89, 90, 94, 95, 96, 97, 124, 125, 144, 145, 148, 149, 152, 153, 155, 156, 182, 186, 187, 188, 189, 191, 192, 194, 195, 210, 216, 217, 234, 236, 237, 238, 239, 241, 271, 275, 276, 277, 278, 334, 336, 337, 338, 340, 342, 343, 345, 346, 347, 349, 350, 351, 354, 355, 372, 373, 375]	experiments/e126_c4_iptm80_continue_af3_seed1/out_s3/ova_body_c4_36/seed-1_sample-4/ova_body_c4_36_seed-1_sample-4_summary_confidences.json	experiments/e126_c4_iptm80_continue_af3_seed1/out_s3/ova_body_c4_36/seed-1_sample-4/ova_body_c4_36_seed-1_sample-4_model.cif
ova_body_c4_37	seed-1_sample-0	4	0.73	0.79	89.29158028913903	nan	nan	0.74	0.0	6	4	1	0	145	145	0	0.69	0.68	4.62	"{""A-B"": 11, ""A-C"": 43, ""A-D"": 18, ""B-C"": 18, ""B-D"": 43, ""C-D"": 12}"	[83, 86, 87, 90, 94, 95, 96, 97, 98, 99, 182, 184, 190, 191, 192, 193, 217, 236, 271, 272, 276, 278, 337, 338, 339, 340, 342, 343, 344, 345, 346, 347, 348, 350, 353, 354, 373, 374]	experiments/e126_c4_iptm80_continue_af3_seed1/out_s4/ova_body_c4_37/seed-1_sample-0/ova_body_c4_37_seed-1_sample-0_summary_confidences.json	experiments/e126_c4_iptm80_continue_af3_seed1/out_s4/ova_body_c4_37/seed-1_sample-0/ova_body_c4_37_seed-1_sample-0_model.cif
ova_body_c4_37	seed-1_sample-1	4	0.75	0.8	89.55606216470194	nan	nan	0.76	0.0	6	4	1	0	193	193	0	0.7	0.695	4.285	"{""A-B"": 11, ""A-C"": 55, ""A-D"": 29, ""B-C"": 29, ""B-D"": 58, ""C-D"": 11}"	[86, 87, 90, 94, 95, 96, 97, 98, 99, 182, 184, 190, 191, 192, 193, 216, 217, 236, 271, 272, 276, 277, 278, 337, 338, 339, 340, 341, 342, 343, 344, 345, 346, 347, 348, 349, 350, 351, 354, 373, 374]	experiments/e126_c4_iptm80_continue_af3_seed1/out_s4/ova_body_c4_37/seed-1_sample-1/ova_body_c4_37_seed-1_sample-1_summary_confidences.json	experiments/e126_c4_iptm80_continue_af3_seed1/out_s4/ova_body_c4_37/seed-1_sample-1/ova_body_c4_37_seed-1_sample-1_model.cif
ova_body_c4_37	seed-1_sample-2	4	0.72	0.78	89.46209846259399	nan	nan	0.73	0.0	6	4	1	0	184	184	0	0.68	0.675	4.755000000000001	"{""A-B"": 13, ""A-C"": 60, ""A-D"": 19, ""B-C"": 19, ""B-D"": 61, ""C-D"": 12}"	[83, 86, 87, 90, 94, 95, 96, 97, 98, 99, 182, 184, 190, 191, 192, 193, 217, 236, 237, 271, 272, 276, 278, 337, 338, 339, 340, 341, 342, 343, 344, 345, 346, 347, 348, 350, 353, 354, 373, 374]	experiments/e126_c4_iptm80_continue_af3_seed1/out_s4/ova_body_c4_37/seed-1_sample-2/ova_body_c4_37_seed-1_sample-2_summary_confidences.json	experiments/e126_c4_iptm80_continue_af3_seed1/out_s4/ova_body_c4_37/seed-1_sample-2/ova_body_c4_37_seed-1_sample-2_model.cif
ova_body_c4_37	seed-1_sample-3	4	0.73	0.79	89.46129539964113	nan	nan	0.74	0.0	6	4	1	0	166	166	0	0.7	0.68	4.635	"{""A-B"": 12, ""A-C"": 47, ""A-D"": 23, ""B-C"": 24, ""B-D"": 49, ""C-D"": 11}"	[86, 87, 90, 94, 95, 96, 97, 98, 99, 182, 184, 190, 191, 192, 193, 216, 217, 236, 271, 272, 278, 337, 338, 339, 340, 341, 342, 343, 344, 345, 346, 347, 348, 350, 353, 354, 355, 373, 374]	experiments/e126_c4_iptm80_continue_af3_seed1/out_s4/ova_body_c4_37/seed-1_sample-3/ova_body_c4_37_seed-1_sample-3_summary_confidences.json	experiments/e126_c4_iptm80_continue_af3_seed1/out_s4/ova_body_c4_37/seed-1_sample-3/ova_body_c4_37_seed-1_sample-3_model.cif
ova_body_c4_37	seed-1_sample-4	4	0.73	0.79	89.0597926223834	nan	nan	0.74	0.0	6	4	1	0	208	208	0	0.69	0.6799999999999999	4.705	"{""A-B"": 16, ""A-C"": 54, ""A-D"": 33, ""B-C"": 33, ""B-D"": 56, ""C-D"": 16}"	[1, 83, 86, 90, 94, 95, 96, 97, 98, 99, 182, 184, 188, 190, 191, 192, 193, 216, 217, 236, 270, 271, 272, 276, 278, 337, 338, 339, 340, 342, 343, 344, 345, 346, 347, 348, 349, 350, 352, 353, 354, 355, 373, 374]	experiments/e126_c4_iptm80_continue_af3_seed1/out_s4/ova_body_c4_37/seed-1_sample-4/ova_body_c4_37_seed-1_sample-4_summary_confidences.json	experiments/e126_c4_iptm80_continue_af3_seed1/out_s4/ova_body_c4_37/seed-1_sample-4/ova_body_c4_37_seed-1_sample-4_model.cif
ova_body_c4_38	seed-1_sample-0	4	0.31	0.47	87.46134704629374	nan	nan	0.34	0.0	4	4	1	0	377	377	0	0.41	0.27999999999999997	18.375	"{""A-B"": 136, ""A-C"": 50, ""A-D"": 0, ""B-C"": 0, ""B-D"": 54, ""C-D"": 137}"	[1, 2, 3, 4, 5, 6, 64, 65, 68, 69, 70, 71, 72, 73, 74, 78, 79, 82, 83, 86, 89, 90, 93, 94, 95, 96, 97, 121, 124, 125, 131, 145, 148, 149, 152, 153, 155, 156, 182, 184, 186, 191, 192, 194, 210, 217, 219, 234, 236, 237, 238, 239, 241, 266, 270, 271, 272, 275, 276, 277, 278, 285, 334, 336, 337, 338, 340, 342, 343, 344, 345, 346, 347, 349, 350, 351, 354, 355, 371, 372, 373, 374, 375]	experiments/e126_c4_iptm80_continue_af3_seed1/out_s5/ova_body_c4_38/seed-1_sample-0/ova_body_c4_38_seed-1_sample-0_summary_confidences.json	experiments/e126_c4_iptm80_continue_af3_seed1/out_s5/ova_body_c4_38/seed-1_sample-0/ova_body_c4_38_seed-1_sample-0_model.cif
ova_body_c4_38	seed-1_sample-1	4	0.29	0.45	87.18655439979672	nan	nan	0.32	0.0	4	4	1	0	321	321	0	0.38	0.26	19.39	"{""A-B"": 126, ""A-C"": 31, ""A-D"": 0, ""B-C"": 0, ""B-D"": 40, ""C-D"": 124}"	[1, 2, 3, 4, 5, 6, 64, 65, 68, 69, 70, 71, 72, 73, 74, 78, 79, 82, 83, 86, 89, 90, 94, 95, 96, 97, 124, 125, 131, 145, 148, 149, 152, 153, 155, 156, 182, 184, 186, 191, 192, 194, 210, 217, 219, 234, 237, 238, 239, 241, 266, 270, 271, 275, 276, 277, 278, 334, 336, 337, 338, 341, 345, 346, 347, 349, 350, 351, 354, 355, 371, 372, 373, 374, 375]	experiments/e126_c4_iptm80_continue_af3_seed1/out_s5/ova_body_c4_38/seed-1_sample-1/ova_body_c4_38_seed-1_sample-1_summary_confidences.json	experiments/e126_c4_iptm80_continue_af3_seed1/out_s5/ova_body_c4_38/seed-1_sample-1/ova_body_c4_38_seed-1_sample-1_model.cif
ova_body_c4_38	seed-1_sample-2	4	0.3	0.46	87.30430027857963	nan	nan	0.33	0.0	4	4	1	0	379	379	0	0.38	0.265	19.11	"{""A-B"": 127, ""A-C"": 3, ""A-D"": 62, ""B-C"": 60, ""B-D"": 3, ""C-D"": 124}"	[1, 2, 3, 4, 5, 6, 63, 64, 65, 68, 69, 70, 71, 72, 73, 74, 79, 82, 83, 86, 90, 93, 94, 110, 111, 113, 114, 116, 119, 120, 123, 124, 127, 128, 129, 131, 132, 133, 134, 137, 138, 141, 142, 144, 145, 148, 149, 151, 152, 156, 217, 219, 234, 237, 238, 239, 241, 266, 270, 271, 272, 274, 275, 276, 277, 278, 341, 346, 349, 350, 351, 354, 355, 371, 372, 373, 374, 375]	experiments/e126_c4_iptm80_continue_af3_seed1/out_s5/ova_body_c4_38/seed-1_sample-2/ova_body_c4_38_seed-1_sample-2_summary_confidences.json	experiments/e126_c4_iptm80_continue_af3_seed1/out_s5/ova_body_c4_38/seed-1_sample-2/ova_body_c4_38_seed-1_sample-2_model.cif
ova_body_c4_38	seed-1_sample-3	4	0.31	0.47	86.99373072293139	nan	nan	0.34	0.0	6	4	1	0	343	343	0	0.38	0.17	21.055	"{""A-B"": 109, ""A-C"": 25, ""A-D"": 36, ""B-C"": 40, ""B-D"": 25, ""C-D"": 108}"	[1, 2, 3, 4, 5, 6, 64, 65, 68, 69, 70, 71, 72, 73, 74, 78, 79, 82, 83, 86, 90, 93, 94, 95, 96, 97, 110, 113, 116, 119, 120, 123, 124, 131, 132, 134, 138, 141, 142, 144, 145, 148, 149, 152, 155, 156, 157, 217, 219, 234, 236, 237, 238, 239, 241, 266, 271, 275, 276, 277, 278, 340, 343, 344, 345, 346, 348, 349, 350, 351, 354, 355, 371, 372, 373, 375]	experiments/e126_c4_iptm80_continue_af3_seed1/out_s5/ova_body_c4_38/seed-1_sample-3/ova_body_c4_38_seed-1_sample-3_summary_confidences.json	experiments/e126_c4_iptm80_continue_af3_seed1/out_s5/ova_body_c4_38/seed-1_sample-3/ova_body_c4_38_seed-1_sample-3_model.cif
ova_body_c4_38	seed-1_sample-4	4	0.35	0.5	86.81487053787153	nan	nan	0.38	0.0	6	4	1	0	430	430	0	0.41	0.215	19.255000000000003	"{""A-B"": 106, ""A-C"": 47, ""A-D"": 59, ""B-C"": 54, ""B-D"": 57, ""C-D"": 107}"	[1, 2, 3, 4, 5, 6, 63, 64, 65, 68, 69, 70, 71, 72, 73, 79, 82, 83, 86, 89, 90, 93, 94, 95, 96, 97, 99, 101, 110, 113, 114, 116, 117, 119, 120, 123, 124, 127, 128, 131, 132, 133, 134, 138, 141, 142, 145, 148, 149, 152, 153, 155, 156, 157, 180, 182, 184, 217, 219, 234, 236, 237, 238, 239, 241, 263, 266, 270, 271, 272, 274, 275, 276, 277, 278, 334, 338, 340, 341, 342, 343, 344, 345, 346, 348, 349, 350, 351, 354, 355, 371, 372, 373, 375]	experiments/e126_c4_iptm80_continue_af3_seed1/out_s5/ova_body_c4_38/seed-1_sample-4/ova_body_c4_38_seed-1_sample-4_summary_confidences.json	experiments/e126_c4_iptm80_continue_af3_seed1/out_s5/ova_body_c4_38/seed-1_sample-4/ova_body_c4_38_seed-1_sample-4_model.cif
ova_body_c4_39	seed-1_sample-0	4	0.81	0.84	89.87077714989222	nan	nan	0.82	0.0	6	4	1	0	183	183	0	0.78	0.76	3.09	"{""A-B"": 11, ""A-C"": 60, ""A-D"": 20, ""B-C"": 21, ""B-D"": 59, ""C-D"": 12}"	[83, 86, 87, 90, 95, 96, 97, 98, 99, 182, 184, 188, 190, 191, 192, 193, 216, 217, 236, 271, 272, 278, 337, 338, 339, 340, 341, 342, 343, 344, 345, 346, 347, 348, 349, 350, 351, 354, 373, 374]	experiments/e126_c4_iptm80_continue_af3_seed1/out_s6/ova_body_c4_39/seed-1_sample-0/ova_body_c4_39_seed-1_sample-0_summary_confidences.json	experiments/e126_c4_iptm80_continue_af3_seed1/out_s6/ova_body_c4_39/seed-1_sample-0/ova_body_c4_39_seed-1_sample-0_model.cif
ova_body_c4_39	seed-1_sample-1	4	0.82	0.85	89.856269451003	nan	nan	0.83	0.0	6	4	1	0	215	215	0	0.79	0.77	2.95	"{""A-B"": 14, ""A-C"": 62, ""A-D"": 28, ""B-C"": 32, ""B-D"": 64, ""C-D"": 15}"	[82, 83, 86, 87, 90, 95, 96, 97, 98, 99, 182, 183, 184, 188, 190, 191, 192, 193, 216, 217, 236, 237, 271, 272, 276, 277, 278, 337, 338, 339, 340, 341, 342, 343, 344, 345, 346, 347, 348, 349, 350, 351, 354, 373, 374]	experiments/e126_c4_iptm80_continue_af3_seed1/out_s6/ova_body_c4_39/seed-1_sample-1/ova_body_c4_39_seed-1_sample-1_summary_confidences.json	experiments/e126_c4_iptm80_continue_af3_seed1/out_s6/ova_body_c4_39/seed-1_sample-1/ova_body_c4_39_seed-1_sample-1_model.cif
ova_body_c4_39	seed-1_sample-2	4	0.8	0.84	90.24443010715623	nan	nan	0.81	0.0	6	4	1	0	194	194	0	0.77	0.755	3.255	"{""A-B"": 12, ""A-C"": 63, ""A-D"": 22, ""B-C"": 23, ""B-D"": 62, ""C-D"": 12}"	[82, 83, 86, 87, 90, 95, 96, 97, 98, 99, 182, 184, 188, 190, 191, 192, 193, 216, 217, 236, 237, 271, 272, 277, 278, 337, 338, 339, 340, 341, 342, 343, 344, 345, 346, 347, 348, 349, 350, 351, 354, 373, 374]	experiments/e126_c4_iptm80_continue_af3_seed1/out_s6/ova_body_c4_39/seed-1_sample-2/ova_body_c4_39_seed-1_sample-2_summary_confidences.json	experiments/e126_c4_iptm80_continue_af3_seed1/out_s6/ova_body_c4_39/seed-1_sample-2/ova_body_c4_39_seed-1_sample-2_model.cif
ova_body_c4_39	seed-1_sample-3	4	0.81	0.84	90.16126936087336	nan	nan	0.82	0.0	6	4	1	0	200	200	0	0.78	0.76	3.14	"{""A-B"": 12, ""A-C"": 60, ""A-D"": 27, ""B-C"": 28, ""B-D"": 62, ""C-D"": 11}"	[86, 87, 90, 95, 96, 97, 98, 99, 182, 184, 188, 190, 191, 192, 193, 216, 217, 236, 237, 271, 272, 276, 277, 278, 337, 338, 339, 340, 341, 342, 343, 344, 345, 346, 347, 348, 349, 350, 351, 354, 373, 374]	experiments/e126_c4_iptm80_continue_af3_seed1/out_s6/ova_body_c4_39/seed-1_sample-3/ova_body_c4_39_seed-1_sample-3_summary_confidences.json	experiments/e126_c4_iptm80_continue_af3_seed1/out_s6/ova_body_c4_39/seed-1_sample-3/ova_body_c4_39_seed-1_sample-3_model.cif
ova_body_c4_39	seed-1_sample-4	4	0.82	0.85	89.68440418539888	nan	nan	0.83	0.0	6	4	1	0	202	202	0	0.79	0.77	3.12	"{""A-B"": 20, ""A-C"": 58, ""A-D"": 23, ""B-C"": 23, ""B-D"": 60, ""C-D"": 18}"	[1, 83, 86, 87, 90, 95, 96, 97, 98, 99, 182, 184, 188, 190, 191, 192, 193, 216, 217, 236, 266, 270, 271, 272, 278, 337, 338, 339, 340, 341, 342, 343, 344, 345, 346, 347, 348, 349, 350, 351, 354, 373, 374]	experiments/e126_c4_iptm80_continue_af3_seed1/out_s6/ova_body_c4_39/seed-1_sample-4/ova_body_c4_39_seed-1_sample-4_summary_confidences.json	experiments/e126_c4_iptm80_continue_af3_seed1/out_s6/ova_body_c4_39/seed-1_sample-4/ova_body_c4_39_seed-1_sample-4_model.cif
ova_body_c4_40	seed-1_sample-0	4	0.53	0.63	87.96430037305763	nan	nan	0.55	0.0	6	4	1	0	247	247	0	0.55	0.4	9.545	"{""A-B"": 38, ""A-C"": 51, ""A-D"": 32, ""B-C"": 35, ""B-D"": 52, ""C-D"": 39}"	[1, 2, 3, 79, 81, 85, 86, 89, 90, 94, 95, 96, 97, 99, 182, 184, 190, 191, 192, 216, 217, 236, 237, 238, 239, 267, 270, 271, 272, 273, 276, 277, 278, 337, 338, 339, 340, 342, 343, 344, 345, 346, 347, 348, 349, 350, 351, 354, 372, 373]	experiments/e126_c4_iptm80_continue_af3_seed1/out_s7/ova_body_c4_40/seed-1_sample-0/ova_body_c4_40_seed-1_sample-0_summary_confidences.json	experiments/e126_c4_iptm80_continue_af3_seed1/out_s7/ova_body_c4_40/seed-1_sample-0/ova_body_c4_40_seed-1_sample-0_model.cif
ova_body_c4_40	seed-1_sample-1	4	0.53	0.63	87.90715037726368	nan	nan	0.55	0.0	6	4	1	0	214	214	0	0.56	0.395	9.969999999999999	"{""A-B"": 20, ""A-C"": 49, ""A-D"": 36, ""B-C"": 37, ""B-D"": 52, ""C-D"": 20}"	[1, 79, 81, 86, 89, 94, 95, 96, 97, 98, 99, 155, 182, 184, 188, 190, 191, 192, 195, 216, 217, 236, 237, 238, 239, 270, 271, 272, 276, 277, 278, 337, 338, 339, 340, 342, 343, 344, 345, 346, 347, 348, 349, 350, 351, 354, 372, 373]	experiments/e126_c4_iptm80_continue_af3_seed1/out_s7/ova_body_c4_40/seed-1_sample-1/ova_body_c4_40_seed-1_sample-1_summary_confidences.json	experiments/e126_c4_iptm80_continue_af3_seed1/out_s7/ova_body_c4_40/seed-1_sample-1/ova_body_c4_40_seed-1_sample-1_model.cif
ova_body_c4_40	seed-1_sample-2	4	0.57	0.66	88.28673592997339	nan	nan	0.59	0.0	6	4	1	0	251	251	0	0.6	0.44	8.96	"{""A-B"": 38, ""A-C"": 54, ""A-D"": 34, ""B-C"": 34, ""B-D"": 55, ""C-D"": 36}"	[1, 2, 3, 79, 81, 85, 86, 89, 90, 94, 95, 96, 97, 99, 182, 184, 190, 191, 192, 193, 216, 217, 236, 237, 238, 239, 266, 267, 270, 271, 272, 273, 276, 277, 278, 337, 338, 339, 340, 342, 343, 344, 345, 346, 347, 348, 349, 350, 351, 354, 372, 373]	experiments/e126_c4_iptm80_continue_af3_seed1/out_s7/ova_body_c4_40/seed-1_sample-2/ova_body_c4_40_seed-1_sample-2_summary_confidences.json	experiments/e126_c4_iptm80_continue_af3_seed1/out_s7/ova_body_c4_40/seed-1_sample-2/ova_body_c4_40_seed-1_sample-2_model.cif
ova_body_c4_40	seed-1_sample-3	4	0.34	0.48	87.18621756993427	nan	nan	0.37	0.0	4	4	1	0	159	159	0	0.43	0.32	12.475	"{""A-B"": 0, ""A-C"": 39, ""A-D"": 41, ""B-C"": 41, ""B-D"": 38, ""C-D"": 0}"	[95, 96, 97, 98, 99, 155, 156, 182, 183, 184, 186, 187, 190, 191, 192, 195, 196, 208, 217, 234, 237, 238, 271, 275, 276, 278, 337, 338, 339, 340, 341, 342, 343, 344, 345, 346, 348, 349, 350, 351, 353, 354]	experiments/e126_c4_iptm80_continue_af3_seed1/out_s7/ova_body_c4_40/seed-1_sample-3/ova_body_c4_40_seed-1_sample-3_summary_confidences.json	experiments/e126_c4_iptm80_continue_af3_seed1/out_s7/ova_body_c4_40/seed-1_sample-3/ova_body_c4_40_seed-1_sample-3_model.cif
ova_body_c4_40	seed-1_sample-4	4	0.52	0.63	87.82523309381514	nan	nan	0.55	0.0	6	4	1	0	201	201	0	0.55	0.39	10.5	"{""A-B"": 22, ""A-C"": 43, ""A-D"": 35, ""B-C"": 34, ""B-D"": 45, ""C-D"": 22}"	[1, 79, 81, 86, 89, 94, 95, 96, 97, 99, 155, 182, 184, 188, 190, 191, 192, 195, 216, 217, 236, 237, 238, 239, 270, 271, 272, 276, 277, 278, 337, 338, 339, 340, 342, 343, 344, 345, 346, 347, 348, 349, 350, 351, 354, 372, 373]	experiments/e126_c4_iptm80_continue_af3_seed1/out_s7/ova_body_c4_40/seed-1_sample-4/ova_body_c4_40_seed-1_sample-4_summary_confidences.json	experiments/e126_c4_iptm80_continue_af3_seed1/out_s7/ova_body_c4_40/seed-1_sample-4/ova_body_c4_40_seed-1_sample-4_model.cif
ova_body_c4_41	seed-1_sample-0	4	0.81	0.85	89.66284965357015	nan	nan	0.82	0.0	6	4	1	0	192	192	0	0.78	0.77	2.83	"{""A-B"": 36, ""A-C"": 48, ""A-D"": 12, ""B-C"": 12, ""B-D"": 47, ""C-D"": 37}"	[83, 86, 87, 90, 95, 96, 97, 98, 99, 182, 184, 190, 191, 192, 193, 215, 216, 217, 236, 271, 272, 278, 337, 338, 339, 340, 341, 342, 343, 344, 345, 346, 347, 348, 349, 350, 351, 354, 373, 374]	experiments/e126_c4_iptm80_continue_af3_seed1/out_s0/ova_body_c4_41/seed-1_sample-0/ova_body_c4_41_seed-1_sample-0_summary_confidences.json	experiments/e126_c4_iptm80_continue_af3_seed1/out_s0/ova_body_c4_41/seed-1_sample-0/ova_body_c4_41_seed-1_sample-0_model.cif
ova_body_c4_41	seed-1_sample-1	4	0.82	0.85	89.54829014397656	nan	nan	0.83	0.0	6	4	1	0	193	193	0	0.78	0.78	2.83	"{""A-B"": 35, ""A-C"": 50, ""A-D"": 12, ""B-C"": 12, ""B-D"": 49, ""C-D"": 35}"	[82, 83, 86, 90, 95, 96, 97, 98, 99, 182, 184, 190, 191, 192, 193, 216, 217, 236, 271, 272, 277, 278, 337, 338, 339, 340, 341, 342, 343, 344, 345, 346, 347, 348, 349, 350, 351, 354, 373, 374]	experiments/e126_c4_iptm80_continue_af3_seed1/out_s0/ova_body_c4_41/seed-1_sample-1/ova_body_c4_41_seed-1_sample-1_summary_confidences.json	experiments/e126_c4_iptm80_continue_af3_seed1/out_s0/ova_body_c4_41/seed-1_sample-1/ova_body_c4_41_seed-1_sample-1_model.cif
ova_body_c4_41	seed-1_sample-2	4	0.81	0.84	89.92261662260856	nan	nan	0.82	0.0	6	4	1	0	181	181	0	0.77	0.77	2.895	"{""A-B"": 39, ""A-C"": 43, ""A-D"": 8, ""B-C"": 8, ""B-D"": 44, ""C-D"": 39}"	[86, 90, 95, 96, 97, 98, 99, 182, 184, 190, 191, 192, 193, 216, 217, 236, 271, 272, 276, 277, 278, 337, 338, 339, 340, 342, 343, 344, 345, 346, 347, 348, 349, 350, 351, 354, 373, 374]	experiments/e126_c4_iptm80_continue_af3_seed1/out_s0/ova_body_c4_41/seed-1_sample-2/ova_body_c4_41_seed-1_sample-2_summary_confidences.json	experiments/e126_c4_iptm80_continue_af3_seed1/out_s0/ova_body_c4_41/seed-1_sample-2/ova_body_c4_41_seed-1_sample-2_model.cif
ova_body_c4_41	seed-1_sample-3	4	0.82	0.85	89.24727986390108	nan	nan	0.82	0.0	6	4	1	0	198	198	0	0.78	0.78	2.715	"{""A-B"": 21, ""A-C"": 60, ""A-D"": 18, ""B-C"": 18, ""B-D"": 59, ""C-D"": 22}"	[1, 82, 83, 86, 90, 94, 95, 96, 97, 98, 99, 182, 184, 190, 191, 192, 193, 216, 217, 236, 266, 270, 271, 272, 278, 337, 338, 339, 340, 341, 342, 343, 344, 345, 346, 347, 348, 350, 353, 354, 355, 373, 374]	experiments/e126_c4_iptm80_continue_af3_seed1/out_s0/ova_body_c4_41/seed-1_sample-3/ova_body_c4_41_seed-1_sample-3_summary_confidences.json	experiments/e126_c4_iptm80_continue_af3_seed1/out_s0/ova_body_c4_41/seed-1_sample-3/ova_body_c4_41_seed-1_sample-3_model.cif
ova_body_c4_41	seed-1_sample-4	4	0.82	0.85	90.04777199740236	nan	nan	0.82	0.0	6	4	1	0	181	181	0	0.78	0.77	2.795	"{""A-B"": 29, ""A-C"": 54, ""A-D"": 8, ""B-C"": 8, ""B-D"": 53, ""C-D"": 29}"	[86, 90, 95, 96, 97, 98, 99, 182, 184, 190, 191, 192, 193, 216, 217, 236, 271, 272, 277, 278, 337, 338, 339, 340, 341, 342, 343, 344, 345, 346, 347, 348, 349, 350, 351, 354, 373, 374]	experiments/e126_c4_iptm80_continue_af3_seed1/out_s0/ova_body_c4_41/seed-1_sample-4/ova_body_c4_41_seed-1_sample-4_summary_confidences.json	experiments/e126_c4_iptm80_continue_af3_seed1/out_s0/ova_body_c4_41/seed-1_sample-4/ova_body_c4_41_seed-1_sample-4_model.cif
ova_body_c4_42	seed-1_sample-0	4	0.23	0.41	86.39777199344931	nan	nan	0.26	0.0	6	4	1	0	244	244	0	0.2	0.15	22.98	"{""A-B"": 30, ""A-C"": 55, ""A-D"": 29, ""B-C"": 38, ""B-D"": 55, ""C-D"": 37}"	[1, 64, 82, 83, 86, 87, 90, 95, 96, 97, 99, 182, 184, 188, 190, 191, 192, 193, 216, 217, 234, 236, 237, 238, 239, 263, 270, 271, 272, 274, 276, 278, 337, 338, 339, 340, 341, 342, 343, 344, 345, 346, 347, 348, 349, 350, 351, 354, 355, 371, 372, 373, 374]	experiments/e126_c4_iptm80_continue_af3_seed1/out_s1/ova_body_c4_42/seed-1_sample-0/ova_body_c4_42_seed-1_sample-0_summary_confidences.json	experiments/e126_c4_iptm80_continue_af3_seed1/out_s1/ova_body_c4_42/seed-1_sample-0/ova_body_c4_42_seed-1_sample-0_model.cif
ova_body_c4_42	seed-1_sample-1	4	0.2	0.38	85.79272022148488	nan	nan	0.23	0.0	4	4	1	0	271	271	0	0.15	0.14500000000000002	23.445	"{""A-B"": 83, ""A-C"": 46, ""A-D"": 0, ""B-C"": 0, ""B-D"": 54, ""C-D"": 88}"	[1, 2, 3, 64, 65, 68, 69, 70, 71, 72, 73, 74, 78, 79, 82, 86, 87, 90, 93, 94, 95, 96, 131, 133, 141, 144, 145, 148, 149, 151, 152, 153, 155, 156, 182, 186, 191, 192, 194, 195, 196, 210, 217, 237, 238, 239, 271, 275, 276, 277, 278, 285, 287, 334, 336, 337, 338, 341, 345, 346, 349, 350, 351, 354, 372, 373, 374]	experiments/e126_c4_iptm80_continue_af3_seed1/out_s1/ova_body_c4_42/seed-1_sample-1/ova_body_c4_42_seed-1_sample-1_summary_confidences.json	experiments/e126_c4_iptm80_continue_af3_seed1/out_s1/ova_body_c4_42/seed-1_sample-1/ova_body_c4_42_seed-1_sample-1_model.cif
ova_body_c4_42	seed-1_sample-2	4	0.2	0.38	85.68492241103415	nan	nan	0.23	0.0	6	4	1	0	391	391	0	0.14	0.135	23.115000000000002	"{""A-B"": 126, ""A-C"": 9, ""A-D"": 66, ""B-C"": 63, ""B-D"": 6, ""C-D"": 121}"	[1, 2, 3, 4, 5, 6, 63, 64, 65, 68, 69, 70, 71, 72, 73, 78, 79, 82, 83, 86, 89, 90, 93, 94, 95, 96, 97, 99, 110, 113, 114, 116, 119, 120, 123, 124, 127, 128, 129, 131, 132, 133, 134, 137, 138, 141, 142, 144, 145, 148, 149, 151, 152, 155, 156, 217, 219, 234, 236, 237, 238, 239, 241, 266, 270, 271, 272, 274, 275, 276, 277, 278, 340, 342, 343, 345, 346, 349, 350, 351, 354, 355, 371, 372, 373, 374, 375]	experiments/e126_c4_iptm80_continue_af3_seed1/out_s1/ova_body_c4_42/seed-1_sample-2/ova_body_c4_42_seed-1_sample-2_summary_confidences.json	experiments/e126_c4_iptm80_continue_af3_seed1/out_s1/ova_body_c4_42/seed-1_sample-2/ova_body_c4_42_seed-1_sample-2_model.cif
ova_body_c4_42	seed-1_sample-3	4	0.21	0.39	85.49417120187394	nan	nan	0.24	0.0	6	4	1	0	390	390	0	0.15	0.14	22.45	"{""A-B"": 116, ""A-C"": 44, ""A-D"": 38, ""B-C"": 41, ""B-D"": 44, ""C-D"": 107}"	[1, 2, 3, 4, 5, 6, 64, 65, 68, 69, 70, 71, 72, 73, 74, 78, 79, 82, 83, 86, 90, 93, 94, 95, 96, 97, 99, 101, 110, 116, 119, 120, 123, 124, 131, 132, 138, 141, 142, 144, 145, 148, 149, 152, 155, 156, 157, 180, 182, 184, 217, 219, 234, 236, 237, 238, 239, 241, 266, 271, 275, 276, 277, 278, 338, 340, 342, 343, 344, 346, 347, 348, 349, 350, 351, 354, 355, 371, 372, 373, 374, 375]	experiments/e126_c4_iptm80_continue_af3_seed1/out_s1/ova_body_c4_42/seed-1_sample-3/ova_body_c4_42_seed-1_sample-3_summary_confidences.json	experiments/e126_c4_iptm80_continue_af3_seed1/out_s1/ova_body_c4_42/seed-1_sample-3/ova_body_c4_42_seed-1_sample-3_model.cif
ova_body_c4_42	seed-1_sample-4	4	0.18	0.37	85.49572553288752	nan	nan	0.22	0.0	4	4	1	0	257	257	0	0.14	0.13	24.560000000000002	"{""A-B"": 85, ""A-C"": 0, ""A-D"": 44, ""B-C"": 44, ""B-D"": 0, ""C-D"": 84}"	[1, 2, 3, 64, 65, 68, 69, 70, 71, 72, 78, 79, 82, 86, 90, 93, 94, 95, 96, 97, 99, 131, 145, 148, 149, 152, 153, 155, 156, 182, 184, 191, 192, 194, 210, 217, 234, 237, 238, 239, 241, 266, 270, 271, 272, 275, 276, 277, 278, 334, 336, 337, 338, 341, 345, 346, 349, 350, 351, 371, 372, 373, 374, 375]	experiments/e126_c4_iptm80_continue_af3_seed1/out_s1/ova_body_c4_42/seed-1_sample-4/ova_body_c4_42_seed-1_sample-4_summary_confidences.json	experiments/e126_c4_iptm80_continue_af3_seed1/out_s1/ova_body_c4_42/seed-1_sample-4/ova_body_c4_42_seed-1_sample-4_model.cif
ova_body_c4_43	seed-1_sample-0	4	0.83	0.86	90.23932629916334	nan	nan	0.84	0.0	6	4	1	0	171	171	0	0.79	0.79	2.61	"{""A-B"": 12, ""A-C"": 56, ""A-D"": 17, ""B-C"": 17, ""B-D"": 58, ""C-D"": 11}"	[86, 87, 90, 94, 95, 96, 97, 98, 99, 182, 183, 184, 188, 190, 191, 192, 193, 216, 217, 236, 271, 272, 278, 337, 338, 339, 340, 341, 342, 343, 344, 345, 346, 347, 348, 350, 353, 354, 373, 374]	experiments/e126_c4_iptm80_continue_af3_seed1/out_s2/ova_body_c4_43/seed-1_sample-0/ova_body_c4_43_seed-1_sample-0_summary_confidences.json	experiments/e126_c4_iptm80_continue_af3_seed1/out_s2/ova_body_c4_43/seed-1_sample-0/ova_body_c4_43_seed-1_sample-0_model.cif
ova_body_c4_43	seed-1_sample-1	4	0.83	0.86	90.44782382589548	nan	nan	0.84	0.0	6	4	1	0	202	202	0	0.79	0.79	2.525	"{""A-B"": 12, ""A-C"": 66, ""A-D"": 20, ""B-C"": 21, ""B-D"": 71, ""C-D"": 12}"	[86, 87, 90, 93, 94, 95, 96, 97, 98, 99, 182, 183, 184, 188, 190, 191, 192, 193, 217, 236, 271, 272, 276, 278, 337, 338, 339, 340, 341, 342, 343, 344, 345, 346, 347, 348, 350, 353, 354, 373, 374]	experiments/e126_c4_iptm80_continue_af3_seed1/out_s2/ova_body_c4_43/seed-1_sample-1/ova_body_c4_43_seed-1_sample-1_summary_confidences.json	experiments/e126_c4_iptm80_continue_af3_seed1/out_s2/ova_body_c4_43/seed-1_sample-1/ova_body_c4_43_seed-1_sample-1_model.cif
ova_body_c4_43	seed-1_sample-2	4	0.84	0.87	90.68642485821185	nan	nan	0.84	0.0	6	4	1	0	201	201	0	0.8	0.8	2.45	"{""A-B"": 14, ""A-C"": 69, ""A-D"": 17, ""B-C"": 18, ""B-D"": 69, ""C-D"": 14}"	[83, 86, 87, 90, 93, 94, 95, 96, 97, 98, 99, 182, 183, 184, 188, 190, 191, 192, 193, 217, 236, 237, 271, 272, 276, 278, 337, 338, 339, 340, 341, 342, 344, 345, 346, 347, 348, 350, 353, 354, 373, 374]	experiments/e126_c4_iptm80_continue_af3_seed1/out_s2/ova_body_c4_43/seed-1_sample-2/ova_body_c4_43_seed-1_sample-2_summary_confidences.json	experiments/e126_c4_iptm80_continue_af3_seed1/out_s2/ova_body_c4_43/seed-1_sample-2/ova_body_c4_43_seed-1_sample-2_model.cif
ova_body_c4_43	seed-1_sample-3	4	0.84	0.86	90.49898967841746	nan	nan	0.84	0.0	6	4	1	0	191	191	0	0.8	0.795	2.525	"{""A-B"": 12, ""A-C"": 60, ""A-D"": 23, ""B-C"": 23, ""B-D"": 61, ""C-D"": 12}"	[86, 87, 90, 94, 95, 96, 97, 98, 99, 182, 184, 188, 190, 191, 192, 193, 217, 236, 271, 272, 276, 278, 337, 338, 339, 340, 341, 342, 344, 345, 346, 347, 348, 350, 353, 354, 355, 373, 374]	experiments/e126_c4_iptm80_continue_af3_seed1/out_s2/ova_body_c4_43/seed-1_sample-3/ova_body_c4_43_seed-1_sample-3_summary_confidences.json	experiments/e126_c4_iptm80_continue_af3_seed1/out_s2/ova_body_c4_43/seed-1_sample-3/ova_body_c4_43_seed-1_sample-3_model.cif
ova_body_c4_43	seed-1_sample-4	4	0.83	0.86	90.14906730058897	nan	nan	0.83	0.0	6	4	1	0	165	165	0	0.79	0.79	2.63	"{""A-B"": 12, ""A-C"": 54, ""A-D"": 16, ""B-C"": 16, ""B-D"": 55, ""C-D"": 12}"	[86, 87, 90, 94, 96, 97, 98, 99, 182, 183, 184, 188, 190, 191, 192, 193, 216, 217, 236, 271, 272, 278, 337, 338, 339, 340, 341, 342, 343, 344, 345, 346, 347, 348, 350, 353, 354, 373, 374]	experiments/e126_c4_iptm80_continue_af3_seed1/out_s2/ova_body_c4_43/seed-1_sample-4/ova_body_c4_43_seed-1_sample-4_summary_confidences.json	experiments/e126_c4_iptm80_continue_af3_seed1/out_s2/ova_body_c4_43/seed-1_sample-4/ova_body_c4_43_seed-1_sample-4_model.cif
ova_body_c4_44	seed-1_sample-0	4	0.78	0.82	89.6287303588551	nan	nan	0.79	0.0	6	4	1	0	182	182	0	0.74	0.74	3.295	"{""A-B"": 10, ""A-C"": 57, ""A-D"": 24, ""B-C"": 26, ""B-D"": 57, ""C-D"": 8}"	[86, 90, 95, 96, 97, 98, 99, 182, 183, 184, 190, 191, 192, 193, 216, 217, 236, 271, 272, 277, 278, 337, 338, 339, 340, 341, 342, 343, 344, 345, 346, 347, 348, 349, 350, 351, 354, 373, 374]	experiments/e126_c4_iptm80_continue_af3_seed1/out_s3/ova_body_c4_44/seed-1_sample-0/ova_body_c4_44_seed-1_sample-0_summary_confidences.json	experiments/e126_c4_iptm80_continue_af3_seed1/out_s3/ova_body_c4_44/seed-1_sample-0/ova_body_c4_44_seed-1_sample-0_model.cif
ova_body_c4_44	seed-1_sample-1	4	0.78	0.82	89.5791968904011	nan	nan	0.79	0.0	6	4	1	0	195	195	0	0.74	0.74	3.3	"{""A-B"": 11, ""A-C"": 49, ""A-D"": 32, ""B-C"": 34, ""B-D"": 58, ""C-D"": 11}"	[86, 90, 95, 96, 97, 98, 99, 182, 183, 184, 190, 191, 192, 193, 216, 217, 236, 239, 271, 272, 276, 277, 278, 337, 338, 339, 340, 341, 342, 343, 344, 345, 346, 347, 348, 349, 350, 351, 354, 373, 374]	experiments/e126_c4_iptm80_continue_af3_seed1/out_s3/ova_body_c4_44/seed-1_sample-1/ova_body_c4_44_seed-1_sample-1_summary_confidences.json	experiments/e126_c4_iptm80_continue_af3_seed1/out_s3/ova_body_c4_44/seed-1_sample-1/ova_body_c4_44_seed-1_sample-1_model.cif
ova_body_c4_44	seed-1_sample-2	4	0.79	0.83	89.67930052564552	nan	nan	0.79	0.0	6	4	1	0	190	190	0	0.75	0.735	3.3449999999999998	"{""A-B"": 20, ""A-C"": 51, ""A-D"": 24, ""B-C"": 24, ""B-D"": 50, ""C-D"": 21}"	[1, 2, 86, 90, 95, 96, 97, 99, 182, 184, 190, 191, 192, 193, 216, 217, 236, 266, 270, 271, 272, 276, 277, 278, 337, 338, 339, 340, 341, 342, 344, 345, 346, 347, 348, 349, 350, 351, 354, 373, 374, 375]	experiments/e126_c4_iptm80_continue_af3_seed1/out_s3/ova_body_c4_44/seed-1_sample-2/ova_body_c4_44_seed-1_sample-2_summary_confidences.json	experiments/e126_c4_iptm80_continue_af3_seed1/out_s3/ova_body_c4_44/seed-1_sample-2/ova_body_c4_44_seed-1_sample-2_model.cif
ova_body_c4_44	seed-1_sample-3	4	0.78	0.82	89.77114003433465	nan	nan	0.79	0.0	6	4	1	0	182	182	0	0.75	0.74	3.33	"{""A-B"": 12, ""A-C"": 50, ""A-D"": 27, ""B-C"": 30, ""B-D"": 53, ""C-D"": 10}"	[86, 90, 95, 96, 97, 98, 99, 182, 184, 190, 191, 192, 193, 216, 217, 236, 239, 271, 272, 276, 277, 278, 337, 338, 339, 340, 341, 342, 343, 344, 345, 346, 347, 348, 349, 350, 351, 354, 373, 374]	experiments/e126_c4_iptm80_continue_af3_seed1/out_s3/ova_body_c4_44/seed-1_sample-3/ova_body_c4_44_seed-1_sample-3_summary_confidences.json	experiments/e126_c4_iptm80_continue_af3_seed1/out_s3/ova_body_c4_44/seed-1_sample-3/ova_body_c4_44_seed-1_sample-3_model.cif
ova_body_c4_44	seed-1_sample-4	4	0.79	0.83	89.60357518764357	nan	nan	0.79	0.0	6	4	1	0	198	198	0	0.74	0.74	3.315	"{""A-B"": 14, ""A-C"": 56, ""A-D"": 29, ""B-C"": 29, ""B-D"": 56, ""C-D"": 14}"	[1, 86, 90, 95, 96, 97, 98, 99, 182, 184, 190, 191, 192, 193, 216, 217, 236, 270, 271, 272, 276, 277, 278, 337, 338, 339, 340, 341, 342, 343, 344, 345, 346, 347, 348, 349, 350, 351, 354, 373, 374]	experiments/e126_c4_iptm80_continue_af3_seed1/out_s3/ova_body_c4_44/seed-1_sample-4/ova_body_c4_44_seed-1_sample-4_summary_confidences.json	experiments/e126_c4_iptm80_continue_af3_seed1/out_s3/ova_body_c4_44/seed-1_sample-4/ova_body_c4_44_seed-1_sample-4_model.cif
ova_body_c4_45	seed-1_sample-0	4	0.41	0.54	87.6449741699535	nan	nan	0.43	0.0	4	4	1	0	334	334	0	0.6	0.41	12.350000000000001	"{""A-B"": 131, ""A-C"": 33, ""A-D"": 0, ""B-C"": 0, ""B-D"": 38, ""C-D"": 132}"	[1, 2, 3, 4, 5, 6, 63, 64, 65, 68, 69, 70, 71, 72, 73, 74, 78, 79, 82, 83, 86, 90, 94, 95, 96, 97, 99, 124, 125, 131, 149, 152, 153, 155, 156, 182, 184, 191, 192, 217, 219, 234, 236, 237, 238, 239, 241, 263, 266, 267, 270, 271, 272, 274, 275, 276, 277, 278, 334, 336, 337, 338, 340, 346, 347, 349, 350, 351, 354, 355, 372, 373, 374, 375]	experiments/e126_c4_iptm80_continue_af3_seed1/out_s4/ova_body_c4_45/seed-1_sample-0/ova_body_c4_45_seed-1_sample-0_summary_confidences.json	experiments/e126_c4_iptm80_continue_af3_seed1/out_s4/ova_body_c4_45/seed-1_sample-0/ova_body_c4_45_seed-1_sample-0_model.cif
ova_body_c4_45	seed-1_sample-1	4	0.41	0.54	87.68313480041188	nan	nan	0.43	0.0	4	4	1	0	323	323	0	0.61	0.41	12.175	"{""A-B"": 131, ""A-C"": 26, ""A-D"": 0, ""B-C"": 0, ""B-D"": 34, ""C-D"": 132}"	[1, 2, 3, 4, 5, 6, 63, 64, 65, 68, 69, 70, 71, 72, 73, 74, 78, 79, 82, 83, 86, 90, 94, 95, 96, 97, 124, 131, 149, 152, 155, 156, 182, 184, 191, 192, 216, 217, 219, 234, 236, 237, 238, 239, 241, 263, 266, 267, 270, 271, 272, 274, 275, 276, 277, 278, 334, 336, 337, 338, 340, 346, 347, 349, 350, 351, 354, 355, 372, 373, 374, 375]	experiments/e126_c4_iptm80_continue_af3_seed1/out_s4/ova_body_c4_45/seed-1_sample-1/ova_body_c4_45_seed-1_sample-1_summary_confidences.json	experiments/e126_c4_iptm80_continue_af3_seed1/out_s4/ova_body_c4_45/seed-1_sample-1/ova_body_c4_45_seed-1_sample-1_model.cif
ova_body_c4_45	seed-1_sample-2	4	0.41	0.54	87.53329008230891	nan	nan	0.44	0.0	4	4	1	0	334	334	0	0.6	0.41	12.08	"{""A-B"": 131, ""A-C"": 41, ""A-D"": 0, ""B-C"": 0, ""B-D"": 33, ""C-D"": 129}"	[1, 2, 3, 4, 5, 6, 63, 64, 65, 68, 69, 70, 71, 72, 73, 74, 78, 79, 82, 83, 86, 89, 90, 94, 95, 96, 97, 124, 145, 148, 149, 152, 153, 155, 182, 184, 191, 192, 194, 216, 217, 219, 234, 236, 237, 238, 239, 241, 263, 266, 267, 270, 271, 272, 274, 275, 276, 277, 278, 334, 336, 337, 338, 340, 341, 346, 347, 349, 350, 351, 354, 372, 373, 375]	experiments/e126_c4_iptm80_continue_af3_seed1/out_s4/ova_body_c4_45/seed-1_sample-2/ova_body_c4_45_seed-1_sample-2_summary_confidences.json	experiments/e126_c4_iptm80_continue_af3_seed1/out_s4/ova_body_c4_45/seed-1_sample-2/ova_body_c4_45_seed-1_sample-2_model.cif
ova_body_c4_45	seed-1_sample-3	4	0.4	0.54	87.43256482929763	nan	nan	0.43	0.0	4	4	1	0	330	330	0	0.59	0.40499999999999997	12.365	"{""A-B"": 131, ""A-C"": 32, ""A-D"": 0, ""B-C"": 0, ""B-D"": 37, ""C-D"": 130}"	[1, 2, 3, 4, 5, 6, 64, 65, 68, 69, 70, 71, 72, 73, 74, 78, 79, 82, 83, 86, 89, 90, 94, 95, 96, 97, 99, 124, 131, 148, 149, 152, 155, 156, 182, 184, 191, 192, 194, 210, 216, 217, 219, 234, 236, 237, 238, 239, 241, 263, 266, 267, 270, 271, 272, 275, 276, 277, 278, 285, 334, 336, 337, 338, 340, 341, 346, 347, 349, 350, 351, 354, 355, 372, 373, 374, 375]	experiments/e126_c4_iptm80_continue_af3_seed1/out_s4/ova_body_c4_45/seed-1_sample-3/ova_body_c4_45_seed-1_sample-3_summary_confidences.json	experiments/e126_c4_iptm80_continue_af3_seed1/out_s4/ova_body_c4_45/seed-1_sample-3/ova_body_c4_45_seed-1_sample-3_model.cif
ova_body_c4_45	seed-1_sample-4	4	0.42	0.55	87.45031102827794	nan	nan	0.45	0.0	4	4	1	0	323	323	0	0.61	0.42	11.940000000000001	"{""A-B"": 117, ""A-C"": 36, ""A-D"": 0, ""B-C"": 0, ""B-D"": 47, ""C-D"": 123}"	[1, 2, 3, 4, 5, 6, 63, 64, 65, 68, 69, 70, 71, 72, 73, 78, 79, 82, 83, 85, 86, 89, 90, 94, 95, 96, 97, 127, 131, 148, 149, 152, 153, 155, 156, 182, 184, 191, 192, 194, 210, 217, 219, 234, 236, 237, 238, 239, 241, 263, 266, 267, 270, 271, 272, 274, 275, 276, 277, 278, 285, 334, 336, 337, 338, 340, 341, 342, 343, 346, 349, 350, 351, 354, 355, 372, 373, 374, 375]	experiments/e126_c4_iptm80_continue_af3_seed1/out_s4/ova_body_c4_45/seed-1_sample-4/ova_body_c4_45_seed-1_sample-4_summary_confidences.json	experiments/e126_c4_iptm80_continue_af3_seed1/out_s4/ova_body_c4_45/seed-1_sample-4/ova_body_c4_45_seed-1_sample-4_model.cif
ova_body_c4_46	seed-1_sample-0	4	0.81	0.84	89.99554409758414	nan	nan	0.82	0.0	6	4	1	0	154	154	0	0.77	0.77	2.78	"{""A-B"": 8, ""A-C"": 53, ""A-D"": 15, ""B-C"": 17, ""B-D"": 53, ""C-D"": 8}"	[86, 90, 94, 95, 96, 97, 98, 99, 182, 184, 190, 191, 192, 193, 217, 236, 271, 272, 276, 278, 337, 338, 339, 340, 341, 342, 343, 344, 345, 346, 347, 348, 350, 353, 354, 355, 373, 374]	experiments/e126_c4_iptm80_continue_af3_seed1/out_s5/ova_body_c4_46/seed-1_sample-0/ova_body_c4_46_seed-1_sample-0_summary_confidences.json	experiments/e126_c4_iptm80_continue_af3_seed1/out_s5/ova_body_c4_46/seed-1_sample-0/ova_body_c4_46_seed-1_sample-0_model.cif
ova_body_c4_46	seed-1_sample-1	4	0.8	0.84	89.93494817506463	nan	nan	0.81	0.0	6	4	1	0	159	159	0	0.76	0.755	3.0700000000000003	"{""A-B"": 13, ""A-C"": 55, ""A-D"": 14, ""B-C"": 15, ""B-D"": 50, ""C-D"": 12}"	[83, 86, 87, 90, 94, 95, 96, 97, 98, 99, 182, 184, 188, 190, 191, 192, 193, 216, 217, 236, 271, 272, 278, 337, 338, 339, 340, 341, 342, 343, 344, 345, 346, 347, 348, 350, 353, 354, 373, 374]	experiments/e126_c4_iptm80_continue_af3_seed1/out_s5/ova_body_c4_46/seed-1_sample-1/ova_body_c4_46_seed-1_sample-1_summary_confidences.json	experiments/e126_c4_iptm80_continue_af3_seed1/out_s5/ova_body_c4_46/seed-1_sample-1/ova_body_c4_46_seed-1_sample-1_model.cif
ova_body_c4_46	seed-1_sample-2	4	0.81	0.85	90.31717610729791	nan	nan	0.82	0.0	6	4	1	0	184	184	0	0.78	0.77	2.7350000000000003	"{""A-B"": 10, ""A-C"": 66, ""A-D"": 16, ""B-C"": 19, ""B-D"": 63, ""C-D"": 10}"	[86, 87, 90, 94, 95, 96, 97, 98, 99, 182, 184, 188, 190, 191, 192, 193, 217, 236, 271, 272, 276, 278, 337, 338, 339, 340, 341, 342, 344, 345, 346, 347, 348, 350, 353, 354, 373, 374]	experiments/e126_c4_iptm80_continue_af3_seed1/out_s5/ova_body_c4_46/seed-1_sample-2/ova_body_c4_46_seed-1_sample-2_summary_confidences.json	experiments/e126_c4_iptm80_continue_af3_seed1/out_s5/ova_body_c4_46/seed-1_sample-2/ova_body_c4_46_seed-1_sample-2_model.cif
ova_body_c4_46	seed-1_sample-3	4	0.81	0.85	90.17658034013343	nan	nan	0.82	0.0	6	4	1	0	170	170	0	0.78	0.78	2.77	"{""A-B"": 12, ""A-C"": 53, ""A-D"": 20, ""B-C"": 20, ""B-D"": 54, ""C-D"": 11}"	[86, 87, 90, 94, 95, 96, 97, 98, 99, 182, 184, 190, 191, 192, 193, 216, 217, 236, 271, 272, 278, 337, 338, 339, 340, 341, 342, 343, 344, 345, 346, 347, 348, 350, 353, 354, 355, 373, 374]	experiments/e126_c4_iptm80_continue_af3_seed1/out_s5/ova_body_c4_46/seed-1_sample-3/ova_body_c4_46_seed-1_sample-3_summary_confidences.json	experiments/e126_c4_iptm80_continue_af3_seed1/out_s5/ova_body_c4_46/seed-1_sample-3/ova_body_c4_46_seed-1_sample-3_model.cif
ova_body_c4_46	seed-1_sample-4	4	0.83	0.86	89.83974089153072	nan	nan	0.83	0.0	6	4	1	0	182	182	0	0.79	0.79	2.6950000000000003	"{""A-B"": 20, ""A-C"": 50, ""A-D"": 21, ""B-C"": 21, ""B-D"": 52, ""C-D"": 18}"	[1, 83, 86, 87, 90, 94, 96, 97, 98, 99, 182, 184, 188, 190, 191, 192, 193, 216, 217, 236, 266, 270, 271, 272, 278, 337, 338, 339, 340, 341, 342, 343, 344, 345, 346, 347, 348, 350, 353, 354, 355, 373, 374]	experiments/e126_c4_iptm80_continue_af3_seed1/out_s5/ova_body_c4_46/seed-1_sample-4/ova_body_c4_46_seed-1_sample-4_summary_confidences.json	experiments/e126_c4_iptm80_continue_af3_seed1/out_s5/ova_body_c4_46/seed-1_sample-4/ova_body_c4_46_seed-1_sample-4_model.cif
ova_body_c4_47	seed-1_sample-0	4	0.84	0.87	90.78546627815523	nan	nan	0.85	0.0	6	4	1	0	178	178	0	0.81	0.805	2.535	"{""A-B"": 8, ""A-C"": 59, ""A-D"": 22, ""B-C"": 22, ""B-D"": 59, ""C-D"": 8}"	[86, 90, 95, 96, 97, 98, 99, 182, 184, 190, 191, 192, 193, 216, 217, 236, 237, 271, 272, 276, 278, 338, 339, 340, 341, 342, 343, 344, 345, 346, 347, 348, 349, 350, 351, 354, 373, 374]	experiments/e126_c4_iptm80_continue_af3_seed1/out_s6/ova_body_c4_47/seed-1_sample-0/ova_body_c4_47_seed-1_sample-0_summary_confidences.json	experiments/e126_c4_iptm80_continue_af3_seed1/out_s6/ova_body_c4_47/seed-1_sample-0/ova_body_c4_47_seed-1_sample-0_model.cif
ova_body_c4_47	seed-1_sample-1	4	0.85	0.87	90.97259062930092	nan	nan	0.85	0.0	6	4	1	0	197	197	0	0.81	0.81	2.385	"{""A-B"": 8, ""A-C"": 65, ""A-D"": 25, ""B-C"": 26, ""B-D"": 65, ""C-D"": 8}"	[86, 90, 95, 96, 97, 98, 99, 182, 184, 190, 191, 192, 193, 216, 217, 236, 237, 271, 272, 276, 277, 278, 337, 338, 339, 340, 341, 342, 343, 344, 345, 346, 347, 348, 349, 350, 351, 354, 373, 374]	experiments/e126_c4_iptm80_continue_af3_seed1/out_s6/ova_body_c4_47/seed-1_sample-1/ova_body_c4_47_seed-1_sample-1_summary_confidences.json	experiments/e126_c4_iptm80_continue_af3_seed1/out_s6/ova_body_c4_47/seed-1_sample-1/ova_body_c4_47_seed-1_sample-1_model.cif
ova_body_c4_47	seed-1_sample-2	4	0.85	0.88	91.17360119004324	nan	nan	0.86	0.0	6	4	1	0	208	208	0	0.82	0.81	2.4	"{""A-B"": 9, ""A-C"": 67, ""A-D"": 28, ""B-C"": 28, ""B-D"": 68, ""C-D"": 8}"	[82, 86, 90, 95, 96, 97, 98, 99, 182, 184, 190, 191, 192, 193, 216, 217, 236, 237, 271, 272, 276, 277, 278, 337, 338, 339, 340, 341, 342, 343, 344, 345, 346, 347, 348, 349, 350, 351, 354, 373, 374]	experiments/e126_c4_iptm80_continue_af3_seed1/out_s6/ova_body_c4_47/seed-1_sample-2/ova_body_c4_47_seed-1_sample-2_summary_confidences.json	experiments/e126_c4_iptm80_continue_af3_seed1/out_s6/ova_body_c4_47/seed-1_sample-2/ova_body_c4_47_seed-1_sample-2_model.cif
ova_body_c4_47	seed-1_sample-3	4	0.85	0.87	90.9612434169789	nan	nan	0.85	0.0	6	4	1	0	199	199	0	0.81	0.81	2.53	"{""A-B"": 8, ""A-C"": 63, ""A-D"": 28, ""B-C"": 28, ""B-D"": 64, ""C-D"": 8}"	[86, 90, 95, 96, 97, 98, 99, 182, 184, 190, 191, 192, 193, 216, 217, 236, 237, 271, 272, 276, 277, 278, 337, 338, 339, 340, 341, 342, 343, 344, 345, 346, 347, 348, 349, 350, 351, 354, 373, 374]	experiments/e126_c4_iptm80_continue_af3_seed1/out_s6/ova_body_c4_47/seed-1_sample-3/ova_body_c4_47_seed-1_sample-3_summary_confidences.json	experiments/e126_c4_iptm80_continue_af3_seed1/out_s6/ova_body_c4_47/seed-1_sample-3/ova_body_c4_47_seed-1_sample-3_model.cif
ova_body_c4_47	seed-1_sample-4	4	0.85	0.88	90.49088093653862	nan	nan	0.86	0.0	6	4	1	0	218	218	0	0.81	0.81	2.4000000000000004	"{""A-B"": 14, ""A-C"": 63, ""A-D"": 30, ""B-C"": 30, ""B-D"": 67, ""C-D"": 14}"	[83, 86, 87, 90, 95, 96, 97, 98, 99, 182, 184, 188, 190, 191, 192, 193, 216, 217, 236, 237, 271, 272, 276, 277, 278, 337, 338, 339, 340, 341, 342, 343, 344, 345, 346, 347, 348, 349, 350, 351, 354, 373, 374]	experiments/e126_c4_iptm80_continue_af3_seed1/out_s6/ova_body_c4_47/seed-1_sample-4/ova_body_c4_47_seed-1_sample-4_summary_confidences.json	experiments/e126_c4_iptm80_continue_af3_seed1/out_s6/ova_body_c4_47/seed-1_sample-4/ova_body_c4_47_seed-1_sample-4_model.cif
ova_body_c4_48	seed-1_sample-0	4	0.82	0.85	90.23826415304075	nan	nan	0.83	0.0	6	4	1	0	183	183	0	0.79	0.78	2.5949999999999998	"{""A-B"": 8, ""A-C"": 61, ""A-D"": 23, ""B-C"": 22, ""B-D"": 61, ""C-D"": 8}"	[86, 90, 94, 95, 96, 97, 98, 99, 182, 184, 190, 191, 192, 193, 216, 217, 236, 271, 272, 276, 277, 278, 337, 338, 339, 340, 342, 343, 344, 345, 346, 347, 348, 349, 350, 351, 354, 373, 374]	experiments/e126_c4_iptm80_continue_af3_seed1/out_s7/ova_body_c4_48/seed-1_sample-0/ova_body_c4_48_seed-1_sample-0_summary_confidences.json	experiments/e126_c4_iptm80_continue_af3_seed1/out_s7/ova_body_c4_48/seed-1_sample-0/ova_body_c4_48_seed-1_sample-0_model.cif
ova_body_c4_48	seed-1_sample-1	4	0.82	0.85	90.27810878457183	nan	nan	0.83	0.0	6	4	1	0	212	212	0	0.79	0.78	2.605	"{""A-B"": 12, ""A-C"": 61, ""A-D"": 33, ""B-C"": 33, ""B-D"": 61, ""C-D"": 12}"	[86, 87, 90, 94, 95, 96, 97, 98, 99, 182, 184, 188, 190, 191, 192, 193, 216, 217, 236, 271, 272, 276, 277, 278, 337, 338, 339, 340, 341, 342, 343, 344, 345, 346, 347, 348, 349, 350, 351, 354, 373, 374]	experiments/e126_c4_iptm80_continue_af3_seed1/out_s7/ova_body_c4_48/seed-1_sample-1/ova_body_c4_48_seed-1_sample-1_summary_confidences.json	experiments/e126_c4_iptm80_continue_af3_seed1/out_s7/ova_body_c4_48/seed-1_sample-1/ova_body_c4_48_seed-1_sample-1_model.cif
ova_body_c4_48	seed-1_sample-2	4	0.82	0.85	90.40033661639752	nan	nan	0.83	0.0	6	4	1	0	202	202	0	0.78	0.78	2.6550000000000002	"{""A-B"": 12, ""A-C"": 60, ""A-D"": 28, ""B-C"": 29, ""B-D"": 61, ""C-D"": 12}"	[82, 83, 86, 90, 94, 95, 96, 97, 98, 99, 182, 184, 190, 191, 192, 193, 216, 217, 236, 237, 271, 272, 276, 277, 278, 337, 338, 339, 340, 342, 343, 344, 345, 346, 347, 348, 349, 350, 351, 354, 373, 374]	experiments/e126_c4_iptm80_continue_af3_seed1/out_s7/ova_body_c4_48/seed-1_sample-2/ova_body_c4_48_seed-1_sample-2_summary_confidences.json	experiments/e126_c4_iptm80_continue_af3_seed1/out_s7/ova_body_c4_48/seed-1_sample-2/ova_body_c4_48_seed-1_sample-2_model.cif
ova_body_c4_48	seed-1_sample-3	4	0.82	0.86	90.21984454140144	nan	nan	0.83	0.0	6	4	1	0	207	207	0	0.79	0.78	2.635	"{""A-B"": 11, ""A-C"": 61, ""A-D"": 31, ""B-C"": 31, ""B-D"": 63, ""C-D"": 10}"	[86, 87, 90, 94, 95, 96, 97, 98, 99, 182, 184, 190, 191, 192, 193, 216, 217, 236, 237, 271, 272, 276, 277, 278, 337, 338, 339, 340, 341, 342, 343, 344, 345, 346, 347, 348, 349, 350, 351, 354, 373, 374]	experiments/e126_c4_iptm80_continue_af3_seed1/out_s7/ova_body_c4_48/seed-1_sample-3/ova_body_c4_48_seed-1_sample-3_summary_confidences.json	experiments/e126_c4_iptm80_continue_af3_seed1/out_s7/ova_body_c4_48/seed-1_sample-3/ova_body_c4_48_seed-1_sample-3_model.cif
ova_body_c4_48	seed-1_sample-4	4	0.83	0.86	89.8841710461236	nan	nan	0.84	0.0	6	4	1	0	203	203	0	0.8	0.79	2.6	"{""A-B"": 21, ""A-C"": 54, ""A-D"": 27, ""B-C"": 27, ""B-D"": 56, ""C-D"": 18}"	[1, 82, 83, 86, 87, 90, 94, 95, 96, 97, 98, 99, 182, 184, 188, 190, 191, 192, 193, 216, 217, 236, 266, 270, 271, 272, 277, 278, 337, 338, 339, 340, 341, 342, 343, 344, 345, 346, 347, 348, 349, 350, 351, 354, 373, 374]	experiments/e126_c4_iptm80_continue_af3_seed1/out_s7/ova_body_c4_48/seed-1_sample-4/ova_body_c4_48_seed-1_sample-4_summary_confidences.json	experiments/e126_c4_iptm80_continue_af3_seed1/out_s7/ova_body_c4_48/seed-1_sample-4/ova_body_c4_48_seed-1_sample-4_model.cif
ova_body_c4_100	seed-1_sample-0	4	0.81	0.84	89.6630828936483	nan	nan	0.82	0.0	6	4	1	0	170	170	0	0.77	0.77	3.06	"{""A-B"": 16, ""A-C"": 44, ""A-D"": 24, ""B-C"": 27, ""B-D"": 43, ""C-D"": 16}"	[82, 83, 86, 87, 90, 94, 95, 96, 97, 98, 99, 182, 183, 184, 190, 191, 192, 193, 216, 217, 236, 238, 271, 272, 277, 278, 337, 338, 339, 340, 342, 343, 344, 345, 346, 347, 348, 349, 350, 353, 354, 373, 374]	experiments/e126_c4_iptm80_continue_af3_seed1/out_s3/ova_body_c4_100/seed-1_sample-0/ova_body_c4_100_seed-1_sample-0_summary_confidences.json	experiments/e126_c4_iptm80_continue_af3_seed1/out_s3/ova_body_c4_100/seed-1_sample-0/ova_body_c4_100_seed-1_sample-0_model.cif
ova_body_c4_100	seed-1_sample-1	4	0.8	0.83	89.37968895472393	nan	nan	0.81	0.0	6	4	1	0	181	181	0	0.76	0.76	3.19	"{""A-B"": 17, ""A-C"": 45, ""A-D"": 27, ""B-C"": 28, ""B-D"": 48, ""C-D"": 16}"	[83, 86, 87, 90, 93, 94, 95, 96, 97, 98, 99, 182, 183, 184, 190, 191, 192, 193, 216, 217, 236, 238, 271, 272, 276, 277, 278, 337, 338, 339, 340, 342, 343, 344, 345, 346, 347, 348, 350, 353, 354, 372, 373, 374]	experiments/e126_c4_iptm80_continue_af3_seed1/out_s3/ova_body_c4_100/seed-1_sample-1/ova_body_c4_100_seed-1_sample-1_summary_confidences.json	experiments/e126_c4_iptm80_continue_af3_seed1/out_s3/ova_body_c4_100/seed-1_sample-1/ova_body_c4_100_seed-1_sample-1_model.cif
ova_body_c4_100	seed-1_sample-2	4	0.82	0.85	90.00150257565197	nan	nan	0.82	0.0	6	4	1	0	163	163	0	0.78	0.77	2.9	"{""A-B"": 14, ""A-C"": 44, ""A-D"": 21, ""B-C"": 26, ""B-D"": 44, ""C-D"": 14}"	[83, 86, 87, 90, 94, 95, 96, 97, 98, 99, 182, 184, 190, 191, 192, 193, 216, 217, 236, 271, 272, 277, 278, 337, 338, 339, 340, 341, 342, 343, 344, 345, 346, 347, 348, 349, 350, 353, 354, 373, 374]	experiments/e126_c4_iptm80_continue_af3_seed1/out_s3/ova_body_c4_100/seed-1_sample-2/ova_body_c4_100_seed-1_sample-2_summary_confidences.json	experiments/e126_c4_iptm80_continue_af3_seed1/out_s3/ova_body_c4_100/seed-1_sample-2/ova_body_c4_100_seed-1_sample-2_model.cif
ova_body_c4_100	seed-1_sample-3	4	0.81	0.84	89.81121771817381	nan	nan	0.82	0.0	6	4	1	0	168	168	0	0.77	0.77	3.085	"{""A-B"": 14, ""A-C"": 44, ""A-D"": 25, ""B-C"": 25, ""B-D"": 46, ""C-D"": 14}"	[86, 87, 90, 94, 95, 96, 97, 98, 99, 182, 184, 190, 191, 192, 193, 216, 217, 236, 238, 271, 272, 278, 337, 338, 339, 340, 341, 342, 343, 344, 345, 346, 347, 348, 349, 350, 353, 354, 373, 374]	experiments/e126_c4_iptm80_continue_af3_seed1/out_s3/ova_body_c4_100/seed-1_sample-3/ova_body_c4_100_seed-1_sample-3_summary_confidences.json	experiments/e126_c4_iptm80_continue_af3_seed1/out_s3/ova_body_c4_100/seed-1_sample-3/ova_body_c4_100_seed-1_sample-3_model.cif
ova_body_c4_100	seed-1_sample-4	4	0.83	0.86	89.55751281698751	nan	nan	0.83	0.0	6	4	1	0	193	193	0	0.79	0.78	2.815	"{""A-B"": 21, ""A-C"": 46, ""A-D"": 28, ""B-C"": 28, ""B-D"": 49, ""C-D"": 21}"	[1, 82, 83, 86, 87, 90, 94, 95, 96, 97, 98, 99, 182, 183, 184, 190, 191, 192, 193, 215, 216, 217, 236, 238, 270, 271, 272, 278, 337, 338, 339, 340, 342, 343, 344, 345, 346, 347, 348, 349, 350, 353, 354, 373, 374]	experiments/e126_c4_iptm80_continue_af3_seed1/out_s3/ova_body_c4_100/seed-1_sample-4/ova_body_c4_100_seed-1_sample-4_summary_confidences.json	experiments/e126_c4_iptm80_continue_af3_seed1/out_s3/ova_body_c4_100/seed-1_sample-4/ova_body_c4_100_seed-1_sample-4_model.cif
ova_body_c4_101	seed-1_sample-0	4	0.81	0.84	89.21155470022883	nan	nan	0.81	0.0	6	4	1	0	151	151	0	0.77	0.76	2.8049999999999997	"{""A-B"": 12, ""A-C"": 44, ""A-D"": 19, ""B-C"": 20, ""B-D"": 45, ""C-D"": 11}"	[86, 87, 90, 96, 97, 98, 99, 182, 184, 190, 191, 192, 193, 216, 217, 236, 271, 272, 277, 278, 337, 338, 339, 340, 341, 342, 344, 345, 346, 347, 348, 349, 351, 354, 373, 374]	experiments/e126_c4_iptm80_continue_af3_seed1/out_s4/ova_body_c4_101/seed-1_sample-0/ova_body_c4_101_seed-1_sample-0_summary_confidences.json	experiments/e126_c4_iptm80_continue_af3_seed1/out_s4/ova_body_c4_101/seed-1_sample-0/ova_body_c4_101_seed-1_sample-0_model.cif
ova_body_c4_101	seed-1_sample-1	4	0.82	0.85	89.21370464779552	nan	nan	0.83	0.0	6	4	1	0	181	181	0	0.79	0.77	2.6550000000000002	"{""A-B"": 12, ""A-C"": 49, ""A-D"": 27, ""B-C"": 28, ""B-D"": 51, ""C-D"": 14}"	[83, 86, 87, 90, 95, 96, 97, 98, 99, 182, 184, 190, 191, 192, 193, 216, 217, 236, 271, 272, 276, 277, 278, 337, 338, 339, 340, 341, 342, 343, 344, 345, 346, 347, 348, 349, 350, 351, 354, 373, 374]	experiments/e126_c4_iptm80_continue_af3_seed1/out_s4/ova_body_c4_101/seed-1_sample-1/ova_body_c4_101_seed-1_sample-1_summary_confidences.json	experiments/e126_c4_iptm80_continue_af3_seed1/out_s4/ova_body_c4_101/seed-1_sample-1/ova_body_c4_101_seed-1_sample-1_model.cif
ova_body_c4_101	seed-1_sample-2	4	0.82	0.85	89.59191712690759	nan	nan	0.82	0.0	6	4	1	0	200	200	0	0.78	0.77	2.785	"{""A-B"": 12, ""A-C"": 65, ""A-D"": 22, ""B-C"": 22, ""B-D"": 67, ""C-D"": 12}"	[86, 87, 90, 94, 95, 96, 97, 98, 99, 182, 184, 190, 191, 192, 193, 217, 236, 271, 272, 276, 277, 278, 337, 338, 339, 340, 341, 342, 344, 345, 346, 347, 348, 349, 350, 354, 373, 374]	experiments/e126_c4_iptm80_continue_af3_seed1/out_s4/ova_body_c4_101/seed-1_sample-2/ova_body_c4_101_seed-1_sample-2_summary_confidences.json	experiments/e126_c4_iptm80_continue_af3_seed1/out_s4/ova_body_c4_101/seed-1_sample-2/ova_body_c4_101_seed-1_sample-2_model.cif
ova_body_c4_101	seed-1_sample-3	4	0.81	0.85	89.46406738004536	nan	nan	0.82	0.0	6	4	1	0	182	182	0	0.78	0.77	2.795	"{""A-B"": 12, ""A-C"": 49, ""A-D"": 29, ""B-C"": 31, ""B-D"": 50, ""C-D"": 11}"	[86, 87, 90, 95, 96, 97, 98, 99, 182, 184, 190, 191, 192, 193, 216, 217, 236, 271, 272, 277, 278, 337, 338, 339, 340, 341, 342, 343, 344, 345, 346, 347, 348, 349, 350, 351, 354, 373, 374]	experiments/e126_c4_iptm80_continue_af3_seed1/out_s4/ova_body_c4_101/seed-1_sample-3/ova_body_c4_101_seed-1_sample-3_summary_confidences.json	experiments/e126_c4_iptm80_continue_af3_seed1/out_s4/ova_body_c4_101/seed-1_sample-3/ova_body_c4_101_seed-1_sample-3_model.cif
ova_body_c4_101	seed-1_sample-4	4	0.82	0.85	89.06906746582663	nan	nan	0.83	0.0	6	4	1	0	172	172	0	0.79	0.77	2.715	"{""A-B"": 14, ""A-C"": 51, ""A-D"": 21, ""B-C"": 21, ""B-D"": 51, ""C-D"": 14}"	[83, 86, 87, 90, 95, 96, 97, 98, 99, 182, 184, 190, 191, 192, 193, 216, 217, 236, 271, 272, 277, 278, 337, 338, 339, 340, 341, 342, 343, 344, 345, 346, 347, 348, 349, 351, 354, 373, 374]	experiments/e126_c4_iptm80_continue_af3_seed1/out_s4/ova_body_c4_101/seed-1_sample-4/ova_body_c4_101_seed-1_sample-4_summary_confidences.json	experiments/e126_c4_iptm80_continue_af3_seed1/out_s4/ova_body_c4_101/seed-1_sample-4/ova_body_c4_101_seed-1_sample-4_model.cif
ova_body_c4_102	seed-1_sample-0	4	0.83	0.86	90.21116574934727	nan	nan	0.83	0.0	6	4	1	0	173	173	0	0.79	0.78	2.74	"{""A-B"": 9, ""A-C"": 52, ""A-D"": 25, ""B-C"": 26, ""B-D"": 52, ""C-D"": 9}"	[83, 86, 90, 95, 96, 97, 98, 99, 182, 184, 190, 191, 192, 193, 216, 217, 236, 271, 272, 278, 337, 338, 339, 340, 341, 342, 343, 344, 345, 346, 347, 348, 349, 350, 351, 354, 373, 374]	experiments/e126_c4_iptm80_continue_af3_seed1/out_s5/ova_body_c4_102/seed-1_sample-0/ova_body_c4_102_seed-1_sample-0_summary_confidences.json	experiments/e126_c4_iptm80_continue_af3_seed1/out_s5/ova_body_c4_102/seed-1_sample-0/ova_body_c4_102_seed-1_sample-0_model.cif
ova_body_c4_102	seed-1_sample-1	4	0.83	0.86	90.23818663364865	nan	nan	0.83	0.0	6	4	1	0	173	173	0	0.79	0.78	2.7350000000000003	"{""A-B"": 8, ""A-C"": 53, ""A-D"": 24, ""B-C"": 25, ""B-D"": 55, ""C-D"": 8}"	[86, 90, 95, 96, 97, 98, 99, 182, 184, 190, 191, 192, 193, 216, 217, 236, 271, 272, 278, 337, 338, 339, 340, 341, 342, 343, 344, 345, 346, 347, 348, 349, 350, 351, 354, 373, 374]	experiments/e126_c4_iptm80_continue_af3_seed1/out_s5/ova_body_c4_102/seed-1_sample-1/ova_body_c4_102_seed-1_sample-1_summary_confidences.json	experiments/e126_c4_iptm80_continue_af3_seed1/out_s5/ova_body_c4_102/seed-1_sample-1/ova_body_c4_102_seed-1_sample-1_model.cif
ova_body_c4_102	seed-1_sample-2	4	0.82	0.85	90.35357490104715	nan	nan	0.83	0.0	6	4	1	0	200	200	0	0.79	0.78	2.91	"{""A-B"": 10, ""A-C"": 58, ""A-D"": 34, ""B-C"": 33, ""B-D"": 57, ""C-D"": 8}"	[82, 86, 90, 95, 96, 97, 98, 99, 182, 184, 190, 191, 192, 193, 216, 217, 236, 271, 272, 276, 277, 278, 337, 338, 339, 340, 341, 342, 343, 344, 345, 346, 347, 348, 349, 350, 351, 354, 373, 374]	experiments/e126_c4_iptm80_continue_af3_seed1/out_s5/ova_body_c4_102/seed-1_sample-2/ova_body_c4_102_seed-1_sample-2_summary_confidences.json	experiments/e126_c4_iptm80_continue_af3_seed1/out_s5/ova_body_c4_102/seed-1_sample-2/ova_body_c4_102_seed-1_sample-2_model.cif
ova_body_c4_102	seed-1_sample-3	4	0.83	0.86	90.30000003755401	nan	nan	0.83	0.0	6	4	1	0	164	164	0	0.79	0.78	2.815	"{""A-B"": 8, ""A-C"": 53, ""A-D"": 21, ""B-C"": 21, ""B-D"": 53, ""C-D"": 8}"	[86, 90, 95, 96, 97, 98, 99, 182, 184, 190, 191, 192, 193, 216, 217, 236, 271, 272, 278, 337, 338, 339, 340, 341, 342, 343, 344, 345, 346, 347, 348, 349, 350, 351, 354, 373, 374]	experiments/e126_c4_iptm80_continue_af3_seed1/out_s5/ova_body_c4_102/seed-1_sample-3/ova_body_c4_102_seed-1_sample-3_summary_confidences.json	experiments/e126_c4_iptm80_continue_af3_seed1/out_s5/ova_body_c4_102/seed-1_sample-3/ova_body_c4_102_seed-1_sample-3_model.cif
ova_body_c4_102	seed-1_sample-4	4	0.83	0.86	89.95510351349036	nan	nan	0.84	0.0	6	4	1	0	196	196	0	0.8	0.79	2.7199999999999998	"{""A-B"": 19, ""A-C"": 56, ""A-D"": 25, ""B-C"": 25, ""B-D"": 55, ""C-D"": 16}"	[1, 83, 86, 87, 90, 95, 96, 97, 98, 99, 182, 184, 190, 191, 192, 193, 216, 217, 236, 266, 270, 271, 272, 278, 337, 338, 339, 340, 341, 342, 343, 344, 345, 346, 347, 348, 349, 350, 351, 354, 373, 374]	experiments/e126_c4_iptm80_continue_af3_seed1/out_s5/ova_body_c4_102/seed-1_sample-4/ova_body_c4_102_seed-1_sample-4_summary_confidences.json	experiments/e126_c4_iptm80_continue_af3_seed1/out_s5/ova_body_c4_102/seed-1_sample-4/ova_body_c4_102_seed-1_sample-4_model.cif
ova_body_c4_103	seed-1_sample-0	4	0.85	0.88	90.87450770640002	nan	nan	0.86	0.0	6	4	1	0	156	156	0	0.82	0.81	2.45	"{""A-B"": 8, ""A-C"": 49, ""A-D"": 22, ""B-C"": 22, ""B-D"": 47, ""C-D"": 8}"	[86, 90, 95, 96, 97, 98, 99, 182, 184, 190, 191, 192, 193, 216, 217, 236, 237, 271, 272, 276, 278, 338, 340, 341, 342, 343, 344, 345, 346, 347, 348, 349, 350, 351, 354, 373, 374]	experiments/e126_c4_iptm80_continue_af3_seed1/out_s6/ova_body_c4_103/seed-1_sample-0/ova_body_c4_103_seed-1_sample-0_summary_confidences.json	experiments/e126_c4_iptm80_continue_af3_seed1/out_s6/ova_body_c4_103/seed-1_sample-0/ova_body_c4_103_seed-1_sample-0_model.cif
ova_body_c4_103	seed-1_sample-1	4	0.85	0.87	90.9220206008674	nan	nan	0.85	0.0	6	4	1	0	194	194	0	0.81	0.81	2.455	"{""A-B"": 8, ""A-C"": 64, ""A-D"": 25, ""B-C"": 25, ""B-D"": 64, ""C-D"": 8}"	[86, 90, 95, 96, 97, 98, 99, 182, 184, 190, 191, 192, 193, 216, 217, 236, 237, 271, 272, 276, 277, 278, 338, 339, 340, 341, 342, 343, 344, 345, 346, 347, 348, 349, 350, 351, 354, 373, 374]	experiments/e126_c4_iptm80_continue_af3_seed1/out_s6/ova_body_c4_103/seed-1_sample-1/ova_body_c4_103_seed-1_sample-1_summary_confidences.json	experiments/e126_c4_iptm80_continue_af3_seed1/out_s6/ova_body_c4_103/seed-1_sample-1/ova_body_c4_103_seed-1_sample-1_model.cif
ova_body_c4_103	seed-1_sample-2	4	0.85	0.87	91.05378235930606	nan	nan	0.85	0.0	6	4	1	0	198	198	0	0.81	0.81	2.45	"{""A-B"": 8, ""A-C"": 66, ""A-D"": 26, ""B-C"": 26, ""B-D"": 64, ""C-D"": 8}"	[86, 90, 95, 96, 97, 98, 99, 182, 184, 190, 191, 192, 193, 216, 217, 236, 237, 271, 272, 276, 277, 278, 337, 338, 339, 340, 341, 342, 343, 344, 345, 346, 347, 348, 349, 350, 351, 354, 373, 374]	experiments/e126_c4_iptm80_continue_af3_seed1/out_s6/ova_body_c4_103/seed-1_sample-2/ova_body_c4_103_seed-1_sample-2_summary_confidences.json	experiments/e126_c4_iptm80_continue_af3_seed1/out_s6/ova_body_c4_103/seed-1_sample-2/ova_body_c4_103_seed-1_sample-2_model.cif
ova_body_c4_103	seed-1_sample-3	4	0.85	0.88	91.04152867213432	nan	nan	0.86	0.0	6	4	1	0	178	178	0	0.82	0.82	2.42	"{""A-B"": 8, ""A-C"": 54, ""A-D"": 27, ""B-C"": 27, ""B-D"": 54, ""C-D"": 8}"	[86, 90, 95, 96, 97, 98, 99, 182, 184, 190, 191, 192, 193, 216, 217, 236, 237, 271, 272, 276, 277, 278, 338, 340, 341, 342, 343, 344, 345, 346, 347, 348, 349, 350, 351, 354, 373, 374]	experiments/e126_c4_iptm80_continue_af3_seed1/out_s6/ova_body_c4_103/seed-1_sample-3/ova_body_c4_103_seed-1_sample-3_summary_confidences.json	experiments/e126_c4_iptm80_continue_af3_seed1/out_s6/ova_body_c4_103/seed-1_sample-3/ova_body_c4_103_seed-1_sample-3_model.cif
ova_body_c4_103	seed-1_sample-4	4	0.85	0.88	90.81800530982142	nan	nan	0.85	0.0	6	4	1	0	212	212	0	0.81	0.81	2.4000000000000004	"{""A-B"": 12, ""A-C"": 66, ""A-D"": 28, ""B-C"": 28, ""B-D"": 66, ""C-D"": 12}"	[86, 87, 90, 95, 96, 97, 98, 99, 182, 184, 190, 191, 192, 193, 216, 217, 236, 237, 271, 272, 276, 277, 278, 337, 338, 339, 340, 341, 342, 343, 344, 345, 346, 347, 348, 349, 350, 351, 354, 373, 374]	experiments/e126_c4_iptm80_continue_af3_seed1/out_s6/ova_body_c4_103/seed-1_sample-4/ova_body_c4_103_seed-1_sample-4_summary_confidences.json	experiments/e126_c4_iptm80_continue_af3_seed1/out_s6/ova_body_c4_103/seed-1_sample-4/ova_body_c4_103_seed-1_sample-4_model.cif
ova_body_c4_104	seed-1_sample-0	4	0.81	0.85	89.85422259908884	nan	nan	0.82	0.0	6	4	1	0	178	178	0	0.78	0.77	2.79	"{""A-B"": 8, ""A-C"": 49, ""A-D"": 31, ""B-C"": 33, ""B-D"": 49, ""C-D"": 8}"	[86, 90, 95, 96, 97, 98, 99, 182, 184, 190, 191, 192, 193, 216, 217, 236, 271, 272, 276, 277, 278, 337, 338, 339, 340, 342, 343, 344, 345, 346, 347, 348, 349, 350, 351, 354, 373, 374]	experiments/e126_c4_iptm80_continue_af3_seed1/out_s7/ova_body_c4_104/seed-1_sample-0/ova_body_c4_104_seed-1_sample-0_summary_confidences.json	experiments/e126_c4_iptm80_continue_af3_seed1/out_s7/ova_body_c4_104/seed-1_sample-0/ova_body_c4_104_seed-1_sample-0_model.cif
ova_body_c4_104	seed-1_sample-1	4	0.81	0.84	89.78795347065505	nan	nan	0.82	0.0	6	4	1	0	210	210	0	0.77	0.77	2.76	"{""A-B"": 14, ""A-C"": 56, ""A-D"": 37, ""B-C"": 37, ""B-D"": 54, ""C-D"": 12}"	[83, 86, 87, 90, 95, 96, 97, 98, 99, 182, 184, 188, 190, 191, 192, 193, 216, 217, 236, 271, 272, 276, 277, 278, 337, 338, 339, 340, 341, 342, 343, 344, 345, 346, 347, 348, 349, 350, 351, 354, 373, 374]	experiments/e126_c4_iptm80_continue_af3_seed1/out_s7/ova_body_c4_104/seed-1_sample-1/ova_body_c4_104_seed-1_sample-1_summary_confidences.json	experiments/e126_c4_iptm80_continue_af3_seed1/out_s7/ova_body_c4_104/seed-1_sample-1/ova_body_c4_104_seed-1_sample-1_model.cif
ova_body_c4_104	seed-1_sample-2	4	0.81	0.85	90.00738340585343	nan	nan	0.82	0.0	6	4	1	0	200	200	0	0.77	0.77	2.815	"{""A-B"": 11, ""A-C"": 56, ""A-D"": 32, ""B-C"": 35, ""B-D"": 56, ""C-D"": 10}"	[82, 83, 86, 90, 95, 96, 97, 98, 99, 182, 184, 190, 191, 192, 193, 216, 217, 236, 271, 272, 276, 277, 278, 337, 338, 339, 340, 342, 343, 344, 345, 346, 347, 348, 349, 350, 351, 354, 373, 374]	experiments/e126_c4_iptm80_continue_af3_seed1/out_s7/ova_body_c4_104/seed-1_sample-2/ova_body_c4_104_seed-1_sample-2_summary_confidences.json	experiments/e126_c4_iptm80_continue_af3_seed1/out_s7/ova_body_c4_104/seed-1_sample-2/ova_body_c4_104_seed-1_sample-2_model.cif
ova_body_c4_104	seed-1_sample-3	4	0.82	0.85	89.9158548641699	nan	nan	0.82	0.0	6	4	1	0	186	186	0	0.78	0.77	2.75	"{""A-B"": 8, ""A-C"": 52, ""A-D"": 33, ""B-C"": 33, ""B-D"": 52, ""C-D"": 8}"	[86, 90, 95, 96, 97, 98, 99, 182, 184, 190, 191, 192, 193, 216, 217, 236, 271, 272, 276, 277, 278, 337, 338, 339, 340, 341, 342, 343, 344, 345, 346, 347, 348, 349, 350, 351, 354, 373, 374]	experiments/e126_c4_iptm80_continue_af3_seed1/out_s7/ova_body_c4_104/seed-1_sample-3/ova_body_c4_104_seed-1_sample-3_summary_confidences.json	experiments/e126_c4_iptm80_continue_af3_seed1/out_s7/ova_body_c4_104/seed-1_sample-3/ova_body_c4_104_seed-1_sample-3_model.cif
ova_body_c4_104	seed-1_sample-4	4	0.82	0.85	89.77541458050821	nan	nan	0.83	0.0	6	4	1	0	196	196	0	0.79	0.78	2.725	"{""A-B"": 17, ""A-C"": 52, ""A-D"": 29, ""B-C"": 29, ""B-D"": 53, ""C-D"": 16}"	[1, 86, 87, 90, 95, 96, 97, 98, 99, 182, 184, 188, 190, 191, 192, 193, 216, 217, 236, 266, 270, 271, 272, 276, 277, 278, 337, 338, 339, 340, 341, 342, 343, 344, 345, 346, 347, 348, 349, 350, 351, 354, 373, 374]	experiments/e126_c4_iptm80_continue_af3_seed1/out_s7/ova_body_c4_104/seed-1_sample-4/ova_body_c4_104_seed-1_sample-4_summary_confidences.json	experiments/e126_c4_iptm80_continue_af3_seed1/out_s7/ova_body_c4_104/seed-1_sample-4/ova_body_c4_104_seed-1_sample-4_model.cif
ova_body_c4_105	seed-1_sample-0	4	0.81	0.85	89.55209852623815	nan	nan	0.82	0.0	6	4	1	0	167	167	0	0.78	0.765	2.715	"{""A-B"": 12, ""A-C"": 51, ""A-D"": 22, ""B-C"": 21, ""B-D"": 50, ""C-D"": 11}"	[86, 87, 90, 94, 95, 96, 97, 98, 99, 182, 184, 190, 191, 192, 193, 217, 236, 271, 272, 276, 277, 278, 337, 338, 339, 340, 342, 343, 344, 345, 346, 347, 348, 349, 351, 354, 373, 374]	experiments/e126_c4_iptm80_continue_af3_seed1/out_s0/ova_body_c4_105/seed-1_sample-0/ova_body_c4_105_seed-1_sample-0_summary_confidences.json	experiments/e126_c4_iptm80_continue_af3_seed1/out_s0/ova_body_c4_105/seed-1_sample-0/ova_body_c4_105_seed-1_sample-0_model.cif
ova_body_c4_105	seed-1_sample-1	4	0.82	0.85	89.74163212553825	nan	nan	0.83	0.0	6	4	1	0	187	187	0	0.79	0.78	2.6	"{""A-B"": 12, ""A-C"": 50, ""A-D"": 30, ""B-C"": 32, ""B-D"": 51, ""C-D"": 12}"	[86, 87, 90, 94, 95, 96, 97, 98, 99, 182, 184, 190, 191, 192, 193, 216, 217, 236, 271, 272, 276, 277, 278, 337, 338, 339, 340, 341, 342, 343, 344, 345, 346, 347, 348, 349, 350, 351, 354, 356, 373, 374]	experiments/e126_c4_iptm80_continue_af3_seed1/out_s0/ova_body_c4_105/seed-1_sample-1/ova_body_c4_105_seed-1_sample-1_summary_confidences.json	experiments/e126_c4_iptm80_continue_af3_seed1/out_s0/ova_body_c4_105/seed-1_sample-1/ova_body_c4_105_seed-1_sample-1_model.cif
ova_body_c4_105	seed-1_sample-2	4	0.83	0.86	90.16220211365062	nan	nan	0.83	0.0	6	4	1	0	202	202	0	0.79	0.78	2.635	"{""A-B"": 12, ""A-C"": 62, ""A-D"": 26, ""B-C"": 27, ""B-D"": 63, ""C-D"": 12}"	[86, 87, 90, 94, 95, 96, 97, 98, 99, 182, 184, 190, 191, 192, 193, 216, 217, 236, 237, 271, 272, 276, 277, 278, 337, 338, 339, 340, 341, 342, 343, 344, 345, 346, 347, 348, 349, 350, 351, 354, 373, 374]	experiments/e126_c4_iptm80_continue_af3_seed1/out_s0/ova_body_c4_105/seed-1_sample-2/ova_body_c4_105_seed-1_sample-2_summary_confidences.json	experiments/e126_c4_iptm80_continue_af3_seed1/out_s0/ova_body_c4_105/seed-1_sample-2/ova_body_c4_105_seed-1_sample-2_model.cif
ova_body_c4_105	seed-1_sample-3	4	0.82	0.85	89.84756472691353	nan	nan	0.83	0.0	6	4	1	0	188	188	0	0.79	0.77	2.71	"{""A-B"": 12, ""A-C"": 51, ""A-D"": 30, ""B-C"": 31, ""B-D"": 52, ""C-D"": 12}"	[86, 87, 90, 94, 95, 96, 97, 98, 99, 182, 184, 190, 191, 192, 193, 216, 217, 236, 271, 272, 277, 278, 337, 338, 339, 340, 341, 342, 343, 344, 345, 346, 347, 348, 349, 350, 351, 354, 355, 373, 374]	experiments/e126_c4_iptm80_continue_af3_seed1/out_s0/ova_body_c4_105/seed-1_sample-3/ova_body_c4_105_seed-1_sample-3_summary_confidences.json	experiments/e126_c4_iptm80_continue_af3_seed1/out_s0/ova_body_c4_105/seed-1_sample-3/ova_body_c4_105_seed-1_sample-3_model.cif
ova_body_c4_105	seed-1_sample-4	4	0.83	0.86	89.44715033417539	nan	nan	0.84	0.0	6	4	1	0	175	175	0	0.8	0.78	2.665	"{""A-B"": 14, ""A-C"": 51, ""A-D"": 22, ""B-C"": 22, ""B-D"": 52, ""C-D"": 14}"	[83, 86, 87, 90, 94, 95, 96, 97, 98, 99, 182, 184, 190, 191, 192, 193, 216, 217, 236, 271, 272, 277, 278, 337, 338, 339, 340, 341, 342, 343, 344, 345, 346, 347, 348, 349, 351, 354, 373, 374]	experiments/e126_c4_iptm80_continue_af3_seed1/out_s0/ova_body_c4_105/seed-1_sample-4/ova_body_c4_105_seed-1_sample-4_summary_confidences.json	experiments/e126_c4_iptm80_continue_af3_seed1/out_s0/ova_body_c4_105/seed-1_sample-4/ova_body_c4_105_seed-1_sample-4_model.cif
ova_body_c4_106	seed-1_sample-0	4	0.82	0.85	89.37572543485177	nan	nan	0.82	0.0	6	4	1	0	159	159	0	0.79	0.77	2.7649999999999997	"{""A-B"": 12, ""A-C"": 47, ""A-D"": 20, ""B-C"": 22, ""B-D"": 47, ""C-D"": 11}"	[86, 87, 90, 95, 96, 97, 98, 99, 182, 184, 190, 191, 192, 193, 216, 217, 236, 271, 272, 277, 278, 337, 338, 339, 340, 341, 342, 343, 344, 345, 346, 347, 348, 349, 351, 354, 373, 374]	experiments/e126_c4_iptm80_continue_af3_seed1/out_s1/ova_body_c4_106/seed-1_sample-0/ova_body_c4_106_seed-1_sample-0_summary_confidences.json	experiments/e126_c4_iptm80_continue_af3_seed1/out_s1/ova_body_c4_106/seed-1_sample-0/ova_body_c4_106_seed-1_sample-0_model.cif
ova_body_c4_106	seed-1_sample-1	4	0.82	0.85	89.52209845231604	nan	nan	0.82	0.0	6	4	1	0	173	173	0	0.79	0.77	2.685	"{""A-B"": 12, ""A-C"": 53, ""A-D"": 22, ""B-C"": 22, ""B-D"": 52, ""C-D"": 12}"	[86, 87, 90, 95, 96, 97, 98, 99, 182, 184, 190, 191, 192, 193, 216, 217, 236, 271, 272, 276, 277, 278, 337, 338, 339, 340, 341, 342, 344, 345, 346, 347, 348, 349, 350, 351, 354, 373, 374]	experiments/e126_c4_iptm80_continue_af3_seed1/out_s1/ova_body_c4_106/seed-1_sample-1/ova_body_c4_106_seed-1_sample-1_summary_confidences.json	experiments/e126_c4_iptm80_continue_af3_seed1/out_s1/ova_body_c4_106/seed-1_sample-1/ova_body_c4_106_seed-1_sample-1_model.cif
ova_body_c4_106	seed-1_sample-2	4	0.82	0.85	89.5791709287179	nan	nan	0.82	0.0	6	4	1	0	194	194	0	0.78	0.77	2.74	"{""A-B"": 11, ""A-C"": 58, ""A-D"": 26, ""B-C"": 28, ""B-D"": 59, ""C-D"": 12}"	[86, 87, 90, 94, 95, 96, 97, 98, 99, 182, 184, 190, 191, 192, 193, 216, 217, 236, 271, 272, 276, 277, 278, 337, 338, 339, 340, 341, 342, 343, 344, 345, 346, 347, 348, 349, 350, 351, 353, 354, 373, 374]	experiments/e126_c4_iptm80_continue_af3_seed1/out_s1/ova_body_c4_106/seed-1_sample-2/ova_body_c4_106_seed-1_sample-2_summary_confidences.json	experiments/e126_c4_iptm80_continue_af3_seed1/out_s1/ova_body_c4_106/seed-1_sample-2/ova_body_c4_106_seed-1_sample-2_model.cif
ova_body_c4_106	seed-1_sample-3	4	0.82	0.85	89.60419684494097	nan	nan	0.83	0.0	6	4	1	0	180	180	0	0.79	0.78	2.7350000000000003	"{""A-B"": 12, ""A-C"": 49, ""A-D"": 28, ""B-C"": 31, ""B-D"": 49, ""C-D"": 11}"	[86, 87, 90, 95, 96, 97, 98, 99, 182, 184, 190, 191, 192, 193, 216, 217, 236, 271, 272, 277, 278, 337, 338, 339, 340, 341, 342, 343, 344, 345, 346, 347, 348, 349, 350, 351, 354, 373, 374]	experiments/e126_c4_iptm80_continue_af3_seed1/out_s1/ova_body_c4_106/seed-1_sample-3/ova_body_c4_106_seed-1_sample-3_summary_confidences.json	experiments/e126_c4_iptm80_continue_af3_seed1/out_s1/ova_body_c4_106/seed-1_sample-3/ova_body_c4_106_seed-1_sample-3_model.cif
ova_body_c4_106	seed-1_sample-4	4	0.83	0.86	89.20479253660211	nan	nan	0.83	0.0	6	4	1	0	168	168	0	0.8	0.78	2.72	"{""A-B"": 14, ""A-C"": 47, ""A-D"": 23, ""B-C"": 22, ""B-D"": 48, ""C-D"": 14}"	[83, 86, 87, 90, 95, 96, 97, 98, 99, 182, 184, 190, 191, 192, 193, 216, 217, 236, 271, 272, 277, 278, 337, 338, 339, 340, 341, 342, 343, 344, 345, 346, 347, 348, 349, 350, 351, 354, 373, 374]	experiments/e126_c4_iptm80_continue_af3_seed1/out_s1/ova_body_c4_106/seed-1_sample-4/ova_body_c4_106_seed-1_sample-4_summary_confidences.json	experiments/e126_c4_iptm80_continue_af3_seed1/out_s1/ova_body_c4_106/seed-1_sample-4/ova_body_c4_106_seed-1_sample-4_model.cif
ova_body_c4_107	seed-1_sample-0	4	0.81	0.84	89.69383420598322	nan	nan	0.82	0.0	6	4	1	0	158	158	0	0.77	0.77	2.965	"{""A-B"": 14, ""A-C"": 45, ""A-D"": 22, ""B-C"": 23, ""B-D"": 41, ""C-D"": 13}"	[83, 86, 87, 90, 94, 95, 96, 97, 98, 99, 182, 183, 184, 190, 191, 192, 193, 217, 236, 271, 272, 277, 278, 337, 338, 339, 340, 342, 343, 344, 345, 346, 347, 348, 350, 353, 354, 373, 374]	experiments/e126_c4_iptm80_continue_af3_seed1/out_s2/ova_body_c4_107/seed-1_sample-0/ova_body_c4_107_seed-1_sample-0_summary_confidences.json	experiments/e126_c4_iptm80_continue_af3_seed1/out_s2/ova_body_c4_107/seed-1_sample-0/ova_body_c4_107_seed-1_sample-0_model.cif
ova_body_c4_107	seed-1_sample-1	4	0.8	0.84	89.59502596682218	nan	nan	0.81	0.0	6	4	1	0	147	147	0	0.76	0.76	3.045	"{""A-B"": 13, ""A-C"": 43, ""A-D"": 16, ""B-C"": 16, ""B-D"": 46, ""C-D"": 13}"	[86, 87, 90, 95, 96, 97, 98, 99, 182, 183, 184, 190, 191, 192, 193, 217, 236, 238, 271, 272, 277, 278, 337, 338, 339, 340, 342, 343, 344, 345, 346, 347, 350, 353, 354, 373, 374]	experiments/e126_c4_iptm80_continue_af3_seed1/out_s2/ova_body_c4_107/seed-1_sample-1/ova_body_c4_107_seed-1_sample-1_summary_confidences.json	experiments/e126_c4_iptm80_continue_af3_seed1/out_s2/ova_body_c4_107/seed-1_sample-1/ova_body_c4_107_seed-1_sample-1_model.cif
ova_body_c4_107	seed-1_sample-2	4	0.81	0.84	89.98961139342946	nan	nan	0.81	0.0	6	4	1	0	161	161	0	0.77	0.76	3.01	"{""A-B"": 14, ""A-C"": 46, ""A-D"": 21, ""B-C"": 21, ""B-D"": 45, ""C-D"": 14}"	[83, 86, 87, 90, 94, 95, 96, 97, 98, 99, 182, 184, 190, 191, 192, 193, 217, 236, 271, 272, 277, 278, 337, 338, 339, 340, 341, 342, 344, 345, 346, 347, 348, 350, 353, 354, 373, 374]	experiments/e126_c4_iptm80_continue_af3_seed1/out_s2/ova_body_c4_107/seed-1_sample-2/ova_body_c4_107_seed-1_sample-2_summary_confidences.json	experiments/e126_c4_iptm80_continue_af3_seed1/out_s2/ova_body_c4_107/seed-1_sample-2/ova_body_c4_107_seed-1_sample-2_model.cif
ova_body_c4_107	seed-1_sample-3	4	0.8	0.84	89.81790177933293	nan	nan	0.81	0.0	6	4	1	0	159	159	0	0.77	0.76	3.085	"{""A-B"": 12, ""A-C"": 43, ""A-D"": 25, ""B-C"": 24, ""B-D"": 43, ""C-D"": 12}"	[86, 87, 90, 94, 95, 96, 97, 98, 99, 182, 184, 190, 191, 192, 193, 216, 217, 236, 271, 272, 277, 278, 337, 338, 339, 340, 342, 343, 344, 345, 346, 347, 348, 350, 353, 354, 373, 374]	experiments/e126_c4_iptm80_continue_af3_seed1/out_s2/ova_body_c4_107/seed-1_sample-3/ova_body_c4_107_seed-1_sample-3_summary_confidences.json	experiments/e126_c4_iptm80_continue_af3_seed1/out_s2/ova_body_c4_107/seed-1_sample-3/ova_body_c4_107_seed-1_sample-3_model.cif
ova_body_c4_107	seed-1_sample-4	4	0.82	0.85	89.45077718230726	nan	nan	0.82	0.0	6	4	1	0	157	157	0	0.78	0.77	2.96	"{""A-B"": 19, ""A-C"": 40, ""A-D"": 19, ""B-C"": 19, ""B-D"": 41, ""C-D"": 19}"	[1, 82, 83, 86, 87, 90, 95, 96, 97, 98, 99, 182, 184, 190, 191, 192, 193, 217, 236, 270, 271, 272, 277, 278, 337, 338, 339, 340, 342, 344, 345, 346, 347, 350, 353, 354, 373, 374]	experiments/e126_c4_iptm80_continue_af3_seed1/out_s2/ova_body_c4_107/seed-1_sample-4/ova_body_c4_107_seed-1_sample-4_summary_confidences.json	experiments/e126_c4_iptm80_continue_af3_seed1/out_s2/ova_body_c4_107/seed-1_sample-4/ova_body_c4_107_seed-1_sample-4_model.cif
