candidate	source_model	replicate	seed	atomic_clash_count_2p4	severe_ca_overlap_count_2p5	effective_edges	effective_edge_count	min_chain_degree	valid_c4_network	contact_counts_json	design_interface_edges	background_edges	max_chain_ca_rmsd_to_input	weakest_sc	weakest_hbonds	worst_dG_dSASA_x100	worst_unsat_per_1000A2	all_weakest_sc	all_weakest_hbonds	all_worst_dG_dSASA_x100	all_worst_unsat_per_1000A2	pair_metrics_json
ova_body_c4_13_ms25_r03	AF3	1	7001	0	0	A-B,A-C,A-D,B-C,B-D,C-D	6	3	1	"{""A-B"": 22, ""A-C"": 64, ""A-D"": 32, ""B-C"": 32, ""B-D"": 65, ""C-D"": 24}"	A-D,B-C	A-B,A-C,B-D,C-D	0.22481344040107548	0.6615586280822754	0.0	-3.193462610244751	2.6906350987086243	0.5394085645675659	0.0	-2.194556951522827	7.427533494319642	"{""A-B"": {""dG_dSASA_ratio"": -2.194556951522827, ""dG_separated"": -20.304039001464844, ""dSASA_int"": 925.1998291015625, ""delta_unsatHbonds"": 0.0, ""hbonds_int"": 4.0, ""nres_int"": 45.0, ""packstat"": 0.5965622067451477, ""sc_value"": 0.5394085645675659}, ""A-C"": {""dG_dSASA_ratio"": -2.99149489402771, ""dG_separated"": -48.330902099609375, ""dSASA_int"": 1615.6103515625, ""delta_unsatHbonds"": 12.0, ""hbonds_int"": 4.0, ""nres_int"": 74.0, ""packstat"": 0.5875709652900696, ""sc_value"": 0.6477659940719604}, ""A-D"": {""dG_dSASA_ratio"": -3.193462610244751, ""dG_separated"": -34.183372497558594, ""dSASA_int"": 1070.417236328125, ""delta_unsatHbonds"": 0.0, ""hbonds_int"": 0.0, ""nres_int"": 41.0, ""packstat"": 0.5240864753723145, ""sc_value"": 0.6615586280822754}, ""B-C"": {""dG_dSASA_ratio"": -3.2266159057617188, ""dG_separated"": -35.976070404052734, ""dSASA_int"": 1114.9783935546875, ""delta_unsatHbonds"": 3.0, ""hbonds_int"": 0.0, ""nres_int"": 40.0, ""packstat"": 0.5534068942070007, ""sc_value"": 0.6741474866867065}, ""B-D"": {""dG_dSASA_ratio"": -2.785698890686035, ""dG_separated"": -46.519805908203125, ""dSASA_int"": 1669.950927734375, ""delta_unsatHbonds"": 7.0, ""hbonds_int"": 4.0, ""nres_int"": 74.0, ""packstat"": 0.5824441909790039, ""sc_value"": 0.6302263736724854}, ""C-D"": {""dG_dSASA_ratio"": -2.6194822788238525, ""dG_separated"": -26.107805252075195, ""dSASA_int"": 996.6780395507812, ""delta_unsatHbonds"": 0.0, ""hbonds_int"": 4.0, ""nres_int"": 48.0, ""packstat"": 0.6288805603981018, ""sc_value"": 0.6956380605697632}}"
ova_body_c4_13_ms25_r03	AF3	2	7002	0	0	A-B,A-C,A-D,B-C,B-D,C-D	6	3	1	"{""A-B"": 28, ""A-C"": 58, ""A-D"": 36, ""B-C"": 28, ""B-D"": 56, ""C-D"": 27}"	A-D,B-C	A-B,A-C,B-D,C-D	0.23680006102366313	0.530587911605835	0.0	-2.3807315826416016	4.188556630134395	0.530587911605835	0.0	-2.3807315826416016	5.634963247165914	"{""A-B"": {""dG_dSASA_ratio"": -2.697794198989868, ""dG_separated"": -26.667659759521484, ""dSASA_int"": 988.4986572265625, ""delta_unsatHbonds"": 0.0, ""hbonds_int"": 5.0, ""nres_int"": 46.0, ""packstat"": 0.6143152713775635, ""sc_value"": 0.6900192499160767}, ""A-C"": {""dG_dSASA_ratio"": -2.6600546836853027, ""dG_separated"": -42.48562240600586, ""dSASA_int"": 1597.1710205078125, ""delta_unsatHbonds"": 9.0, ""hbonds_int"": 3.0, ""nres_int"": 70.0, ""packstat"": 0.5931132435798645, ""sc_value"": 0.6135078072547913}, ""A-D"": {""dG_dSASA_ratio"": -3.0649423599243164, ""dG_separated"": -33.67245101928711, ""dSASA_int"": 1098.6324462890625, ""delta_unsatHbonds"": 2.0, ""hbonds_int"": 0.0, ""nres_int"": 40.0, ""packstat"": 0.5654697418212891, ""sc_value"": 0.7885520458221436}, ""B-C"": {""dG_dSASA_ratio"": -2.3807315826416016, ""dG_separated"": -28.419475555419922, ""dSASA_int"": 1193.7286376953125, ""delta_unsatHbonds"": 5.0, ""hbonds_int"": 0.0, ""nres_int"": 39.0, ""packstat"": 0.49463099241256714, ""sc_value"": 0.530587911605835}, ""B-D"": {""dG_dSASA_ratio"": -2.718873977661133, ""dG_separated"": -43.873878479003906, ""dSASA_int"": 1613.6783447265625, ""delta_unsatHbonds"": 4.0, ""hbonds_int"": 5.0, ""nres_int"": 70.0, ""packstat"": 0.6161252856254578, ""sc_value"": 0.6323152780532837}, ""C-D"": {""dG_dSASA_ratio"": -2.5383591651916504, ""dG_separated"": -25.812345504760742, ""dSASA_int"": 1016.8909301757812, ""delta_unsatHbonds"": 0.0, ""hbonds_int"": 4.0, ""nres_int"": 48.0, ""packstat"": 0.5703777074813843, ""sc_value"": 0.6878509521484375}}"
ova_body_c4_13_ms25_r03	AF3	3	7003	0	0	A-B,A-C,A-D,B-C,B-D,C-D	6	3	1	"{""A-B"": 25, ""A-C"": 64, ""A-D"": 37, ""B-C"": 38, ""B-D"": 59, ""C-D"": 21}"	A-D,B-C	A-B,A-C,B-D,C-D	0.22892663737310104	0.8094472885131836	0.0	-2.702179431915283	1.8209603832196901	0.5924414396286011	0.0	-2.5313994884490967	5.03399150222046	"{""A-B"": {""dG_dSASA_ratio"": -2.640854835510254, ""dG_separated"": -25.79849624633789, ""dSASA_int"": 976.8994140625, ""delta_unsatHbonds"": 2.0, ""hbonds_int"": 4.0, ""nres_int"": 47.0, ""packstat"": 0.6007600426673889, ""sc_value"": 0.6701356172561646}, ""A-C"": {""dG_dSASA_ratio"": -3.039835214614868, ""dG_separated"": -48.803165435791016, ""dSASA_int"": 1605.454345703125, ""delta_unsatHbonds"": 7.0, ""hbonds_int"": 5.0, ""nres_int"": 74.0, ""packstat"": 0.6260904669761658, ""sc_value"": 0.6159031391143799}, ""A-D"": {""dG_dSASA_ratio"": -2.9592909812927246, ""dG_separated"": -32.50252914428711, ""dSASA_int"": 1098.321533203125, ""delta_unsatHbonds"": 2.0, ""hbonds_int"": 0.0, ""nres_int"": 40.0, ""packstat"": 0.5803807973861694, ""sc_value"": 0.8407952189445496}, ""B-C"": {""dG_dSASA_ratio"": -2.702179431915283, ""dG_separated"": -30.75126838684082, ""dSASA_int"": 1138.017333984375, ""delta_unsatHbonds"": 0.0, ""hbonds_int"": 0.0, ""nres_int"": 40.0, ""packstat"": 0.5611172318458557, ""sc_value"": 0.8094472885131836}, ""B-D"": {""dG_dSASA_ratio"": -2.799142599105835, ""dG_separated"": -44.48386764526367, ""dSASA_int"": 1589.1961669921875, ""delta_unsatHbonds"": 8.0, ""hbonds_int"": 4.0, ""nres_int"": 70.0, ""packstat"": 0.6049153804779053, ""sc_value"": 0.5924414396286011}, ""C-D"": {""dG_dSASA_ratio"": -2.5313994884490967, ""dG_separated"": -23.443037033081055, ""dSASA_int"": 926.0900268554688, ""delta_unsatHbonds"": 0.0, ""hbonds_int"": 3.0, ""nres_int"": 48.0, ""packstat"": 0.5812200903892517, ""sc_value"": 0.6868802309036255}}"
ova_body_c4_13_ms25_r03	AF3	4	7004	0	0	A-B,A-C,A-D,B-C,B-D,C-D	6	3	1	"{""A-B"": 26, ""A-C"": 62, ""A-D"": 37, ""B-C"": 33, ""B-D"": 57, ""C-D"": 24}"	A-D,B-C	A-B,A-C,B-D,C-D	0.22642674341038665	0.6785972118377686	0.0	-3.1014645099639893	3.7392216946064165	0.6072943806648254	0.0	-2.4166057109832764	4.438776596259349	"{""A-B"": {""dG_dSASA_ratio"": -2.4166057109832764, ""dG_separated"": -23.56504249572754, ""dSASA_int"": 975.1297607421875, ""delta_unsatHbonds"": 0.0, ""hbonds_int"": 5.0, ""nres_int"": 45.0, ""packstat"": 0.5404416918754578, ""sc_value"": 0.6553249955177307}, ""A-C"": {""dG_dSASA_ratio"": -3.0055365562438965, ""dG_separated"": -47.397647857666016, ""dSASA_int"": 1577.0111083984375, ""delta_unsatHbonds"": 7.0, ""hbonds_int"": 4.0, ""nres_int"": 72.0, ""packstat"": 0.5566884875297546, ""sc_value"": 0.631077766418457}, ""A-D"": {""dG_dSASA_ratio"": -3.1014645099639893, ""dG_separated"": -33.177650451660156, ""dSASA_int"": 1069.7413330078125, ""delta_unsatHbonds"": 4.0, ""hbonds_int"": 0.0, ""nres_int"": 40.0, ""packstat"": 0.5833795070648193, ""sc_value"": 0.7940781712532043}, ""B-C"": {""dG_dSASA_ratio"": -3.390625238418579, ""dG_separated"": -37.43836975097656, ""dSASA_int"": 1104.173095703125, ""delta_unsatHbonds"": 0.0, ""hbonds_int"": 0.0, ""nres_int"": 40.0, ""packstat"": 0.5920588970184326, ""sc_value"": 0.6785972118377686}, ""B-D"": {""dG_dSASA_ratio"": -2.6179916858673096, ""dG_separated"": -42.74994659423828, ""dSASA_int"": 1632.9290771484375, ""delta_unsatHbonds"": 6.0, ""hbonds_int"": 4.0, ""nres_int"": 71.0, ""packstat"": 0.6070124506950378, ""sc_value"": 0.6072943806648254}, ""C-D"": {""dG_dSASA_ratio"": -2.5550076961517334, ""dG_separated"": -25.685766220092773, ""dSASA_int"": 1005.3107299804688, ""delta_unsatHbonds"": 0.0, ""hbonds_int"": 4.0, ""nres_int"": 48.0, ""packstat"": 0.5402268171310425, ""sc_value"": 0.672498345375061}}"
ova_body_c4_13_ms25_r03	AF3	5	7005	0	0	A-B,A-C,A-D,B-C,B-D,C-D	6	3	1	"{""A-B"": 22, ""A-C"": 64, ""A-D"": 35, ""B-C"": 36, ""B-D"": 59, ""C-D"": 25}"	A-D,B-C	A-B,A-C,B-D,C-D	0.2368848229829103	0.6776118278503418	0.0	-3.009868621826172	5.117080066187232	0.5932573080062866	0.0	-2.5707497596740723	8.088831312138229	"{""A-B"": {""dG_dSASA_ratio"": -2.5707497596740723, ""dG_separated"": -25.0793514251709, ""dSASA_int"": 975.5656127929688, ""delta_unsatHbonds"": 0.0, ""hbonds_int"": 4.0, ""nres_int"": 45.0, ""packstat"": 0.6115415692329407, ""sc_value"": 0.6912493705749512}, ""A-C"": {""dG_dSASA_ratio"": -2.922361373901367, ""dG_separated"": -47.092735290527344, ""dSASA_int"": 1611.461669921875, ""delta_unsatHbonds"": 9.0, ""hbonds_int"": 4.0, ""nres_int"": 74.0, ""packstat"": 0.6227689981460571, ""sc_value"": 0.6268720626831055}, ""A-D"": {""dG_dSASA_ratio"": -3.009868621826172, ""dG_separated"": -35.29202651977539, ""dSASA_int"": 1172.543701171875, ""delta_unsatHbonds"": 6.0, ""hbonds_int"": 0.0, ""nres_int"": 40.0, ""packstat"": 0.5585792660713196, ""sc_value"": 0.6776118278503418}, ""B-C"": {""dG_dSASA_ratio"": -3.0694475173950195, ""dG_separated"": -33.6844596862793, ""dSASA_int"": 1097.4111328125, ""delta_unsatHbonds"": 4.0, ""hbonds_int"": 0.0, ""nres_int"": 40.0, ""packstat"": 0.5067105889320374, ""sc_value"": 0.7931594252586365}, ""B-D"": {""dG_dSASA_ratio"": -2.8549580574035645, ""dG_separated"": -45.88357925415039, ""dSASA_int"": 1607.154296875, ""delta_unsatHbonds"": 13.0, ""hbonds_int"": 3.0, ""nres_int"": 73.0, ""packstat"": 0.6257392764091492, ""sc_value"": 0.5932573080062866}, ""C-D"": {""dG_dSASA_ratio"": -2.6631593704223633, ""dG_separated"": -27.308727264404297, ""dSASA_int"": 1025.4259033203125, ""delta_unsatHbonds"": 2.0, ""hbonds_int"": 4.0, ""nres_int"": 47.0, ""packstat"": 0.602014422416687, ""sc_value"": 0.7094167470932007}}"
ova_body_c4_13_ms25_r03	AF3	6	7006	0	0	A-B,A-C,A-D,B-C,B-D,C-D	6	3	1	"{""A-B"": 26, ""A-C"": 60, ""A-D"": 34, ""B-C"": 25, ""B-D"": 62, ""C-D"": 26}"	A-D,B-C	A-B,A-C,B-D,C-D	0.2460672146573429	0.6746236681938171	0.0	-2.6588470935821533	4.1811050874599065	0.6305923461914062	0.0	-2.6588470935821533	5.709889032463919	"{""A-B"": {""dG_dSASA_ratio"": -2.8394391536712646, ""dG_separated"": -27.720134735107422, ""dSASA_int"": 976.2538452148438, ""delta_unsatHbonds"": 0.0, ""hbonds_int"": 5.0, ""nres_int"": 45.0, ""packstat"": 0.6702889204025269, ""sc_value"": 0.670697808265686}, ""A-C"": {""dG_dSASA_ratio"": -2.950244665145874, ""dG_separated"": -47.63286209106445, ""dSASA_int"": 1614.539306640625, ""delta_unsatHbonds"": 4.0, ""hbonds_int"": 4.0, ""nres_int"": 76.0, ""packstat"": 0.5477980971336365, ""sc_value"": 0.6305923461914062}, ""A-D"": {""dG_dSASA_ratio"": -2.904265880584717, ""dG_separated"": -31.662172317504883, ""dSASA_int"": 1090.1953125, ""delta_unsatHbonds"": 2.0, ""hbonds_int"": 0.0, ""nres_int"": 40.0, ""packstat"": 0.5091095566749573, ""sc_value"": 0.8100343942642212}, ""B-C"": {""dG_dSASA_ratio"": -2.6588470935821533, ""dG_separated"": -25.436786651611328, ""dSASA_int"": 956.6848754882812, ""delta_unsatHbonds"": 4.0, ""hbonds_int"": 0.0, ""nres_int"": 35.0, ""packstat"": 0.6069744229316711, ""sc_value"": 0.6746236681938171}, ""B-D"": {""dG_dSASA_ratio"": -2.9881985187530518, ""dG_separated"": -47.10036849975586, ""dSASA_int"": 1576.2127685546875, ""delta_unsatHbonds"": 9.0, ""hbonds_int"": 4.0, ""nres_int"": 75.0, ""packstat"": 0.5500098466873169, ""sc_value"": 0.6409947872161865}, ""C-D"": {""dG_dSASA_ratio"": -2.7564704418182373, ""dG_separated"": -27.301029205322266, ""dSASA_int"": 990.434326171875, ""delta_unsatHbonds"": 1.0, ""hbonds_int"": 5.0, ""nres_int"": 47.0, ""packstat"": 0.5837710499763489, ""sc_value"": 0.6774622797966003}}"
ova_body_c4_13_ms25_r03	AF3	7	7007	0	0	A-C,A-D,B-C,B-D,C-D	5	2	1	"{""A-B"": 19, ""A-C"": 66, ""A-D"": 33, ""B-C"": 37, ""B-D"": 57, ""C-D"": 24}"	A-D,B-C	A-B,A-C,B-D,C-D	0.22687627312479533	0.6675437092781067	0.0	-2.2221503257751465	7.119354452187423	0.5763490200042725	0.0	-2.1650524139404297	7.119354452187423	"{""A-B"": {""dG_dSASA_ratio"": -2.1650524139404297, ""dG_separated"": -19.551809310913086, ""dSASA_int"": 903.0640869140625, ""delta_unsatHbonds"": 0.0, ""hbonds_int"": 3.0, ""nres_int"": 43.0, ""packstat"": 0.5081834197044373, ""sc_value"": 0.6389062404632568}, ""A-C"": {""dG_dSASA_ratio"": -3.0403144359588623, ""dG_separated"": -49.17652893066406, ""dSASA_int"": 1617.481689453125, ""delta_unsatHbonds"": 9.0, ""hbonds_int"": 4.0, ""nres_int"": 74.0, ""packstat"": 0.6070708632469177, ""sc_value"": 0.6554272174835205}, ""A-D"": {""dG_dSASA_ratio"": -2.993013620376587, ""dG_separated"": -34.34678268432617, ""dSASA_int"": 1147.565185546875, ""delta_unsatHbonds"": 2.0, ""hbonds_int"": 0.0, ""nres_int"": 39.0, ""packstat"": 0.6035438179969788, ""sc_value"": 0.6675437092781067}, ""B-C"": {""dG_dSASA_ratio"": -2.2221503257751465, ""dG_separated"": -24.970245361328125, ""dSASA_int"": 1123.6973876953125, ""delta_unsatHbonds"": 8.0, ""hbonds_int"": 0.0, ""nres_int"": 40.0, ""packstat"": 0.5593159198760986, ""sc_value"": 0.7528154253959656}, ""B-D"": {""dG_dSASA_ratio"": -2.9422216415405273, ""dG_separated"": -46.26228332519531, ""dSASA_int"": 1572.35888671875, ""delta_unsatHbonds"": 3.0, ""hbonds_int"": 6.0, ""nres_int"": 71.0, ""packstat"": 0.6266292333602905, ""sc_value"": 0.5763490200042725}, ""C-D"": {""dG_dSASA_ratio"": -2.662876844406128, ""dG_separated"": -25.992395401000977, ""dSASA_int"": 976.1021118164062, ""delta_unsatHbonds"": 0.0, ""hbonds_int"": 4.0, ""nres_int"": 46.0, ""packstat"": 0.6213894486427307, ""sc_value"": 0.6715656518936157}}"
ova_body_c4_13_ms25_r03	AF3	8	7008	0	0	A-B,A-C,A-D,B-C,B-D,C-D	6	3	1	"{""A-B"": 25, ""A-C"": 64, ""A-D"": 34, ""B-C"": 38, ""B-D"": 58, ""C-D"": 25}"	A-D,B-C	A-B,A-C,B-D,C-D	0.2300878969149496	0.7152038812637329	0.0	-3.213109016418457	3.5698512293261184	0.5915695428848267	0.0	-2.512153387069702	6.905999334016178	"{""A-B"": {""dG_dSASA_ratio"": -2.5538792610168457, ""dG_separated"": -25.022357940673828, ""dSASA_int"": 979.7784423828125, ""delta_unsatHbonds"": 0.0, ""hbonds_int"": 4.0, ""nres_int"": 46.0, ""packstat"": 0.5487304925918579, ""sc_value"": 0.6864710450172424}, ""A-C"": {""dG_dSASA_ratio"": -2.831709623336792, ""dG_separated"": -45.204498291015625, ""dSASA_int"": 1596.3675537109375, ""delta_unsatHbonds"": 6.0, ""hbonds_int"": 3.0, ""nres_int"": 71.0, ""packstat"": 0.602878987789154, ""sc_value"": 0.5915695428848267}, ""A-D"": {""dG_dSASA_ratio"": -3.3944180011749268, ""dG_separated"": -38.03428268432617, ""dSASA_int"": 1120.494873046875, ""delta_unsatHbonds"": 4.0, ""hbonds_int"": 0.0, ""nres_int"": 39.0, ""packstat"": 0.5310905575752258, ""sc_value"": 0.7152038812637329}, ""B-C"": {""dG_dSASA_ratio"": -3.213109016418457, ""dG_separated"": -36.465126037597656, ""dSASA_int"": 1134.885986328125, ""delta_unsatHbonds"": 4.0, ""hbonds_int"": 0.0, ""nres_int"": 40.0, ""packstat"": 0.5406990647315979, ""sc_value"": 0.7920684814453125}, ""B-D"": {""dG_dSASA_ratio"": -2.771049976348877, ""dG_separated"": -44.137779235839844, ""dSASA_int"": 1592.8179931640625, ""delta_unsatHbonds"": 11.0, ""hbonds_int"": 3.0, ""nres_int"": 70.0, ""packstat"": 0.5522000193595886, ""sc_value"": 0.6295962333679199}, ""C-D"": {""dG_dSASA_ratio"": -2.512153387069702, ""dG_separated"": -25.420948028564453, ""dSASA_int"": 1011.9186401367188, ""delta_unsatHbonds"": 0.0, ""hbonds_int"": 4.0, ""nres_int"": 48.0, ""packstat"": 0.5387575030326843, ""sc_value"": 0.6812359690666199}}"
ova_body_c4_13_ms25_r03	AF3	9	7009	0	0	A-B,A-C,A-D,B-C,B-D,C-D	6	3	1	"{""A-B"": 20, ""A-C"": 64, ""A-D"": 37, ""B-C"": 37, ""B-D"": 61, ""C-D"": 25}"	A-D,B-C	A-B,A-C,B-D,C-D	0.2346551392216582	0.7958315014839172	0.0	-2.818655490875244	1.7808602737724848	0.6093837022781372	0.0	-2.2295093536376953	6.959064986849042	"{""A-B"": {""dG_dSASA_ratio"": -2.5886008739471436, ""dG_separated"": -22.823022842407227, ""dSASA_int"": 881.6740112304688, ""delta_unsatHbonds"": 0.0, ""hbonds_int"": 3.0, ""nres_int"": 46.0, ""packstat"": 0.520231306552887, ""sc_value"": 0.7002027034759521}, ""A-C"": {""dG_dSASA_ratio"": -2.9951372146606445, ""dG_separated"": -47.345462799072266, ""dSASA_int"": 1580.7442626953125, ""delta_unsatHbonds"": 10.0, ""hbonds_int"": 4.0, ""nres_int"": 72.0, ""packstat"": 0.6591285467147827, ""sc_value"": 0.6348714828491211}, ""A-D"": {""dG_dSASA_ratio"": -3.0867648124694824, ""dG_separated"": -34.66599655151367, ""dSASA_int"": 1123.052734375, ""delta_unsatHbonds"": 2.0, ""hbonds_int"": 0.0, ""nres_int"": 40.0, ""packstat"": 0.5589616298675537, ""sc_value"": 0.844728410243988}, ""B-C"": {""dG_dSASA_ratio"": -2.818655490875244, ""dG_separated"": -31.826801300048828, ""dSASA_int"": 1129.1484375, ""delta_unsatHbonds"": 2.0, ""hbonds_int"": 0.0, ""nres_int"": 40.0, ""packstat"": 0.5888885855674744, ""sc_value"": 0.7958315014839172}, ""B-D"": {""dG_dSASA_ratio"": -3.036832809448242, ""dG_separated"": -48.00236892700195, ""dSASA_int"": 1580.672119140625, ""delta_unsatHbonds"": 11.0, ""hbonds_int"": 5.0, ""nres_int"": 73.0, ""packstat"": 0.5440807938575745, ""sc_value"": 0.6093837022781372}, ""C-D"": {""dG_dSASA_ratio"": -2.2295093536376953, ""dG_separated"": -22.534086227416992, ""dSASA_int"": 1010.719482421875, ""delta_unsatHbonds"": 0.0, ""hbonds_int"": 3.0, ""nres_int"": 46.0, ""packstat"": 0.576270341873169, ""sc_value"": 0.6360185742378235}}"
ova_body_c4_13_ms25_r03	AF3	10	7010	0	0	A-B,A-C,A-D,B-C,B-D,C-D	6	3	1	"{""A-B"": 28, ""A-C"": 63, ""A-D"": 38, ""B-C"": 31, ""B-D"": 59, ""C-D"": 27}"	A-D,B-C	A-B,A-C,B-D,C-D	0.22779248369125268	0.6920918226242065	0.0	-2.681710958480835	3.450607078546381	0.6082179546356201	0.0	-2.3770642280578613	7.358850562873018	"{""A-B"": {""dG_dSASA_ratio"": -2.3770642280578613, ""dG_separated"": -23.134708404541016, ""dSASA_int"": 973.2471313476562, ""delta_unsatHbonds"": 0.0, ""hbonds_int"": 4.0, ""nres_int"": 46.0, ""packstat"": 0.5755977630615234, ""sc_value"": 0.7149537801742554}, ""A-C"": {""dG_dSASA_ratio"": -2.7251334190368652, ""dG_separated"": -44.4384651184082, ""dSASA_int"": 1630.689453125, ""delta_unsatHbonds"": 12.0, ""hbonds_int"": 3.0, ""nres_int"": 73.0, ""packstat"": 0.5629397630691528, ""sc_value"": 0.6082179546356201}, ""A-D"": {""dG_dSASA_ratio"": -2.681710958480835, ""dG_separated"": -30.82233428955078, ""dSASA_int"": 1149.353271484375, ""delta_unsatHbonds"": 2.0, ""hbonds_int"": 0.0, ""nres_int"": 38.0, ""packstat"": 0.48791682720184326, ""sc_value"": 0.6920918226242065}, ""B-C"": {""dG_dSASA_ratio"": -2.8870961666107178, ""dG_separated"": -33.467689514160156, ""dSASA_int"": 1159.21630859375, ""delta_unsatHbonds"": 4.0, ""hbonds_int"": 0.0, ""nres_int"": 39.0, ""packstat"": 0.527313232421875, ""sc_value"": 0.7477097511291504}, ""B-D"": {""dG_dSASA_ratio"": -2.8329224586486816, ""dG_separated"": -45.821205139160156, ""dSASA_int"": 1617.45361328125, ""delta_unsatHbonds"": 7.0, ""hbonds_int"": 4.0, ""nres_int"": 69.0, ""packstat"": 0.6034878492355347, ""sc_value"": 0.6453608274459839}, ""C-D"": {""dG_dSASA_ratio"": -2.6468472480773926, ""dG_separated"": -26.29840087890625, ""dSASA_int"": 993.5745849609375, ""delta_unsatHbonds"": 0.0, ""hbonds_int"": 5.0, ""nres_int"": 47.0, ""packstat"": 0.6050108671188354, ""sc_value"": 0.6986367702484131}}"
ova_body_c4_13_ms25_r03	AF3	11	7011	0	0	A-B,A-C,A-D,B-C,B-D,C-D	6	3	1	"{""A-B"": 24, ""A-C"": 63, ""A-D"": 33, ""B-C"": 32, ""B-D"": 66, ""C-D"": 25}"	A-D,B-C	A-B,A-C,B-D,C-D	0.22089718136167755	0.6387481689453125	0.0	-3.1165199279785156	3.5628962971886957	0.6387481689453125	0.0	-2.559307813644409	8.251746772506332	"{""A-B"": {""dG_dSASA_ratio"": -2.6165060997009277, ""dG_separated"": -25.42950439453125, ""dSASA_int"": 971.8878173828125, ""delta_unsatHbonds"": 0.0, ""hbonds_int"": 4.0, ""nres_int"": 46.0, ""packstat"": 0.5122475624084473, ""sc_value"": 0.7021880745887756}, ""A-C"": {""dG_dSASA_ratio"": -3.0647242069244385, ""dG_separated"": -48.95730972290039, ""dSASA_int"": 1597.44580078125, ""delta_unsatHbonds"": 13.0, ""hbonds_int"": 4.0, ""nres_int"": 74.0, ""packstat"": 0.5913733243942261, ""sc_value"": 0.6503475904464722}, ""A-D"": {""dG_dSASA_ratio"": -3.2382428646087646, ""dG_separated"": -36.637840270996094, ""dSASA_int"": 1131.4111328125, ""delta_unsatHbonds"": 2.0, ""hbonds_int"": 0.0, ""nres_int"": 41.0, ""packstat"": 0.563758134841919, ""sc_value"": 0.7083219289779663}, ""B-C"": {""dG_dSASA_ratio"": -3.1165199279785156, ""dG_separated"": -34.988609313964844, ""dSASA_int"": 1122.68212890625, ""delta_unsatHbonds"": 4.0, ""hbonds_int"": 0.0, ""nres_int"": 40.0, ""packstat"": 0.5601239204406738, ""sc_value"": 0.6387481689453125}, ""B-D"": {""dG_dSASA_ratio"": -2.770871877670288, ""dG_separated"": -47.010902404785156, ""dSASA_int"": 1696.6104736328125, ""delta_unsatHbonds"": 14.0, ""hbonds_int"": 4.0, ""nres_int"": 73.0, ""packstat"": 0.5015398859977722, ""sc_value"": 0.6398593187332153}, ""C-D"": {""dG_dSASA_ratio"": -2.559307813644409, ""dG_separated"": -26.038402557373047, ""dSASA_int"": 1017.4002075195312, ""delta_unsatHbonds"": 0.0, ""hbonds_int"": 4.0, ""nres_int"": 48.0, ""packstat"": 0.5587886571884155, ""sc_value"": 0.6760327816009521}}"
ova_body_c4_13_ms25_r03	AF3	12	7012	0	0	A-B,A-C,A-D,B-C,B-D,C-D	6	3	1	"{""A-B"": 24, ""A-C"": 65, ""A-D"": 34, ""B-C"": 33, ""B-D"": 59, ""C-D"": 26}"	A-D,B-C	A-B,A-C,B-D,C-D	0.2328369388115025	0.7229443788528442	0.0	-3.0928518772125244	4.687682576137933	0.6273257732391357	0.0	-2.621342182159424	7.748892685301719	"{""A-B"": {""dG_dSASA_ratio"": -2.621342182159424, ""dG_separated"": -25.360477447509766, ""dSASA_int"": 967.4615478515625, ""delta_unsatHbonds"": 1.0, ""hbonds_int"": 4.0, ""nres_int"": 47.0, ""packstat"": 0.6188426613807678, ""sc_value"": 0.6757640242576599}, ""A-C"": {""dG_dSASA_ratio"": -2.8572027683258057, ""dG_separated"": -47.934120178222656, ""dSASA_int"": 1677.6590576171875, ""delta_unsatHbonds"": 13.0, ""hbonds_int"": 3.0, ""nres_int"": 75.0, ""packstat"": 0.5988006591796875, ""sc_value"": 0.657712459564209}, ""A-D"": {""dG_dSASA_ratio"": -3.227465867996216, ""dG_separated"": -36.52230453491211, ""dSASA_int"": 1131.6092529296875, ""delta_unsatHbonds"": 4.0, ""hbonds_int"": 0.0, ""nres_int"": 40.0, ""packstat"": 0.50391685962677, ""sc_value"": 0.7229443788528442}, ""B-C"": {""dG_dSASA_ratio"": -3.0928518772125244, ""dG_separated"": -32.9891357421875, ""dSASA_int"": 1066.6251220703125, ""delta_unsatHbonds"": 5.0, ""hbonds_int"": 0.0, ""nres_int"": 40.0, ""packstat"": 0.5846239924430847, ""sc_value"": 0.7899289131164551}, ""B-D"": {""dG_dSASA_ratio"": -2.933446168899536, ""dG_separated"": -46.206111907958984, ""dSASA_int"": 1575.1478271484375, ""delta_unsatHbonds"": 5.0, ""hbonds_int"": 4.0, ""nres_int"": 72.0, ""packstat"": 0.5922746658325195, ""sc_value"": 0.6273257732391357}, ""C-D"": {""dG_dSASA_ratio"": -2.735240936279297, ""dG_separated"": -27.35037612915039, ""dSASA_int"": 999.9256591796875, ""delta_unsatHbonds"": 0.0, ""hbonds_int"": 5.0, ""nres_int"": 48.0, ""packstat"": 0.5937407612800598, ""sc_value"": 0.6851027607917786}}"
ova_body_c4_13_ms25_r03	AF3	13	7013	0	0	A-B,A-C,A-D,B-C,B-D,C-D	6	3	1	"{""A-B"": 24, ""A-C"": 63, ""A-D"": 38, ""B-C"": 36, ""B-D"": 63, ""C-D"": 21}"	A-D,B-C	A-B,A-C,B-D,C-D	0.2167295881627334	0.6762762069702148	0.0	-2.5994012355804443	4.400317604955256	0.5163160562515259	0.0	-2.0443344116210938	7.307509412960289	"{""A-B"": {""dG_dSASA_ratio"": -2.7768025398254395, ""dG_separated"": -26.57444953918457, ""dSASA_int"": 957.0162353515625, ""delta_unsatHbonds"": 2.0, ""hbonds_int"": 4.0, ""nres_int"": 47.0, ""packstat"": 0.5812312364578247, ""sc_value"": 0.6776684522628784}, ""A-C"": {""dG_dSASA_ratio"": -2.936312437057495, ""dG_separated"": -46.2298469543457, ""dSASA_int"": 1574.4185791015625, ""delta_unsatHbonds"": 4.0, ""hbonds_int"": 4.0, ""nres_int"": 71.0, ""packstat"": 0.5935831069946289, ""sc_value"": 0.6338311433792114}, ""A-D"": {""dG_dSASA_ratio"": -2.6236305236816406, ""dG_separated"": -29.811832427978516, ""dSASA_int"": 1136.2816162109375, ""delta_unsatHbonds"": 5.0, ""hbonds_int"": 0.0, ""nres_int"": 40.0, ""packstat"": 0.5378548502922058, ""sc_value"": 0.6762762069702148}, ""B-C"": {""dG_dSASA_ratio"": -2.5994012355804443, ""dG_separated"": -29.86932373046875, ""dSASA_int"": 1149.0848388671875, ""delta_unsatHbonds"": 0.0, ""hbonds_int"": 0.0, ""nres_int"": 40.0, ""packstat"": 0.46574074029922485, ""sc_value"": 0.790726900100708}, ""B-D"": {""dG_dSASA_ratio"": -2.9271106719970703, ""dG_separated"": -48.067440032958984, ""dSASA_int"": 1642.1463623046875, ""delta_unsatHbonds"": 12.0, ""hbonds_int"": 4.0, ""nres_int"": 74.0, ""packstat"": 0.5702595114707947, ""sc_value"": 0.6486013531684875}, ""C-D"": {""dG_dSASA_ratio"": -2.0443344116210938, ""dG_separated"": -19.302249908447266, ""dSASA_int"": 944.1826171875, ""delta_unsatHbonds"": 1.0, ""hbonds_int"": 3.0, ""nres_int"": 46.0, ""packstat"": 0.5860099792480469, ""sc_value"": 0.5163160562515259}}"
ova_body_c4_13_ms25_r03	AF3	14	7014	0	0	A-B,A-C,A-D,B-C,B-D,C-D	6	3	1	"{""A-B"": 22, ""A-C"": 65, ""A-D"": 34, ""B-C"": 37, ""B-D"": 59, ""C-D"": 25}"	A-D,B-C	A-B,A-C,B-D,C-D	0.2306940625672721	0.782930850982666	0.0	-2.975398302078247	1.8276869586325188	0.5928959846496582	0.0	-2.611330509185791	5.0299238872494545	"{""A-B"": {""dG_dSASA_ratio"": -2.611330509185791, ""dG_separated"": -25.117284774780273, ""dSASA_int"": 961.8577880859375, ""delta_unsatHbonds"": 0.0, ""hbonds_int"": 4.0, ""nres_int"": 46.0, ""packstat"": 0.5447015166282654, ""sc_value"": 0.6990125179290771}, ""A-C"": {""dG_dSASA_ratio"": -3.000978946685791, ""dG_separated"": -47.730010986328125, ""dSASA_int"": 1590.4813232421875, ""delta_unsatHbonds"": 8.0, ""hbonds_int"": 4.0, ""nres_int"": 72.0, ""packstat"": 0.5984677672386169, ""sc_value"": 0.6305191516876221}, ""A-D"": {""dG_dSASA_ratio"": -2.975398302078247, ""dG_separated"": -31.956266403198242, ""dSASA_int"": 1074.0164794921875, ""delta_unsatHbonds"": 0.0, ""hbonds_int"": 0.0, ""nres_int"": 40.0, ""packstat"": 0.566146731376648, ""sc_value"": 0.782930850982666}, ""B-C"": {""dG_dSASA_ratio"": -3.2329342365264893, ""dG_separated"": -35.3773307800293, ""dSASA_int"": 1094.279296875, ""delta_unsatHbonds"": 2.0, ""hbonds_int"": 0.0, ""nres_int"": 40.0, ""packstat"": 0.5978272557258606, ""sc_value"": 0.7909508943557739}, ""B-D"": {""dG_dSASA_ratio"": -2.7885353565216064, ""dG_separated"": -45.26933288574219, ""dSASA_int"": 1623.408935546875, ""delta_unsatHbonds"": 5.0, ""hbonds_int"": 4.0, ""nres_int"": 71.0, ""packstat"": 0.5698687434196472, ""sc_value"": 0.5928959846496582}, ""C-D"": {""dG_dSASA_ratio"": -2.6439144611358643, ""dG_separated"": -26.640586853027344, ""dSASA_int"": 1007.6190185546875, ""delta_unsatHbonds"": 2.0, ""hbonds_int"": 4.0, ""nres_int"": 48.0, ""packstat"": 0.610454261302948, ""sc_value"": 0.6794909238815308}}"
ova_body_c4_13_ms25_r03	AF3	15	7015	0	0	A-B,A-C,A-D,B-C,B-D,C-D	6	3	1	"{""A-B"": 21, ""A-C"": 64, ""A-D"": 36, ""B-C"": 35, ""B-D"": 58, ""C-D"": 25}"	A-D,B-C	A-B,A-C,B-D,C-D	0.23552156982890168	0.751731812953949	0.0	-2.8100836277008057	3.6608286088035733	0.5873737335205078	0.0	-2.323031425476074	9.85276256888353	"{""A-B"": {""dG_dSASA_ratio"": -2.5574512481689453, ""dG_separated"": -23.17430877685547, ""dSASA_int"": 906.1485595703125, ""delta_unsatHbonds"": 0.0, ""hbonds_int"": 3.0, ""nres_int"": 47.0, ""packstat"": 0.5802810192108154, ""sc_value"": 0.7053120136260986}, ""A-C"": {""dG_dSASA_ratio"": -2.7977378368377686, ""dG_separated"": -45.432743072509766, ""dSASA_int"": 1623.9100341796875, ""delta_unsatHbonds"": 16.0, ""hbonds_int"": 3.0, ""nres_int"": 73.0, ""packstat"": 0.6362043023109436, ""sc_value"": 0.6310352683067322}, ""A-D"": {""dG_dSASA_ratio"": -3.2585642337799072, ""dG_separated"": -36.69186782836914, ""dSASA_int"": 1126.0133056640625, ""delta_unsatHbonds"": 3.0, ""hbonds_int"": 0.0, ""nres_int"": 40.0, ""packstat"": 0.5247258543968201, ""sc_value"": 0.8335080146789551}, ""B-C"": {""dG_dSASA_ratio"": -2.8100836277008057, ""dG_separated"": -30.704345703125, ""dSASA_int"": 1092.6488037109375, ""delta_unsatHbonds"": 4.0, ""hbonds_int"": 0.0, ""nres_int"": 40.0, ""packstat"": 0.6058411002159119, ""sc_value"": 0.751731812953949}, ""B-D"": {""dG_dSASA_ratio"": -2.9701220989227295, ""dG_separated"": -46.08049011230469, ""dSASA_int"": 1551.4678955078125, ""delta_unsatHbonds"": 6.0, ""hbonds_int"": 5.0, ""nres_int"": 70.0, ""packstat"": 0.5865812301635742, ""sc_value"": 0.5873737335205078}, ""C-D"": {""dG_dSASA_ratio"": -2.323031425476074, ""dG_separated"": -23.831846237182617, ""dSASA_int"": 1025.894287109375, ""delta_unsatHbonds"": 0.0, ""hbonds_int"": 4.0, ""nres_int"": 47.0, ""packstat"": 0.5544329881668091, ""sc_value"": 0.6621807813644409}}"
ova_body_c4_13_ms25_r03	AF3	16	7016	0	0	A-B,A-C,A-D,B-C,B-D,C-D	6	3	1	"{""A-B"": 25, ""A-C"": 61, ""A-D"": 35, ""B-C"": 35, ""B-D"": 59, ""C-D"": 25}"	A-D,B-C	A-B,A-C,B-D,C-D	0.22993085144784234	0.7159138917922974	0.0	-3.3568098545074463	5.718637718855519	0.6057327389717102	0.0	-2.579134464263916	5.718637718855519	"{""A-B"": {""dG_dSASA_ratio"": -2.6751017570495605, ""dG_separated"": -26.104768753051758, ""dSASA_int"": 975.8421020507812, ""delta_unsatHbonds"": 0.0, ""hbonds_int"": 4.0, ""nres_int"": 47.0, ""packstat"": 0.6013736128807068, ""sc_value"": 0.6965104341506958}, ""A-C"": {""dG_dSASA_ratio"": -2.8250274658203125, ""dG_separated"": -45.68585205078125, ""dSASA_int"": 1617.1824951171875, ""delta_unsatHbonds"": 5.0, ""hbonds_int"": 3.0, ""nres_int"": 73.0, ""packstat"": 0.5348932147026062, ""sc_value"": 0.6057327389717102}, ""A-D"": {""dG_dSASA_ratio"": -3.478442907333374, ""dG_separated"": -38.444400787353516, ""dSASA_int"": 1105.2186279296875, ""delta_unsatHbonds"": 4.0, ""hbonds_int"": 0.0, ""nres_int"": 39.0, ""packstat"": 0.6173141598701477, ""sc_value"": 0.7159138917922974}, ""B-C"": {""dG_dSASA_ratio"": -3.3568098545074463, ""dG_separated"": -35.21968078613281, ""dSASA_int"": 1049.200927734375, ""delta_unsatHbonds"": 6.0, ""hbonds_int"": 0.0, ""nres_int"": 40.0, ""packstat"": 0.5656211972236633, ""sc_value"": 0.7927196025848389}, ""B-D"": {""dG_dSASA_ratio"": -2.9816102981567383, ""dG_separated"": -47.1894645690918, ""dSASA_int"": 1582.683837890625, ""delta_unsatHbonds"": 8.0, ""hbonds_int"": 5.0, ""nres_int"": 71.0, ""packstat"": 0.65812087059021, ""sc_value"": 0.6464017629623413}, ""C-D"": {""dG_dSASA_ratio"": -2.579134464263916, ""dG_separated"": -26.09760856628418, ""dSASA_int"": 1011.8746337890625, ""delta_unsatHbonds"": 0.0, ""hbonds_int"": 5.0, ""nres_int"": 48.0, ""packstat"": 0.5556159615516663, ""sc_value"": 0.6757568120956421}}"
ova_body_c4_13_ms25_r03	AF3	17	7017	0	0	A-B,A-C,A-D,B-C,B-D,C-D	6	3	1	"{""A-B"": 27, ""A-C"": 66, ""A-D"": 29, ""B-C"": 35, ""B-D"": 59, ""C-D"": 24}"	A-D,B-C	A-B,A-C,B-D,C-D	0.23235679906348508	0.6635961532592773	0.0	-2.3489508628845215	5.882130893824583	0.6102746725082397	0.0	-2.3489508628845215	5.882130893824583	"{""A-B"": {""dG_dSASA_ratio"": -2.698850393295288, ""dG_separated"": -26.1925048828125, ""dSASA_int"": 970.5059814453125, ""delta_unsatHbonds"": 0.0, ""hbonds_int"": 5.0, ""nres_int"": 46.0, ""packstat"": 0.5422483086585999, ""sc_value"": 0.6894432306289673}, ""A-C"": {""dG_dSASA_ratio"": -3.0458531379699707, ""dG_separated"": -49.76107406616211, ""dSASA_int"": 1633.73193359375, ""delta_unsatHbonds"": 9.0, ""hbonds_int"": 4.0, ""nres_int"": 75.0, ""packstat"": 0.6029341816902161, ""sc_value"": 0.6287192702293396}, ""A-D"": {""dG_dSASA_ratio"": -2.3489508628845215, ""dG_separated"": -27.953569412231445, ""dSASA_int"": 1190.044921875, ""delta_unsatHbonds"": 7.0, ""hbonds_int"": 0.0, ""nres_int"": 38.0, ""packstat"": 0.6140689253807068, ""sc_value"": 0.6635961532592773}, ""B-C"": {""dG_dSASA_ratio"": -3.3435146808624268, ""dG_separated"": -37.32740020751953, ""dSASA_int"": 1116.4119873046875, ""delta_unsatHbonds"": 4.0, ""hbonds_int"": 0.0, ""nres_int"": 40.0, ""packstat"": 0.469277560710907, ""sc_value"": 0.6988380551338196}, ""B-D"": {""dG_dSASA_ratio"": -2.6502764225006104, ""dG_separated"": -42.86565017700195, ""dSASA_int"": 1617.4029541015625, ""delta_unsatHbonds"": 8.0, ""hbonds_int"": 3.0, ""nres_int"": 73.0, ""packstat"": 0.5146254897117615, ""sc_value"": 0.6102746725082397}, ""C-D"": {""dG_dSASA_ratio"": -2.5244481563568115, ""dG_separated"": -25.99233055114746, ""dSASA_int"": 1029.624267578125, ""delta_unsatHbonds"": 0.0, ""hbonds_int"": 4.0, ""nres_int"": 48.0, ""packstat"": 0.6231094002723694, ""sc_value"": 0.7053809762001038}}"
ova_body_c4_13_ms25_r03	AF3	18	7018	0	0	A-B,A-C,A-D,B-C,B-D,C-D	6	3	1	"{""A-B"": 22, ""A-C"": 64, ""A-D"": 35, ""B-C"": 34, ""B-D"": 64, ""C-D"": 25}"	A-D,B-C	A-B,A-C,B-D,C-D	0.22365141468780542	0.7757605910301208	0.0	-2.3712031841278076	3.732385414355378	0.6216205358505249	0.0	-2.013169527053833	5.435454530374827	"{""A-B"": {""dG_dSASA_ratio"": -2.013169527053833, ""dG_separated"": -19.764659881591797, ""dSASA_int"": 981.7682495117188, ""delta_unsatHbonds"": 0.0, ""hbonds_int"": 3.0, ""nres_int"": 43.0, ""packstat"": 0.621809720993042, ""sc_value"": 0.6441301107406616}, ""A-C"": {""dG_dSASA_ratio"": -2.9666881561279297, ""dG_separated"": -46.73796463012695, ""dSASA_int"": 1575.4256591796875, ""delta_unsatHbonds"": 7.0, ""hbonds_int"": 4.0, ""nres_int"": 72.0, ""packstat"": 0.5890800952911377, ""sc_value"": 0.6226136684417725}, ""A-D"": {""dG_dSASA_ratio"": -2.935535192489624, ""dG_separated"": -31.460147857666016, ""dSASA_int"": 1071.70068359375, ""delta_unsatHbonds"": 4.0, ""hbonds_int"": 0.0, ""nres_int"": 40.0, ""packstat"": 0.5314974188804626, ""sc_value"": 0.7989791631698608}, ""B-C"": {""dG_dSASA_ratio"": -2.3712031841278076, ""dG_separated"": -27.60430335998535, ""dSASA_int"": 1164.1475830078125, ""delta_unsatHbonds"": 2.0, ""hbonds_int"": 0.0, ""nres_int"": 40.0, ""packstat"": 0.4644668400287628, ""sc_value"": 0.7757605910301208}, ""B-D"": {""dG_dSASA_ratio"": -2.8730907440185547, ""dG_separated"": -47.57250213623047, ""dSASA_int"": 1655.7952880859375, ""delta_unsatHbonds"": 9.0, ""hbonds_int"": 5.0, ""nres_int"": 74.0, ""packstat"": 0.5762548446655273, ""sc_value"": 0.6216205358505249}, ""C-D"": {""dG_dSASA_ratio"": -2.5003154277801514, ""dG_separated"": -25.47735023498535, ""dSASA_int"": 1018.9654541015625, ""delta_unsatHbonds"": 0.0, ""hbonds_int"": 4.0, ""nres_int"": 48.0, ""packstat"": 0.5440635681152344, ""sc_value"": 0.6657394170761108}}"
ova_body_c4_13_ms25_r03	AF3	19	7019	0	0	A-B,A-C,A-D,B-C,B-D,C-D	6	3	1	"{""A-B"": 27, ""A-C"": 63, ""A-D"": 32, ""B-C"": 34, ""B-D"": 62, ""C-D"": 27}"	A-D,B-C	A-B,A-C,B-D,C-D	0.23190295551242848	0.6851859092712402	0.0	-3.42893648147583	3.585414950396909	0.6247759461402893	0.0	-2.6426353454589844	7.446985002852163	"{""A-B"": {""dG_dSASA_ratio"": -2.7538440227508545, ""dG_separated"": -26.558547973632812, ""dSASA_int"": 964.4172973632812, ""delta_unsatHbonds"": 0.0, ""hbonds_int"": 5.0, ""nres_int"": 46.0, ""packstat"": 0.5797315239906311, ""sc_value"": 0.6862635612487793}, ""A-C"": {""dG_dSASA_ratio"": -2.8830926418304443, ""dG_separated"": -46.45787811279297, ""dSASA_int"": 1611.390380859375, ""delta_unsatHbonds"": 12.0, ""hbonds_int"": 4.0, ""nres_int"": 72.0, ""packstat"": 0.5861997604370117, ""sc_value"": 0.6247759461402893}, ""A-D"": {""dG_dSASA_ratio"": -3.5462281703948975, ""dG_separated"": -37.80900192260742, ""dSASA_int"": 1066.175048828125, ""delta_unsatHbonds"": 2.0, ""hbonds_int"": 0.0, ""nres_int"": 40.0, ""packstat"": 0.561659574508667, ""sc_value"": 0.715246319770813}, ""B-C"": {""dG_dSASA_ratio"": -3.42893648147583, ""dG_separated"": -38.254276275634766, ""dSASA_int"": 1115.6309814453125, ""delta_unsatHbonds"": 4.0, ""hbonds_int"": 0.0, ""nres_int"": 40.0, ""packstat"": 0.5822018980979919, ""sc_value"": 0.6851859092712402}, ""B-D"": {""dG_dSASA_ratio"": -2.882481575012207, ""dG_separated"": -47.17448043823242, ""dSASA_int"": 1636.5926513671875, ""delta_unsatHbonds"": 7.0, ""hbonds_int"": 5.0, ""nres_int"": 71.0, ""packstat"": 0.6034982800483704, ""sc_value"": 0.6715661883354187}, ""C-D"": {""dG_dSASA_ratio"": -2.6426353454589844, ""dG_separated"": -27.05809783935547, ""dSASA_int"": 1023.9058837890625, ""delta_unsatHbonds"": 1.0, ""hbonds_int"": 5.0, ""nres_int"": 48.0, ""packstat"": 0.5468553304672241, ""sc_value"": 0.6896528005599976}}"
ova_body_c4_13_ms25_r03	AF3	20	7020	0	0	A-B,A-C,A-D,B-C,B-D,C-D	6	3	1	"{""A-B"": 27, ""A-C"": 63, ""A-D"": 32, ""B-C"": 34, ""B-D"": 60, ""C-D"": 24}"	A-D,B-C	A-B,A-C,B-D,C-D	0.2291822230622472	0.690741777420044	0.0	-3.3053386211395264	3.5677911901427573	0.6332751512527466	0.0	-2.6333882808685303	6.207018461864153	"{""A-B"": {""dG_dSASA_ratio"": -2.6333882808685303, ""dG_separated"": -26.175338745117188, ""dSASA_int"": 993.9794921875, ""delta_unsatHbonds"": 0.0, ""hbonds_int"": 5.0, ""nres_int"": 47.0, ""packstat"": 0.6146793365478516, ""sc_value"": 0.6713780164718628}, ""A-C"": {""dG_dSASA_ratio"": -2.859706163406372, ""dG_separated"": -46.07213592529297, ""dSASA_int"": 1611.0794677734375, ""delta_unsatHbonds"": 10.0, ""hbonds_int"": 3.0, ""nres_int"": 74.0, ""packstat"": 0.5022287368774414, ""sc_value"": 0.6332751512527466}, ""A-D"": {""dG_dSASA_ratio"": -3.5632777214050293, ""dG_separated"": -39.94939422607422, ""dSASA_int"": 1121.141845703125, ""delta_unsatHbonds"": 4.0, ""hbonds_int"": 0.0, ""nres_int"": 38.0, ""packstat"": 0.5270792245864868, ""sc_value"": 0.7167243957519531}, ""B-C"": {""dG_dSASA_ratio"": -3.3053386211395264, ""dG_separated"": -36.53437042236328, ""dSASA_int"": 1105.31396484375, ""delta_unsatHbonds"": 0.0, ""hbonds_int"": 0.0, ""nres_int"": 40.0, ""packstat"": 0.4824652373790741, ""sc_value"": 0.690741777420044}, ""B-D"": {""dG_dSASA_ratio"": -2.813504457473755, ""dG_separated"": -45.98465347290039, ""dSASA_int"": 1634.4261474609375, ""delta_unsatHbonds"": 7.0, ""hbonds_int"": 4.0, ""nres_int"": 73.0, ""packstat"": 0.6549857258796692, ""sc_value"": 0.6407516002655029}, ""C-D"": {""dG_dSASA_ratio"": -2.650487184524536, ""dG_separated"": -26.55116081237793, ""dSASA_int"": 1001.7465209960938, ""delta_unsatHbonds"": 0.0, ""hbonds_int"": 5.0, ""nres_int"": 48.0, ""packstat"": 0.5642979741096497, ""sc_value"": 0.6946734189987183}}"
ova_body_c4_13_ms25_r03	AF3	21	7021	0	0	A-B,A-C,A-D,B-C,B-D,C-D	6	3	1	"{""A-B"": 24, ""A-C"": 64, ""A-D"": 37, ""B-C"": 35, ""B-D"": 57, ""C-D"": 25}"	A-D,B-C	A-B,A-C,B-D,C-D	0.22017544924235474	0.6531931161880493	0.0	-2.7840890884399414	3.632381850594796	0.6152894496917725	0.0	-2.672700881958008	8.793659008788827	"{""A-B"": {""dG_dSASA_ratio"": -2.672700881958008, ""dG_separated"": -25.811132431030273, ""dSASA_int"": 965.732177734375, ""delta_unsatHbonds"": 2.0, ""hbonds_int"": 4.0, ""nres_int"": 46.0, ""packstat"": 0.4939086437225342, ""sc_value"": 0.6967862844467163}, ""A-C"": {""dG_dSASA_ratio"": -2.8264193534851074, ""dG_separated"": -46.99031448364258, ""dSASA_int"": 1662.5386962890625, ""delta_unsatHbonds"": 9.0, ""hbonds_int"": 4.0, ""nres_int"": 73.0, ""packstat"": 0.6340568661689758, ""sc_value"": 0.6152894496917725}, ""A-D"": {""dG_dSASA_ratio"": -2.7840890884399414, ""dG_separated"": -30.658550262451172, ""dSASA_int"": 1101.205810546875, ""delta_unsatHbonds"": 4.0, ""hbonds_int"": 0.0, ""nres_int"": 40.0, ""packstat"": 0.5584767460823059, ""sc_value"": 0.7792179584503174}, ""B-C"": {""dG_dSASA_ratio"": -2.9509410858154297, ""dG_separated"": -33.62321090698242, ""dSASA_int"": 1139.4063720703125, ""delta_unsatHbonds"": 4.0, ""hbonds_int"": 0.0, ""nres_int"": 40.0, ""packstat"": 0.5149070620536804, ""sc_value"": 0.6531931161880493}, ""B-D"": {""dG_dSASA_ratio"": -2.8485724925994873, ""dG_separated"": -45.35087585449219, ""dSASA_int"": 1592.0562744140625, ""delta_unsatHbonds"": 14.0, ""hbonds_int"": 3.0, ""nres_int"": 72.0, ""packstat"": 0.5839797258377075, ""sc_value"": 0.6187882423400879}, ""C-D"": {""dG_dSASA_ratio"": -3.2501893043518066, ""dG_separated"": -32.30598068237305, ""dSASA_int"": 993.9722900390625, ""delta_unsatHbonds"": 4.0, ""hbonds_int"": 4.0, ""nres_int"": 48.0, ""packstat"": 0.5670837163925171, ""sc_value"": 0.6776155233383179}}"
ova_body_c4_13_ms25_r03	AF3	22	7022	0	0	A-B,A-C,A-D,B-C,B-D,C-D	6	3	1	"{""A-B"": 23, ""A-C"": 63, ""A-D"": 39, ""B-C"": 32, ""B-D"": 60, ""C-D"": 26}"	A-D,B-C	A-B,A-C,B-D,C-D	0.23080362649967476	0.7120175361633301	0.0	-2.998650074005127	3.655485649251422	0.6356652975082397	0.0	-2.688896656036377	6.811500242150224	"{""A-B"": {""dG_dSASA_ratio"": -2.688896656036377, ""dG_separated"": -25.34076499938965, ""dSASA_int"": 942.4224243164062, ""delta_unsatHbonds"": 0.0, ""hbonds_int"": 4.0, ""nres_int"": 46.0, ""packstat"": 0.5830738544464111, ""sc_value"": 0.688774585723877}, ""A-C"": {""dG_dSASA_ratio"": -2.814537286758423, ""dG_separated"": -45.45240783691406, ""dSASA_int"": 1614.9158935546875, ""delta_unsatHbonds"": 11.0, ""hbonds_int"": 3.0, ""nres_int"": 72.0, ""packstat"": 0.6125392913818359, ""sc_value"": 0.6411720514297485}, ""A-D"": {""dG_dSASA_ratio"": -2.998650074005127, ""dG_separated"": -32.81260299682617, ""dSASA_int"": 1094.245849609375, ""delta_unsatHbonds"": 4.0, ""hbonds_int"": 0.0, ""nres_int"": 40.0, ""packstat"": 0.5880779027938843, ""sc_value"": 0.8246847987174988}, ""B-C"": {""dG_dSASA_ratio"": -3.4535484313964844, ""dG_separated"": -37.90361785888672, ""dSASA_int"": 1097.526611328125, ""delta_unsatHbonds"": 2.0, ""hbonds_int"": 0.0, ""nres_int"": 38.0, ""packstat"": 0.5130008459091187, ""sc_value"": 0.7120175361633301}, ""B-D"": {""dG_dSASA_ratio"": -2.8577003479003906, ""dG_separated"": -46.14082336425781, ""dSASA_int"": 1614.61376953125, ""delta_unsatHbonds"": 8.0, ""hbonds_int"": 4.0, ""nres_int"": 72.0, ""packstat"": 0.614711344242096, ""sc_value"": 0.6356652975082397}, ""C-D"": {""dG_dSASA_ratio"": -2.8796560764312744, ""dG_separated"": -28.77717399597168, ""dSASA_int"": 999.3267822265625, ""delta_unsatHbonds"": 2.0, ""hbonds_int"": 5.0, ""nres_int"": 48.0, ""packstat"": 0.5650513172149658, ""sc_value"": 0.6743407249450684}}"
ova_body_c4_13_ms25_r03	AF3	23	7023	0	0	A-B,A-C,A-D,B-C,B-D,C-D	6	3	1	"{""A-B"": 22, ""A-C"": 63, ""A-D"": 37, ""B-C"": 33, ""B-D"": 62, ""C-D"": 24}"	A-D,B-C	A-B,A-C,B-D,C-D	0.2343972699882199	0.6527345180511475	0.0	-2.4858651161193848	7.96384985948117	0.6219543218612671	0.0	-2.4858651161193848	7.96384985948117	"{""A-B"": {""dG_dSASA_ratio"": -2.583472967147827, ""dG_separated"": -22.858123779296875, ""dSASA_int"": 884.7827758789062, ""delta_unsatHbonds"": 0.0, ""hbonds_int"": 3.0, ""nres_int"": 45.0, ""packstat"": 0.5606867671012878, ""sc_value"": 0.7064608335494995}, ""A-C"": {""dG_dSASA_ratio"": -2.9765329360961914, ""dG_separated"": -47.6699333190918, ""dSASA_int"": 1601.525390625, ""delta_unsatHbonds"": 9.0, ""hbonds_int"": 4.0, ""nres_int"": 72.0, ""packstat"": 0.5490174293518066, ""sc_value"": 0.6219543218612671}, ""A-D"": {""dG_dSASA_ratio"": -3.5539469718933105, ""dG_separated"": -39.07231903076172, ""dSASA_int"": 1099.4063720703125, ""delta_unsatHbonds"": 2.0, ""hbonds_int"": 0.0, ""nres_int"": 40.0, ""packstat"": 0.5978853702545166, ""sc_value"": 0.7434872388839722}, ""B-C"": {""dG_dSASA_ratio"": -2.4858651161193848, ""dG_separated"": -28.092926025390625, ""dSASA_int"": 1130.106689453125, ""delta_unsatHbonds"": 9.0, ""hbonds_int"": 0.0, ""nres_int"": 38.0, ""packstat"": 0.5926779508590698, ""sc_value"": 0.6527345180511475}, ""B-D"": {""dG_dSASA_ratio"": -2.9427947998046875, ""dG_separated"": -48.54648208618164, ""dSASA_int"": 1649.672607421875, ""delta_unsatHbonds"": 13.0, ""hbonds_int"": 4.0, ""nres_int"": 75.0, ""packstat"": 0.6121265292167664, ""sc_value"": 0.6230138540267944}, ""C-D"": {""dG_dSASA_ratio"": -2.539440631866455, ""dG_separated"": -25.699289321899414, ""dSASA_int"": 1012.0059204101562, ""delta_unsatHbonds"": 0.0, ""hbonds_int"": 4.0, ""nres_int"": 47.0, ""packstat"": 0.525924026966095, ""sc_value"": 0.6963824033737183}}"
ova_body_c4_13_ms25_r03	AF3	24	7024	0	0	A-B,A-C,A-D,B-C,B-D,C-D	6	3	1	"{""A-B"": 23, ""A-C"": 61, ""A-D"": 30, ""B-C"": 29, ""B-D"": 63, ""C-D"": 26}"	A-D,B-C	A-B,A-C,B-D,C-D	0.25080200299990507	0.5750573873519897	0.0	-2.442584753036499	6.421090703057027	0.5750573873519897	0.0	-2.431678533554077	6.421090703057027	"{""A-B"": {""dG_dSASA_ratio"": -2.601893186569214, ""dG_separated"": -25.05000877380371, ""dSASA_int"": 962.7608642578125, ""delta_unsatHbonds"": 0.0, ""hbonds_int"": 4.0, ""nres_int"": 45.0, ""packstat"": 0.5967420339584351, ""sc_value"": 0.7066164612770081}, ""A-C"": {""dG_dSASA_ratio"": -3.0543265342712402, ""dG_separated"": -48.31687927246094, ""dSASA_int"": 1581.9158935546875, ""delta_unsatHbonds"": 10.0, ""hbonds_int"": 4.0, ""nres_int"": 74.0, ""packstat"": 0.5727525949478149, ""sc_value"": 0.6320730447769165}, ""A-D"": {""dG_dSASA_ratio"": -2.752779722213745, ""dG_separated"": -27.833589553833008, ""dSASA_int"": 1011.1084594726562, ""delta_unsatHbonds"": 6.0, ""hbonds_int"": 0.0, ""nres_int"": 36.0, ""packstat"": 0.5646491050720215, ""sc_value"": 0.6840810775756836}, ""B-C"": {""dG_dSASA_ratio"": -2.442584753036499, ""dG_separated"": -26.628019332885742, ""dSASA_int"": 1090.157470703125, ""delta_unsatHbonds"": 7.0, ""hbonds_int"": 0.0, ""nres_int"": 40.0, ""packstat"": 0.48251500725746155, ""sc_value"": 0.5750573873519897}, ""B-D"": {""dG_dSASA_ratio"": -2.853803873062134, ""dG_separated"": -47.942501068115234, ""dSASA_int"": 1679.950927734375, ""delta_unsatHbonds"": 7.0, ""hbonds_int"": 5.0, ""nres_int"": 75.0, ""packstat"": 0.6358360052108765, ""sc_value"": 0.6021328568458557}, ""C-D"": {""dG_dSASA_ratio"": -2.431678533554077, ""dG_separated"": -25.081743240356445, ""dSASA_int"": 1031.4580078125, ""delta_unsatHbonds"": 2.0, ""hbonds_int"": 5.0, ""nres_int"": 46.0, ""packstat"": 0.5635467171669006, ""sc_value"": 0.6594839096069336}}"
ova_body_c4_13_ms25_r03	AF3	25	7025	0	0	A-B,A-C,A-D,B-C,B-D,C-D	6	3	1	"{""A-B"": 22, ""A-C"": 62, ""A-D"": 36, ""B-C"": 34, ""B-D"": 65, ""C-D"": 24}"	A-D,B-C	A-B,A-C,B-D,C-D	0.2466248605679779	0.6462170481681824	0.0	-2.487687349319458	5.2440904759242555	0.5786805152893066	0.0	-2.487687349319458	5.302018669106156	"{""A-B"": {""dG_dSASA_ratio"": -2.837726354598999, ""dG_separated"": -27.47574234008789, ""dSASA_int"": 968.2308349609375, ""delta_unsatHbonds"": 3.0, ""hbonds_int"": 4.0, ""nres_int"": 45.0, ""packstat"": 0.5499730706214905, ""sc_value"": 0.7031294107437134}, ""A-C"": {""dG_dSASA_ratio"": -2.89888858795166, ""dG_separated"": -45.17885208129883, ""dSASA_int"": 1558.48876953125, ""delta_unsatHbonds"": 7.0, ""hbonds_int"": 4.0, ""nres_int"": 70.0, ""packstat"": 0.5853983759880066, ""sc_value"": 0.5786805152893066}, ""A-D"": {""dG_dSASA_ratio"": -2.487687349319458, ""dG_separated"": -28.462749481201172, ""dSASA_int"": 1144.14501953125, ""delta_unsatHbonds"": 6.0, ""hbonds_int"": 1.0, ""nres_int"": 38.0, ""packstat"": 0.6033219695091248, ""sc_value"": 0.6905272006988525}, ""B-C"": {""dG_dSASA_ratio"": -2.8132381439208984, ""dG_separated"": -33.809669494628906, ""dSASA_int"": 1201.80615234375, ""delta_unsatHbonds"": 4.0, ""hbonds_int"": 0.0, ""nres_int"": 39.0, ""packstat"": 0.3646717965602875, ""sc_value"": 0.6462170481681824}, ""B-D"": {""dG_dSASA_ratio"": -2.8823187351226807, ""dG_separated"": -48.9264030456543, ""dSASA_int"": 1697.4666748046875, ""delta_unsatHbonds"": 9.0, ""hbonds_int"": 4.0, ""nres_int"": 75.0, ""packstat"": 0.6229942440986633, ""sc_value"": 0.6323609948158264}, ""C-D"": {""dG_dSASA_ratio"": -2.5205729007720947, ""dG_separated"": -25.515321731567383, ""dSASA_int"": 1012.2826538085938, ""delta_unsatHbonds"": 0.0, ""hbonds_int"": 4.0, ""nres_int"": 47.0, ""packstat"": 0.5035128593444824, ""sc_value"": 0.6773809194564819}}"
ova_body_c4_13_ms25_r03	AF3	26	7026	0	0	A-B,A-C,A-D,B-C,B-D,C-D	6	3	1	"{""A-B"": 24, ""A-C"": 61, ""A-D"": 38, ""B-C"": 36, ""B-D"": 60, ""C-D"": 25}"	A-D,B-C	A-B,A-C,B-D,C-D	0.22201639989428423	0.7016782760620117	0.0	-3.2176661491394043	3.6018896290354867	0.6058850288391113	0.0	-2.572559356689453	5.6731105501712245	"{""A-B"": {""dG_dSASA_ratio"": -2.620734214782715, ""dG_separated"": -25.219778060913086, ""dSASA_int"": 962.3172607421875, ""delta_unsatHbonds"": 0.0, ""hbonds_int"": 4.0, ""nres_int"": 47.0, ""packstat"": 0.5635384321212769, ""sc_value"": 0.6701928377151489}, ""A-C"": {""dG_dSASA_ratio"": -2.841832160949707, ""dG_separated"": -45.08371353149414, ""dSASA_int"": 1586.4312744140625, ""delta_unsatHbonds"": 9.0, ""hbonds_int"": 3.0, ""nres_int"": 73.0, ""packstat"": 0.6150727868080139, ""sc_value"": 0.610429048538208}, ""A-D"": {""dG_dSASA_ratio"": -3.2176661491394043, ""dG_separated"": -35.733089447021484, ""dSASA_int"": 1110.5281982421875, ""delta_unsatHbonds"": 4.0, ""hbonds_int"": 0.0, ""nres_int"": 40.0, ""packstat"": 0.585051417350769, ""sc_value"": 0.7535750865936279}, ""B-C"": {""dG_dSASA_ratio"": -3.307720422744751, ""dG_separated"": -37.66299819946289, ""dSASA_int"": 1138.63916015625, ""delta_unsatHbonds"": 3.0, ""hbonds_int"": 0.0, ""nres_int"": 40.0, ""packstat"": 0.5600734949111938, ""sc_value"": 0.7016782760620117}, ""B-D"": {""dG_dSASA_ratio"": -2.6557960510253906, ""dG_separated"": -43.191165924072266, ""dSASA_int"": 1626.2982177734375, ""delta_unsatHbonds"": 8.0, ""hbonds_int"": 3.0, ""nres_int"": 71.0, ""packstat"": 0.6014426350593567, ""sc_value"": 0.6058850288391113}, ""C-D"": {""dG_dSASA_ratio"": -2.572559356689453, ""dG_separated"": -25.0732421875, ""dSASA_int"": 974.6419677734375, ""delta_unsatHbonds"": 0.0, ""hbonds_int"": 4.0, ""nres_int"": 48.0, ""packstat"": 0.48774051666259766, ""sc_value"": 0.6728410720825195}}"
ova_body_c4_13_ms25_r03	AF3	27	7027	0	0	A-B,A-C,A-D,B-C,B-D,C-D	6	3	1	"{""A-B"": 22, ""A-C"": 65, ""A-D"": 35, ""B-C"": 37, ""B-D"": 58, ""C-D"": 25}"	A-D,B-C	A-B,A-C,B-D,C-D	0.23064990288238568	0.6881166696548462	0.0	-2.8746538162231445	6.47819510462123	0.5849848389625549	0.0	-2.536072254180908	6.47819510462123	"{""A-B"": {""dG_dSASA_ratio"": -2.5505354404449463, ""dG_separated"": -24.564449310302734, ""dSASA_int"": 963.1094970703125, ""delta_unsatHbonds"": 0.0, ""hbonds_int"": 4.0, ""nres_int"": 45.0, ""packstat"": 0.6493988037109375, ""sc_value"": 0.6966558694839478}, ""A-C"": {""dG_dSASA_ratio"": -2.9069859981536865, ""dG_separated"": -47.23300552368164, ""dSASA_int"": 1624.8101806640625, ""delta_unsatHbonds"": 10.0, ""hbonds_int"": 4.0, ""nres_int"": 74.0, ""packstat"": 0.6115436553955078, ""sc_value"": 0.6365283727645874}, ""A-D"": {""dG_dSASA_ratio"": -3.049318552017212, ""dG_separated"": -37.65639877319336, ""dSASA_int"": 1234.911865234375, ""delta_unsatHbonds"": 8.0, ""hbonds_int"": 0.0, ""nres_int"": 41.0, ""packstat"": 0.5282778739929199, ""sc_value"": 0.6881166696548462}, ""B-C"": {""dG_dSASA_ratio"": -2.8746538162231445, ""dG_separated"": -31.85480499267578, ""dSASA_int"": 1108.126708984375, ""delta_unsatHbonds"": 4.0, ""hbonds_int"": 0.0, ""nres_int"": 40.0, ""packstat"": 0.5891055464744568, ""sc_value"": 0.7688090205192566}, ""B-D"": {""dG_dSASA_ratio"": -2.6955103874206543, ""dG_separated"": -43.05357360839844, ""dSASA_int"": 1597.2327880859375, ""delta_unsatHbonds"": 4.0, ""hbonds_int"": 3.0, ""nres_int"": 69.0, ""packstat"": 0.6796780824661255, ""sc_value"": 0.5849848389625549}, ""C-D"": {""dG_dSASA_ratio"": -2.536072254180908, ""dG_separated"": -25.57745361328125, ""dSASA_int"": 1008.5459594726562, ""delta_unsatHbonds"": 0.0, ""hbonds_int"": 4.0, ""nres_int"": 48.0, ""packstat"": 0.6012082099914551, ""sc_value"": 0.6981801986694336}}"
ova_body_c4_13_ms25_r03	AF3	28	7028	0	0	A-B,A-C,A-D,B-C,B-D,C-D	6	3	1	"{""A-B"": 26, ""A-C"": 61, ""A-D"": 34, ""B-C"": 32, ""B-D"": 61, ""C-D"": 26}"	A-D,B-C	A-B,A-C,B-D,C-D	0.2388273511235528	0.7430638670921326	0.0	-3.148672580718994	2.6231910324779997	0.6391085386276245	0.0	-2.6775169372558594	7.991714119720524	"{""A-B"": {""dG_dSASA_ratio"": -2.706932783126831, ""dG_separated"": -26.603422164916992, ""dSASA_int"": 982.7884521484375, ""delta_unsatHbonds"": 1.0, ""hbonds_int"": 5.0, ""nres_int"": 46.0, ""packstat"": 0.5583712458610535, ""sc_value"": 0.6866738200187683}, ""A-C"": {""dG_dSASA_ratio"": -3.011478900909424, ""dG_separated"": -48.364768981933594, ""dSASA_int"": 1606.013916015625, ""delta_unsatHbonds"": 8.0, ""hbonds_int"": 5.0, ""nres_int"": 73.0, ""packstat"": 0.5337106585502625, ""sc_value"": 0.6484225988388062}, ""A-D"": {""dG_dSASA_ratio"": -3.4330430030822754, ""dG_separated"": -39.26183319091797, ""dSASA_int"": 1143.645263671875, ""delta_unsatHbonds"": 3.0, ""hbonds_int"": 0.0, ""nres_int"": 40.0, ""packstat"": 0.5586378574371338, ""sc_value"": 0.7497618794441223}, ""B-C"": {""dG_dSASA_ratio"": -3.148672580718994, ""dG_separated"": -36.089962005615234, ""dSASA_int"": 1146.1961669921875, ""delta_unsatHbonds"": 1.0, ""hbonds_int"": 0.0, ""nres_int"": 37.0, ""packstat"": 0.5618675351142883, ""sc_value"": 0.7430638670921326}, ""B-D"": {""dG_dSASA_ratio"": -2.8319475650787354, ""dG_separated"": -46.066864013671875, ""dSASA_int"": 1626.684814453125, ""delta_unsatHbonds"": 13.0, ""hbonds_int"": 4.0, ""nres_int"": 73.0, ""packstat"": 0.6525719165802002, ""sc_value"": 0.6391085386276245}, ""C-D"": {""dG_dSASA_ratio"": -2.6775169372558594, ""dG_separated"": -27.964689254760742, ""dSASA_int"": 1044.42626953125, ""delta_unsatHbonds"": 2.0, ""hbonds_int"": 4.0, ""nres_int"": 48.0, ""packstat"": 0.5006386041641235, ""sc_value"": 0.6917974948883057}}"
ova_body_c4_13_ms25_r03	AF3	29	7029	0	0	A-B,A-C,A-D,B-C,B-D,C-D	6	3	1	"{""A-B"": 24, ""A-C"": 66, ""A-D"": 29, ""B-C"": 37, ""B-D"": 60, ""C-D"": 27}"	A-D,B-C	A-B,A-C,B-D,C-D	0.235420250563322	0.6505037546157837	0.0	-2.907953977584839	1.7700583566114445	0.5916991233825684	0.0	-2.6605381965637207	4.90207591725054	"{""A-B"": {""dG_dSASA_ratio"": -2.7321436405181885, ""dG_separated"": -26.50335121154785, ""dSASA_int"": 970.0570678710938, ""delta_unsatHbonds"": 2.0, ""hbonds_int"": 4.0, ""nres_int"": 45.0, ""packstat"": 0.588310718536377, ""sc_value"": 0.6896183490753174}, ""A-C"": {""dG_dSASA_ratio"": -3.0111401081085205, ""dG_separated"": -49.140655517578125, ""dSASA_int"": 1631.961669921875, ""delta_unsatHbonds"": 8.0, ""hbonds_int"": 4.0, ""nres_int"": 74.0, ""packstat"": 0.6197268962860107, ""sc_value"": 0.6524314880371094}, ""A-D"": {""dG_dSASA_ratio"": -3.1435301303863525, ""dG_separated"": -33.669559478759766, ""dSASA_int"": 1071.0748291015625, ""delta_unsatHbonds"": 0.0, ""hbonds_int"": 0.0, ""nres_int"": 40.0, ""packstat"": 0.542711079120636, ""sc_value"": 0.6505037546157837}, ""B-C"": {""dG_dSASA_ratio"": -2.907953977584839, ""dG_separated"": -32.857154846191406, ""dSASA_int"": 1129.90625, ""delta_unsatHbonds"": 2.0, ""hbonds_int"": 0.0, ""nres_int"": 40.0, ""packstat"": 0.5646744966506958, ""sc_value"": 0.7994927167892456}, ""B-D"": {""dG_dSASA_ratio"": -2.7075157165527344, ""dG_separated"": -44.29793167114258, ""dSASA_int"": 1636.10986328125, ""delta_unsatHbonds"": 4.0, ""hbonds_int"": 4.0, ""nres_int"": 70.0, ""packstat"": 0.5199567079544067, ""sc_value"": 0.5916991233825684}, ""C-D"": {""dG_dSASA_ratio"": -2.6605381965637207, ""dG_separated"": -26.737281799316406, ""dSASA_int"": 1004.9577026367188, ""delta_unsatHbonds"": 1.0, ""hbonds_int"": 5.0, ""nres_int"": 48.0, ""packstat"": 0.5450478792190552, ""sc_value"": 0.6928786039352417}}"
ova_body_c4_13_ms25_r03	AF3	30	7030	0	0	A-B,A-C,A-D,B-C,B-D,C-D	6	3	1	"{""A-B"": 22, ""A-C"": 61, ""A-D"": 35, ""B-C"": 37, ""B-D"": 62, ""C-D"": 25}"	A-D,B-C	A-B,A-C,B-D,C-D	0.22014451085391348	0.7887108325958252	0.0	-2.7039854526519775	3.630027845574929	0.6051982045173645	0.0	-2.5752923488616943	6.107147942527802	"{""A-B"": {""dG_dSASA_ratio"": -2.717930555343628, ""dG_separated"": -26.534191131591797, ""dSASA_int"": 976.2645263671875, ""delta_unsatHbonds"": 2.0, ""hbonds_int"": 4.0, ""nres_int"": 46.0, ""packstat"": 0.6407968997955322, ""sc_value"": 0.6876314878463745}, ""A-C"": {""dG_dSASA_ratio"": -2.9159414768218994, ""dG_separated"": -46.165802001953125, ""dSASA_int"": 1583.2210693359375, ""delta_unsatHbonds"": 6.0, ""hbonds_int"": 4.0, ""nres_int"": 70.0, ""packstat"": 0.5961906909942627, ""sc_value"": 0.6077057719230652}, ""A-D"": {""dG_dSASA_ratio"": -3.249943733215332, ""dG_separated"": -35.8117790222168, ""dSASA_int"": 1101.919921875, ""delta_unsatHbonds"": 4.0, ""hbonds_int"": 0.0, ""nres_int"": 40.0, ""packstat"": 0.592657744884491, ""sc_value"": 0.7887108325958252}, ""B-C"": {""dG_dSASA_ratio"": -2.7039854526519775, ""dG_separated"": -30.530197143554688, ""dSASA_int"": 1129.0814208984375, ""delta_unsatHbonds"": 2.0, ""hbonds_int"": 0.0, ""nres_int"": 40.0, ""packstat"": 0.5017480850219727, ""sc_value"": 0.7984235882759094}, ""B-D"": {""dG_dSASA_ratio"": -2.9499638080596924, ""dG_separated"": -48.30345916748047, ""dSASA_int"": 1637.425537109375, ""delta_unsatHbonds"": 10.0, ""hbonds_int"": 5.0, ""nres_int"": 74.0, ""packstat"": 0.6113510131835938, ""sc_value"": 0.6051982045173645}, ""C-D"": {""dG_dSASA_ratio"": -2.5752923488616943, ""dG_separated"": -25.63707733154297, ""dSASA_int"": 995.5016479492188, ""delta_unsatHbonds"": 0.0, ""hbonds_int"": 4.0, ""nres_int"": 48.0, ""packstat"": 0.5533203482627869, ""sc_value"": 0.6863089203834534}}"
ova_body_c4_13_ms25_r03	AF3	31	7031	0	0	A-B,A-C,A-D,B-C,B-D,C-D	6	3	1	"{""A-B"": 21, ""A-C"": 60, ""A-D"": 36, ""B-C"": 30, ""B-D"": 66, ""C-D"": 24}"	A-D,B-C	A-B,A-C,B-D,C-D	0.2164399107919175	0.6503570079803467	0.0	-3.1265387535095215	4.4206517827983545	0.5121554732322693	0.0	-1.8217883110046387	5.749167759464453	"{""A-B"": {""dG_dSASA_ratio"": -1.8217883110046387, ""dG_separated"": -17.577653884887695, ""dSASA_int"": 964.8571166992188, ""delta_unsatHbonds"": 0.0, ""hbonds_int"": 4.0, ""nres_int"": 44.0, ""packstat"": 0.5978485345840454, ""sc_value"": 0.5121554732322693}, ""A-C"": {""dG_dSASA_ratio"": -2.796790361404419, ""dG_separated"": -43.782188415527344, ""dSASA_int"": 1565.4439697265625, ""delta_unsatHbonds"": 9.0, ""hbonds_int"": 4.0, ""nres_int"": 72.0, ""packstat"": 0.6148557066917419, ""sc_value"": 0.6209282279014587}, ""A-D"": {""dG_dSASA_ratio"": -3.1265387535095215, ""dG_separated"": -35.434818267822266, ""dSASA_int"": 1133.3560791015625, ""delta_unsatHbonds"": 2.0, ""hbonds_int"": 0.0, ""nres_int"": 40.0, ""packstat"": 0.5579144358634949, ""sc_value"": 0.6503570079803467}, ""B-C"": {""dG_dSASA_ratio"": -3.196887969970703, ""dG_separated"": -36.1585578918457, ""dSASA_int"": 1131.054931640625, ""delta_unsatHbonds"": 5.0, ""hbonds_int"": 0.0, ""nres_int"": 40.0, ""packstat"": 0.378885954618454, ""sc_value"": 0.7903950810432434}, ""B-D"": {""dG_dSASA_ratio"": -2.7011263370513916, ""dG_separated"": -46.56891632080078, ""dSASA_int"": 1724.0555419921875, ""delta_unsatHbonds"": 8.0, ""hbonds_int"": 4.0, ""nres_int"": 73.0, ""packstat"": 0.6100794076919556, ""sc_value"": 0.6356947422027588}, ""C-D"": {""dG_dSASA_ratio"": -2.5268869400024414, ""dG_separated"": -25.65577507019043, ""dSASA_int"": 1015.3115844726562, ""delta_unsatHbonds"": 0.0, ""hbonds_int"": 4.0, ""nres_int"": 46.0, ""packstat"": 0.6336562037467957, ""sc_value"": 0.6925521492958069}}"
ova_body_c4_13_ms25_r03	AF3	32	7032	0	0	A-B,A-C,A-D,B-C,B-D,C-D	6	3	1	"{""A-B"": 22, ""A-C"": 61, ""A-D"": 35, ""B-C"": 37, ""B-D"": 61, ""C-D"": 26}"	A-D,B-C	A-B,A-C,B-D,C-D	0.21780776677463415	0.7384722232818604	0.0	-2.9695239067077637	3.5678436333295913	0.5981694459915161	0.0	-2.263638973236084	5.031532683503803	"{""A-B"": {""dG_dSASA_ratio"": -2.7727572917938232, ""dG_separated"": -26.442611694335938, ""dSASA_int"": 953.6576538085938, ""delta_unsatHbonds"": 3.0, ""hbonds_int"": 4.0, ""nres_int"": 46.0, ""packstat"": 0.6391469836235046, ""sc_value"": 0.6797677874565125}, ""A-C"": {""dG_dSASA_ratio"": -2.8590030670166016, ""dG_separated"": -45.45737075805664, ""dSASA_int"": 1589.9727783203125, ""delta_unsatHbonds"": 8.0, ""hbonds_int"": 4.0, ""nres_int"": 70.0, ""packstat"": 0.654694139957428, ""sc_value"": 0.6290676593780518}, ""A-D"": {""dG_dSASA_ratio"": -3.167513132095337, ""dG_separated"": -35.51179504394531, ""dSASA_int"": 1121.1253662109375, ""delta_unsatHbonds"": 4.0, ""hbonds_int"": 0.0, ""nres_int"": 40.0, ""packstat"": 0.5683146119117737, ""sc_value"": 0.7384722232818604}, ""B-C"": {""dG_dSASA_ratio"": -2.9695239067077637, ""dG_separated"": -32.54856872558594, ""dSASA_int"": 1096.087158203125, ""delta_unsatHbonds"": 2.0, ""hbonds_int"": 0.0, ""nres_int"": 40.0, ""packstat"": 0.566441535949707, ""sc_value"": 0.8103681206703186}, ""B-D"": {""dG_dSASA_ratio"": -2.7858827114105225, ""dG_separated"": -45.003379821777344, ""dSASA_int"": 1615.408203125, ""delta_unsatHbonds"": 6.0, ""hbonds_int"": 4.0, ""nres_int"": 69.0, ""packstat"": 0.5884263515472412, ""sc_value"": 0.5981694459915161}, ""C-D"": {""dG_dSASA_ratio"": -2.263638973236084, ""dG_separated"": -23.38730239868164, ""dSASA_int"": 1033.1728515625, ""delta_unsatHbonds"": 1.0, ""hbonds_int"": 4.0, ""nres_int"": 47.0, ""packstat"": 0.5608910322189331, ""sc_value"": 0.6570088863372803}}"
ova_body_c4_13_ms25_r03	AF3	33	7033	0	0	A-B,A-C,A-D,B-C,B-D,C-D	6	3	1	"{""A-B"": 24, ""A-C"": 66, ""A-D"": 37, ""B-C"": 35, ""B-D"": 57, ""C-D"": 25}"	A-D,B-C	A-B,A-C,B-D,C-D	0.23032838273472783	0.7865428924560547	0.0	-2.9530467987060547	3.6140680864927845	0.5862375497817993	0.0	-2.6115760803222656	5.578665900730043	"{""A-B"": {""dG_dSASA_ratio"": -2.697920560836792, ""dG_separated"": -26.425460815429688, ""dSASA_int"": 979.4751586914062, ""delta_unsatHbonds"": 2.0, ""hbonds_int"": 4.0, ""nres_int"": 46.0, ""packstat"": 0.5787596106529236, ""sc_value"": 0.6772775053977966}, ""A-C"": {""dG_dSASA_ratio"": -3.0594213008880615, ""dG_separated"": -49.35730743408203, ""dSASA_int"": 1613.2889404296875, ""delta_unsatHbonds"": 9.0, ""hbonds_int"": 4.0, ""nres_int"": 75.0, ""packstat"": 0.6389241814613342, ""sc_value"": 0.6522699594497681}, ""A-D"": {""dG_dSASA_ratio"": -2.9530467987060547, ""dG_separated"": -32.68390655517578, ""dSASA_int"": 1106.7860107421875, ""delta_unsatHbonds"": 4.0, ""hbonds_int"": 0.0, ""nres_int"": 40.0, ""packstat"": 0.5711798667907715, ""sc_value"": 0.8019233345985413}, ""B-C"": {""dG_dSASA_ratio"": -3.1013710498809814, ""dG_separated"": -33.733131408691406, ""dSASA_int"": 1087.6844482421875, ""delta_unsatHbonds"": 2.0, ""hbonds_int"": 0.0, ""nres_int"": 40.0, ""packstat"": 0.5171650052070618, ""sc_value"": 0.7865428924560547}, ""B-D"": {""dG_dSASA_ratio"": -2.6571545600891113, ""dG_separated"": -42.528846740722656, ""dSASA_int"": 1600.541015625, ""delta_unsatHbonds"": 4.0, ""hbonds_int"": 4.0, ""nres_int"": 69.0, ""packstat"": 0.5719625353813171, ""sc_value"": 0.5862375497817993}, ""C-D"": {""dG_dSASA_ratio"": -2.6115760803222656, ""dG_separated"": -26.218889236450195, ""dSASA_int"": 1003.9488525390625, ""delta_unsatHbonds"": 0.0, ""hbonds_int"": 5.0, ""nres_int"": 48.0, ""packstat"": 0.5367884635925293, ""sc_value"": 0.6664482951164246}}"
ova_body_c4_13_ms25_r03	AF3	34	7034	0	0	A-B,A-C,A-D,B-C,B-D,C-D	6	3	1	"{""A-B"": 24, ""A-C"": 62, ""A-D"": 37, ""B-C"": 37, ""B-D"": 62, ""C-D"": 20}"	A-D,B-C	A-B,A-C,B-D,C-D	0.22973918360402762	0.6013889312744141	0.0	-0.45377662777900696	3.6346917394730873	0.5406376123428345	0.0	-0.45377662777900696	6.423278865883552	"{""A-B"": {""dG_dSASA_ratio"": -2.691157102584839, ""dG_separated"": -25.268753051757812, ""dSASA_int"": 938.9550170898438, ""delta_unsatHbonds"": 0.0, ""hbonds_int"": 4.0, ""nres_int"": 46.0, ""packstat"": 0.6133764386177063, ""sc_value"": 0.6978899836540222}, ""A-C"": {""dG_dSASA_ratio"": -3.126847267150879, ""dG_separated"": -48.67992401123047, ""dSASA_int"": 1556.8372802734375, ""delta_unsatHbonds"": 10.0, ""hbonds_int"": 4.0, ""nres_int"": 72.0, ""packstat"": 0.5513399243354797, ""sc_value"": 0.6184415817260742}, ""A-D"": {""dG_dSASA_ratio"": -3.023193836212158, ""dG_separated"": -33.27043151855469, ""dSASA_int"": 1100.5059814453125, ""delta_unsatHbonds"": 4.0, ""hbonds_int"": 0.0, ""nres_int"": 40.0, ""packstat"": 0.5793690085411072, ""sc_value"": 0.8138874769210815}, ""B-C"": {""dG_dSASA_ratio"": -0.45377662777900696, ""dG_separated"": -5.188247203826904, ""dSASA_int"": 1143.3482666015625, ""delta_unsatHbonds"": 4.0, ""hbonds_int"": 0.0, ""nres_int"": 40.0, ""packstat"": 0.5339727401733398, ""sc_value"": 0.6013889312744141}, ""B-D"": {""dG_dSASA_ratio"": -2.8837904930114746, ""dG_separated"": -45.94625473022461, ""dSASA_int"": 1593.2591552734375, ""delta_unsatHbonds"": 9.0, ""hbonds_int"": 4.0, ""nres_int"": 72.0, ""packstat"": 0.5736758708953857, ""sc_value"": 0.6299268007278442}, ""C-D"": {""dG_dSASA_ratio"": -2.013880491256714, ""dG_separated"": -19.246347427368164, ""dSASA_int"": 955.6847534179688, ""delta_unsatHbonds"": 1.0, ""hbonds_int"": 3.0, ""nres_int"": 45.0, ""packstat"": 0.4859342873096466, ""sc_value"": 0.5406376123428345}}"
ova_body_c4_13_ms25_r03	AF3	35	7035	0	0	A-B,A-C,A-D,B-C,B-D,C-D	6	3	1	"{""A-B"": 25, ""A-C"": 63, ""A-D"": 37, ""B-C"": 36, ""B-D"": 61, ""C-D"": 25}"	A-D,B-C	A-B,A-C,B-D,C-D	0.2318760164633651	0.757132887840271	0.0	-2.901055335998535	4.465507822324683	0.6239261627197266	0.0	-2.5563604831695557	7.026389663646839	"{""A-B"": {""dG_dSASA_ratio"": -3.0371110439300537, ""dG_separated"": -29.202131271362305, ""dSASA_int"": 961.5101928710938, ""delta_unsatHbonds"": 0.0, ""hbonds_int"": 5.0, ""nres_int"": 44.0, ""packstat"": 0.5777983665466309, ""sc_value"": 0.703058123588562}, ""A-C"": {""dG_dSASA_ratio"": -3.0175650119781494, ""dG_separated"": -47.24078369140625, ""dSASA_int"": 1565.526611328125, ""delta_unsatHbonds"": 11.0, ""hbonds_int"": 4.0, ""nres_int"": 72.0, ""packstat"": 0.5718523263931274, ""sc_value"": 0.6367793083190918}, ""A-D"": {""dG_dSASA_ratio"": -2.901055335998535, ""dG_separated"": -32.48292922973633, ""dSASA_int"": 1119.6934814453125, ""delta_unsatHbonds"": 5.0, ""hbonds_int"": 0.0, ""nres_int"": 40.0, ""packstat"": 0.5534241199493408, ""sc_value"": 0.7674285173416138}, ""B-C"": {""dG_dSASA_ratio"": -3.599963426589966, ""dG_separated"": -38.25382995605469, ""dSASA_int"": 1062.6171875, ""delta_unsatHbonds"": 0.0, ""hbonds_int"": 0.0, ""nres_int"": 40.0, ""packstat"": 0.5906978249549866, ""sc_value"": 0.757132887840271}, ""B-D"": {""dG_dSASA_ratio"": -2.7123448848724365, ""dG_separated"": -45.286006927490234, ""dSASA_int"": 1669.625732421875, ""delta_unsatHbonds"": 10.0, ""hbonds_int"": 3.0, ""nres_int"": 74.0, ""packstat"": 0.5448563694953918, ""sc_value"": 0.6239261627197266}, ""C-D"": {""dG_dSASA_ratio"": -2.5563604831695557, ""dG_separated"": -25.359745025634766, ""dSASA_int"": 992.0254516601562, ""delta_unsatHbonds"": 0.0, ""hbonds_int"": 4.0, ""nres_int"": 48.0, ""packstat"": 0.5234097838401794, ""sc_value"": 0.6777406334877014}}"
ova_body_c4_13_ms25_r03	AF3	36	7036	0	0	A-B,A-C,A-D,B-C,B-D,C-D	6	3	1	"{""A-B"": 24, ""A-C"": 60, ""A-D"": 37, ""B-C"": 38, ""B-D"": 55, ""C-D"": 24}"	A-D,B-C	A-B,A-C,B-D,C-D	0.22678881841071086	0.7433383464813232	0.0	-2.9783663749694824	3.6596887097910855	0.5931658744812012	0.0	-2.223738431930542	6.42920314845738	"{""A-B"": {""dG_dSASA_ratio"": -2.223738431930542, ""dG_separated"": -22.130956649780273, ""dSASA_int"": 995.2139892578125, ""delta_unsatHbonds"": 0.0, ""hbonds_int"": 3.0, ""nres_int"": 45.0, ""packstat"": 0.5477849245071411, ""sc_value"": 0.6788981556892395}, ""A-C"": {""dG_dSASA_ratio"": -2.785670518875122, ""dG_separated"": -43.328392028808594, ""dSASA_int"": 1555.4027099609375, ""delta_unsatHbonds"": 10.0, ""hbonds_int"": 3.0, ""nres_int"": 71.0, ""packstat"": 0.5830754637718201, ""sc_value"": 0.5931658744812012}, ""A-D"": {""dG_dSASA_ratio"": -3.371793746948242, ""dG_separated"": -36.85334396362305, ""dSASA_int"": 1092.9891357421875, ""delta_unsatHbonds"": 4.0, ""hbonds_int"": 0.0, ""nres_int"": 40.0, ""packstat"": 0.6002742052078247, ""sc_value"": 0.7433383464813232}, ""B-C"": {""dG_dSASA_ratio"": -2.9783663749694824, ""dG_separated"": -33.928955078125, ""dSASA_int"": 1139.1800537109375, ""delta_unsatHbonds"": 2.0, ""hbonds_int"": 0.0, ""nres_int"": 40.0, ""packstat"": 0.5356264114379883, ""sc_value"": 0.8103583455085754}, ""B-D"": {""dG_dSASA_ratio"": -2.5968213081359863, ""dG_separated"": -41.058921813964844, ""dSASA_int"": 1581.122314453125, ""delta_unsatHbonds"": 4.0, ""hbonds_int"": 4.0, ""nres_int"": 68.0, ""packstat"": 0.6330862045288086, ""sc_value"": 0.6055196523666382}, ""C-D"": {""dG_dSASA_ratio"": -2.6032233238220215, ""dG_separated"": -25.301475524902344, ""dSASA_int"": 971.9287109375, ""delta_unsatHbonds"": 0.0, ""hbonds_int"": 4.0, ""nres_int"": 48.0, ""packstat"": 0.6224088668823242, ""sc_value"": 0.6797452569007874}}"
ova_body_c4_13_ms25_r03	AF3	37	7037	0	0	A-B,A-C,A-D,B-C,B-D,C-D	6	3	1	"{""A-B"": 25, ""A-C"": 64, ""A-D"": 33, ""B-C"": 32, ""B-D"": 57, ""C-D"": 25}"	A-D,B-C	A-B,A-C,B-D,C-D	0.2365367549601292	0.7331151366233826	0.0	-3.0108747482299805	4.731776106124866	0.6269099116325378	0.0	-2.6737940311431885	5.705107505851705	"{""A-B"": {""dG_dSASA_ratio"": -2.6737940311431885, ""dG_separated"": -25.398557662963867, ""dSASA_int"": 949.906982421875, ""delta_unsatHbonds"": 0.0, ""hbonds_int"": 4.0, ""nres_int"": 46.0, ""packstat"": 0.5722451210021973, ""sc_value"": 0.6953441500663757}, ""A-C"": {""dG_dSASA_ratio"": -2.782705068588257, ""dG_separated"": -45.39918518066406, ""dSASA_int"": 1631.476806640625, ""delta_unsatHbonds"": 9.0, ""hbonds_int"": 4.0, ""nres_int"": 72.0, ""packstat"": 0.6009697914123535, ""sc_value"": 0.6366990804672241}, ""A-D"": {""dG_dSASA_ratio"": -3.0108747482299805, ""dG_separated"": -31.815481185913086, ""dSASA_int"": 1056.6856689453125, ""delta_unsatHbonds"": 5.0, ""hbonds_int"": 0.0, ""nres_int"": 40.0, ""packstat"": 0.5520245432853699, ""sc_value"": 0.7973453998565674}, ""B-C"": {""dG_dSASA_ratio"": -3.4109396934509277, ""dG_separated"": -37.8892707824707, ""dSASA_int"": 1110.816162109375, ""delta_unsatHbonds"": 4.0, ""hbonds_int"": 0.0, ""nres_int"": 40.0, ""packstat"": 0.48597875237464905, ""sc_value"": 0.7331151366233826}, ""B-D"": {""dG_dSASA_ratio"": -2.714439630508423, ""dG_separated"": -42.821205139160156, ""dSASA_int"": 1577.5338134765625, ""delta_unsatHbonds"": 9.0, ""hbonds_int"": 3.0, ""nres_int"": 69.0, ""packstat"": 0.5912001729011536, ""sc_value"": 0.6269099116325378}, ""C-D"": {""dG_dSASA_ratio"": -2.750521659851074, ""dG_separated"": -26.99565887451172, ""dSASA_int"": 981.4741821289062, ""delta_unsatHbonds"": 0.0, ""hbonds_int"": 5.0, ""nres_int"": 48.0, ""packstat"": 0.5948694348335266, ""sc_value"": 0.6715407967567444}}"
ova_body_c4_13_ms25_r03	AF3	38	7038	0	0	A-B,A-C,A-D,B-C,B-D,C-D	6	3	1	"{""A-B"": 23, ""A-C"": 60, ""A-D"": 34, ""B-C"": 32, ""B-D"": 66, ""C-D"": 27}"	A-D,B-C	A-B,A-C,B-D,C-D	0.23495945665850995	0.7702628374099731	0.0	-2.8300018310546875	5.431162621508341	0.6099334955215454	0.0	-2.5497915744781494	9.4405948189358	"{""A-B"": {""dG_dSASA_ratio"": -2.5497915744781494, ""dG_separated"": -25.14220428466797, ""dSASA_int"": 986.0493774414062, ""delta_unsatHbonds"": 0.0, ""hbonds_int"": 4.0, ""nres_int"": 46.0, ""packstat"": 0.5974278450012207, ""sc_value"": 0.7018651962280273}, ""A-C"": {""dG_dSASA_ratio"": -2.858919143676758, ""dG_separated"": -45.42488098144531, ""dSASA_int"": 1588.8829345703125, ""delta_unsatHbonds"": 15.0, ""hbonds_int"": 4.0, ""nres_int"": 73.0, ""packstat"": 0.6445382833480835, ""sc_value"": 0.6396812796592712}, ""A-D"": {""dG_dSASA_ratio"": -2.8300018310546875, ""dG_separated"": -31.2640438079834, ""dSASA_int"": 1104.73583984375, ""delta_unsatHbonds"": 6.0, ""hbonds_int"": 0.0, ""nres_int"": 40.0, ""packstat"": 0.5867905616760254, ""sc_value"": 0.7702628374099731}, ""B-C"": {""dG_dSASA_ratio"": -3.538983106613159, ""dG_separated"": -40.25901794433594, ""dSASA_int"": 1137.587158203125, ""delta_unsatHbonds"": 0.0, ""hbonds_int"": 0.0, ""nres_int"": 40.0, ""packstat"": 0.5412684679031372, ""sc_value"": 0.7898781299591064}, ""B-D"": {""dG_dSASA_ratio"": -2.9653637409210205, ""dG_separated"": -49.970245361328125, ""dSASA_int"": 1685.13037109375, ""delta_unsatHbonds"": 7.0, ""hbonds_int"": 5.0, ""nres_int"": 74.0, ""packstat"": 0.5882747173309326, ""sc_value"": 0.6099334955215454}, ""C-D"": {""dG_dSASA_ratio"": -2.6840522289276123, ""dG_separated"": -27.155410766601562, ""dSASA_int"": 1011.7318115234375, ""delta_unsatHbonds"": 2.0, ""hbonds_int"": 5.0, ""nres_int"": 47.0, ""packstat"": 0.5856698155403137, ""sc_value"": 0.6664766073226929}}"
ova_body_c4_13_ms25_r03	AF3	39	7039	0	0	A-B,A-C,A-D,B-C,B-D,C-D	6	3	1	"{""A-B"": 25, ""A-C"": 57, ""A-D"": 36, ""B-C"": 36, ""B-D"": 57, ""C-D"": 25}"	A-D,B-C	A-B,A-C,B-D,C-D	0.2230150829846899	0.8089220523834229	0.0	-3.022829294204712	3.683333164723722	0.5914797782897949	0.0	-2.3116579055786133	7.082341891660886	"{""A-B"": {""dG_dSASA_ratio"": -2.3116579055786133, ""dG_separated"": -22.76561164855957, ""dSASA_int"": 984.8175048828125, ""delta_unsatHbonds"": 0.0, ""hbonds_int"": 5.0, ""nres_int"": 46.0, ""packstat"": 0.6386986970901489, ""sc_value"": 0.635182797908783}, ""A-C"": {""dG_dSASA_ratio"": -2.8502907752990723, ""dG_separated"": -44.26953887939453, ""dSASA_int"": 1553.1585693359375, ""delta_unsatHbonds"": 11.0, ""hbonds_int"": 3.0, ""nres_int"": 70.0, ""packstat"": 0.5868555903434753, ""sc_value"": 0.6467028260231018}, ""A-D"": {""dG_dSASA_ratio"": -3.1323676109313965, ""dG_separated"": -34.016666412353516, ""dSASA_int"": 1085.972900390625, ""delta_unsatHbonds"": 4.0, ""hbonds_int"": 0.0, ""nres_int"": 40.0, ""packstat"": 0.5604788064956665, ""sc_value"": 0.8089220523834229}, ""B-C"": {""dG_dSASA_ratio"": -3.022829294204712, ""dG_separated"": -33.58877182006836, ""dSASA_int"": 1111.169921875, ""delta_unsatHbonds"": 2.0, ""hbonds_int"": 0.0, ""nres_int"": 40.0, ""packstat"": 0.5380845069885254, ""sc_value"": 0.8405603170394897}, ""B-D"": {""dG_dSASA_ratio"": -2.72301983833313, ""dG_separated"": -43.18069839477539, ""dSASA_int"": 1585.76513671875, ""delta_unsatHbonds"": 4.0, ""hbonds_int"": 4.0, ""nres_int"": 69.0, ""packstat"": 0.5256136059761047, ""sc_value"": 0.5914797782897949}, ""C-D"": {""dG_dSASA_ratio"": -2.6446619033813477, ""dG_separated"": -26.26019859313965, ""dSASA_int"": 992.9510498046875, ""delta_unsatHbonds"": 0.0, ""hbonds_int"": 4.0, ""nres_int"": 48.0, ""packstat"": 0.5721721649169922, ""sc_value"": 0.6708483099937439}}"
ova_body_c4_13_ms25_r03	AF3	40	7040	0	0	A-B,A-C,A-D,B-C,B-D,C-D	6	3	1	"{""A-B"": 24, ""A-C"": 64, ""A-D"": 33, ""B-C"": 34, ""B-D"": 64, ""C-D"": 22}"	A-D,B-C	A-B,A-C,B-D,C-D	0.23849010805295567	0.6826950311660767	0.0	-3.281320810317993	3.5266907246785477	0.5408686995506287	0.0	-2.1696057319641113	7.2453428271223945	"{""A-B"": {""dG_dSASA_ratio"": -2.5284671783447266, ""dG_separated"": -25.395225524902344, ""dSASA_int"": 1004.3723754882812, ""delta_unsatHbonds"": 0.0, ""hbonds_int"": 4.0, ""nres_int"": 46.0, ""packstat"": 0.5870738625526428, ""sc_value"": 0.6993434429168701}, ""A-C"": {""dG_dSASA_ratio"": -2.8842477798461914, ""dG_separated"": -47.10479736328125, ""dSASA_int"": 1633.1744384765625, ""delta_unsatHbonds"": 6.0, ""hbonds_int"": 4.0, ""nres_int"": 72.0, ""packstat"": 0.6021246910095215, ""sc_value"": 0.6062171459197998}, ""A-D"": {""dG_dSASA_ratio"": -3.4042739868164062, ""dG_separated"": -38.611541748046875, ""dSASA_int"": 1134.207763671875, ""delta_unsatHbonds"": 4.0, ""hbonds_int"": 0.0, ""nres_int"": 40.0, ""packstat"": 0.5644536018371582, ""sc_value"": 0.7194021940231323}, ""B-C"": {""dG_dSASA_ratio"": -3.281320810317993, ""dG_separated"": -36.40311050415039, ""dSASA_int"": 1109.404296875, ""delta_unsatHbonds"": 2.0, ""hbonds_int"": 0.0, ""nres_int"": 40.0, ""packstat"": 0.49059945344924927, ""sc_value"": 0.6826950311660767}, ""B-D"": {""dG_dSASA_ratio"": -2.7976090908050537, ""dG_separated"": -46.335018157958984, ""dSASA_int"": 1656.236328125, ""delta_unsatHbonds"": 12.0, ""hbonds_int"": 4.0, ""nres_int"": 73.0, ""packstat"": 0.5881495475769043, ""sc_value"": 0.633634090423584}, ""C-D"": {""dG_dSASA_ratio"": -2.1696057319641113, ""dG_separated"": -20.15807342529297, ""dSASA_int"": 929.1123046875, ""delta_unsatHbonds"": 0.0, ""hbonds_int"": 4.0, ""nres_int"": 45.0, ""packstat"": 0.5453552603721619, ""sc_value"": 0.5408686995506287}}"
ova_body_c4_13_ms25_r03	AF3	41	7041	0	0	A-B,A-C,A-D,B-C,B-D,C-D	6	3	1	"{""A-B"": 21, ""A-C"": 64, ""A-D"": 36, ""B-C"": 33, ""B-D"": 62, ""C-D"": 26}"	A-D,B-C	A-B,A-C,B-D,C-D	0.2345250044564073	0.717227578163147	0.0	-3.0433127880096436	0.0	0.645933210849762	0.0	-2.631354331970215	6.170005803209804	"{""A-B"": {""dG_dSASA_ratio"": -2.631354331970215, ""dG_separated"": -24.21693992614746, ""dSASA_int"": 920.322265625, ""delta_unsatHbonds"": 0.0, ""hbonds_int"": 3.0, ""nres_int"": 47.0, ""packstat"": 0.6323415637016296, ""sc_value"": 0.6773754954338074}, ""A-C"": {""dG_dSASA_ratio"": -2.8532016277313232, ""dG_separated"": -46.131717681884766, ""dSASA_int"": 1616.8404541015625, ""delta_unsatHbonds"": 9.0, ""hbonds_int"": 4.0, ""nres_int"": 73.0, ""packstat"": 0.6431689262390137, ""sc_value"": 0.6535454392433167}, ""A-D"": {""dG_dSASA_ratio"": -3.0433127880096436, ""dG_separated"": -34.26362228393555, ""dSASA_int"": 1125.865966796875, ""delta_unsatHbonds"": 0.0, ""hbonds_int"": 0.0, ""nres_int"": 40.0, ""packstat"": 0.5783105492591858, ""sc_value"": 0.839238166809082}, ""B-C"": {""dG_dSASA_ratio"": -3.3738136291503906, ""dG_separated"": -37.65251541137695, ""dSASA_int"": 1116.0224609375, ""delta_unsatHbonds"": 0.0, ""hbonds_int"": 0.0, ""nres_int"": 40.0, ""packstat"": 0.4825085699558258, ""sc_value"": 0.717227578163147}, ""B-D"": {""dG_dSASA_ratio"": -3.08078670501709, ""dG_separated"": -49.93166732788086, ""dSASA_int"": 1620.7440185546875, ""delta_unsatHbonds"": 10.0, ""hbonds_int"": 6.0, ""nres_int"": 72.0, ""packstat"": 0.6668130159378052, ""sc_value"": 0.645933210849762}, ""C-D"": {""dG_dSASA_ratio"": -2.7126102447509766, ""dG_separated"": -27.28985023498535, ""dSASA_int"": 1006.0364990234375, ""delta_unsatHbonds"": 0.0, ""hbonds_int"": 5.0, ""nres_int"": 48.0, ""packstat"": 0.5322657823562622, ""sc_value"": 0.6842917203903198}}"
ova_body_c4_13_ms25_r03	AF3	42	7042	0	0	A-B,A-C,A-D,B-C,B-D,C-D	6	3	1	"{""A-B"": 23, ""A-C"": 66, ""A-D"": 35, ""B-C"": 36, ""B-D"": 59, ""C-D"": 25}"	A-D,B-C	A-B,A-C,B-D,C-D	0.25239009081520014	0.6823726892471313	0.0	-2.6428651809692383	8.724098469001655	0.6061656475067139	0.0	-2.467421293258667	8.724098469001655	"{""A-B"": {""dG_dSASA_ratio"": -2.5428969860076904, ""dG_separated"": -24.58120346069336, ""dSASA_int"": 966.661376953125, ""delta_unsatHbonds"": 1.0, ""hbonds_int"": 4.0, ""nres_int"": 45.0, ""packstat"": 0.5192711353302002, ""sc_value"": 0.6759013533592224}, ""A-C"": {""dG_dSASA_ratio"": -3.0353429317474365, ""dG_separated"": -49.71387481689453, ""dSASA_int"": 1637.833984375, ""delta_unsatHbonds"": 10.0, ""hbonds_int"": 4.0, ""nres_int"": 77.0, ""packstat"": 0.5980833768844604, ""sc_value"": 0.6557556986808777}, ""A-D"": {""dG_dSASA_ratio"": -2.6428651809692383, ""dG_separated"": -30.293848037719727, ""dSASA_int"": 1146.250244140625, ""delta_unsatHbonds"": 10.0, ""hbonds_int"": 0.0, ""nres_int"": 38.0, ""packstat"": 0.6085227727890015, ""sc_value"": 0.6823726892471313}, ""B-C"": {""dG_dSASA_ratio"": -2.9183390140533447, ""dG_separated"": -31.687646865844727, ""dSASA_int"": 1085.81103515625, ""delta_unsatHbonds"": 2.0, ""hbonds_int"": 0.0, ""nres_int"": 40.0, ""packstat"": 0.4119146764278412, ""sc_value"": 0.7594258785247803}, ""B-D"": {""dG_dSASA_ratio"": -2.819413900375366, ""dG_separated"": -44.83445739746094, ""dSASA_int"": 1590.204833984375, ""delta_unsatHbonds"": 12.0, ""hbonds_int"": 3.0, ""nres_int"": 72.0, ""packstat"": 0.5338433980941772, ""sc_value"": 0.6061656475067139}, ""C-D"": {""dG_dSASA_ratio"": -2.467421293258667, ""dG_separated"": -25.30881118774414, ""dSASA_int"": 1025.7191162109375, ""delta_unsatHbonds"": 0.0, ""hbonds_int"": 4.0, ""nres_int"": 46.0, ""packstat"": 0.5771670937538147, ""sc_value"": 0.6981279253959656}}"
ova_body_c4_13_ms25_r03	AF3	43	7043	0	0	A-B,A-C,A-D,B-C,B-D,C-D	6	3	1	"{""A-B"": 24, ""A-C"": 63, ""A-D"": 34, ""B-C"": 35, ""B-D"": 60, ""C-D"": 26}"	A-D,B-C	A-B,A-C,B-D,C-D	0.22721664804514322	0.7517488598823547	0.0	-2.8425724506378174	7.319029196712647	0.6260878443717957	0.0	-2.6006836891174316	7.319029196712647	"{""A-B"": {""dG_dSASA_ratio"": -2.6529788970947266, ""dG_separated"": -25.60062599182129, ""dSASA_int"": 964.9766235351562, ""delta_unsatHbonds"": 0.0, ""hbonds_int"": 4.0, ""nres_int"": 46.0, ""packstat"": 0.5168160200119019, ""sc_value"": 0.6939814686775208}, ""A-C"": {""dG_dSASA_ratio"": -2.8740265369415283, ""dG_separated"": -46.8467903137207, ""dSASA_int"": 1630.0054931640625, ""delta_unsatHbonds"": 11.0, ""hbonds_int"": 4.0, ""nres_int"": 72.0, ""packstat"": 0.6047848463058472, ""sc_value"": 0.642288863658905}, ""A-D"": {""dG_dSASA_ratio"": -3.4742863178253174, ""dG_separated"": -40.0268440246582, ""dSASA_int"": 1152.0882568359375, ""delta_unsatHbonds"": 4.0, ""hbonds_int"": 0.0, ""nres_int"": 40.0, ""packstat"": 0.5764279961585999, ""sc_value"": 0.7517488598823547}, ""B-C"": {""dG_dSASA_ratio"": -2.8425724506378174, ""dG_separated"": -31.07048797607422, ""dSASA_int"": 1093.0411376953125, ""delta_unsatHbonds"": 8.0, ""hbonds_int"": 0.0, ""nres_int"": 40.0, ""packstat"": 0.5697522759437561, ""sc_value"": 0.779817521572113}, ""B-D"": {""dG_dSASA_ratio"": -2.889570474624634, ""dG_separated"": -46.0888786315918, ""dSASA_int"": 1595.0079345703125, ""delta_unsatHbonds"": 10.0, ""hbonds_int"": 3.0, ""nres_int"": 73.0, ""packstat"": 0.5612873435020447, ""sc_value"": 0.6260878443717957}, ""C-D"": {""dG_dSASA_ratio"": -2.6006836891174316, ""dG_separated"": -25.95810317993164, ""dSASA_int"": 998.1260986328125, ""delta_unsatHbonds"": 0.0, ""hbonds_int"": 5.0, ""nres_int"": 48.0, ""packstat"": 0.5845970511436462, ""sc_value"": 0.6829360723495483}}"
ova_body_c4_13_ms25_r03	AF3	44	7044	0	0	A-B,A-C,A-D,B-C,B-D,C-D	6	3	1	"{""A-B"": 20, ""A-C"": 62, ""A-D"": 35, ""B-C"": 38, ""B-D"": 64, ""C-D"": 23}"	A-D,B-C	A-B,A-C,B-D,C-D	0.22424737917273982	0.6631318926811218	0.0	-2.275167465209961	5.175663724222374	0.5366327166557312	0.0	-2.0806593894958496	6.705052756380726	"{""A-B"": {""dG_dSASA_ratio"": -2.0806593894958496, ""dG_separated"": -18.88971519470215, ""dSASA_int"": 907.8715209960938, ""delta_unsatHbonds"": 0.0, ""hbonds_int"": 3.0, ""nres_int"": 44.0, ""packstat"": 0.5177649855613708, ""sc_value"": 0.5366327166557312}, ""A-C"": {""dG_dSASA_ratio"": -2.884073257446289, ""dG_separated"": -45.56776428222656, ""dSASA_int"": 1579.9793701171875, ""delta_unsatHbonds"": 6.0, ""hbonds_int"": 4.0, ""nres_int"": 70.0, ""packstat"": 0.5800488591194153, ""sc_value"": 0.5942419767379761}, ""A-D"": {""dG_dSASA_ratio"": -3.3029086589813232, ""dG_separated"": -36.960506439208984, ""dSASA_int"": 1119.029052734375, ""delta_unsatHbonds"": 3.0, ""hbonds_int"": 0.0, ""nres_int"": 40.0, ""packstat"": 0.5319372415542603, ""sc_value"": 0.6631318926811218}, ""B-C"": {""dG_dSASA_ratio"": -2.275167465209961, ""dG_separated"": -26.375370025634766, ""dSASA_int"": 1159.2716064453125, ""delta_unsatHbonds"": 6.0, ""hbonds_int"": 0.0, ""nres_int"": 39.0, ""packstat"": 0.5463942885398865, ""sc_value"": 0.7416396737098694}, ""B-D"": {""dG_dSASA_ratio"": -2.9823832511901855, ""dG_separated"": -48.9276008605957, ""dSASA_int"": 1640.5538330078125, ""delta_unsatHbonds"": 11.0, ""hbonds_int"": 4.0, ""nres_int"": 74.0, ""packstat"": 0.5968148708343506, ""sc_value"": 0.6519079804420471}, ""C-D"": {""dG_dSASA_ratio"": -2.5296051502227783, ""dG_separated"": -25.478771209716797, ""dSASA_int"": 1007.2232055664062, ""delta_unsatHbonds"": 0.0, ""hbonds_int"": 4.0, ""nres_int"": 47.0, ""packstat"": 0.5906438827514648, ""sc_value"": 0.6828737258911133}}"
ova_body_c4_13_ms25_r03	AF3	45	7045	0	0	A-B,A-C,A-D,B-C,B-D,C-D	6	3	1	"{""A-B"": 25, ""A-C"": 63, ""A-D"": 36, ""B-C"": 37, ""B-D"": 59, ""C-D"": 27}"	A-D,B-C	A-B,A-C,B-D,C-D	0.2187596557511783	0.7177451848983765	0.0	-2.6157665252685547	1.8074197758905381	0.6079205274581909	0.0	-2.6157665252685547	6.8109256886376315	"{""A-B"": {""dG_dSASA_ratio"": -2.63101863861084, ""dG_separated"": -25.761089324951172, ""dSASA_int"": 979.1298828125, ""delta_unsatHbonds"": 0.0, ""hbonds_int"": 5.0, ""nres_int"": 46.0, ""packstat"": 0.6137309670448303, ""sc_value"": 0.6725990772247314}, ""A-C"": {""dG_dSASA_ratio"": -2.8912222385406494, ""dG_separated"": -46.69474411010742, ""dSASA_int"": 1615.0521240234375, ""delta_unsatHbonds"": 11.0, ""hbonds_int"": 4.0, ""nres_int"": 71.0, ""packstat"": 0.6029149293899536, ""sc_value"": 0.6079205274581909}, ""A-D"": {""dG_dSASA_ratio"": -2.9861016273498535, ""dG_separated"": -33.042701721191406, ""dSASA_int"": 1106.5498046875, ""delta_unsatHbonds"": 2.0, ""hbonds_int"": 0.0, ""nres_int"": 40.0, ""packstat"": 0.5718911290168762, ""sc_value"": 0.8190170526504517}, ""B-C"": {""dG_dSASA_ratio"": -2.6157665252685547, ""dG_separated"": -29.0422306060791, ""dSASA_int"": 1110.276123046875, ""delta_unsatHbonds"": 2.0, ""hbonds_int"": 0.0, ""nres_int"": 40.0, ""packstat"": 0.5622853636741638, ""sc_value"": 0.7177451848983765}, ""B-D"": {""dG_dSASA_ratio"": -2.8148810863494873, ""dG_separated"": -45.11953353881836, ""dSASA_int"": 1602.8931884765625, ""delta_unsatHbonds"": 8.0, ""hbonds_int"": 4.0, ""nres_int"": 69.0, ""packstat"": 0.6341723799705505, ""sc_value"": 0.6161199808120728}, ""C-D"": {""dG_dSASA_ratio"": -2.6494626998901367, ""dG_separated"": -26.059213638305664, ""dSASA_int"": 983.5659790039062, ""delta_unsatHbonds"": 0.0, ""hbonds_int"": 5.0, ""nres_int"": 47.0, ""packstat"": 0.5678943991661072, ""sc_value"": 0.6729668378829956}}"
ova_body_c4_13_ms25_r03	AF3	46	7046	0	0	A-B,A-C,A-D,B-C,B-D,C-D	6	3	1	"{""A-B"": 22, ""A-C"": 66, ""A-D"": 36, ""B-C"": 38, ""B-D"": 58, ""C-D"": 25}"	A-D,B-C	A-B,A-C,B-D,C-D	0.23599627697066192	0.8002424240112305	0.0	-2.9318454265594482	0.0	0.5935252904891968	0.0	-2.541304588317871	8.153653368209312	"{""A-B"": {""dG_dSASA_ratio"": -2.5569205284118652, ""dG_separated"": -22.89696502685547, ""dSASA_int"": 895.4898681640625, ""delta_unsatHbonds"": 0.0, ""hbonds_int"": 3.0, ""nres_int"": 46.0, ""packstat"": 0.5684566497802734, ""sc_value"": 0.6834284663200378}, ""A-C"": {""dG_dSASA_ratio"": -3.04563570022583, ""dG_separated"": -48.558921813964844, ""dSASA_int"": 1594.3773193359375, ""delta_unsatHbonds"": 13.0, ""hbonds_int"": 4.0, ""nres_int"": 75.0, ""packstat"": 0.6113698482513428, ""sc_value"": 0.6682356595993042}, ""A-D"": {""dG_dSASA_ratio"": -3.0251059532165527, ""dG_separated"": -33.74101638793945, ""dSASA_int"": 1115.366455078125, ""delta_unsatHbonds"": 0.0, ""hbonds_int"": 0.0, ""nres_int"": 40.0, ""packstat"": 0.6063664555549622, ""sc_value"": 0.8141319751739502}, ""B-C"": {""dG_dSASA_ratio"": -2.9318454265594482, ""dG_separated"": -32.993072509765625, ""dSASA_int"": 1125.3345947265625, ""delta_unsatHbonds"": 0.0, ""hbonds_int"": 0.0, ""nres_int"": 40.0, ""packstat"": 0.544821560382843, ""sc_value"": 0.8002424240112305}, ""B-D"": {""dG_dSASA_ratio"": -2.8523008823394775, ""dG_separated"": -44.4832878112793, ""dSASA_int"": 1559.5579833984375, ""delta_unsatHbonds"": 6.0, ""hbonds_int"": 5.0, ""nres_int"": 69.0, ""packstat"": 0.5507279634475708, ""sc_value"": 0.5935252904891968}, ""C-D"": {""dG_dSASA_ratio"": -2.541304588317871, ""dG_separated"": -26.04743194580078, ""dSASA_int"": 1024.9630126953125, ""delta_unsatHbonds"": 0.0, ""hbonds_int"": 4.0, ""nres_int"": 48.0, ""packstat"": 0.5478451251983643, ""sc_value"": 0.6922135353088379}}"
ova_body_c4_13_ms25_r03	AF3	47	7047	0	0	A-B,A-C,A-D,B-C,B-D,C-D	6	3	1	"{""A-B"": 24, ""A-C"": 63, ""A-D"": 30, ""B-C"": 35, ""B-D"": 63, ""C-D"": 26}"	A-D,B-C	A-B,A-C,B-D,C-D	0.2488863976307062	0.7812946438789368	0.0	-2.8317644596099854	4.369044763188921	0.6413183808326721	0.0	-2.3853790760040283	4.464432037189067	"{""A-B"": {""dG_dSASA_ratio"": -2.5770370960235596, ""dG_separated"": -25.55489730834961, ""dSASA_int"": 991.6387329101562, ""delta_unsatHbonds"": 0.0, ""hbonds_int"": 5.0, ""nres_int"": 46.0, ""packstat"": 0.5587726831436157, ""sc_value"": 0.6765053272247314}, ""A-C"": {""dG_dSASA_ratio"": -3.0934574604034424, ""dG_separated"": -48.503822326660156, ""dSASA_int"": 1567.9486083984375, ""delta_unsatHbonds"": 7.0, ""hbonds_int"": 4.0, ""nres_int"": 74.0, ""packstat"": 0.5700224041938782, ""sc_value"": 0.6413183808326721}, ""A-D"": {""dG_dSASA_ratio"": -3.1034505367279053, ""dG_separated"": -35.51634979248047, ""dSASA_int"": 1144.4149169921875, ""delta_unsatHbonds"": 5.0, ""hbonds_int"": 1.0, ""nres_int"": 40.0, ""packstat"": 0.5619603395462036, ""sc_value"": 0.7812946438789368}, ""B-C"": {""dG_dSASA_ratio"": -2.8317644596099854, ""dG_separated"": -32.48281478881836, ""dSASA_int"": 1147.08740234375, ""delta_unsatHbonds"": 2.0, ""hbonds_int"": 0.0, ""nres_int"": 40.0, ""packstat"": 0.5530326962471008, ""sc_value"": 0.7941574454307556}, ""B-D"": {""dG_dSASA_ratio"": -3.1541748046875, ""dG_separated"": -52.22928237915039, ""dSASA_int"": 1655.8778076171875, ""delta_unsatHbonds"": 4.0, ""hbonds_int"": 6.0, ""nres_int"": 76.0, ""packstat"": 0.623114287853241, ""sc_value"": 0.6503221988677979}, ""C-D"": {""dG_dSASA_ratio"": -2.3853790760040283, ""dG_separated"": -24.056419372558594, ""dSASA_int"": 1008.4946899414062, ""delta_unsatHbonds"": 0.0, ""hbonds_int"": 4.0, ""nres_int"": 47.0, ""packstat"": 0.5431702136993408, ""sc_value"": 0.6728403568267822}}"
ova_body_c4_13_ms25_r03	AF3	48	7048	0	0	A-B,A-C,A-D,B-C,B-D,C-D	6	3	1	"{""A-B"": 27, ""A-C"": 63, ""A-D"": 34, ""B-C"": 38, ""B-D"": 59, ""C-D"": 25}"	A-D,B-C	A-B,A-C,B-D,C-D	0.22685443762004817	0.7556828260421753	0.0	-3.0105466842651367	1.8871973403233968	0.6216143369674683	0.0	-2.566147565841675	5.084771274518217	"{""A-B"": {""dG_dSASA_ratio"": -2.7885360717773438, ""dG_separated"": -26.907569885253906, ""dSASA_int"": 964.9353637695312, ""delta_unsatHbonds"": 0.0, ""hbonds_int"": 5.0, ""nres_int"": 46.0, ""packstat"": 0.5860700011253357, ""sc_value"": 0.683518648147583}, ""A-C"": {""dG_dSASA_ratio"": -3.0192389488220215, ""dG_separated"": -47.50245666503906, ""dSASA_int"": 1573.325439453125, ""delta_unsatHbonds"": 8.0, ""hbonds_int"": 4.0, ""nres_int"": 73.0, ""packstat"": 0.5912030935287476, ""sc_value"": 0.6505810022354126}, ""A-D"": {""dG_dSASA_ratio"": -3.0105466842651367, ""dG_separated"": -31.90494728088379, ""dSASA_int"": 1059.7725830078125, ""delta_unsatHbonds"": 2.0, ""hbonds_int"": 0.0, ""nres_int"": 40.0, ""packstat"": 0.5840513110160828, ""sc_value"": 0.7822880744934082}, ""B-C"": {""dG_dSASA_ratio"": -3.3848657608032227, ""dG_separated"": -37.44226837158203, ""dSASA_int"": 1106.1669921875, ""delta_unsatHbonds"": 0.0, ""hbonds_int"": 0.0, ""nres_int"": 39.0, ""packstat"": 0.5062616467475891, ""sc_value"": 0.7556828260421753}, ""B-D"": {""dG_dSASA_ratio"": -2.8249752521514893, ""dG_separated"": -45.524818420410156, ""dSASA_int"": 1611.511962890625, ""delta_unsatHbonds"": 8.0, ""hbonds_int"": 3.0, ""nres_int"": 72.0, ""packstat"": 0.584871232509613, ""sc_value"": 0.6216143369674683}, ""C-D"": {""dG_dSASA_ratio"": -2.566147565841675, ""dG_separated"": -25.81515884399414, ""dSASA_int"": 1005.9888916015625, ""delta_unsatHbonds"": 0.0, ""hbonds_int"": 4.0, ""nres_int"": 48.0, ""packstat"": 0.5415383577346802, ""sc_value"": 0.6841578483581543}}"
ova_body_c4_13_ms25_r03	AF3	49	7049	0	0	A-B,A-C,A-D,B-C,B-D,C-D	6	3	1	"{""A-B"": 23, ""A-C"": 63, ""A-D"": 36, ""B-C"": 37, ""B-D"": 63, ""C-D"": 25}"	A-D,B-C	A-B,A-C,B-D,C-D	0.22783274438931644	0.8026267290115356	0.0	-2.8907251358032227	1.7562494298674527	0.6109122633934021	0.0	-2.7002456188201904	9.564530443230813	"{""A-B"": {""dG_dSASA_ratio"": -2.7002456188201904, ""dG_separated"": -27.154653549194336, ""dSASA_int"": 1005.6364135742188, ""delta_unsatHbonds"": 0.0, ""hbonds_int"": 5.0, ""nres_int"": 46.0, ""packstat"": 0.6139253973960876, ""sc_value"": 0.6840276718139648}, ""A-C"": {""dG_dSASA_ratio"": -2.9359982013702393, ""dG_separated"": -47.37165451049805, ""dSASA_int"": 1613.4769287109375, ""delta_unsatHbonds"": 6.0, ""hbonds_int"": 4.0, ""nres_int"": 71.0, ""packstat"": 0.568767786026001, ""sc_value"": 0.6109122633934021}, ""A-D"": {""dG_dSASA_ratio"": -3.1432220935821533, ""dG_separated"": -37.00996780395508, ""dSASA_int"": 1177.453125, ""delta_unsatHbonds"": 2.0, ""hbonds_int"": 0.0, ""nres_int"": 40.0, ""packstat"": 0.5063148140907288, ""sc_value"": 0.807502269744873}, ""B-C"": {""dG_dSASA_ratio"": -2.8907251358032227, ""dG_separated"": -32.9193000793457, ""dSASA_int"": 1138.7904052734375, ""delta_unsatHbonds"": 2.0, ""hbonds_int"": 0.0, ""nres_int"": 40.0, ""packstat"": 0.5646436810493469, ""sc_value"": 0.8026267290115356}, ""B-D"": {""dG_dSASA_ratio"": -2.897203207015991, ""dG_separated"": -48.465789794921875, ""dSASA_int"": 1672.847412109375, ""delta_unsatHbonds"": 16.0, ""hbonds_int"": 4.0, ""nres_int"": 74.0, ""packstat"": 0.6503278613090515, ""sc_value"": 0.615254282951355}, ""C-D"": {""dG_dSASA_ratio"": -3.055528402328491, ""dG_separated"": -30.28424072265625, ""dSASA_int"": 991.12939453125, ""delta_unsatHbonds"": 0.0, ""hbonds_int"": 4.0, ""nres_int"": 47.0, ""packstat"": 0.6276788115501404, ""sc_value"": 0.6898874044418335}}"
ova_body_c4_13_ms25_r03	AF3	50	7050	0	0	A-B,A-C,A-D,B-C,B-D,C-D	6	3	1	"{""A-B"": 26, ""A-C"": 65, ""A-D"": 31, ""B-C"": 35, ""B-D"": 65, ""C-D"": 24}"	A-D,B-C	A-B,A-C,B-D,C-D	0.22315547752851864	0.6908535957336426	0.0	-2.8333258628845215	4.195868380853728	0.621812105178833	0.0	-2.4377145767211914	4.787703107178113	"{""A-B"": {""dG_dSASA_ratio"": -2.4377145767211914, ""dG_separated"": -23.82513427734375, ""dSASA_int"": 977.3552856445312, ""delta_unsatHbonds"": 0.0, ""hbonds_int"": 5.0, ""nres_int"": 45.0, ""packstat"": 0.5173446536064148, ""sc_value"": 0.671321451663971}, ""A-C"": {""dG_dSASA_ratio"": -2.9804415702819824, ""dG_separated"": -47.69157791137695, ""dSASA_int"": 1600.1513671875, ""delta_unsatHbonds"": 6.0, ""hbonds_int"": 4.0, ""nres_int"": 72.0, ""packstat"": 0.6317243576049805, ""sc_value"": 0.621812105178833}, ""A-D"": {""dG_dSASA_ratio"": -3.2749927043914795, ""dG_separated"": -36.28630065917969, ""dSASA_int"": 1107.9810791015625, ""delta_unsatHbonds"": 4.0, ""hbonds_int"": 0.0, ""nres_int"": 40.0, ""packstat"": 0.638323962688446, ""sc_value"": 0.6908535957336426}, ""B-C"": {""dG_dSASA_ratio"": -2.8333258628845215, ""dG_separated"": -33.763282775878906, ""dSASA_int"": 1191.6484375, ""delta_unsatHbonds"": 5.0, ""hbonds_int"": 0.0, ""nres_int"": 40.0, ""packstat"": 0.5788826942443848, ""sc_value"": 0.6951004862785339}, ""B-D"": {""dG_dSASA_ratio"": -2.988846778869629, ""dG_separated"": -49.942054748535156, ""dSASA_int"": 1670.9473876953125, ""delta_unsatHbonds"": 8.0, ""hbonds_int"": 4.0, ""nres_int"": 75.0, ""packstat"": 0.6435279846191406, ""sc_value"": 0.662226676940918}, ""C-D"": {""dG_dSASA_ratio"": -2.4904122352600098, ""dG_separated"": -25.534669876098633, ""dSASA_int"": 1025.3189697265625, ""delta_unsatHbonds"": 0.0, ""hbonds_int"": 4.0, ""nres_int"": 48.0, ""packstat"": 0.6565715670585632, ""sc_value"": 0.6825194358825684}}"
ova_body_c4_13_ms25_r03	AF3	51	7051	0	0	A-B,A-C,A-D,B-C,B-D,C-D	6	3	1	"{""A-B"": 23, ""A-C"": 60, ""A-D"": 37, ""B-C"": 36, ""B-D"": 58, ""C-D"": 27}"	A-D,B-C	A-B,A-C,B-D,C-D	0.22607156847469942	0.7232683897018433	0.0	-2.8184926509857178	2.767608396024761	0.6042374968528748	0.0	-2.633211135864258	5.5625499034166355	"{""A-B"": {""dG_dSASA_ratio"": -2.7088966369628906, ""dG_separated"": -26.239364624023438, ""dSASA_int"": 968.6365356445312, ""delta_unsatHbonds"": 2.0, ""hbonds_int"": 4.0, ""nres_int"": 45.0, ""packstat"": 0.5424690246582031, ""sc_value"": 0.7060283422470093}, ""A-C"": {""dG_dSASA_ratio"": -2.935821771621704, ""dG_separated"": -47.50050735473633, ""dSASA_int"": 1617.9630126953125, ""delta_unsatHbonds"": 9.0, ""hbonds_int"": 3.0, ""nres_int"": 73.0, ""packstat"": 0.6092924475669861, ""sc_value"": 0.6564918160438538}, ""A-D"": {""dG_dSASA_ratio"": -3.432140588760376, ""dG_separated"": -37.20332336425781, ""dSASA_int"": 1083.9683837890625, ""delta_unsatHbonds"": 3.0, ""hbonds_int"": 0.0, ""nres_int"": 40.0, ""packstat"": 0.5972704291343689, ""sc_value"": 0.7565350532531738}, ""B-C"": {""dG_dSASA_ratio"": -2.8184926509857178, ""dG_separated"": -32.18013381958008, ""dSASA_int"": 1141.749755859375, ""delta_unsatHbonds"": 3.0, ""hbonds_int"": 0.0, ""nres_int"": 40.0, ""packstat"": 0.5726998448371887, ""sc_value"": 0.7232683897018433}, ""B-D"": {""dG_dSASA_ratio"": -2.633211135864258, ""dG_separated"": -43.59052658081055, ""dSASA_int"": 1655.4130859375, ""delta_unsatHbonds"": 9.0, ""hbonds_int"": 3.0, ""nres_int"": 71.0, ""packstat"": 0.5942485332489014, ""sc_value"": 0.6042374968528748}, ""C-D"": {""dG_dSASA_ratio"": -2.665151596069336, ""dG_separated"": -26.672842025756836, ""dSASA_int"": 1000.8001098632812, ""delta_unsatHbonds"": 0.0, ""hbonds_int"": 5.0, ""nres_int"": 48.0, ""packstat"": 0.56215500831604, ""sc_value"": 0.6750971078872681}}"
ova_body_c4_13_ms25_r03	AF3	52	7052	0	0	A-B,A-C,A-D,B-C,B-D,C-D	6	3	1	"{""A-B"": 24, ""A-C"": 60, ""A-D"": 30, ""B-C"": 34, ""B-D"": 60, ""C-D"": 28}"	A-D,B-C	A-B,A-C,B-D,C-D	0.24002026881269875	0.6536026000976562	0.0	-3.088164806365967	3.637936097423147	0.624646782875061	0.0	-2.650538682937622	5.527408796967662	"{""A-B"": {""dG_dSASA_ratio"": -2.650538682937622, ""dG_separated"": -25.46588897705078, ""dSASA_int"": 960.7816162109375, ""delta_unsatHbonds"": 0.0, ""hbonds_int"": 4.0, ""nres_int"": 46.0, ""packstat"": 0.5016108751296997, ""sc_value"": 0.6926299333572388}, ""A-C"": {""dG_dSASA_ratio"": -2.6597988605499268, ""dG_separated"": -43.30815887451172, ""dSASA_int"": 1628.2493896484375, ""delta_unsatHbonds"": 9.0, ""hbonds_int"": 4.0, ""nres_int"": 72.0, ""packstat"": 0.5929969549179077, ""sc_value"": 0.624646782875061}, ""A-D"": {""dG_dSASA_ratio"": -3.088164806365967, ""dG_separated"": -33.95513153076172, ""dSASA_int"": 1099.5245361328125, ""delta_unsatHbonds"": 4.0, ""hbonds_int"": 0.0, ""nres_int"": 40.0, ""packstat"": 0.537412166595459, ""sc_value"": 0.6536026000976562}, ""B-C"": {""dG_dSASA_ratio"": -3.4374217987060547, ""dG_separated"": -38.0181770324707, ""dSASA_int"": 1106.008544921875, ""delta_unsatHbonds"": 4.0, ""hbonds_int"": 0.0, ""nres_int"": 39.0, ""packstat"": 0.4735022187232971, ""sc_value"": 0.7195242047309875}, ""B-D"": {""dG_dSASA_ratio"": -2.7316741943359375, ""dG_separated"": -44.03730773925781, ""dSASA_int"": 1612.099609375, ""delta_unsatHbonds"": 4.0, ""hbonds_int"": 5.0, ""nres_int"": 71.0, ""packstat"": 0.63448566198349, ""sc_value"": 0.6264568567276001}, ""C-D"": {""dG_dSASA_ratio"": -2.748706102371216, ""dG_separated"": -28.281557083129883, ""dSASA_int"": 1028.9044189453125, ""delta_unsatHbonds"": 2.0, ""hbonds_int"": 5.0, ""nres_int"": 49.0, ""packstat"": 0.5070095062255859, ""sc_value"": 0.697475254535675}}"
ova_body_c4_13_ms25_r03	AF3	53	7053	0	0	A-B,A-C,A-D,B-C,B-D,C-D	6	3	1	"{""A-B"": 21, ""A-C"": 61, ""A-D"": 38, ""B-C"": 34, ""B-D"": 66, ""C-D"": 26}"	A-D,B-C	A-B,A-C,B-D,C-D	0.22200995108881136	0.7463394403457642	0.0	-3.1211767196655273	3.5219362738907347	0.620868444442749	0.0	-2.580411672592163	7.3055505805186804	"{""A-B"": {""dG_dSASA_ratio"": -2.580411672592163, ""dG_separated"": -23.154733657836914, ""dSASA_int"": 897.3271484375, ""delta_unsatHbonds"": 0.0, ""hbonds_int"": 3.0, ""nres_int"": 46.0, ""packstat"": 0.6592519283294678, ""sc_value"": 0.7099816799163818}, ""A-C"": {""dG_dSASA_ratio"": -2.831879138946533, ""dG_separated"": -45.426963806152344, ""dSASA_int"": 1604.1280517578125, ""delta_unsatHbonds"": 8.0, ""hbonds_int"": 4.0, ""nres_int"": 70.0, ""packstat"": 0.6597753167152405, ""sc_value"": 0.620868444442749}, ""A-D"": {""dG_dSASA_ratio"": -3.153102397918701, ""dG_separated"": -35.811012268066406, ""dSASA_int"": 1135.7388916015625, ""delta_unsatHbonds"": 4.0, ""hbonds_int"": 0.0, ""nres_int"": 40.0, ""packstat"": 0.5689371824264526, ""sc_value"": 0.7463394403457642}, ""B-C"": {""dG_dSASA_ratio"": -3.1211767196655273, ""dG_separated"": -34.29264831542969, ""dSASA_int"": 1098.7088623046875, ""delta_unsatHbonds"": 0.0, ""hbonds_int"": 0.0, ""nres_int"": 40.0, ""packstat"": 0.5212838053703308, ""sc_value"": 0.7827243804931641}, ""B-D"": {""dG_dSASA_ratio"": -3.0271389484405518, ""dG_separated"": -49.7233772277832, ""dSASA_int"": 1642.586669921875, ""delta_unsatHbonds"": 12.0, ""hbonds_int"": 5.0, ""nres_int"": 74.0, ""packstat"": 0.6346136331558228, ""sc_value"": 0.6552830934524536}, ""C-D"": {""dG_dSASA_ratio"": -2.6991472244262695, ""dG_separated"": -26.73683738708496, ""dSASA_int"": 990.5661010742188, ""delta_unsatHbonds"": 0.0, ""hbonds_int"": 5.0, ""nres_int"": 47.0, ""packstat"": 0.5700691342353821, ""sc_value"": 0.6784412860870361}}"
ova_body_c4_13_ms25_r03	AF3	54	7054	0	0	A-B,A-C,A-D,B-C,B-D,C-D	6	3	1	"{""A-B"": 22, ""A-C"": 59, ""A-D"": 36, ""B-C"": 37, ""B-D"": 60, ""C-D"": 24}"	A-D,B-C	A-B,A-C,B-D,C-D	0.22166309721645006	0.7916388511657715	0.0	-3.2138619422912598	2.6233696807806575	0.5987679958343506	0.0	-2.4878652095794678	6.361146317081091	"{""A-B"": {""dG_dSASA_ratio"": -2.5690805912017822, ""dG_separated"": -25.211227416992188, ""dSASA_int"": 981.3327026367188, ""delta_unsatHbonds"": 0.0, ""hbonds_int"": 4.0, ""nres_int"": 46.0, ""packstat"": 0.5811286568641663, ""sc_value"": 0.7049523591995239}, ""A-C"": {""dG_dSASA_ratio"": -2.79472017288208, ""dG_separated"": -43.93422317504883, ""dSASA_int"": 1572.043701171875, ""delta_unsatHbonds"": 10.0, ""hbonds_int"": 3.0, ""nres_int"": 69.0, ""packstat"": 0.5497185587882996, ""sc_value"": 0.6169529557228088}, ""A-D"": {""dG_dSASA_ratio"": -3.2138619422912598, ""dG_separated"": -36.75267791748047, ""dSASA_int"": 1143.5673828125, ""delta_unsatHbonds"": 3.0, ""hbonds_int"": 0.0, ""nres_int"": 40.0, ""packstat"": 0.5539034605026245, ""sc_value"": 0.8486930727958679}, ""B-C"": {""dG_dSASA_ratio"": -3.2784836292266846, ""dG_separated"": -35.93415832519531, ""dSASA_int"": 1096.0604248046875, ""delta_unsatHbonds"": 2.0, ""hbonds_int"": 0.0, ""nres_int"": 40.0, ""packstat"": 0.4734049141407013, ""sc_value"": 0.7916388511657715}, ""B-D"": {""dG_dSASA_ratio"": -2.810842275619507, ""dG_separated"": -44.4415168762207, ""dSASA_int"": 1581.0745849609375, ""delta_unsatHbonds"": 6.0, ""hbonds_int"": 3.0, ""nres_int"": 71.0, ""packstat"": 0.5338777303695679, ""sc_value"": 0.5987679958343506}, ""C-D"": {""dG_dSASA_ratio"": -2.4878652095794678, ""dG_separated"": -24.714881896972656, ""dSASA_int"": 993.417236328125, ""delta_unsatHbonds"": 0.0, ""hbonds_int"": 4.0, ""nres_int"": 47.0, ""packstat"": 0.5288679599761963, ""sc_value"": 0.6674885749816895}}"
ova_body_c4_13_ms25_r03	AF3	55	7055	0	0	A-B,A-C,A-D,B-C,B-D,C-D	6	3	1	"{""A-B"": 21, ""A-C"": 62, ""A-D"": 34, ""B-C"": 36, ""B-D"": 62, ""C-D"": 25}"	A-D,B-C	A-B,A-C,B-D,C-D	0.22915751076790863	0.6892361640930176	0.0	-2.6472959518432617	3.5317160887408336	0.6169385313987732	0.0	-2.529064178466797	7.470507136361833	"{""A-B"": {""dG_dSASA_ratio"": -2.5928568840026855, ""dG_separated"": -23.137563705444336, ""dSASA_int"": 892.3578491210938, ""delta_unsatHbonds"": 0.0, ""hbonds_int"": 3.0, ""nres_int"": 45.0, ""packstat"": 0.634210467338562, ""sc_value"": 0.698472261428833}, ""A-C"": {""dG_dSASA_ratio"": -2.922391891479492, ""dG_separated"": -46.942867279052734, ""dSASA_int"": 1606.316650390625, ""delta_unsatHbonds"": 12.0, ""hbonds_int"": 3.0, ""nres_int"": 72.0, ""packstat"": 0.6600399613380432, ""sc_value"": 0.6293505430221558}, ""A-D"": {""dG_dSASA_ratio"": -3.3322832584381104, ""dG_separated"": -37.74123764038086, ""dSASA_int"": 1132.5938720703125, ""delta_unsatHbonds"": 4.0, ""hbonds_int"": 0.0, ""nres_int"": 40.0, ""packstat"": 0.5559055209159851, ""sc_value"": 0.6892361640930176}, ""B-C"": {""dG_dSASA_ratio"": -2.6472959518432617, ""dG_separated"": -30.856054306030273, ""dSASA_int"": 1165.5687255859375, ""delta_unsatHbonds"": 4.0, ""hbonds_int"": 0.0, ""nres_int"": 40.0, ""packstat"": 0.554120659828186, ""sc_value"": 0.7550749778747559}, ""B-D"": {""dG_dSASA_ratio"": -2.973865509033203, ""dG_separated"": -47.55464553833008, ""dSASA_int"": 1599.0853271484375, ""delta_unsatHbonds"": 5.0, ""hbonds_int"": 5.0, ""nres_int"": 72.0, ""packstat"": 0.5957624912261963, ""sc_value"": 0.6169385313987732}, ""C-D"": {""dG_dSASA_ratio"": -2.529064178466797, ""dG_separated"": -25.75167465209961, ""dSASA_int"": 1018.2293701171875, ""delta_unsatHbonds"": 0.0, ""hbonds_int"": 4.0, ""nres_int"": 48.0, ""packstat"": 0.5443280935287476, ""sc_value"": 0.6891235113143921}}"
ova_body_c4_13_ms25_r03	AF3	56	7056	0	0	A-B,A-C,A-D,B-C,B-D,C-D	6	3	1	"{""A-B"": 22, ""A-C"": 66, ""A-D"": 36, ""B-C"": 35, ""B-D"": 62, ""C-D"": 24}"	A-D,B-C	A-B,A-C,B-D,C-D	0.23969101604823906	0.7134518623352051	0.0	-2.1121480464935303	3.431135925044423	0.6347103118896484	0.0	-2.1121480464935303	4.9733917923402515	"{""A-B"": {""dG_dSASA_ratio"": -2.649686336517334, ""dG_separated"": -23.35126495361328, ""dSASA_int"": 881.2840576171875, ""delta_unsatHbonds"": 0.0, ""hbonds_int"": 3.0, ""nres_int"": 45.0, ""packstat"": 0.5889725089073181, ""sc_value"": 0.6994310617446899}, ""A-C"": {""dG_dSASA_ratio"": -3.0697898864746094, ""dG_separated"": -49.379417419433594, ""dSASA_int"": 1608.5601806640625, ""delta_unsatHbonds"": 8.0, ""hbonds_int"": 4.0, ""nres_int"": 75.0, ""packstat"": 0.6019564867019653, ""sc_value"": 0.6531322002410889}, ""A-D"": {""dG_dSASA_ratio"": -2.1121480464935303, ""dG_separated"": -24.623308181762695, ""dSASA_int"": 1165.794677734375, ""delta_unsatHbonds"": 4.0, ""hbonds_int"": 0.0, ""nres_int"": 39.0, ""packstat"": 0.5297017097473145, ""sc_value"": 0.7712630033493042}, ""B-C"": {""dG_dSASA_ratio"": -3.304563283920288, ""dG_separated"": -37.22966384887695, ""dSASA_int"": 1126.6136474609375, ""delta_unsatHbonds"": 2.0, ""hbonds_int"": 0.0, ""nres_int"": 40.0, ""packstat"": 0.515404224395752, ""sc_value"": 0.7134518623352051}, ""B-D"": {""dG_dSASA_ratio"": -2.72861909866333, ""dG_separated"": -44.442527770996094, ""dSASA_int"": 1628.7552490234375, ""delta_unsatHbonds"": 7.0, ""hbonds_int"": 4.0, ""nres_int"": 72.0, ""packstat"": 0.5828694701194763, ""sc_value"": 0.6347103118896484}, ""C-D"": {""dG_dSASA_ratio"": -2.5405657291412354, ""dG_separated"": -25.742839813232422, ""dSASA_int"": 1013.2719116210938, ""delta_unsatHbonds"": 0.0, ""hbonds_int"": 4.0, ""nres_int"": 48.0, ""packstat"": 0.5925260782241821, ""sc_value"": 0.7019127011299133}}"
ova_body_c4_13_ms25_r03	AF3	57	7057	0	0	A-B,A-C,A-D,B-C,B-D,C-D	6	3	1	"{""A-B"": 22, ""A-C"": 66, ""A-D"": 34, ""B-C"": 34, ""B-D"": 60, ""C-D"": 25}"	A-D,B-C	A-B,A-C,B-D,C-D	0.23036364134188989	0.7092074155807495	0.0	-2.892629384994507	3.550784189301182	0.6227014660835266	0.0	-2.3613178730010986	4.862111696362549	"{""A-B"": {""dG_dSASA_ratio"": -2.3613178730010986, ""dG_separated"": -23.646181106567383, ""dSASA_int"": 1001.3976440429688, ""delta_unsatHbonds"": 0.0, ""hbonds_int"": 3.0, ""nres_int"": 45.0, ""packstat"": 0.6149967312812805, ""sc_value"": 0.6701449155807495}, ""A-C"": {""dG_dSASA_ratio"": -3.011915445327759, ""dG_separated"": -49.55732345581055, ""dSASA_int"": 1645.3756103515625, ""delta_unsatHbonds"": 8.0, ""hbonds_int"": 4.0, ""nres_int"": 75.0, ""packstat"": 0.5584031343460083, ""sc_value"": 0.6778258085250854}, ""A-D"": {""dG_dSASA_ratio"": -2.892629384994507, ""dG_separated"": -31.056901931762695, ""dSASA_int"": 1073.656494140625, ""delta_unsatHbonds"": 2.0, ""hbonds_int"": 0.0, ""nres_int"": 39.0, ""packstat"": 0.5657641887664795, ""sc_value"": 0.7861557006835938}, ""B-C"": {""dG_dSASA_ratio"": -3.1955766677856445, ""dG_separated"": -35.99854278564453, ""dSASA_int"": 1126.51171875, ""delta_unsatHbonds"": 4.0, ""hbonds_int"": 0.0, ""nres_int"": 40.0, ""packstat"": 0.5964512228965759, ""sc_value"": 0.7092074155807495}, ""B-D"": {""dG_dSASA_ratio"": -2.8454270362854004, ""dG_separated"": -46.104217529296875, ""dSASA_int"": 1620.2916259765625, ""delta_unsatHbonds"": 7.0, ""hbonds_int"": 5.0, ""nres_int"": 70.0, ""packstat"": 0.6001989245414734, ""sc_value"": 0.6227014660835266}, ""C-D"": {""dG_dSASA_ratio"": -2.5294318199157715, ""dG_separated"": -25.497901916503906, ""dSASA_int"": 1008.048583984375, ""delta_unsatHbonds"": 0.0, ""hbonds_int"": 4.0, ""nres_int"": 48.0, ""packstat"": 0.6491498351097107, ""sc_value"": 0.6874344944953918}}"
ova_body_c4_13_ms25_r03	AF3	58	7058	0	0	A-B,A-C,A-D,B-C,B-D,C-D	6	3	1	"{""A-B"": 24, ""A-C"": 61, ""A-D"": 31, ""B-C"": 37, ""B-D"": 66, ""C-D"": 25}"	A-D,B-C	A-B,A-C,B-D,C-D	0.21331644391236337	0.7961148023605347	0.0	-2.971639394760132	4.206867793838828	0.6077272891998291	0.0	-2.3422908782958984	10.120906189889455	"{""A-B"": {""dG_dSASA_ratio"": -2.3422908782958984, ""dG_separated"": -22.640544891357422, ""dSASA_int"": 966.5983276367188, ""delta_unsatHbonds"": 0.0, ""hbonds_int"": 3.0, ""nres_int"": 46.0, ""packstat"": 0.5841345191001892, ""sc_value"": 0.6785954833030701}, ""A-C"": {""dG_dSASA_ratio"": -2.913444757461548, ""dG_separated"": -46.05824279785156, ""dSASA_int"": 1580.8861083984375, ""delta_unsatHbonds"": 16.0, ""hbonds_int"": 3.0, ""nres_int"": 72.0, ""packstat"": 0.6203677654266357, ""sc_value"": 0.636709451675415}, ""A-D"": {""dG_dSASA_ratio"": -3.3062586784362793, ""dG_separated"": -39.295963287353516, ""dSASA_int"": 1188.53271484375, ""delta_unsatHbonds"": 5.0, ""hbonds_int"": 0.0, ""nres_int"": 40.0, ""packstat"": 0.5265856385231018, ""sc_value"": 0.7967945337295532}, ""B-C"": {""dG_dSASA_ratio"": -2.971639394760132, ""dG_separated"": -33.006587982177734, ""dSASA_int"": 1110.7198486328125, ""delta_unsatHbonds"": 4.0, ""hbonds_int"": 0.0, ""nres_int"": 40.0, ""packstat"": 0.588816225528717, ""sc_value"": 0.7961148023605347}, ""B-D"": {""dG_dSASA_ratio"": -2.8607001304626465, ""dG_separated"": -47.04292297363281, ""dSASA_int"": 1644.4549560546875, ""delta_unsatHbonds"": 8.0, ""hbonds_int"": 4.0, ""nres_int"": 73.0, ""packstat"": 0.5721930265426636, ""sc_value"": 0.6077272891998291}, ""C-D"": {""dG_dSASA_ratio"": -2.810722827911377, ""dG_separated"": -28.303815841674805, ""dSASA_int"": 1006.9942626953125, ""delta_unsatHbonds"": 0.0, ""hbonds_int"": 5.0, ""nres_int"": 48.0, ""packstat"": 0.6365236639976501, ""sc_value"": 0.6678359508514404}}"
ova_body_c4_13_ms25_r03	AF3	59	7059	0	0	A-B,A-C,A-D,B-C,B-D,C-D	6	3	1	"{""A-B"": 20, ""A-C"": 65, ""A-D"": 36, ""B-C"": 34, ""B-D"": 62, ""C-D"": 24}"	A-D,B-C	A-B,A-C,B-D,C-D	0.2235268949942627	0.6539223194122314	0.0	-2.415358304977417	7.1345841717308	0.5636818408966064	0.0	-2.13844633102417	7.1345841717308	"{""A-B"": {""dG_dSASA_ratio"": -2.13844633102417, ""dG_separated"": -18.99298095703125, ""dSASA_int"": 888.1673583984375, ""delta_unsatHbonds"": 0.0, ""hbonds_int"": 3.0, ""nres_int"": 45.0, ""packstat"": 0.5619522333145142, ""sc_value"": 0.5636818408966064}, ""A-C"": {""dG_dSASA_ratio"": -3.0898613929748535, ""dG_separated"": -48.93518829345703, ""dSASA_int"": 1583.734130859375, ""delta_unsatHbonds"": 10.0, ""hbonds_int"": 4.0, ""nres_int"": 74.0, ""packstat"": 0.6075130701065063, ""sc_value"": 0.6388084888458252}, ""A-D"": {""dG_dSASA_ratio"": -3.0288774967193604, ""dG_separated"": -32.743900299072266, ""dSASA_int"": 1081.0572509765625, ""delta_unsatHbonds"": 4.0, ""hbonds_int"": 0.0, ""nres_int"": 40.0, ""packstat"": 0.5753241777420044, ""sc_value"": 0.7945255637168884}, ""B-C"": {""dG_dSASA_ratio"": -2.415358304977417, ""dG_separated"": -27.08338165283203, ""dSASA_int"": 1121.2987060546875, ""delta_unsatHbonds"": 8.0, ""hbonds_int"": 0.0, ""nres_int"": 40.0, ""packstat"": 0.5836514234542847, ""sc_value"": 0.6539223194122314}, ""B-D"": {""dG_dSASA_ratio"": -2.8050076961517334, ""dG_separated"": -45.79764175415039, ""dSASA_int"": 1632.7099609375, ""delta_unsatHbonds"": 10.0, ""hbonds_int"": 4.0, ""nres_int"": 72.0, ""packstat"": 0.6333953738212585, ""sc_value"": 0.6387561559677124}, ""C-D"": {""dG_dSASA_ratio"": -2.7178876399993896, ""dG_separated"": -26.426660537719727, ""dSASA_int"": 972.323486328125, ""delta_unsatHbonds"": 2.0, ""hbonds_int"": 4.0, ""nres_int"": 48.0, ""packstat"": 0.5923407673835754, ""sc_value"": 0.6864346265792847}}"
ova_body_c4_13_ms25_r03	AF3	60	7060	0	0	A-B,A-C,A-D,B-C,B-D,C-D	6	3	1	"{""A-B"": 24, ""A-C"": 57, ""A-D"": 31, ""B-C"": 36, ""B-D"": 65, ""C-D"": 28}"	A-D,B-C	A-B,A-C,B-D,C-D	0.21860295406211908	0.7194221019744873	0.0	-2.965606212615967	4.375245212946581	0.6217505931854248	0.0	-2.3634486198425293	7.006267013787057	"{""A-B"": {""dG_dSASA_ratio"": -2.7897396087646484, ""dG_separated"": -26.755346298217773, ""dSASA_int"": 959.0624389648438, ""delta_unsatHbonds"": 2.0, ""hbonds_int"": 4.0, ""nres_int"": 46.0, ""packstat"": 0.5469785332679749, ""sc_value"": 0.6963095664978027}, ""A-C"": {""dG_dSASA_ratio"": -2.7905075550079346, ""dG_separated"": -43.811607360839844, ""dSASA_int"": 1570.02294921875, ""delta_unsatHbonds"": 11.0, ""hbonds_int"": 3.0, ""nres_int"": 70.0, ""packstat"": 0.5699744820594788, ""sc_value"": 0.6217505931854248}, ""A-D"": {""dG_dSASA_ratio"": -3.443106174468994, ""dG_separated"": -39.34757995605469, ""dSASA_int"": 1142.7930908203125, ""delta_unsatHbonds"": 5.0, ""hbonds_int"": 0.0, ""nres_int"": 40.0, ""packstat"": 0.5541205406188965, ""sc_value"": 0.7194221019744873}, ""B-C"": {""dG_dSASA_ratio"": -2.965606212615967, ""dG_separated"": -33.4802360534668, ""dSASA_int"": 1128.9508056640625, ""delta_unsatHbonds"": 2.0, ""hbonds_int"": 0.0, ""nres_int"": 40.0, ""packstat"": 0.5316442847251892, ""sc_value"": 0.8066422343254089}, ""B-D"": {""dG_dSASA_ratio"": -2.896538734436035, ""dG_separated"": -49.031166076660156, ""dSASA_int"": 1692.750244140625, ""delta_unsatHbonds"": 10.0, ""hbonds_int"": 4.0, ""nres_int"": 74.0, ""packstat"": 0.6343522667884827, ""sc_value"": 0.6696282625198364}, ""C-D"": {""dG_dSASA_ratio"": -2.3634486198425293, ""dG_separated"": -24.72593116760254, ""dSASA_int"": 1046.18017578125, ""delta_unsatHbonds"": 1.0, ""hbonds_int"": 5.0, ""nres_int"": 46.0, ""packstat"": 0.52524733543396, ""sc_value"": 0.6715555191040039}}"
ova_body_c4_13_ms25_r03	AF3	61	7061	0	0	A-B,A-C,A-D,B-C,B-D,C-D	6	3	1	"{""A-B"": 21, ""A-C"": 61, ""A-D"": 36, ""B-C"": 36, ""B-D"": 64, ""C-D"": 25}"	A-D,B-C	A-B,A-C,B-D,C-D	0.22459530600516628	0.7788527011871338	0.0	-2.9820058345794678	3.662256528060554	0.6050800085067749	0.0	-2.5633339881896973	7.1046713813536755	"{""A-B"": {""dG_dSASA_ratio"": -2.5633339881896973, ""dG_separated"": -22.827539443969727, ""dSASA_int"": 890.541015625, ""delta_unsatHbonds"": 0.0, ""hbonds_int"": 3.0, ""nres_int"": 46.0, ""packstat"": 0.583910346031189, ""sc_value"": 0.7097470164299011}, ""A-C"": {""dG_dSASA_ratio"": -2.8616533279418945, ""dG_separated"": -44.30632400512695, ""dSASA_int"": 1548.277099609375, ""delta_unsatHbonds"": 11.0, ""hbonds_int"": 4.0, ""nres_int"": 71.0, ""packstat"": 0.6402465105056763, ""sc_value"": 0.6050800085067749}, ""A-D"": {""dG_dSASA_ratio"": -3.021723747253418, ""dG_separated"": -34.375553131103516, ""dSASA_int"": 1137.614013671875, ""delta_unsatHbonds"": 0.0, ""hbonds_int"": 0.0, ""nres_int"": 40.0, ""packstat"": 0.5716885328292847, ""sc_value"": 0.8569302558898926}, ""B-C"": {""dG_dSASA_ratio"": -2.9820058345794678, ""dG_separated"": -32.57014846801758, ""dSASA_int"": 1092.2227783203125, ""delta_unsatHbonds"": 4.0, ""hbonds_int"": 0.0, ""nres_int"": 40.0, ""packstat"": 0.5510426759719849, ""sc_value"": 0.7788527011871338}, ""B-D"": {""dG_dSASA_ratio"": -2.922328233718872, ""dG_separated"": -47.25577926635742, ""dSASA_int"": 1617.059326171875, ""delta_unsatHbonds"": 9.0, ""hbonds_int"": 5.0, ""nres_int"": 70.0, ""packstat"": 0.6077918410301208, ""sc_value"": 0.6168161630630493}, ""C-D"": {""dG_dSASA_ratio"": -2.5669806003570557, ""dG_separated"": -25.573850631713867, ""dSASA_int"": 996.2619018554688, ""delta_unsatHbonds"": 0.0, ""hbonds_int"": 4.0, ""nres_int"": 48.0, ""packstat"": 0.5259047746658325, ""sc_value"": 0.7058858871459961}}"
ova_body_c4_13_ms25_r03	AF3	62	7062	0	0	A-B,A-C,A-D,B-C,B-D,C-D	6	3	1	"{""A-B"": 27, ""A-C"": 60, ""A-D"": 37, ""B-C"": 34, ""B-D"": 63, ""C-D"": 28}"	A-D,B-C	A-B,A-C,B-D,C-D	0.23324594677465527	0.6443153619766235	0.0	-2.3431100845336914	6.19294282716307	0.6092349886894226	0.0	-2.3431100845336914	6.19294282716307	"{""A-B"": {""dG_dSASA_ratio"": -2.6601171493530273, ""dG_separated"": -26.372386932373047, ""dSASA_int"": 991.3994140625, ""delta_unsatHbonds"": 1.0, ""hbonds_int"": 5.0, ""nres_int"": 45.0, ""packstat"": 0.543218195438385, ""sc_value"": 0.6874305009841919}, ""A-C"": {""dG_dSASA_ratio"": -2.7376034259796143, ""dG_separated"": -44.809669494628906, ""dSASA_int"": 1636.8209228515625, ""delta_unsatHbonds"": 9.0, ""hbonds_int"": 3.0, ""nres_int"": 73.0, ""packstat"": 0.600020706653595, ""sc_value"": 0.6092349886894226}, ""A-D"": {""dG_dSASA_ratio"": -3.284824848175049, ""dG_separated"": -37.12899398803711, ""dSASA_int"": 1130.31884765625, ""delta_unsatHbonds"": 7.0, ""hbonds_int"": 0.0, ""nres_int"": 40.0, ""packstat"": 0.5582723021507263, ""sc_value"": 0.7557635307312012}, ""B-C"": {""dG_dSASA_ratio"": -2.3431100845336914, ""dG_separated"": -27.446056365966797, ""dSASA_int"": 1171.3515625, ""delta_unsatHbonds"": 7.0, ""hbonds_int"": 0.0, ""nres_int"": 38.0, ""packstat"": 0.5013329982757568, ""sc_value"": 0.6443153619766235}, ""B-D"": {""dG_dSASA_ratio"": -2.793327808380127, ""dG_separated"": -46.75199890136719, ""dSASA_int"": 1673.702392578125, ""delta_unsatHbonds"": 9.0, ""hbonds_int"": 4.0, ""nres_int"": 73.0, ""packstat"": 0.6428120136260986, ""sc_value"": 0.6196345686912537}, ""C-D"": {""dG_dSASA_ratio"": -2.52500319480896, ""dG_separated"": -25.44264030456543, ""dSASA_int"": 1007.6279907226562, ""delta_unsatHbonds"": 0.0, ""hbonds_int"": 5.0, ""nres_int"": 47.0, ""packstat"": 0.4854015111923218, ""sc_value"": 0.6709444522857666}}"
ova_body_c4_13_ms25_r03	AF3	63	7063	0	0	A-B,A-C,A-D,B-C,B-D,C-D	6	3	1	"{""A-B"": 23, ""A-C"": 60, ""A-D"": 38, ""B-C"": 32, ""B-D"": 67, ""C-D"": 24}"	A-D,B-C	A-B,A-C,B-D,C-D	0.21920671850361104	0.714794933795929	0.0	-2.914625883102417	5.329321885208584	0.6148161888122559	0.0	-2.5120232105255127	6.335879816279735	"{""A-B"": {""dG_dSASA_ratio"": -2.7897117137908936, ""dG_separated"": -26.94814109802246, ""dSASA_int"": 965.9830322265625, ""delta_unsatHbonds"": 0.0, ""hbonds_int"": 5.0, ""nres_int"": 46.0, ""packstat"": 0.5779635906219482, ""sc_value"": 0.6743010878562927}, ""A-C"": {""dG_dSASA_ratio"": -2.804067611694336, ""dG_separated"": -44.695274353027344, ""dSASA_int"": 1593.9442138671875, ""delta_unsatHbonds"": 9.0, ""hbonds_int"": 4.0, ""nres_int"": 70.0, ""packstat"": 0.5983222723007202, ""sc_value"": 0.6148161888122559}, ""A-D"": {""dG_dSASA_ratio"": -2.914625883102417, ""dG_separated"": -32.59706497192383, ""dSASA_int"": 1118.3961181640625, ""delta_unsatHbonds"": 2.0, ""hbonds_int"": 0.0, ""nres_int"": 40.0, ""packstat"": 0.5447188019752502, ""sc_value"": 0.8052631616592407}, ""B-C"": {""dG_dSASA_ratio"": -3.3407492637634277, ""dG_separated"": -37.61172103881836, ""dSASA_int"": 1125.8468017578125, ""delta_unsatHbonds"": 6.0, ""hbonds_int"": 0.0, ""nres_int"": 40.0, ""packstat"": 0.5343747138977051, ""sc_value"": 0.714794933795929}, ""B-D"": {""dG_dSASA_ratio"": -2.86751127243042, ""dG_separated"": -49.78412628173828, ""dSASA_int"": 1736.14404296875, ""delta_unsatHbonds"": 11.0, ""hbonds_int"": 5.0, ""nres_int"": 75.0, ""packstat"": 0.6365626454353333, ""sc_value"": 0.6496598720550537}, ""C-D"": {""dG_dSASA_ratio"": -2.5120232105255127, ""dG_separated"": -25.166296005249023, ""dSASA_int"": 1001.8336791992188, ""delta_unsatHbonds"": 0.0, ""hbonds_int"": 4.0, ""nres_int"": 47.0, ""packstat"": 0.5338000655174255, ""sc_value"": 0.6936459541320801}}"
ova_body_c4_13_ms25_r03	AF3	64	7064	0	0	A-B,A-C,A-D,B-C,B-D,C-D	6	3	1	"{""A-B"": 25, ""A-C"": 59, ""A-D"": 36, ""B-C"": 37, ""B-D"": 62, ""C-D"": 25}"	A-D,B-C	A-B,A-C,B-D,C-D	0.21867812952043567	0.7953413128852844	0.0	-3.0839805603027344	3.668118966250462	0.6156195402145386	0.0	-2.5392837524414062	7.177647083937497	"{""A-B"": {""dG_dSASA_ratio"": -2.5634212493896484, ""dG_separated"": -25.196340560913086, ""dSASA_int"": 982.9183959960938, ""delta_unsatHbonds"": 0.0, ""hbonds_int"": 4.0, ""nres_int"": 46.0, ""packstat"": 0.547268271446228, ""sc_value"": 0.6882845163345337}, ""A-C"": {""dG_dSASA_ratio"": -2.857022285461426, ""dG_separated"": -43.784889221191406, ""dSASA_int"": 1532.53564453125, ""delta_unsatHbonds"": 11.0, ""hbonds_int"": 4.0, ""nres_int"": 68.0, ""packstat"": 0.6328663229942322, ""sc_value"": 0.6156195402145386}, ""A-D"": {""dG_dSASA_ratio"": -3.0839805603027344, ""dG_separated"": -34.93830490112305, ""dSASA_int"": 1132.8963623046875, ""delta_unsatHbonds"": 4.0, ""hbonds_int"": 0.0, ""nres_int"": 40.0, ""packstat"": 0.5562388896942139, ""sc_value"": 0.8346640467643738}, ""B-C"": {""dG_dSASA_ratio"": -3.2412948608398438, ""dG_separated"": -35.345584869384766, ""dSASA_int"": 1090.4771728515625, ""delta_unsatHbonds"": 4.0, ""hbonds_int"": 0.0, ""nres_int"": 40.0, ""packstat"": 0.5801214575767517, ""sc_value"": 0.7953413128852844}, ""B-D"": {""dG_dSASA_ratio"": -2.893083333969116, ""dG_separated"": -46.85348129272461, ""dSASA_int"": 1619.4998779296875, ""delta_unsatHbonds"": 6.0, ""hbonds_int"": 4.0, ""nres_int"": 73.0, ""packstat"": 0.6535772085189819, ""sc_value"": 0.6219101548194885}, ""C-D"": {""dG_dSASA_ratio"": -2.5392837524414062, ""dG_separated"": -25.45562171936035, ""dSASA_int"": 1002.4725341796875, ""delta_unsatHbonds"": 0.0, ""hbonds_int"": 4.0, ""nres_int"": 47.0, ""packstat"": 0.5828791856765747, ""sc_value"": 0.6932154893875122}}"
ova_body_c4_13_ms25_r03	AF3	65	7065	0	0	A-B,A-C,A-D,B-C,B-D,C-D	6	3	1	"{""A-B"": 26, ""A-C"": 63, ""A-D"": 34, ""B-C"": 38, ""B-D"": 61, ""C-D"": 25}"	A-D,B-C	A-B,A-C,B-D,C-D	0.22923255840641407	0.7743221521377563	0.0	-2.8502447605133057	0.0	0.6127598285675049	0.0	-2.561697244644165	7.411305437400012	"{""A-B"": {""dG_dSASA_ratio"": -2.783324956893921, ""dG_separated"": -27.230182647705078, ""dSASA_int"": 978.3328857421875, ""delta_unsatHbonds"": 0.0, ""hbonds_int"": 5.0, ""nres_int"": 47.0, ""packstat"": 0.5432099103927612, ""sc_value"": 0.6625543832778931}, ""A-C"": {""dG_dSASA_ratio"": -2.853264570236206, ""dG_separated"": -46.018306732177734, ""dSASA_int"": 1612.830078125, ""delta_unsatHbonds"": 11.0, ""hbonds_int"": 3.0, ""nres_int"": 73.0, ""packstat"": 0.5844182372093201, ""sc_value"": 0.6127598285675049}, ""A-D"": {""dG_dSASA_ratio"": -3.3975625038146973, ""dG_separated"": -36.899349212646484, ""dSASA_int"": 1086.0535888671875, ""delta_unsatHbonds"": 0.0, ""hbonds_int"": 0.0, ""nres_int"": 40.0, ""packstat"": 0.6167392134666443, ""sc_value"": 0.7743221521377563}, ""B-C"": {""dG_dSASA_ratio"": -2.8502447605133057, ""dG_separated"": -32.367069244384766, ""dSASA_int"": 1135.589111328125, ""delta_unsatHbonds"": 0.0, ""hbonds_int"": 0.0, ""nres_int"": 40.0, ""packstat"": 0.4763032793998718, ""sc_value"": 0.831873893737793}, ""B-D"": {""dG_dSASA_ratio"": -2.953120708465576, ""dG_separated"": -47.815391540527344, ""dSASA_int"": 1619.14794921875, ""delta_unsatHbonds"": 12.0, ""hbonds_int"": 4.0, ""nres_int"": 72.0, ""packstat"": 0.6033370494842529, ""sc_value"": 0.6411943435668945}, ""C-D"": {""dG_dSASA_ratio"": -2.561697244644165, ""dG_separated"": -25.822973251342773, ""dSASA_int"": 1008.0416259765625, ""delta_unsatHbonds"": 0.0, ""hbonds_int"": 4.0, ""nres_int"": 48.0, ""packstat"": 0.6179656386375427, ""sc_value"": 0.677733302116394}}"
ova_body_c4_13_ms25_r03	AF3	66	7066	0	0	A-B,A-C,A-D,B-C,B-D,C-D	6	3	1	"{""A-B"": 21, ""A-C"": 63, ""A-D"": 37, ""B-C"": 37, ""B-D"": 59, ""C-D"": 25}"	A-D,B-C	A-B,A-C,B-D,C-D	0.24888078216923723	0.7301856279373169	0.0	-2.049445152282715	3.6035370264309234	0.6183719635009766	0.0	-2.049445152282715	6.9397755447152365	"{""A-B"": {""dG_dSASA_ratio"": -2.55263352394104, ""dG_separated"": -22.903196334838867, ""dSASA_int"": 897.2379150390625, ""delta_unsatHbonds"": 0.0, ""hbonds_int"": 3.0, ""nres_int"": 45.0, ""packstat"": 0.5047229528427124, ""sc_value"": 0.704483151435852}, ""A-C"": {""dG_dSASA_ratio"": -2.9679603576660156, ""dG_separated"": -47.04412078857422, ""dSASA_int"": 1585.065673828125, ""delta_unsatHbonds"": 11.0, ""hbonds_int"": 4.0, ""nres_int"": 72.0, ""packstat"": 0.6316460371017456, ""sc_value"": 0.6507536172866821}, ""A-D"": {""dG_dSASA_ratio"": -2.049445152282715, ""dG_separated"": -23.886005401611328, ""dSASA_int"": 1165.4864501953125, ""delta_unsatHbonds"": 4.0, ""hbonds_int"": 0.0, ""nres_int"": 39.0, ""packstat"": 0.5255692005157471, ""sc_value"": 0.7301856279373169}, ""B-C"": {""dG_dSASA_ratio"": -2.9259610176086426, ""dG_separated"": -32.4787712097168, ""dSASA_int"": 1110.0205078125, ""delta_unsatHbonds"": 4.0, ""hbonds_int"": 0.0, ""nres_int"": 40.0, ""packstat"": 0.5095962285995483, ""sc_value"": 0.7913196086883545}, ""B-D"": {""dG_dSASA_ratio"": -2.86318039894104, ""dG_separated"": -44.44437026977539, ""dSASA_int"": 1552.272705078125, ""delta_unsatHbonds"": 7.0, ""hbonds_int"": 4.0, ""nres_int"": 72.0, ""packstat"": 0.631247878074646, ""sc_value"": 0.6183719635009766}, ""C-D"": {""dG_dSASA_ratio"": -2.543389320373535, ""dG_separated"": -25.561758041381836, ""dSASA_int"": 1005.02734375, ""delta_unsatHbonds"": 0.0, ""hbonds_int"": 4.0, ""nres_int"": 48.0, ""packstat"": 0.5923932194709778, ""sc_value"": 0.6949636936187744}}"
ova_body_c4_13_ms25_r03	AF3	67	7067	0	0	A-B,A-C,A-D,B-C,B-D,C-D	6	3	1	"{""A-B"": 23, ""A-C"": 61, ""A-D"": 34, ""B-C"": 33, ""B-D"": 61, ""C-D"": 23}"	A-D,B-C	A-B,A-C,B-D,C-D	0.2174069723622478	0.6456441283226013	0.0	-3.1563940048217773	5.162229727835006	0.5268290638923645	0.0	-2.0811734199523926	5.681966622607689	"{""A-B"": {""dG_dSASA_ratio"": -2.0811734199523926, ""dG_separated"": -19.716445922851562, ""dSASA_int"": 947.37158203125, ""delta_unsatHbonds"": 0.0, ""hbonds_int"": 4.0, ""nres_int"": 45.0, ""packstat"": 0.5571732521057129, ""sc_value"": 0.5268290638923645}, ""A-C"": {""dG_dSASA_ratio"": -2.8120014667510986, ""dG_separated"": -44.54094314575195, ""dSASA_int"": 1583.9586181640625, ""delta_unsatHbonds"": 9.0, ""hbonds_int"": 3.0, ""nres_int"": 73.0, ""packstat"": 0.6383560299873352, ""sc_value"": 0.618785560131073}, ""A-D"": {""dG_dSASA_ratio"": -3.1563940048217773, ""dG_separated"": -36.686405181884766, ""dSASA_int"": 1162.2884521484375, ""delta_unsatHbonds"": 6.0, ""hbonds_int"": 0.0, ""nres_int"": 40.0, ""packstat"": 0.4948633313179016, ""sc_value"": 0.6456441283226013}, ""B-C"": {""dG_dSASA_ratio"": -3.2896416187286377, ""dG_separated"": -36.44253921508789, ""dSASA_int"": 1107.796630859375, ""delta_unsatHbonds"": 2.0, ""hbonds_int"": 0.0, ""nres_int"": 40.0, ""packstat"": 0.5013842582702637, ""sc_value"": 0.6673240065574646}, ""B-D"": {""dG_dSASA_ratio"": -2.677018880844116, ""dG_separated"": -43.90041732788086, ""dSASA_int"": 1639.8994140625, ""delta_unsatHbonds"": 7.0, ""hbonds_int"": 3.0, ""nres_int"": 71.0, ""packstat"": 0.6194239854812622, ""sc_value"": 0.6098517179489136}, ""C-D"": {""dG_dSASA_ratio"": -2.57145094871521, ""dG_separated"": -25.544921875, ""dSASA_int"": 993.4049682617188, ""delta_unsatHbonds"": 0.0, ""hbonds_int"": 4.0, ""nres_int"": 48.0, ""packstat"": 0.5820091962814331, ""sc_value"": 0.6835178136825562}}"
ova_body_c4_13_ms25_r03	AF3	68	7068	0	0	A-B,A-C,A-D,B-C,B-D,C-D	6	3	1	"{""A-B"": 23, ""A-C"": 60, ""A-D"": 36, ""B-C"": 32, ""B-D"": 63, ""C-D"": 23}"	A-D,B-C	A-B,A-C,B-D,C-D	0.2325396218073601	0.6288506984710693	0.0	-2.444329023361206	7.1553780249667405	0.6152267456054688	0.0	-2.444329023361206	8.184288511540165	"{""A-B"": {""dG_dSASA_ratio"": -2.591848134994507, ""dG_separated"": -23.43732452392578, ""dSASA_int"": 904.270751953125, ""delta_unsatHbonds"": 0.0, ""hbonds_int"": 4.0, ""nres_int"": 45.0, ""packstat"": 0.5554254651069641, ""sc_value"": 0.6983613967895508}, ""A-C"": {""dG_dSASA_ratio"": -2.757098913192749, ""dG_separated"": -43.79401397705078, ""dSASA_int"": 1588.4093017578125, ""delta_unsatHbonds"": 13.0, ""hbonds_int"": 3.0, ""nres_int"": 70.0, ""packstat"": 0.6010944247245789, ""sc_value"": 0.6152267456054688}, ""A-D"": {""dG_dSASA_ratio"": -3.2292733192443848, ""dG_separated"": -36.06462860107422, ""dSASA_int"": 1116.80322265625, ""delta_unsatHbonds"": 1.0, ""hbonds_int"": 0.0, ""nres_int"": 40.0, ""packstat"": 0.6140207648277283, ""sc_value"": 0.8378132581710815}, ""B-C"": {""dG_dSASA_ratio"": -2.444329023361206, ""dG_separated"": -27.328580856323242, ""dSASA_int"": 1118.0401611328125, ""delta_unsatHbonds"": 8.0, ""hbonds_int"": 0.0, ""nres_int"": 40.0, ""packstat"": 0.5637248754501343, ""sc_value"": 0.6288506984710693}, ""B-D"": {""dG_dSASA_ratio"": -3.0182507038116455, ""dG_separated"": -48.270851135253906, ""dSASA_int"": 1599.299072265625, ""delta_unsatHbonds"": 9.0, ""hbonds_int"": 5.0, ""nres_int"": 74.0, ""packstat"": 0.5850937962532043, ""sc_value"": 0.6173828840255737}, ""C-D"": {""dG_dSASA_ratio"": -2.674302577972412, ""dG_separated"": -25.915708541870117, ""dSASA_int"": 969.0641479492188, ""delta_unsatHbonds"": 2.0, ""hbonds_int"": 4.0, ""nres_int"": 46.0, ""packstat"": 0.5612102150917053, ""sc_value"": 0.6854256391525269}}"
ova_body_c4_13_ms25_r03	AF3	69	7069	0	0	A-B,A-C,A-D,B-C,B-D,C-D	6	3	1	"{""A-B"": 26, ""A-C"": 67, ""A-D"": 31, ""B-C"": 37, ""B-D"": 64, ""C-D"": 24}"	A-D,B-C	A-B,A-C,B-D,C-D	0.22863182075427232	0.6806837320327759	0.0	-1.5870139598846436	8.650503502176194	0.6401307582855225	0.0	-1.5870139598846436	8.650503502176194	"{""A-B"": {""dG_dSASA_ratio"": -2.7116334438323975, ""dG_separated"": -26.109024047851562, ""dSASA_int"": 962.852294921875, ""delta_unsatHbonds"": 0.0, ""hbonds_int"": 5.0, ""nres_int"": 45.0, ""packstat"": 0.5901614427566528, ""sc_value"": 0.69312983751297}, ""A-C"": {""dG_dSASA_ratio"": -2.9689109325408936, ""dG_separated"": -49.63435363769531, ""dSASA_int"": 1671.803466796875, ""delta_unsatHbonds"": 11.0, ""hbonds_int"": 4.0, ""nres_int"": 75.0, ""packstat"": 0.5773006677627563, ""sc_value"": 0.6601033210754395}, ""A-D"": {""dG_dSASA_ratio"": -3.3879895210266113, ""dG_separated"": -38.456485748291016, ""dSASA_int"": 1135.082763671875, ""delta_unsatHbonds"": 3.0, ""hbonds_int"": 0.0, ""nres_int"": 40.0, ""packstat"": 0.560979962348938, ""sc_value"": 0.7828549146652222}, ""B-C"": {""dG_dSASA_ratio"": -1.5870139598846436, ""dG_separated"": -18.345914840698242, ""dSASA_int"": 1156.0020751953125, ""delta_unsatHbonds"": 10.0, ""hbonds_int"": 0.0, ""nres_int"": 39.0, ""packstat"": 0.5959042906761169, ""sc_value"": 0.6806837320327759}, ""B-D"": {""dG_dSASA_ratio"": -3.0607831478118896, ""dG_separated"": -50.17140579223633, ""dSASA_int"": 1639.1688232421875, ""delta_unsatHbonds"": 10.0, ""hbonds_int"": 4.0, ""nres_int"": 75.0, ""packstat"": 0.6846863627433777, ""sc_value"": 0.6401307582855225}, ""C-D"": {""dG_dSASA_ratio"": -2.585603952407837, ""dG_separated"": -25.63222312927246, ""dSASA_int"": 991.3438110351562, ""delta_unsatHbonds"": 0.0, ""hbonds_int"": 4.0, ""nres_int"": 48.0, ""packstat"": 0.5749473571777344, ""sc_value"": 0.6880890727043152}}"
ova_body_c4_13_ms25_r03	AF3	70	7070	0	0	A-B,A-C,A-D,B-C,B-D,C-D	6	3	1	"{""A-B"": 22, ""A-C"": 61, ""A-D"": 37, ""B-C"": 36, ""B-D"": 57, ""C-D"": 24}"	A-D,B-C	A-B,A-C,B-D,C-D	0.23836745695946007	0.7956744432449341	0.0	-2.978193521499634	5.436770006444218	0.6023069620132446	0.0	-2.6749370098114014	5.545634369935513	"{""A-B"": {""dG_dSASA_ratio"": -2.8790698051452637, ""dG_separated"": -28.043540954589844, ""dSASA_int"": 974.0486450195312, ""delta_unsatHbonds"": 2.0, ""hbonds_int"": 5.0, ""nres_int"": 46.0, ""packstat"": 0.6201936602592468, ""sc_value"": 0.6945454478263855}, ""A-C"": {""dG_dSASA_ratio"": -2.933645486831665, ""dG_separated"": -47.61008071899414, ""dSASA_int"": 1622.898193359375, ""delta_unsatHbonds"": 9.0, ""hbonds_int"": 4.0, ""nres_int"": 72.0, ""packstat"": 0.5071483254432678, ""sc_value"": 0.6384888887405396}, ""A-D"": {""dG_dSASA_ratio"": -2.978193521499634, ""dG_separated"": -33.02961349487305, ""dSASA_int"": 1109.048583984375, ""delta_unsatHbonds"": 4.0, ""hbonds_int"": 0.0, ""nres_int"": 40.0, ""packstat"": 0.5534627437591553, ""sc_value"": 0.7956744432449341}, ""B-C"": {""dG_dSASA_ratio"": -3.05631685256958, ""dG_separated"": -33.729400634765625, ""dSASA_int"": 1103.596435546875, ""delta_unsatHbonds"": 6.0, ""hbonds_int"": 0.0, ""nres_int"": 40.0, ""packstat"": 0.5397067070007324, ""sc_value"": 0.802077054977417}, ""B-D"": {""dG_dSASA_ratio"": -2.714419364929199, ""dG_separated"": -43.129337310791016, ""dSASA_int"": 1588.8973388671875, ""delta_unsatHbonds"": 4.0, ""hbonds_int"": 3.0, ""nres_int"": 70.0, ""packstat"": 0.5812468528747559, ""sc_value"": 0.6023069620132446}, ""C-D"": {""dG_dSASA_ratio"": -2.6749370098114014, ""dG_separated"": -27.5292911529541, ""dSASA_int"": 1029.1566162109375, ""delta_unsatHbonds"": 4.0, ""hbonds_int"": 4.0, ""nres_int"": 48.0, ""packstat"": 0.6165452599525452, ""sc_value"": 0.6722511053085327}}"
ova_body_c4_13_ms25_r03	AF3	71	7071	0	0	A-B,A-C,A-D,B-C,B-D,C-D	6	3	1	"{""A-B"": 21, ""A-C"": 61, ""A-D"": 36, ""B-C"": 33, ""B-D"": 61, ""C-D"": 20}"	A-D,B-C	A-B,A-C,B-D,C-D	0.23413110900162784	0.6967126131057739	0.0	-3.036705255508423	4.415529339068778	0.6102904081344604	0.0	-2.3140575885772705	9.613983933955497	"{""A-B"": {""dG_dSASA_ratio"": -2.6048576831817627, ""dG_separated"": -23.407052993774414, ""dSASA_int"": 898.5924072265625, ""delta_unsatHbonds"": 0.0, ""hbonds_int"": 3.0, ""nres_int"": 46.0, ""packstat"": 0.5773966908454895, ""sc_value"": 0.6924948692321777}, ""A-C"": {""dG_dSASA_ratio"": -2.8705191612243652, ""dG_separated"": -45.05244827270508, ""dSASA_int"": 1569.4879150390625, ""delta_unsatHbonds"": 8.0, ""hbonds_int"": 4.0, ""nres_int"": 71.0, ""packstat"": 0.5804427266120911, ""sc_value"": 0.6102904081344604}, ""A-D"": {""dG_dSASA_ratio"": -3.036705255508423, ""dG_separated"": -35.17393112182617, ""dSASA_int"": 1158.2926025390625, ""delta_unsatHbonds"": 3.0, ""hbonds_int"": 0.0, ""nres_int"": 40.0, ""packstat"": 0.5891547203063965, ""sc_value"": 0.7387381792068481}, ""B-C"": {""dG_dSASA_ratio"": -3.3113608360290527, ""dG_separated"": -37.496761322021484, ""dSASA_int"": 1132.3670654296875, ""delta_unsatHbonds"": 5.0, ""hbonds_int"": 0.0, ""nres_int"": 40.0, ""packstat"": 0.5365350246429443, ""sc_value"": 0.6967126131057739}, ""B-D"": {""dG_dSASA_ratio"": -2.776742696762085, ""dG_separated"": -46.21173095703125, ""dSASA_int"": 1664.242431640625, ""delta_unsatHbonds"": 16.0, ""hbonds_int"": 4.0, ""nres_int"": 72.0, ""packstat"": 0.5422660708427429, ""sc_value"": 0.6244126558303833}, ""C-D"": {""dG_dSASA_ratio"": -2.3140575885772705, ""dG_separated"": -21.22808837890625, ""dSASA_int"": 917.353515625, ""delta_unsatHbonds"": 0.0, ""hbonds_int"": 5.0, ""nres_int"": 47.0, ""packstat"": 0.6144210696220398, ""sc_value"": 0.6580528020858765}}"
ova_body_c4_13_ms25_r03	AF3	72	7072	0	0	A-B,A-C,A-D,B-C,B-D,C-D	6	3	1	"{""A-B"": 22, ""A-C"": 63, ""A-D"": 37, ""B-C"": 36, ""B-D"": 60, ""C-D"": 26}"	A-D,B-C	A-B,A-C,B-D,C-D	0.2324713540189752	0.7458581924438477	0.0	-2.9383909702301025	3.612040723642729	0.5705195665359497	0.0	-2.5633039474487305	6.830429612434972	"{""A-B"": {""dG_dSASA_ratio"": -2.5633039474487305, ""dG_separated"": -23.411216735839844, ""dSASA_int"": 913.3218994140625, ""delta_unsatHbonds"": 0.0, ""hbonds_int"": 3.0, ""nres_int"": 47.0, ""packstat"": 0.5810847878456116, ""sc_value"": 0.6827248334884644}, ""A-C"": {""dG_dSASA_ratio"": -2.995976686477661, ""dG_separated"": -48.24842071533203, ""dSASA_int"": 1610.4404296875, ""delta_unsatHbonds"": 11.0, ""hbonds_int"": 4.0, ""nres_int"": 73.0, ""packstat"": 0.5741893649101257, ""sc_value"": 0.637397050857544}, ""A-D"": {""dG_dSASA_ratio"": -3.410196542739868, ""dG_separated"": -37.76476287841797, ""dSASA_int"": 1107.4072265625, ""delta_unsatHbonds"": 4.0, ""hbonds_int"": 0.0, ""nres_int"": 40.0, ""packstat"": 0.5675941109657288, ""sc_value"": 0.7458581924438477}, ""B-C"": {""dG_dSASA_ratio"": -2.9383909702301025, ""dG_separated"": -32.86587142944336, ""dSASA_int"": 1118.4990234375, ""delta_unsatHbonds"": 0.0, ""hbonds_int"": 0.0, ""nres_int"": 40.0, ""packstat"": 0.5916131138801575, ""sc_value"": 0.8017517328262329}, ""B-D"": {""dG_dSASA_ratio"": -2.7325785160064697, ""dG_separated"": -44.685543060302734, ""dSASA_int"": 1635.2884521484375, ""delta_unsatHbonds"": 9.0, ""hbonds_int"": 4.0, ""nres_int"": 71.0, ""packstat"": 0.5624730587005615, ""sc_value"": 0.5705195665359497}, ""C-D"": {""dG_dSASA_ratio"": -2.7242941856384277, ""dG_separated"": -26.51186752319336, ""dSASA_int"": 973.1646728515625, ""delta_unsatHbonds"": 0.0, ""hbonds_int"": 5.0, ""nres_int"": 48.0, ""packstat"": 0.5685734748840332, ""sc_value"": 0.6823824644088745}}"
ova_body_c4_13_ms25_r03	AF3	73	7073	0	0	A-B,A-C,A-D,B-C,B-D,C-D	6	3	1	"{""A-B"": 27, ""A-C"": 61, ""A-D"": 37, ""B-C"": 33, ""B-D"": 58, ""C-D"": 24}"	A-D,B-C	A-B,A-C,B-D,C-D	0.23716911678836033	0.7350130677223206	0.0	-2.488982677459717	5.574345128991789	0.6182371377944946	0.0	-2.488982677459717	5.574345128991789	"{""A-B"": {""dG_dSASA_ratio"": -2.6849119663238525, ""dG_separated"": -26.177433013916016, ""dSASA_int"": 974.98291015625, ""delta_unsatHbonds"": 0.0, ""hbonds_int"": 5.0, ""nres_int"": 46.0, ""packstat"": 0.6396049857139587, ""sc_value"": 0.6724115610122681}, ""A-C"": {""dG_dSASA_ratio"": -3.1149556636810303, ""dG_separated"": -48.70740509033203, ""dSASA_int"": 1563.6629638671875, ""delta_unsatHbonds"": 8.0, ""hbonds_int"": 3.0, ""nres_int"": 74.0, ""packstat"": 0.6621399521827698, ""sc_value"": 0.6242063641548157}, ""A-D"": {""dG_dSASA_ratio"": -3.01355242729187, ""dG_separated"": -33.3001708984375, ""dSASA_int"": 1105.013916015625, ""delta_unsatHbonds"": 4.0, ""hbonds_int"": 0.0, ""nres_int"": 40.0, ""packstat"": 0.5693941712379456, ""sc_value"": 0.7836408019065857}, ""B-C"": {""dG_dSASA_ratio"": -2.488982677459717, ""dG_separated"": -26.7904052734375, ""dSASA_int"": 1076.359619140625, ""delta_unsatHbonds"": 6.0, ""hbonds_int"": 0.0, ""nres_int"": 40.0, ""packstat"": 0.5482770204544067, ""sc_value"": 0.7350130677223206}, ""B-D"": {""dG_dSASA_ratio"": -2.772707939147949, ""dG_separated"": -43.920963287353516, ""dSASA_int"": 1584.0457763671875, ""delta_unsatHbonds"": 7.0, ""hbonds_int"": 4.0, ""nres_int"": 70.0, ""packstat"": 0.5926912426948547, ""sc_value"": 0.6182371377944946}, ""C-D"": {""dG_dSASA_ratio"": -2.607913017272949, ""dG_separated"": -25.406892776489258, ""dSASA_int"": 974.22314453125, ""delta_unsatHbonds"": 0.0, ""hbonds_int"": 4.0, ""nres_int"": 48.0, ""packstat"": 0.5160430073738098, ""sc_value"": 0.6879552602767944}}"
ova_body_c4_13_ms25_r03	AF3	74	7074	0	0	A-B,A-C,A-D,B-C,B-D,C-D	6	3	1	"{""A-B"": 24, ""A-C"": 58, ""A-D"": 37, ""B-C"": 36, ""B-D"": 66, ""C-D"": 22}"	A-D,B-C	A-B,A-C,B-D,C-D	0.2292882612200528	0.8198353052139282	0.0	-3.0714452266693115	3.573646364746188	0.6204975843429565	0.0	-2.4798800945281982	7.815624283961322	"{""A-B"": {""dG_dSASA_ratio"": -2.879479169845581, ""dG_separated"": -27.24480628967285, ""dSASA_int"": 946.1713256835938, ""delta_unsatHbonds"": 2.0, ""hbonds_int"": 4.0, ""nres_int"": 46.0, ""packstat"": 0.587326169013977, ""sc_value"": 0.6885247230529785}, ""A-C"": {""dG_dSASA_ratio"": -2.9504454135894775, ""dG_separated"": -45.300724029541016, ""dSASA_int"": 1535.385986328125, ""delta_unsatHbonds"": 12.0, ""hbonds_int"": 5.0, ""nres_int"": 67.0, ""packstat"": 0.5709354877471924, ""sc_value"": 0.6204975843429565}, ""A-D"": {""dG_dSASA_ratio"": -3.1284031867980957, ""dG_separated"": -35.0163688659668, ""dSASA_int"": 1119.304931640625, ""delta_unsatHbonds"": 4.0, ""hbonds_int"": 0.0, ""nres_int"": 40.0, ""packstat"": 0.5427675247192383, ""sc_value"": 0.8198353052139282}, ""B-C"": {""dG_dSASA_ratio"": -3.0714452266693115, ""dG_separated"": -33.92963409423828, ""dSASA_int"": 1104.6798095703125, ""delta_unsatHbonds"": 2.0, ""hbonds_int"": 0.0, ""nres_int"": 40.0, ""packstat"": 0.5919058322906494, ""sc_value"": 0.8357696533203125}, ""B-D"": {""dG_dSASA_ratio"": -2.8605146408081055, ""dG_separated"": -47.428951263427734, ""dSASA_int"": 1658.056640625, ""delta_unsatHbonds"": 11.0, ""hbonds_int"": 4.0, ""nres_int"": 73.0, ""packstat"": 0.5293545126914978, ""sc_value"": 0.6401664018630981}, ""C-D"": {""dG_dSASA_ratio"": -2.4798800945281982, ""dG_separated"": -23.42465591430664, ""dSASA_int"": 944.5882568359375, ""delta_unsatHbonds"": 0.0, ""hbonds_int"": 3.0, ""nres_int"": 47.0, ""packstat"": 0.5865311026573181, ""sc_value"": 0.6966537237167358}}"
ova_body_c4_13_ms25_r03	AF3	75	7075	0	0	A-B,A-C,A-D,B-C,B-D,C-D	6	3	1	"{""A-B"": 26, ""A-C"": 64, ""A-D"": 33, ""B-C"": 35, ""B-D"": 64, ""C-D"": 25}"	A-D,B-C	A-B,A-C,B-D,C-D	0.217361710177513	0.6945006847381592	0.0	-3.0669312477111816	1.7468342095047442	0.6230825185775757	0.0	-2.5423288345336914	5.023302217209684	"{""A-B"": {""dG_dSASA_ratio"": -2.6760025024414062, ""dG_separated"": -25.960744857788086, ""dSASA_int"": 970.1315307617188, ""delta_unsatHbonds"": 0.0, ""hbonds_int"": 5.0, ""nres_int"": 46.0, ""packstat"": 0.5832250118255615, ""sc_value"": 0.6748372316360474}, ""A-C"": {""dG_dSASA_ratio"": -3.133333683013916, ""dG_separated"": -49.900779724121094, ""dSASA_int"": 1592.577880859375, ""delta_unsatHbonds"": 8.0, ""hbonds_int"": 4.0, ""nres_int"": 74.0, ""packstat"": 0.6447567939758301, ""sc_value"": 0.6466827988624573}, ""A-D"": {""dG_dSASA_ratio"": -3.0669312477111816, ""dG_separated"": -35.11416244506836, ""dSASA_int"": 1144.9283447265625, ""delta_unsatHbonds"": 2.0, ""hbonds_int"": 0.0, ""nres_int"": 41.0, ""packstat"": 0.5947344899177551, ""sc_value"": 0.6945006847381592}, ""B-C"": {""dG_dSASA_ratio"": -3.2135775089263916, ""dG_separated"": -34.92910385131836, ""dSASA_int"": 1086.9227294921875, ""delta_unsatHbonds"": 0.0, ""hbonds_int"": 0.0, ""nres_int"": 40.0, ""packstat"": 0.5265187621116638, ""sc_value"": 0.7850691080093384}, ""B-D"": {""dG_dSASA_ratio"": -2.87859845161438, ""dG_separated"": -47.68378829956055, ""dSASA_int"": 1656.4932861328125, ""delta_unsatHbonds"": 8.0, ""hbonds_int"": 4.0, ""nres_int"": 74.0, ""packstat"": 0.5630227327346802, ""sc_value"": 0.6230825185775757}, ""C-D"": {""dG_dSASA_ratio"": -2.5423288345336914, ""dG_separated"": -25.72673797607422, ""dSASA_int"": 1011.9358520507812, ""delta_unsatHbonds"": 0.0, ""hbonds_int"": 4.0, ""nres_int"": 48.0, ""packstat"": 0.6082663536071777, ""sc_value"": 0.6832159757614136}}"
ova_body_c4_13_ms25_r03	AF3	76	7076	0	0	A-B,A-C,A-D,B-C,B-D,C-D	6	3	1	"{""A-B"": 25, ""A-C"": 69, ""A-D"": 35, ""B-C"": 31, ""B-D"": 59, ""C-D"": 26}"	A-D,B-C	A-B,A-C,B-D,C-D	0.2673385643655842	0.7125380039215088	0.0	-2.832350730895996	3.681116952977011	0.605621337890625	0.0	-2.5579750537872314	5.372852403966676	"{""A-B"": {""dG_dSASA_ratio"": -2.5579750537872314, ""dG_separated"": -25.89590835571289, ""dSASA_int"": 1012.3597412109375, ""delta_unsatHbonds"": 0.0, ""hbonds_int"": 4.0, ""nres_int"": 47.0, ""packstat"": 0.6373110413551331, ""sc_value"": 0.6651872396469116}, ""A-C"": {""dG_dSASA_ratio"": -2.8367817401885986, ""dG_separated"": -47.51858901977539, ""dSASA_int"": 1675.087890625, ""delta_unsatHbonds"": 9.0, ""hbonds_int"": 4.0, ""nres_int"": 75.0, ""packstat"": 0.6083704233169556, ""sc_value"": 0.605621337890625}, ""A-D"": {""dG_dSASA_ratio"": -3.4725582599639893, ""dG_separated"": -37.73374557495117, ""dSASA_int"": 1086.626708984375, ""delta_unsatHbonds"": 4.0, ""hbonds_int"": 0.0, ""nres_int"": 38.0, ""packstat"": 0.4943297803401947, ""sc_value"": 0.7125380039215088}, ""B-C"": {""dG_dSASA_ratio"": -2.832350730895996, ""dG_separated"": -32.45230484008789, ""dSASA_int"": 1145.7728271484375, ""delta_unsatHbonds"": 2.0, ""hbonds_int"": 0.0, ""nres_int"": 40.0, ""packstat"": 0.5307888984680176, ""sc_value"": 0.7919002175331116}, ""B-D"": {""dG_dSASA_ratio"": -2.9150757789611816, ""dG_separated"": -45.88835906982422, ""dSASA_int"": 1574.173828125, ""delta_unsatHbonds"": 5.0, ""hbonds_int"": 5.0, ""nres_int"": 68.0, ""packstat"": 0.6057168841362, ""sc_value"": 0.6517504453659058}, ""C-D"": {""dG_dSASA_ratio"": -2.721304178237915, ""dG_separated"": -27.12893295288086, ""dSASA_int"": 996.9092407226562, ""delta_unsatHbonds"": 0.0, ""hbonds_int"": 5.0, ""nres_int"": 48.0, ""packstat"": 0.544401228427887, ""sc_value"": 0.682824432849884}}"
ova_body_c4_13_ms25_r03	AF3	77	7077	0	0	A-B,A-C,A-D,B-C,B-D,C-D	6	3	1	"{""A-B"": 26, ""A-C"": 55, ""A-D"": 37, ""B-C"": 32, ""B-D"": 64, ""C-D"": 26}"	A-D,B-C	A-B,A-C,B-D,C-D	0.24245912810463102	0.707129955291748	0.0	-2.2765491008758545	3.614271386470373	0.6079915761947632	0.0	-2.2765491008758545	3.614271386470373	"{""A-B"": {""dG_dSASA_ratio"": -2.6102263927459717, ""dG_separated"": -25.70134925842285, ""dSASA_int"": 984.6405639648438, ""delta_unsatHbonds"": 0.0, ""hbonds_int"": 4.0, ""nres_int"": 46.0, ""packstat"": 0.5851207971572876, ""sc_value"": 0.6620439887046814}, ""A-C"": {""dG_dSASA_ratio"": -2.733555793762207, ""dG_separated"": -43.50065612792969, ""dSASA_int"": 1591.35791015625, ""delta_unsatHbonds"": 4.0, ""hbonds_int"": 3.0, ""nres_int"": 70.0, ""packstat"": 0.6263342499732971, ""sc_value"": 0.6079915761947632}, ""A-D"": {""dG_dSASA_ratio"": -2.8517820835113525, ""dG_separated"": -32.17080307006836, ""dSASA_int"": 1128.0947265625, ""delta_unsatHbonds"": 4.0, ""hbonds_int"": 0.0, ""nres_int"": 40.0, ""packstat"": 0.5385490655899048, ""sc_value"": 0.8050758838653564}, ""B-C"": {""dG_dSASA_ratio"": -2.2765491008758545, ""dG_separated"": -25.195110321044922, ""dSASA_int"": 1106.7237548828125, ""delta_unsatHbonds"": 4.0, ""hbonds_int"": 0.0, ""nres_int"": 39.0, ""packstat"": 0.4480944275856018, ""sc_value"": 0.707129955291748}, ""B-D"": {""dG_dSASA_ratio"": -2.90665864944458, ""dG_separated"": -49.17621612548828, ""dSASA_int"": 1691.846923828125, ""delta_unsatHbonds"": 6.0, ""hbonds_int"": 4.0, ""nres_int"": 75.0, ""packstat"": 0.6361856460571289, ""sc_value"": 0.6503121256828308}, ""C-D"": {""dG_dSASA_ratio"": -2.606482982635498, ""dG_separated"": -26.201717376708984, ""dSASA_int"": 1005.2518310546875, ""delta_unsatHbonds"": 0.0, ""hbonds_int"": 5.0, ""nres_int"": 47.0, ""packstat"": 0.5794945955276489, ""sc_value"": 0.6907913684844971}}"
ova_body_c4_13_ms25_r03	AF3	78	7078	0	0	A-B,A-C,A-D,B-C,B-D,C-D	6	3	1	"{""A-B"": 22, ""A-C"": 65, ""A-D"": 35, ""B-C"": 35, ""B-D"": 61, ""C-D"": 25}"	A-D,B-C	A-B,A-C,B-D,C-D	0.22441362964847522	0.69092857837677	0.0	-2.935257911682129	3.7097836940696447	0.6111999750137329	0.0	-2.6128435134887695	6.1023493300004805	"{""A-B"": {""dG_dSASA_ratio"": -2.79138445854187, ""dG_separated"": -27.103166580200195, ""dSASA_int"": 970.9578247070312, ""delta_unsatHbonds"": 0.0, ""hbonds_int"": 5.0, ""nres_int"": 46.0, ""packstat"": 0.5964839458465576, ""sc_value"": 0.6890109777450562}, ""A-C"": {""dG_dSASA_ratio"": -2.670480966567993, ""dG_separated"": -43.43837356567383, ""dSASA_int"": 1626.6124267578125, ""delta_unsatHbonds"": 9.0, ""hbonds_int"": 3.0, ""nres_int"": 71.0, ""packstat"": 0.5651041865348816, ""sc_value"": 0.6111999750137329}, ""A-D"": {""dG_dSASA_ratio"": -2.935257911682129, ""dG_separated"": -31.648832321166992, ""dSASA_int"": 1078.22998046875, ""delta_unsatHbonds"": 4.0, ""hbonds_int"": 0.0, ""nres_int"": 40.0, ""packstat"": 0.5103375911712646, ""sc_value"": 0.7830569744110107}, ""B-C"": {""dG_dSASA_ratio"": -3.2910447120666504, ""dG_separated"": -36.706607818603516, ""dSASA_int"": 1115.34814453125, ""delta_unsatHbonds"": 1.0, ""hbonds_int"": 0.0, ""nres_int"": 39.0, ""packstat"": 0.4847932457923889, ""sc_value"": 0.69092857837677}, ""B-D"": {""dG_dSASA_ratio"": -2.8911304473876953, ""dG_separated"": -47.3773307800293, ""dSASA_int"": 1638.713134765625, ""delta_unsatHbonds"": 10.0, ""hbonds_int"": 5.0, ""nres_int"": 73.0, ""packstat"": 0.5485446453094482, ""sc_value"": 0.6250653266906738}, ""C-D"": {""dG_dSASA_ratio"": -2.6128435134887695, ""dG_separated"": -26.075780868530273, ""dSASA_int"": 997.9848022460938, ""delta_unsatHbonds"": 0.0, ""hbonds_int"": 4.0, ""nres_int"": 48.0, ""packstat"": 0.5879851579666138, ""sc_value"": 0.693667471408844}}"
ova_body_c4_13_ms25_r03	AF3	79	7079	0	0	A-C,A-D,B-C,B-D,C-D	5	2	1	"{""A-B"": 19, ""A-C"": 61, ""A-D"": 36, ""B-C"": 37, ""B-D"": 64, ""C-D"": 24}"	A-D,B-C	A-B,A-C,B-D,C-D	0.2418015650437472	0.6724172830581665	0.0	-2.553222179412842	3.4349628651246653	0.5960805416107178	0.0	-2.285858392715454	6.580222383359001	"{""A-B"": {""dG_dSASA_ratio"": -2.285858392715454, ""dG_separated"": -20.797788619995117, ""dSASA_int"": 909.8458862304688, ""delta_unsatHbonds"": 0.0, ""hbonds_int"": 4.0, ""nres_int"": 44.0, ""packstat"": 0.5044946670532227, ""sc_value"": 0.5960805416107178}, ""A-C"": {""dG_dSASA_ratio"": -2.8834469318389893, ""dG_separated"": -46.57300567626953, ""dSASA_int"": 1615.18505859375, ""delta_unsatHbonds"": 10.0, ""hbonds_int"": 4.0, ""nres_int"": 75.0, ""packstat"": 0.618351936340332, ""sc_value"": 0.6318697929382324}, ""A-D"": {""dG_dSASA_ratio"": -2.553222179412842, ""dG_separated"": -29.73216438293457, ""dSASA_int"": 1164.495849609375, ""delta_unsatHbonds"": 4.0, ""hbonds_int"": 0.0, ""nres_int"": 38.0, ""packstat"": 0.50838303565979, ""sc_value"": 0.6724172830581665}, ""B-C"": {""dG_dSASA_ratio"": -2.802203893661499, ""dG_separated"": -31.987817764282227, ""dSASA_int"": 1141.5235595703125, ""delta_unsatHbonds"": 2.0, ""hbonds_int"": 0.0, ""nres_int"": 40.0, ""packstat"": 0.5320202112197876, ""sc_value"": 0.7822316884994507}, ""B-D"": {""dG_dSASA_ratio"": -2.969632625579834, ""dG_separated"": -49.642635345458984, ""dSASA_int"": 1671.676025390625, ""delta_unsatHbonds"": 11.0, ""hbonds_int"": 5.0, ""nres_int"": 74.0, ""packstat"": 0.6417721509933472, ""sc_value"": 0.6281510591506958}, ""C-D"": {""dG_dSASA_ratio"": -2.625241756439209, ""dG_separated"": -25.762836456298828, ""dSASA_int"": 981.3510131835938, ""delta_unsatHbonds"": 0.0, ""hbonds_int"": 4.0, ""nres_int"": 47.0, ""packstat"": 0.5961185097694397, ""sc_value"": 0.6663656234741211}}"
ova_body_c4_13_ms25_r03	AF3	80	7080	0	0	A-B,A-C,A-D,B-C,B-D,C-D	6	3	1	"{""A-B"": 23, ""A-C"": 61, ""A-D"": 35, ""B-C"": 37, ""B-D"": 62, ""C-D"": 25}"	A-D,B-C	A-B,A-C,B-D,C-D	0.2289424713752348	0.7875000238418579	0.0	-2.8861966133117676	5.437553702646394	0.6006802916526794	0.0	-2.5313568115234375	5.437553702646394	"{""A-B"": {""dG_dSASA_ratio"": -2.866133451461792, ""dG_separated"": -28.365684509277344, ""dSASA_int"": 989.6847534179688, ""delta_unsatHbonds"": 0.0, ""hbonds_int"": 4.0, ""nres_int"": 46.0, ""packstat"": 0.608210027217865, ""sc_value"": 0.6861627101898193}, ""A-C"": {""dG_dSASA_ratio"": -2.9600203037261963, ""dG_separated"": -47.632354736328125, ""dSASA_int"": 1609.190185546875, ""delta_unsatHbonds"": 5.0, ""hbonds_int"": 4.0, ""nres_int"": 73.0, ""packstat"": 0.5695483684539795, ""sc_value"": 0.6318970918655396}, ""A-D"": {""dG_dSASA_ratio"": -3.2766060829162598, ""dG_separated"": -36.155296325683594, ""dSASA_int"": 1103.4373779296875, ""delta_unsatHbonds"": 6.0, ""hbonds_int"": 0.0, ""nres_int"": 40.0, ""packstat"": 0.6879326105117798, ""sc_value"": 0.7875000238418579}, ""B-C"": {""dG_dSASA_ratio"": -2.8861966133117676, ""dG_separated"": -32.27716064453125, ""dSASA_int"": 1118.32861328125, ""delta_unsatHbonds"": 2.0, ""hbonds_int"": 0.0, ""nres_int"": 40.0, ""packstat"": 0.5515314340591431, ""sc_value"": 0.7983154058456421}, ""B-D"": {""dG_dSASA_ratio"": -3.023838758468628, ""dG_separated"": -48.63982391357422, ""dSASA_int"": 1608.5455322265625, ""delta_unsatHbonds"": 8.0, ""hbonds_int"": 5.0, ""nres_int"": 74.0, ""packstat"": 0.6168522238731384, ""sc_value"": 0.6006802916526794}, ""C-D"": {""dG_dSASA_ratio"": -2.5313568115234375, ""dG_separated"": -25.265151977539062, ""dSASA_int"": 998.0872802734375, ""delta_unsatHbonds"": 0.0, ""hbonds_int"": 4.0, ""nres_int"": 48.0, ""packstat"": 0.5646426677703857, ""sc_value"": 0.6792609095573425}}"
ova_body_c4_13_ms25_r03	AF3	81	7081	0	0	A-B,A-C,A-D,B-C,B-D,C-D	6	3	1	"{""A-B"": 26, ""A-C"": 62, ""A-D"": 35, ""B-C"": 31, ""B-D"": 61, ""C-D"": 27}"	A-D,B-C	A-B,A-C,B-D,C-D	0.22715158148976938	0.7457915544509888	0.0	-2.723884105682373	4.391113098928369	0.6191593408584595	0.0	-2.63037371635437	5.610529788246789	"{""A-B"": {""dG_dSASA_ratio"": -2.63037371635437, ""dG_separated"": -25.60364532470703, ""dSASA_int"": 973.3843994140625, ""delta_unsatHbonds"": 0.0, ""hbonds_int"": 5.0, ""nres_int"": 46.0, ""packstat"": 0.558796226978302, ""sc_value"": 0.6821173429489136}, ""A-C"": {""dG_dSASA_ratio"": -2.8163952827453613, ""dG_separated"": -46.504337310791016, ""dSASA_int"": 1651.20068359375, ""delta_unsatHbonds"": 8.0, ""hbonds_int"": 4.0, ""nres_int"": 74.0, ""packstat"": 0.557853102684021, ""sc_value"": 0.6191593408584595}, ""A-D"": {""dG_dSASA_ratio"": -2.723884105682373, ""dG_separated"": -29.776723861694336, ""dSASA_int"": 1093.17138671875, ""delta_unsatHbonds"": 4.0, ""hbonds_int"": 0.0, ""nres_int"": 40.0, ""packstat"": 0.5539557933807373, ""sc_value"": 0.7740787267684937}, ""B-C"": {""dG_dSASA_ratio"": -3.2076873779296875, ""dG_separated"": -36.52476501464844, ""dSASA_int"": 1138.6634521484375, ""delta_unsatHbonds"": 5.0, ""hbonds_int"": 0.0, ""nres_int"": 40.0, ""packstat"": 0.5299012064933777, ""sc_value"": 0.7457915544509888}, ""B-D"": {""dG_dSASA_ratio"": -2.8929264545440674, ""dG_separated"": -46.40620422363281, ""dSASA_int"": 1604.1265869140625, ""delta_unsatHbonds"": 9.0, ""hbonds_int"": 4.0, ""nres_int"": 73.0, ""packstat"": 0.6021286845207214, ""sc_value"": 0.6350363492965698}, ""C-D"": {""dG_dSASA_ratio"": -2.6687374114990234, ""dG_separated"": -26.375988006591797, ""dSASA_int"": 988.33203125, ""delta_unsatHbonds"": 0.0, ""hbonds_int"": 5.0, ""nres_int"": 47.0, ""packstat"": 0.5751398205757141, ""sc_value"": 0.6843715310096741}}"
ova_body_c4_13_ms25_r03	AF3	82	7082	0	0	A-B,A-C,A-D,B-C,B-D,C-D	6	3	1	"{""A-B"": 24, ""A-C"": 65, ""A-D"": 39, ""B-C"": 37, ""B-D"": 66, ""C-D"": 26}"	A-D,B-C	A-B,A-C,B-D,C-D	0.2271876058433655	0.7421311140060425	0.0	-2.8892412185668945	4.26222773407445	0.6366334557533264	0.0	-2.6906256675720215	7.179842626882852	"{""A-B"": {""dG_dSASA_ratio"": -2.7159578800201416, ""dG_separated"": -26.44878578186035, ""dSASA_int"": 973.8290405273438, ""delta_unsatHbonds"": 2.0, ""hbonds_int"": 4.0, ""nres_int"": 46.0, ""packstat"": 0.5364442467689514, ""sc_value"": 0.6958440542221069}, ""A-C"": {""dG_dSASA_ratio"": -3.0825016498565674, ""dG_separated"": -49.294681549072266, ""dSASA_int"": 1599.177734375, ""delta_unsatHbonds"": 10.0, ""hbonds_int"": 4.0, ""nres_int"": 75.0, ""packstat"": 0.6238533854484558, ""sc_value"": 0.640906035900116}, ""A-D"": {""dG_dSASA_ratio"": -3.10166597366333, ""dG_separated"": -36.385501861572266, ""dSASA_int"": 1173.095458984375, ""delta_unsatHbonds"": 5.0, ""hbonds_int"": 0.0, ""nres_int"": 41.0, ""packstat"": 0.5399478077888489, ""sc_value"": 0.7421311140060425}, ""B-C"": {""dG_dSASA_ratio"": -2.8892412185668945, ""dG_separated"": -32.64711380004883, ""dSASA_int"": 1129.95458984375, ""delta_unsatHbonds"": 0.0, ""hbonds_int"": 0.0, ""nres_int"": 40.0, ""packstat"": 0.5404861569404602, ""sc_value"": 0.8173850774765015}, ""B-D"": {""dG_dSASA_ratio"": -2.9029533863067627, ""dG_separated"": -48.51839065551758, ""dSASA_int"": 1671.3458251953125, ""delta_unsatHbonds"": 12.0, ""hbonds_int"": 4.0, ""nres_int"": 74.0, ""packstat"": 0.6064950227737427, ""sc_value"": 0.6366334557533264}, ""C-D"": {""dG_dSASA_ratio"": -2.6906256675720215, ""dG_separated"": -26.380474090576172, ""dSASA_int"": 980.4586791992188, ""delta_unsatHbonds"": 0.0, ""hbonds_int"": 5.0, ""nres_int"": 48.0, ""packstat"": 0.5665138363838196, ""sc_value"": 0.6553872227668762}}"
ova_body_c4_13_ms25_r03	AF3	83	7083	0	0	A-B,A-C,A-D,B-C,B-D,C-D	6	3	1	"{""A-B"": 24, ""A-C"": 61, ""A-D"": 35, ""B-C"": 33, ""B-D"": 62, ""C-D"": 25}"	A-D,B-C	A-B,A-C,B-D,C-D	0.22591257228517786	0.6854795813560486	0.0	-3.1699447631835938	2.6058642974112285	0.6107455492019653	0.0	-2.481973171234131	8.049339695044791	"{""A-B"": {""dG_dSASA_ratio"": -2.481973171234131, ""dG_separated"": -25.015430450439453, ""dSASA_int"": 1007.884765625, ""delta_unsatHbonds"": 1.0, ""hbonds_int"": 4.0, ""nres_int"": 46.0, ""packstat"": 0.5476773381233215, ""sc_value"": 0.69051593542099}, ""A-C"": {""dG_dSASA_ratio"": -2.8452136516571045, ""dG_separated"": -45.951316833496094, ""dSASA_int"": 1615.039306640625, ""delta_unsatHbonds"": 13.0, ""hbonds_int"": 3.0, ""nres_int"": 72.0, ""packstat"": 0.6715838313102722, ""sc_value"": 0.6449069976806641}, ""A-D"": {""dG_dSASA_ratio"": -3.1699447631835938, ""dG_separated"": -36.49397277832031, ""dSASA_int"": 1151.24951171875, ""delta_unsatHbonds"": 3.0, ""hbonds_int"": 0.0, ""nres_int"": 40.0, ""packstat"": 0.548162579536438, ""sc_value"": 0.8449037075042725}, ""B-C"": {""dG_dSASA_ratio"": -3.190234661102295, ""dG_separated"": -36.02042770385742, ""dSASA_int"": 1129.0838623046875, ""delta_unsatHbonds"": 2.0, ""hbonds_int"": 0.0, ""nres_int"": 40.0, ""packstat"": 0.45893484354019165, ""sc_value"": 0.6854795813560486}, ""B-D"": {""dG_dSASA_ratio"": -2.801417589187622, ""dG_separated"": -45.39158630371094, ""dSASA_int"": 1620.307861328125, ""delta_unsatHbonds"": 10.0, ""hbonds_int"": 4.0, ""nres_int"": 69.0, ""packstat"": 0.5601471662521362, ""sc_value"": 0.6107455492019653}, ""C-D"": {""dG_dSASA_ratio"": -2.565601348876953, ""dG_separated"": -25.5688533782959, ""dSASA_int"": 996.6027221679688, ""delta_unsatHbonds"": 0.0, ""hbonds_int"": 4.0, ""nres_int"": 48.0, ""packstat"": 0.6045833230018616, ""sc_value"": 0.6948040723800659}}"
ova_body_c4_13_ms25_r03	AF3	84	7084	0	0	A-B,A-C,A-D,B-C,B-D,C-D	6	3	1	"{""A-B"": 21, ""A-C"": 65, ""A-D"": 38, ""B-C"": 39, ""B-D"": 63, ""C-D"": 24}"	A-D,B-C	A-B,A-C,B-D,C-D	0.2247063898029552	0.7185487747192383	0.0	-2.8511195182800293	2.610756644570065	0.5031805634498596	0.0	-2.1014163494110107	8.714690318394547	"{""A-B"": {""dG_dSASA_ratio"": -2.1014163494110107, ""dG_separated"": -19.48090171813965, ""dSASA_int"": 927.0367431640625, ""delta_unsatHbonds"": 0.0, ""hbonds_int"": 4.0, ""nres_int"": 44.0, ""packstat"": 0.5861901640892029, ""sc_value"": 0.5031805634498596}, ""A-C"": {""dG_dSASA_ratio"": -3.01958966255188, ""dG_separated"": -48.50918960571289, ""dSASA_int"": 1606.4827880859375, ""delta_unsatHbonds"": 14.0, ""hbonds_int"": 4.0, ""nres_int"": 74.0, ""packstat"": 0.6565329432487488, ""sc_value"": 0.6355458498001099}, ""A-D"": {""dG_dSASA_ratio"": -2.8511195182800293, ""dG_separated"": -32.30697250366211, ""dSASA_int"": 1133.1328125, ""delta_unsatHbonds"": 2.0, ""hbonds_int"": 0.0, ""nres_int"": 40.0, ""packstat"": 0.5864312052726746, ""sc_value"": 0.8270343542098999}, ""B-C"": {""dG_dSASA_ratio"": -3.2320711612701416, ""dG_separated"": -37.13948059082031, ""dSASA_int"": 1149.0921630859375, ""delta_unsatHbonds"": 3.0, ""hbonds_int"": 0.0, ""nres_int"": 40.0, ""packstat"": 0.5347146987915039, ""sc_value"": 0.7185487747192383}, ""B-D"": {""dG_dSASA_ratio"": -3.0065016746520996, ""dG_separated"": -49.123023986816406, ""dSASA_int"": 1633.8929443359375, ""delta_unsatHbonds"": 9.0, ""hbonds_int"": 4.0, ""nres_int"": 74.0, ""packstat"": 0.6184422373771667, ""sc_value"": 0.6444535255432129}, ""C-D"": {""dG_dSASA_ratio"": -2.5277507305145264, ""dG_separated"": -25.303956985473633, ""dSASA_int"": 1001.0464477539062, ""delta_unsatHbonds"": 0.0, ""hbonds_int"": 4.0, ""nres_int"": 48.0, ""packstat"": 0.6139758229255676, ""sc_value"": 0.648271918296814}}"
ova_body_c4_13_ms25_r03	AF3	85	7085	0	0	A-B,A-C,A-D,B-C,B-D,C-D	6	3	1	"{""A-B"": 24, ""A-C"": 63, ""A-D"": 36, ""B-C"": 33, ""B-D"": 58, ""C-D"": 24}"	A-D,B-C	A-B,A-C,B-D,C-D	0.26128346222289695	0.7437828779220581	0.0	-2.9733614921569824	5.546007308020046	0.6163573265075684	0.0	-2.290374517440796	5.972665576878785	"{""A-B"": {""dG_dSASA_ratio"": -2.6266279220581055, ""dG_separated"": -25.399486541748047, ""dSASA_int"": 966.9998168945312, ""delta_unsatHbonds"": 0.0, ""hbonds_int"": 4.0, ""nres_int"": 45.0, ""packstat"": 0.6030996441841125, ""sc_value"": 0.6791480183601379}, ""A-C"": {""dG_dSASA_ratio"": -3.1122217178344727, ""dG_separated"": -50.43599319458008, ""dSASA_int"": 1620.578369140625, ""delta_unsatHbonds"": 9.0, ""hbonds_int"": 4.0, ""nres_int"": 77.0, ""packstat"": 0.628780722618103, ""sc_value"": 0.6487195491790771}, ""A-D"": {""dG_dSASA_ratio"": -3.126220703125, ""dG_separated"": -33.821311950683594, ""dSASA_int"": 1081.859375, ""delta_unsatHbonds"": 6.0, ""hbonds_int"": 0.0, ""nres_int"": 40.0, ""packstat"": 0.5920546650886536, ""sc_value"": 0.7874373197555542}, ""B-C"": {""dG_dSASA_ratio"": -2.9733614921569824, ""dG_separated"": -32.8572883605957, ""dSASA_int"": 1105.0552978515625, ""delta_unsatHbonds"": 2.0, ""hbonds_int"": 0.0, ""nres_int"": 37.0, ""packstat"": 0.5290443301200867, ""sc_value"": 0.7437828779220581}, ""B-D"": {""dG_dSASA_ratio"": -2.6151175498962402, ""dG_separated"": -43.78476333618164, ""dSASA_int"": 1674.2943115234375, ""delta_unsatHbonds"": 10.0, ""hbonds_int"": 3.0, ""nres_int"": 71.0, ""packstat"": 0.5896320343017578, ""sc_value"": 0.6163573265075684}, ""C-D"": {""dG_dSASA_ratio"": -2.290374517440796, ""dG_separated"": -23.291860580444336, ""dSASA_int"": 1016.9454956054688, ""delta_unsatHbonds"": 0.0, ""hbonds_int"": 4.0, ""nres_int"": 46.0, ""packstat"": 0.5966659784317017, ""sc_value"": 0.6528071165084839}}"
ova_body_c4_13_ms25_r03	AF3	86	7086	0	0	A-B,A-C,A-D,B-C,B-D,C-D	6	3	1	"{""A-B"": 25, ""A-C"": 62, ""A-D"": 37, ""B-C"": 30, ""B-D"": 60, ""C-D"": 25}"	A-D,B-C	A-B,A-C,B-D,C-D	0.24170740759642548	0.7215543985366821	0.0	-2.9783935546875	6.532187117361454	0.6178568005561829	0.0	-2.2409021854400635	6.532187117361454	"{""A-B"": {""dG_dSASA_ratio"": -2.7018706798553467, ""dG_separated"": -26.49908447265625, ""dSASA_int"": 980.76806640625, ""delta_unsatHbonds"": 1.0, ""hbonds_int"": 5.0, ""nres_int"": 46.0, ""packstat"": 0.6322305798530579, ""sc_value"": 0.6901389360427856}, ""A-C"": {""dG_dSASA_ratio"": -2.902111053466797, ""dG_separated"": -46.14935302734375, ""dSASA_int"": 1590.199462890625, ""delta_unsatHbonds"": 10.0, ""hbonds_int"": 4.0, ""nres_int"": 72.0, ""packstat"": 0.5426561236381531, ""sc_value"": 0.6600649356842041}, ""A-D"": {""dG_dSASA_ratio"": -3.13484263420105, ""dG_separated"": -34.039669036865234, ""dSASA_int"": 1085.849365234375, ""delta_unsatHbonds"": 4.0, ""hbonds_int"": 0.0, ""nres_int"": 40.0, ""packstat"": 0.6197214722633362, ""sc_value"": 0.8002421259880066}, ""B-C"": {""dG_dSASA_ratio"": -2.9783935546875, ""dG_separated"": -31.91695785522461, ""dSASA_int"": 1071.6165771484375, ""delta_unsatHbonds"": 7.0, ""hbonds_int"": 0.0, ""nres_int"": 36.0, ""packstat"": 0.5422569513320923, ""sc_value"": 0.7215543985366821}, ""B-D"": {""dG_dSASA_ratio"": -2.7036592960357666, ""dG_separated"": -43.624332427978516, ""dSASA_int"": 1613.529296875, ""delta_unsatHbonds"": 7.0, ""hbonds_int"": 4.0, ""nres_int"": 71.0, ""packstat"": 0.5554018616676331, ""sc_value"": 0.6178568005561829}, ""C-D"": {""dG_dSASA_ratio"": -2.2409021854400635, ""dG_separated"": -22.925765991210938, ""dSASA_int"": 1023.0596313476562, ""delta_unsatHbonds"": 0.0, ""hbonds_int"": 4.0, ""nres_int"": 46.0, ""packstat"": 0.6620435118675232, ""sc_value"": 0.6576128602027893}}"
ova_body_c4_13_ms25_r03	AF3	87	7087	0	0	A-B,A-C,A-D,B-C,B-D,C-D	6	3	1	"{""A-B"": 24, ""A-C"": 64, ""A-D"": 33, ""B-C"": 38, ""B-D"": 57, ""C-D"": 24}"	A-D,B-C	A-B,A-C,B-D,C-D	0.21569888402226373	0.7615017890930176	0.0	-3.0563457012176514	6.1639217952422225	0.5323916673660278	0.0	-1.748910903930664	6.1639217952422225	"{""A-B"": {""dG_dSASA_ratio"": -2.3203065395355225, ""dG_separated"": -23.288867950439453, ""dSASA_int"": 1003.6978759765625, ""delta_unsatHbonds"": 0.0, ""hbonds_int"": 4.0, ""nres_int"": 45.0, ""packstat"": 0.5934426188468933, ""sc_value"": 0.6589853167533875}, ""A-C"": {""dG_dSASA_ratio"": -2.720855712890625, ""dG_separated"": -44.40076446533203, ""dSASA_int"": 1631.8677978515625, ""delta_unsatHbonds"": 8.0, ""hbonds_int"": 3.0, ""nres_int"": 70.0, ""packstat"": 0.6317665576934814, ""sc_value"": 0.591917872428894}, ""A-D"": {""dG_dSASA_ratio"": -3.265705108642578, ""dG_separated"": -38.153160095214844, ""dSASA_int"": 1168.2978515625, ""delta_unsatHbonds"": 1.0, ""hbonds_int"": 0.0, ""nres_int"": 40.0, ""packstat"": 0.5746049284934998, ""sc_value"": 0.7814430594444275}, ""B-C"": {""dG_dSASA_ratio"": -3.0563457012176514, ""dG_separated"": -34.709102630615234, ""dSASA_int"": 1135.640625, ""delta_unsatHbonds"": 7.0, ""hbonds_int"": 0.0, ""nres_int"": 40.0, ""packstat"": 0.6354016065597534, ""sc_value"": 0.7615017890930176}, ""B-D"": {""dG_dSASA_ratio"": -2.7937045097351074, ""dG_separated"": -45.59911346435547, ""dSASA_int"": 1632.209716796875, ""delta_unsatHbonds"": 7.0, ""hbonds_int"": 4.0, ""nres_int"": 70.0, ""packstat"": 0.5810271501541138, ""sc_value"": 0.6216161251068115}, ""C-D"": {""dG_dSASA_ratio"": -1.748910903930664, ""dG_separated"": -17.270837783813477, ""dSASA_int"": 987.5195922851562, ""delta_unsatHbonds"": 0.0, ""hbonds_int"": 4.0, ""nres_int"": 47.0, ""packstat"": 0.5459491014480591, ""sc_value"": 0.5323916673660278}}"
ova_body_c4_13_ms25_r03	AF3	88	7088	0	0	A-B,A-C,A-D,B-C,B-D,C-D	6	3	1	"{""A-B"": 26, ""A-C"": 63, ""A-D"": 37, ""B-C"": 35, ""B-D"": 61, ""C-D"": 23}"	A-D,B-C	A-B,A-C,B-D,C-D	0.22195908717194804	0.7465690970420837	0.0	-2.2691171169281006	3.642582689839664	0.6194499731063843	0.0	-2.2691171169281006	4.895388119510933	"{""A-B"": {""dG_dSASA_ratio"": -2.641493320465088, ""dG_separated"": -25.367752075195312, ""dSASA_int"": 960.3563842773438, ""delta_unsatHbonds"": 0.0, ""hbonds_int"": 5.0, ""nres_int"": 46.0, ""packstat"": 0.549414873123169, ""sc_value"": 0.6937037706375122}, ""A-C"": {""dG_dSASA_ratio"": -2.843700408935547, ""dG_separated"": -44.96685028076172, ""dSASA_int"": 1581.279541015625, ""delta_unsatHbonds"": 6.0, ""hbonds_int"": 4.0, ""nres_int"": 73.0, ""packstat"": 0.5049833655357361, ""sc_value"": 0.6194499731063843}, ""A-D"": {""dG_dSASA_ratio"": -2.2691171169281006, ""dG_separated"": -26.01590347290039, ""dSASA_int"": 1146.5208740234375, ""delta_unsatHbonds"": 4.0, ""hbonds_int"": 0.0, ""nres_int"": 38.0, ""packstat"": 0.5339340567588806, ""sc_value"": 0.7465690970420837}, ""B-C"": {""dG_dSASA_ratio"": -3.182774782180786, ""dG_separated"": -34.950748443603516, ""dSASA_int"": 1098.1219482421875, ""delta_unsatHbonds"": 4.0, ""hbonds_int"": 0.0, ""nres_int"": 40.0, ""packstat"": 0.4990330934524536, ""sc_value"": 0.7898449301719666}, ""B-D"": {""dG_dSASA_ratio"": -2.8223772048950195, ""dG_separated"": -46.12303924560547, ""dSASA_int"": 1634.191162109375, ""delta_unsatHbonds"": 8.0, ""hbonds_int"": 4.0, ""nres_int"": 71.0, ""packstat"": 0.5951068997383118, ""sc_value"": 0.6219431757926941}, ""C-D"": {""dG_dSASA_ratio"": -2.502380132675171, ""dG_separated"": -24.530977249145508, ""dSASA_int"": 980.3057861328125, ""delta_unsatHbonds"": 0.0, ""hbonds_int"": 4.0, ""nres_int"": 45.0, ""packstat"": 0.577883243560791, ""sc_value"": 0.7100489139556885}}"
ova_body_c4_13_ms25_r03	AF3	89	7089	0	0	A-B,A-C,A-D,B-C,B-D,C-D	6	3	1	"{""A-B"": 23, ""A-C"": 63, ""A-D"": 37, ""B-C"": 35, ""B-D"": 63, ""C-D"": 21}"	A-D,B-C	A-B,A-C,B-D,C-D	0.26028972390824756	0.7487170696258545	0.0	-2.49206280708313	7.2203168363518975	0.5465030670166016	0.0	-2.0115485191345215	7.2203168363518975	"{""A-B"": {""dG_dSASA_ratio"": -2.4862964153289795, ""dG_separated"": -22.939863204956055, ""dSASA_int"": 922.6519775390625, ""delta_unsatHbonds"": 0.0, ""hbonds_int"": 3.0, ""nres_int"": 45.0, ""packstat"": 0.6212497353553772, ""sc_value"": 0.6905127763748169}, ""A-C"": {""dG_dSASA_ratio"": -3.0511634349823, ""dG_separated"": -48.50330352783203, ""dSASA_int"": 1589.6658935546875, ""delta_unsatHbonds"": 9.0, ""hbonds_int"": 4.0, ""nres_int"": 75.0, ""packstat"": 0.5371397137641907, ""sc_value"": 0.6288320422172546}, ""A-D"": {""dG_dSASA_ratio"": -3.1643521785736084, ""dG_separated"": -36.959877014160156, ""dSASA_int"": 1168.0076904296875, ""delta_unsatHbonds"": 2.0, ""hbonds_int"": 0.0, ""nres_int"": 40.0, ""packstat"": 0.5717906951904297, ""sc_value"": 0.8182454109191895}, ""B-C"": {""dG_dSASA_ratio"": -2.49206280708313, ""dG_separated"": -27.61167335510254, ""dSASA_int"": 1107.984619140625, ""delta_unsatHbonds"": 8.0, ""hbonds_int"": 0.0, ""nres_int"": 37.0, ""packstat"": 0.5574404001235962, ""sc_value"": 0.7487170696258545}, ""B-D"": {""dG_dSASA_ratio"": -3.0719010829925537, ""dG_separated"": -51.13618469238281, ""dSASA_int"": 1664.6429443359375, ""delta_unsatHbonds"": 12.0, ""hbonds_int"": 6.0, ""nres_int"": 77.0, ""packstat"": 0.5420995950698853, ""sc_value"": 0.6344283819198608}, ""C-D"": {""dG_dSASA_ratio"": -2.0115485191345215, ""dG_separated"": -18.889585494995117, ""dSASA_int"": 939.0570068359375, ""delta_unsatHbonds"": 0.0, ""hbonds_int"": 3.0, ""nres_int"": 45.0, ""packstat"": 0.5632008910179138, ""sc_value"": 0.5465030670166016}}"
ova_body_c4_13_ms25_r03	AF3	90	7090	0	0	A-B,A-C,A-D,B-C,B-D,C-D	6	3	1	"{""A-B"": 21, ""A-C"": 63, ""A-D"": 37, ""B-C"": 37, ""B-D"": 62, ""C-D"": 25}"	A-D,B-C	A-B,A-C,B-D,C-D	0.22114138718926504	0.7911884784698486	0.0	-2.5499792098999023	3.522623460061633	0.6057227849960327	0.0	-2.2804434299468994	5.625096561182119	"{""A-B"": {""dG_dSASA_ratio"": -2.2804434299468994, ""dG_separated"": -20.54181480407715, ""dSASA_int"": 900.7816162109375, ""delta_unsatHbonds"": 0.0, ""hbonds_int"": 2.0, ""nres_int"": 45.0, ""packstat"": 0.5748171806335449, ""sc_value"": 0.6831040382385254}, ""A-C"": {""dG_dSASA_ratio"": -2.7607975006103516, ""dG_separated"": -44.261470794677734, ""dSASA_int"": 1603.213134765625, ""delta_unsatHbonds"": 8.0, ""hbonds_int"": 4.0, ""nres_int"": 69.0, ""packstat"": 0.6627691388130188, ""sc_value"": 0.6057227849960327}, ""A-D"": {""dG_dSASA_ratio"": -2.733664035797119, ""dG_separated"": -31.041229248046875, ""dSASA_int"": 1135.517333984375, ""delta_unsatHbonds"": 4.0, ""hbonds_int"": 0.0, ""nres_int"": 40.0, ""packstat"": 0.631685733795166, ""sc_value"": 0.7911884784698486}, ""B-C"": {""dG_dSASA_ratio"": -2.5499792098999023, ""dG_separated"": -29.504430770874023, ""dSASA_int"": 1157.0458984375, ""delta_unsatHbonds"": 2.0, ""hbonds_int"": 0.0, ""nres_int"": 40.0, ""packstat"": 0.494100958108902, ""sc_value"": 0.7985447645187378}, ""B-D"": {""dG_dSASA_ratio"": -3.0188214778900146, ""dG_separated"": -48.300315856933594, ""dSASA_int"": 1599.9725341796875, ""delta_unsatHbonds"": 9.0, ""hbonds_int"": 5.0, ""nres_int"": 72.0, ""packstat"": 0.533532977104187, ""sc_value"": 0.6193972826004028}, ""C-D"": {""dG_dSASA_ratio"": -2.554163694381714, ""dG_separated"": -25.505462646484375, ""dSASA_int"": 998.583740234375, ""delta_unsatHbonds"": 0.0, ""hbonds_int"": 4.0, ""nres_int"": 47.0, ""packstat"": 0.5164920687675476, ""sc_value"": 0.6788647174835205}}"
ova_body_c4_13_ms25_r03	AF3	91	7091	0	0	A-B,A-C,A-D,B-C,B-D,C-D	6	3	1	"{""A-B"": 27, ""A-C"": 64, ""A-D"": 32, ""B-C"": 32, ""B-D"": 62, ""C-D"": 27}"	A-D,B-C	A-B,A-C,B-D,C-D	0.22694452327236128	0.6837179660797119	0.0	-3.214207887649536	4.560342257249173	0.6438729763031006	0.0	-2.314857006072998	6.130183791770109	"{""A-B"": {""dG_dSASA_ratio"": -2.9838364124298096, ""dG_separated"": -29.133987426757812, ""dSASA_int"": 976.3936157226562, ""delta_unsatHbonds"": 2.0, ""hbonds_int"": 5.0, ""nres_int"": 47.0, ""packstat"": 0.530819296836853, ""sc_value"": 0.6499999761581421}, ""A-C"": {""dG_dSASA_ratio"": -3.005854606628418, ""dG_separated"": -49.48231887817383, ""dSASA_int"": 1646.1981201171875, ""delta_unsatHbonds"": 7.0, ""hbonds_int"": 5.0, ""nres_int"": 72.0, ""packstat"": 0.6233212947845459, ""sc_value"": 0.6600861549377441}, ""A-D"": {""dG_dSASA_ratio"": -3.214207887649536, ""dG_separated"": -35.24086380004883, ""dSASA_int"": 1096.408935546875, ""delta_unsatHbonds"": 5.0, ""hbonds_int"": 0.0, ""nres_int"": 40.0, ""packstat"": 0.6017597913742065, ""sc_value"": 0.6837179660797119}, ""B-C"": {""dG_dSASA_ratio"": -3.5066592693328857, ""dG_separated"": -39.08478546142578, ""dSASA_int"": 1114.5875244140625, ""delta_unsatHbonds"": 2.0, ""hbonds_int"": 0.0, ""nres_int"": 39.0, ""packstat"": 0.5869989395141602, ""sc_value"": 0.7460892200469971}, ""B-D"": {""dG_dSASA_ratio"": -3.0061254501342773, ""dG_separated"": -49.0380973815918, ""dSASA_int"": 1631.2724609375, ""delta_unsatHbonds"": 10.0, ""hbonds_int"": 5.0, ""nres_int"": 73.0, ""packstat"": 0.6082682609558105, ""sc_value"": 0.6655479073524475}, ""C-D"": {""dG_dSASA_ratio"": -2.314857006072998, ""dG_separated"": -24.178224563598633, ""dSASA_int"": 1044.480224609375, ""delta_unsatHbonds"": 0.0, ""hbonds_int"": 5.0, ""nres_int"": 47.0, ""packstat"": 0.4856885075569153, ""sc_value"": 0.6438729763031006}}"
ova_body_c4_13_ms25_r03	AF3	92	7092	0	0	A-B,A-C,A-D,B-C,B-D,C-D	6	3	1	"{""A-B"": 23, ""A-C"": 64, ""A-D"": 33, ""B-C"": 35, ""B-D"": 61, ""C-D"": 24}"	A-D,B-C	A-B,A-C,B-D,C-D	0.2174768590809817	0.6711865663528442	0.0	-2.978523015975952	2.657065078309144	0.613621175289154	0.0	-2.4450981616973877	5.05029682900758	"{""A-B"": {""dG_dSASA_ratio"": -2.4450981616973877, ""dG_separated"": -23.983871459960938, ""dSASA_int"": 980.8960571289062, ""delta_unsatHbonds"": 0.0, ""hbonds_int"": 3.0, ""nres_int"": 45.0, ""packstat"": 0.5775434374809265, ""sc_value"": 0.673781156539917}, ""A-C"": {""dG_dSASA_ratio"": -2.8955681324005127, ""dG_separated"": -45.86769104003906, ""dSASA_int"": 1584.0653076171875, ""delta_unsatHbonds"": 8.0, ""hbonds_int"": 3.0, ""nres_int"": 73.0, ""packstat"": 0.6165753602981567, ""sc_value"": 0.6319135427474976}, ""A-D"": {""dG_dSASA_ratio"": -3.2706222534179688, ""dG_separated"": -36.927459716796875, ""dSASA_int"": 1129.0653076171875, ""delta_unsatHbonds"": 3.0, ""hbonds_int"": 0.0, ""nres_int"": 41.0, ""packstat"": 0.6016732454299927, ""sc_value"": 0.6711865663528442}, ""B-C"": {""dG_dSASA_ratio"": -2.978523015975952, ""dG_separated"": -32.16417694091797, ""dSASA_int"": 1079.8699951171875, ""delta_unsatHbonds"": 2.0, ""hbonds_int"": 0.0, ""nres_int"": 40.0, ""packstat"": 0.530266284942627, ""sc_value"": 0.7758954167366028}, ""B-D"": {""dG_dSASA_ratio"": -2.8160576820373535, ""dG_separated"": -45.78569793701172, ""dSASA_int"": 1625.8792724609375, ""delta_unsatHbonds"": 6.0, ""hbonds_int"": 3.0, ""nres_int"": 72.0, ""packstat"": 0.6253914833068848, ""sc_value"": 0.613621175289154}, ""C-D"": {""dG_dSASA_ratio"": -2.5030224323272705, ""dG_separated"": -25.586090087890625, ""dSASA_int"": 1022.207763671875, ""delta_unsatHbonds"": 0.0, ""hbonds_int"": 4.0, ""nres_int"": 47.0, ""packstat"": 0.529431939125061, ""sc_value"": 0.6893806457519531}}"
ova_body_c4_13_ms25_r03	AF3	93	7093	0	0	A-B,A-C,A-D,B-C,B-D,C-D	6	3	1	"{""A-B"": 25, ""A-C"": 65, ""A-D"": 37, ""B-C"": 38, ""B-D"": 56, ""C-D"": 25}"	A-D,B-C	A-B,A-C,B-D,C-D	0.23496843334437573	0.8049848079681396	0.0	-2.9424850940704346	1.8265805373295132	0.5882084965705872	0.0	-2.5963222980499268	6.897492417978611	"{""A-B"": {""dG_dSASA_ratio"": -2.5963222980499268, ""dG_separated"": -25.46463394165039, ""dSASA_int"": 980.7963256835938, ""delta_unsatHbonds"": 0.0, ""hbonds_int"": 4.0, ""nres_int"": 46.0, ""packstat"": 0.5999479293823242, ""sc_value"": 0.6671537160873413}, ""A-C"": {""dG_dSASA_ratio"": -3.115791082382202, ""dG_separated"": -49.69009017944336, ""dSASA_int"": 1594.782470703125, ""delta_unsatHbonds"": 11.0, ""hbonds_int"": 4.0, ""nres_int"": 75.0, ""packstat"": 0.6484110355377197, ""sc_value"": 0.6290924549102783}, ""A-D"": {""dG_dSASA_ratio"": -2.955732583999634, ""dG_separated"": -32.36355972290039, ""dSASA_int"": 1094.942138671875, ""delta_unsatHbonds"": 2.0, ""hbonds_int"": 0.0, ""nres_int"": 40.0, ""packstat"": 0.554117739200592, ""sc_value"": 0.8094682693481445}, ""B-C"": {""dG_dSASA_ratio"": -2.9424850940704346, ""dG_separated"": -33.133182525634766, ""dSASA_int"": 1126.02734375, ""delta_unsatHbonds"": 0.0, ""hbonds_int"": 0.0, ""nres_int"": 40.0, ""packstat"": 0.4688287377357483, ""sc_value"": 0.8049848079681396}, ""B-D"": {""dG_dSASA_ratio"": -2.7137324810028076, ""dG_separated"": -43.327938079833984, ""dSASA_int"": 1596.6177978515625, ""delta_unsatHbonds"": 8.0, ""hbonds_int"": 4.0, ""nres_int"": 68.0, ""packstat"": 0.5416596531867981, ""sc_value"": 0.5882084965705872}, ""C-D"": {""dG_dSASA_ratio"": -2.7675440311431885, ""dG_separated"": -27.85472297668457, ""dSASA_int"": 1006.4780883789062, ""delta_unsatHbonds"": 3.0, ""hbonds_int"": 4.0, ""nres_int"": 48.0, ""packstat"": 0.5922686457633972, ""sc_value"": 0.691906213760376}}"
ova_body_c4_13_ms25_r03	AF3	94	7094	0	0	A-B,A-C,A-D,B-C,B-D,C-D	6	3	1	"{""A-B"": 25, ""A-C"": 67, ""A-D"": 37, ""B-C"": 38, ""B-D"": 62, ""C-D"": 22}"	A-D,B-C	A-B,A-C,B-D,C-D	0.2176267736145022	0.8182090520858765	0.0	-2.827652931213379	0.0	0.6229336857795715	0.0	-2.622394561767578	5.597844866170827	"{""A-B"": {""dG_dSASA_ratio"": -2.622394561767578, ""dG_separated"": -25.130935668945312, ""dSASA_int"": 958.3201293945312, ""delta_unsatHbonds"": 0.0, ""hbonds_int"": 4.0, ""nres_int"": 46.0, ""packstat"": 0.6268385648727417, ""sc_value"": 0.6744580268859863}, ""A-C"": {""dG_dSASA_ratio"": -3.0435128211975098, ""dG_separated"": -50.16619110107422, ""dSASA_int"": 1648.2989501953125, ""delta_unsatHbonds"": 8.0, ""hbonds_int"": 4.0, ""nres_int"": 75.0, ""packstat"": 0.5712212324142456, ""sc_value"": 0.6538087129592896}, ""A-D"": {""dG_dSASA_ratio"": -2.827652931213379, ""dG_separated"": -32.386478424072266, ""dSASA_int"": 1145.3485107421875, ""delta_unsatHbonds"": 0.0, ""hbonds_int"": 0.0, ""nres_int"": 40.0, ""packstat"": 0.5995976328849792, ""sc_value"": 0.8284802436828613}, ""B-C"": {""dG_dSASA_ratio"": -2.8767988681793213, ""dG_separated"": -32.30658721923828, ""dSASA_int"": 1123.0047607421875, ""delta_unsatHbonds"": 0.0, ""hbonds_int"": 0.0, ""nres_int"": 40.0, ""packstat"": 0.4866465628147125, ""sc_value"": 0.8182090520858765}, ""B-D"": {""dG_dSASA_ratio"": -2.9179751873016357, ""dG_separated"": -46.91408157348633, ""dSASA_int"": 1607.7615966796875, ""delta_unsatHbonds"": 9.0, ""hbonds_int"": 4.0, ""nres_int"": 72.0, ""packstat"": 0.5962538719177246, ""sc_value"": 0.6229336857795715}, ""C-D"": {""dG_dSASA_ratio"": -2.964967966079712, ""dG_separated"": -29.452871322631836, ""dSASA_int"": 993.3621826171875, ""delta_unsatHbonds"": 4.0, ""hbonds_int"": 5.0, ""nres_int"": 48.0, ""packstat"": 0.5970894694328308, ""sc_value"": 0.6490564346313477}}"
ova_body_c4_13_ms25_r03	AF3	95	7095	0	0	A-B,A-C,A-D,B-C,B-D,C-D	6	3	1	"{""A-B"": 22, ""A-C"": 61, ""A-D"": 37, ""B-C"": 36, ""B-D"": 62, ""C-D"": 26}"	A-D,B-C	A-B,A-C,B-D,C-D	0.2162113005064266	0.7282211780548096	0.0	-2.739959716796875	3.71737427769403	0.611581563949585	0.0	-2.624061346054077	6.350456024293595	"{""A-B"": {""dG_dSASA_ratio"": -2.624061346054077, ""dG_separated"": -23.159473419189453, ""dSASA_int"": 882.5812377929688, ""delta_unsatHbonds"": 0.0, ""hbonds_int"": 3.0, ""nres_int"": 46.0, ""packstat"": 0.5800934433937073, ""sc_value"": 0.6872273683547974}, ""A-C"": {""dG_dSASA_ratio"": -2.8666038513183594, ""dG_separated"": -45.1401252746582, ""dSASA_int"": 1574.6900634765625, ""delta_unsatHbonds"": 10.0, ""hbonds_int"": 4.0, ""nres_int"": 70.0, ""packstat"": 0.5648187398910522, ""sc_value"": 0.611581563949585}, ""A-D"": {""dG_dSASA_ratio"": -3.217853546142578, ""dG_separated"": -34.62501525878906, ""dSASA_int"": 1076.0283203125, ""delta_unsatHbonds"": 4.0, ""hbonds_int"": 0.0, ""nres_int"": 40.0, ""packstat"": 0.5882992744445801, ""sc_value"": 0.7282211780548096}, ""B-C"": {""dG_dSASA_ratio"": -2.739959716796875, ""dG_separated"": -30.46270179748535, ""dSASA_int"": 1111.7938232421875, ""delta_unsatHbonds"": 0.0, ""hbonds_int"": 0.0, ""nres_int"": 40.0, ""packstat"": 0.5883919596672058, ""sc_value"": 0.8085209131240845}, ""B-D"": {""dG_dSASA_ratio"": -2.9242000579833984, ""dG_separated"": -47.48672103881836, ""dSASA_int"": 1623.9217529296875, ""delta_unsatHbonds"": 10.0, ""hbonds_int"": 5.0, ""nres_int"": 72.0, ""packstat"": 0.5647362470626831, ""sc_value"": 0.6216605305671692}, ""C-D"": {""dG_dSASA_ratio"": -2.706078290939331, ""dG_separated"": -27.54477882385254, ""dSASA_int"": 1017.8855590820312, ""delta_unsatHbonds"": 1.0, ""hbonds_int"": 5.0, ""nres_int"": 48.0, ""packstat"": 0.5485544800758362, ""sc_value"": 0.6668563485145569}}"
ova_body_c4_13_ms25_r03	AF3	96	7096	0	0	A-B,A-C,A-D,B-C,B-D,C-D	6	3	1	"{""A-B"": 25, ""A-C"": 63, ""A-D"": 37, ""B-C"": 36, ""B-D"": 63, ""C-D"": 26}"	A-D,B-C	A-B,A-C,B-D,C-D	0.22882226852328075	0.7505789995193481	0.0	-2.936248779296875	4.381376582312331	0.6179994344711304	0.0	-2.6718337535858154	4.981608199890069	"{""A-B"": {""dG_dSASA_ratio"": -2.852473497390747, ""dG_separated"": -26.85123634338379, ""dSASA_int"": 941.3317260742188, ""delta_unsatHbonds"": 2.0, ""hbonds_int"": 5.0, ""nres_int"": 46.0, ""packstat"": 0.5936987996101379, ""sc_value"": 0.6842697262763977}, ""A-C"": {""dG_dSASA_ratio"": -2.905193328857422, ""dG_separated"": -46.65470504760742, ""dSASA_int"": 1605.9071044921875, ""delta_unsatHbonds"": 8.0, ""hbonds_int"": 4.0, ""nres_int"": 73.0, ""packstat"": 0.6431703567504883, ""sc_value"": 0.6179994344711304}, ""A-D"": {""dG_dSASA_ratio"": -3.1600799560546875, ""dG_separated"": -36.06263732910156, ""dSASA_int"": 1141.19384765625, ""delta_unsatHbonds"": 5.0, ""hbonds_int"": 0.0, ""nres_int"": 41.0, ""packstat"": 0.5138397216796875, ""sc_value"": 0.7505789995193481}, ""B-C"": {""dG_dSASA_ratio"": -2.936248779296875, ""dG_separated"": -31.984004974365234, ""dSASA_int"": 1089.2811279296875, ""delta_unsatHbonds"": 0.0, ""hbonds_int"": 0.0, ""nres_int"": 40.0, ""packstat"": 0.6205129027366638, ""sc_value"": 0.8191825151443481}, ""B-D"": {""dG_dSASA_ratio"": -2.8572165966033936, ""dG_separated"": -47.50984191894531, ""dSASA_int"": 1662.8016357421875, ""delta_unsatHbonds"": 7.0, ""hbonds_int"": 4.0, ""nres_int"": 73.0, ""packstat"": 0.6363967061042786, ""sc_value"": 0.629104733467102}, ""C-D"": {""dG_dSASA_ratio"": -2.6718337535858154, ""dG_separated"": -26.171947479248047, ""dSASA_int"": 979.550048828125, ""delta_unsatHbonds"": 0.0, ""hbonds_int"": 5.0, ""nres_int"": 48.0, ""packstat"": 0.5658016800880432, ""sc_value"": 0.6656561493873596}}"
ova_body_c4_13_ms25_r03	AF3	97	7097	0	0	A-B,A-C,A-D,B-C,B-D,C-D	6	3	1	"{""A-B"": 26, ""A-C"": 65, ""A-D"": 37, ""B-C"": 36, ""B-D"": 58, ""C-D"": 27}"	A-D,B-C	A-B,A-C,B-D,C-D	0.22695329795857944	0.7401595115661621	0.0	-2.9525864124298096	3.6538095714913648	0.6024017930030823	0.0	-2.251150608062744	6.7444104067138735	"{""A-B"": {""dG_dSASA_ratio"": -2.7326085567474365, ""dG_separated"": -26.110069274902344, ""dSASA_int"": 955.499755859375, ""delta_unsatHbonds"": 0.0, ""hbonds_int"": 5.0, ""nres_int"": 46.0, ""packstat"": 0.6154395937919617, ""sc_value"": 0.6932317018508911}, ""A-C"": {""dG_dSASA_ratio"": -2.861010789871216, ""dG_separated"": -46.66252136230469, ""dSASA_int"": 1630.980224609375, ""delta_unsatHbonds"": 11.0, ""hbonds_int"": 4.0, ""nres_int"": 72.0, ""packstat"": 0.6144964098930359, ""sc_value"": 0.640862762928009}, ""A-D"": {""dG_dSASA_ratio"": -3.0137743949890137, ""dG_separated"": -35.70899200439453, ""dSASA_int"": 1184.859375, ""delta_unsatHbonds"": 3.0, ""hbonds_int"": 0.0, ""nres_int"": 41.0, ""packstat"": 0.5805180668830872, ""sc_value"": 0.7401595115661621}, ""B-C"": {""dG_dSASA_ratio"": -2.9525864124298096, ""dG_separated"": -32.3233757019043, ""dSASA_int"": 1094.747802734375, ""delta_unsatHbonds"": 4.0, ""hbonds_int"": 0.0, ""nres_int"": 40.0, ""packstat"": 0.470568984746933, ""sc_value"": 0.8122135400772095}, ""B-D"": {""dG_dSASA_ratio"": -2.716794729232788, ""dG_separated"": -43.509342193603516, ""dSASA_int"": 1601.495361328125, ""delta_unsatHbonds"": 5.0, ""hbonds_int"": 4.0, ""nres_int"": 68.0, ""packstat"": 0.619106650352478, ""sc_value"": 0.6024017930030823}, ""C-D"": {""dG_dSASA_ratio"": -2.251150608062744, ""dG_separated"": -23.22599983215332, ""dSASA_int"": 1031.739013671875, ""delta_unsatHbonds"": 0.0, ""hbonds_int"": 4.0, ""nres_int"": 47.0, ""packstat"": 0.5487048625946045, ""sc_value"": 0.6798871159553528}}"
ova_body_c4_13_ms25_r03	AF3	98	7098	0	0	A-B,A-C,A-D,B-C,B-D,C-D	6	3	1	"{""A-B"": 21, ""A-C"": 63, ""A-D"": 36, ""B-C"": 36, ""B-D"": 63, ""C-D"": 24}"	A-D,B-C	A-B,A-C,B-D,C-D	0.23855348191179804	0.6954056024551392	0.0	-2.3819968700408936	4.4391310704385845	0.6011285781860352	0.0	-2.246948003768921	7.597487134839862	"{""A-B"": {""dG_dSASA_ratio"": -2.765946388244629, ""dG_separated"": -24.09750747680664, ""dSASA_int"": 871.2210693359375, ""delta_unsatHbonds"": 2.0, ""hbonds_int"": 3.0, ""nres_int"": 45.0, ""packstat"": 0.60565185546875, ""sc_value"": 0.7003414630889893}, ""A-C"": {""dG_dSASA_ratio"": -2.8784031867980957, ""dG_separated"": -45.463504791259766, ""dSASA_int"": 1579.4696044921875, ""delta_unsatHbonds"": 12.0, ""hbonds_int"": 3.0, ""nres_int"": 71.0, ""packstat"": 0.5822012424468994, ""sc_value"": 0.6011285781860352}, ""A-D"": {""dG_dSASA_ratio"": -3.3337788581848145, ""dG_separated"": -37.290897369384766, ""dSASA_int"": 1118.5775146484375, ""delta_unsatHbonds"": 1.0, ""hbonds_int"": 0.0, ""nres_int"": 40.0, ""packstat"": 0.5260903835296631, ""sc_value"": 0.844996988773346}, ""B-C"": {""dG_dSASA_ratio"": -2.3819968700408936, ""dG_separated"": -26.829540252685547, ""dSASA_int"": 1126.3465576171875, ""delta_unsatHbonds"": 5.0, ""hbonds_int"": 0.0, ""nres_int"": 37.0, ""packstat"": 0.5336740612983704, ""sc_value"": 0.6954056024551392}, ""B-D"": {""dG_dSASA_ratio"": -3.172891855239868, ""dG_separated"": -50.17356872558594, ""dSASA_int"": 1581.3199462890625, ""delta_unsatHbonds"": 12.0, ""hbonds_int"": 5.0, ""nres_int"": 75.0, ""packstat"": 0.5600903034210205, ""sc_value"": 0.6229574084281921}, ""C-D"": {""dG_dSASA_ratio"": -2.246948003768921, ""dG_separated"": -22.868423461914062, ""dSASA_int"": 1017.7548828125, ""delta_unsatHbonds"": 0.0, ""hbonds_int"": 4.0, ""nres_int"": 46.0, ""packstat"": 0.6140406727790833, ""sc_value"": 0.6513403654098511}}"
ova_body_c4_13_ms25_r03	AF3	99	7099	0	0	A-B,A-C,A-D,B-C,B-D,C-D	6	3	1	"{""A-B"": 23, ""A-C"": 65, ""A-D"": 37, ""B-C"": 38, ""B-D"": 60, ""C-D"": 24}"	A-D,B-C	A-B,A-C,B-D,C-D	0.23616931448898762	0.8025990724563599	0.0	-2.9552934169769287	2.6381938677450743	0.6015632152557373	0.0	-2.538303852081299	5.65871562167931	"{""A-B"": {""dG_dSASA_ratio"": -2.7607614994049072, ""dG_separated"": -26.403419494628906, ""dSASA_int"": 956.3817749023438, ""delta_unsatHbonds"": 3.0, ""hbonds_int"": 4.0, ""nres_int"": 46.0, ""packstat"": 0.5900557637214661, ""sc_value"": 0.6962888240814209}, ""A-C"": {""dG_dSASA_ratio"": -3.0896005630493164, ""dG_separated"": -49.139076232910156, ""dSASA_int"": 1590.4669189453125, ""delta_unsatHbonds"": 9.0, ""hbonds_int"": 4.0, ""nres_int"": 75.0, ""packstat"": 0.6066457629203796, ""sc_value"": 0.677648663520813}, ""A-D"": {""dG_dSASA_ratio"": -3.0191566944122314, ""dG_separated"": -34.33208465576172, ""dSASA_int"": 1137.1416015625, ""delta_unsatHbonds"": 3.0, ""hbonds_int"": 0.0, ""nres_int"": 40.0, ""packstat"": 0.5824539065361023, ""sc_value"": 0.8233744502067566}, ""B-C"": {""dG_dSASA_ratio"": -2.9552934169769287, ""dG_separated"": -33.524085998535156, ""dSASA_int"": 1134.3741455078125, ""delta_unsatHbonds"": 2.0, ""hbonds_int"": 0.0, ""nres_int"": 40.0, ""packstat"": 0.5244319438934326, ""sc_value"": 0.8025990724563599}, ""B-D"": {""dG_dSASA_ratio"": -2.8439741134643555, ""dG_separated"": -45.52287673950195, ""dSASA_int"": 1600.6783447265625, ""delta_unsatHbonds"": 8.0, ""hbonds_int"": 4.0, ""nres_int"": 71.0, ""packstat"": 0.5989861488342285, ""sc_value"": 0.6015632152557373}, ""C-D"": {""dG_dSASA_ratio"": -2.538303852081299, ""dG_separated"": -25.570261001586914, ""dSASA_int"": 1007.3759155273438, ""delta_unsatHbonds"": 0.0, ""hbonds_int"": 4.0, ""nres_int"": 48.0, ""packstat"": 0.5102214813232422, ""sc_value"": 0.6868195533752441}}"
ova_body_c4_13_ms25_r03	AF3	100	7100	0	0	A-B,A-C,A-D,B-C,B-D,C-D	6	3	1	"{""A-B"": 27, ""A-C"": 64, ""A-D"": 34, ""B-C"": 28, ""B-D"": 58, ""C-D"": 25}"	A-D,B-C	A-B,A-C,B-D,C-D	0.2400771498426482	0.6979317665100098	0.0	-3.4296481609344482	3.833138233366387	0.6108838319778442	0.0	-2.7150816917419434	4.974319287297603	"{""A-B"": {""dG_dSASA_ratio"": -2.7178125381469727, ""dG_separated"": -27.49273109436035, ""dSASA_int"": 1011.5756225585938, ""delta_unsatHbonds"": 0.0, ""hbonds_int"": 5.0, ""nres_int"": 47.0, ""packstat"": 0.5491809844970703, ""sc_value"": 0.7052838802337646}, ""A-C"": {""dG_dSASA_ratio"": -2.8221943378448486, ""dG_separated"": -45.392417907714844, ""dSASA_int"": 1608.40869140625, ""delta_unsatHbonds"": 8.0, ""hbonds_int"": 4.0, ""nres_int"": 73.0, ""packstat"": 0.5710242390632629, ""sc_value"": 0.6108838319778442}, ""A-D"": {""dG_dSASA_ratio"": -3.456735849380493, ""dG_separated"": -37.77741622924805, ""dSASA_int"": 1092.86376953125, ""delta_unsatHbonds"": 4.0, ""hbonds_int"": 0.0, ""nres_int"": 39.0, ""packstat"": 0.5142673254013062, ""sc_value"": 0.704655647277832}, ""B-C"": {""dG_dSASA_ratio"": -3.4296481609344482, ""dG_separated"": -35.789451599121094, ""dSASA_int"": 1043.5313720703125, ""delta_unsatHbonds"": 4.0, ""hbonds_int"": 0.0, ""nres_int"": 39.0, ""packstat"": 0.5427823066711426, ""sc_value"": 0.6979317665100098}, ""B-D"": {""dG_dSASA_ratio"": -2.7709901332855225, ""dG_separated"": -44.56473159790039, ""dSASA_int"": 1608.26025390625, ""delta_unsatHbonds"": 8.0, ""hbonds_int"": 5.0, ""nres_int"": 70.0, ""packstat"": 0.5527981519699097, ""sc_value"": 0.6414450407028198}, ""C-D"": {""dG_dSASA_ratio"": -2.7150816917419434, ""dG_separated"": -27.07276153564453, ""dSASA_int"": 997.1251220703125, ""delta_unsatHbonds"": 3.0, ""hbonds_int"": 4.0, ""nres_int"": 48.0, ""packstat"": 0.5398088693618774, ""sc_value"": 0.7108644247055054}}"
ova_body_c4_13_ms25_r03	AF3	101	7101	0	0	A-B,A-C,A-D,B-C,B-D,C-D	6	3	1	"{""A-B"": 22, ""A-C"": 67, ""A-D"": 38, ""B-C"": 37, ""B-D"": 63, ""C-D"": 25}"	A-D,B-C	A-B,A-C,B-D,C-D	0.2617080191333488	0.7237110733985901	0.0	-2.4757721424102783	5.397373853461607	0.6115200519561768	0.0	-2.4757721424102783	5.435220921590186	"{""A-B"": {""dG_dSASA_ratio"": -2.7364189624786377, ""dG_separated"": -26.205896377563477, ""dSASA_int"": 957.6712646484375, ""delta_unsatHbonds"": 0.0, ""hbonds_int"": 5.0, ""nres_int"": 44.0, ""packstat"": 0.6121894121170044, ""sc_value"": 0.6756765842437744}, ""A-C"": {""dG_dSASA_ratio"": -2.9777915477752686, ""dG_separated"": -49.308250427246094, ""dSASA_int"": 1655.866455078125, ""delta_unsatHbonds"": 9.0, ""hbonds_int"": 4.0, ""nres_int"": 77.0, ""packstat"": 0.6290796995162964, ""sc_value"": 0.6736413240432739}, ""A-D"": {""dG_dSASA_ratio"": -2.4757721424102783, ""dG_separated"": -27.521963119506836, ""dSASA_int"": 1111.6517333984375, ""delta_unsatHbonds"": 6.0, ""hbonds_int"": 0.0, ""nres_int"": 37.0, ""packstat"": 0.6076452732086182, ""sc_value"": 0.7237110733985901}, ""B-C"": {""dG_dSASA_ratio"": -2.7969112396240234, ""dG_separated"": -31.616252899169922, ""dSASA_int"": 1130.39892578125, ""delta_unsatHbonds"": 0.0, ""hbonds_int"": 0.0, ""nres_int"": 40.0, ""packstat"": 0.5819650292396545, ""sc_value"": 0.8082767724990845}, ""B-D"": {""dG_dSASA_ratio"": -2.8649404048919678, ""dG_separated"": -47.05408477783203, ""dSASA_int"": 1642.41064453125, ""delta_unsatHbonds"": 7.0, ""hbonds_int"": 5.0, ""nres_int"": 73.0, ""packstat"": 0.6523130536079407, ""sc_value"": 0.6115200519561768}, ""C-D"": {""dG_dSASA_ratio"": -2.5028886795043945, ""dG_separated"": -25.19002342224121, ""dSASA_int"": 1006.43798828125, ""delta_unsatHbonds"": 1.0, ""hbonds_int"": 4.0, ""nres_int"": 47.0, ""packstat"": 0.627590000629425, ""sc_value"": 0.6869932413101196}}"
ova_body_c4_13_ms25_r03	AF3	102	7102	0	0	A-B,A-C,A-D,B-C,B-D,C-D	6	3	1	"{""A-B"": 25, ""A-C"": 65, ""A-D"": 33, ""B-C"": 28, ""B-D"": 62, ""C-D"": 26}"	A-D,B-C	A-B,A-C,B-D,C-D	0.24165103801496537	0.6818903684616089	0.0	-2.957566261291504	5.218824974421897	0.6270169019699097	0.0	-2.474271535873413	5.218824974421897	"{""A-B"": {""dG_dSASA_ratio"": -2.474271535873413, ""dG_separated"": -24.841880798339844, ""dSASA_int"": 1004.0078125, ""delta_unsatHbonds"": 0.0, ""hbonds_int"": 4.0, ""nres_int"": 45.0, ""packstat"": 0.6651378273963928, ""sc_value"": 0.6865420341491699}, ""A-C"": {""dG_dSASA_ratio"": -3.071061372756958, ""dG_separated"": -49.75307083129883, ""dSASA_int"": 1620.06103515625, ""delta_unsatHbonds"": 7.0, ""hbonds_int"": 4.0, ""nres_int"": 76.0, ""packstat"": 0.6416344046592712, ""sc_value"": 0.6270169019699097}, ""A-D"": {""dG_dSASA_ratio"": -3.3411800861358643, ""dG_separated"": -38.41301727294922, ""dSASA_int"": 1149.68408203125, ""delta_unsatHbonds"": 6.0, ""hbonds_int"": 0.0, ""nres_int"": 40.0, ""packstat"": 0.5352081060409546, ""sc_value"": 0.6818903684616089}, ""B-C"": {""dG_dSASA_ratio"": -2.957566261291504, ""dG_separated"": -33.97200012207031, ""dSASA_int"": 1148.6470947265625, ""delta_unsatHbonds"": 3.0, ""hbonds_int"": 0.0, ""nres_int"": 39.0, ""packstat"": 0.4413335919380188, ""sc_value"": 0.723259687423706}, ""B-D"": {""dG_dSASA_ratio"": -2.723259925842285, ""dG_separated"": -46.48263168334961, ""dSASA_int"": 1706.87451171875, ""delta_unsatHbonds"": 8.0, ""hbonds_int"": 4.0, ""nres_int"": 73.0, ""packstat"": 0.5953038930892944, ""sc_value"": 0.6355197429656982}, ""C-D"": {""dG_dSASA_ratio"": -2.6044669151306152, ""dG_separated"": -26.838834762573242, ""dSASA_int"": 1030.492431640625, ""delta_unsatHbonds"": 0.0, ""hbonds_int"": 5.0, ""nres_int"": 48.0, ""packstat"": 0.5791940689086914, ""sc_value"": 0.7041051387786865}}"
ova_body_c4_13_ms25_r03	AF3	103	7103	0	0	A-B,A-C,A-D,B-C,B-D,C-D	6	3	1	"{""A-B"": 24, ""A-C"": 63, ""A-D"": 32, ""B-C"": 36, ""B-D"": 64, ""C-D"": 21}"	A-D,B-C	A-B,A-C,B-D,C-D	0.21690766977698517	0.682512640953064	0.0	-3.252636194229126	5.262505919409099	0.6316791772842407	0.0	-2.2507755756378174	5.758497392086753	"{""A-B"": {""dG_dSASA_ratio"": -2.5953752994537354, ""dG_separated"": -25.255844116210938, ""dSASA_int"": 973.1095581054688, ""delta_unsatHbonds"": 0.0, ""hbonds_int"": 4.0, ""nres_int"": 46.0, ""packstat"": 0.6820748448371887, ""sc_value"": 0.714469313621521}, ""A-C"": {""dG_dSASA_ratio"": -3.023442029953003, ""dG_separated"": -47.25360870361328, ""dSASA_int"": 1562.90771484375, ""delta_unsatHbonds"": 9.0, ""hbonds_int"": 4.0, ""nres_int"": 71.0, ""packstat"": 0.5601581931114197, ""sc_value"": 0.6316791772842407}, ""A-D"": {""dG_dSASA_ratio"": -3.252636194229126, ""dG_separated"": -37.08464813232422, ""dSASA_int"": 1140.1412353515625, ""delta_unsatHbonds"": 6.0, ""hbonds_int"": 0.0, ""nres_int"": 40.0, ""packstat"": 0.5444609522819519, ""sc_value"": 0.682512640953064}, ""B-C"": {""dG_dSASA_ratio"": -3.2969255447387695, ""dG_separated"": -37.39385223388672, ""dSASA_int"": 1134.2037353515625, ""delta_unsatHbonds"": 4.0, ""hbonds_int"": 0.0, ""nres_int"": 40.0, ""packstat"": 0.581296443939209, ""sc_value"": 0.7161145210266113}, ""B-D"": {""dG_dSASA_ratio"": -2.729365587234497, ""dG_separated"": -46.00914764404297, ""dSASA_int"": 1685.7086181640625, ""delta_unsatHbonds"": 8.0, ""hbonds_int"": 4.0, ""nres_int"": 73.0, ""packstat"": 0.5958228707313538, ""sc_value"": 0.6406815052032471}, ""C-D"": {""dG_dSASA_ratio"": -2.2507755756378174, ""dG_separated"": -20.733510971069336, ""dSASA_int"": 921.1718139648438, ""delta_unsatHbonds"": 0.0, ""hbonds_int"": 4.0, ""nres_int"": 45.0, ""packstat"": 0.5379539728164673, ""sc_value"": 0.6409530639648438}}"
ova_body_c4_13_ms25_r03	AF3	104	7104	0	0	A-B,A-C,A-D,B-C,B-D,C-D	6	3	1	"{""A-B"": 25, ""A-C"": 65, ""A-D"": 38, ""B-C"": 35, ""B-D"": 60, ""C-D"": 26}"	A-D,B-C	A-B,A-C,B-D,C-D	0.2266932873795167	0.787041187286377	0.0	-2.926056385040283	1.8162744800465331	0.6073165535926819	0.0	-2.6297788619995117	6.966107558302459	"{""A-B"": {""dG_dSASA_ratio"": -2.6297788619995117, ""dG_separated"": -25.30297088623047, ""dSASA_int"": 962.1710205078125, ""delta_unsatHbonds"": 0.0, ""hbonds_int"": 4.0, ""nres_int"": 46.0, ""packstat"": 0.6003706455230713, ""sc_value"": 0.6799979209899902}, ""A-C"": {""dG_dSASA_ratio"": -3.020127534866333, ""dG_separated"": -49.02573013305664, ""dSASA_int"": 1623.300048828125, ""delta_unsatHbonds"": 9.0, ""hbonds_int"": 4.0, ""nres_int"": 74.0, ""packstat"": 0.6314464807510376, ""sc_value"": 0.6525654196739197}, ""A-D"": {""dG_dSASA_ratio"": -2.9909346103668213, ""dG_separated"": -32.93482971191406, ""dSASA_int"": 1101.1551513671875, ""delta_unsatHbonds"": 2.0, ""hbonds_int"": 0.0, ""nres_int"": 40.0, ""packstat"": 0.6007155776023865, ""sc_value"": 0.8341904878616333}, ""B-C"": {""dG_dSASA_ratio"": -2.926056385040283, ""dG_separated"": -32.350181579589844, ""dSASA_int"": 1105.58984375, ""delta_unsatHbonds"": 0.0, ""hbonds_int"": 0.0, ""nres_int"": 40.0, ""packstat"": 0.5336567163467407, ""sc_value"": 0.787041187286377}, ""B-D"": {""dG_dSASA_ratio"": -2.895113945007324, ""dG_separated"": -45.71599197387695, ""dSASA_int"": 1579.0740966796875, ""delta_unsatHbonds"": 11.0, ""hbonds_int"": 4.0, ""nres_int"": 72.0, ""packstat"": 0.5457191467285156, ""sc_value"": 0.6073165535926819}, ""C-D"": {""dG_dSASA_ratio"": -2.7865149974823, ""dG_separated"": -27.591205596923828, ""dSASA_int"": 990.1689453125, ""delta_unsatHbonds"": 2.0, ""hbonds_int"": 5.0, ""nres_int"": 48.0, ""packstat"": 0.6437612175941467, ""sc_value"": 0.6655669212341309}}"
ova_body_c4_13_ms25_r03	AF3	105	7105	0	0	A-B,A-C,A-D,B-C,B-D,C-D	6	3	1	"{""A-B"": 23, ""A-C"": 63, ""A-D"": 37, ""B-C"": 36, ""B-D"": 62, ""C-D"": 25}"	A-D,B-C	A-B,A-C,B-D,C-D	0.22408146003513119	0.8121216893196106	0.0	-2.9121692180633545	3.630873728853468	0.6185431480407715	0.0	-2.6008572578430176	6.857722799508259	"{""A-B"": {""dG_dSASA_ratio"": -2.674048662185669, ""dG_separated"": -25.342924118041992, ""dSASA_int"": 947.736083984375, ""delta_unsatHbonds"": 0.0, ""hbonds_int"": 4.0, ""nres_int"": 46.0, ""packstat"": 0.5793700814247131, ""sc_value"": 0.6906687021255493}, ""A-C"": {""dG_dSASA_ratio"": -3.047482490539551, ""dG_separated"": -47.526283264160156, ""dSASA_int"": 1559.5260009765625, ""delta_unsatHbonds"": 8.0, ""hbonds_int"": 4.0, ""nres_int"": 72.0, ""packstat"": 0.6060410737991333, ""sc_value"": 0.6540358066558838}, ""A-D"": {""dG_dSASA_ratio"": -2.9121692180633545, ""dG_separated"": -32.80242919921875, ""dSASA_int"": 1126.3916015625, ""delta_unsatHbonds"": 2.0, ""hbonds_int"": 0.0, ""nres_int"": 40.0, ""packstat"": 0.514437735080719, ""sc_value"": 0.8121216893196106}, ""B-C"": {""dG_dSASA_ratio"": -2.9468905925750732, ""dG_separated"": -32.46480941772461, ""dSASA_int"": 1101.6632080078125, ""delta_unsatHbonds"": 4.0, ""hbonds_int"": 0.0, ""nres_int"": 40.0, ""packstat"": 0.539151668548584, ""sc_value"": 0.8243281245231628}, ""B-D"": {""dG_dSASA_ratio"": -2.878124475479126, ""dG_separated"": -46.16600799560547, ""dSASA_int"": 1604.031005859375, ""delta_unsatHbonds"": 11.0, ""hbonds_int"": 4.0, ""nres_int"": 72.0, ""packstat"": 0.5885030031204224, ""sc_value"": 0.6185431480407715}, ""C-D"": {""dG_dSASA_ratio"": -2.6008572578430176, ""dG_separated"": -25.887056350708008, ""dSASA_int"": 995.327880859375, ""delta_unsatHbonds"": 0.0, ""hbonds_int"": 4.0, ""nres_int"": 48.0, ""packstat"": 0.6118282079696655, ""sc_value"": 0.6738278865814209}}"
ova_body_c4_13_ms25_r03	AF3	106	7106	0	0	A-B,A-C,A-D,B-C,B-D,C-D	6	3	1	"{""A-B"": 24, ""A-C"": 64, ""A-D"": 36, ""B-C"": 28, ""B-D"": 60, ""C-D"": 24}"	A-D,B-C	A-B,A-C,B-D,C-D	0.24089628600481636	0.6192758083343506	0.0	-2.4647345542907715	6.002836650173451	0.6192758083343506	0.0	-2.4647345542907715	8.485857988550958	"{""A-B"": {""dG_dSASA_ratio"": -2.590615749359131, ""dG_separated"": -25.32599639892578, ""dSASA_int"": 977.6052856445312, ""delta_unsatHbonds"": 0.0, ""hbonds_int"": 4.0, ""nres_int"": 46.0, ""packstat"": 0.6303784847259521, ""sc_value"": 0.6933867931365967}, ""A-C"": {""dG_dSASA_ratio"": -2.773303270339966, ""dG_separated"": -45.75406265258789, ""dSASA_int"": 1649.8037109375, ""delta_unsatHbonds"": 14.0, ""hbonds_int"": 3.0, ""nres_int"": 76.0, ""packstat"": 0.624051570892334, ""sc_value"": 0.6283142566680908}, ""A-D"": {""dG_dSASA_ratio"": -3.1500489711761475, ""dG_separated"": -36.73320388793945, ""dSASA_int"": 1166.1153564453125, ""delta_unsatHbonds"": 7.0, ""hbonds_int"": 0.0, ""nres_int"": 40.0, ""packstat"": 0.6063944101333618, ""sc_value"": 0.6530770063400269}, ""B-C"": {""dG_dSASA_ratio"": -2.4647345542907715, ""dG_separated"": -25.561279296875, ""dSASA_int"": 1037.080322265625, ""delta_unsatHbonds"": 4.0, ""hbonds_int"": 0.0, ""nres_int"": 38.0, ""packstat"": 0.6679196953773499, ""sc_value"": 0.6192758083343506}, ""B-D"": {""dG_dSASA_ratio"": -2.728870153427124, ""dG_separated"": -44.22292709350586, ""dSASA_int"": 1620.55810546875, ""delta_unsatHbonds"": 11.0, ""hbonds_int"": 3.0, ""nres_int"": 70.0, ""packstat"": 0.6041122674942017, ""sc_value"": 0.6317863464355469}, ""C-D"": {""dG_dSASA_ratio"": -2.7842631340026855, ""dG_separated"": -27.512895584106445, ""dSASA_int"": 988.1571655273438, ""delta_unsatHbonds"": 0.0, ""hbonds_int"": 5.0, ""nres_int"": 48.0, ""packstat"": 0.5245959162712097, ""sc_value"": 0.7011052370071411}}"
ova_body_c4_13_ms25_r03	AF3	107	7107	0	0	A-B,A-C,A-D,B-C,B-D,C-D	6	3	1	"{""A-B"": 26, ""A-C"": 59, ""A-D"": 34, ""B-C"": 30, ""B-D"": 63, ""C-D"": 23}"	A-D,B-C	A-B,A-C,B-D,C-D	0.22704960558340706	0.6811220645904541	0.0	-2.682806968688965	1.8554016547093444	0.6195431351661682	0.0	-2.563804864883423	4.797809476683997	"{""A-B"": {""dG_dSASA_ratio"": -2.742433786392212, ""dG_separated"": -25.870868682861328, ""dSASA_int"": 943.3543701171875, ""delta_unsatHbonds"": 0.0, ""hbonds_int"": 5.0, ""nres_int"": 45.0, ""packstat"": 0.5701212882995605, ""sc_value"": 0.6741238832473755}, ""A-C"": {""dG_dSASA_ratio"": -2.9137587547302246, ""dG_separated"": -47.13038635253906, ""dSASA_int"": 1617.51171875, ""delta_unsatHbonds"": 7.0, ""hbonds_int"": 4.0, ""nres_int"": 74.0, ""packstat"": 0.5734164714813232, ""sc_value"": 0.6456535458564758}, ""A-D"": {""dG_dSASA_ratio"": -3.074892044067383, ""dG_separated"": -33.14529800415039, ""dSASA_int"": 1077.9337158203125, ""delta_unsatHbonds"": 2.0, ""hbonds_int"": 0.0, ""nres_int"": 40.0, ""packstat"": 0.5843163132667542, ""sc_value"": 0.8106396198272705}, ""B-C"": {""dG_dSASA_ratio"": -2.682806968688965, ""dG_separated"": -31.2370662689209, ""dSASA_int"": 1164.3426513671875, ""delta_unsatHbonds"": 2.0, ""hbonds_int"": 0.0, ""nres_int"": 40.0, ""packstat"": 0.41295334696769714, ""sc_value"": 0.6811220645904541}, ""B-D"": {""dG_dSASA_ratio"": -2.780606985092163, ""dG_separated"": -46.36460876464844, ""dSASA_int"": 1667.4276123046875, ""delta_unsatHbonds"": 8.0, ""hbonds_int"": 4.0, ""nres_int"": 72.0, ""packstat"": 0.6287720799446106, ""sc_value"": 0.6195431351661682}, ""C-D"": {""dG_dSASA_ratio"": -2.563804864883423, ""dG_separated"": -25.259614944458008, ""dSASA_int"": 985.2393798828125, ""delta_unsatHbonds"": 0.0, ""hbonds_int"": 4.0, ""nres_int"": 48.0, ""packstat"": 0.5682836174964905, ""sc_value"": 0.680687427520752}}"
ova_body_c4_13_ms25_r03	AF3	108	7108	0	0	A-B,A-C,A-D,B-C,B-D,C-D	6	3	1	"{""A-B"": 22, ""A-C"": 65, ""A-D"": 36, ""B-C"": 37, ""B-D"": 65, ""C-D"": 26}"	A-D,B-C	A-B,A-C,B-D,C-D	0.23165305177151177	0.7634152173995972	0.0	-2.882676601409912	4.992346227011384	0.6295489072799683	0.0	-2.5711700916290283	8.193572580680305	"{""A-B"": {""dG_dSASA_ratio"": -2.8747482299804688, ""dG_separated"": -28.79368782043457, ""dSASA_int"": 1001.6072387695312, ""delta_unsatHbonds"": 0.0, ""hbonds_int"": 5.0, ""nres_int"": 46.0, ""packstat"": 0.5712721347808838, ""sc_value"": 0.6821961402893066}, ""A-C"": {""dG_dSASA_ratio"": -2.970684051513672, ""dG_separated"": -49.057899475097656, ""dSASA_int"": 1651.40087890625, ""delta_unsatHbonds"": 10.0, ""hbonds_int"": 4.0, ""nres_int"": 76.0, ""packstat"": 0.5645279884338379, ""sc_value"": 0.655223548412323}, ""A-D"": {""dG_dSASA_ratio"": -3.3049800395965576, ""dG_separated"": -39.72056198120117, ""dSASA_int"": 1201.8397216796875, ""delta_unsatHbonds"": 6.0, ""hbonds_int"": 0.0, ""nres_int"": 39.0, ""packstat"": 0.561966598033905, ""sc_value"": 0.7634152173995972}, ""B-C"": {""dG_dSASA_ratio"": -2.882676601409912, ""dG_separated"": -32.524837493896484, ""dSASA_int"": 1128.2861328125, ""delta_unsatHbonds"": 0.0, ""hbonds_int"": 0.0, ""nres_int"": 40.0, ""packstat"": 0.5196229815483093, ""sc_value"": 0.7964984178543091}, ""B-D"": {""dG_dSASA_ratio"": -2.8744165897369385, ""dG_separated"": -49.11390686035156, ""dSASA_int"": 1708.6563720703125, ""delta_unsatHbonds"": 14.0, ""hbonds_int"": 4.0, ""nres_int"": 74.0, ""packstat"": 0.6460403203964233, ""sc_value"": 0.6295489072799683}, ""C-D"": {""dG_dSASA_ratio"": -2.5711700916290283, ""dG_separated"": -26.658334732055664, ""dSASA_int"": 1036.817138671875, ""delta_unsatHbonds"": 3.0, ""hbonds_int"": 4.0, ""nres_int"": 47.0, ""packstat"": 0.5632702708244324, ""sc_value"": 0.6808502674102783}}"
ova_body_c4_13_ms25_r03	AF3	109	7109	0	0	A-B,A-C,A-D,B-C,B-D,C-D	6	3	1	"{""A-B"": 22, ""A-C"": 66, ""A-D"": 37, ""B-C"": 37, ""B-D"": 62, ""C-D"": 20}"	A-D,B-C	A-B,A-C,B-D,C-D	0.2607213776592488	0.742548406124115	0.0	-2.94754958152771	3.2996567221140842	0.5959388613700867	0.0	-2.1900742053985596	8.387537462647053	"{""A-B"": {""dG_dSASA_ratio"": -2.7674334049224854, ""dG_separated"": -27.718217849731445, ""dSASA_int"": 1001.585693359375, ""delta_unsatHbonds"": 0.0, ""hbonds_int"": 5.0, ""nres_int"": 47.0, ""packstat"": 0.5751621127128601, ""sc_value"": 0.6944135427474976}, ""A-C"": {""dG_dSASA_ratio"": -2.9704911708831787, ""dG_separated"": -49.00086975097656, ""dSASA_int"": 1649.5882568359375, ""delta_unsatHbonds"": 11.0, ""hbonds_int"": 4.0, ""nres_int"": 77.0, ""packstat"": 0.5573116540908813, ""sc_value"": 0.6497502326965332}, ""A-D"": {""dG_dSASA_ratio"": -3.2382240295410156, ""dG_separated"": -39.25528335571289, ""dSASA_int"": 1212.247314453125, ""delta_unsatHbonds"": 4.0, ""hbonds_int"": 0.0, ""nres_int"": 39.0, ""packstat"": 0.5199834108352661, ""sc_value"": 0.742548406124115}, ""B-C"": {""dG_dSASA_ratio"": -2.94754958152771, ""dG_separated"": -32.97140121459961, ""dSASA_int"": 1118.603759765625, ""delta_unsatHbonds"": 2.0, ""hbonds_int"": 0.0, ""nres_int"": 39.0, ""packstat"": 0.5096041560173035, ""sc_value"": 0.7852016687393188}, ""B-D"": {""dG_dSASA_ratio"": -2.995708703994751, ""dG_separated"": -50.00266647338867, ""dSASA_int"": 1669.14306640625, ""delta_unsatHbonds"": 14.0, ""hbonds_int"": 5.0, ""nres_int"": 73.0, ""packstat"": 0.5749649405479431, ""sc_value"": 0.5959388613700867}, ""C-D"": {""dG_dSASA_ratio"": -2.1900742053985596, ""dG_separated"": -20.265539169311523, ""dSASA_int"": 925.3357543945312, ""delta_unsatHbonds"": 3.0, ""hbonds_int"": 4.0, ""nres_int"": 45.0, ""packstat"": 0.6213734149932861, ""sc_value"": 0.6165205240249634}}"
ova_body_c4_13_ms25_r03	AF3	110	7110	0	0	A-B,A-C,A-D,B-C,B-D,C-D	6	3	1	"{""A-B"": 25, ""A-C"": 61, ""A-D"": 29, ""B-C"": 37, ""B-D"": 62, ""C-D"": 27}"	A-D,B-C	A-B,A-C,B-D,C-D	0.2285350019693303	0.6860914826393127	0.0	-3.018360137939453	1.8172801558530698	0.6232630014419556	0.0	-2.564232110977173	5.761484482486191	"{""A-B"": {""dG_dSASA_ratio"": -2.564232110977173, ""dG_separated"": -24.88397216796875, ""dSASA_int"": 970.4259033203125, ""delta_unsatHbonds"": 0.0, ""hbonds_int"": 4.0, ""nres_int"": 46.0, ""packstat"": 0.566369891166687, ""sc_value"": 0.6793063879013062}, ""A-C"": {""dG_dSASA_ratio"": -3.0325028896331787, ""dG_separated"": -47.37064743041992, ""dSASA_int"": 1562.097412109375, ""delta_unsatHbonds"": 9.0, ""hbonds_int"": 4.0, ""nres_int"": 73.0, ""packstat"": 0.5841216444969177, ""sc_value"": 0.6345005035400391}, ""A-D"": {""dG_dSASA_ratio"": -3.273200035095215, ""dG_separated"": -36.10592269897461, ""dSASA_int"": 1103.0772705078125, ""delta_unsatHbonds"": 0.0, ""hbonds_int"": 0.0, ""nres_int"": 40.0, ""packstat"": 0.5672441124916077, ""sc_value"": 0.6860914826393127}, ""B-C"": {""dG_dSASA_ratio"": -3.018360137939453, ""dG_separated"": -33.21843338012695, ""dSASA_int"": 1100.5457763671875, ""delta_unsatHbonds"": 2.0, ""hbonds_int"": 0.0, ""nres_int"": 40.0, ""packstat"": 0.566802978515625, ""sc_value"": 0.7922808527946472}, ""B-D"": {""dG_dSASA_ratio"": -2.740648031234741, ""dG_separated"": -45.69172286987305, ""dSASA_int"": 1667.1868896484375, ""delta_unsatHbonds"": 5.0, ""hbonds_int"": 4.0, ""nres_int"": 73.0, ""packstat"": 0.5973163843154907, ""sc_value"": 0.6232630014419556}, ""C-D"": {""dG_dSASA_ratio"": -2.6040103435516357, ""dG_separated"": -26.3824405670166, ""dSASA_int"": 1013.1465454101562, ""delta_unsatHbonds"": 0.0, ""hbonds_int"": 5.0, ""nres_int"": 47.0, ""packstat"": 0.517907977104187, ""sc_value"": 0.6883547306060791}}"
ova_body_c4_13_ms25_r03	AF3	111	7111	0	0	A-B,A-C,A-D,B-C,B-D,C-D	6	3	1	"{""A-B"": 24, ""A-C"": 60, ""A-D"": 30, ""B-C"": 36, ""B-D"": 61, ""C-D"": 24}"	A-D,B-C	A-B,A-C,B-D,C-D	0.23824580892334538	0.7123805284500122	0.0	-2.5963070392608643	8.30319360097303	0.6224727034568787	0.0	-2.5963070392608643	8.775198434346919	"{""A-B"": {""dG_dSASA_ratio"": -2.6122305393218994, ""dG_separated"": -25.103374481201172, ""dSASA_int"": 960.9938354492188, ""delta_unsatHbonds"": 0.0, ""hbonds_int"": 4.0, ""nres_int"": 46.0, ""packstat"": 0.548198401927948, ""sc_value"": 0.6985176801681519}, ""A-C"": {""dG_dSASA_ratio"": -2.8797097206115723, ""dG_separated"": -45.94304656982422, ""dSASA_int"": 1595.405517578125, ""delta_unsatHbonds"": 14.0, ""hbonds_int"": 3.0, ""nres_int"": 74.0, ""packstat"": 0.6211183071136475, ""sc_value"": 0.6224727034568787}, ""A-D"": {""dG_dSASA_ratio"": -2.5963070392608643, ""dG_separated"": -28.141897201538086, ""dSASA_int"": 1083.9202880859375, ""delta_unsatHbonds"": 9.0, ""hbonds_int"": 0.0, ""nres_int"": 39.0, ""packstat"": 0.5885754227638245, ""sc_value"": 0.7123805284500122}, ""B-C"": {""dG_dSASA_ratio"": -3.0474371910095215, ""dG_separated"": -33.37887191772461, ""dSASA_int"": 1095.3096923828125, ""delta_unsatHbonds"": 4.0, ""hbonds_int"": 0.0, ""nres_int"": 40.0, ""packstat"": 0.505773663520813, ""sc_value"": 0.7962950468063354}, ""B-D"": {""dG_dSASA_ratio"": -2.7869601249694824, ""dG_separated"": -46.06011199951172, ""dSASA_int"": 1652.7008056640625, ""delta_unsatHbonds"": 5.0, ""hbonds_int"": 3.0, ""nres_int"": 72.0, ""packstat"": 0.5962127447128296, ""sc_value"": 0.626287579536438}, ""C-D"": {""dG_dSASA_ratio"": -2.596585512161255, ""dG_separated"": -26.19335174560547, ""dSASA_int"": 1008.7612915039062, ""delta_unsatHbonds"": 0.0, ""hbonds_int"": 5.0, ""nres_int"": 47.0, ""packstat"": 0.5079757571220398, ""sc_value"": 0.6627910137176514}}"
ova_body_c4_13_ms25_r03	AF3	112	7112	0	0	A-B,A-C,A-D,B-C,B-D,C-D	6	3	1	"{""A-B"": 24, ""A-C"": 62, ""A-D"": 33, ""B-C"": 36, ""B-D"": 61, ""C-D"": 21}"	A-D,B-C	A-B,A-C,B-D,C-D	0.22327967978478688	0.7515641450881958	0.0	-3.033966064453125	3.585739812162298	0.5319687724113464	0.0	-2.007319450378418	8.671023902548965	"{""A-B"": {""dG_dSASA_ratio"": -2.8297927379608154, ""dG_separated"": -26.517013549804688, ""dSASA_int"": 937.0655517578125, ""delta_unsatHbonds"": 0.0, ""hbonds_int"": 5.0, ""nres_int"": 46.0, ""packstat"": 0.5565108060836792, ""sc_value"": 0.6931363344192505}, ""A-C"": {""dG_dSASA_ratio"": -2.845712423324585, ""dG_separated"": -45.94609832763672, ""dSASA_int"": 1614.5728759765625, ""delta_unsatHbonds"": 14.0, ""hbonds_int"": 3.0, ""nres_int"": 74.0, ""packstat"": 0.6362117528915405, ""sc_value"": 0.6550920605659485}, ""A-D"": {""dG_dSASA_ratio"": -3.318375587463379, ""dG_separated"": -37.73548126220703, ""dSASA_int"": 1137.167236328125, ""delta_unsatHbonds"": 4.0, ""hbonds_int"": 0.0, ""nres_int"": 40.0, ""packstat"": 0.5102704167366028, ""sc_value"": 0.7515641450881958}, ""B-C"": {""dG_dSASA_ratio"": -3.033966064453125, ""dG_separated"": -33.84479904174805, ""dSASA_int"": 1115.5299072265625, ""delta_unsatHbonds"": 4.0, ""hbonds_int"": 0.0, ""nres_int"": 40.0, ""packstat"": 0.5160688161849976, ""sc_value"": 0.8019168972969055}, ""B-D"": {""dG_dSASA_ratio"": -2.8707032203674316, ""dG_separated"": -45.702884674072266, ""dSASA_int"": 1592.044921875, ""delta_unsatHbonds"": 10.0, ""hbonds_int"": 4.0, ""nres_int"": 71.0, ""packstat"": 0.6148858666419983, ""sc_value"": 0.6435184478759766}, ""C-D"": {""dG_dSASA_ratio"": -2.007319450378418, ""dG_separated"": -19.29489517211914, ""dSASA_int"": 961.2269897460938, ""delta_unsatHbonds"": 0.0, ""hbonds_int"": 3.0, ""nres_int"": 46.0, ""packstat"": 0.5833972692489624, ""sc_value"": 0.5319687724113464}}"
ova_body_c4_13_ms25_r03	AF3	113	7113	0	0	A-B,A-C,A-D,B-C,B-D,C-D	6	3	1	"{""A-B"": 24, ""A-C"": 65, ""A-D"": 35, ""B-C"": 35, ""B-D"": 54, ""C-D"": 27}"	A-D,B-C	A-B,A-C,B-D,C-D	0.2370566211965386	0.7317347526550293	0.0	-2.854259490966797	3.6502103092820253	0.6012185215950012	0.0	-2.634329319000244	4.895700059485565	"{""A-B"": {""dG_dSASA_ratio"": -2.634329319000244, ""dG_separated"": -25.790485382080078, ""dSASA_int"": 979.0151977539062, ""delta_unsatHbonds"": 2.0, ""hbonds_int"": 4.0, ""nres_int"": 46.0, ""packstat"": 0.5754789113998413, ""sc_value"": 0.6779586672782898}, ""A-C"": {""dG_dSASA_ratio"": -3.0302748680114746, ""dG_separated"": -49.51732635498047, ""dSASA_int"": 1634.0870361328125, ""delta_unsatHbonds"": 8.0, ""hbonds_int"": 4.0, ""nres_int"": 75.0, ""packstat"": 0.5726993680000305, ""sc_value"": 0.659132719039917}, ""A-D"": {""dG_dSASA_ratio"": -3.003368616104126, ""dG_separated"": -33.11129379272461, ""dSASA_int"": 1102.471923828125, ""delta_unsatHbonds"": 4.0, ""hbonds_int"": 0.0, ""nres_int"": 40.0, ""packstat"": 0.5605825781822205, ""sc_value"": 0.7997162342071533}, ""B-C"": {""dG_dSASA_ratio"": -2.854259490966797, ""dG_separated"": -31.277753829956055, ""dSASA_int"": 1095.8272705078125, ""delta_unsatHbonds"": 4.0, ""hbonds_int"": 0.0, ""nres_int"": 40.0, ""packstat"": 0.5350172519683838, ""sc_value"": 0.7317347526550293}, ""B-D"": {""dG_dSASA_ratio"": -2.7052688598632812, ""dG_separated"": -42.23081588745117, ""dSASA_int"": 1561.057861328125, ""delta_unsatHbonds"": 7.0, ""hbonds_int"": 3.0, ""nres_int"": 68.0, ""packstat"": 0.6299054026603699, ""sc_value"": 0.6012185215950012}, ""C-D"": {""dG_dSASA_ratio"": -2.645918130874634, ""dG_separated"": -26.285961151123047, ""dSASA_int"": 993.4533081054688, ""delta_unsatHbonds"": 0.0, ""hbonds_int"": 5.0, ""nres_int"": 48.0, ""packstat"": 0.6283206343650818, ""sc_value"": 0.6844102144241333}}"
ova_body_c4_13_ms25_r03	AF3	114	7114	0	0	A-B,A-C,A-D,B-C,B-D,C-D	6	3	1	"{""A-B"": 23, ""A-C"": 59, ""A-D"": 36, ""B-C"": 33, ""B-D"": 63, ""C-D"": 25}"	A-D,B-C	A-B,A-C,B-D,C-D	0.2224420970232663	0.6475026607513428	0.0	-3.1738154888153076	3.5721644146231117	0.6036360263824463	0.0	-2.6940345764160156	5.160175188955512	"{""A-B"": {""dG_dSASA_ratio"": -2.797715902328491, ""dG_separated"": -27.930994033813477, ""dSASA_int"": 998.3499145507812, ""delta_unsatHbonds"": 2.0, ""hbonds_int"": 4.0, ""nres_int"": 46.0, ""packstat"": 0.6189009547233582, ""sc_value"": 0.6835460066795349}, ""A-C"": {""dG_dSASA_ratio"": -2.9437806606292725, ""dG_separated"": -45.638458251953125, ""dSASA_int"": 1550.3349609375, ""delta_unsatHbonds"": 8.0, ""hbonds_int"": 3.0, ""nres_int"": 70.0, ""packstat"": 0.5386261343955994, ""sc_value"": 0.6036360263824463}, ""A-D"": {""dG_dSASA_ratio"": -3.279668092727661, ""dG_separated"": -36.72471618652344, ""dSASA_int"": 1119.769287109375, ""delta_unsatHbonds"": 4.0, ""hbonds_int"": 0.0, ""nres_int"": 40.0, ""packstat"": 0.5898268222808838, ""sc_value"": 0.7789635062217712}, ""B-C"": {""dG_dSASA_ratio"": -3.1738154888153076, ""dG_separated"": -35.55002975463867, ""dSASA_int"": 1120.1038818359375, ""delta_unsatHbonds"": 2.0, ""hbonds_int"": 0.0, ""nres_int"": 40.0, ""packstat"": 0.507793128490448, ""sc_value"": 0.6475026607513428}, ""B-D"": {""dG_dSASA_ratio"": -2.8684401512145996, ""dG_separated"": -47.486019134521484, ""dSASA_int"": 1655.46484375, ""delta_unsatHbonds"": 6.0, ""hbonds_int"": 5.0, ""nres_int"": 71.0, ""packstat"": 0.6158313751220703, ""sc_value"": 0.6043306589126587}, ""C-D"": {""dG_dSASA_ratio"": -2.6940345764160156, ""dG_separated"": -26.583572387695312, ""dSASA_int"": 986.7569580078125, ""delta_unsatHbonds"": 2.0, ""hbonds_int"": 4.0, ""nres_int"": 47.0, ""packstat"": 0.6255896687507629, ""sc_value"": 0.7054080963134766}}"
ova_body_c4_13_ms25_r03	AF3	115	7115	0	0	A-B,A-C,A-D,B-C,B-D,C-D	6	3	1	"{""A-B"": 24, ""A-C"": 65, ""A-D"": 35, ""B-C"": 33, ""B-D"": 56, ""C-D"": 27}"	A-D,B-C	A-B,A-C,B-D,C-D	0.2333375831627095	0.7486262321472168	0.0	-3.142163038253784	1.7615662457070962	0.5371428728103638	0.0	-2.203423500061035	5.462436340849271	"{""A-B"": {""dG_dSASA_ratio"": -2.203423500061035, ""dG_separated"": -20.02576446533203, ""dSASA_int"": 908.8477172851562, ""delta_unsatHbonds"": 0.0, ""hbonds_int"": 4.0, ""nres_int"": 45.0, ""packstat"": 0.5740474462509155, ""sc_value"": 0.5371428728103638}, ""A-C"": {""dG_dSASA_ratio"": -3.08522367477417, ""dG_separated"": -50.83265686035156, ""dSASA_int"": 1647.616455078125, ""delta_unsatHbonds"": 9.0, ""hbonds_int"": 4.0, ""nres_int"": 75.0, ""packstat"": 0.5856948494911194, ""sc_value"": 0.6538822650909424}, ""A-D"": {""dG_dSASA_ratio"": -3.142163038253784, ""dG_separated"": -33.46647644042969, ""dSASA_int"": 1065.07763671875, ""delta_unsatHbonds"": 0.0, ""hbonds_int"": 0.0, ""nres_int"": 40.0, ""packstat"": 0.5900880694389343, ""sc_value"": 0.7936639785766602}, ""B-C"": {""dG_dSASA_ratio"": -3.2213475704193115, ""dG_separated"": -36.573673248291016, ""dSASA_int"": 1135.353271484375, ""delta_unsatHbonds"": 2.0, ""hbonds_int"": 0.0, ""nres_int"": 40.0, ""packstat"": 0.5289516448974609, ""sc_value"": 0.7486262321472168}, ""B-D"": {""dG_dSASA_ratio"": -2.810772657394409, ""dG_separated"": -44.18630599975586, ""dSASA_int"": 1572.0341796875, ""delta_unsatHbonds"": 7.0, ""hbonds_int"": 4.0, ""nres_int"": 68.0, ""packstat"": 0.6202468872070312, ""sc_value"": 0.6123099327087402}, ""C-D"": {""dG_dSASA_ratio"": -2.6128013134002686, ""dG_separated"": -25.8575439453125, ""dSASA_int"": 989.6482543945312, ""delta_unsatHbonds"": 0.0, ""hbonds_int"": 5.0, ""nres_int"": 48.0, ""packstat"": 0.5810944437980652, ""sc_value"": 0.6704143285751343}}"
ova_body_c4_13_ms25_r03	AF3	116	7116	0	0	A-B,A-C,A-D,B-C,B-D,C-D	6	3	1	"{""A-B"": 25, ""A-C"": 59, ""A-D"": 37, ""B-C"": 32, ""B-D"": 62, ""C-D"": 26}"	A-D,B-C	A-B,A-C,B-D,C-D	0.21447469871205355	0.6945096254348755	0.0	-2.810171127319336	4.421441530267821	0.6173823475837708	0.0	-2.615234613418579	6.830347292446302	"{""A-B"": {""dG_dSASA_ratio"": -2.644545793533325, ""dG_separated"": -26.225059509277344, ""dSASA_int"": 991.6658935546875, ""delta_unsatHbonds"": 2.0, ""hbonds_int"": 4.0, ""nres_int"": 46.0, ""packstat"": 0.5488602519035339, ""sc_value"": 0.6907894611358643}, ""A-C"": {""dG_dSASA_ratio"": -2.8440818786621094, ""dG_separated"": -45.80279541015625, ""dSASA_int"": 1610.4598388671875, ""delta_unsatHbonds"": 11.0, ""hbonds_int"": 3.0, ""nres_int"": 73.0, ""packstat"": 0.5068531632423401, ""sc_value"": 0.6173823475837708}, ""A-D"": {""dG_dSASA_ratio"": -2.810171127319336, ""dG_separated"": -31.2451229095459, ""dSASA_int"": 1111.8583984375, ""delta_unsatHbonds"": 4.0, ""hbonds_int"": 0.0, ""nres_int"": 40.0, ""packstat"": 0.5598730444908142, ""sc_value"": 0.7912232875823975}, ""B-C"": {""dG_dSASA_ratio"": -3.074836492538452, ""dG_separated"": -34.77187728881836, ""dSASA_int"": 1130.8529052734375, ""delta_unsatHbonds"": 5.0, ""hbonds_int"": 0.0, ""nres_int"": 40.0, ""packstat"": 0.5991655588150024, ""sc_value"": 0.6945096254348755}, ""B-D"": {""dG_dSASA_ratio"": -2.8147270679473877, ""dG_separated"": -46.40785598754883, ""dSASA_int"": 1648.7515869140625, ""delta_unsatHbonds"": 8.0, ""hbonds_int"": 4.0, ""nres_int"": 72.0, ""packstat"": 0.6001522541046143, ""sc_value"": 0.6223195791244507}, ""C-D"": {""dG_dSASA_ratio"": -2.615234613418579, ""dG_separated"": -26.189481735229492, ""dSASA_int"": 1001.419921875, ""delta_unsatHbonds"": 0.0, ""hbonds_int"": 5.0, ""nres_int"": 48.0, ""packstat"": 0.5900753736495972, ""sc_value"": 0.6817054748535156}}"
ova_body_c4_13_ms25_r03	AF3	117	7117	0	0	A-B,A-C,A-D,B-C,B-D,C-D	6	3	1	"{""A-B"": 26, ""A-C"": 61, ""A-D"": 34, ""B-C"": 34, ""B-D"": 64, ""C-D"": 24}"	A-D,B-C	A-B,A-C,B-D,C-D	0.23460152368791298	0.5899902582168579	0.0	-2.3498125076293945	6.995787646845517	0.5899902582168579	0.0	-2.3498125076293945	6.995787646845517	"{""A-B"": {""dG_dSASA_ratio"": -2.5521485805511475, ""dG_separated"": -25.686513900756836, ""dSASA_int"": 1006.46630859375, ""delta_unsatHbonds"": 0.0, ""hbonds_int"": 5.0, ""nres_int"": 46.0, ""packstat"": 0.5522913336753845, ""sc_value"": 0.6470819115638733}, ""A-C"": {""dG_dSASA_ratio"": -2.9664671421051025, ""dG_separated"": -47.22199249267578, ""dSASA_int"": 1591.8594970703125, ""delta_unsatHbonds"": 9.0, ""hbonds_int"": 3.0, ""nres_int"": 72.0, ""packstat"": 0.5907905697822571, ""sc_value"": 0.6374219059944153}, ""A-D"": {""dG_dSASA_ratio"": -3.057398796081543, ""dG_separated"": -33.347957611083984, ""dSASA_int"": 1090.7296142578125, ""delta_unsatHbonds"": 5.0, ""hbonds_int"": 0.0, ""nres_int"": 40.0, ""packstat"": 0.5544933676719666, ""sc_value"": 0.7952609062194824}, ""B-C"": {""dG_dSASA_ratio"": -2.3498125076293945, ""dG_separated"": -26.87116813659668, ""dSASA_int"": 1143.5452880859375, ""delta_unsatHbonds"": 8.0, ""hbonds_int"": 0.0, ""nres_int"": 39.0, ""packstat"": 0.5854348540306091, ""sc_value"": 0.5899902582168579}, ""B-D"": {""dG_dSASA_ratio"": -2.8887205123901367, ""dG_separated"": -48.09247589111328, ""dSASA_int"": 1664.8365478515625, ""delta_unsatHbonds"": 8.0, ""hbonds_int"": 4.0, ""nres_int"": 75.0, ""packstat"": 0.5897490978240967, ""sc_value"": 0.6335360407829285}, ""C-D"": {""dG_dSASA_ratio"": -2.657658338546753, ""dG_separated"": -26.482757568359375, ""dSASA_int"": 996.4696044921875, ""delta_unsatHbonds"": 2.0, ""hbonds_int"": 4.0, ""nres_int"": 48.0, ""packstat"": 0.5960076451301575, ""sc_value"": 0.704052746295929}}"
ova_body_c4_13_ms25_r03	AF3	118	7118	0	0	A-B,A-C,A-D,B-C,B-D,C-D	6	3	1	"{""A-B"": 23, ""A-C"": 67, ""A-D"": 36, ""B-C"": 32, ""B-D"": 58, ""C-D"": 26}"	A-D,B-C	A-B,A-C,B-D,C-D	0.22729324987575764	0.6828356385231018	0.0	-2.9632914066314697	4.399510812205978	0.6218307614326477	0.0	-2.5801193714141846	5.516154098577013	"{""A-B"": {""dG_dSASA_ratio"": -2.592050075531006, ""dG_separated"": -25.182382583618164, ""dSASA_int"": 971.5238037109375, ""delta_unsatHbonds"": 0.0, ""hbonds_int"": 4.0, ""nres_int"": 43.0, ""packstat"": 0.5813887715339661, ""sc_value"": 0.7194330096244812}, ""A-C"": {""dG_dSASA_ratio"": -2.9119699001312256, ""dG_separated"": -49.012359619140625, ""dSASA_int"": 1683.1341552734375, ""delta_unsatHbonds"": 9.0, ""hbonds_int"": 4.0, ""nres_int"": 75.0, ""packstat"": 0.574378490447998, ""sc_value"": 0.6478662490844727}, ""A-D"": {""dG_dSASA_ratio"": -2.9632914066314697, ""dG_separated"": -32.295204162597656, ""dSASA_int"": 1089.8424072265625, ""delta_unsatHbonds"": 2.0, ""hbonds_int"": 0.0, ""nres_int"": 40.0, ""packstat"": 0.5181857347488403, ""sc_value"": 0.7768046259880066}, ""B-C"": {""dG_dSASA_ratio"": -3.0908684730529785, ""dG_separated"": -35.127410888671875, ""dSASA_int"": 1136.489990234375, ""delta_unsatHbonds"": 5.0, ""hbonds_int"": 0.0, ""nres_int"": 40.0, ""packstat"": 0.46895715594291687, ""sc_value"": 0.6828356385231018}, ""B-D"": {""dG_dSASA_ratio"": -2.812011241912842, ""dG_separated"": -45.879974365234375, ""dSASA_int"": 1631.571533203125, ""delta_unsatHbonds"": 9.0, ""hbonds_int"": 3.0, ""nres_int"": 73.0, ""packstat"": 0.6357882618904114, ""sc_value"": 0.6218307614326477}, ""C-D"": {""dG_dSASA_ratio"": -2.5801193714141846, ""dG_separated"": -25.722820281982422, ""dSASA_int"": 996.96240234375, ""delta_unsatHbonds"": 0.0, ""hbonds_int"": 5.0, ""nres_int"": 48.0, ""packstat"": 0.5866503119468689, ""sc_value"": 0.6764371395111084}}"
ova_body_c4_13_ms25_r03	AF3	119	7119	0	0	A-B,A-C,A-D,B-C,B-D,C-D	6	3	1	"{""A-B"": 26, ""A-C"": 66, ""A-D"": 35, ""B-C"": 36, ""B-D"": 62, ""C-D"": 26}"	A-D,B-C	A-B,A-C,B-D,C-D	0.21240036292305314	0.8167257905006409	0.0	-2.763981819152832	0.0	0.6497430801391602	0.0	-2.627258777618408	5.500408643776399	"{""A-B"": {""dG_dSASA_ratio"": -2.627258777618408, ""dG_separated"": -25.374479293823242, ""dSASA_int"": 965.815673828125, ""delta_unsatHbonds"": 0.0, ""hbonds_int"": 5.0, ""nres_int"": 46.0, ""packstat"": 0.6094202995300293, ""sc_value"": 0.6723784804344177}, ""A-C"": {""dG_dSASA_ratio"": -2.940838575363159, ""dG_separated"": -48.20162582397461, ""dSASA_int"": 1639.04345703125, ""delta_unsatHbonds"": 9.0, ""hbonds_int"": 4.0, ""nres_int"": 74.0, ""packstat"": 0.6644653081893921, ""sc_value"": 0.6497430801391602}, ""A-D"": {""dG_dSASA_ratio"": -2.763981819152832, ""dG_separated"": -30.2720947265625, ""dSASA_int"": 1095.23486328125, ""delta_unsatHbonds"": 0.0, ""hbonds_int"": 0.0, ""nres_int"": 40.0, ""packstat"": 0.46918952465057373, ""sc_value"": 0.8167257905006409}, ""B-C"": {""dG_dSASA_ratio"": -2.8643105030059814, ""dG_separated"": -32.078426361083984, ""dSASA_int"": 1119.935302734375, ""delta_unsatHbonds"": 0.0, ""hbonds_int"": 0.0, ""nres_int"": 40.0, ""packstat"": 0.5665462613105774, ""sc_value"": 0.8196587562561035}, ""B-D"": {""dG_dSASA_ratio"": -3.004584312438965, ""dG_separated"": -49.16227340698242, ""dSASA_int"": 1636.2420654296875, ""delta_unsatHbonds"": 9.0, ""hbonds_int"": 4.0, ""nres_int"": 73.0, ""packstat"": 0.6044123768806458, ""sc_value"": 0.6530874967575073}, ""C-D"": {""dG_dSASA_ratio"": -2.719815254211426, ""dG_separated"": -27.158750534057617, ""dSASA_int"": 998.55126953125, ""delta_unsatHbonds"": 2.0, ""hbonds_int"": 5.0, ""nres_int"": 47.0, ""packstat"": 0.6155319809913635, ""sc_value"": 0.6543298959732056}}"
ova_body_c4_13_ms25_r03	AF3	120	7120	0	0	A-B,A-C,A-D,B-C,B-D,C-D	6	3	1	"{""A-B"": 25, ""A-C"": 60, ""A-D"": 36, ""B-C"": 38, ""B-D"": 61, ""C-D"": 25}"	A-D,B-C	A-B,A-C,B-D,C-D	0.22985534545059513	0.7752124071121216	0.0	-2.901414632797241	1.819183548114096	0.6310741901397705	0.0	-2.579576253890991	6.3448528194746086	"{""A-B"": {""dG_dSASA_ratio"": -2.791159152984619, ""dG_separated"": -27.64647102355957, ""dSASA_int"": 990.5014038085938, ""delta_unsatHbonds"": 0.0, ""hbonds_int"": 5.0, ""nres_int"": 46.0, ""packstat"": 0.5677233934402466, ""sc_value"": 0.6635499000549316}, ""A-C"": {""dG_dSASA_ratio"": -2.8878674507141113, ""dG_separated"": -46.03466796875, ""dSASA_int"": 1594.0712890625, ""delta_unsatHbonds"": 9.0, ""hbonds_int"": 3.0, ""nres_int"": 74.0, ""packstat"": 0.5975039601325989, ""sc_value"": 0.6310741901397705}, ""A-D"": {""dG_dSASA_ratio"": -3.376713991165161, ""dG_separated"": -37.1234016418457, ""dSASA_int"": 1099.394287109375, ""delta_unsatHbonds"": 2.0, ""hbonds_int"": 0.0, ""nres_int"": 40.0, ""packstat"": 0.5618403553962708, ""sc_value"": 0.7752124071121216}, ""B-C"": {""dG_dSASA_ratio"": -2.901414632797241, ""dG_separated"": -32.0927734375, ""dSASA_int"": 1106.1077880859375, ""delta_unsatHbonds"": 0.0, ""hbonds_int"": 0.0, ""nres_int"": 40.0, ""packstat"": 0.5696250200271606, ""sc_value"": 0.8219969272613525}, ""B-D"": {""dG_dSASA_ratio"": -3.0000948905944824, ""dG_separated"": -47.28391647338867, ""dSASA_int"": 1576.0806884765625, ""delta_unsatHbonds"": 10.0, ""hbonds_int"": 4.0, ""nres_int"": 72.0, ""packstat"": 0.6446092128753662, ""sc_value"": 0.6446571350097656}, ""C-D"": {""dG_dSASA_ratio"": -2.579576253890991, ""dG_separated"": -25.33500099182129, ""dSASA_int"": 982.1380004882812, ""delta_unsatHbonds"": 0.0, ""hbonds_int"": 4.0, ""nres_int"": 48.0, ""packstat"": 0.5714306235313416, ""sc_value"": 0.6709771156311035}}"
ova_body_c4_13_ms25_r03	AF3	121	7121	0	0	A-B,A-C,A-D,B-C,B-D,C-D	6	3	1	"{""A-B"": 25, ""A-C"": 60, ""A-D"": 36, ""B-C"": 36, ""B-D"": 57, ""C-D"": 25}"	A-D,B-C	A-B,A-C,B-D,C-D	0.22206541972455146	0.7402075529098511	0.0	-3.2827811241149902	3.6210487603919503	0.6198797225952148	0.0	-2.549818277359009	8.822772118876946	"{""A-B"": {""dG_dSASA_ratio"": -2.591054916381836, ""dG_separated"": -25.88442611694336, ""dSASA_int"": 998.9917602539062, ""delta_unsatHbonds"": 0.0, ""hbonds_int"": 5.0, ""nres_int"": 47.0, ""packstat"": 0.5642712712287903, ""sc_value"": 0.6584938764572144}, ""A-C"": {""dG_dSASA_ratio"": -2.678731918334961, ""dG_separated"": -43.86552810668945, ""dSASA_int"": 1637.5482177734375, ""delta_unsatHbonds"": 9.0, ""hbonds_int"": 3.0, ""nres_int"": 71.0, ""packstat"": 0.5865018367767334, ""sc_value"": 0.6198797225952148}, ""A-D"": {""dG_dSASA_ratio"": -3.2827811241149902, ""dG_separated"": -36.2633171081543, ""dSASA_int"": 1104.65234375, ""delta_unsatHbonds"": 4.0, ""hbonds_int"": 0.0, ""nres_int"": 40.0, ""packstat"": 0.5684264898300171, ""sc_value"": 0.7402075529098511}, ""B-C"": {""dG_dSASA_ratio"": -3.37384295463562, ""dG_separated"": -36.550113677978516, ""dSASA_int"": 1083.3377685546875, ""delta_unsatHbonds"": 2.0, ""hbonds_int"": 0.0, ""nres_int"": 40.0, ""packstat"": 0.46228763461112976, ""sc_value"": 0.7740383148193359}, ""B-D"": {""dG_dSASA_ratio"": -2.8595330715179443, ""dG_separated"": -45.375152587890625, ""dSASA_int"": 1586.8028564453125, ""delta_unsatHbonds"": 14.0, ""hbonds_int"": 4.0, ""nres_int"": 70.0, ""packstat"": 0.6392961144447327, ""sc_value"": 0.6478745937347412}, ""C-D"": {""dG_dSASA_ratio"": -2.549818277359009, ""dG_separated"": -25.952592849731445, ""dSASA_int"": 1017.8212890625, ""delta_unsatHbonds"": 0.0, ""hbonds_int"": 4.0, ""nres_int"": 48.0, ""packstat"": 0.574225127696991, ""sc_value"": 0.6687828898429871}}"
ova_body_c4_13_ms25_r03	AF3	122	7122	0	0	A-B,A-C,A-D,B-C,B-D,C-D	6	3	1	"{""A-B"": 21, ""A-C"": 65, ""A-D"": 33, ""B-C"": 36, ""B-D"": 61, ""C-D"": 25}"	A-D,B-C	A-B,A-C,B-D,C-D	0.23097709867857555	0.7012763023376465	0.0	-3.3013370037078857	3.574047060758582	0.6260223388671875	0.0	-2.511232614517212	8.0518391582828	"{""A-B"": {""dG_dSASA_ratio"": -2.74548077583313, ""dG_separated"": -24.356704711914062, ""dSASA_int"": 887.15625, ""delta_unsatHbonds"": 0.0, ""hbonds_int"": 3.0, ""nres_int"": 46.0, ""packstat"": 0.570421040058136, ""sc_value"": 0.6995775699615479}, ""A-C"": {""dG_dSASA_ratio"": -2.8913004398345947, ""dG_separated"": -46.68114471435547, ""dSASA_int"": 1614.5379638671875, ""delta_unsatHbonds"": 13.0, ""hbonds_int"": 4.0, ""nres_int"": 72.0, ""packstat"": 0.5612697005271912, ""sc_value"": 0.6360965967178345}, ""A-D"": {""dG_dSASA_ratio"": -3.3013370037078857, ""dG_separated"": -36.684486389160156, ""dSASA_int"": 1111.200927734375, ""delta_unsatHbonds"": 2.0, ""hbonds_int"": 0.0, ""nres_int"": 40.0, ""packstat"": 0.5573902726173401, ""sc_value"": 0.7050672769546509}, ""B-C"": {""dG_dSASA_ratio"": -3.4419264793395996, ""dG_separated"": -38.521331787109375, ""dSASA_int"": 1119.179443359375, ""delta_unsatHbonds"": 4.0, ""hbonds_int"": 0.0, ""nres_int"": 40.0, ""packstat"": 0.6156126856803894, ""sc_value"": 0.7012763023376465}, ""B-D"": {""dG_dSASA_ratio"": -2.975208044052124, ""dG_separated"": -48.454490661621094, ""dSASA_int"": 1628.6085205078125, ""delta_unsatHbonds"": 12.0, ""hbonds_int"": 5.0, ""nres_int"": 73.0, ""packstat"": 0.6350038647651672, ""sc_value"": 0.6260223388671875}, ""C-D"": {""dG_dSASA_ratio"": -2.511232614517212, ""dG_separated"": -25.90149688720703, ""dSASA_int"": 1031.4256591796875, ""delta_unsatHbonds"": 0.0, ""hbonds_int"": 4.0, ""nres_int"": 48.0, ""packstat"": 0.5638332962989807, ""sc_value"": 0.686154842376709}}"
ova_body_c4_13_ms25_r03	AF3	123	7123	0	0	A-B,A-C,A-D,B-C,B-D,C-D	6	3	1	"{""A-B"": 25, ""A-C"": 62, ""A-D"": 35, ""B-C"": 36, ""B-D"": 61, ""C-D"": 26}"	A-D,B-C	A-B,A-C,B-D,C-D	0.22469183051392538	0.7645622491836548	0.0	-2.9604339599609375	2.787396377155962	0.6375800967216492	0.0	-2.7577035427093506	7.443854757296669	"{""A-B"": {""dG_dSASA_ratio"": -2.785727024078369, ""dG_separated"": -26.8782901763916, ""dSASA_int"": 964.8573608398438, ""delta_unsatHbonds"": 2.0, ""hbonds_int"": 4.0, ""nres_int"": 47.0, ""packstat"": 0.5425204038619995, ""sc_value"": 0.6781874895095825}, ""A-C"": {""dG_dSASA_ratio"": -2.8733017444610596, ""dG_separated"": -46.319580078125, ""dSASA_int"": 1612.0679931640625, ""delta_unsatHbonds"": 12.0, ""hbonds_int"": 4.0, ""nres_int"": 73.0, ""packstat"": 0.5816410779953003, ""sc_value"": 0.6481941938400269}, ""A-D"": {""dG_dSASA_ratio"": -3.522054672241211, ""dG_separated"": -37.90692901611328, ""dSASA_int"": 1076.273193359375, ""delta_unsatHbonds"": 3.0, ""hbonds_int"": 0.0, ""nres_int"": 40.0, ""packstat"": 0.6116995811462402, ""sc_value"": 0.7645622491836548}, ""B-C"": {""dG_dSASA_ratio"": -2.9604339599609375, ""dG_separated"": -32.53082275390625, ""dSASA_int"": 1098.853271484375, ""delta_unsatHbonds"": 0.0, ""hbonds_int"": 0.0, ""nres_int"": 40.0, ""packstat"": 0.518721342086792, ""sc_value"": 0.8116335868835449}, ""B-D"": {""dG_dSASA_ratio"": -2.8692381381988525, ""dG_separated"": -46.70668411254883, ""dSASA_int"": 1627.8426513671875, ""delta_unsatHbonds"": 9.0, ""hbonds_int"": 3.0, ""nres_int"": 73.0, ""packstat"": 0.5911107063293457, ""sc_value"": 0.6375800967216492}, ""C-D"": {""dG_dSASA_ratio"": -2.7577035427093506, ""dG_separated"": -27.01260757446289, ""dSASA_int"": 979.53271484375, ""delta_unsatHbonds"": 0.0, ""hbonds_int"": 5.0, ""nres_int"": 48.0, ""packstat"": 0.610266387462616, ""sc_value"": 0.669986367225647}}"
ova_body_c4_13_ms25_r03	AF3	124	7124	0	0	A-B,A-C,A-D,B-C,B-D,C-D	6	3	1	"{""A-B"": 25, ""A-C"": 65, ""A-D"": 37, ""B-C"": 36, ""B-D"": 56, ""C-D"": 24}"	A-D,B-C	A-B,A-C,B-D,C-D	0.2382130120935033	0.7929961681365967	0.0	-2.9072768688201904	2.7020792684683315	0.592605471611023	0.0	-2.607133150100708	8.567656871199105	"{""A-B"": {""dG_dSASA_ratio"": -2.6276044845581055, ""dG_separated"": -25.03241729736328, ""dSASA_int"": 952.6707153320312, ""delta_unsatHbonds"": 0.0, ""hbonds_int"": 4.0, ""nres_int"": 47.0, ""packstat"": 0.5970832705497742, ""sc_value"": 0.6811282634735107}, ""A-C"": {""dG_dSASA_ratio"": -2.8123228549957275, ""dG_separated"": -45.954830169677734, ""dSASA_int"": 1634.0523681640625, ""delta_unsatHbonds"": 14.0, ""hbonds_int"": 4.0, ""nres_int"": 73.0, ""packstat"": 0.6321609020233154, ""sc_value"": 0.592605471611023}, ""A-D"": {""dG_dSASA_ratio"": -2.9072768688201904, ""dG_separated"": -32.27821731567383, ""dSASA_int"": 1110.256103515625, ""delta_unsatHbonds"": 3.0, ""hbonds_int"": 0.0, ""nres_int"": 40.0, ""packstat"": 0.612437903881073, ""sc_value"": 0.8023064136505127}, ""B-C"": {""dG_dSASA_ratio"": -2.9558653831481934, ""dG_separated"": -32.07136154174805, ""dSASA_int"": 1085.007568359375, ""delta_unsatHbonds"": 2.0, ""hbonds_int"": 0.0, ""nres_int"": 40.0, ""packstat"": 0.5674898028373718, ""sc_value"": 0.7929961681365967}, ""B-D"": {""dG_dSASA_ratio"": -2.641624927520752, ""dG_separated"": -42.07878112792969, ""dSASA_int"": 1592.912841796875, ""delta_unsatHbonds"": 9.0, ""hbonds_int"": 3.0, ""nres_int"": 68.0, ""packstat"": 0.595637321472168, ""sc_value"": 0.619055986404419}, ""C-D"": {""dG_dSASA_ratio"": -2.607133150100708, ""dG_separated"": -25.2779598236084, ""dSASA_int"": 969.5691528320312, ""delta_unsatHbonds"": 0.0, ""hbonds_int"": 4.0, ""nres_int"": 48.0, ""packstat"": 0.568145751953125, ""sc_value"": 0.6756790280342102}}"
ova_body_c4_13_ms25_r03	AF3	125	7125	0	0	A-B,A-C,A-D,B-C,B-D,C-D	6	3	1	"{""A-B"": 23, ""A-C"": 61, ""A-D"": 33, ""B-C"": 38, ""B-D"": 61, ""C-D"": 24}"	A-D,B-C	A-B,A-C,B-D,C-D	0.23295895162937347	0.8071513175964355	0.0	-2.9319825172424316	3.810949105198035	0.6286473870277405	0.0	-2.6004388332366943	5.4682488453731155	"{""A-B"": {""dG_dSASA_ratio"": -2.6238632202148438, ""dG_separated"": -25.58294677734375, ""dSASA_int"": 975.0106811523438, ""delta_unsatHbonds"": 0.0, ""hbonds_int"": 4.0, ""nres_int"": 46.0, ""packstat"": 0.5406304001808167, ""sc_value"": 0.6943901181221008}, ""A-C"": {""dG_dSASA_ratio"": -3.013418436050415, ""dG_separated"": -46.733333587646484, ""dSASA_int"": 1550.8411865234375, ""delta_unsatHbonds"": 8.0, ""hbonds_int"": 4.0, ""nres_int"": 73.0, ""packstat"": 0.618073582649231, ""sc_value"": 0.641621470451355}, ""A-D"": {""dG_dSASA_ratio"": -3.051650047302246, ""dG_separated"": -32.03034210205078, ""dSASA_int"": 1049.6072998046875, ""delta_unsatHbonds"": 4.0, ""hbonds_int"": 0.0, ""nres_int"": 40.0, ""packstat"": 0.595599353313446, ""sc_value"": 0.8071513175964355}, ""B-C"": {""dG_dSASA_ratio"": -2.9319825172424316, ""dG_separated"": -33.442752838134766, ""dSASA_int"": 1140.619140625, ""delta_unsatHbonds"": 0.0, ""hbonds_int"": 0.0, ""nres_int"": 40.0, ""packstat"": 0.47218814492225647, ""sc_value"": 0.8206220865249634}, ""B-D"": {""dG_dSASA_ratio"": -2.9174811840057373, ""dG_separated"": -48.01780319213867, ""dSASA_int"": 1645.8651123046875, ""delta_unsatHbonds"": 9.0, ""hbonds_int"": 5.0, ""nres_int"": 73.0, ""packstat"": 0.6261347532272339, ""sc_value"": 0.6286473870277405}, ""C-D"": {""dG_dSASA_ratio"": -2.6004388332366943, ""dG_separated"": -25.595130920410156, ""dSASA_int"": 984.261962890625, ""delta_unsatHbonds"": 0.0, ""hbonds_int"": 5.0, ""nres_int"": 47.0, ""packstat"": 0.5947938561439514, ""sc_value"": 0.6847411394119263}}"
ova_body_c4_13_ms25_r03	AF3	126	7126	0	0	A-B,A-C,A-D,B-C,B-D,C-D	6	3	1	"{""A-B"": 27, ""A-C"": 63, ""A-D"": 36, ""B-C"": 36, ""B-D"": 63, ""C-D"": 24}"	A-D,B-C	A-B,A-C,B-D,C-D	0.22140156831746155	0.7714588046073914	0.0	-2.7237014770507812	3.553818750037959	0.5999075174331665	0.0	-2.71193790435791	5.559233494140516	"{""A-B"": {""dG_dSASA_ratio"": -2.727107286453247, ""dG_separated"": -26.172609329223633, ""dSASA_int"": 959.7205200195312, ""delta_unsatHbonds"": 0.0, ""hbonds_int"": 5.0, ""nres_int"": 46.0, ""packstat"": 0.5531402826309204, ""sc_value"": 0.6679821014404297}, ""A-C"": {""dG_dSASA_ratio"": -2.768232822418213, ""dG_separated"": -44.81570053100586, ""dSASA_int"": 1618.92822265625, ""delta_unsatHbonds"": 9.0, ""hbonds_int"": 3.0, ""nres_int"": 70.0, ""packstat"": 0.5700055360794067, ""sc_value"": 0.5999075174331665}, ""A-D"": {""dG_dSASA_ratio"": -3.2478621006011963, ""dG_separated"": -36.55630874633789, ""dSASA_int"": 1125.5498046875, ""delta_unsatHbonds"": 4.0, ""hbonds_int"": 0.0, ""nres_int"": 40.0, ""packstat"": 0.6149460077285767, ""sc_value"": 0.7714588046073914}, ""B-C"": {""dG_dSASA_ratio"": -2.7237014770507812, ""dG_separated"": -30.72261619567871, ""dSASA_int"": 1127.972900390625, ""delta_unsatHbonds"": 2.0, ""hbonds_int"": 0.0, ""nres_int"": 40.0, ""packstat"": 0.5174465179443359, ""sc_value"": 0.7931668758392334}, ""B-D"": {""dG_dSASA_ratio"": -2.880568265914917, ""dG_separated"": -47.259368896484375, ""dSASA_int"": 1640.6265869140625, ""delta_unsatHbonds"": 9.0, ""hbonds_int"": 4.0, ""nres_int"": 72.0, ""packstat"": 0.5470622777938843, ""sc_value"": 0.6237133741378784}, ""C-D"": {""dG_dSASA_ratio"": -2.71193790435791, ""dG_separated"": -26.75311279296875, ""dSASA_int"": 986.4943237304688, ""delta_unsatHbonds"": 0.0, ""hbonds_int"": 4.0, ""nres_int"": 48.0, ""packstat"": 0.5751305818557739, ""sc_value"": 0.6786602735519409}}"
ova_body_c4_13_ms25_r03	AF3	127	7127	0	0	A-B,A-C,A-D,B-C,B-D,C-D	6	3	1	"{""A-B"": 21, ""A-C"": 63, ""A-D"": 35, ""B-C"": 37, ""B-D"": 57, ""C-D"": 21}"	A-D,B-C	A-B,A-C,B-D,C-D	0.2105080058624276	0.7770541906356812	0.0	-2.7659566402435303	1.833154519463225	0.5528696775436401	0.0	-2.0258429050445557	5.001245808987911	"{""A-B"": {""dG_dSASA_ratio"": -2.5712156295776367, ""dG_separated"": -22.90640640258789, ""dSASA_int"": 890.8784790039062, ""delta_unsatHbonds"": 0.0, ""hbonds_int"": 3.0, ""nres_int"": 46.0, ""packstat"": 0.5878687500953674, ""sc_value"": 0.6879569888114929}, ""A-C"": {""dG_dSASA_ratio"": -2.8130853176116943, ""dG_separated"": -44.99815368652344, ""dSASA_int"": 1599.6014404296875, ""delta_unsatHbonds"": 8.0, ""hbonds_int"": 4.0, ""nres_int"": 70.0, ""packstat"": 0.5491287708282471, ""sc_value"": 0.6127150058746338}, ""A-D"": {""dG_dSASA_ratio"": -2.781005620956421, ""dG_separated"": -30.341201782226562, ""dSASA_int"": 1091.0155029296875, ""delta_unsatHbonds"": 2.0, ""hbonds_int"": 0.0, ""nres_int"": 40.0, ""packstat"": 0.5519194602966309, ""sc_value"": 0.7770541906356812}, ""B-C"": {""dG_dSASA_ratio"": -2.7659566402435303, ""dG_separated"": -31.019323348999023, ""dSASA_int"": 1121.46826171875, ""delta_unsatHbonds"": 2.0, ""hbonds_int"": 0.0, ""nres_int"": 40.0, ""packstat"": 0.5310449004173279, ""sc_value"": 0.7955442070960999}, ""B-D"": {""dG_dSASA_ratio"": -2.7728824615478516, ""dG_separated"": -43.417816162109375, ""dSASA_int"": 1565.80078125, ""delta_unsatHbonds"": 3.0, ""hbonds_int"": 4.0, ""nres_int"": 69.0, ""packstat"": 0.5608550310134888, ""sc_value"": 0.5992006063461304}, ""C-D"": {""dG_dSASA_ratio"": -2.0258429050445557, ""dG_separated"": -19.06450653076172, ""dSASA_int"": 941.0653686523438, ""delta_unsatHbonds"": 0.0, ""hbonds_int"": 3.0, ""nres_int"": 46.0, ""packstat"": 0.5748552680015564, ""sc_value"": 0.5528696775436401}}"
ova_body_c4_13_ms25_r03	AF3	128	7128	0	0	A-B,A-C,A-D,B-C,B-D,C-D	6	3	1	"{""A-B"": 24, ""A-C"": 63, ""A-D"": 34, ""B-C"": 33, ""B-D"": 58, ""C-D"": 26}"	A-D,B-C	A-B,A-C,B-D,C-D	0.2503565718643932	0.6830490827560425	0.0	-3.073592185974121	5.609316450149015	0.5943068861961365	0.0	-2.5705039501190186	5.609316450149015	"{""A-B"": {""dG_dSASA_ratio"": -2.5705039501190186, ""dG_separated"": -25.663421630859375, ""dSASA_int"": 998.3809204101562, ""delta_unsatHbonds"": 0.0, ""hbonds_int"": 4.0, ""nres_int"": 47.0, ""packstat"": 0.5328838229179382, ""sc_value"": 0.6958051323890686}, ""A-C"": {""dG_dSASA_ratio"": -2.9118874073028564, ""dG_separated"": -47.461273193359375, ""dSASA_int"": 1629.91455078125, ""delta_unsatHbonds"": 8.0, ""hbonds_int"": 4.0, ""nres_int"": 72.0, ""packstat"": 0.570682168006897, ""sc_value"": 0.6301839351654053}, ""A-D"": {""dG_dSASA_ratio"": -3.5296647548675537, ""dG_separated"": -37.75502395629883, ""dSASA_int"": 1069.6490478515625, ""delta_unsatHbonds"": 6.0, ""hbonds_int"": 0.0, ""nres_int"": 40.0, ""packstat"": 0.5980921983718872, ""sc_value"": 0.6830490827560425}, ""B-C"": {""dG_dSASA_ratio"": -3.073592185974121, ""dG_separated"": -34.58855438232422, ""dSASA_int"": 1125.3463134765625, ""delta_unsatHbonds"": 0.0, ""hbonds_int"": 0.0, ""nres_int"": 40.0, ""packstat"": 0.5865679979324341, ""sc_value"": 0.7174661159515381}, ""B-D"": {""dG_dSASA_ratio"": -2.686889410018921, ""dG_separated"": -43.59165954589844, ""dSASA_int"": 1622.3837890625, ""delta_unsatHbonds"": 5.0, ""hbonds_int"": 3.0, ""nres_int"": 71.0, ""packstat"": 0.4830367863178253, ""sc_value"": 0.5943068861961365}, ""C-D"": {""dG_dSASA_ratio"": -2.6096842288970947, ""dG_separated"": -26.72886085510254, ""dSASA_int"": 1024.2181396484375, ""delta_unsatHbonds"": 0.0, ""hbonds_int"": 5.0, ""nres_int"": 49.0, ""packstat"": 0.5259573459625244, ""sc_value"": 0.6838032007217407}}"
ova_body_c4_13_ms25_r03	AF3	129	7129	0	0	A-C,A-D,B-C,B-D,C-D	5	2	1	"{""A-B"": 19, ""A-C"": 61, ""A-D"": 36, ""B-C"": 32, ""B-D"": 68, ""C-D"": 21}"	A-D,B-C	A-B,A-C,B-D,C-D	0.22502312562127055	0.6304147243499756	0.0	-3.055117130279541	5.422572184848019	0.5461505651473999	0.0	-2.0023696422576904	6.252821765193262	"{""A-B"": {""dG_dSASA_ratio"": -2.0487442016601562, ""dG_separated"": -19.25691032409668, ""dSASA_int"": 939.937255859375, ""delta_unsatHbonds"": 0.0, ""hbonds_int"": 3.0, ""nres_int"": 44.0, ""packstat"": 0.639441728591919, ""sc_value"": 0.5556403994560242}, ""A-C"": {""dG_dSASA_ratio"": -2.9144999980926514, ""dG_separated"": -46.610958099365234, ""dSASA_int"": 1599.2779541015625, ""delta_unsatHbonds"": 10.0, ""hbonds_int"": 3.0, ""nres_int"": 72.0, ""packstat"": 0.6208155751228333, ""sc_value"": 0.6325556635856628}, ""A-D"": {""dG_dSASA_ratio"": -3.0584349632263184, ""dG_separated"": -34.070892333984375, ""dSASA_int"": 1113.99755859375, ""delta_unsatHbonds"": 2.0, ""hbonds_int"": 0.0, ""nres_int"": 40.0, ""packstat"": 0.5480355024337769, ""sc_value"": 0.7933505177497864}, ""B-C"": {""dG_dSASA_ratio"": -3.055117130279541, ""dG_separated"": -33.804443359375, ""dSASA_int"": 1106.4859619140625, ""delta_unsatHbonds"": 6.0, ""hbonds_int"": 0.0, ""nres_int"": 40.0, ""packstat"": 0.5581404566764832, ""sc_value"": 0.6304147243499756}, ""B-D"": {""dG_dSASA_ratio"": -3.0033836364746094, ""dG_separated"": -50.47042465209961, ""dSASA_int"": 1680.4521484375, ""delta_unsatHbonds"": 10.0, ""hbonds_int"": 4.0, ""nres_int"": 76.0, ""packstat"": 0.5455350875854492, ""sc_value"": 0.6434475183486938}, ""C-D"": {""dG_dSASA_ratio"": -2.0023696422576904, ""dG_separated"": -19.049711227416992, ""dSASA_int"": 951.3582763671875, ""delta_unsatHbonds"": 0.0, ""hbonds_int"": 3.0, ""nres_int"": 45.0, ""packstat"": 0.5210675001144409, ""sc_value"": 0.5461505651473999}}"
ova_body_c4_13_ms25_r03	AF3	130	7130	0	0	A-B,A-C,A-D,B-C,B-D,C-D	6	3	1	"{""A-B"": 25, ""A-C"": 65, ""A-D"": 36, ""B-C"": 37, ""B-D"": 54, ""C-D"": 25}"	A-D,B-C	A-B,A-C,B-D,C-D	0.23143125848285556	0.7777838110923767	0.0	-3.0390541553497314	1.8193403070270022	0.6123448610305786	0.0	-2.6144354343414307	6.292202768692113	"{""A-B"": {""dG_dSASA_ratio"": -2.6144354343414307, ""dG_separated"": -25.33519172668457, ""dSASA_int"": 969.0501708984375, ""delta_unsatHbonds"": 0.0, ""hbonds_int"": 4.0, ""nres_int"": 46.0, ""packstat"": 0.546777069568634, ""sc_value"": 0.6885205507278442}, ""A-C"": {""dG_dSASA_ratio"": -3.1419382095336914, ""dG_separated"": -49.933837890625, ""dSASA_int"": 1589.2685546875, ""delta_unsatHbonds"": 10.0, ""hbonds_int"": 4.0, ""nres_int"": 75.0, ""packstat"": 0.5822442770004272, ""sc_value"": 0.638381838798523}, ""A-D"": {""dG_dSASA_ratio"": -3.1183369159698486, ""dG_separated"": -33.23332595825195, ""dSASA_int"": 1065.73876953125, ""delta_unsatHbonds"": 0.0, ""hbonds_int"": 0.0, ""nres_int"": 40.0, ""packstat"": 0.6250135898590088, ""sc_value"": 0.7777838110923767}, ""B-C"": {""dG_dSASA_ratio"": -3.0390541553497314, ""dG_separated"": -33.40830993652344, ""dSASA_int"": 1099.299560546875, ""delta_unsatHbonds"": 2.0, ""hbonds_int"": 0.0, ""nres_int"": 40.0, ""packstat"": 0.4431951940059662, ""sc_value"": 0.7921202778816223}, ""B-D"": {""dG_dSASA_ratio"": -2.776886463165283, ""dG_separated"": -43.36872482299805, ""dSASA_int"": 1561.7752685546875, ""delta_unsatHbonds"": 7.0, ""hbonds_int"": 3.0, ""nres_int"": 72.0, ""packstat"": 0.5812726616859436, ""sc_value"": 0.6123448610305786}, ""C-D"": {""dG_dSASA_ratio"": -2.640542507171631, ""dG_separated"": -26.88678550720215, ""dSASA_int"": 1018.2296142578125, ""delta_unsatHbonds"": 2.0, ""hbonds_int"": 4.0, ""nres_int"": 48.0, ""packstat"": 0.5624492764472961, ""sc_value"": 0.6944863200187683}}"
ova_body_c4_13_ms25_r03	AF3	131	7131	0	0	A-B,A-C,A-D,B-C,B-D,C-D	6	3	1	"{""A-B"": 22, ""A-C"": 69, ""A-D"": 35, ""B-C"": 34, ""B-D"": 65, ""C-D"": 22}"	A-D,B-C	A-B,A-C,B-D,C-D	0.22604633787444936	0.6277275085449219	0.0	-3.0331695079803467	3.4815192505128834	0.6214122772216797	0.0	-2.4569458961486816	9.672631401913879	"{""A-B"": {""dG_dSASA_ratio"": -2.5486080646514893, ""dG_separated"": -25.02672576904297, ""dSASA_int"": 981.9761962890625, ""delta_unsatHbonds"": 0.0, ""hbonds_int"": 4.0, ""nres_int"": 46.0, ""packstat"": 0.6344366669654846, ""sc_value"": 0.7023603916168213}, ""A-C"": {""dG_dSASA_ratio"": -3.043863296508789, ""dG_separated"": -50.350120544433594, ""dSASA_int"": 1654.1517333984375, ""delta_unsatHbonds"": 16.0, ""hbonds_int"": 5.0, ""nres_int"": 74.0, ""packstat"": 0.606805145740509, ""sc_value"": 0.6259744763374329}, ""A-D"": {""dG_dSASA_ratio"": -3.0331695079803467, ""dG_separated"": -35.804176330566406, ""dSASA_int"": 1180.421142578125, ""delta_unsatHbonds"": 3.0, ""hbonds_int"": 0.0, ""nres_int"": 40.0, ""packstat"": 0.6112516522407532, ""sc_value"": 0.6277275085449219}, ""B-C"": {""dG_dSASA_ratio"": -3.085339307785034, ""dG_separated"": -35.44819641113281, ""dSASA_int"": 1148.9237060546875, ""delta_unsatHbonds"": 4.0, ""hbonds_int"": 0.0, ""nres_int"": 40.0, ""packstat"": 0.45040780305862427, ""sc_value"": 0.7038025856018066}, ""B-D"": {""dG_dSASA_ratio"": -2.7119593620300293, ""dG_separated"": -45.78818893432617, ""dSASA_int"": 1688.3802490234375, ""delta_unsatHbonds"": 13.0, ""hbonds_int"": 3.0, ""nres_int"": 73.0, ""packstat"": 0.5566351413726807, ""sc_value"": 0.6214122772216797}, ""C-D"": {""dG_dSASA_ratio"": -2.4569458961486816, ""dG_separated"": -23.22441864013672, ""dSASA_int"": 945.2555541992188, ""delta_unsatHbonds"": 0.0, ""hbonds_int"": 3.0, ""nres_int"": 47.0, ""packstat"": 0.5362049341201782, ""sc_value"": 0.691389262676239}}"
ova_body_c4_13_ms25_r03	AF3	132	7132	0	0	A-B,A-C,A-D,B-C,B-D,C-D	6	3	1	"{""A-B"": 25, ""A-C"": 62, ""A-D"": 36, ""B-C"": 38, ""B-D"": 58, ""C-D"": 26}"	A-D,B-C	A-B,A-C,B-D,C-D	0.2352176131470269	0.7708629369735718	0.0	-2.5983164310455322	6.339731512193569	0.598899245262146	0.0	-2.5331714153289795	6.339731512193569	"{""A-B"": {""dG_dSASA_ratio"": -2.5331714153289795, ""dG_separated"": -24.9173526763916, ""dSASA_int"": 983.6426391601562, ""delta_unsatHbonds"": 0.0, ""hbonds_int"": 4.0, ""nres_int"": 46.0, ""packstat"": 0.5848700404167175, ""sc_value"": 0.687045693397522}, ""A-C"": {""dG_dSASA_ratio"": -2.9220948219299316, ""dG_separated"": -46.6568717956543, ""dSASA_int"": 1596.692626953125, ""delta_unsatHbonds"": 7.0, ""hbonds_int"": 4.0, ""nres_int"": 74.0, ""packstat"": 0.5408722758293152, ""sc_value"": 0.6239358186721802}, ""A-D"": {""dG_dSASA_ratio"": -2.5983164310455322, ""dG_separated"": -28.68924903869629, ""dSASA_int"": 1104.147705078125, ""delta_unsatHbonds"": 7.0, ""hbonds_int"": 0.0, ""nres_int"": 37.0, ""packstat"": 0.6321728825569153, ""sc_value"": 0.7708629369735718}, ""B-C"": {""dG_dSASA_ratio"": -3.0307388305664062, ""dG_separated"": -34.13310623168945, ""dSASA_int"": 1126.2305908203125, ""delta_unsatHbonds"": 2.0, ""hbonds_int"": 0.0, ""nres_int"": 40.0, ""packstat"": 0.4915391206741333, ""sc_value"": 0.801936149597168}, ""B-D"": {""dG_dSASA_ratio"": -2.670985460281372, ""dG_separated"": -43.19214630126953, ""dSASA_int"": 1617.08642578125, ""delta_unsatHbonds"": 6.0, ""hbonds_int"": 3.0, ""nres_int"": 71.0, ""packstat"": 0.6480787396430969, ""sc_value"": 0.598899245262146}, ""C-D"": {""dG_dSASA_ratio"": -2.6040456295013428, ""dG_separated"": -25.477170944213867, ""dSASA_int"": 978.3688354492188, ""delta_unsatHbonds"": 0.0, ""hbonds_int"": 5.0, ""nres_int"": 47.0, ""packstat"": 0.5607981085777283, ""sc_value"": 0.6903698444366455}}"
ova_body_c4_13_ms25_r03	AF3	133	7133	0	0	A-B,A-C,A-D,B-C,B-D,C-D	6	3	1	"{""A-B"": 24, ""A-C"": 60, ""A-D"": 37, ""B-C"": 35, ""B-D"": 61, ""C-D"": 22}"	A-D,B-C	A-B,A-C,B-D,C-D	0.21357440264840125	0.7803114652633667	0.0	-2.7011637687683105	3.4503832612608134	0.5102987289428711	0.0	-2.177398443222046	6.114040133389368	"{""A-B"": {""dG_dSASA_ratio"": -2.6627309322357178, ""dG_separated"": -25.524612426757812, ""dSASA_int"": 958.5877685546875, ""delta_unsatHbonds"": 0.0, ""hbonds_int"": 4.0, ""nres_int"": 46.0, ""packstat"": 0.6034974455833435, ""sc_value"": 0.6850006580352783}, ""A-C"": {""dG_dSASA_ratio"": -2.86574387550354, ""dG_separated"": -46.569698333740234, ""dSASA_int"": 1625.0474853515625, ""delta_unsatHbonds"": 6.0, ""hbonds_int"": 3.0, ""nres_int"": 73.0, ""packstat"": 0.5688402652740479, ""sc_value"": 0.636621356010437}, ""A-D"": {""dG_dSASA_ratio"": -2.7011637687683105, ""dG_separated"": -31.314363479614258, ""dSASA_int"": 1159.29150390625, ""delta_unsatHbonds"": 4.0, ""hbonds_int"": 0.0, ""nres_int"": 40.0, ""packstat"": 0.5447929501533508, ""sc_value"": 0.8057639598846436}, ""B-C"": {""dG_dSASA_ratio"": -3.492109775543213, ""dG_separated"": -37.25043487548828, ""dSASA_int"": 1066.702880859375, ""delta_unsatHbonds"": 2.0, ""hbonds_int"": 0.0, ""nres_int"": 40.0, ""packstat"": 0.5777338743209839, ""sc_value"": 0.7803114652633667}, ""B-D"": {""dG_dSASA_ratio"": -2.92968487739563, ""dG_separated"": -47.91733169555664, ""dSASA_int"": 1635.5797119140625, ""delta_unsatHbonds"": 10.0, ""hbonds_int"": 4.0, ""nres_int"": 72.0, ""packstat"": 0.602314829826355, ""sc_value"": 0.6519609689712524}, ""C-D"": {""dG_dSASA_ratio"": -2.177398443222046, ""dG_separated"": -21.156558990478516, ""dSASA_int"": 971.6438598632812, ""delta_unsatHbonds"": 0.0, ""hbonds_int"": 4.0, ""nres_int"": 47.0, ""packstat"": 0.5808279514312744, ""sc_value"": 0.5102987289428711}}"
ova_body_c4_13_ms25_r03	AF3	134	7134	0	0	A-B,A-C,A-D,B-C,B-D,C-D	6	3	1	"{""A-B"": 23, ""A-C"": 64, ""A-D"": 35, ""B-C"": 37, ""B-D"": 65, ""C-D"": 22}"	A-D,B-C	A-B,A-C,B-D,C-D	0.22413884430888628	0.7598889470100403	0.0	-3.110016107559204	3.4082507793586148	0.6068533062934875	0.0	-2.4010584354400635	6.2189975343405655	"{""A-B"": {""dG_dSASA_ratio"": -2.4010584354400635, ""dG_separated"": -22.195594787597656, ""dSASA_int"": 924.4087524414062, ""delta_unsatHbonds"": 0.0, ""hbonds_int"": 3.0, ""nres_int"": 45.0, ""packstat"": 0.5821955800056458, ""sc_value"": 0.7140405774116516}, ""A-C"": {""dG_dSASA_ratio"": -3.016692876815796, ""dG_separated"": -48.5077018737793, ""dSASA_int"": 1607.9761962890625, ""delta_unsatHbonds"": 10.0, ""hbonds_int"": 4.0, ""nres_int"": 74.0, ""packstat"": 0.5883548855781555, ""sc_value"": 0.6239213943481445}, ""A-D"": {""dG_dSASA_ratio"": -3.264394998550415, ""dG_separated"": -38.311676025390625, ""dSASA_int"": 1173.62255859375, ""delta_unsatHbonds"": 4.0, ""hbonds_int"": 0.0, ""nres_int"": 40.0, ""packstat"": 0.6104991436004639, ""sc_value"": 0.7598889470100403}, ""B-C"": {""dG_dSASA_ratio"": -3.110016107559204, ""dG_separated"": -34.971675872802734, ""dSASA_int"": 1124.4853515625, ""delta_unsatHbonds"": 2.0, ""hbonds_int"": 0.0, ""nres_int"": 40.0, ""packstat"": 0.4408547580242157, ""sc_value"": 0.8042681217193604}, ""B-D"": {""dG_dSASA_ratio"": -2.8468828201293945, ""dG_separated"": -48.255123138427734, ""dSASA_int"": 1695.01611328125, ""delta_unsatHbonds"": 8.0, ""hbonds_int"": 4.0, ""nres_int"": 72.0, ""packstat"": 0.6210809350013733, ""sc_value"": 0.6068533062934875}, ""C-D"": {""dG_dSASA_ratio"": -2.686824321746826, ""dG_separated"": -27.260093688964844, ""dSASA_int"": 1014.5841674804688, ""delta_unsatHbonds"": 0.0, ""hbonds_int"": 5.0, ""nres_int"": 48.0, ""packstat"": 0.5989086031913757, ""sc_value"": 0.6765549182891846}}"
ova_body_c4_13_ms25_r03	AF3	135	7135	0	0	A-B,A-C,A-D,B-C,B-D,C-D	6	3	1	"{""A-B"": 23, ""A-C"": 59, ""A-D"": 35, ""B-C"": 37, ""B-D"": 63, ""C-D"": 25}"	A-D,B-C	A-B,A-C,B-D,C-D	0.22481581544600412	0.7799409627914429	0.0	-3.010941505432129	3.6400294374939253	0.6150844097137451	0.0	-2.403135061264038	4.491163347896616	"{""A-B"": {""dG_dSASA_ratio"": -2.403135061264038, ""dG_separated"": -23.617799758911133, ""dSASA_int"": 982.791259765625, ""delta_unsatHbonds"": 1.0, ""hbonds_int"": 4.0, ""nres_int"": 45.0, ""packstat"": 0.5912545323371887, ""sc_value"": 0.6829524040222168}, ""A-C"": {""dG_dSASA_ratio"": -2.8746368885040283, ""dG_separated"": -44.8045539855957, ""dSASA_int"": 1558.6162109375, ""delta_unsatHbonds"": 7.0, ""hbonds_int"": 3.0, ""nres_int"": 69.0, ""packstat"": 0.6122892498970032, ""sc_value"": 0.6150844097137451}, ""A-D"": {""dG_dSASA_ratio"": -3.010941505432129, ""dG_separated"": -33.08700180053711, ""dSASA_int"": 1098.8922119140625, ""delta_unsatHbonds"": 4.0, ""hbonds_int"": 0.0, ""nres_int"": 40.0, ""packstat"": 0.507184624671936, ""sc_value"": 0.7799409627914429}, ""B-C"": {""dG_dSASA_ratio"": -3.0128493309020996, ""dG_separated"": -35.57511520385742, ""dSASA_int"": 1180.7796630859375, ""delta_unsatHbonds"": 2.0, ""hbonds_int"": 0.0, ""nres_int"": 40.0, ""packstat"": 0.5338619947433472, ""sc_value"": 0.8130484223365784}, ""B-D"": {""dG_dSASA_ratio"": -2.904054880142212, ""dG_separated"": -47.83653259277344, ""dSASA_int"": 1647.232421875, ""delta_unsatHbonds"": 7.0, ""hbonds_int"": 4.0, ""nres_int"": 73.0, ""packstat"": 0.5476203560829163, ""sc_value"": 0.6423768997192383}, ""C-D"": {""dG_dSASA_ratio"": -2.5923023223876953, ""dG_separated"": -26.58245277404785, ""dSASA_int"": 1025.43798828125, ""delta_unsatHbonds"": 2.0, ""hbonds_int"": 4.0, ""nres_int"": 48.0, ""packstat"": 0.5915431380271912, ""sc_value"": 0.6875687837600708}}"
ova_body_c4_13_ms25_r03	AF3	136	7136	0	0	A-B,A-C,A-D,B-C,B-D,C-D	6	3	1	"{""A-B"": 24, ""A-C"": 60, ""A-D"": 38, ""B-C"": 35, ""B-D"": 61, ""C-D"": 26}"	A-D,B-C	A-B,A-C,B-D,C-D	0.21742071243468888	0.8173893690109253	0.0	-2.6771669387817383	3.505059649016967	0.6234130859375	0.0	-2.663517951965332	5.509675223746485	"{""A-B"": {""dG_dSASA_ratio"": -2.663517951965332, ""dG_separated"": -25.405548095703125, ""dSASA_int"": 953.8343505859375, ""delta_unsatHbonds"": 0.0, ""hbonds_int"": 4.0, ""nres_int"": 46.0, ""packstat"": 0.6365375518798828, ""sc_value"": 0.6809859275817871}, ""A-C"": {""dG_dSASA_ratio"": -2.798008441925049, ""dG_separated"": -44.39887237548828, ""dSASA_int"": 1586.8026123046875, ""delta_unsatHbonds"": 7.0, ""hbonds_int"": 4.0, ""nres_int"": 69.0, ""packstat"": 0.6185120940208435, ""sc_value"": 0.6234130859375}, ""A-D"": {""dG_dSASA_ratio"": -2.6771669387817383, ""dG_separated"": -30.55202865600586, ""dSASA_int"": 1141.2073974609375, ""delta_unsatHbonds"": 4.0, ""hbonds_int"": 0.0, ""nres_int"": 40.0, ""packstat"": 0.5965129733085632, ""sc_value"": 0.8173893690109253}, ""B-C"": {""dG_dSASA_ratio"": -2.9950144290924072, ""dG_separated"": -32.675289154052734, ""dSASA_int"": 1090.9893798828125, ""delta_unsatHbonds"": 2.0, ""hbonds_int"": 0.0, ""nres_int"": 40.0, ""packstat"": 0.5560699105262756, ""sc_value"": 0.8315160870552063}, ""B-D"": {""dG_dSASA_ratio"": -2.831906795501709, ""dG_separated"": -46.25891876220703, ""dSASA_int"": 1633.4901123046875, ""delta_unsatHbonds"": 9.0, ""hbonds_int"": 4.0, ""nres_int"": 72.0, ""packstat"": 0.5410152673721313, ""sc_value"": 0.6263918876647949}, ""C-D"": {""dG_dSASA_ratio"": -2.78764271736145, ""dG_separated"": -27.35763931274414, ""dSASA_int"": 981.3897705078125, ""delta_unsatHbonds"": 2.0, ""hbonds_int"": 5.0, ""nres_int"": 47.0, ""packstat"": 0.63065105676651, ""sc_value"": 0.6789126396179199}}"
ova_body_c4_13_ms25_r03	AF3	137	7137	0	0	A-B,A-C,A-D,B-C,B-D,C-D	6	3	1	"{""A-B"": 22, ""A-C"": 63, ""A-D"": 32, ""B-C"": 37, ""B-D"": 59, ""C-D"": 21}"	A-D,B-C	A-B,A-C,B-D,C-D	0.22619755734117888	0.7706195116043091	0.0	-2.8202807903289795	2.7686245086806784	0.6024693846702576	0.0	-2.076612710952759	5.593371708864274	"{""A-B"": {""dG_dSASA_ratio"": -2.3290181159973145, ""dG_separated"": -24.192487716674805, ""dSASA_int"": 1038.741943359375, ""delta_unsatHbonds"": 0.0, ""hbonds_int"": 4.0, ""nres_int"": 46.0, ""packstat"": 0.6468617916107178, ""sc_value"": 0.6472097635269165}, ""A-C"": {""dG_dSASA_ratio"": -2.995741367340088, ""dG_separated"": -48.20289611816406, ""dSASA_int"": 1609.04736328125, ""delta_unsatHbonds"": 9.0, ""hbonds_int"": 4.0, ""nres_int"": 72.0, ""packstat"": 0.5987205505371094, ""sc_value"": 0.6484111547470093}, ""A-D"": {""dG_dSASA_ratio"": -3.4878644943237305, ""dG_separated"": -37.79347229003906, ""dSASA_int"": 1083.570556640625, ""delta_unsatHbonds"": 3.0, ""hbonds_int"": 1.0, ""nres_int"": 40.0, ""packstat"": 0.5014315843582153, ""sc_value"": 0.7706195116043091}, ""B-C"": {""dG_dSASA_ratio"": -2.8202807903289795, ""dG_separated"": -31.857147216796875, ""dSASA_int"": 1129.5736083984375, ""delta_unsatHbonds"": 2.0, ""hbonds_int"": 0.0, ""nres_int"": 40.0, ""packstat"": 0.5041106939315796, ""sc_value"": 0.7931581139564514}, ""B-D"": {""dG_dSASA_ratio"": -2.9860262870788574, ""dG_separated"": -48.22005844116211, ""dSASA_int"": 1614.857177734375, ""delta_unsatHbonds"": 4.0, ""hbonds_int"": 6.0, ""nres_int"": 72.0, ""packstat"": 0.5841406583786011, ""sc_value"": 0.6024693846702576}, ""C-D"": {""dG_dSASA_ratio"": -2.076612710952759, ""dG_separated"": -19.228302001953125, ""dSASA_int"": 925.9454956054688, ""delta_unsatHbonds"": 0.0, ""hbonds_int"": 3.0, ""nres_int"": 47.0, ""packstat"": 0.543768048286438, ""sc_value"": 0.6596541404724121}}"
ova_body_c4_13_ms25_r03	AF3	138	7138	0	0	A-B,A-C,A-D,B-C,B-D,C-D	6	3	1	"{""A-B"": 25, ""A-C"": 61, ""A-D"": 35, ""B-C"": 38, ""B-D"": 61, ""C-D"": 26}"	A-D,B-C	A-B,A-C,B-D,C-D	0.22789394142444064	0.7656779289245605	0.0	-2.8129372596740723	1.794437069845484	0.6380255222320557	0.0	-2.570197582244873	6.215445929414021	"{""A-B"": {""dG_dSASA_ratio"": -2.6193032264709473, ""dG_separated"": -25.574562072753906, ""dSASA_int"": 976.3880004882812, ""delta_unsatHbonds"": 0.0, ""hbonds_int"": 5.0, ""nres_int"": 46.0, ""packstat"": 0.5396990776062012, ""sc_value"": 0.6800509691238403}, ""A-C"": {""dG_dSASA_ratio"": -2.8542258739471436, ""dG_separated"": -45.9214973449707, ""dSASA_int"": 1608.89501953125, ""delta_unsatHbonds"": 10.0, ""hbonds_int"": 3.0, ""nres_int"": 74.0, ""packstat"": 0.5713595151901245, ""sc_value"": 0.6586230993270874}, ""A-D"": {""dG_dSASA_ratio"": -3.400191068649292, ""dG_separated"": -37.89702224731445, ""dSASA_int"": 1114.5556640625, ""delta_unsatHbonds"": 2.0, ""hbonds_int"": 0.0, ""nres_int"": 39.0, ""packstat"": 0.5588305592536926, ""sc_value"": 0.7656779289245605}, ""B-C"": {""dG_dSASA_ratio"": -2.8129372596740723, ""dG_separated"": -32.10622024536133, ""dSASA_int"": 1141.3770751953125, ""delta_unsatHbonds"": 0.0, ""hbonds_int"": 0.0, ""nres_int"": 40.0, ""packstat"": 0.5564714670181274, ""sc_value"": 0.8150551319122314}, ""B-D"": {""dG_dSASA_ratio"": -2.9252126216888428, ""dG_separated"": -46.54317855834961, ""dSASA_int"": 1591.1041259765625, ""delta_unsatHbonds"": 8.0, ""hbonds_int"": 4.0, ""nres_int"": 71.0, ""packstat"": 0.6147679686546326, ""sc_value"": 0.6380255222320557}, ""C-D"": {""dG_dSASA_ratio"": -2.570197582244873, ""dG_separated"": -25.940078735351562, ""dSASA_int"": 1009.2640380859375, ""delta_unsatHbonds"": 0.0, ""hbonds_int"": 4.0, ""nres_int"": 48.0, ""packstat"": 0.6569029688835144, ""sc_value"": 0.6851059198379517}}"
ova_body_c4_13_ms25_r03	AF3	139	7139	0	0	A-B,A-C,A-D,B-C,B-D,C-D	6	3	1	"{""A-B"": 23, ""A-C"": 62, ""A-D"": 34, ""B-C"": 35, ""B-D"": 58, ""C-D"": 24}"	A-D,B-C	A-B,A-C,B-D,C-D	0.23114071576412928	0.6682527661323547	0.0	-3.0067150592803955	4.988137038591996	0.6088008880615234	0.0	-2.5475878715515137	6.270248474669444	"{""A-B"": {""dG_dSASA_ratio"": -2.5799314975738525, ""dG_separated"": -24.952178955078125, ""dSASA_int"": 967.1643676757812, ""delta_unsatHbonds"": 1.0, ""hbonds_int"": 4.0, ""nres_int"": 46.0, ""packstat"": 0.579340934753418, ""sc_value"": 0.6994777321815491}, ""A-C"": {""dG_dSASA_ratio"": -2.8972392082214355, ""dG_separated"": -46.20613098144531, ""dSASA_int"": 1594.8331298828125, ""delta_unsatHbonds"": 10.0, ""hbonds_int"": 4.0, ""nres_int"": 73.0, ""packstat"": 0.5601526498794556, ""sc_value"": 0.6392534375190735}, ""A-D"": {""dG_dSASA_ratio"": -3.0067150592803955, ""dG_separated"": -36.16638946533203, ""dSASA_int"": 1202.8538818359375, ""delta_unsatHbonds"": 6.0, ""hbonds_int"": 0.0, ""nres_int"": 40.0, ""packstat"": 0.5785025954246521, ""sc_value"": 0.6682527661323547}, ""B-C"": {""dG_dSASA_ratio"": -3.0211329460144043, ""dG_separated"": -32.75987243652344, ""dSASA_int"": 1084.357177734375, ""delta_unsatHbonds"": 2.0, ""hbonds_int"": 0.0, ""nres_int"": 40.0, ""packstat"": 0.5086157321929932, ""sc_value"": 0.786333441734314}, ""B-D"": {""dG_dSASA_ratio"": -2.8617749214172363, ""dG_separated"": -45.62095260620117, ""dSASA_int"": 1594.14892578125, ""delta_unsatHbonds"": 9.0, ""hbonds_int"": 4.0, ""nres_int"": 73.0, ""packstat"": 0.6176907420158386, ""sc_value"": 0.6088008880615234}, ""C-D"": {""dG_dSASA_ratio"": -2.5475878715515137, ""dG_separated"": -26.267385482788086, ""dSASA_int"": 1031.0689697265625, ""delta_unsatHbonds"": 2.0, ""hbonds_int"": 4.0, ""nres_int"": 47.0, ""packstat"": 0.533216655254364, ""sc_value"": 0.7056481838226318}}"
ova_body_c4_13_ms25_r03	AF3	140	7140	0	0	A-B,A-C,A-D,B-C,B-D,C-D	6	3	1	"{""A-B"": 20, ""A-C"": 66, ""A-D"": 34, ""B-C"": 32, ""B-D"": 66, ""C-D"": 25}"	A-D,B-C	A-B,A-C,B-D,C-D	0.2274179882717773	0.6391041874885559	0.0	-2.2775278091430664	5.361779973066742	0.5514925718307495	0.0	-2.08235239982605	6.263576849508009	"{""A-B"": {""dG_dSASA_ratio"": -2.08235239982605, ""dG_separated"": -19.263254165649414, ""dSASA_int"": 925.07177734375, ""delta_unsatHbonds"": 2.0, ""hbonds_int"": 3.0, ""nres_int"": 44.0, ""packstat"": 0.5700306296348572, ""sc_value"": 0.5514925718307495}, ""A-C"": {""dG_dSASA_ratio"": -3.115748643875122, ""dG_separated"": -49.74391555786133, ""dSASA_int"": 1596.5318603515625, ""delta_unsatHbonds"": 10.0, ""hbonds_int"": 4.0, ""nres_int"": 75.0, ""packstat"": 0.6496327519416809, ""sc_value"": 0.647079586982727}, ""A-D"": {""dG_dSASA_ratio"": -2.2775278091430664, ""dG_separated"": -25.486248016357422, ""dSASA_int"": 1119.0313720703125, ""delta_unsatHbonds"": 6.0, ""hbonds_int"": 0.0, ""nres_int"": 36.0, ""packstat"": 0.4973924458026886, ""sc_value"": 0.7182494401931763}, ""B-C"": {""dG_dSASA_ratio"": -3.2202236652374268, ""dG_separated"": -36.26958465576172, ""dSASA_int"": 1126.306396484375, ""delta_unsatHbonds"": 5.0, ""hbonds_int"": 0.0, ""nres_int"": 40.0, ""packstat"": 0.5238224864006042, ""sc_value"": 0.6391041874885559}, ""B-D"": {""dG_dSASA_ratio"": -2.8289060592651367, ""dG_separated"": -48.017574310302734, ""dSASA_int"": 1697.39013671875, ""delta_unsatHbonds"": 8.0, ""hbonds_int"": 5.0, ""nres_int"": 72.0, ""packstat"": 0.5973230600357056, ""sc_value"": 0.6205116510391235}, ""C-D"": {""dG_dSASA_ratio"": -2.585660934448242, ""dG_separated"": -26.18810272216797, ""dSASA_int"": 1012.8204345703125, ""delta_unsatHbonds"": 0.0, ""hbonds_int"": 4.0, ""nres_int"": 48.0, ""packstat"": 0.5689387917518616, ""sc_value"": 0.695999026298523}}"
ova_body_c4_13_ms25_r03	AF3	141	7141	0	0	A-B,A-C,A-D,B-C,B-D,C-D	6	3	1	"{""A-B"": 24, ""A-C"": 67, ""A-D"": 37, ""B-C"": 34, ""B-D"": 60, ""C-D"": 26}"	A-D,B-C	A-B,A-C,B-D,C-D	0.22666149147159845	0.6687201261520386	0.0	-1.91428542137146	5.493952148114947	0.6255561709403992	0.0	-1.91428542137146	5.504821422571649	"{""A-B"": {""dG_dSASA_ratio"": -2.839550256729126, ""dG_separated"": -27.004314422607422, ""dSASA_int"": 951.0067749023438, ""delta_unsatHbonds"": 2.0, ""hbonds_int"": 4.0, ""nres_int"": 44.0, ""packstat"": 0.5328866839408875, ""sc_value"": 0.693549633026123}, ""A-C"": {""dG_dSASA_ratio"": -3.0119545459747314, ""dG_separated"": -49.24335861206055, ""dSASA_int"": 1634.930419921875, ""delta_unsatHbonds"": 9.0, ""hbonds_int"": 4.0, ""nres_int"": 75.0, ""packstat"": 0.6539715528488159, ""sc_value"": 0.6530523300170898}, ""A-D"": {""dG_dSASA_ratio"": -3.0629351139068604, ""dG_separated"": -33.68334197998047, ""dSASA_int"": 1099.7078857421875, ""delta_unsatHbonds"": 2.0, ""hbonds_int"": 0.0, ""nres_int"": 40.0, ""packstat"": 0.5772470831871033, ""sc_value"": 0.7679769992828369}, ""B-C"": {""dG_dSASA_ratio"": -1.91428542137146, ""dG_separated"": -20.906103134155273, ""dSASA_int"": 1092.1099853515625, ""delta_unsatHbonds"": 6.0, ""hbonds_int"": 0.0, ""nres_int"": 40.0, ""packstat"": 0.4637462794780731, ""sc_value"": 0.6687201261520386}, ""B-D"": {""dG_dSASA_ratio"": -2.9777004718780518, ""dG_separated"": -47.81129455566406, ""dSASA_int"": 1605.6448974609375, ""delta_unsatHbonds"": 5.0, ""hbonds_int"": 4.0, ""nres_int"": 74.0, ""packstat"": 0.5307188034057617, ""sc_value"": 0.6255561709403992}, ""C-D"": {""dG_dSASA_ratio"": -2.7519991397857666, ""dG_separated"": -26.988323211669922, ""dSASA_int"": 980.6806640625, ""delta_unsatHbonds"": 2.0, ""hbonds_int"": 5.0, ""nres_int"": 48.0, ""packstat"": 0.5955035090446472, ""sc_value"": 0.6826888918876648}}"
ova_body_c4_13_ms25_r03	AF3	142	7142	0	0	A-B,A-C,A-D,B-C,B-D,C-D	6	3	1	"{""A-B"": 22, ""A-C"": 59, ""A-D"": 34, ""B-C"": 29, ""B-D"": 63, ""C-D"": 27}"	A-D,B-C	A-B,A-C,B-D,C-D	0.22131216990222022	0.7056885957717896	0.0	-3.17976450920105	4.629213660927052	0.6377379894256592	0.0	-2.1142776012420654	9.514692742252016	"{""A-B"": {""dG_dSASA_ratio"": -2.1142776012420654, ""dG_separated"": -19.555824279785156, ""dSASA_int"": 924.9412231445312, ""delta_unsatHbonds"": 1.0, ""hbonds_int"": 3.0, ""nres_int"": 46.0, ""packstat"": 0.5859937071800232, ""sc_value"": 0.7040579319000244}, ""A-C"": {""dG_dSASA_ratio"": -2.942758321762085, ""dG_separated"": -46.965667724609375, ""dSASA_int"": 1595.974365234375, ""delta_unsatHbonds"": 10.0, ""hbonds_int"": 3.0, ""nres_int"": 72.0, ""packstat"": 0.5737000703811646, ""sc_value"": 0.6377379894256592}, ""A-D"": {""dG_dSASA_ratio"": -3.4133589267730713, ""dG_separated"": -36.86758804321289, ""dSASA_int"": 1080.0970458984375, ""delta_unsatHbonds"": 5.0, ""hbonds_int"": 0.0, ""nres_int"": 40.0, ""packstat"": 0.5778300762176514, ""sc_value"": 0.7537167072296143}, ""B-C"": {""dG_dSASA_ratio"": -3.17976450920105, ""dG_separated"": -36.084869384765625, ""dSASA_int"": 1134.828369140625, ""delta_unsatHbonds"": 2.0, ""hbonds_int"": 0.0, ""nres_int"": 40.0, ""packstat"": 0.5654889941215515, ""sc_value"": 0.7056885957717896}, ""B-D"": {""dG_dSASA_ratio"": -2.7832019329071045, ""dG_separated"": -46.80259704589844, ""dSASA_int"": 1681.6097412109375, ""delta_unsatHbonds"": 16.0, ""hbonds_int"": 4.0, ""nres_int"": 74.0, ""packstat"": 0.5688705444335938, ""sc_value"": 0.6395142078399658}, ""C-D"": {""dG_dSASA_ratio"": -2.6273419857025146, ""dG_separated"": -26.730867385864258, ""dSASA_int"": 1017.4110107421875, ""delta_unsatHbonds"": 0.0, ""hbonds_int"": 5.0, ""nres_int"": 48.0, ""packstat"": 0.514396071434021, ""sc_value"": 0.6809824705123901}}"
ova_body_c4_13_ms25_r03	AF3	143	7143	0	0	A-B,A-C,A-D,B-C,B-D,C-D	6	3	1	"{""A-B"": 25, ""A-C"": 58, ""A-D"": 35, ""B-C"": 33, ""B-D"": 56, ""C-D"": 25}"	A-D,B-C	A-B,A-C,B-D,C-D	0.23361607114377722	0.7432830333709717	0.0	-2.4760656356811523	5.711448449216018	0.603902280330658	0.0	-2.4760656356811523	5.711448449216018	"{""A-B"": {""dG_dSASA_ratio"": -2.6224074363708496, ""dG_separated"": -25.285343170166016, ""dSASA_int"": 964.2034912109375, ""delta_unsatHbonds"": 0.0, ""hbonds_int"": 4.0, ""nres_int"": 46.0, ""packstat"": 0.6285064220428467, ""sc_value"": 0.6976875066757202}, ""A-C"": {""dG_dSASA_ratio"": -2.961472272872925, ""dG_separated"": -46.6917610168457, ""dSASA_int"": 1576.6402587890625, ""delta_unsatHbonds"": 9.0, ""hbonds_int"": 4.0, ""nres_int"": 72.0, ""packstat"": 0.5884065628051758, ""sc_value"": 0.6316328048706055}, ""A-D"": {""dG_dSASA_ratio"": -3.232232093811035, ""dG_separated"": -34.70157241821289, ""dSASA_int"": 1073.610107421875, ""delta_unsatHbonds"": 4.0, ""hbonds_int"": 0.0, ""nres_int"": 40.0, ""packstat"": 0.5626512765884399, ""sc_value"": 0.7943819761276245}, ""B-C"": {""dG_dSASA_ratio"": -2.4760656356811523, ""dG_separated"": -26.01160430908203, ""dSASA_int"": 1050.5216064453125, ""delta_unsatHbonds"": 6.0, ""hbonds_int"": 0.0, ""nres_int"": 40.0, ""packstat"": 0.44631195068359375, ""sc_value"": 0.7432830333709717}, ""B-D"": {""dG_dSASA_ratio"": -2.8361587524414062, ""dG_separated"": -45.56693649291992, ""dSASA_int"": 1606.642578125, ""delta_unsatHbonds"": 6.0, ""hbonds_int"": 4.0, ""nres_int"": 73.0, ""packstat"": 0.5633701682090759, ""sc_value"": 0.603902280330658}, ""C-D"": {""dG_dSASA_ratio"": -2.6198155879974365, ""dG_separated"": -25.921539306640625, ""dSASA_int"": 989.4413452148438, ""delta_unsatHbonds"": 0.0, ""hbonds_int"": 5.0, ""nres_int"": 48.0, ""packstat"": 0.5857415199279785, ""sc_value"": 0.6801360249519348}}"
ova_body_c4_13_ms25_r03	AF3	144	7144	0	0	A-B,A-C,A-D,B-C,B-D,C-D	6	3	1	"{""A-B"": 23, ""A-C"": 60, ""A-D"": 36, ""B-C"": 38, ""B-D"": 66, ""C-D"": 25}"	A-D,B-C	A-B,A-C,B-D,C-D	0.21471059826766004	0.8122150301933289	0.0	-3.051374673843384	1.7742152936188784	0.618246853351593	0.0	-2.636732816696167	6.646526169996088	"{""A-B"": {""dG_dSASA_ratio"": -2.636732816696167, ""dG_separated"": -25.50647735595703, ""dSASA_int"": 967.3516235351562, ""delta_unsatHbonds"": 0.0, ""hbonds_int"": 4.0, ""nres_int"": 46.0, ""packstat"": 0.5059195756912231, ""sc_value"": 0.7045174837112427}, ""A-C"": {""dG_dSASA_ratio"": -2.876810312271118, ""dG_separated"": -44.830684661865234, ""dSASA_int"": 1558.346923828125, ""delta_unsatHbonds"": 9.0, ""hbonds_int"": 3.0, ""nres_int"": 69.0, ""packstat"": 0.5610853433609009, ""sc_value"": 0.618246853351593}, ""A-D"": {""dG_dSASA_ratio"": -3.051374673843384, ""dG_separated"": -34.39689254760742, ""dSASA_int"": 1127.2589111328125, ""delta_unsatHbonds"": 2.0, ""hbonds_int"": 0.0, ""nres_int"": 40.0, ""packstat"": 0.6044164299964905, ""sc_value"": 0.8149579763412476}, ""B-C"": {""dG_dSASA_ratio"": -3.0955593585968018, ""dG_separated"": -36.036964416503906, ""dSASA_int"": 1164.1502685546875, ""delta_unsatHbonds"": 0.0, ""hbonds_int"": 0.0, ""nres_int"": 40.0, ""packstat"": 0.4791405498981476, ""sc_value"": 0.8122150301933289}, ""B-D"": {""dG_dSASA_ratio"": -2.8730430603027344, ""dG_separated"": -47.548858642578125, ""dSASA_int"": 1654.9998779296875, ""delta_unsatHbonds"": 11.0, ""hbonds_int"": 4.0, ""nres_int"": 72.0, ""packstat"": 0.5713447332382202, ""sc_value"": 0.6321763396263123}, ""C-D"": {""dG_dSASA_ratio"": -2.749159336090088, ""dG_separated"": -27.207292556762695, ""dSASA_int"": 989.6586303710938, ""delta_unsatHbonds"": 2.0, ""hbonds_int"": 4.0, ""nres_int"": 48.0, ""packstat"": 0.5737606287002563, ""sc_value"": 0.6935294270515442}}"
ova_body_c4_13_ms25_r03	AF3	145	7145	0	0	A-B,A-C,A-D,B-C,B-D,C-D	6	3	1	"{""A-B"": 25, ""A-C"": 64, ""A-D"": 36, ""B-C"": 36, ""B-D"": 61, ""C-D"": 25}"	A-D,B-C	A-B,A-C,B-D,C-D	0.22503569624019262	0.7614414691925049	0.0	-2.6768410205841064	1.7917746563404862	0.6151183843612671	0.0	-2.378912925720215	6.150228182324535	"{""A-B"": {""dG_dSASA_ratio"": -2.607670783996582, ""dG_separated"": -25.376461029052734, ""dSASA_int"": 973.146728515625, ""delta_unsatHbonds"": 0.0, ""hbonds_int"": 4.0, ""nres_int"": 46.0, ""packstat"": 0.5854193568229675, ""sc_value"": 0.6911623477935791}, ""A-C"": {""dG_dSASA_ratio"": -2.862339496612549, ""dG_separated"": -46.71165466308594, ""dSASA_int"": 1631.9398193359375, ""delta_unsatHbonds"": 7.0, ""hbonds_int"": 3.0, ""nres_int"": 73.0, ""packstat"": 0.5277758240699768, ""sc_value"": 0.6151183843612671}, ""A-D"": {""dG_dSASA_ratio"": -2.6768410205841064, ""dG_separated"": -29.879215240478516, ""dSASA_int"": 1116.2117919921875, ""delta_unsatHbonds"": 2.0, ""hbonds_int"": 0.0, ""nres_int"": 40.0, ""packstat"": 0.5454465746879578, ""sc_value"": 0.7993390560150146}, ""B-C"": {""dG_dSASA_ratio"": -3.347750663757324, ""dG_separated"": -36.18885040283203, ""dSASA_int"": 1080.989990234375, ""delta_unsatHbonds"": 0.0, ""hbonds_int"": 0.0, ""nres_int"": 40.0, ""packstat"": 0.4696863889694214, ""sc_value"": 0.7614414691925049}, ""B-D"": {""dG_dSASA_ratio"": -2.905345916748047, ""dG_separated"": -47.239646911621094, ""dSASA_int"": 1625.9559326171875, ""delta_unsatHbonds"": 10.0, ""hbonds_int"": 4.0, ""nres_int"": 72.0, ""packstat"": 0.6480974555015564, ""sc_value"": 0.6397251486778259}, ""C-D"": {""dG_dSASA_ratio"": -2.378912925720215, ""dG_separated"": -24.36417579650879, ""dSASA_int"": 1024.172607421875, ""delta_unsatHbonds"": 2.0, ""hbonds_int"": 4.0, ""nres_int"": 47.0, ""packstat"": 0.595975399017334, ""sc_value"": 0.6554217338562012}}"
ova_body_c4_13_ms25_r03	AF3	146	7146	0	0	A-B,A-C,A-D,B-C,B-D,C-D	6	3	1	"{""A-B"": 26, ""A-C"": 65, ""A-D"": 34, ""B-C"": 34, ""B-D"": 61, ""C-D"": 24}"	A-D,B-C	A-B,A-C,B-D,C-D	0.22442149262967695	0.6390806436538696	0.0	-2.706737756729126	3.5867830634398024	0.6390806436538696	0.0	-2.6489410400390625	6.0521878563057525	"{""A-B"": {""dG_dSASA_ratio"": -2.735656499862671, ""dG_separated"": -27.206562042236328, ""dSASA_int"": 994.5167236328125, ""delta_unsatHbonds"": 0.0, ""hbonds_int"": 5.0, ""nres_int"": 46.0, ""packstat"": 0.5279527902603149, ""sc_value"": 0.6808245778083801}, ""A-C"": {""dG_dSASA_ratio"": -2.8148839473724365, ""dG_separated"": -46.510189056396484, ""dSASA_int"": 1652.2950439453125, ""delta_unsatHbonds"": 10.0, ""hbonds_int"": 3.0, ""nres_int"": 74.0, ""packstat"": 0.6783201694488525, ""sc_value"": 0.6560712456703186}, ""A-D"": {""dG_dSASA_ratio"": -2.706737756729126, ""dG_separated"": -32.260459899902344, ""dSASA_int"": 1191.8575439453125, ""delta_unsatHbonds"": 4.0, ""hbonds_int"": 0.0, ""nres_int"": 39.0, ""packstat"": 0.5888662338256836, ""sc_value"": 0.6390806436538696}, ""B-C"": {""dG_dSASA_ratio"": -3.2684326171875, ""dG_separated"": -36.449737548828125, ""dSASA_int"": 1115.2054443359375, ""delta_unsatHbonds"": 4.0, ""hbonds_int"": 0.0, ""nres_int"": 40.0, ""packstat"": 0.5560692548751831, ""sc_value"": 0.6888111233711243}, ""B-D"": {""dG_dSASA_ratio"": -2.8249011039733887, ""dG_separated"": -46.51824188232422, ""dSASA_int"": 1646.720947265625, ""delta_unsatHbonds"": 9.0, ""hbonds_int"": 4.0, ""nres_int"": 73.0, ""packstat"": 0.5722198486328125, ""sc_value"": 0.6412185430526733}, ""C-D"": {""dG_dSASA_ratio"": -2.6489410400390625, ""dG_separated"": -26.569244384765625, ""dSASA_int"": 1003.0138549804688, ""delta_unsatHbonds"": 0.0, ""hbonds_int"": 5.0, ""nres_int"": 48.0, ""packstat"": 0.6090975999832153, ""sc_value"": 0.6863605380058289}}"
ova_body_c4_13_ms25_r03	AF3	147	7147	0	0	A-C,A-D,B-C,B-D,C-D	5	2	1	"{""A-B"": 17, ""A-C"": 66, ""A-D"": 37, ""B-C"": 38, ""B-D"": 64, ""C-D"": 25}"	A-D,B-C	A-B,A-C,B-D,C-D	0.23069110221820202	0.7945833206176758	0.0	-2.8245749473571777	1.8068325708920419	0.5432207584381104	0.0	-1.9668936729431152	6.306187577056809	"{""A-B"": {""dG_dSASA_ratio"": -1.9668936729431152, ""dG_separated"": -16.719053268432617, ""dSASA_int"": 850.023193359375, ""delta_unsatHbonds"": 0.0, ""hbonds_int"": 2.0, ""nres_int"": 45.0, ""packstat"": 0.49809911847114563, ""sc_value"": 0.5432207584381104}, ""A-C"": {""dG_dSASA_ratio"": -3.0641250610351562, ""dG_separated"": -48.58917999267578, ""dSASA_int"": 1585.744140625, ""delta_unsatHbonds"": 10.0, ""hbonds_int"": 4.0, ""nres_int"": 75.0, ""packstat"": 0.6630865931510925, ""sc_value"": 0.6682692170143127}, ""A-D"": {""dG_dSASA_ratio"": -2.8245749473571777, ""dG_separated"": -31.265485763549805, ""dSASA_int"": 1106.909423828125, ""delta_unsatHbonds"": 2.0, ""hbonds_int"": 0.0, ""nres_int"": 40.0, ""packstat"": 0.5691832304000854, ""sc_value"": 0.7945833206176758}, ""B-C"": {""dG_dSASA_ratio"": -2.9185080528259277, ""dG_separated"": -32.605865478515625, ""dSASA_int"": 1117.2100830078125, ""delta_unsatHbonds"": 0.0, ""hbonds_int"": 0.0, ""nres_int"": 40.0, ""packstat"": 0.5713458061218262, ""sc_value"": 0.8011479377746582}, ""B-D"": {""dG_dSASA_ratio"": -3.008005380630493, ""dG_separated"": -48.86772918701172, ""dSASA_int"": 1624.589111328125, ""delta_unsatHbonds"": 9.0, ""hbonds_int"": 4.0, ""nres_int"": 73.0, ""packstat"": 0.6379300355911255, ""sc_value"": 0.6467783451080322}, ""C-D"": {""dG_dSASA_ratio"": -2.525169849395752, ""dG_separated"": -25.436004638671875, ""dSASA_int"": 1007.2987670898438, ""delta_unsatHbonds"": 0.0, ""hbonds_int"": 4.0, ""nres_int"": 48.0, ""packstat"": 0.5760360956192017, ""sc_value"": 0.6759218573570251}}"
ova_body_c4_13_ms25_r03	AF3	148	7148	0	0	A-B,A-C,A-D,B-C,B-D,C-D	6	3	1	"{""A-B"": 24, ""A-C"": 63, ""A-D"": 33, ""B-C"": 35, ""B-D"": 58, ""C-D"": 25}"	A-D,B-C	A-B,A-C,B-D,C-D	0.23745109141496887	0.7615047693252563	0.0	-2.943819522857666	3.836977181414267	0.5960311889648438	0.0	-2.559918165206909	5.717095875344233	"{""A-B"": {""dG_dSASA_ratio"": -2.5880353450775146, ""dG_separated"": -23.885101318359375, ""dSASA_int"": 922.90478515625, ""delta_unsatHbonds"": 0.0, ""hbonds_int"": 4.0, ""nres_int"": 47.0, ""packstat"": 0.5984223484992981, ""sc_value"": 0.6864250898361206}, ""A-C"": {""dG_dSASA_ratio"": -3.017658233642578, ""dG_separated"": -47.50475311279297, ""dSASA_int"": 1574.225830078125, ""delta_unsatHbonds"": 9.0, ""hbonds_int"": 4.0, ""nres_int"": 73.0, ""packstat"": 0.6380948424339294, ""sc_value"": 0.6242121458053589}, ""A-D"": {""dG_dSASA_ratio"": -2.943819522857666, ""dG_separated"": -30.688945770263672, ""dSASA_int"": 1042.4873046875, ""delta_unsatHbonds"": 4.0, ""hbonds_int"": 0.0, ""nres_int"": 40.0, ""packstat"": 0.586131751537323, ""sc_value"": 0.7615047693252563}, ""B-C"": {""dG_dSASA_ratio"": -2.9948387145996094, ""dG_separated"": -32.94675064086914, ""dSASA_int"": 1100.11767578125, ""delta_unsatHbonds"": 2.0, ""hbonds_int"": 0.0, ""nres_int"": 40.0, ""packstat"": 0.49076008796691895, ""sc_value"": 0.7882793545722961}, ""B-D"": {""dG_dSASA_ratio"": -2.7404778003692627, ""dG_separated"": -43.235107421875, ""dSASA_int"": 1577.6485595703125, ""delta_unsatHbonds"": 6.0, ""hbonds_int"": 4.0, ""nres_int"": 70.0, ""packstat"": 0.632933497428894, ""sc_value"": 0.5960311889648438}, ""C-D"": {""dG_dSASA_ratio"": -2.559918165206909, ""dG_separated"": -25.520578384399414, ""dSASA_int"": 996.9295043945312, ""delta_unsatHbonds"": 0.0, ""hbonds_int"": 4.0, ""nres_int"": 48.0, ""packstat"": 0.5571967363357544, ""sc_value"": 0.692396342754364}}"
ova_body_c4_13_ms25_r03	AF3	149	7149	0	0	A-B,A-C,A-D,B-C,B-D,C-D	6	3	1	"{""A-B"": 24, ""A-C"": 63, ""A-D"": 36, ""B-C"": 38, ""B-D"": 59, ""C-D"": 25}"	A-D,B-C	A-B,A-C,B-D,C-D	0.22882139437575746	0.7968242168426514	0.0	-2.945535182952881	1.8114365729088295	0.6015492677688599	0.0	-2.472106456756592	4.413675219727429	"{""A-B"": {""dG_dSASA_ratio"": -2.6101739406585693, ""dG_separated"": -25.18924331665039, ""dSASA_int"": 965.040771484375, ""delta_unsatHbonds"": 0.0, ""hbonds_int"": 4.0, ""nres_int"": 46.0, ""packstat"": 0.555162787437439, ""sc_value"": 0.6997027397155762}, ""A-C"": {""dG_dSASA_ratio"": -3.0105533599853516, ""dG_separated"": -47.746768951416016, ""dSASA_int"": 1585.9798583984375, ""delta_unsatHbonds"": 7.0, ""hbonds_int"": 4.0, ""nres_int"": 72.0, ""packstat"": 0.5981418490409851, ""sc_value"": 0.633327841758728}, ""A-D"": {""dG_dSASA_ratio"": -2.945535182952881, ""dG_separated"": -33.10060501098633, ""dSASA_int"": 1123.7552490234375, ""delta_unsatHbonds"": 2.0, ""hbonds_int"": 0.0, ""nres_int"": 40.0, ""packstat"": 0.5726906061172485, ""sc_value"": 0.7968242168426514}, ""B-C"": {""dG_dSASA_ratio"": -3.245405912399292, ""dG_separated"": -35.8323974609375, ""dSASA_int"": 1104.0960693359375, ""delta_unsatHbonds"": 2.0, ""hbonds_int"": 0.0, ""nres_int"": 40.0, ""packstat"": 0.5368490815162659, ""sc_value"": 0.7976193428039551}, ""B-D"": {""dG_dSASA_ratio"": -2.6478559970855713, ""dG_separated"": -43.54008865356445, ""dSASA_int"": 1644.3525390625, ""delta_unsatHbonds"": 2.0, ""hbonds_int"": 4.0, ""nres_int"": 70.0, ""packstat"": 0.606473445892334, ""sc_value"": 0.6015492677688599}, ""C-D"": {""dG_dSASA_ratio"": -2.472106456756592, ""dG_separated"": -25.292470932006836, ""dSASA_int"": 1023.1141357421875, ""delta_unsatHbonds"": 0.0, ""hbonds_int"": 4.0, ""nres_int"": 48.0, ""packstat"": 0.5606203675270081, ""sc_value"": 0.6792804002761841}}"
ova_body_c4_13_ms25_r03	AF3	150	7150	0	0	A-B,A-C,A-D,B-C,B-D,C-D	6	3	1	"{""A-B"": 25, ""A-C"": 65, ""A-D"": 37, ""B-C"": 34, ""B-D"": 65, ""C-D"": 25}"	A-D,B-C	A-B,A-C,B-D,C-D	0.2198943337116453	0.7940080761909485	0.0	-2.667663812637329	2.629232624822755	0.6358457803726196	0.0	-2.3054890632629395	5.5792387662654015	"{""A-B"": {""dG_dSASA_ratio"": -2.3054890632629395, ""dG_separated"": -22.811084747314453, ""dSASA_int"": 989.4249877929688, ""delta_unsatHbonds"": 0.0, ""hbonds_int"": 4.0, ""nres_int"": 45.0, ""packstat"": 0.6237421631813049, ""sc_value"": 0.6576496958732605}, ""A-C"": {""dG_dSASA_ratio"": -3.0785396099090576, ""dG_separated"": -49.660640716552734, ""dSASA_int"": 1613.123291015625, ""delta_unsatHbonds"": 9.0, ""hbonds_int"": 4.0, ""nres_int"": 74.0, ""packstat"": 0.6245508790016174, ""sc_value"": 0.6512666940689087}, ""A-D"": {""dG_dSASA_ratio"": -2.667663812637329, ""dG_separated"": -29.997854232788086, ""dSASA_int"": 1124.4991455078125, ""delta_unsatHbonds"": 2.0, ""hbonds_int"": 0.0, ""nres_int"": 40.0, ""packstat"": 0.5613605380058289, ""sc_value"": 0.803111732006073}, ""B-C"": {""dG_dSASA_ratio"": -3.3794965744018555, ""dG_separated"": -38.56064224243164, ""dSASA_int"": 1141.017333984375, ""delta_unsatHbonds"": 3.0, ""hbonds_int"": 0.0, ""nres_int"": 40.0, ""packstat"": 0.535162091255188, ""sc_value"": 0.7940080761909485}, ""B-D"": {""dG_dSASA_ratio"": -3.0072944164276123, ""dG_separated"": -49.79813766479492, ""dSASA_int"": 1655.9114990234375, ""delta_unsatHbonds"": 9.0, ""hbonds_int"": 4.0, ""nres_int"": 75.0, ""packstat"": 0.564744770526886, ""sc_value"": 0.6358457803726196}, ""C-D"": {""dG_dSASA_ratio"": -2.8480708599090576, ""dG_separated"": -28.66803550720215, ""dSASA_int"": 1006.5773315429688, ""delta_unsatHbonds"": 4.0, ""hbonds_int"": 5.0, ""nres_int"": 48.0, ""packstat"": 0.5273790955543518, ""sc_value"": 0.6648044586181641}}"
ova_body_c4_13_ms25_r03	AF3	151	7151	0	0	A-B,A-C,A-D,B-C,B-D,C-D	6	3	1	"{""A-B"": 23, ""A-C"": 59, ""A-D"": 34, ""B-C"": 37, ""B-D"": 61, ""C-D"": 24}"	A-D,B-C	A-B,A-C,B-D,C-D	0.2133380778910326	0.768832802772522	0.0	-3.016209602355957	3.813916091518157	0.5930927991867065	0.0	-2.605595350265503	4.839547825426841	"{""A-B"": {""dG_dSASA_ratio"": -2.6195340156555176, ""dG_separated"": -26.37186622619629, ""dSASA_int"": 1006.7388305664062, ""delta_unsatHbonds"": 2.0, ""hbonds_int"": 4.0, ""nres_int"": 46.0, ""packstat"": 0.5650167465209961, ""sc_value"": 0.6956779956817627}, ""A-C"": {""dG_dSASA_ratio"": -2.8665177822113037, ""dG_separated"": -44.51670837402344, ""dSASA_int"": 1552.989013671875, ""delta_unsatHbonds"": 7.0, ""hbonds_int"": 3.0, ""nres_int"": 70.0, ""packstat"": 0.5606074929237366, ""sc_value"": 0.5930927991867065}, ""A-D"": {""dG_dSASA_ratio"": -3.016209602355957, ""dG_separated"": -31.63372802734375, ""dSASA_int"": 1048.790771484375, ""delta_unsatHbonds"": 4.0, ""hbonds_int"": 0.0, ""nres_int"": 40.0, ""packstat"": 0.5579783916473389, ""sc_value"": 0.768832802772522}, ""B-C"": {""dG_dSASA_ratio"": -3.2406344413757324, ""dG_separated"": -36.20002365112305, ""dSASA_int"": 1117.06591796875, ""delta_unsatHbonds"": 0.0, ""hbonds_int"": 0.0, ""nres_int"": 40.0, ""packstat"": 0.5461623072624207, ""sc_value"": 0.7942562103271484}, ""B-D"": {""dG_dSASA_ratio"": -2.910773277282715, ""dG_separated"": -48.116451263427734, ""dSASA_int"": 1653.0469970703125, ""delta_unsatHbonds"": 8.0, ""hbonds_int"": 4.0, ""nres_int"": 75.0, ""packstat"": 0.5798965096473694, ""sc_value"": 0.614039957523346}, ""C-D"": {""dG_dSASA_ratio"": -2.605595350265503, ""dG_separated"": -25.139419555664062, ""dSASA_int"": 964.8243408203125, ""delta_unsatHbonds"": 0.0, ""hbonds_int"": 4.0, ""nres_int"": 46.0, ""packstat"": 0.5971097350120544, ""sc_value"": 0.7029353976249695}}"
ova_body_c4_13_ms25_r03	AF3	152	7152	0	0	A-B,A-C,A-D,B-C,B-D,C-D	6	3	1	"{""A-B"": 25, ""A-C"": 62, ""A-D"": 37, ""B-C"": 38, ""B-D"": 56, ""C-D"": 24}"	A-D,B-C	A-B,A-C,B-D,C-D	0.23232203013197134	0.7576446533203125	0.0	-2.855623722076416	3.6480963111676523	0.6024081707000732	0.0	-2.5478358268737793	6.918403650833745	"{""A-B"": {""dG_dSASA_ratio"": -2.623894214630127, ""dG_separated"": -25.52681541442871, ""dSASA_int"": 972.8599853515625, ""delta_unsatHbonds"": 0.0, ""hbonds_int"": 5.0, ""nres_int"": 46.0, ""packstat"": 0.5912198424339294, ""sc_value"": 0.6824456453323364}, ""A-C"": {""dG_dSASA_ratio"": -2.8011891841888428, ""dG_separated"": -44.537845611572266, ""dSASA_int"": 1589.962158203125, ""delta_unsatHbonds"": 11.0, ""hbonds_int"": 3.0, ""nres_int"": 70.0, ""packstat"": 0.5587826371192932, ""sc_value"": 0.6242175698280334}, ""A-D"": {""dG_dSASA_ratio"": -3.39729905128479, ""dG_separated"": -37.25010299682617, ""dSASA_int"": 1096.4622802734375, ""delta_unsatHbonds"": 4.0, ""hbonds_int"": 0.0, ""nres_int"": 40.0, ""packstat"": 0.5963279604911804, ""sc_value"": 0.7576446533203125}, ""B-C"": {""dG_dSASA_ratio"": -2.855623722076416, ""dG_separated"": -31.735837936401367, ""dSASA_int"": 1111.34521484375, ""delta_unsatHbonds"": 4.0, ""hbonds_int"": 0.0, ""nres_int"": 40.0, ""packstat"": 0.5202943682670593, ""sc_value"": 0.8011266589164734}, ""B-D"": {""dG_dSASA_ratio"": -2.648873805999756, ""dG_separated"": -42.012916564941406, ""dSASA_int"": 1586.067138671875, ""delta_unsatHbonds"": 5.0, ""hbonds_int"": 3.0, ""nres_int"": 72.0, ""packstat"": 0.5898566246032715, ""sc_value"": 0.6024081707000732}, ""C-D"": {""dG_dSASA_ratio"": -2.5478358268737793, ""dG_separated"": -25.547706604003906, ""dSASA_int"": 1002.7218627929688, ""delta_unsatHbonds"": 0.0, ""hbonds_int"": 4.0, ""nres_int"": 47.0, ""packstat"": 0.52894526720047, ""sc_value"": 0.694109320640564}}"
ova_body_c4_13_ms25_r03	AF3	153	7153	0	0	A-B,A-C,A-D,B-C,B-D,C-D	6	3	1	"{""A-B"": 26, ""A-C"": 60, ""A-D"": 35, ""B-C"": 32, ""B-D"": 63, ""C-D"": 24}"	A-D,B-C	A-B,A-C,B-D,C-D	0.23397670253765204	0.6248385310173035	0.0	-2.41569447517395	5.3127952521216	0.6248385310173035	0.0	-2.41569447517395	6.945908445076782	"{""A-B"": {""dG_dSASA_ratio"": -2.834670305252075, ""dG_separated"": -27.236103057861328, ""dSASA_int"": 960.82080078125, ""delta_unsatHbonds"": 0.0, ""hbonds_int"": 5.0, ""nres_int"": 45.0, ""packstat"": 0.5866042375564575, ""sc_value"": 0.6853675842285156}, ""A-C"": {""dG_dSASA_ratio"": -3.004361391067505, ""dG_separated"": -47.57905578613281, ""dSASA_int"": 1583.6661376953125, ""delta_unsatHbonds"": 11.0, ""hbonds_int"": 3.0, ""nres_int"": 74.0, ""packstat"": 0.5972675681114197, ""sc_value"": 0.6286361217498779}, ""A-D"": {""dG_dSASA_ratio"": -3.129544496536255, ""dG_separated"": -33.751609802246094, ""dSASA_int"": 1078.483154296875, ""delta_unsatHbonds"": 4.0, ""hbonds_int"": 0.0, ""nres_int"": 40.0, ""packstat"": 0.662136971950531, ""sc_value"": 0.790744423866272}, ""B-C"": {""dG_dSASA_ratio"": -2.41569447517395, ""dG_separated"": -27.281620025634766, ""dSASA_int"": 1129.3489990234375, ""delta_unsatHbonds"": 6.0, ""hbonds_int"": 0.0, ""nres_int"": 39.0, ""packstat"": 0.6070404052734375, ""sc_value"": 0.6248385310173035}, ""B-D"": {""dG_dSASA_ratio"": -2.835874319076538, ""dG_separated"": -46.73843765258789, ""dSASA_int"": 1648.1138916015625, ""delta_unsatHbonds"": 9.0, ""hbonds_int"": 4.0, ""nres_int"": 75.0, ""packstat"": 0.6100045442581177, ""sc_value"": 0.6296547651290894}, ""C-D"": {""dG_dSASA_ratio"": -2.541729211807251, ""dG_separated"": -25.35365867614746, ""dSASA_int"": 997.4964599609375, ""delta_unsatHbonds"": 0.0, ""hbonds_int"": 4.0, ""nres_int"": 47.0, ""packstat"": 0.557770848274231, ""sc_value"": 0.6777676343917847}}"
ova_body_c4_13_ms25_r03	AF3	154	7154	0	0	A-B,A-C,A-D,B-C,B-D,C-D	6	3	1	"{""A-B"": 24, ""A-C"": 60, ""A-D"": 34, ""B-C"": 38, ""B-D"": 62, ""C-D"": 25}"	A-D,B-C	A-B,A-C,B-D,C-D	0.22067995965905357	0.7717111706733704	0.0	-2.7015748023986816	1.9030676046646529	0.577450156211853	0.0	-2.5735809803009033	6.263097975051433	"{""A-B"": {""dG_dSASA_ratio"": -2.651449203491211, ""dG_separated"": -25.576904296875, ""dSASA_int"": 964.6386108398438, ""delta_unsatHbonds"": 0.0, ""hbonds_int"": 4.0, ""nres_int"": 45.0, ""packstat"": 0.6228238940238953, ""sc_value"": 0.679543673992157}, ""A-C"": {""dG_dSASA_ratio"": -2.7208919525146484, ""dG_separated"": -43.44322967529297, ""dSASA_int"": 1596.6539306640625, ""delta_unsatHbonds"": 10.0, ""hbonds_int"": 3.0, ""nres_int"": 71.0, ""packstat"": 0.6642747521400452, ""sc_value"": 0.577450156211853}, ""A-D"": {""dG_dSASA_ratio"": -3.674116373062134, ""dG_separated"": -38.61256790161133, ""dSASA_int"": 1050.934814453125, ""delta_unsatHbonds"": 2.0, ""hbonds_int"": 0.0, ""nres_int"": 40.0, ""packstat"": 0.6242207884788513, ""sc_value"": 0.7717111706733704}, ""B-C"": {""dG_dSASA_ratio"": -2.7015748023986816, ""dG_separated"": -30.73036766052246, ""dSASA_int"": 1137.498291015625, ""delta_unsatHbonds"": 0.0, ""hbonds_int"": 0.0, ""nres_int"": 40.0, ""packstat"": 0.5020206570625305, ""sc_value"": 0.8200355768203735}, ""B-D"": {""dG_dSASA_ratio"": -2.9172146320343018, ""dG_separated"": -46.984130859375, ""dSASA_int"": 1610.5819091796875, ""delta_unsatHbonds"": 9.0, ""hbonds_int"": 4.0, ""nres_int"": 74.0, ""packstat"": 0.6218844652175903, ""sc_value"": 0.6303108930587769}, ""C-D"": {""dG_dSASA_ratio"": -2.5735809803009033, ""dG_separated"": -25.825027465820312, ""dSASA_int"": 1003.4666748046875, ""delta_unsatHbonds"": 0.0, ""hbonds_int"": 4.0, ""nres_int"": 48.0, ""packstat"": 0.5630407929420471, ""sc_value"": 0.6838383674621582}}"
ova_body_c4_13_ms25_r03	AF3	155	7155	0	0	A-B,A-C,A-D,B-C,B-D,C-D	6	3	1	"{""A-B"": 23, ""A-C"": 61, ""A-D"": 35, ""B-C"": 36, ""B-D"": 63, ""C-D"": 25}"	A-D,B-C	A-B,A-C,B-D,C-D	0.22209059111564464	0.844016969203949	0.0	-3.047172784805298	1.8301006655896506	0.5024223923683167	0.0	-2.311300754547119	6.423656117348404	"{""A-B"": {""dG_dSASA_ratio"": -2.311300754547119, ""dG_separated"": -20.921104431152344, ""dSASA_int"": 905.165771484375, ""delta_unsatHbonds"": 2.0, ""hbonds_int"": 4.0, ""nres_int"": 45.0, ""packstat"": 0.4673219621181488, ""sc_value"": 0.5024223923683167}, ""A-C"": {""dG_dSASA_ratio"": -2.969050168991089, ""dG_separated"": -46.22056579589844, ""dSASA_int"": 1556.745849609375, ""delta_unsatHbonds"": 10.0, ""hbonds_int"": 3.0, ""nres_int"": 71.0, ""packstat"": 0.5956299901008606, ""sc_value"": 0.6500113010406494}, ""A-D"": {""dG_dSASA_ratio"": -3.186148166656494, ""dG_separated"": -34.81937789916992, ""dSASA_int"": 1092.8360595703125, ""delta_unsatHbonds"": 2.0, ""hbonds_int"": 0.0, ""nres_int"": 40.0, ""packstat"": 0.6302815675735474, ""sc_value"": 0.844016969203949}, ""B-C"": {""dG_dSASA_ratio"": -3.047172784805298, ""dG_separated"": -33.776817321777344, ""dSASA_int"": 1108.464111328125, ""delta_unsatHbonds"": 2.0, ""hbonds_int"": 0.0, ""nres_int"": 40.0, ""packstat"": 0.5709677934646606, ""sc_value"": 0.8499525785446167}, ""B-D"": {""dG_dSASA_ratio"": -3.0078377723693848, ""dG_separated"": -49.108802795410156, ""dSASA_int"": 1632.694580078125, ""delta_unsatHbonds"": 10.0, ""hbonds_int"": 4.0, ""nres_int"": 74.0, ""packstat"": 0.564629852771759, ""sc_value"": 0.6423256397247314}, ""C-D"": {""dG_dSASA_ratio"": -2.6840145587921143, ""dG_separated"": -27.03550910949707, ""dSASA_int"": 1007.2787475585938, ""delta_unsatHbonds"": 2.0, ""hbonds_int"": 4.0, ""nres_int"": 47.0, ""packstat"": 0.5627134442329407, ""sc_value"": 0.6851829290390015}}"
ova_body_c4_13_ms25_r03	AF3	156	7156	0	0	A-B,A-C,A-D,B-C,B-D,C-D	6	3	1	"{""A-B"": 23, ""A-C"": 64, ""A-D"": 33, ""B-C"": 36, ""B-D"": 62, ""C-D"": 24}"	A-D,B-C	A-B,A-C,B-D,C-D	0.23524858671554408	0.6814388632774353	0.0	-3.043182849884033	5.076223914021458	0.5976026058197021	0.0	-2.525557041168213	5.6451459768840575	"{""A-B"": {""dG_dSASA_ratio"": -2.7040984630584717, ""dG_separated"": -26.065244674682617, ""dSASA_int"": 963.916259765625, ""delta_unsatHbonds"": 1.0, ""hbonds_int"": 4.0, ""nres_int"": 45.0, ""packstat"": 0.5607382655143738, ""sc_value"": 0.698511004447937}, ""A-C"": {""dG_dSASA_ratio"": -2.9481992721557617, ""dG_separated"": -47.00284957885742, ""dSASA_int"": 1594.2900390625, ""delta_unsatHbonds"": 9.0, ""hbonds_int"": 4.0, ""nres_int"": 72.0, ""packstat"": 0.6300595998764038, ""sc_value"": 0.6341192722320557}, ""A-D"": {""dG_dSASA_ratio"": -3.043182849884033, ""dG_separated"": -35.96984100341797, ""dSASA_int"": 1181.98095703125, ""delta_unsatHbonds"": 6.0, ""hbonds_int"": 0.0, ""nres_int"": 40.0, ""packstat"": 0.48846471309661865, ""sc_value"": 0.6814388632774353}, ""B-C"": {""dG_dSASA_ratio"": -3.4234871864318848, ""dG_separated"": -37.35386657714844, ""dSASA_int"": 1091.105712890625, ""delta_unsatHbonds"": 2.0, ""hbonds_int"": 0.0, ""nres_int"": 40.0, ""packstat"": 0.5044501423835754, ""sc_value"": 0.6957777738571167}, ""B-D"": {""dG_dSASA_ratio"": -2.8756730556488037, ""dG_separated"": -46.54695129394531, ""dSASA_int"": 1618.6453857421875, ""delta_unsatHbonds"": 5.0, ""hbonds_int"": 4.0, ""nres_int"": 73.0, ""packstat"": 0.550508975982666, ""sc_value"": 0.5976026058197021}, ""C-D"": {""dG_dSASA_ratio"": -2.525557041168213, ""dG_separated"": -25.781339645385742, ""dSASA_int"": 1020.8179321289062, ""delta_unsatHbonds"": 0.0, ""hbonds_int"": 4.0, ""nres_int"": 48.0, ""packstat"": 0.5544132590293884, ""sc_value"": 0.6882283091545105}}"
ova_body_c4_13_ms25_r03	AF3	157	7157	0	0	A-B,A-C,A-D,B-C,B-D,C-D	6	3	1	"{""A-B"": 22, ""A-C"": 60, ""A-D"": 36, ""B-C"": 36, ""B-D"": 63, ""C-D"": 23}"	A-D,B-C	A-B,A-C,B-D,C-D	0.22935212165101118	0.6420701742172241	0.0	-2.330815076828003	3.4012948752841248	0.5905224084854126	0.0	-2.330815076828003	6.274276248601653	"{""A-B"": {""dG_dSASA_ratio"": -2.5908777713775635, ""dG_separated"": -23.357023239135742, ""dSASA_int"": 901.510009765625, ""delta_unsatHbonds"": 0.0, ""hbonds_int"": 3.0, ""nres_int"": 46.0, ""packstat"": 0.5072038769721985, ""sc_value"": 0.7008860111236572}, ""A-C"": {""dG_dSASA_ratio"": -2.75421404838562, ""dG_separated"": -43.89691925048828, ""dSASA_int"": 1593.809326171875, ""delta_unsatHbonds"": 10.0, ""hbonds_int"": 3.0, ""nres_int"": 69.0, ""packstat"": 0.5783910751342773, ""sc_value"": 0.5905224084854126}, ""A-D"": {""dG_dSASA_ratio"": -2.330815076828003, ""dG_separated"": -25.835060119628906, ""dSASA_int"": 1108.4130859375, ""delta_unsatHbonds"": 2.0, ""hbonds_int"": 0.0, ""nres_int"": 38.0, ""packstat"": 0.5572190284729004, ""sc_value"": 0.716847836971283}, ""B-C"": {""dG_dSASA_ratio"": -2.7780163288116455, ""dG_separated"": -32.67010498046875, ""dSASA_int"": 1176.022705078125, ""delta_unsatHbonds"": 4.0, ""hbonds_int"": 0.0, ""nres_int"": 39.0, ""packstat"": 0.5258438587188721, ""sc_value"": 0.6420701742172241}, ""B-D"": {""dG_dSASA_ratio"": -2.8733344078063965, ""dG_separated"": -46.20847702026367, ""dSASA_int"": 1608.1829833984375, ""delta_unsatHbonds"": 5.0, ""hbonds_int"": 4.0, ""nres_int"": 75.0, ""packstat"": 0.6266487240791321, ""sc_value"": 0.6277516484260559}, ""C-D"": {""dG_dSASA_ratio"": -2.400994062423706, ""dG_separated"": -23.678293228149414, ""dSASA_int"": 986.1871337890625, ""delta_unsatHbonds"": 0.0, ""hbonds_int"": 4.0, ""nres_int"": 46.0, ""packstat"": 0.5113122463226318, ""sc_value"": 0.7033531665802002}}"
ova_body_c4_13_ms25_r03	AF3	158	7158	0	0	A-B,A-C,A-D,B-C,B-D,C-D	6	3	1	"{""A-B"": 22, ""A-C"": 60, ""A-D"": 36, ""B-C"": 36, ""B-D"": 64, ""C-D"": 24}"	A-D,B-C	A-B,A-C,B-D,C-D	0.24190037715774168	0.6840429306030273	0.0	-2.4115984439849854	6.881132984593784	0.6314941644668579	0.0	-2.4115984439849854	6.881132984593784	"{""A-B"": {""dG_dSASA_ratio"": -2.420572280883789, ""dG_separated"": -23.94883155822754, ""dSASA_int"": 989.3871459960938, ""delta_unsatHbonds"": 2.0, ""hbonds_int"": 4.0, ""nres_int"": 45.0, ""packstat"": 0.6525929570198059, ""sc_value"": 0.6695050001144409}, ""A-C"": {""dG_dSASA_ratio"": -2.884124517440796, ""dG_separated"": -45.538387298583984, ""dSASA_int"": 1578.9327392578125, ""delta_unsatHbonds"": 5.0, ""hbonds_int"": 4.0, ""nres_int"": 73.0, ""packstat"": 0.5306230187416077, ""sc_value"": 0.6314941644668579}, ""A-D"": {""dG_dSASA_ratio"": -2.4115984439849854, ""dG_separated"": -28.0372257232666, ""dSASA_int"": 1162.5992431640625, ""delta_unsatHbonds"": 8.0, ""hbonds_int"": 0.0, ""nres_int"": 38.0, ""packstat"": 0.5216308832168579, ""sc_value"": 0.6840429306030273}, ""B-C"": {""dG_dSASA_ratio"": -2.958425283432007, ""dG_separated"": -32.866634368896484, ""dSASA_int"": 1110.9501953125, ""delta_unsatHbonds"": 2.0, ""hbonds_int"": 0.0, ""nres_int"": 40.0, ""packstat"": 0.45762956142425537, ""sc_value"": 0.7820945978164673}, ""B-D"": {""dG_dSASA_ratio"": -3.0210931301116943, ""dG_separated"": -49.386077880859375, ""dSASA_int"": 1634.7088623046875, ""delta_unsatHbonds"": 11.0, ""hbonds_int"": 4.0, ""nres_int"": 74.0, ""packstat"": 0.5927238464355469, ""sc_value"": 0.635176420211792}, ""C-D"": {""dG_dSASA_ratio"": -2.5393824577331543, ""dG_separated"": -25.212129592895508, ""dSASA_int"": 992.8449096679688, ""delta_unsatHbonds"": 0.0, ""hbonds_int"": 4.0, ""nres_int"": 47.0, ""packstat"": 0.5878254175186157, ""sc_value"": 0.6825065016746521}}"
ova_body_c4_13_ms25_r03	AF3	159	7159	0	0	A-B,A-C,A-D,B-C,B-D,C-D	6	3	1	"{""A-B"": 23, ""A-C"": 60, ""A-D"": 35, ""B-C"": 32, ""B-D"": 61, ""C-D"": 24}"	A-D,B-C	A-B,A-C,B-D,C-D	0.2199388942174585	0.702460765838623	0.0	-3.065863847732544	5.546511104363036	0.5967142581939697	0.0	-2.669004201889038	10.06356757739527	"{""A-B"": {""dG_dSASA_ratio"": -2.669004201889038, ""dG_separated"": -25.839223861694336, ""dSASA_int"": 968.1222534179688, ""delta_unsatHbonds"": 0.0, ""hbonds_int"": 4.0, ""nres_int"": 46.0, ""packstat"": 0.5542256236076355, ""sc_value"": 0.6907451748847961}, ""A-C"": {""dG_dSASA_ratio"": -2.739009380340576, ""dG_separated"": -43.54732894897461, ""dSASA_int"": 1589.8934326171875, ""delta_unsatHbonds"": 16.0, ""hbonds_int"": 3.0, ""nres_int"": 69.0, ""packstat"": 0.5624977350234985, ""sc_value"": 0.6223236918449402}, ""A-D"": {""dG_dSASA_ratio"": -3.065863847732544, ""dG_separated"": -33.165321350097656, ""dSASA_int"": 1081.7611083984375, ""delta_unsatHbonds"": 6.0, ""hbonds_int"": 0.0, ""nres_int"": 40.0, ""packstat"": 0.5795150995254517, ""sc_value"": 0.7969558238983154}, ""B-C"": {""dG_dSASA_ratio"": -3.244046688079834, ""dG_separated"": -36.62197494506836, ""dSASA_int"": 1128.89794921875, ""delta_unsatHbonds"": 0.0, ""hbonds_int"": 0.0, ""nres_int"": 40.0, ""packstat"": 0.5351521372795105, ""sc_value"": 0.702460765838623}, ""B-D"": {""dG_dSASA_ratio"": -2.7954835891723633, ""dG_separated"": -46.38496398925781, ""dSASA_int"": 1659.2822265625, ""delta_unsatHbonds"": 7.0, ""hbonds_int"": 5.0, ""nres_int"": 71.0, ""packstat"": 0.5700662136077881, ""sc_value"": 0.5967142581939697}, ""C-D"": {""dG_dSASA_ratio"": -2.7434771060943604, ""dG_separated"": -27.815715789794922, ""dSASA_int"": 1013.885498046875, ""delta_unsatHbonds"": 2.0, ""hbonds_int"": 4.0, ""nres_int"": 48.0, ""packstat"": 0.5316753387451172, ""sc_value"": 0.694196343421936}}"
ova_body_c4_13_ms25_r03	AF3	160	7160	0	0	A-B,A-C,A-D,B-C,B-D,C-D	6	3	1	"{""A-B"": 23, ""A-C"": 67, ""A-D"": 35, ""B-C"": 33, ""B-D"": 57, ""C-D"": 23}"	A-D,B-C	A-B,A-C,B-D,C-D	0.23875555925272074	0.6513181924819946	0.0	-2.8839807510375977	5.238009070605063	0.6255651712417603	0.0	-2.5501677989959717	7.7935402663075894	"{""A-B"": {""dG_dSASA_ratio"": -2.610539197921753, ""dG_separated"": -25.395557403564453, ""dSASA_int"": 972.8088989257812, ""delta_unsatHbonds"": 0.0, ""hbonds_int"": 4.0, ""nres_int"": 45.0, ""packstat"": 0.560533344745636, ""sc_value"": 0.7173731327056885}, ""A-C"": {""dG_dSASA_ratio"": -3.1011691093444824, ""dG_separated"": -51.10775375366211, ""dSASA_int"": 1648.0157470703125, ""delta_unsatHbonds"": 9.0, ""hbonds_int"": 4.0, ""nres_int"": 75.0, ""packstat"": 0.6662275791168213, ""sc_value"": 0.6341917514801025}, ""A-D"": {""dG_dSASA_ratio"": -2.8839807510375977, ""dG_separated"": -33.16339874267578, ""dSASA_int"": 1149.91748046875, ""delta_unsatHbonds"": 3.0, ""hbonds_int"": 0.0, ""nres_int"": 40.0, ""packstat"": 0.5805416107177734, ""sc_value"": 0.6513181924819946}, ""B-C"": {""dG_dSASA_ratio"": -3.434269666671753, ""dG_separated"": -39.338645935058594, ""dSASA_int"": 1145.473388671875, ""delta_unsatHbonds"": 6.0, ""hbonds_int"": 0.0, ""nres_int"": 40.0, ""packstat"": 0.4929599165916443, ""sc_value"": 0.7420942783355713}, ""B-D"": {""dG_dSASA_ratio"": -2.5501677989959717, ""dG_separated"": -42.538028717041016, ""dSASA_int"": 1668.048095703125, ""delta_unsatHbonds"": 13.0, ""hbonds_int"": 3.0, ""nres_int"": 71.0, ""packstat"": 0.5525899529457092, ""sc_value"": 0.6255651712417603}, ""C-D"": {""dG_dSASA_ratio"": -2.6433608531951904, ""dG_separated"": -26.26272201538086, ""dSASA_int"": 993.5352172851562, ""delta_unsatHbonds"": 1.0, ""hbonds_int"": 4.0, ""nres_int"": 48.0, ""packstat"": 0.62059485912323, ""sc_value"": 0.7049490213394165}}"
ova_body_c4_13_ms25_r03	AF3	161	7161	0	0	A-B,A-C,A-D,B-C,B-D,C-D	6	3	1	"{""A-B"": 24, ""A-C"": 64, ""A-D"": 38, ""B-C"": 36, ""B-D"": 61, ""C-D"": 24}"	A-D,B-C	A-B,A-C,B-D,C-D	0.22320508603458392	0.7584184408187866	0.0	-3.0228254795074463	1.8338546081473335	0.630734384059906	0.0	-2.562088966369629	5.724616947670706	"{""A-B"": {""dG_dSASA_ratio"": -2.6371686458587646, ""dG_separated"": -25.3621768951416, ""dSASA_int"": 961.719970703125, ""delta_unsatHbonds"": 0.0, ""hbonds_int"": 4.0, ""nres_int"": 46.0, ""packstat"": 0.5453122854232788, ""sc_value"": 0.6990264058113098}, ""A-C"": {""dG_dSASA_ratio"": -3.1082603931427, ""dG_separated"": -48.86675262451172, ""dSASA_int"": 1572.1575927734375, ""delta_unsatHbonds"": 9.0, ""hbonds_int"": 4.0, ""nres_int"": 71.0, ""packstat"": 0.6481676697731018, ""sc_value"": 0.639856219291687}, ""A-D"": {""dG_dSASA_ratio"": -3.0519933700561523, ""dG_separated"": -34.67488479614258, ""dSASA_int"": 1136.138916015625, ""delta_unsatHbonds"": 2.0, ""hbonds_int"": 0.0, ""nres_int"": 40.0, ""packstat"": 0.5578531622886658, ""sc_value"": 0.7584184408187866}, ""B-C"": {""dG_dSASA_ratio"": -3.0228254795074463, ""dG_separated"": -32.96690368652344, ""dSASA_int"": 1090.5989990234375, ""delta_unsatHbonds"": 2.0, ""hbonds_int"": 0.0, ""nres_int"": 40.0, ""packstat"": 0.5069571733474731, ""sc_value"": 0.8401691317558289}, ""B-D"": {""dG_dSASA_ratio"": -2.8404765129089355, ""dG_separated"": -45.62210464477539, ""dSASA_int"": 1606.142578125, ""delta_unsatHbonds"": 7.0, ""hbonds_int"": 4.0, ""nres_int"": 72.0, ""packstat"": 0.5121938586235046, ""sc_value"": 0.630734384059906}, ""C-D"": {""dG_dSASA_ratio"": -2.562088966369629, ""dG_separated"": -25.569345474243164, ""dSASA_int"": 997.9881591796875, ""delta_unsatHbonds"": 0.0, ""hbonds_int"": 4.0, ""nres_int"": 47.0, ""packstat"": 0.5871142148971558, ""sc_value"": 0.6733816862106323}}"
ova_body_c4_13_ms25_r03	AF3	162	7162	0	0	A-B,A-C,A-D,B-C,B-D,C-D	6	3	1	"{""A-B"": 21, ""A-C"": 66, ""A-D"": 35, ""B-C"": 37, ""B-D"": 55, ""C-D"": 25}"	A-D,B-C	A-B,A-C,B-D,C-D	0.22829061181591492	0.7901917695999146	0.0	-2.9724972248077393	3.6961283484178487	0.5413143634796143	0.0	-2.1029210090637207	6.808474628775991	"{""A-B"": {""dG_dSASA_ratio"": -2.1029210090637207, ""dG_separated"": -19.092510223388672, ""dSASA_int"": 907.9042358398438, ""delta_unsatHbonds"": 0.0, ""hbonds_int"": 3.0, ""nres_int"": 46.0, ""packstat"": 0.5598609447479248, ""sc_value"": 0.5413143634796143}, ""A-C"": {""dG_dSASA_ratio"": -3.024707317352295, ""dG_separated"": -48.868186950683594, ""dSASA_int"": 1615.633544921875, ""delta_unsatHbonds"": 11.0, ""hbonds_int"": 4.0, ""nres_int"": 75.0, ""packstat"": 0.6102638244628906, ""sc_value"": 0.6290090084075928}, ""A-D"": {""dG_dSASA_ratio"": -3.060478448867798, ""dG_separated"": -33.12091064453125, ""dSASA_int"": 1082.2135009765625, ""delta_unsatHbonds"": 4.0, ""hbonds_int"": 0.0, ""nres_int"": 40.0, ""packstat"": 0.5946445465087891, ""sc_value"": 0.7901917695999146}, ""B-C"": {""dG_dSASA_ratio"": -2.9724972248077393, ""dG_separated"": -33.3266487121582, ""dSASA_int"": 1121.166748046875, ""delta_unsatHbonds"": 4.0, ""hbonds_int"": 0.0, ""nres_int"": 40.0, ""packstat"": 0.5437312126159668, ""sc_value"": 0.7917313575744629}, ""B-D"": {""dG_dSASA_ratio"": -2.781024694442749, ""dG_separated"": -43.77039337158203, ""dSASA_int"": 1573.8944091796875, ""delta_unsatHbonds"": 5.0, ""hbonds_int"": 4.0, ""nres_int"": 68.0, ""packstat"": 0.6016126275062561, ""sc_value"": 0.5922646522521973}, ""C-D"": {""dG_dSASA_ratio"": -2.5203182697296143, ""dG_separated"": -25.49776268005371, ""dSASA_int"": 1011.688232421875, ""delta_unsatHbonds"": 0.0, ""hbonds_int"": 4.0, ""nres_int"": 48.0, ""packstat"": 0.5956557393074036, ""sc_value"": 0.6842222213745117}}"
ova_body_c4_13_ms25_r03	AF3	163	7163	0	0	A-B,A-C,A-D,B-C,B-D,C-D	6	3	1	"{""A-B"": 25, ""A-C"": 62, ""A-D"": 33, ""B-C"": 29, ""B-D"": 63, ""C-D"": 23}"	A-D,B-C	A-B,A-C,B-D,C-D	0.23784500844253195	0.6871830224990845	0.0	-2.262439012527466	5.35810117929025	0.6245464086532593	0.0	-2.262439012527466	6.969846857818203	"{""A-B"": {""dG_dSASA_ratio"": -2.345259666442871, ""dG_separated"": -23.475622177124023, ""dSASA_int"": 1000.9818115234375, ""delta_unsatHbonds"": 0.0, ""hbonds_int"": 4.0, ""nres_int"": 46.0, ""packstat"": 0.5209223031997681, ""sc_value"": 0.6714076995849609}, ""A-C"": {""dG_dSASA_ratio"": -3.1689579486846924, ""dG_separated"": -50.013343811035156, ""dSASA_int"": 1578.2269287109375, ""delta_unsatHbonds"": 11.0, ""hbonds_int"": 3.0, ""nres_int"": 74.0, ""packstat"": 0.6168615221977234, ""sc_value"": 0.6604386568069458}, ""A-D"": {""dG_dSASA_ratio"": -2.262439012527466, ""dG_separated"": -25.33478355407715, ""dSASA_int"": 1119.7996826171875, ""delta_unsatHbonds"": 6.0, ""hbonds_int"": 0.0, ""nres_int"": 37.0, ""packstat"": 0.5722092986106873, ""sc_value"": 0.7489867210388184}, ""B-C"": {""dG_dSASA_ratio"": -2.9306275844573975, ""dG_separated"": -34.22895812988281, ""dSASA_int"": 1167.9736328125, ""delta_unsatHbonds"": 4.0, ""hbonds_int"": 0.0, ""nres_int"": 40.0, ""packstat"": 0.5142108201980591, ""sc_value"": 0.6871830224990845}, ""B-D"": {""dG_dSASA_ratio"": -2.8717055320739746, ""dG_separated"": -47.6531982421875, ""dSASA_int"": 1659.4041748046875, ""delta_unsatHbonds"": 8.0, ""hbonds_int"": 5.0, ""nres_int"": 74.0, ""packstat"": 0.5848782658576965, ""sc_value"": 0.6245464086532593}, ""C-D"": {""dG_dSASA_ratio"": -2.523226737976074, ""dG_separated"": -24.899009704589844, ""dSASA_int"": 986.7922973632812, ""delta_unsatHbonds"": 0.0, ""hbonds_int"": 4.0, ""nres_int"": 48.0, ""packstat"": 0.5830956101417542, ""sc_value"": 0.6892602443695068}}"
ova_body_c4_13_ms25_r03	AF3	164	7164	0	0	A-B,A-C,A-D,B-C,B-D,C-D	6	3	1	"{""A-B"": 26, ""A-C"": 63, ""A-D"": 33, ""B-C"": 31, ""B-D"": 57, ""C-D"": 25}"	A-D,B-C	A-B,A-C,B-D,C-D	0.21911418203794167	0.6619608402252197	0.0	-3.237428665161133	6.3436898406488655	0.6365212202072144	0.0	-2.3697397708892822	7.899056794942278	"{""A-B"": {""dG_dSASA_ratio"": -2.8028202056884766, ""dG_separated"": -26.992162704467773, ""dSASA_int"": 963.0358276367188, ""delta_unsatHbonds"": 0.0, ""hbonds_int"": 5.0, ""nres_int"": 47.0, ""packstat"": 0.5752701163291931, ""sc_value"": 0.6859583258628845}, ""A-C"": {""dG_dSASA_ratio"": -2.693265676498413, ""dG_separated"": -44.32485580444336, ""dSASA_int"": 1645.76611328125, ""delta_unsatHbonds"": 13.0, ""hbonds_int"": 4.0, ""nres_int"": 71.0, ""packstat"": 0.6242033839225769, ""sc_value"": 0.6365212202072144}, ""A-D"": {""dG_dSASA_ratio"": -3.3106279373168945, ""dG_separated"": -36.53141403198242, ""dSASA_int"": 1103.458740234375, ""delta_unsatHbonds"": 7.0, ""hbonds_int"": 0.0, ""nres_int"": 40.0, ""packstat"": 0.567341685295105, ""sc_value"": 0.6859524250030518}, ""B-C"": {""dG_dSASA_ratio"": -3.237428665161133, ""dG_separated"": -35.41877746582031, ""dSASA_int"": 1094.0404052734375, ""delta_unsatHbonds"": 4.0, ""hbonds_int"": 0.0, ""nres_int"": 40.0, ""packstat"": 0.48681166768074036, ""sc_value"": 0.6619608402252197}, ""B-D"": {""dG_dSASA_ratio"": -2.888289213180542, ""dG_separated"": -46.123069763183594, ""dSASA_int"": 1596.899169921875, ""delta_unsatHbonds"": 6.0, ""hbonds_int"": 5.0, ""nres_int"": 73.0, ""packstat"": 0.6300870776176453, ""sc_value"": 0.6461168527603149}, ""C-D"": {""dG_dSASA_ratio"": -2.3697397708892822, ""dG_separated"": -24.481386184692383, ""dSASA_int"": 1033.0833740234375, ""delta_unsatHbonds"": 0.0, ""hbonds_int"": 5.0, ""nres_int"": 48.0, ""packstat"": 0.5302073359489441, ""sc_value"": 0.6723936796188354}}"
ova_body_c4_13_ms25_r03	AF3	165	7165	0	0	A-B,A-C,A-D,B-C,B-D,C-D	6	3	1	"{""A-B"": 25, ""A-C"": 64, ""A-D"": 35, ""B-C"": 35, ""B-D"": 59, ""C-D"": 25}"	A-D,B-C	A-B,A-C,B-D,C-D	0.2465645523059165	0.703169584274292	0.0	-3.1126999855041504	3.6112907499026865	0.6212178468704224	0.0	-2.4789328575134277	6.638266136039519	"{""A-B"": {""dG_dSASA_ratio"": -2.4789328575134277, ""dG_separated"": -25.02608871459961, ""dSASA_int"": 1009.5508422851562, ""delta_unsatHbonds"": 0.0, ""hbonds_int"": 4.0, ""nres_int"": 46.0, ""packstat"": 0.59727942943573, ""sc_value"": 0.6746519804000854}, ""A-C"": {""dG_dSASA_ratio"": -2.880319356918335, ""dG_separated"": -47.72859573364258, ""dSASA_int"": 1657.0592041015625, ""delta_unsatHbonds"": 11.0, ""hbonds_int"": 3.0, ""nres_int"": 75.0, ""packstat"": 0.5768126249313354, ""sc_value"": 0.6237689256668091}, ""A-D"": {""dG_dSASA_ratio"": -3.425276517868042, ""dG_separated"": -37.93963623046875, ""dSASA_int"": 1107.63720703125, ""delta_unsatHbonds"": 4.0, ""hbonds_int"": 0.0, ""nres_int"": 38.0, ""packstat"": 0.5204716324806213, ""sc_value"": 0.703169584274292}, ""B-C"": {""dG_dSASA_ratio"": -3.1126999855041504, ""dG_separated"": -34.62030029296875, ""dSASA_int"": 1112.227294921875, ""delta_unsatHbonds"": 2.0, ""hbonds_int"": 0.0, ""nres_int"": 40.0, ""packstat"": 0.5313298106193542, ""sc_value"": 0.804125189781189}, ""B-D"": {""dG_dSASA_ratio"": -2.805046558380127, ""dG_separated"": -44.01826477050781, ""dSASA_int"": 1569.2525634765625, ""delta_unsatHbonds"": 4.0, ""hbonds_int"": 4.0, ""nres_int"": 68.0, ""packstat"": 0.5640984177589417, ""sc_value"": 0.6212178468704224}, ""C-D"": {""dG_dSASA_ratio"": -2.699542284011841, ""dG_separated"": -26.410478591918945, ""dSASA_int"": 978.3316650390625, ""delta_unsatHbonds"": 0.0, ""hbonds_int"": 5.0, ""nres_int"": 47.0, ""packstat"": 0.5698335766792297, ""sc_value"": 0.6888195276260376}}"
ova_body_c4_13_ms25_r03	AF3	166	7166	0	0	A-B,A-C,A-D,B-C,B-D,C-D	6	3	1	"{""A-B"": 22, ""A-C"": 67, ""A-D"": 36, ""B-C"": 38, ""B-D"": 59, ""C-D"": 24}"	A-D,B-C	A-B,A-C,B-D,C-D	0.23272579758181305	0.759242594242096	0.0	-3.02752423286438	4.39248105045498	0.5983335971832275	0.0	-2.557913064956665	6.856507016293335	"{""A-B"": {""dG_dSASA_ratio"": -2.5894534587860107, ""dG_separated"": -25.00603675842285, ""dSASA_int"": 965.687744140625, ""delta_unsatHbonds"": 1.0, ""hbonds_int"": 4.0, ""nres_int"": 46.0, ""packstat"": 0.6043557524681091, ""sc_value"": 0.6970826387405396}, ""A-C"": {""dG_dSASA_ratio"": -3.0472042560577393, ""dG_separated"": -49.603111267089844, ""dSASA_int"": 1627.8236083984375, ""delta_unsatHbonds"": 10.0, ""hbonds_int"": 4.0, ""nres_int"": 75.0, ""packstat"": 0.621573805809021, ""sc_value"": 0.6465281248092651}, ""A-D"": {""dG_dSASA_ratio"": -3.02752423286438, ""dG_separated"": -34.46257781982422, ""dSASA_int"": 1138.308837890625, ""delta_unsatHbonds"": 5.0, ""hbonds_int"": 0.0, ""nres_int"": 40.0, ""packstat"": 0.5990022420883179, ""sc_value"": 0.815802812576294}, ""B-C"": {""dG_dSASA_ratio"": -3.1078712940216064, ""dG_separated"": -35.49163818359375, ""dSASA_int"": 1141.9918212890625, ""delta_unsatHbonds"": 2.0, ""hbonds_int"": 0.0, ""nres_int"": 41.0, ""packstat"": 0.5173130035400391, ""sc_value"": 0.759242594242096}, ""B-D"": {""dG_dSASA_ratio"": -2.7376835346221924, ""dG_separated"": -43.92108154296875, ""dSASA_int"": 1604.3154296875, ""delta_unsatHbonds"": 11.0, ""hbonds_int"": 3.0, ""nres_int"": 70.0, ""packstat"": 0.6167514324188232, ""sc_value"": 0.5983335971832275}, ""C-D"": {""dG_dSASA_ratio"": -2.557913064956665, ""dG_separated"": -25.467403411865234, ""dSASA_int"": 995.6321411132812, ""delta_unsatHbonds"": 0.0, ""hbonds_int"": 4.0, ""nres_int"": 48.0, ""packstat"": 0.5505870580673218, ""sc_value"": 0.6849755644798279}}"
ova_body_c4_13_ms25_r03	AF3	167	7167	0	0	A-B,A-C,A-D,B-C,B-D,C-D	6	3	1	"{""A-B"": 24, ""A-C"": 63, ""A-D"": 34, ""B-C"": 37, ""B-D"": 56, ""C-D"": 25}"	A-D,B-C	A-B,A-C,B-D,C-D	0.22963957564154472	0.7829338312149048	0.0	-2.7296502590179443	3.6000910569906015	0.6097705364227295	0.0	-2.5184178352355957	4.407808024833275	"{""A-B"": {""dG_dSASA_ratio"": -2.5184178352355957, ""dG_separated"": -24.582515716552734, ""dSASA_int"": 976.1095581054688, ""delta_unsatHbonds"": 0.0, ""hbonds_int"": 4.0, ""nres_int"": 46.0, ""packstat"": 0.5195571780204773, ""sc_value"": 0.6504874229431152}, ""A-C"": {""dG_dSASA_ratio"": -2.9578335285186768, ""dG_separated"": -46.97309112548828, ""dSASA_int"": 1588.0909423828125, ""delta_unsatHbonds"": 7.0, ""hbonds_int"": 4.0, ""nres_int"": 72.0, ""packstat"": 0.6104423403739929, ""sc_value"": 0.6424688100814819}, ""A-D"": {""dG_dSASA_ratio"": -2.928283214569092, ""dG_separated"": -30.93480682373047, ""dSASA_int"": 1056.4144287109375, ""delta_unsatHbonds"": 2.0, ""hbonds_int"": 0.0, ""nres_int"": 40.0, ""packstat"": 0.6413573622703552, ""sc_value"": 0.8054698705673218}, ""B-C"": {""dG_dSASA_ratio"": -2.7296502590179443, ""dG_separated"": -30.328678131103516, ""dSASA_int"": 1111.0830078125, ""delta_unsatHbonds"": 4.0, ""hbonds_int"": 0.0, ""nres_int"": 40.0, ""packstat"": 0.5093994140625, ""sc_value"": 0.7829338312149048}, ""B-D"": {""dG_dSASA_ratio"": -2.857679843902588, ""dG_separated"": -45.37115478515625, ""dSASA_int"": 1587.6920166015625, ""delta_unsatHbonds"": 3.0, ""hbonds_int"": 4.0, ""nres_int"": 69.0, ""packstat"": 0.6500354409217834, ""sc_value"": 0.6097705364227295}, ""C-D"": {""dG_dSASA_ratio"": -2.549417018890381, ""dG_separated"": -25.593568801879883, ""dSASA_int"": 1003.89892578125, ""delta_unsatHbonds"": 0.0, ""hbonds_int"": 4.0, ""nres_int"": 48.0, ""packstat"": 0.5875351428985596, ""sc_value"": 0.6937944889068604}}"
ova_body_c4_13_ms25_r03	AF3	168	7168	0	0	A-B,A-C,A-D,B-C,B-D,C-D	6	3	1	"{""A-B"": 22, ""A-C"": 65, ""A-D"": 39, ""B-C"": 37, ""B-D"": 64, ""C-D"": 25}"	A-D,B-C	A-B,A-C,B-D,C-D	0.22909655861505498	0.6343261003494263	0.0	-2.903935194015503	2.5481275834707224	0.6248787641525269	0.0	-2.5404765605926514	6.236792400614635	"{""A-B"": {""dG_dSASA_ratio"": -2.5404765605926514, ""dG_separated"": -22.993968963623047, ""dSASA_int"": 905.1045532226562, ""delta_unsatHbonds"": 0.0, ""hbonds_int"": 3.0, ""nres_int"": 45.0, ""packstat"": 0.5366436243057251, ""sc_value"": 0.6980577707290649}, ""A-C"": {""dG_dSASA_ratio"": -3.1253106594085693, ""dG_separated"": -50.11086654663086, ""dSASA_int"": 1603.3883056640625, ""delta_unsatHbonds"": 10.0, ""hbonds_int"": 4.0, ""nres_int"": 74.0, ""packstat"": 0.613652765750885, ""sc_value"": 0.6590580940246582}, ""A-D"": {""dG_dSASA_ratio"": -2.903935194015503, ""dG_separated"": -34.18904495239258, ""dSASA_int"": 1177.3350830078125, ""delta_unsatHbonds"": 3.0, ""hbonds_int"": 0.0, ""nres_int"": 39.0, ""packstat"": 0.5720714926719666, ""sc_value"": 0.6343261003494263}, ""B-C"": {""dG_dSASA_ratio"": -2.926109552383423, ""dG_separated"": -32.9825553894043, ""dSASA_int"": 1127.18115234375, ""delta_unsatHbonds"": 2.0, ""hbonds_int"": 0.0, ""nres_int"": 40.0, ""packstat"": 0.56257164478302, ""sc_value"": 0.8077553510665894}, ""B-D"": {""dG_dSASA_ratio"": -2.8617751598358154, ""dG_separated"": -47.64269256591797, ""dSASA_int"": 1664.7950439453125, ""delta_unsatHbonds"": 2.0, ""hbonds_int"": 4.0, ""nres_int"": 73.0, ""packstat"": 0.5609195828437805, ""sc_value"": 0.6248787641525269}, ""C-D"": {""dG_dSASA_ratio"": -2.719287872314453, ""dG_separated"": -26.9597225189209, ""dSASA_int"": 991.4258422851562, ""delta_unsatHbonds"": 2.0, ""hbonds_int"": 4.0, ""nres_int"": 47.0, ""packstat"": 0.5889639854431152, ""sc_value"": 0.6922810077667236}}"
ova_body_c4_13_ms25_r03	AF3	169	7169	0	0	A-B,A-C,A-D,B-C,B-D,C-D	6	3	1	"{""A-B"": 25, ""A-C"": 63, ""A-D"": 33, ""B-C"": 29, ""B-D"": 57, ""C-D"": 25}"	A-D,B-C	A-B,A-C,B-D,C-D	0.2579210536105719	0.6284270286560059	0.0	-2.6026647090911865	5.43756934278226	0.596450686454773	0.0	-2.5024404525756836	6.192405413879757	"{""A-B"": {""dG_dSASA_ratio"": -2.6658411026000977, ""dG_separated"": -26.413537979125977, ""dSASA_int"": 990.8143920898438, ""delta_unsatHbonds"": 0.0, ""hbonds_int"": 5.0, ""nres_int"": 45.0, ""packstat"": 0.5966250896453857, ""sc_value"": 0.6961323022842407}, ""A-C"": {""dG_dSASA_ratio"": -2.9201016426086426, ""dG_separated"": -47.15617752075195, ""dSASA_int"": 1614.88134765625, ""delta_unsatHbonds"": 10.0, ""hbonds_int"": 4.0, ""nres_int"": 72.0, ""packstat"": 0.5972410440444946, ""sc_value"": 0.6247240304946899}, ""A-D"": {""dG_dSASA_ratio"": -2.6261773109436035, ""dG_separated"": -28.978137969970703, ""dSASA_int"": 1103.4342041015625, ""delta_unsatHbonds"": 6.0, ""hbonds_int"": 0.0, ""nres_int"": 37.0, ""packstat"": 0.5573663711547852, ""sc_value"": 0.6284270286560059}, ""B-C"": {""dG_dSASA_ratio"": -2.6026647090911865, ""dG_separated"": -29.834178924560547, ""dSASA_int"": 1146.2935791015625, ""delta_unsatHbonds"": 4.0, ""hbonds_int"": 0.0, ""nres_int"": 37.0, ""packstat"": 0.5702036023139954, ""sc_value"": 0.6650552749633789}, ""B-D"": {""dG_dSASA_ratio"": -2.886392593383789, ""dG_separated"": -45.96881866455078, ""dSASA_int"": 1592.6044921875, ""delta_unsatHbonds"": 9.0, ""hbonds_int"": 6.0, ""nres_int"": 74.0, ""packstat"": 0.5801816582679749, ""sc_value"": 0.596450686454773}, ""C-D"": {""dG_dSASA_ratio"": -2.5024404525756836, ""dG_separated"": -25.253511428833008, ""dSASA_int"": 1009.1553344726562, ""delta_unsatHbonds"": 0.0, ""hbonds_int"": 4.0, ""nres_int"": 48.0, ""packstat"": 0.5764613747596741, ""sc_value"": 0.6745285987854004}}"
ova_body_c4_13_ms25_r03	AF3	170	7170	0	0	A-B,A-C,A-D,B-C,B-D,C-D	6	3	1	"{""A-B"": 25, ""A-C"": 63, ""A-D"": 36, ""B-C"": 37, ""B-D"": 63, ""C-D"": 24}"	A-D,B-C	A-B,A-C,B-D,C-D	0.23776408110350183	0.6358036398887634	0.0	-2.5671157836914062	7.045362800815523	0.6247627139091492	0.0	-2.5079123973846436	7.045362800815523	"{""A-B"": {""dG_dSASA_ratio"": -2.5079123973846436, ""dG_separated"": -24.57770538330078, ""dSASA_int"": 980.0065307617188, ""delta_unsatHbonds"": 0.0, ""hbonds_int"": 4.0, ""nres_int"": 46.0, ""packstat"": 0.5818294882774353, ""sc_value"": 0.6781426668167114}, ""A-C"": {""dG_dSASA_ratio"": -3.0488359928131104, ""dG_separated"": -47.520084381103516, ""dSASA_int"": 1558.6304931640625, ""delta_unsatHbonds"": 9.0, ""hbonds_int"": 5.0, ""nres_int"": 74.0, ""packstat"": 0.5612336993217468, ""sc_value"": 0.6247627139091492}, ""A-D"": {""dG_dSASA_ratio"": -2.5671157836914062, ""dG_separated"": -29.149564743041992, ""dSASA_int"": 1135.4986572265625, ""delta_unsatHbonds"": 8.0, ""hbonds_int"": 0.0, ""nres_int"": 37.0, ""packstat"": 0.5712990164756775, ""sc_value"": 0.6358036398887634}, ""B-C"": {""dG_dSASA_ratio"": -2.872748374938965, ""dG_separated"": -32.83045196533203, ""dSASA_int"": 1142.82373046875, ""delta_unsatHbonds"": 0.0, ""hbonds_int"": 0.0, ""nres_int"": 40.0, ""packstat"": 0.5445393323898315, ""sc_value"": 0.7928651571273804}, ""B-D"": {""dG_dSASA_ratio"": -2.8726868629455566, ""dG_separated"": -46.802101135253906, ""dSASA_int"": 1629.2099609375, ""delta_unsatHbonds"": 10.0, ""hbonds_int"": 4.0, ""nres_int"": 72.0, ""packstat"": 0.6026495099067688, ""sc_value"": 0.6401944756507874}, ""C-D"": {""dG_dSASA_ratio"": -2.6762278079986572, ""dG_separated"": -24.595022201538086, ""dSASA_int"": 919.018310546875, ""delta_unsatHbonds"": 0.0, ""hbonds_int"": 4.0, ""nres_int"": 47.0, ""packstat"": 0.6520578265190125, ""sc_value"": 0.713362455368042}}"
ova_body_c4_13_ms25_r03	AF3	171	7171	0	0	A-B,A-C,A-D,B-C,B-D,C-D	6	3	1	"{""A-B"": 24, ""A-C"": 63, ""A-D"": 37, ""B-C"": 37, ""B-D"": 57, ""C-D"": 22}"	A-D,B-C	A-B,A-C,B-D,C-D	0.22564805337650615	0.7444684505462646	0.0	-2.4073867797851562	5.357445909165176	0.5335213541984558	0.0	-2.0991480350494385	5.357445909165176	"{""A-B"": {""dG_dSASA_ratio"": -2.5986313819885254, ""dG_separated"": -24.837053298950195, ""dSASA_int"": 955.7744140625, ""delta_unsatHbonds"": 0.0, ""hbonds_int"": 4.0, ""nres_int"": 45.0, ""packstat"": 0.6281243562698364, ""sc_value"": 0.6893966197967529}, ""A-C"": {""dG_dSASA_ratio"": -3.0049054622650146, ""dG_separated"": -48.15780258178711, ""dSASA_int"": 1602.6395263671875, ""delta_unsatHbonds"": 6.0, ""hbonds_int"": 4.0, ""nres_int"": 73.0, ""packstat"": 0.6061089634895325, ""sc_value"": 0.6050196886062622}, ""A-D"": {""dG_dSASA_ratio"": -2.4073867797851562, ""dG_separated"": -26.96120834350586, ""dSASA_int"": 1119.9366455078125, ""delta_unsatHbonds"": 6.0, ""hbonds_int"": 0.0, ""nres_int"": 38.0, ""packstat"": 0.5608022809028625, ""sc_value"": 0.7444684505462646}, ""B-C"": {""dG_dSASA_ratio"": -3.051583766937256, ""dG_separated"": -33.4228630065918, ""dSASA_int"": 1095.2628173828125, ""delta_unsatHbonds"": 4.0, ""hbonds_int"": 0.0, ""nres_int"": 40.0, ""packstat"": 0.546173632144928, ""sc_value"": 0.8020788431167603}, ""B-D"": {""dG_dSASA_ratio"": -2.723426342010498, ""dG_separated"": -43.565731048583984, ""dSASA_int"": 1599.666259765625, ""delta_unsatHbonds"": 8.0, ""hbonds_int"": 3.0, ""nres_int"": 73.0, ""packstat"": 0.5498093366622925, ""sc_value"": 0.5965476036071777}, ""C-D"": {""dG_dSASA_ratio"": -2.0991480350494385, ""dG_separated"": -19.59014320373535, ""dSASA_int"": 933.2426147460938, ""delta_unsatHbonds"": 0.0, ""hbonds_int"": 4.0, ""nres_int"": 47.0, ""packstat"": 0.5970180034637451, ""sc_value"": 0.5335213541984558}}"
ova_body_c4_13_ms25_r03	AF3	172	7172	0	0	A-B,A-C,A-D,B-C,B-D,C-D	6	3	1	"{""A-B"": 23, ""A-C"": 66, ""A-D"": 34, ""B-C"": 37, ""B-D"": 61, ""C-D"": 25}"	A-D,B-C	A-B,A-C,B-D,C-D	0.2675125018938613	0.7044732570648193	0.0	-2.675774097442627	8.820011261879614	0.5903471112251282	0.0	-2.496549606323242	8.820011261879614	"{""A-B"": {""dG_dSASA_ratio"": -2.5827460289001465, ""dG_separated"": -24.928672790527344, ""dSASA_int"": 965.2003173828125, ""delta_unsatHbonds"": 0.0, ""hbonds_int"": 4.0, ""nres_int"": 45.0, ""packstat"": 0.578313946723938, ""sc_value"": 0.693490743637085}, ""A-C"": {""dG_dSASA_ratio"": -2.9805328845977783, ""dG_separated"": -47.12712097167969, ""dSASA_int"": 1581.164306640625, ""delta_unsatHbonds"": 8.0, ""hbonds_int"": 4.0, ""nres_int"": 74.0, ""packstat"": 0.6009382605552673, ""sc_value"": 0.5962542295455933}, ""A-D"": {""dG_dSASA_ratio"": -2.675774097442627, ""dG_separated"": -30.337535858154297, ""dSASA_int"": 1133.785400390625, ""delta_unsatHbonds"": 10.0, ""hbonds_int"": 0.0, ""nres_int"": 38.0, ""packstat"": 0.5221616625785828, ""sc_value"": 0.7044732570648193}, ""B-C"": {""dG_dSASA_ratio"": -3.2067160606384277, ""dG_separated"": -36.476806640625, ""dSASA_int"": 1137.5128173828125, ""delta_unsatHbonds"": 2.0, ""hbonds_int"": 0.0, ""nres_int"": 40.0, ""packstat"": 0.5710030198097229, ""sc_value"": 0.8000025749206543}, ""B-D"": {""dG_dSASA_ratio"": -2.790724277496338, ""dG_separated"": -44.91423034667969, ""dSASA_int"": 1609.4112548828125, ""delta_unsatHbonds"": 12.0, ""hbonds_int"": 4.0, ""nres_int"": 72.0, ""packstat"": 0.5696771740913391, ""sc_value"": 0.5903471112251282}, ""C-D"": {""dG_dSASA_ratio"": -2.496549606323242, ""dG_separated"": -25.4261417388916, ""dSASA_int"": 1018.4512329101562, ""delta_unsatHbonds"": 0.0, ""hbonds_int"": 4.0, ""nres_int"": 47.0, ""packstat"": 0.5806401968002319, ""sc_value"": 0.6857782602310181}}"
ova_body_c4_13_ms25_r03	AF3	173	7173	0	0	A-B,A-C,A-D,B-C,B-D,C-D	6	3	1	"{""A-B"": 25, ""A-C"": 63, ""A-D"": 38, ""B-C"": 36, ""B-D"": 60, ""C-D"": 23}"	A-D,B-C	A-B,A-C,B-D,C-D	0.22818660946953415	0.7716599106788635	0.0	-2.8225765228271484	3.624234724942285	0.5907077789306641	0.0	-2.6434977054595947	6.710744153698323	"{""A-B"": {""dG_dSASA_ratio"": -2.6434977054595947, ""dG_separated"": -25.495014190673828, ""dSASA_int"": 964.4425048828125, ""delta_unsatHbonds"": 0.0, ""hbonds_int"": 4.0, ""nres_int"": 47.0, ""packstat"": 0.6009618639945984, ""sc_value"": 0.6700193881988525}, ""A-C"": {""dG_dSASA_ratio"": -2.8575918674468994, ""dG_separated"": -46.840576171875, ""dSASA_int"": 1639.1624755859375, ""delta_unsatHbonds"": 11.0, ""hbonds_int"": 4.0, ""nres_int"": 73.0, ""packstat"": 0.5839825868606567, ""sc_value"": 0.626029372215271}, ""A-D"": {""dG_dSASA_ratio"": -2.8225765228271484, ""dG_separated"": -31.15224838256836, ""dSASA_int"": 1103.6812744140625, ""delta_unsatHbonds"": 4.0, ""hbonds_int"": 0.0, ""nres_int"": 40.0, ""packstat"": 0.6082395911216736, ""sc_value"": 0.7997637391090393}, ""B-C"": {""dG_dSASA_ratio"": -3.3476107120513916, ""dG_separated"": -36.94453430175781, ""dSASA_int"": 1103.6090087890625, ""delta_unsatHbonds"": 2.0, ""hbonds_int"": 0.0, ""nres_int"": 40.0, ""packstat"": 0.5333892107009888, ""sc_value"": 0.7716599106788635}, ""B-D"": {""dG_dSASA_ratio"": -2.7109127044677734, ""dG_separated"": -43.29512023925781, ""dSASA_int"": 1597.0679931640625, ""delta_unsatHbonds"": 7.0, ""hbonds_int"": 4.0, ""nres_int"": 69.0, ""packstat"": 0.614898145198822, ""sc_value"": 0.5907077789306641}, ""C-D"": {""dG_dSASA_ratio"": -2.8509960174560547, ""dG_separated"": -28.59428596496582, ""dSASA_int"": 1002.957763671875, ""delta_unsatHbonds"": 2.0, ""hbonds_int"": 5.0, ""nres_int"": 48.0, ""packstat"": 0.5939003229141235, ""sc_value"": 0.6675461530685425}}"
ova_body_c4_13_ms25_r03	AF3	174	7174	0	0	A-B,A-C,A-D,B-C,B-D,C-D	6	3	1	"{""A-B"": 25, ""A-C"": 57, ""A-D"": 36, ""B-C"": 29, ""B-D"": 64, ""C-D"": 25}"	A-D,B-C	A-B,A-C,B-D,C-D	0.22999914027472823	0.7677255868911743	0.0	-3.010152578353882	6.78034640731148	0.6140680909156799	0.0	-2.5710654258728027	6.78034640731148	"{""A-B"": {""dG_dSASA_ratio"": -2.765369415283203, ""dG_separated"": -27.369609832763672, ""dSASA_int"": 989.7271118164062, ""delta_unsatHbonds"": 2.0, ""hbonds_int"": 5.0, ""nres_int"": 46.0, ""packstat"": 0.6167071461677551, ""sc_value"": 0.6689226627349854}, ""A-C"": {""dG_dSASA_ratio"": -2.8295364379882812, ""dG_separated"": -43.75546646118164, ""dSASA_int"": 1546.3828125, ""delta_unsatHbonds"": 10.0, ""hbonds_int"": 3.0, ""nres_int"": 68.0, ""packstat"": 0.6147779822349548, ""sc_value"": 0.6352108716964722}, ""A-D"": {""dG_dSASA_ratio"": -3.010152578353882, ""dG_separated"": -33.51350021362305, ""dSASA_int"": 1113.348876953125, ""delta_unsatHbonds"": 4.0, ""hbonds_int"": 0.0, ""nres_int"": 40.0, ""packstat"": 0.6072076559066772, ""sc_value"": 0.7765836119651794}, ""B-C"": {""dG_dSASA_ratio"": -3.330390453338623, ""dG_separated"": -34.38280487060547, ""dSASA_int"": 1032.3956298828125, ""delta_unsatHbonds"": 7.0, ""hbonds_int"": 0.0, ""nres_int"": 39.0, ""packstat"": 0.4941040575504303, ""sc_value"": 0.7677255868911743}, ""B-D"": {""dG_dSASA_ratio"": -2.893089532852173, ""dG_separated"": -48.18090057373047, ""dSASA_int"": 1665.37890625, ""delta_unsatHbonds"": 10.0, ""hbonds_int"": 4.0, ""nres_int"": 75.0, ""packstat"": 0.5256945490837097, ""sc_value"": 0.6140680909156799}, ""C-D"": {""dG_dSASA_ratio"": -2.5710654258728027, ""dG_separated"": -25.876249313354492, ""dSASA_int"": 1006.440673828125, ""delta_unsatHbonds"": 0.0, ""hbonds_int"": 4.0, ""nres_int"": 48.0, ""packstat"": 0.5894957184791565, ""sc_value"": 0.6764662861824036}}"
ova_body_c4_13_ms25_r03	AF3	175	7175	0	0	A-B,A-C,A-D,B-C,B-D,C-D	6	3	1	"{""A-B"": 26, ""A-C"": 58, ""A-D"": 36, ""B-C"": 34, ""B-D"": 65, ""C-D"": 25}"	A-D,B-C	A-B,A-C,B-D,C-D	0.21929770944540847	0.7798377275466919	0.0	-2.7718284130096436	3.5129221137525093	0.5960675477981567	0.0	-2.2591781616210938	5.957604574614161	"{""A-B"": {""dG_dSASA_ratio"": -2.2591781616210938, ""dG_separated"": -22.664207458496094, ""dSASA_int"": 1003.2058715820312, ""delta_unsatHbonds"": 0.0, ""hbonds_int"": 4.0, ""nres_int"": 45.0, ""packstat"": 0.5373733639717102, ""sc_value"": 0.6600818634033203}, ""A-C"": {""dG_dSASA_ratio"": -2.8199973106384277, ""dG_separated"": -43.84618377685547, ""dSASA_int"": 1554.8306884765625, ""delta_unsatHbonds"": 6.0, ""hbonds_int"": 3.0, ""nres_int"": 69.0, ""packstat"": 0.5964680314064026, ""sc_value"": 0.5960675477981567}, ""A-D"": {""dG_dSASA_ratio"": -2.7718284130096436, ""dG_separated"": -31.561511993408203, ""dSASA_int"": 1138.6531982421875, ""delta_unsatHbonds"": 4.0, ""hbonds_int"": 0.0, ""nres_int"": 40.0, ""packstat"": 0.5362678170204163, ""sc_value"": 0.7798377275466919}, ""B-C"": {""dG_dSASA_ratio"": -3.079343557357788, ""dG_separated"": -35.362850189208984, ""dSASA_int"": 1148.38916015625, ""delta_unsatHbonds"": 2.0, ""hbonds_int"": 0.0, ""nres_int"": 40.0, ""packstat"": 0.48300251364707947, ""sc_value"": 0.7969479560852051}, ""B-D"": {""dG_dSASA_ratio"": -2.9010977745056152, ""dG_separated"": -48.695709228515625, ""dSASA_int"": 1678.5269775390625, ""delta_unsatHbonds"": 10.0, ""hbonds_int"": 4.0, ""nres_int"": 75.0, ""packstat"": 0.6429073810577393, ""sc_value"": 0.6474781036376953}, ""C-D"": {""dG_dSASA_ratio"": -2.55598783493042, ""dG_separated"": -25.36260223388672, ""dSASA_int"": 992.2817993164062, ""delta_unsatHbonds"": 0.0, ""hbonds_int"": 4.0, ""nres_int"": 47.0, ""packstat"": 0.610622763633728, ""sc_value"": 0.6862638592720032}}"
ova_body_c4_13_ms25_r03	AF3	176	7176	0	0	A-B,A-C,A-D,B-C,B-D,C-D	6	3	1	"{""A-B"": 24, ""A-C"": 62, ""A-D"": 39, ""B-C"": 31, ""B-D"": 61, ""C-D"": 23}"	A-D,B-C	A-B,A-C,B-D,C-D	0.23969333354151473	0.7409871220588684	0.0	-2.9293501377105713	4.482098252277133	0.49329274892807007	0.0	-2.110609531402588	7.954232688344072	"{""A-B"": {""dG_dSASA_ratio"": -2.2657382488250732, ""dG_separated"": -22.25783348083496, ""dSASA_int"": 982.3656005859375, ""delta_unsatHbonds"": 0.0, ""hbonds_int"": 4.0, ""nres_int"": 45.0, ""packstat"": 0.5871671438217163, ""sc_value"": 0.6662599444389343}, ""A-C"": {""dG_dSASA_ratio"": -3.0512707233428955, ""dG_separated"": -48.18842697143555, ""dSASA_int"": 1579.2904052734375, ""delta_unsatHbonds"": 11.0, ""hbonds_int"": 4.0, ""nres_int"": 72.0, ""packstat"": 0.5970184803009033, ""sc_value"": 0.647567868232727}, ""A-D"": {""dG_dSASA_ratio"": -3.1241087913513184, ""dG_separated"": -36.56802749633789, ""dSASA_int"": 1170.5107421875, ""delta_unsatHbonds"": 5.0, ""hbonds_int"": 0.0, ""nres_int"": 41.0, ""packstat"": 0.5561440587043762, ""sc_value"": 0.7626041173934937}, ""B-C"": {""dG_dSASA_ratio"": -2.9293501377105713, ""dG_separated"": -32.6783332824707, ""dSASA_int"": 1115.5489501953125, ""delta_unsatHbonds"": 5.0, ""hbonds_int"": 0.0, ""nres_int"": 38.0, ""packstat"": 0.6026719808578491, ""sc_value"": 0.7409871220588684}, ""B-D"": {""dG_dSASA_ratio"": -2.8213672637939453, ""dG_separated"": -46.11101531982422, ""dSASA_int"": 1634.3499755859375, ""delta_unsatHbonds"": 13.0, ""hbonds_int"": 4.0, ""nres_int"": 76.0, ""packstat"": 0.5603283643722534, ""sc_value"": 0.6343569159507751}, ""C-D"": {""dG_dSASA_ratio"": -2.110609531402588, ""dG_separated"": -19.77544403076172, ""dSASA_int"": 936.9541625976562, ""delta_unsatHbonds"": 0.0, ""hbonds_int"": 4.0, ""nres_int"": 45.0, ""packstat"": 0.595923900604248, ""sc_value"": 0.49329274892807007}}"
ova_body_c4_13_ms25_r03	AF3	177	7177	0	0	A-B,A-C,A-D,B-C,B-D,C-D	6	3	1	"{""A-B"": 22, ""A-C"": 59, ""A-D"": 36, ""B-C"": 33, ""B-D"": 64, ""C-D"": 24}"	A-D,B-C	A-B,A-C,B-D,C-D	0.2519926412250603	0.6917126178741455	0.0	-2.6530280113220215	6.329240364227122	0.5930238962173462	0.0	-2.6530280113220215	7.763827878583752	"{""A-B"": {""dG_dSASA_ratio"": -2.6657164096832275, ""dG_separated"": -25.368860244750977, ""dSASA_int"": 951.67138671875, ""delta_unsatHbonds"": 0.0, ""hbonds_int"": 4.0, ""nres_int"": 45.0, ""packstat"": 0.5728433132171631, ""sc_value"": 0.6934999823570251}, ""A-C"": {""dG_dSASA_ratio"": -2.9787917137145996, ""dG_separated"": -46.140106201171875, ""dSASA_int"": 1548.9537353515625, ""delta_unsatHbonds"": 11.0, ""hbonds_int"": 4.0, ""nres_int"": 70.0, ""packstat"": 0.5652240514755249, ""sc_value"": 0.5930238962173462}, ""A-D"": {""dG_dSASA_ratio"": -2.6530280113220215, ""dG_separated"": -28.031816482543945, ""dSASA_int"": 1056.5970458984375, ""delta_unsatHbonds"": 4.0, ""hbonds_int"": 0.0, ""nres_int"": 38.0, ""packstat"": 0.5781995058059692, ""sc_value"": 0.7720819711685181}, ""B-C"": {""dG_dSASA_ratio"": -3.227180004119873, ""dG_separated"": -35.69190216064453, ""dSASA_int"": 1105.9779052734375, ""delta_unsatHbonds"": 7.0, ""hbonds_int"": 0.0, ""nres_int"": 40.0, ""packstat"": 0.5810484886169434, ""sc_value"": 0.6917126178741455}, ""B-D"": {""dG_dSASA_ratio"": -2.840463399887085, ""dG_separated"": -47.561622619628906, ""dSASA_int"": 1674.4317626953125, ""delta_unsatHbonds"": 13.0, ""hbonds_int"": 5.0, ""nres_int"": 74.0, ""packstat"": 0.5766261219978333, ""sc_value"": 0.5956107378005981}, ""C-D"": {""dG_dSASA_ratio"": -2.6674678325653076, ""dG_separated"": -26.279233932495117, ""dSASA_int"": 985.1753540039062, ""delta_unsatHbonds"": 2.0, ""hbonds_int"": 4.0, ""nres_int"": 46.0, ""packstat"": 0.52320396900177, ""sc_value"": 0.6871145963668823}}"
ova_body_c4_13_ms25_r03	AF3	178	7178	0	0	A-B,A-C,A-D,B-C,B-D,C-D	6	3	1	"{""A-B"": 26, ""A-C"": 62, ""A-D"": 33, ""B-C"": 32, ""B-D"": 61, ""C-D"": 26}"	A-D,B-C	A-B,A-C,B-D,C-D	0.2276974601244095	0.7080012559890747	0.0	-3.2575836181640625	3.552644360870953	0.6462804079055786	0.0	-2.5453550815582275	7.3689535904496255	"{""A-B"": {""dG_dSASA_ratio"": -2.7400975227355957, ""dG_separated"": -26.42283058166504, ""dSASA_int"": 964.3025512695312, ""delta_unsatHbonds"": 0.0, ""hbonds_int"": 4.0, ""nres_int"": 46.0, ""packstat"": 0.6492423415184021, ""sc_value"": 0.6916699409484863}, ""A-C"": {""dG_dSASA_ratio"": -2.859428644180298, ""dG_separated"": -46.56447219848633, ""dSASA_int"": 1628.4537353515625, ""delta_unsatHbonds"": 12.0, ""hbonds_int"": 4.0, ""nres_int"": 74.0, ""packstat"": 0.6402665376663208, ""sc_value"": 0.6472036838531494}, ""A-D"": {""dG_dSASA_ratio"": -3.2575836181640625, ""dG_separated"": -36.6778450012207, ""dSASA_int"": 1125.921875, ""delta_unsatHbonds"": 4.0, ""hbonds_int"": 0.0, ""nres_int"": 40.0, ""packstat"": 0.5467074513435364, ""sc_value"": 0.7080012559890747}, ""B-C"": {""dG_dSASA_ratio"": -3.382081985473633, ""dG_separated"": -37.19478225708008, ""dSASA_int"": 1099.7598876953125, ""delta_unsatHbonds"": 2.0, ""hbonds_int"": 0.0, ""nres_int"": 39.0, ""packstat"": 0.45685213804244995, ""sc_value"": 0.754912793636322}, ""B-D"": {""dG_dSASA_ratio"": -3.0039255619049072, ""dG_separated"": -48.698787689208984, ""dSASA_int"": 1621.171630859375, ""delta_unsatHbonds"": 8.0, ""hbonds_int"": 5.0, ""nres_int"": 74.0, ""packstat"": 0.5084285736083984, ""sc_value"": 0.6462804079055786}, ""C-D"": {""dG_dSASA_ratio"": -2.5453550815582275, ""dG_separated"": -26.54518699645996, ""dSASA_int"": 1042.8873291015625, ""delta_unsatHbonds"": 0.0, ""hbonds_int"": 5.0, ""nres_int"": 48.0, ""packstat"": 0.5589533448219299, ""sc_value"": 0.6767426133155823}}"
ova_body_c4_13_ms25_r03	AF3	179	7179	0	0	A-B,A-C,A-D,B-C,B-D,C-D	6	3	1	"{""A-B"": 21, ""A-C"": 61, ""A-D"": 36, ""B-C"": 35, ""B-D"": 58, ""C-D"": 25}"	A-D,B-C	A-B,A-C,B-D,C-D	0.23057809938634727	0.7867587804794312	0.0	-2.9580459594726562	5.561493986193346	0.5905627012252808	0.0	-2.5698328018188477	8.29651632165236	"{""A-B"": {""dG_dSASA_ratio"": -2.6463205814361572, ""dG_separated"": -23.686792373657227, ""dSASA_int"": 895.083984375, ""delta_unsatHbonds"": 0.0, ""hbonds_int"": 3.0, ""nres_int"": 47.0, ""packstat"": 0.5731322169303894, ""sc_value"": 0.6929889917373657}, ""A-C"": {""dG_dSASA_ratio"": -2.880840539932251, ""dG_separated"": -45.14054870605469, ""dSASA_int"": 1566.9227294921875, ""delta_unsatHbonds"": 13.0, ""hbonds_int"": 4.0, ""nres_int"": 70.0, ""packstat"": 0.600858211517334, ""sc_value"": 0.6098886728286743}, ""A-D"": {""dG_dSASA_ratio"": -3.271318197250366, ""dG_separated"": -35.79644775390625, ""dSASA_int"": 1094.2515869140625, ""delta_unsatHbonds"": 5.0, ""hbonds_int"": 0.0, ""nres_int"": 40.0, ""packstat"": 0.6289452910423279, ""sc_value"": 0.8236374855041504}, ""B-C"": {""dG_dSASA_ratio"": -2.9580459594726562, ""dG_separated"": -31.912784576416016, ""dSASA_int"": 1078.8468017578125, ""delta_unsatHbonds"": 6.0, ""hbonds_int"": 0.0, ""nres_int"": 40.0, ""packstat"": 0.42720556259155273, ""sc_value"": 0.7867587804794312}, ""B-D"": {""dG_dSASA_ratio"": -2.931774139404297, ""dG_separated"": -45.389923095703125, ""dSASA_int"": 1548.206787109375, ""delta_unsatHbonds"": 5.0, ""hbonds_int"": 4.0, ""nres_int"": 68.0, ""packstat"": 0.6548365950584412, ""sc_value"": 0.5905627012252808}, ""C-D"": {""dG_dSASA_ratio"": -2.5698328018188477, ""dG_separated"": -25.95108413696289, ""dSASA_int"": 1009.8355712890625, ""delta_unsatHbonds"": 0.0, ""hbonds_int"": 4.0, ""nres_int"": 48.0, ""packstat"": 0.526912271976471, ""sc_value"": 0.6899374127388}}"
ova_body_c4_13_ms25_r03	AF3	180	7180	0	0	A-B,A-C,A-D,B-C,B-D,C-D	6	3	1	"{""A-B"": 26, ""A-C"": 66, ""A-D"": 34, ""B-C"": 33, ""B-D"": 58, ""C-D"": 21}"	A-D,B-C	A-B,A-C,B-D,C-D	0.25519947101743834	0.7099133729934692	0.0	-2.856768846511841	3.613827345119519	0.6211400032043457	0.0	-2.0677077770233154	4.8015601553737275	"{""A-B"": {""dG_dSASA_ratio"": -2.5607733726501465, ""dG_separated"": -25.924468994140625, ""dSASA_int"": 1012.3687744140625, ""delta_unsatHbonds"": 0.0, ""hbonds_int"": 4.0, ""nres_int"": 47.0, ""packstat"": 0.568583607673645, ""sc_value"": 0.6908421516418457}, ""A-C"": {""dG_dSASA_ratio"": -2.8393683433532715, ""dG_separated"": -47.307430267333984, ""dSASA_int"": 1666.1251220703125, ""delta_unsatHbonds"": 8.0, ""hbonds_int"": 3.0, ""nres_int"": 75.0, ""packstat"": 0.5837284922599792, ""sc_value"": 0.6211400032043457}, ""A-D"": {""dG_dSASA_ratio"": -3.4095239639282227, ""dG_separated"": -37.7386474609375, ""dSASA_int"": 1106.8597412109375, ""delta_unsatHbonds"": 4.0, ""hbonds_int"": 0.0, ""nres_int"": 39.0, ""packstat"": 0.5581660270690918, ""sc_value"": 0.7099133729934692}, ""B-C"": {""dG_dSASA_ratio"": -2.856768846511841, ""dG_separated"": -33.20075988769531, ""dSASA_int"": 1162.1787109375, ""delta_unsatHbonds"": 4.0, ""hbonds_int"": 0.0, ""nres_int"": 40.0, ""packstat"": 0.47658607363700867, ""sc_value"": 0.7177325487136841}, ""B-D"": {""dG_dSASA_ratio"": -2.880070447921753, ""dG_separated"": -45.80034255981445, ""dSASA_int"": 1590.2506103515625, ""delta_unsatHbonds"": 7.0, ""hbonds_int"": 5.0, ""nres_int"": 69.0, ""packstat"": 0.5500863790512085, ""sc_value"": 0.64217209815979}, ""C-D"": {""dG_dSASA_ratio"": -2.0677077770233154, ""dG_separated"": -19.85863494873047, ""dSASA_int"": 960.4179077148438, ""delta_unsatHbonds"": 0.0, ""hbonds_int"": 3.0, ""nres_int"": 47.0, ""packstat"": 0.6428945064544678, ""sc_value"": 0.6754283905029297}}"
ova_body_c4_13_ms25_r03	AF3	181	7181	0	0	A-B,A-C,A-D,B-C,B-D,C-D	6	3	1	"{""A-B"": 25, ""A-C"": 60, ""A-D"": 31, ""B-C"": 38, ""B-D"": 59, ""C-D"": 24}"	A-D,B-C	A-B,A-C,B-D,C-D	0.2129734038180916	0.685248851776123	0.0	-2.950993061065674	4.598283883632433	0.5454763174057007	0.0	-2.1563873291015625	5.666750956717699	"{""A-B"": {""dG_dSASA_ratio"": -2.7503886222839355, ""dG_separated"": -26.76875877380371, ""dSASA_int"": 973.2719116210938, ""delta_unsatHbonds"": 0.0, ""hbonds_int"": 4.0, ""nres_int"": 47.0, ""packstat"": 0.5940719842910767, ""sc_value"": 0.6821725368499756}, ""A-C"": {""dG_dSASA_ratio"": -2.836901903152466, ""dG_separated"": -45.056007385253906, ""dSASA_int"": 1588.211669921875, ""delta_unsatHbonds"": 9.0, ""hbonds_int"": 4.0, ""nres_int"": 70.0, ""packstat"": 0.582109808921814, ""sc_value"": 0.6161757111549377}, ""A-D"": {""dG_dSASA_ratio"": -3.488248825073242, ""dG_separated"": -37.92989730834961, ""dSASA_int"": 1087.3621826171875, ""delta_unsatHbonds"": 5.0, ""hbonds_int"": 0.0, ""nres_int"": 40.0, ""packstat"": 0.5068559646606445, ""sc_value"": 0.685248851776123}, ""B-C"": {""dG_dSASA_ratio"": -2.950993061065674, ""dG_separated"": -32.569759368896484, ""dSASA_int"": 1103.6881103515625, ""delta_unsatHbonds"": 2.0, ""hbonds_int"": 0.0, ""nres_int"": 40.0, ""packstat"": 0.6093161106109619, ""sc_value"": 0.8156770467758179}, ""B-D"": {""dG_dSASA_ratio"": -2.635791540145874, ""dG_separated"": -43.658958435058594, ""dSASA_int"": 1656.388916015625, ""delta_unsatHbonds"": 9.0, ""hbonds_int"": 4.0, ""nres_int"": 68.0, ""packstat"": 0.5846754312515259, ""sc_value"": 0.6087578535079956}, ""C-D"": {""dG_dSASA_ratio"": -2.1563873291015625, ""dG_separated"": -20.073863983154297, ""dSASA_int"": 930.9025268554688, ""delta_unsatHbonds"": 0.0, ""hbonds_int"": 4.0, ""nres_int"": 46.0, ""packstat"": 0.5887883305549622, ""sc_value"": 0.5454763174057007}}"
ova_body_c4_13_ms25_r03	AF3	182	7182	0	0	A-B,A-C,A-D,B-C,B-D,C-D	6	3	1	"{""A-B"": 22, ""A-C"": 57, ""A-D"": 36, ""B-C"": 29, ""B-D"": 61, ""C-D"": 25}"	A-D,B-C	A-B,A-C,B-D,C-D	0.2237960541644277	0.7410333156585693	0.0	-3.1852097511291504	4.318876484771954	0.6206904649734497	0.0	-2.1166131496429443	5.054107078958085	"{""A-B"": {""dG_dSASA_ratio"": -2.1166131496429443, ""dG_separated"": -19.96706771850586, ""dSASA_int"": 943.349853515625, ""delta_unsatHbonds"": 0.0, ""hbonds_int"": 3.0, ""nres_int"": 44.0, ""packstat"": 0.5545417666435242, ""sc_value"": 0.6408497095108032}, ""A-C"": {""dG_dSASA_ratio"": -2.921678066253662, ""dG_separated"": -46.246395111083984, ""dSASA_int"": 1582.87109375, ""delta_unsatHbonds"": 8.0, ""hbonds_int"": 3.0, ""nres_int"": 71.0, ""packstat"": 0.608782947063446, ""sc_value"": 0.6497246026992798}, ""A-D"": {""dG_dSASA_ratio"": -3.1852097511291504, ""dG_separated"": -34.04008483886719, ""dSASA_int"": 1068.692138671875, ""delta_unsatHbonds"": 4.0, ""hbonds_int"": 0.0, ""nres_int"": 40.0, ""packstat"": 0.583060622215271, ""sc_value"": 0.8042019605636597}, ""B-C"": {""dG_dSASA_ratio"": -3.2362680435180664, ""dG_separated"": -37.466548919677734, ""dSASA_int"": 1157.70849609375, ""delta_unsatHbonds"": 5.0, ""hbonds_int"": 0.0, ""nres_int"": 40.0, ""packstat"": 0.5505693554878235, ""sc_value"": 0.7410333156585693}, ""B-D"": {""dG_dSASA_ratio"": -2.828860282897949, ""dG_separated"": -47.43278121948242, ""dSASA_int"": 1676.7452392578125, ""delta_unsatHbonds"": 7.0, ""hbonds_int"": 4.0, ""nres_int"": 74.0, ""packstat"": 0.5943287014961243, ""sc_value"": 0.6206904649734497}, ""C-D"": {""dG_dSASA_ratio"": -2.6154396533966064, ""dG_separated"": -26.86361312866211, ""dSASA_int"": 1027.116455078125, ""delta_unsatHbonds"": 0.0, ""hbonds_int"": 5.0, ""nres_int"": 48.0, ""packstat"": 0.5247747302055359, ""sc_value"": 0.6912835240364075}}"
ova_body_c4_13_ms25_r03	AF3	183	7183	0	0	A-B,A-C,A-D,B-C,B-D,C-D	6	3	1	"{""A-B"": 25, ""A-C"": 63, ""A-D"": 33, ""B-C"": 34, ""B-D"": 60, ""C-D"": 27}"	A-D,B-C	A-B,A-C,B-D,C-D	0.2403730146497379	0.7508026361465454	0.0	-3.438443183898926	4.491295045627873	0.6144798398017883	0.0	-2.6157941818237305	5.54476312509913	"{""A-B"": {""dG_dSASA_ratio"": -2.6399171352386475, ""dG_separated"": -25.710729598999023, ""dSASA_int"": 973.9218139648438, ""delta_unsatHbonds"": 0.0, ""hbonds_int"": 4.0, ""nres_int"": 47.0, ""packstat"": 0.49543705582618713, ""sc_value"": 0.6893778443336487}, ""A-C"": {""dG_dSASA_ratio"": -2.9437265396118164, ""dG_separated"": -47.67232894897461, ""dSASA_int"": 1619.4549560546875, ""delta_unsatHbonds"": 8.0, ""hbonds_int"": 4.0, ""nres_int"": 73.0, ""packstat"": 0.6258155107498169, ""sc_value"": 0.6568888425827026}, ""A-D"": {""dG_dSASA_ratio"": -3.481006383895874, ""dG_separated"": -37.030128479003906, ""dSASA_int"": 1063.7764892578125, ""delta_unsatHbonds"": 2.0, ""hbonds_int"": 0.0, ""nres_int"": 40.0, ""packstat"": 0.5750252604484558, ""sc_value"": 0.7958338260650635}, ""B-C"": {""dG_dSASA_ratio"": -3.438443183898926, ""dG_separated"": -38.27897262573242, ""dSASA_int"": 1113.2646484375, ""delta_unsatHbonds"": 5.0, ""hbonds_int"": 0.0, ""nres_int"": 40.0, ""packstat"": 0.5254767537117004, ""sc_value"": 0.7508026361465454}, ""B-D"": {""dG_dSASA_ratio"": -2.712906837463379, ""dG_separated"": -44.03463363647461, ""dSASA_int"": 1623.1531982421875, ""delta_unsatHbonds"": 9.0, ""hbonds_int"": 4.0, ""nres_int"": 73.0, ""packstat"": 0.5417505502700806, ""sc_value"": 0.6144798398017883}, ""C-D"": {""dG_dSASA_ratio"": -2.6157941818237305, ""dG_separated"": -26.69321060180664, ""dSASA_int"": 1020.462890625, ""delta_unsatHbonds"": 1.0, ""hbonds_int"": 5.0, ""nres_int"": 48.0, ""packstat"": 0.5833712816238403, ""sc_value"": 0.6920074224472046}}"
ova_body_c4_13_ms25_r03	AF3	184	7184	0	0	A-B,A-C,A-D,B-C,B-D,C-D	6	3	1	"{""A-B"": 22, ""A-C"": 62, ""A-D"": 36, ""B-C"": 37, ""B-D"": 68, ""C-D"": 25}"	A-D,B-C	A-B,A-C,B-D,C-D	0.22267631070329283	0.768891453742981	0.0	-2.9281628131866455	0.0	0.6350882053375244	0.0	-2.6056926250457764	8.281037717538979	"{""A-B"": {""dG_dSASA_ratio"": -2.6056926250457764, ""dG_separated"": -24.235435485839844, ""dSASA_int"": 930.095703125, ""delta_unsatHbonds"": 2.0, ""hbonds_int"": 3.0, ""nres_int"": 46.0, ""packstat"": 0.5754705667495728, ""sc_value"": 0.6837923526763916}, ""A-C"": {""dG_dSASA_ratio"": -2.9240148067474365, ""dG_separated"": -46.81275177001953, ""dSASA_int"": 1600.9752197265625, ""delta_unsatHbonds"": 13.0, ""hbonds_int"": 3.0, ""nres_int"": 72.0, ""packstat"": 0.6289340853691101, ""sc_value"": 0.6350882053375244}, ""A-D"": {""dG_dSASA_ratio"": -3.548902988433838, ""dG_separated"": -39.46525573730469, ""dSASA_int"": 1112.041015625, ""delta_unsatHbonds"": 0.0, ""hbonds_int"": 0.0, ""nres_int"": 40.0, ""packstat"": 0.5027467012405396, ""sc_value"": 0.768891453742981}, ""B-C"": {""dG_dSASA_ratio"": -2.9281628131866455, ""dG_separated"": -32.5444221496582, ""dSASA_int"": 1111.427978515625, ""delta_unsatHbonds"": 0.0, ""hbonds_int"": 0.0, ""nres_int"": 40.0, ""packstat"": 0.49191737174987793, ""sc_value"": 0.7799864411354065}, ""B-D"": {""dG_dSASA_ratio"": -2.914146661758423, ""dG_separated"": -49.26683807373047, ""dSASA_int"": 1690.609375, ""delta_unsatHbonds"": 14.0, ""hbonds_int"": 4.0, ""nres_int"": 75.0, ""packstat"": 0.621265172958374, ""sc_value"": 0.6518990993499756}, ""C-D"": {""dG_dSASA_ratio"": -2.6865720748901367, ""dG_separated"": -26.88997459411621, ""dSASA_int"": 1000.9027709960938, ""delta_unsatHbonds"": 2.0, ""hbonds_int"": 4.0, ""nres_int"": 47.0, ""packstat"": 0.586383581161499, ""sc_value"": 0.709855318069458}}"
ova_body_c4_13_ms25_r03	AF3	185	7185	0	0	A-B,A-C,A-D,B-C,B-D,C-D	6	3	1	"{""A-B"": 27, ""A-C"": 60, ""A-D"": 34, ""B-C"": 33, ""B-D"": 62, ""C-D"": 24}"	A-D,B-C	A-B,A-C,B-D,C-D	0.21310609387261245	0.6540674567222595	0.0	-2.936467170715332	3.6754074993657095	0.6185635328292847	0.0	-2.5746071338653564	6.3625766167387185	"{""A-B"": {""dG_dSASA_ratio"": -2.7701592445373535, ""dG_separated"": -26.808839797973633, ""dSASA_int"": 967.7724609375, ""delta_unsatHbonds"": 0.0, ""hbonds_int"": 5.0, ""nres_int"": 47.0, ""packstat"": 0.569546639919281, ""sc_value"": 0.6559615135192871}, ""A-C"": {""dG_dSASA_ratio"": -3.021411895751953, ""dG_separated"": -47.487239837646484, ""dSASA_int"": 1571.6903076171875, ""delta_unsatHbonds"": 10.0, ""hbonds_int"": 4.0, ""nres_int"": 71.0, ""packstat"": 0.6065289974212646, ""sc_value"": 0.6434741020202637}, ""A-D"": {""dG_dSASA_ratio"": -2.936467170715332, ""dG_separated"": -31.958003997802734, ""dSASA_int"": 1088.314697265625, ""delta_unsatHbonds"": 4.0, ""hbonds_int"": 0.0, ""nres_int"": 40.0, ""packstat"": 0.5188949108123779, ""sc_value"": 0.8338698744773865}, ""B-C"": {""dG_dSASA_ratio"": -3.1389782428741455, ""dG_separated"": -34.85540008544922, ""dSASA_int"": 1110.4058837890625, ""delta_unsatHbonds"": 0.0, ""hbonds_int"": 0.0, ""nres_int"": 40.0, ""packstat"": 0.5663930177688599, ""sc_value"": 0.6540674567222595}, ""B-D"": {""dG_dSASA_ratio"": -2.8474011421203613, ""dG_separated"": -46.730796813964844, ""dSASA_int"": 1641.1734619140625, ""delta_unsatHbonds"": 7.0, ""hbonds_int"": 4.0, ""nres_int"": 71.0, ""packstat"": 0.6286411285400391, ""sc_value"": 0.6185635328292847}, ""C-D"": {""dG_dSASA_ratio"": -2.5746071338653564, ""dG_separated"": -25.75642967224121, ""dSASA_int"": 1000.40234375, ""delta_unsatHbonds"": 0.0, ""hbonds_int"": 4.0, ""nres_int"": 48.0, ""packstat"": 0.5744307041168213, ""sc_value"": 0.675304651260376}}"
ova_body_c4_13_ms25_r03	AF3	186	7186	0	0	A-B,A-C,A-D,B-C,B-D	5	2	1	"{""A-B"": 25, ""A-C"": 63, ""A-D"": 37, ""B-C"": 36, ""B-D"": 64, ""C-D"": 19}"	A-D,B-C	A-B,A-C,B-D,C-D	0.22243678408261758	0.8087911605834961	0.0	-2.9043610095977783	1.753713126827476	0.5819156169891357	0.0	-1.9467672109603882	6.711538861152135	"{""A-B"": {""dG_dSASA_ratio"": -2.565919876098633, ""dG_separated"": -25.086414337158203, ""dSASA_int"": 977.6771850585938, ""delta_unsatHbonds"": 0.0, ""hbonds_int"": 4.0, ""nres_int"": 46.0, ""packstat"": 0.5434407591819763, ""sc_value"": 0.6848069429397583}, ""A-C"": {""dG_dSASA_ratio"": -3.0426254272460938, ""dG_separated"": -47.99147415161133, ""dSASA_int"": 1577.3046875, ""delta_unsatHbonds"": 6.0, ""hbonds_int"": 5.0, ""nres_int"": 72.0, ""packstat"": 0.5902791619300842, ""sc_value"": 0.6380318403244019}, ""A-D"": {""dG_dSASA_ratio"": -3.060713529586792, ""dG_separated"": -34.905521392822266, ""dSASA_int"": 1140.4373779296875, ""delta_unsatHbonds"": 2.0, ""hbonds_int"": 0.0, ""nres_int"": 40.0, ""packstat"": 0.6003037095069885, ""sc_value"": 0.814387321472168}, ""B-C"": {""dG_dSASA_ratio"": -2.9043610095977783, ""dG_separated"": -32.93603515625, ""dSASA_int"": 1134.02001953125, ""delta_unsatHbonds"": 0.0, ""hbonds_int"": 0.0, ""nres_int"": 40.0, ""packstat"": 0.508171796798706, ""sc_value"": 0.8087911605834961}, ""B-D"": {""dG_dSASA_ratio"": -2.8690707683563232, ""dG_separated"": -47.023162841796875, ""dSASA_int"": 1638.9683837890625, ""delta_unsatHbonds"": 11.0, ""hbonds_int"": 4.0, ""nres_int"": 72.0, ""packstat"": 0.5876519680023193, ""sc_value"": 0.6398788690567017}, ""C-D"": {""dG_dSASA_ratio"": -1.9467672109603882, ""dG_separated"": -16.988767623901367, ""dSASA_int"": 872.66552734375, ""delta_unsatHbonds"": 0.0, ""hbonds_int"": 2.0, ""nres_int"": 48.0, ""packstat"": 0.6647586226463318, ""sc_value"": 0.5819156169891357}}"
ova_body_c4_13_ms25_r03	AF3	187	7187	0	0	A-B,A-C,A-D,B-C,B-D,C-D	6	3	1	"{""A-B"": 23, ""A-C"": 61, ""A-D"": 35, ""B-C"": 37, ""B-D"": 64, ""C-D"": 24}"	A-D,B-C	A-B,A-C,B-D,C-D	0.23876423595305343	0.6426231861114502	0.0	-2.793501138687134	3.6284951589243897	0.6296892762184143	0.0	-2.4323172569274902	7.565021717193133	"{""A-B"": {""dG_dSASA_ratio"": -2.4323172569274902, ""dG_separated"": -24.198911666870117, ""dSASA_int"": 994.8912963867188, ""delta_unsatHbonds"": 3.0, ""hbonds_int"": 3.0, ""nres_int"": 45.0, ""packstat"": 0.5955958962440491, ""sc_value"": 0.678969144821167}, ""A-C"": {""dG_dSASA_ratio"": -2.89408016204834, ""dG_separated"": -45.90728759765625, ""dSASA_int"": 1586.2479248046875, ""delta_unsatHbonds"": 12.0, ""hbonds_int"": 3.0, ""nres_int"": 74.0, ""packstat"": 0.6148632764816284, ""sc_value"": 0.6423827409744263}, ""A-D"": {""dG_dSASA_ratio"": -2.9996490478515625, ""dG_separated"": -33.25735855102539, ""dSASA_int"": 1108.7083740234375, ""delta_unsatHbonds"": 4.0, ""hbonds_int"": 0.0, ""nres_int"": 40.0, ""packstat"": 0.5403397679328918, ""sc_value"": 0.7805490493774414}, ""B-C"": {""dG_dSASA_ratio"": -2.793501138687134, ""dG_separated"": -30.79514503479004, ""dSASA_int"": 1102.3853759765625, ""delta_unsatHbonds"": 4.0, ""hbonds_int"": 0.0, ""nres_int"": 39.0, ""packstat"": 0.5608647465705872, ""sc_value"": 0.6426231861114502}, ""B-D"": {""dG_dSASA_ratio"": -3.000255823135376, ""dG_separated"": -50.22223663330078, ""dSASA_int"": 1673.931884765625, ""delta_unsatHbonds"": 11.0, ""hbonds_int"": 4.0, ""nres_int"": 74.0, ""packstat"": 0.6325874328613281, ""sc_value"": 0.6296892762184143}, ""C-D"": {""dG_dSASA_ratio"": -2.6660068035125732, ""dG_separated"": -26.188602447509766, ""dSASA_int"": 982.3156127929688, ""delta_unsatHbonds"": 2.0, ""hbonds_int"": 4.0, ""nres_int"": 47.0, ""packstat"": 0.5718443989753723, ""sc_value"": 0.7010055780410767}}"
ova_body_c4_13_ms25_r03	AF3	188	7188	0	0	A-B,A-C,A-D,B-C,B-D,C-D	6	3	1	"{""A-B"": 26, ""A-C"": 65, ""A-D"": 31, ""B-C"": 31, ""B-D"": 61, ""C-D"": 26}"	A-D,B-C	A-B,A-C,B-D,C-D	0.2301467022296291	0.6194665431976318	0.0	-3.0583419799804688	2.6935805517697173	0.6194665431976318	0.0	-2.602485418319702	6.696618836187514	"{""A-B"": {""dG_dSASA_ratio"": -2.752190589904785, ""dG_separated"": -26.939077377319336, ""dSASA_int"": 978.8231201171875, ""delta_unsatHbonds"": 0.0, ""hbonds_int"": 5.0, ""nres_int"": 48.0, ""packstat"": 0.5203178524971008, ""sc_value"": 0.6658139228820801}, ""A-C"": {""dG_dSASA_ratio"": -3.0383341312408447, ""dG_separated"": -49.90828323364258, ""dSASA_int"": 1642.6199951171875, ""delta_unsatHbonds"": 11.0, ""hbonds_int"": 4.0, ""nres_int"": 74.0, ""packstat"": 0.6111258268356323, ""sc_value"": 0.6309807896614075}, ""A-D"": {""dG_dSASA_ratio"": -3.265727996826172, ""dG_separated"": -36.36858367919922, ""dSASA_int"": 1113.64404296875, ""delta_unsatHbonds"": 2.0, ""hbonds_int"": 0.0, ""nres_int"": 40.0, ""packstat"": 0.5089583396911621, ""sc_value"": 0.7138999700546265}, ""B-C"": {""dG_dSASA_ratio"": -3.0583419799804688, ""dG_separated"": -34.062564849853516, ""dSASA_int"": 1113.7591552734375, ""delta_unsatHbonds"": 3.0, ""hbonds_int"": 0.0, ""nres_int"": 40.0, ""packstat"": 0.5130677819252014, ""sc_value"": 0.6194665431976318}, ""B-D"": {""dG_dSASA_ratio"": -2.879323959350586, ""dG_separated"": -47.40763854980469, ""dSASA_int"": 1646.485107421875, ""delta_unsatHbonds"": 3.0, ""hbonds_int"": 5.0, ""nres_int"": 72.0, ""packstat"": 0.5635949969291687, ""sc_value"": 0.6562144756317139}, ""C-D"": {""dG_dSASA_ratio"": -2.602485418319702, ""dG_separated"": -26.60193634033203, ""dSASA_int"": 1022.1742553710938, ""delta_unsatHbonds"": 0.0, ""hbonds_int"": 5.0, ""nres_int"": 48.0, ""packstat"": 0.5917248129844666, ""sc_value"": 0.6865934133529663}}"
ova_body_c4_13_ms25_r03	AF3	189	7189	0	0	A-B,A-C,A-D,B-C,B-D,C-D	6	3	1	"{""A-B"": 23, ""A-C"": 61, ""A-D"": 37, ""B-C"": 37, ""B-D"": 62, ""C-D"": 25}"	A-D,B-C	A-B,A-C,B-D,C-D	0.21469155997903364	0.7577450275421143	0.0	-2.6690406799316406	1.759852526420613	0.6066086888313293	0.0	-2.575772762298584	6.257968558902594	"{""A-B"": {""dG_dSASA_ratio"": -2.7839412689208984, ""dG_separated"": -26.582122802734375, ""dSASA_int"": 954.8378295898438, ""delta_unsatHbonds"": 2.0, ""hbonds_int"": 4.0, ""nres_int"": 46.0, ""packstat"": 0.6699393391609192, ""sc_value"": 0.6803972721099854}, ""A-C"": {""dG_dSASA_ratio"": -2.8407835960388184, ""dG_separated"": -45.3946647644043, ""dSASA_int"": 1597.962646484375, ""delta_unsatHbonds"": 10.0, ""hbonds_int"": 4.0, ""nres_int"": 70.0, ""packstat"": 0.6593484878540039, ""sc_value"": 0.6275355219841003}, ""A-D"": {""dG_dSASA_ratio"": -3.3575966358184814, ""dG_separated"": -38.15770721435547, ""dSASA_int"": 1136.4588623046875, ""delta_unsatHbonds"": 2.0, ""hbonds_int"": 0.0, ""nres_int"": 39.0, ""packstat"": 0.62442946434021, ""sc_value"": 0.7577450275421143}, ""B-C"": {""dG_dSASA_ratio"": -2.6690406799316406, ""dG_separated"": -30.46535301208496, ""dSASA_int"": 1141.4345703125, ""delta_unsatHbonds"": 0.0, ""hbonds_int"": 0.0, ""nres_int"": 40.0, ""packstat"": 0.5217307209968567, ""sc_value"": 0.791797399520874}, ""B-D"": {""dG_dSASA_ratio"": -2.860215663909912, ""dG_separated"": -45.5055046081543, ""dSASA_int"": 1590.9815673828125, ""delta_unsatHbonds"": 7.0, ""hbonds_int"": 4.0, ""nres_int"": 70.0, ""packstat"": 0.5833138823509216, ""sc_value"": 0.6066086888313293}, ""C-D"": {""dG_dSASA_ratio"": -2.575772762298584, ""dG_separated"": -26.141326904296875, ""dSASA_int"": 1014.8925170898438, ""delta_unsatHbonds"": 1.0, ""hbonds_int"": 4.0, ""nres_int"": 48.0, ""packstat"": 0.5825569033622742, ""sc_value"": 0.6808124780654907}}"
ova_body_c4_13_ms25_r03	AF3	190	7190	0	0	A-B,A-C,A-D,B-C,B-D,C-D	6	3	1	"{""A-B"": 22, ""A-C"": 63, ""A-D"": 35, ""B-C"": 38, ""B-D"": 61, ""C-D"": 24}"	A-D,B-C	A-B,A-C,B-D,C-D	0.2242489772066382	0.7767490148544312	0.0	-2.806567907333374	1.8479263951426965	0.6155576705932617	0.0	-2.663090229034424	5.0287146852035045	"{""A-B"": {""dG_dSASA_ratio"": -2.663090229034424, ""dG_separated"": -25.48691177368164, ""dSASA_int"": 957.042724609375, ""delta_unsatHbonds"": 0.0, ""hbonds_int"": 4.0, ""nres_int"": 44.0, ""packstat"": 0.5920735597610474, ""sc_value"": 0.6895857453346252}, ""A-C"": {""dG_dSASA_ratio"": -2.960754156112671, ""dG_separated"": -47.1015625, ""dSASA_int"": 1590.86376953125, ""delta_unsatHbonds"": 8.0, ""hbonds_int"": 4.0, ""nres_int"": 72.0, ""packstat"": 0.6490671634674072, ""sc_value"": 0.6364344358444214}, ""A-D"": {""dG_dSASA_ratio"": -2.891789197921753, ""dG_separated"": -31.297664642333984, ""dSASA_int"": 1082.294189453125, ""delta_unsatHbonds"": 2.0, ""hbonds_int"": 0.0, ""nres_int"": 40.0, ""packstat"": 0.6268297433853149, ""sc_value"": 0.7767490148544312}, ""B-C"": {""dG_dSASA_ratio"": -2.806567907333374, ""dG_separated"": -31.381561279296875, ""dSASA_int"": 1118.147216796875, ""delta_unsatHbonds"": 0.0, ""hbonds_int"": 0.0, ""nres_int"": 40.0, ""packstat"": 0.527151346206665, ""sc_value"": 0.7881900668144226}, ""B-D"": {""dG_dSASA_ratio"": -2.885590076446533, ""dG_separated"": -47.04132080078125, ""dSASA_int"": 1630.2149658203125, ""delta_unsatHbonds"": 8.0, ""hbonds_int"": 5.0, ""nres_int"": 71.0, ""packstat"": 0.5945475101470947, ""sc_value"": 0.6155576705932617}, ""C-D"": {""dG_dSASA_ratio"": -2.669583797454834, ""dG_separated"": -26.627689361572266, ""dSASA_int"": 997.4472045898438, ""delta_unsatHbonds"": 2.0, ""hbonds_int"": 4.0, ""nres_int"": 48.0, ""packstat"": 0.5889707803726196, ""sc_value"": 0.6760802268981934}}"
ova_body_c4_13_ms25_r03	AF3	191	7191	0	0	A-B,A-C,A-D,B-C,B-D,C-D	6	3	1	"{""A-B"": 25, ""A-C"": 62, ""A-D"": 33, ""B-C"": 32, ""B-D"": 60, ""C-D"": 25}"	A-D,B-C	A-B,A-C,B-D,C-D	0.23458096348603555	0.732581615447998	0.0	-3.2153520584106445	3.8062307048798227	0.6261084079742432	0.0	-2.626877784729004	7.382615556513162	"{""A-B"": {""dG_dSASA_ratio"": -2.8595540523529053, ""dG_separated"": -28.38228988647461, ""dSASA_int"": 992.5425415039062, ""delta_unsatHbonds"": 0.0, ""hbonds_int"": 5.0, ""nres_int"": 46.0, ""packstat"": 0.6067377328872681, ""sc_value"": 0.6965612173080444}, ""A-C"": {""dG_dSASA_ratio"": -2.8566439151763916, ""dG_separated"": -46.43303680419922, ""dSASA_int"": 1625.440185546875, ""delta_unsatHbonds"": 12.0, ""hbonds_int"": 3.0, ""nres_int"": 73.0, ""packstat"": 0.5347312092781067, ""sc_value"": 0.6261084079742432}, ""A-D"": {""dG_dSASA_ratio"": -3.2153520584106445, ""dG_separated"": -33.7904052734375, ""dSASA_int"": 1050.908447265625, ""delta_unsatHbonds"": 4.0, ""hbonds_int"": 0.0, ""nres_int"": 40.0, ""packstat"": 0.5515170693397522, ""sc_value"": 0.7623185515403748}, ""B-C"": {""dG_dSASA_ratio"": -3.287485122680664, ""dG_separated"": -36.807884216308594, ""dSASA_int"": 1119.636474609375, ""delta_unsatHbonds"": 3.0, ""hbonds_int"": 0.0, ""nres_int"": 40.0, ""packstat"": 0.48304063081741333, ""sc_value"": 0.732581615447998}, ""B-D"": {""dG_dSASA_ratio"": -2.8147165775299072, ""dG_separated"": -45.629329681396484, ""dSASA_int"": 1621.0985107421875, ""delta_unsatHbonds"": 6.0, ""hbonds_int"": 3.0, ""nres_int"": 71.0, ""packstat"": 0.6138748526573181, ""sc_value"": 0.6399210691452026}, ""C-D"": {""dG_dSASA_ratio"": -2.626877784729004, ""dG_separated"": -26.242780685424805, ""dSASA_int"": 999.0103759765625, ""delta_unsatHbonds"": 2.0, ""hbonds_int"": 4.0, ""nres_int"": 48.0, ""packstat"": 0.5331467986106873, ""sc_value"": 0.6843104362487793}}"
ova_body_c4_13_ms25_r03	AF3	192	7192	0	0	A-B,A-C,A-D,B-C,B-D,C-D	6	3	1	"{""A-B"": 27, ""A-C"": 67, ""A-D"": 34, ""B-C"": 36, ""B-D"": 60, ""C-D"": 25}"	A-D,B-C	A-B,A-C,B-D,C-D	0.23136185091736466	0.7735608816146851	0.0	-3.117222547531128	1.9421554416625535	0.5962475538253784	0.0	-2.5282914638519287	5.505609444485889	"{""A-B"": {""dG_dSASA_ratio"": -2.754962205886841, ""dG_separated"": -26.34685707092285, ""dSASA_int"": 956.3418579101562, ""delta_unsatHbonds"": 0.0, ""hbonds_int"": 5.0, ""nres_int"": 46.0, ""packstat"": 0.564024031162262, ""sc_value"": 0.6647112369537354}, ""A-C"": {""dG_dSASA_ratio"": -3.0064282417297363, ""dG_separated"": -49.145973205566406, ""dSASA_int"": 1634.6964111328125, ""delta_unsatHbonds"": 9.0, ""hbonds_int"": 4.0, ""nres_int"": 75.0, ""packstat"": 0.5891051888465881, ""sc_value"": 0.6528470516204834}, ""A-D"": {""dG_dSASA_ratio"": -3.221323013305664, ""dG_separated"": -33.17266082763672, ""dSASA_int"": 1029.78369140625, ""delta_unsatHbonds"": 2.0, ""hbonds_int"": 0.0, ""nres_int"": 40.0, ""packstat"": 0.5204679369926453, ""sc_value"": 0.8020849227905273}, ""B-C"": {""dG_dSASA_ratio"": -3.117222547531128, ""dG_separated"": -33.45175552368164, ""dSASA_int"": 1073.126953125, ""delta_unsatHbonds"": 2.0, ""hbonds_int"": 0.0, ""nres_int"": 40.0, ""packstat"": 0.5342121124267578, ""sc_value"": 0.7735608816146851}, ""B-D"": {""dG_dSASA_ratio"": -2.9645323753356934, ""dG_separated"": -47.43665313720703, ""dSASA_int"": 1600.139404296875, ""delta_unsatHbonds"": 4.0, ""hbonds_int"": 6.0, ""nres_int"": 69.0, ""packstat"": 0.5800890922546387, ""sc_value"": 0.5962475538253784}, ""C-D"": {""dG_dSASA_ratio"": -2.5282914638519287, ""dG_separated"": -25.63847541809082, ""dSASA_int"": 1014.0632934570312, ""delta_unsatHbonds"": 0.0, ""hbonds_int"": 4.0, ""nres_int"": 48.0, ""packstat"": 0.548662006855011, ""sc_value"": 0.6623338460922241}}"
ova_body_c4_13_ms25_r03	AF3	193	7193	0	0	A-B,A-C,A-D,B-C,B-D,C-D	6	3	1	"{""A-B"": 24, ""A-C"": 65, ""A-D"": 34, ""B-C"": 35, ""B-D"": 61, ""C-D"": 21}"	A-D,B-C	A-B,A-C,B-D,C-D	0.22220020852002942	0.6840263605117798	0.0	-2.598970413208008	4.329035441018372	0.6123982667922974	0.0	-2.074744462966919	5.608487584237995	"{""A-B"": {""dG_dSASA_ratio"": -2.631929397583008, ""dG_separated"": -24.881824493408203, ""dSASA_int"": 945.3834228515625, ""delta_unsatHbonds"": 0.0, ""hbonds_int"": 4.0, ""nres_int"": 45.0, ""packstat"": 0.6159693002700806, ""sc_value"": 0.6875617504119873}, ""A-C"": {""dG_dSASA_ratio"": -2.774845600128174, ""dG_separated"": -45.724544525146484, ""dSASA_int"": 1647.8228759765625, ""delta_unsatHbonds"": 9.0, ""hbonds_int"": 4.0, ""nres_int"": 73.0, ""packstat"": 0.6448755860328674, ""sc_value"": 0.6123982667922974}, ""A-D"": {""dG_dSASA_ratio"": -3.189692497253418, ""dG_separated"": -36.8406867980957, ""dSASA_int"": 1154.99169921875, ""delta_unsatHbonds"": 5.0, ""hbonds_int"": 0.0, ""nres_int"": 40.0, ""packstat"": 0.5730092525482178, ""sc_value"": 0.6840263605117798}, ""B-C"": {""dG_dSASA_ratio"": -2.598970413208008, ""dG_separated"": -29.899065017700195, ""dSASA_int"": 1150.4195556640625, ""delta_unsatHbonds"": 2.0, ""hbonds_int"": 0.0, ""nres_int"": 40.0, ""packstat"": 0.6008363366127014, ""sc_value"": 0.7468180060386658}, ""B-D"": {""dG_dSASA_ratio"": -2.955366373062134, ""dG_separated"": -47.425079345703125, ""dSASA_int"": 1604.710693359375, ""delta_unsatHbonds"": 9.0, ""hbonds_int"": 4.0, ""nres_int"": 70.0, ""packstat"": 0.5648348331451416, ""sc_value"": 0.6321611404418945}, ""C-D"": {""dG_dSASA_ratio"": -2.074744462966919, ""dG_separated"": -19.538061141967773, ""dSASA_int"": 941.709228515625, ""delta_unsatHbonds"": 0.0, ""hbonds_int"": 3.0, ""nres_int"": 49.0, ""packstat"": 0.6661915183067322, ""sc_value"": 0.6455824971199036}}"
ova_body_c4_13_ms25_r03	AF3	194	7194	0	0	A-B,A-C,A-D,B-C,B-D,C-D	6	3	1	"{""A-B"": 25, ""A-C"": 66, ""A-D"": 36, ""B-C"": 33, ""B-D"": 60, ""C-D"": 26}"	A-D,B-C	A-B,A-C,B-D,C-D	0.23679629088185844	0.7112154960632324	0.0	-2.9626896381378174	3.6935752778438125	0.6204270124435425	0.0	-2.6420602798461914	6.702614973403237	"{""A-B"": {""dG_dSASA_ratio"": -2.884449005126953, ""dG_separated"": -28.239543914794922, ""dSASA_int"": 979.02734375, ""delta_unsatHbonds"": 0.0, ""hbonds_int"": 4.0, ""nres_int"": 46.0, ""packstat"": 0.5773895382881165, ""sc_value"": 0.6929636001586914}, ""A-C"": {""dG_dSASA_ratio"": -3.015413284301758, ""dG_separated"": -49.48747253417969, ""dSASA_int"": 1641.1505126953125, ""delta_unsatHbonds"": 11.0, ""hbonds_int"": 4.0, ""nres_int"": 75.0, ""packstat"": 0.6117610931396484, ""sc_value"": 0.6533704996109009}, ""A-D"": {""dG_dSASA_ratio"": -2.9931211471557617, ""dG_separated"": -32.41435241699219, ""dSASA_int"": 1082.9615478515625, ""delta_unsatHbonds"": 4.0, ""hbonds_int"": 0.0, ""nres_int"": 40.0, ""packstat"": 0.5561651587486267, ""sc_value"": 0.7917141318321228}, ""B-C"": {""dG_dSASA_ratio"": -2.9626896381378174, ""dG_separated"": -33.13862991333008, ""dSASA_int"": 1118.5318603515625, ""delta_unsatHbonds"": 4.0, ""hbonds_int"": 0.0, ""nres_int"": 40.0, ""packstat"": 0.5409294962882996, ""sc_value"": 0.7112154960632324}, ""B-D"": {""dG_dSASA_ratio"": -2.8828439712524414, ""dG_separated"": -46.775428771972656, ""dSASA_int"": 1622.5445556640625, ""delta_unsatHbonds"": 10.0, ""hbonds_int"": 4.0, ""nres_int"": 72.0, ""packstat"": 0.5924256443977356, ""sc_value"": 0.6204270124435425}, ""C-D"": {""dG_dSASA_ratio"": -2.6420602798461914, ""dG_separated"": -26.486469268798828, ""dSASA_int"": 1002.4929809570312, ""delta_unsatHbonds"": 0.0, ""hbonds_int"": 5.0, ""nres_int"": 48.0, ""packstat"": 0.6217980980873108, ""sc_value"": 0.6658298969268799}}"
ova_body_c4_13_ms25_r03	AF3	195	7195	0	0	A-B,A-C,A-D,B-C,B-D,C-D	6	3	1	"{""A-B"": 25, ""A-C"": 62, ""A-D"": 36, ""B-C"": 38, ""B-D"": 61, ""C-D"": 24}"	A-D,B-C	A-B,A-C,B-D,C-D	0.2258263028372054	0.8258693218231201	0.0	-2.839970827102661	3.622169116431934	0.6220343112945557	0.0	-2.3052501678466797	6.354764995484486	"{""A-B"": {""dG_dSASA_ratio"": -2.3052501678466797, ""dG_separated"": -22.9671630859375, ""dSASA_int"": 996.298095703125, ""delta_unsatHbonds"": 0.0, ""hbonds_int"": 4.0, ""nres_int"": 45.0, ""packstat"": 0.5983072519302368, ""sc_value"": 0.6407595872879028}, ""A-C"": {""dG_dSASA_ratio"": -2.9836363792419434, ""dG_separated"": -46.951168060302734, ""dSASA_int"": 1573.622314453125, ""delta_unsatHbonds"": 10.0, ""hbonds_int"": 4.0, ""nres_int"": 73.0, ""packstat"": 0.5383946895599365, ""sc_value"": 0.6538807153701782}, ""A-D"": {""dG_dSASA_ratio"": -3.011569023132324, ""dG_separated"": -33.257080078125, ""dSASA_int"": 1104.3106689453125, ""delta_unsatHbonds"": 4.0, ""hbonds_int"": 0.0, ""nres_int"": 40.0, ""packstat"": 0.5438777208328247, ""sc_value"": 0.8341649770736694}, ""B-C"": {""dG_dSASA_ratio"": -2.839970827102661, ""dG_separated"": -32.127620697021484, ""dSASA_int"": 1131.2657470703125, ""delta_unsatHbonds"": 0.0, ""hbonds_int"": 0.0, ""nres_int"": 40.0, ""packstat"": 0.5759530663490295, ""sc_value"": 0.8258693218231201}, ""B-D"": {""dG_dSASA_ratio"": -2.9048478603363037, ""dG_separated"": -46.634273529052734, ""dSASA_int"": 1605.39453125, ""delta_unsatHbonds"": 6.0, ""hbonds_int"": 4.0, ""nres_int"": 71.0, ""packstat"": 0.5824120044708252, ""sc_value"": 0.6220343112945557}, ""C-D"": {""dG_dSASA_ratio"": -2.584750175476074, ""dG_separated"": -25.812501907348633, ""dSASA_int"": 998.64599609375, ""delta_unsatHbonds"": 0.0, ""hbonds_int"": 4.0, ""nres_int"": 48.0, ""packstat"": 0.5674276947975159, ""sc_value"": 0.674289882183075}}"
ova_body_c4_13_ms25_r03	AF3	196	7196	0	0	A-B,A-C,A-D,B-C,B-D,C-D	6	3	1	"{""A-B"": 24, ""A-C"": 59, ""A-D"": 36, ""B-C"": 37, ""B-D"": 66, ""C-D"": 25}"	A-D,B-C	A-B,A-C,B-D,C-D	0.2191231971754015	0.7705967426300049	0.0	-2.969062328338623	1.7690975669617572	0.596268892288208	0.0	-2.241770029067993	6.948185161362255	"{""A-B"": {""dG_dSASA_ratio"": -2.241770029067993, ""dG_separated"": -22.089107513427734, ""dSASA_int"": 985.3422241210938, ""delta_unsatHbonds"": 1.0, ""hbonds_int"": 3.0, ""nres_int"": 45.0, ""packstat"": 0.48542720079421997, ""sc_value"": 0.6623365879058838}, ""A-C"": {""dG_dSASA_ratio"": -2.7139346599578857, ""dG_separated"": -42.965579986572266, ""dSASA_int"": 1583.147216796875, ""delta_unsatHbonds"": 11.0, ""hbonds_int"": 3.0, ""nres_int"": 69.0, ""packstat"": 0.6259806156158447, ""sc_value"": 0.596268892288208}, ""A-D"": {""dG_dSASA_ratio"": -2.969062328338623, ""dG_separated"": -33.56584167480469, ""dSASA_int"": 1130.5198974609375, ""delta_unsatHbonds"": 2.0, ""hbonds_int"": 0.0, ""nres_int"": 40.0, ""packstat"": 0.5242069959640503, ""sc_value"": 0.779408872127533}, ""B-C"": {""dG_dSASA_ratio"": -3.141963481903076, ""dG_separated"": -35.0118522644043, ""dSASA_int"": 1114.330322265625, ""delta_unsatHbonds"": 1.0, ""hbonds_int"": 0.0, ""nres_int"": 40.0, ""packstat"": 0.5617486834526062, ""sc_value"": 0.7705967426300049}, ""B-D"": {""dG_dSASA_ratio"": -2.836888074874878, ""dG_separated"": -46.962581634521484, ""dSASA_int"": 1655.426025390625, ""delta_unsatHbonds"": 8.0, ""hbonds_int"": 5.0, ""nres_int"": 72.0, ""packstat"": 0.5763413310050964, ""sc_value"": 0.6200445890426636}, ""C-D"": {""dG_dSASA_ratio"": -2.56005859375, ""dG_separated"": -25.347688674926758, ""dSASA_int"": 990.1214599609375, ""delta_unsatHbonds"": 0.0, ""hbonds_int"": 4.0, ""nres_int"": 47.0, ""packstat"": 0.5945946574211121, ""sc_value"": 0.6993155479431152}}"
ova_body_c4_13_ms25_r03	AF3	197	7197	0	0	A-B,A-C,A-D,B-C,B-D,C-D	6	3	1	"{""A-B"": 22, ""A-C"": 63, ""A-D"": 35, ""B-C"": 36, ""B-D"": 62, ""C-D"": 23}"	A-D,B-C	A-B,A-C,B-D,C-D	0.23335581447759085	0.7005612850189209	0.0	-2.7202186584472656	3.5972541954975044	0.6040912866592407	0.0	-2.212592124938965	5.656393432360113	"{""A-B"": {""dG_dSASA_ratio"": -2.7547459602355957, ""dG_separated"": -26.57878303527832, ""dSASA_int"": 964.8361206054688, ""delta_unsatHbonds"": 3.0, ""hbonds_int"": 4.0, ""nres_int"": 46.0, ""packstat"": 0.5260785222053528, ""sc_value"": 0.6998061537742615}, ""A-C"": {""dG_dSASA_ratio"": -2.993389844894409, ""dG_separated"": -47.628421783447266, ""dSASA_int"": 1591.119873046875, ""delta_unsatHbonds"": 9.0, ""hbonds_int"": 4.0, ""nres_int"": 74.0, ""packstat"": 0.6279305815696716, ""sc_value"": 0.6314992308616638}, ""A-D"": {""dG_dSASA_ratio"": -2.7202186584472656, ""dG_separated"": -30.247722625732422, ""dSASA_int"": 1111.959228515625, ""delta_unsatHbonds"": 4.0, ""hbonds_int"": 0.0, ""nres_int"": 40.0, ""packstat"": 0.5615134835243225, ""sc_value"": 0.7790322303771973}, ""B-C"": {""dG_dSASA_ratio"": -3.28715443611145, ""dG_separated"": -36.76227951049805, ""dSASA_int"": 1118.36181640625, ""delta_unsatHbonds"": 2.0, ""hbonds_int"": 0.0, ""nres_int"": 40.0, ""packstat"": 0.5235307812690735, ""sc_value"": 0.7005612850189209}, ""B-D"": {""dG_dSASA_ratio"": -2.8652865886688232, ""dG_separated"": -48.753173828125, ""dSASA_int"": 1701.5113525390625, ""delta_unsatHbonds"": 9.0, ""hbonds_int"": 5.0, ""nres_int"": 72.0, ""packstat"": 0.5849430561065674, ""sc_value"": 0.6040912866592407}, ""C-D"": {""dG_dSASA_ratio"": -2.212592124938965, ""dG_separated"": -23.054447174072266, ""dSASA_int"": 1041.965576171875, ""delta_unsatHbonds"": 0.0, ""hbonds_int"": 4.0, ""nres_int"": 47.0, ""packstat"": 0.5386569499969482, ""sc_value"": 0.678014874458313}}"
ova_body_c4_13_ms25_r03	AF3	198	7198	0	0	A-B,A-C,A-D,B-C,B-D,C-D	6	3	1	"{""A-B"": 28, ""A-C"": 67, ""A-D"": 33, ""B-C"": 35, ""B-D"": 56, ""C-D"": 25}"	A-D,B-C	A-B,A-C,B-D,C-D	0.23067456814349757	0.7069973945617676	0.0	-3.140157461166382	5.387267976028236	0.6170239448547363	0.0	-2.5868308544158936	8.423818057634492	"{""A-B"": {""dG_dSASA_ratio"": -2.7446141242980957, ""dG_separated"": -27.27845573425293, ""dSASA_int"": 993.890380859375, ""delta_unsatHbonds"": 0.0, ""hbonds_int"": 5.0, ""nres_int"": 46.0, ""packstat"": 0.593824028968811, ""sc_value"": 0.6545778512954712}, ""A-C"": {""dG_dSASA_ratio"": -2.9159996509552, ""dG_separated"": -48.462581634521484, ""dSASA_int"": 1661.9542236328125, ""delta_unsatHbonds"": 14.0, ""hbonds_int"": 4.0, ""nres_int"": 75.0, ""packstat"": 0.6246256232261658, ""sc_value"": 0.6401472091674805}, ""A-D"": {""dG_dSASA_ratio"": -3.3305211067199707, ""dG_separated"": -37.09324645996094, ""dSASA_int"": 1113.737060546875, ""delta_unsatHbonds"": 6.0, ""hbonds_int"": 0.0, ""nres_int"": 40.0, ""packstat"": 0.5754948258399963, ""sc_value"": 0.7069973945617676}, ""B-C"": {""dG_dSASA_ratio"": -3.140157461166382, ""dG_separated"": -33.8570556640625, ""dSASA_int"": 1078.1961669921875, ""delta_unsatHbonds"": 2.0, ""hbonds_int"": 0.0, ""nres_int"": 40.0, ""packstat"": 0.6403694152832031, ""sc_value"": 0.7825669050216675}, ""B-D"": {""dG_dSASA_ratio"": -2.8458774089813232, ""dG_separated"": -45.182342529296875, ""dSASA_int"": 1587.6419677734375, ""delta_unsatHbonds"": 3.0, ""hbonds_int"": 5.0, ""nres_int"": 71.0, ""packstat"": 0.557852566242218, ""sc_value"": 0.6170239448547363}, ""C-D"": {""dG_dSASA_ratio"": -2.5868308544158936, ""dG_separated"": -26.000741958618164, ""dSASA_int"": 1005.1195068359375, ""delta_unsatHbonds"": 0.0, ""hbonds_int"": 4.0, ""nres_int"": 48.0, ""packstat"": 0.5819813013076782, ""sc_value"": 0.6870009303092957}}"
ova_body_c4_13_ms25_r03	AF3	199	7199	0	0	A-B,A-C,A-D,B-C,B-D,C-D	6	3	1	"{""A-B"": 25, ""A-C"": 66, ""A-D"": 34, ""B-C"": 37, ""B-D"": 55, ""C-D"": 25}"	A-D,B-C	A-B,A-C,B-D,C-D	0.2323514638085901	0.7183712720870972	0.0	-2.937366008758545	2.589087589983594	0.596193790435791	0.0	-2.619300603866577	6.05295388878643	"{""A-B"": {""dG_dSASA_ratio"": -2.6841883659362793, ""dG_separated"": -25.99041175842285, ""dSASA_int"": 968.2782592773438, ""delta_unsatHbonds"": 2.0, ""hbonds_int"": 4.0, ""nres_int"": 46.0, ""packstat"": 0.538202702999115, ""sc_value"": 0.6856508255004883}, ""A-C"": {""dG_dSASA_ratio"": -2.9862987995147705, ""dG_separated"": -49.33622360229492, ""dSASA_int"": 1652.0859375, ""delta_unsatHbonds"": 10.0, ""hbonds_int"": 4.0, ""nres_int"": 75.0, ""packstat"": 0.5702733993530273, ""sc_value"": 0.6383281946182251}, ""A-D"": {""dG_dSASA_ratio"": -2.9842689037323, ""dG_separated"": -34.579002380371094, ""dSASA_int"": 1158.7093505859375, ""delta_unsatHbonds"": 3.0, ""hbonds_int"": 0.0, ""nres_int"": 40.0, ""packstat"": 0.6038510799407959, ""sc_value"": 0.7183712720870972}, ""B-C"": {""dG_dSASA_ratio"": -2.937366008758545, ""dG_separated"": -32.62860107421875, ""dSASA_int"": 1110.8115234375, ""delta_unsatHbonds"": 2.0, ""hbonds_int"": 0.0, ""nres_int"": 40.0, ""packstat"": 0.5512031316757202, ""sc_value"": 0.7940773963928223}, ""B-D"": {""dG_dSASA_ratio"": -2.678226947784424, ""dG_separated"": -42.12461853027344, ""dSASA_int"": 1572.854736328125, ""delta_unsatHbonds"": 5.0, ""hbonds_int"": 3.0, ""nres_int"": 69.0, ""packstat"": 0.5274485945701599, ""sc_value"": 0.596193790435791}, ""C-D"": {""dG_dSASA_ratio"": -2.619300603866577, ""dG_separated"": -26.157470703125, ""dSASA_int"": 998.643310546875, ""delta_unsatHbonds"": 1.0, ""hbonds_int"": 4.0, ""nres_int"": 48.0, ""packstat"": 0.5831409096717834, ""sc_value"": 0.7103675007820129}}"
ova_body_c4_13_ms25_r03	AF3	200	7200	0	0	A-B,A-C,A-D,B-C,B-D,C-D	6	3	1	"{""A-B"": 21, ""A-C"": 63, ""A-D"": 35, ""B-C"": 36, ""B-D"": 60, ""C-D"": 26}"	A-D,B-C	A-B,A-C,B-D,C-D	0.22619878394935647	0.7526160478591919	0.0	-2.987213134765625	3.6942261256916247	0.5785043239593506	0.0	-2.5598185062408447	9.358609296035782	"{""A-B"": {""dG_dSASA_ratio"": -2.5598185062408447, ""dG_separated"": -23.04627799987793, ""dSASA_int"": 900.30908203125, ""delta_unsatHbonds"": 0.0, ""hbonds_int"": 3.0, ""nres_int"": 46.0, ""packstat"": 0.5698108077049255, ""sc_value"": 0.6818192005157471}, ""A-C"": {""dG_dSASA_ratio"": -2.924929141998291, ""dG_separated"": -46.880828857421875, ""dSASA_int"": 1602.80224609375, ""delta_unsatHbonds"": 15.0, ""hbonds_int"": 3.0, ""nres_int"": 73.0, ""packstat"": 0.5913644433021545, ""sc_value"": 0.6542404294013977}, ""A-D"": {""dG_dSASA_ratio"": -3.449287176132202, ""dG_separated"": -37.34787368774414, ""dSASA_int"": 1082.770751953125, ""delta_unsatHbonds"": 4.0, ""hbonds_int"": 0.0, ""nres_int"": 40.0, ""packstat"": 0.5809206962585449, ""sc_value"": 0.7526160478591919}, ""B-C"": {""dG_dSASA_ratio"": -2.987213134765625, ""dG_separated"": -33.508392333984375, ""dSASA_int"": 1121.7275390625, ""delta_unsatHbonds"": 2.0, ""hbonds_int"": 0.0, ""nres_int"": 40.0, ""packstat"": 0.5387577414512634, ""sc_value"": 0.8138819932937622}, ""B-D"": {""dG_dSASA_ratio"": -2.786993980407715, ""dG_separated"": -44.742401123046875, ""dSASA_int"": 1605.39990234375, ""delta_unsatHbonds"": 13.0, ""hbonds_int"": 4.0, ""nres_int"": 71.0, ""packstat"": 0.62040776014328, ""sc_value"": 0.5785043239593506}, ""C-D"": {""dG_dSASA_ratio"": -2.9311017990112305, ""dG_separated"": -28.156959533691406, ""dSASA_int"": 960.6271362304688, ""delta_unsatHbonds"": 2.0, ""hbonds_int"": 5.0, ""nres_int"": 48.0, ""packstat"": 0.5704271793365479, ""sc_value"": 0.6780776977539062}}"
