candidate	source_system	seed	model	iptm	min_incident_iptm	contact_pair_pae_median	full_connected	has_clash	cif_path	summary_path
OVA-C4-IPTM80-20A	ova_body_c4_103	1	seed-1_sample-0	0.85	0.82	2.45	1	0.0	experiments/e126_c4_iptm80_continue_af3_seed1/out_s6/ova_body_c4_103/seed-1_sample-0/ova_body_c4_103_seed-1_sample-0_model.cif	experiments/e126_c4_iptm80_continue_af3_seed1/out_s6/ova_body_c4_103/seed-1_sample-0/ova_body_c4_103_seed-1_sample-0_summary_confidences.json
OVA-C4-IPTM80-20A	ova_body_c4_103	1	seed-1_sample-1	0.85	0.81	2.455	1	0.0	experiments/e126_c4_iptm80_continue_af3_seed1/out_s6/ova_body_c4_103/seed-1_sample-1/ova_body_c4_103_seed-1_sample-1_model.cif	experiments/e126_c4_iptm80_continue_af3_seed1/out_s6/ova_body_c4_103/seed-1_sample-1/ova_body_c4_103_seed-1_sample-1_summary_confidences.json
OVA-C4-IPTM80-20A	ova_body_c4_103	1	seed-1_sample-2	0.85	0.81	2.45	1	0.0	experiments/e126_c4_iptm80_continue_af3_seed1/out_s6/ova_body_c4_103/seed-1_sample-2/ova_body_c4_103_seed-1_sample-2_model.cif	experiments/e126_c4_iptm80_continue_af3_seed1/out_s6/ova_body_c4_103/seed-1_sample-2/ova_body_c4_103_seed-1_sample-2_summary_confidences.json
OVA-C4-IPTM80-20A	ova_body_c4_103	1	seed-1_sample-3	0.85	0.82	2.42	1	0.0	experiments/e126_c4_iptm80_continue_af3_seed1/out_s6/ova_body_c4_103/seed-1_sample-3/ova_body_c4_103_seed-1_sample-3_model.cif	experiments/e126_c4_iptm80_continue_af3_seed1/out_s6/ova_body_c4_103/seed-1_sample-3/ova_body_c4_103_seed-1_sample-3_summary_confidences.json
OVA-C4-IPTM80-20A	ova_body_c4_103	1	seed-1_sample-4	0.85	0.81	2.4000000000000004	1	0.0	experiments/e126_c4_iptm80_continue_af3_seed1/out_s6/ova_body_c4_103/seed-1_sample-4/ova_body_c4_103_seed-1_sample-4_model.cif	experiments/e126_c4_iptm80_continue_af3_seed1/out_s6/ova_body_c4_103/seed-1_sample-4/ova_body_c4_103_seed-1_sample-4_summary_confidences.json
OVA-C4-IPTM80-20A	ova_body_c4_103	2	seed-2_sample-0	0.84	0.8	2.62	1	0.0	experiments/e132_c4_iptm80_multiseed_batch01/af3/out_s4/ova_body_c4_05/seed-2_sample-0/ova_body_c4_05_seed-2_sample-0_model.cif	experiments/e132_c4_iptm80_multiseed_batch01/af3/out_s4/ova_body_c4_05/seed-2_sample-0/ova_body_c4_05_seed-2_sample-0_summary_confidences.json
OVA-C4-IPTM80-20A	ova_body_c4_103	2	seed-2_sample-1	0.83	0.8	2.635	1	0.0	experiments/e132_c4_iptm80_multiseed_batch01/af3/out_s4/ova_body_c4_05/seed-2_sample-1/ova_body_c4_05_seed-2_sample-1_model.cif	experiments/e132_c4_iptm80_multiseed_batch01/af3/out_s4/ova_body_c4_05/seed-2_sample-1/ova_body_c4_05_seed-2_sample-1_summary_confidences.json
OVA-C4-IPTM80-20A	ova_body_c4_103	2	seed-2_sample-2	0.84	0.8	2.55	1	0.0	experiments/e132_c4_iptm80_multiseed_batch01/af3/out_s4/ova_body_c4_05/seed-2_sample-2/ova_body_c4_05_seed-2_sample-2_model.cif	experiments/e132_c4_iptm80_multiseed_batch01/af3/out_s4/ova_body_c4_05/seed-2_sample-2/ova_body_c4_05_seed-2_sample-2_summary_confidences.json
OVA-C4-IPTM80-20A	ova_body_c4_103	2	seed-2_sample-3	0.84	0.8	2.5949999999999998	1	0.0	experiments/e132_c4_iptm80_multiseed_batch01/af3/out_s4/ova_body_c4_05/seed-2_sample-3/ova_body_c4_05_seed-2_sample-3_model.cif	experiments/e132_c4_iptm80_multiseed_batch01/af3/out_s4/ova_body_c4_05/seed-2_sample-3/ova_body_c4_05_seed-2_sample-3_summary_confidences.json
OVA-C4-IPTM80-20A	ova_body_c4_103	2	seed-2_sample-4	0.84	0.8	2.7300000000000004	1	0.0	experiments/e132_c4_iptm80_multiseed_batch01/af3/out_s4/ova_body_c4_05/seed-2_sample-4/ova_body_c4_05_seed-2_sample-4_model.cif	experiments/e132_c4_iptm80_multiseed_batch01/af3/out_s4/ova_body_c4_05/seed-2_sample-4/ova_body_c4_05_seed-2_sample-4_summary_confidences.json
OVA-C4-IPTM80-20A	ova_body_c4_103	3	seed-3_sample-0	0.84	0.81	2.635	1	0.0	experiments/e132_c4_iptm80_multiseed_batch01/af3/out_s4/ova_body_c4_05/seed-3_sample-0/ova_body_c4_05_seed-3_sample-0_model.cif	experiments/e132_c4_iptm80_multiseed_batch01/af3/out_s4/ova_body_c4_05/seed-3_sample-0/ova_body_c4_05_seed-3_sample-0_summary_confidences.json
OVA-C4-IPTM80-20A	ova_body_c4_103	3	seed-3_sample-1	0.85	0.82	2.425	1	0.0	experiments/e132_c4_iptm80_multiseed_batch01/af3/out_s4/ova_body_c4_05/seed-3_sample-1/ova_body_c4_05_seed-3_sample-1_model.cif	experiments/e132_c4_iptm80_multiseed_batch01/af3/out_s4/ova_body_c4_05/seed-3_sample-1/ova_body_c4_05_seed-3_sample-1_summary_confidences.json
OVA-C4-IPTM80-20A	ova_body_c4_103	3	seed-3_sample-2	0.84	0.81	2.62	1	0.0	experiments/e132_c4_iptm80_multiseed_batch01/af3/out_s4/ova_body_c4_05/seed-3_sample-2/ova_body_c4_05_seed-3_sample-2_model.cif	experiments/e132_c4_iptm80_multiseed_batch01/af3/out_s4/ova_body_c4_05/seed-3_sample-2/ova_body_c4_05_seed-3_sample-2_summary_confidences.json
OVA-C4-IPTM80-20A	ova_body_c4_103	3	seed-3_sample-3	0.85	0.81	2.46	1	0.0	experiments/e132_c4_iptm80_multiseed_batch01/af3/out_s4/ova_body_c4_05/seed-3_sample-3/ova_body_c4_05_seed-3_sample-3_model.cif	experiments/e132_c4_iptm80_multiseed_batch01/af3/out_s4/ova_body_c4_05/seed-3_sample-3/ova_body_c4_05_seed-3_sample-3_summary_confidences.json
OVA-C4-IPTM80-20A	ova_body_c4_103	3	seed-3_sample-4	0.85	0.81	2.5549999999999997	1	0.0	experiments/e132_c4_iptm80_multiseed_batch01/af3/out_s4/ova_body_c4_05/seed-3_sample-4/ova_body_c4_05_seed-3_sample-4_model.cif	experiments/e132_c4_iptm80_multiseed_batch01/af3/out_s4/ova_body_c4_05/seed-3_sample-4/ova_body_c4_05_seed-3_sample-4_summary_confidences.json
OVA-C4-IPTM80-20A	ova_body_c4_103	4	seed-4_sample-0	0.85	0.82	2.375	1	0.0	experiments/e132_c4_iptm80_multiseed_batch01/af3/out_s4/ova_body_c4_05/seed-4_sample-0/ova_body_c4_05_seed-4_sample-0_model.cif	experiments/e132_c4_iptm80_multiseed_batch01/af3/out_s4/ova_body_c4_05/seed-4_sample-0/ova_body_c4_05_seed-4_sample-0_summary_confidences.json
OVA-C4-IPTM80-20A	ova_body_c4_103	4	seed-4_sample-1	0.86	0.82	2.34	1	0.0	experiments/e132_c4_iptm80_multiseed_batch01/af3/out_s4/ova_body_c4_05/seed-4_sample-1/ova_body_c4_05_seed-4_sample-1_model.cif	experiments/e132_c4_iptm80_multiseed_batch01/af3/out_s4/ova_body_c4_05/seed-4_sample-1/ova_body_c4_05_seed-4_sample-1_summary_confidences.json
OVA-C4-IPTM80-20A	ova_body_c4_103	4	seed-4_sample-2	0.85	0.82	2.395	1	0.0	experiments/e132_c4_iptm80_multiseed_batch01/af3/out_s4/ova_body_c4_05/seed-4_sample-2/ova_body_c4_05_seed-4_sample-2_model.cif	experiments/e132_c4_iptm80_multiseed_batch01/af3/out_s4/ova_body_c4_05/seed-4_sample-2/ova_body_c4_05_seed-4_sample-2_summary_confidences.json
OVA-C4-IPTM80-20A	ova_body_c4_103	4	seed-4_sample-3	0.85	0.81	2.465	1	0.0	experiments/e132_c4_iptm80_multiseed_batch01/af3/out_s4/ova_body_c4_05/seed-4_sample-3/ova_body_c4_05_seed-4_sample-3_model.cif	experiments/e132_c4_iptm80_multiseed_batch01/af3/out_s4/ova_body_c4_05/seed-4_sample-3/ova_body_c4_05_seed-4_sample-3_summary_confidences.json
OVA-C4-IPTM80-20A	ova_body_c4_103	4	seed-4_sample-4	0.85	0.82	2.365	1	0.0	experiments/e132_c4_iptm80_multiseed_batch01/af3/out_s4/ova_body_c4_05/seed-4_sample-4/ova_body_c4_05_seed-4_sample-4_model.cif	experiments/e132_c4_iptm80_multiseed_batch01/af3/out_s4/ova_body_c4_05/seed-4_sample-4/ova_body_c4_05_seed-4_sample-4_summary_confidences.json
OVA-C4-IPTM80-20A	ova_body_c4_103	5	seed-5_sample-0	0.85	0.81	2.4400000000000004	1	0.0	experiments/e132_c4_iptm80_multiseed_batch01/af3/out_s4/ova_body_c4_05/seed-5_sample-0/ova_body_c4_05_seed-5_sample-0_model.cif	experiments/e132_c4_iptm80_multiseed_batch01/af3/out_s4/ova_body_c4_05/seed-5_sample-0/ova_body_c4_05_seed-5_sample-0_summary_confidences.json
OVA-C4-IPTM80-20A	ova_body_c4_103	5	seed-5_sample-1	0.84	0.81	2.58	1	0.0	experiments/e132_c4_iptm80_multiseed_batch01/af3/out_s4/ova_body_c4_05/seed-5_sample-1/ova_body_c4_05_seed-5_sample-1_model.cif	experiments/e132_c4_iptm80_multiseed_batch01/af3/out_s4/ova_body_c4_05/seed-5_sample-1/ova_body_c4_05_seed-5_sample-1_summary_confidences.json
OVA-C4-IPTM80-20A	ova_body_c4_103	5	seed-5_sample-2	0.85	0.82	2.4050000000000002	1	0.0	experiments/e132_c4_iptm80_multiseed_batch01/af3/out_s4/ova_body_c4_05/seed-5_sample-2/ova_body_c4_05_seed-5_sample-2_model.cif	experiments/e132_c4_iptm80_multiseed_batch01/af3/out_s4/ova_body_c4_05/seed-5_sample-2/ova_body_c4_05_seed-5_sample-2_summary_confidences.json
OVA-C4-IPTM80-20A	ova_body_c4_103	5	seed-5_sample-3	0.85	0.82	2.4	1	0.0	experiments/e132_c4_iptm80_multiseed_batch01/af3/out_s4/ova_body_c4_05/seed-5_sample-3/ova_body_c4_05_seed-5_sample-3_model.cif	experiments/e132_c4_iptm80_multiseed_batch01/af3/out_s4/ova_body_c4_05/seed-5_sample-3/ova_body_c4_05_seed-5_sample-3_summary_confidences.json
OVA-C4-IPTM80-20A	ova_body_c4_103	5	seed-5_sample-4	0.85	0.81	2.375	1	0.0	experiments/e132_c4_iptm80_multiseed_batch01/af3/out_s4/ova_body_c4_05/seed-5_sample-4/ova_body_c4_05_seed-5_sample-4_model.cif	experiments/e132_c4_iptm80_multiseed_batch01/af3/out_s4/ova_body_c4_05/seed-5_sample-4/ova_body_c4_05_seed-5_sample-4_summary_confidences.json
OVA-C4-IPTM80-21B	ova_body_c4_23	1	seed-1_sample-0	0.83	0.79	2.545	1	0.0	experiments/e126_c4_iptm80_continue_af3_seed1/out_s6/ova_body_c4_23/seed-1_sample-0/ova_body_c4_23_seed-1_sample-0_model.cif	experiments/e126_c4_iptm80_continue_af3_seed1/out_s6/ova_body_c4_23/seed-1_sample-0/ova_body_c4_23_seed-1_sample-0_summary_confidences.json
OVA-C4-IPTM80-21B	ova_body_c4_23	1	seed-1_sample-1	0.83	0.8	2.4699999999999998	1	0.0	experiments/e126_c4_iptm80_continue_af3_seed1/out_s6/ova_body_c4_23/seed-1_sample-1/ova_body_c4_23_seed-1_sample-1_model.cif	experiments/e126_c4_iptm80_continue_af3_seed1/out_s6/ova_body_c4_23/seed-1_sample-1/ova_body_c4_23_seed-1_sample-1_summary_confidences.json
OVA-C4-IPTM80-21B	ova_body_c4_23	1	seed-1_sample-2	0.83	0.79	2.4450000000000003	1	0.0	experiments/e126_c4_iptm80_continue_af3_seed1/out_s6/ova_body_c4_23/seed-1_sample-2/ova_body_c4_23_seed-1_sample-2_model.cif	experiments/e126_c4_iptm80_continue_af3_seed1/out_s6/ova_body_c4_23/seed-1_sample-2/ova_body_c4_23_seed-1_sample-2_summary_confidences.json
OVA-C4-IPTM80-21B	ova_body_c4_23	1	seed-1_sample-3	0.84	0.8	2.49	1	0.0	experiments/e126_c4_iptm80_continue_af3_seed1/out_s6/ova_body_c4_23/seed-1_sample-3/ova_body_c4_23_seed-1_sample-3_model.cif	experiments/e126_c4_iptm80_continue_af3_seed1/out_s6/ova_body_c4_23/seed-1_sample-3/ova_body_c4_23_seed-1_sample-3_summary_confidences.json
OVA-C4-IPTM80-21B	ova_body_c4_23	1	seed-1_sample-4	0.83	0.79	2.525	1	0.0	experiments/e126_c4_iptm80_continue_af3_seed1/out_s6/ova_body_c4_23/seed-1_sample-4/ova_body_c4_23_seed-1_sample-4_model.cif	experiments/e126_c4_iptm80_continue_af3_seed1/out_s6/ova_body_c4_23/seed-1_sample-4/ova_body_c4_23_seed-1_sample-4_summary_confidences.json
OVA-C4-IPTM80-21B	ova_body_c4_23	2	seed-2_sample-0	0.85	0.81	2.295	1	0.0	experiments/e133_c4_iptm80_multiseed_batch02/af3/out_s0/ova_body_c4_01/seed-2_sample-0/ova_body_c4_01_seed-2_sample-0_model.cif	experiments/e133_c4_iptm80_multiseed_batch02/af3/out_s0/ova_body_c4_01/seed-2_sample-0/ova_body_c4_01_seed-2_sample-0_summary_confidences.json
OVA-C4-IPTM80-21B	ova_body_c4_23	2	seed-2_sample-1	0.85	0.82	2.23	1	0.0	experiments/e133_c4_iptm80_multiseed_batch02/af3/out_s0/ova_body_c4_01/seed-2_sample-1/ova_body_c4_01_seed-2_sample-1_model.cif	experiments/e133_c4_iptm80_multiseed_batch02/af3/out_s0/ova_body_c4_01/seed-2_sample-1/ova_body_c4_01_seed-2_sample-1_summary_confidences.json
OVA-C4-IPTM80-21B	ova_body_c4_23	2	seed-2_sample-2	0.84	0.81	2.375	1	0.0	experiments/e133_c4_iptm80_multiseed_batch02/af3/out_s0/ova_body_c4_01/seed-2_sample-2/ova_body_c4_01_seed-2_sample-2_model.cif	experiments/e133_c4_iptm80_multiseed_batch02/af3/out_s0/ova_body_c4_01/seed-2_sample-2/ova_body_c4_01_seed-2_sample-2_summary_confidences.json
OVA-C4-IPTM80-21B	ova_body_c4_23	2	seed-2_sample-3	0.83	0.8	2.4800000000000004	1	0.0	experiments/e133_c4_iptm80_multiseed_batch02/af3/out_s0/ova_body_c4_01/seed-2_sample-3/ova_body_c4_01_seed-2_sample-3_model.cif	experiments/e133_c4_iptm80_multiseed_batch02/af3/out_s0/ova_body_c4_01/seed-2_sample-3/ova_body_c4_01_seed-2_sample-3_summary_confidences.json
OVA-C4-IPTM80-21B	ova_body_c4_23	2	seed-2_sample-4	0.84	0.81	2.38	1	0.0	experiments/e133_c4_iptm80_multiseed_batch02/af3/out_s0/ova_body_c4_01/seed-2_sample-4/ova_body_c4_01_seed-2_sample-4_model.cif	experiments/e133_c4_iptm80_multiseed_batch02/af3/out_s0/ova_body_c4_01/seed-2_sample-4/ova_body_c4_01_seed-2_sample-4_summary_confidences.json
OVA-C4-IPTM80-21B	ova_body_c4_23	3	seed-3_sample-0	0.83	0.79	2.585	1	0.0	experiments/e133_c4_iptm80_multiseed_batch02/af3/out_s0/ova_body_c4_01/seed-3_sample-0/ova_body_c4_01_seed-3_sample-0_model.cif	experiments/e133_c4_iptm80_multiseed_batch02/af3/out_s0/ova_body_c4_01/seed-3_sample-0/ova_body_c4_01_seed-3_sample-0_summary_confidences.json
OVA-C4-IPTM80-21B	ova_body_c4_23	3	seed-3_sample-1	0.83	0.79	2.56	1	0.0	experiments/e133_c4_iptm80_multiseed_batch02/af3/out_s0/ova_body_c4_01/seed-3_sample-1/ova_body_c4_01_seed-3_sample-1_model.cif	experiments/e133_c4_iptm80_multiseed_batch02/af3/out_s0/ova_body_c4_01/seed-3_sample-1/ova_body_c4_01_seed-3_sample-1_summary_confidences.json
OVA-C4-IPTM80-21B	ova_body_c4_23	3	seed-3_sample-2	0.84	0.8	2.49	1	0.0	experiments/e133_c4_iptm80_multiseed_batch02/af3/out_s0/ova_body_c4_01/seed-3_sample-2/ova_body_c4_01_seed-3_sample-2_model.cif	experiments/e133_c4_iptm80_multiseed_batch02/af3/out_s0/ova_body_c4_01/seed-3_sample-2/ova_body_c4_01_seed-3_sample-2_summary_confidences.json
OVA-C4-IPTM80-21B	ova_body_c4_23	3	seed-3_sample-3	0.83	0.79	2.6100000000000003	1	0.0	experiments/e133_c4_iptm80_multiseed_batch02/af3/out_s0/ova_body_c4_01/seed-3_sample-3/ova_body_c4_01_seed-3_sample-3_model.cif	experiments/e133_c4_iptm80_multiseed_batch02/af3/out_s0/ova_body_c4_01/seed-3_sample-3/ova_body_c4_01_seed-3_sample-3_summary_confidences.json
OVA-C4-IPTM80-21B	ova_body_c4_23	3	seed-3_sample-4	0.83	0.79	2.575	1	0.0	experiments/e133_c4_iptm80_multiseed_batch02/af3/out_s0/ova_body_c4_01/seed-3_sample-4/ova_body_c4_01_seed-3_sample-4_model.cif	experiments/e133_c4_iptm80_multiseed_batch02/af3/out_s0/ova_body_c4_01/seed-3_sample-4/ova_body_c4_01_seed-3_sample-4_summary_confidences.json
OVA-C4-IPTM80-21B	ova_body_c4_23	4	seed-4_sample-0	0.81	0.78	2.7	1	0.0	experiments/e133_c4_iptm80_multiseed_batch02/af3/out_s0/ova_body_c4_01/seed-4_sample-0/ova_body_c4_01_seed-4_sample-0_model.cif	experiments/e133_c4_iptm80_multiseed_batch02/af3/out_s0/ova_body_c4_01/seed-4_sample-0/ova_body_c4_01_seed-4_sample-0_summary_confidences.json
OVA-C4-IPTM80-21B	ova_body_c4_23	4	seed-4_sample-1	0.83	0.8	2.625	1	0.0	experiments/e133_c4_iptm80_multiseed_batch02/af3/out_s0/ova_body_c4_01/seed-4_sample-1/ova_body_c4_01_seed-4_sample-1_model.cif	experiments/e133_c4_iptm80_multiseed_batch02/af3/out_s0/ova_body_c4_01/seed-4_sample-1/ova_body_c4_01_seed-4_sample-1_summary_confidences.json
OVA-C4-IPTM80-21B	ova_body_c4_23	4	seed-4_sample-2	0.82	0.78	2.67	1	0.0	experiments/e133_c4_iptm80_multiseed_batch02/af3/out_s0/ova_body_c4_01/seed-4_sample-2/ova_body_c4_01_seed-4_sample-2_model.cif	experiments/e133_c4_iptm80_multiseed_batch02/af3/out_s0/ova_body_c4_01/seed-4_sample-2/ova_body_c4_01_seed-4_sample-2_summary_confidences.json
OVA-C4-IPTM80-21B	ova_body_c4_23	4	seed-4_sample-3	0.84	0.81	2.375	1	0.0	experiments/e133_c4_iptm80_multiseed_batch02/af3/out_s0/ova_body_c4_01/seed-4_sample-3/ova_body_c4_01_seed-4_sample-3_model.cif	experiments/e133_c4_iptm80_multiseed_batch02/af3/out_s0/ova_body_c4_01/seed-4_sample-3/ova_body_c4_01_seed-4_sample-3_summary_confidences.json
OVA-C4-IPTM80-21B	ova_body_c4_23	4	seed-4_sample-4	0.84	0.81	2.5199999999999996	1	0.0	experiments/e133_c4_iptm80_multiseed_batch02/af3/out_s0/ova_body_c4_01/seed-4_sample-4/ova_body_c4_01_seed-4_sample-4_model.cif	experiments/e133_c4_iptm80_multiseed_batch02/af3/out_s0/ova_body_c4_01/seed-4_sample-4/ova_body_c4_01_seed-4_sample-4_summary_confidences.json
OVA-C4-IPTM80-21B	ova_body_c4_23	5	seed-5_sample-0	0.85	0.82	2.1950000000000003	1	0.0	experiments/e133_c4_iptm80_multiseed_batch02/af3/out_s0/ova_body_c4_01/seed-5_sample-0/ova_body_c4_01_seed-5_sample-0_model.cif	experiments/e133_c4_iptm80_multiseed_batch02/af3/out_s0/ova_body_c4_01/seed-5_sample-0/ova_body_c4_01_seed-5_sample-0_summary_confidences.json
OVA-C4-IPTM80-21B	ova_body_c4_23	5	seed-5_sample-1	0.85	0.81	2.3099999999999996	1	0.0	experiments/e133_c4_iptm80_multiseed_batch02/af3/out_s0/ova_body_c4_01/seed-5_sample-1/ova_body_c4_01_seed-5_sample-1_model.cif	experiments/e133_c4_iptm80_multiseed_batch02/af3/out_s0/ova_body_c4_01/seed-5_sample-1/ova_body_c4_01_seed-5_sample-1_summary_confidences.json
OVA-C4-IPTM80-21B	ova_body_c4_23	5	seed-5_sample-2	0.84	0.81	2.365	1	0.0	experiments/e133_c4_iptm80_multiseed_batch02/af3/out_s0/ova_body_c4_01/seed-5_sample-2/ova_body_c4_01_seed-5_sample-2_model.cif	experiments/e133_c4_iptm80_multiseed_batch02/af3/out_s0/ova_body_c4_01/seed-5_sample-2/ova_body_c4_01_seed-5_sample-2_summary_confidences.json
OVA-C4-IPTM80-21B	ova_body_c4_23	5	seed-5_sample-3	0.85	0.82	2.23	1	0.0	experiments/e133_c4_iptm80_multiseed_batch02/af3/out_s0/ova_body_c4_01/seed-5_sample-3/ova_body_c4_01_seed-5_sample-3_model.cif	experiments/e133_c4_iptm80_multiseed_batch02/af3/out_s0/ova_body_c4_01/seed-5_sample-3/ova_body_c4_01_seed-5_sample-3_summary_confidences.json
OVA-C4-IPTM80-21B	ova_body_c4_23	5	seed-5_sample-4	0.85	0.81	2.275	1	0.0	experiments/e133_c4_iptm80_multiseed_batch02/af3/out_s0/ova_body_c4_01/seed-5_sample-4/ova_body_c4_01_seed-5_sample-4_model.cif	experiments/e133_c4_iptm80_multiseed_batch02/af3/out_s0/ova_body_c4_01/seed-5_sample-4/ova_body_c4_01_seed-5_sample-4_summary_confidences.json
OVA-C4-IPTM80-20C	ova_body_c4_02	1	seed-1_sample-0	0.84	0.81	2.5149999999999997	1	0.0	experiments/e126_c4_iptm80_continue_af3_seed1/out_s1/ova_body_c4_02/seed-1_sample-0/ova_body_c4_02_seed-1_sample-0_model.cif	experiments/e126_c4_iptm80_continue_af3_seed1/out_s1/ova_body_c4_02/seed-1_sample-0/ova_body_c4_02_seed-1_sample-0_summary_confidences.json
OVA-C4-IPTM80-20C	ova_body_c4_02	1	seed-1_sample-1	0.84	0.81	2.44	1	0.0	experiments/e126_c4_iptm80_continue_af3_seed1/out_s1/ova_body_c4_02/seed-1_sample-1/ova_body_c4_02_seed-1_sample-1_model.cif	experiments/e126_c4_iptm80_continue_af3_seed1/out_s1/ova_body_c4_02/seed-1_sample-1/ova_body_c4_02_seed-1_sample-1_summary_confidences.json
OVA-C4-IPTM80-20C	ova_body_c4_02	1	seed-1_sample-2	0.84	0.81	2.47	1	0.0	experiments/e126_c4_iptm80_continue_af3_seed1/out_s1/ova_body_c4_02/seed-1_sample-2/ova_body_c4_02_seed-1_sample-2_model.cif	experiments/e126_c4_iptm80_continue_af3_seed1/out_s1/ova_body_c4_02/seed-1_sample-2/ova_body_c4_02_seed-1_sample-2_summary_confidences.json
OVA-C4-IPTM80-20C	ova_body_c4_02	1	seed-1_sample-3	0.85	0.81	2.465	1	0.0	experiments/e126_c4_iptm80_continue_af3_seed1/out_s1/ova_body_c4_02/seed-1_sample-3/ova_body_c4_02_seed-1_sample-3_model.cif	experiments/e126_c4_iptm80_continue_af3_seed1/out_s1/ova_body_c4_02/seed-1_sample-3/ova_body_c4_02_seed-1_sample-3_summary_confidences.json
OVA-C4-IPTM80-20C	ova_body_c4_02	1	seed-1_sample-4	0.85	0.81	2.365	1	0.0	experiments/e126_c4_iptm80_continue_af3_seed1/out_s1/ova_body_c4_02/seed-1_sample-4/ova_body_c4_02_seed-1_sample-4_model.cif	experiments/e126_c4_iptm80_continue_af3_seed1/out_s1/ova_body_c4_02/seed-1_sample-4/ova_body_c4_02_seed-1_sample-4_summary_confidences.json
OVA-C4-IPTM80-20C	ova_body_c4_02	2	seed-2_sample-0	0.84	0.8	2.375	1	0.0	experiments/e132_c4_iptm80_multiseed_batch01/af3/out_s5/ova_body_c4_06/seed-2_sample-0/ova_body_c4_06_seed-2_sample-0_model.cif	experiments/e132_c4_iptm80_multiseed_batch01/af3/out_s5/ova_body_c4_06/seed-2_sample-0/ova_body_c4_06_seed-2_sample-0_summary_confidences.json
OVA-C4-IPTM80-20C	ova_body_c4_02	2	seed-2_sample-1	0.84	0.8	2.375	1	0.0	experiments/e132_c4_iptm80_multiseed_batch01/af3/out_s5/ova_body_c4_06/seed-2_sample-1/ova_body_c4_06_seed-2_sample-1_model.cif	experiments/e132_c4_iptm80_multiseed_batch01/af3/out_s5/ova_body_c4_06/seed-2_sample-1/ova_body_c4_06_seed-2_sample-1_summary_confidences.json
OVA-C4-IPTM80-20C	ova_body_c4_02	2	seed-2_sample-2	0.83	0.79	2.53	1	0.0	experiments/e132_c4_iptm80_multiseed_batch01/af3/out_s5/ova_body_c4_06/seed-2_sample-2/ova_body_c4_06_seed-2_sample-2_model.cif	experiments/e132_c4_iptm80_multiseed_batch01/af3/out_s5/ova_body_c4_06/seed-2_sample-2/ova_body_c4_06_seed-2_sample-2_summary_confidences.json
OVA-C4-IPTM80-20C	ova_body_c4_02	2	seed-2_sample-3	0.82	0.78	2.715	1	0.0	experiments/e132_c4_iptm80_multiseed_batch01/af3/out_s5/ova_body_c4_06/seed-2_sample-3/ova_body_c4_06_seed-2_sample-3_model.cif	experiments/e132_c4_iptm80_multiseed_batch01/af3/out_s5/ova_body_c4_06/seed-2_sample-3/ova_body_c4_06_seed-2_sample-3_summary_confidences.json
OVA-C4-IPTM80-20C	ova_body_c4_02	2	seed-2_sample-4	0.82	0.78	2.5949999999999998	1	0.0	experiments/e132_c4_iptm80_multiseed_batch01/af3/out_s5/ova_body_c4_06/seed-2_sample-4/ova_body_c4_06_seed-2_sample-4_model.cif	experiments/e132_c4_iptm80_multiseed_batch01/af3/out_s5/ova_body_c4_06/seed-2_sample-4/ova_body_c4_06_seed-2_sample-4_summary_confidences.json
OVA-C4-IPTM80-20C	ova_body_c4_02	3	seed-3_sample-0	0.83	0.79	2.5599999999999996	1	0.0	experiments/e132_c4_iptm80_multiseed_batch01/af3/out_s5/ova_body_c4_06/seed-3_sample-0/ova_body_c4_06_seed-3_sample-0_model.cif	experiments/e132_c4_iptm80_multiseed_batch01/af3/out_s5/ova_body_c4_06/seed-3_sample-0/ova_body_c4_06_seed-3_sample-0_summary_confidences.json
OVA-C4-IPTM80-20C	ova_body_c4_02	3	seed-3_sample-1	0.83	0.79	2.56	1	0.0	experiments/e132_c4_iptm80_multiseed_batch01/af3/out_s5/ova_body_c4_06/seed-3_sample-1/ova_body_c4_06_seed-3_sample-1_model.cif	experiments/e132_c4_iptm80_multiseed_batch01/af3/out_s5/ova_body_c4_06/seed-3_sample-1/ova_body_c4_06_seed-3_sample-1_summary_confidences.json
OVA-C4-IPTM80-20C	ova_body_c4_02	3	seed-3_sample-2	0.84	0.8	2.4850000000000003	1	0.0	experiments/e132_c4_iptm80_multiseed_batch01/af3/out_s5/ova_body_c4_06/seed-3_sample-2/ova_body_c4_06_seed-3_sample-2_model.cif	experiments/e132_c4_iptm80_multiseed_batch01/af3/out_s5/ova_body_c4_06/seed-3_sample-2/ova_body_c4_06_seed-3_sample-2_summary_confidences.json
OVA-C4-IPTM80-20C	ova_body_c4_02	3	seed-3_sample-3	0.83	0.8	2.5549999999999997	1	0.0	experiments/e132_c4_iptm80_multiseed_batch01/af3/out_s5/ova_body_c4_06/seed-3_sample-3/ova_body_c4_06_seed-3_sample-3_model.cif	experiments/e132_c4_iptm80_multiseed_batch01/af3/out_s5/ova_body_c4_06/seed-3_sample-3/ova_body_c4_06_seed-3_sample-3_summary_confidences.json
OVA-C4-IPTM80-20C	ova_body_c4_02	3	seed-3_sample-4	0.83	0.8	2.5199999999999996	1	0.0	experiments/e132_c4_iptm80_multiseed_batch01/af3/out_s5/ova_body_c4_06/seed-3_sample-4/ova_body_c4_06_seed-3_sample-4_model.cif	experiments/e132_c4_iptm80_multiseed_batch01/af3/out_s5/ova_body_c4_06/seed-3_sample-4/ova_body_c4_06_seed-3_sample-4_summary_confidences.json
OVA-C4-IPTM80-20C	ova_body_c4_02	4	seed-4_sample-0	0.81	0.78	2.6950000000000003	1	0.0	experiments/e132_c4_iptm80_multiseed_batch01/af3/out_s5/ova_body_c4_06/seed-4_sample-0/ova_body_c4_06_seed-4_sample-0_model.cif	experiments/e132_c4_iptm80_multiseed_batch01/af3/out_s5/ova_body_c4_06/seed-4_sample-0/ova_body_c4_06_seed-4_sample-0_summary_confidences.json
OVA-C4-IPTM80-20C	ova_body_c4_02	4	seed-4_sample-1	0.83	0.79	2.55	1	0.0	experiments/e132_c4_iptm80_multiseed_batch01/af3/out_s5/ova_body_c4_06/seed-4_sample-1/ova_body_c4_06_seed-4_sample-1_model.cif	experiments/e132_c4_iptm80_multiseed_batch01/af3/out_s5/ova_body_c4_06/seed-4_sample-1/ova_body_c4_06_seed-4_sample-1_summary_confidences.json
OVA-C4-IPTM80-20C	ova_body_c4_02	4	seed-4_sample-2	0.82	0.79	2.625	1	0.0	experiments/e132_c4_iptm80_multiseed_batch01/af3/out_s5/ova_body_c4_06/seed-4_sample-2/ova_body_c4_06_seed-4_sample-2_model.cif	experiments/e132_c4_iptm80_multiseed_batch01/af3/out_s5/ova_body_c4_06/seed-4_sample-2/ova_body_c4_06_seed-4_sample-2_summary_confidences.json
OVA-C4-IPTM80-20C	ova_body_c4_02	4	seed-4_sample-3	0.83	0.8	2.525	1	0.0	experiments/e132_c4_iptm80_multiseed_batch01/af3/out_s5/ova_body_c4_06/seed-4_sample-3/ova_body_c4_06_seed-4_sample-3_model.cif	experiments/e132_c4_iptm80_multiseed_batch01/af3/out_s5/ova_body_c4_06/seed-4_sample-3/ova_body_c4_06_seed-4_sample-3_summary_confidences.json
OVA-C4-IPTM80-20C	ova_body_c4_02	4	seed-4_sample-4	0.83	0.8	2.55	1	0.0	experiments/e132_c4_iptm80_multiseed_batch01/af3/out_s5/ova_body_c4_06/seed-4_sample-4/ova_body_c4_06_seed-4_sample-4_model.cif	experiments/e132_c4_iptm80_multiseed_batch01/af3/out_s5/ova_body_c4_06/seed-4_sample-4/ova_body_c4_06_seed-4_sample-4_summary_confidences.json
OVA-C4-IPTM80-20C	ova_body_c4_02	5	seed-5_sample-0	0.83	0.8	2.48	1	0.0	experiments/e132_c4_iptm80_multiseed_batch01/af3/out_s5/ova_body_c4_06/seed-5_sample-0/ova_body_c4_06_seed-5_sample-0_model.cif	experiments/e132_c4_iptm80_multiseed_batch01/af3/out_s5/ova_body_c4_06/seed-5_sample-0/ova_body_c4_06_seed-5_sample-0_summary_confidences.json
OVA-C4-IPTM80-20C	ova_body_c4_02	5	seed-5_sample-1	0.83	0.79	2.615	1	0.0	experiments/e132_c4_iptm80_multiseed_batch01/af3/out_s5/ova_body_c4_06/seed-5_sample-1/ova_body_c4_06_seed-5_sample-1_model.cif	experiments/e132_c4_iptm80_multiseed_batch01/af3/out_s5/ova_body_c4_06/seed-5_sample-1/ova_body_c4_06_seed-5_sample-1_summary_confidences.json
OVA-C4-IPTM80-20C	ova_body_c4_02	5	seed-5_sample-2	0.83	0.79	2.665	1	0.0	experiments/e132_c4_iptm80_multiseed_batch01/af3/out_s5/ova_body_c4_06/seed-5_sample-2/ova_body_c4_06_seed-5_sample-2_model.cif	experiments/e132_c4_iptm80_multiseed_batch01/af3/out_s5/ova_body_c4_06/seed-5_sample-2/ova_body_c4_06_seed-5_sample-2_summary_confidences.json
OVA-C4-IPTM80-20C	ova_body_c4_02	5	seed-5_sample-3	0.83	0.79	2.6399999999999997	1	0.0	experiments/e132_c4_iptm80_multiseed_batch01/af3/out_s5/ova_body_c4_06/seed-5_sample-3/ova_body_c4_06_seed-5_sample-3_model.cif	experiments/e132_c4_iptm80_multiseed_batch01/af3/out_s5/ova_body_c4_06/seed-5_sample-3/ova_body_c4_06_seed-5_sample-3_summary_confidences.json
OVA-C4-IPTM80-20C	ova_body_c4_02	5	seed-5_sample-4	0.82	0.78	2.64	1	0.0	experiments/e132_c4_iptm80_multiseed_batch01/af3/out_s5/ova_body_c4_06/seed-5_sample-4/ova_body_c4_06_seed-5_sample-4_model.cif	experiments/e132_c4_iptm80_multiseed_batch01/af3/out_s5/ova_body_c4_06/seed-5_sample-4/ova_body_c4_06_seed-5_sample-4_summary_confidences.json
OVA-C4-IPTM80-21D	ova_body_c4_105	1	seed-1_sample-0	0.81	0.78	2.715	1	0.0	experiments/e126_c4_iptm80_continue_af3_seed1/out_s0/ova_body_c4_105/seed-1_sample-0/ova_body_c4_105_seed-1_sample-0_model.cif	experiments/e126_c4_iptm80_continue_af3_seed1/out_s0/ova_body_c4_105/seed-1_sample-0/ova_body_c4_105_seed-1_sample-0_summary_confidences.json
OVA-C4-IPTM80-21D	ova_body_c4_105	1	seed-1_sample-1	0.82	0.79	2.6	1	0.0	experiments/e126_c4_iptm80_continue_af3_seed1/out_s0/ova_body_c4_105/seed-1_sample-1/ova_body_c4_105_seed-1_sample-1_model.cif	experiments/e126_c4_iptm80_continue_af3_seed1/out_s0/ova_body_c4_105/seed-1_sample-1/ova_body_c4_105_seed-1_sample-1_summary_confidences.json
OVA-C4-IPTM80-21D	ova_body_c4_105	1	seed-1_sample-2	0.83	0.79	2.635	1	0.0	experiments/e126_c4_iptm80_continue_af3_seed1/out_s0/ova_body_c4_105/seed-1_sample-2/ova_body_c4_105_seed-1_sample-2_model.cif	experiments/e126_c4_iptm80_continue_af3_seed1/out_s0/ova_body_c4_105/seed-1_sample-2/ova_body_c4_105_seed-1_sample-2_summary_confidences.json
OVA-C4-IPTM80-21D	ova_body_c4_105	1	seed-1_sample-3	0.82	0.79	2.71	1	0.0	experiments/e126_c4_iptm80_continue_af3_seed1/out_s0/ova_body_c4_105/seed-1_sample-3/ova_body_c4_105_seed-1_sample-3_model.cif	experiments/e126_c4_iptm80_continue_af3_seed1/out_s0/ova_body_c4_105/seed-1_sample-3/ova_body_c4_105_seed-1_sample-3_summary_confidences.json
OVA-C4-IPTM80-21D	ova_body_c4_105	1	seed-1_sample-4	0.83	0.8	2.665	1	0.0	experiments/e126_c4_iptm80_continue_af3_seed1/out_s0/ova_body_c4_105/seed-1_sample-4/ova_body_c4_105_seed-1_sample-4_model.cif	experiments/e126_c4_iptm80_continue_af3_seed1/out_s0/ova_body_c4_105/seed-1_sample-4/ova_body_c4_105_seed-1_sample-4_summary_confidences.json
OVA-C4-IPTM80-21D	ova_body_c4_105	2	seed-2_sample-0	0.81	0.78	2.865	1	0.0	experiments/e133_c4_iptm80_multiseed_batch02/af3/out_s4/ova_body_c4_05/seed-2_sample-0/ova_body_c4_05_seed-2_sample-0_model.cif	experiments/e133_c4_iptm80_multiseed_batch02/af3/out_s4/ova_body_c4_05/seed-2_sample-0/ova_body_c4_05_seed-2_sample-0_summary_confidences.json
OVA-C4-IPTM80-21D	ova_body_c4_105	2	seed-2_sample-1	0.82	0.79	2.625	1	0.0	experiments/e133_c4_iptm80_multiseed_batch02/af3/out_s4/ova_body_c4_05/seed-2_sample-1/ova_body_c4_05_seed-2_sample-1_model.cif	experiments/e133_c4_iptm80_multiseed_batch02/af3/out_s4/ova_body_c4_05/seed-2_sample-1/ova_body_c4_05_seed-2_sample-1_summary_confidences.json
OVA-C4-IPTM80-21D	ova_body_c4_105	2	seed-2_sample-2	0.82	0.79	2.6950000000000003	1	0.0	experiments/e133_c4_iptm80_multiseed_batch02/af3/out_s4/ova_body_c4_05/seed-2_sample-2/ova_body_c4_05_seed-2_sample-2_model.cif	experiments/e133_c4_iptm80_multiseed_batch02/af3/out_s4/ova_body_c4_05/seed-2_sample-2/ova_body_c4_05_seed-2_sample-2_summary_confidences.json
OVA-C4-IPTM80-21D	ova_body_c4_105	2	seed-2_sample-3	0.83	0.8	2.6100000000000003	1	0.0	experiments/e133_c4_iptm80_multiseed_batch02/af3/out_s4/ova_body_c4_05/seed-2_sample-3/ova_body_c4_05_seed-2_sample-3_model.cif	experiments/e133_c4_iptm80_multiseed_batch02/af3/out_s4/ova_body_c4_05/seed-2_sample-3/ova_body_c4_05_seed-2_sample-3_summary_confidences.json
OVA-C4-IPTM80-21D	ova_body_c4_105	2	seed-2_sample-4	0.82	0.79	2.685	1	0.0	experiments/e133_c4_iptm80_multiseed_batch02/af3/out_s4/ova_body_c4_05/seed-2_sample-4/ova_body_c4_05_seed-2_sample-4_model.cif	experiments/e133_c4_iptm80_multiseed_batch02/af3/out_s4/ova_body_c4_05/seed-2_sample-4/ova_body_c4_05_seed-2_sample-4_summary_confidences.json
OVA-C4-IPTM80-21D	ova_body_c4_105	3	seed-3_sample-0	0.83	0.8	2.885	1	0.0	experiments/e133_c4_iptm80_multiseed_batch02/af3/out_s4/ova_body_c4_05/seed-3_sample-0/ova_body_c4_05_seed-3_sample-0_model.cif	experiments/e133_c4_iptm80_multiseed_batch02/af3/out_s4/ova_body_c4_05/seed-3_sample-0/ova_body_c4_05_seed-3_sample-0_summary_confidences.json
OVA-C4-IPTM80-21D	ova_body_c4_105	3	seed-3_sample-1	0.83	0.8	2.8	1	0.0	experiments/e133_c4_iptm80_multiseed_batch02/af3/out_s4/ova_body_c4_05/seed-3_sample-1/ova_body_c4_05_seed-3_sample-1_model.cif	experiments/e133_c4_iptm80_multiseed_batch02/af3/out_s4/ova_body_c4_05/seed-3_sample-1/ova_body_c4_05_seed-3_sample-1_summary_confidences.json
OVA-C4-IPTM80-21D	ova_body_c4_105	3	seed-3_sample-2	0.82	0.79	3.05	1	0.0	experiments/e133_c4_iptm80_multiseed_batch02/af3/out_s4/ova_body_c4_05/seed-3_sample-2/ova_body_c4_05_seed-3_sample-2_model.cif	experiments/e133_c4_iptm80_multiseed_batch02/af3/out_s4/ova_body_c4_05/seed-3_sample-2/ova_body_c4_05_seed-3_sample-2_summary_confidences.json
OVA-C4-IPTM80-21D	ova_body_c4_105	3	seed-3_sample-3	0.83	0.8	2.6550000000000002	1	0.0	experiments/e133_c4_iptm80_multiseed_batch02/af3/out_s4/ova_body_c4_05/seed-3_sample-3/ova_body_c4_05_seed-3_sample-3_model.cif	experiments/e133_c4_iptm80_multiseed_batch02/af3/out_s4/ova_body_c4_05/seed-3_sample-3/ova_body_c4_05_seed-3_sample-3_summary_confidences.json
OVA-C4-IPTM80-21D	ova_body_c4_105	3	seed-3_sample-4	0.83	0.8	2.995	1	0.0	experiments/e133_c4_iptm80_multiseed_batch02/af3/out_s4/ova_body_c4_05/seed-3_sample-4/ova_body_c4_05_seed-3_sample-4_model.cif	experiments/e133_c4_iptm80_multiseed_batch02/af3/out_s4/ova_body_c4_05/seed-3_sample-4/ova_body_c4_05_seed-3_sample-4_summary_confidences.json
OVA-C4-IPTM80-21D	ova_body_c4_105	4	seed-4_sample-0	0.83	0.8	2.6950000000000003	1	0.0	experiments/e133_c4_iptm80_multiseed_batch02/af3/out_s4/ova_body_c4_05/seed-4_sample-0/ova_body_c4_05_seed-4_sample-0_model.cif	experiments/e133_c4_iptm80_multiseed_batch02/af3/out_s4/ova_body_c4_05/seed-4_sample-0/ova_body_c4_05_seed-4_sample-0_summary_confidences.json
OVA-C4-IPTM80-21D	ova_body_c4_105	4	seed-4_sample-1	0.83	0.8	2.83	1	0.0	experiments/e133_c4_iptm80_multiseed_batch02/af3/out_s4/ova_body_c4_05/seed-4_sample-1/ova_body_c4_05_seed-4_sample-1_model.cif	experiments/e133_c4_iptm80_multiseed_batch02/af3/out_s4/ova_body_c4_05/seed-4_sample-1/ova_body_c4_05_seed-4_sample-1_summary_confidences.json
OVA-C4-IPTM80-21D	ova_body_c4_105	4	seed-4_sample-2	0.84	0.81	2.75	1	0.0	experiments/e133_c4_iptm80_multiseed_batch02/af3/out_s4/ova_body_c4_05/seed-4_sample-2/ova_body_c4_05_seed-4_sample-2_model.cif	experiments/e133_c4_iptm80_multiseed_batch02/af3/out_s4/ova_body_c4_05/seed-4_sample-2/ova_body_c4_05_seed-4_sample-2_summary_confidences.json
OVA-C4-IPTM80-21D	ova_body_c4_105	4	seed-4_sample-3	0.83	0.8	2.755	1	0.0	experiments/e133_c4_iptm80_multiseed_batch02/af3/out_s4/ova_body_c4_05/seed-4_sample-3/ova_body_c4_05_seed-4_sample-3_model.cif	experiments/e133_c4_iptm80_multiseed_batch02/af3/out_s4/ova_body_c4_05/seed-4_sample-3/ova_body_c4_05_seed-4_sample-3_summary_confidences.json
OVA-C4-IPTM80-21D	ova_body_c4_105	4	seed-4_sample-4	0.84	0.8	2.705	1	0.0	experiments/e133_c4_iptm80_multiseed_batch02/af3/out_s4/ova_body_c4_05/seed-4_sample-4/ova_body_c4_05_seed-4_sample-4_model.cif	experiments/e133_c4_iptm80_multiseed_batch02/af3/out_s4/ova_body_c4_05/seed-4_sample-4/ova_body_c4_05_seed-4_sample-4_summary_confidences.json
OVA-C4-IPTM80-21D	ova_body_c4_105	5	seed-5_sample-0	0.82	0.79	2.775	1	0.0	experiments/e133_c4_iptm80_multiseed_batch02/af3/out_s4/ova_body_c4_05/seed-5_sample-0/ova_body_c4_05_seed-5_sample-0_model.cif	experiments/e133_c4_iptm80_multiseed_batch02/af3/out_s4/ova_body_c4_05/seed-5_sample-0/ova_body_c4_05_seed-5_sample-0_summary_confidences.json
OVA-C4-IPTM80-21D	ova_body_c4_105	5	seed-5_sample-1	0.81	0.77	2.835	1	0.0	experiments/e133_c4_iptm80_multiseed_batch02/af3/out_s4/ova_body_c4_05/seed-5_sample-1/ova_body_c4_05_seed-5_sample-1_model.cif	experiments/e133_c4_iptm80_multiseed_batch02/af3/out_s4/ova_body_c4_05/seed-5_sample-1/ova_body_c4_05_seed-5_sample-1_summary_confidences.json
OVA-C4-IPTM80-21D	ova_body_c4_105	5	seed-5_sample-2	0.81	0.78	2.9	1	0.0	experiments/e133_c4_iptm80_multiseed_batch02/af3/out_s4/ova_body_c4_05/seed-5_sample-2/ova_body_c4_05_seed-5_sample-2_model.cif	experiments/e133_c4_iptm80_multiseed_batch02/af3/out_s4/ova_body_c4_05/seed-5_sample-2/ova_body_c4_05_seed-5_sample-2_summary_confidences.json
OVA-C4-IPTM80-21D	ova_body_c4_105	5	seed-5_sample-3	0.82	0.78	2.755	1	0.0	experiments/e133_c4_iptm80_multiseed_batch02/af3/out_s4/ova_body_c4_05/seed-5_sample-3/ova_body_c4_05_seed-5_sample-3_model.cif	experiments/e133_c4_iptm80_multiseed_batch02/af3/out_s4/ova_body_c4_05/seed-5_sample-3/ova_body_c4_05_seed-5_sample-3_summary_confidences.json
OVA-C4-IPTM80-21D	ova_body_c4_105	5	seed-5_sample-4	0.8	0.77	3.005	1	0.0	experiments/e133_c4_iptm80_multiseed_batch02/af3/out_s4/ova_body_c4_05/seed-5_sample-4/ova_body_c4_05_seed-5_sample-4_model.cif	experiments/e133_c4_iptm80_multiseed_batch02/af3/out_s4/ova_body_c4_05/seed-5_sample-4/ova_body_c4_05_seed-5_sample-4_summary_confidences.json
OVA-C4-IPTM80-21E	ova_body_c4_10	1	seed-1_sample-0	0.83	0.8	2.78	1	0.0	experiments/e126_c4_iptm80_continue_af3_seed1/out_s1/ova_body_c4_10/seed-1_sample-0/ova_body_c4_10_seed-1_sample-0_model.cif	experiments/e126_c4_iptm80_continue_af3_seed1/out_s1/ova_body_c4_10/seed-1_sample-0/ova_body_c4_10_seed-1_sample-0_summary_confidences.json
OVA-C4-IPTM80-21E	ova_body_c4_10	1	seed-1_sample-1	0.83	0.79	2.8	1	0.0	experiments/e126_c4_iptm80_continue_af3_seed1/out_s1/ova_body_c4_10/seed-1_sample-1/ova_body_c4_10_seed-1_sample-1_model.cif	experiments/e126_c4_iptm80_continue_af3_seed1/out_s1/ova_body_c4_10/seed-1_sample-1/ova_body_c4_10_seed-1_sample-1_summary_confidences.json
OVA-C4-IPTM80-21E	ova_body_c4_10	1	seed-1_sample-2	0.82	0.79	2.835	1	0.0	experiments/e126_c4_iptm80_continue_af3_seed1/out_s1/ova_body_c4_10/seed-1_sample-2/ova_body_c4_10_seed-1_sample-2_model.cif	experiments/e126_c4_iptm80_continue_af3_seed1/out_s1/ova_body_c4_10/seed-1_sample-2/ova_body_c4_10_seed-1_sample-2_summary_confidences.json
OVA-C4-IPTM80-21E	ova_body_c4_10	1	seed-1_sample-3	0.83	0.8	2.83	1	0.0	experiments/e126_c4_iptm80_continue_af3_seed1/out_s1/ova_body_c4_10/seed-1_sample-3/ova_body_c4_10_seed-1_sample-3_model.cif	experiments/e126_c4_iptm80_continue_af3_seed1/out_s1/ova_body_c4_10/seed-1_sample-3/ova_body_c4_10_seed-1_sample-3_summary_confidences.json
OVA-C4-IPTM80-21E	ova_body_c4_10	1	seed-1_sample-4	0.84	0.81	2.715	1	0.0	experiments/e126_c4_iptm80_continue_af3_seed1/out_s1/ova_body_c4_10/seed-1_sample-4/ova_body_c4_10_seed-1_sample-4_model.cif	experiments/e126_c4_iptm80_continue_af3_seed1/out_s1/ova_body_c4_10/seed-1_sample-4/ova_body_c4_10_seed-1_sample-4_summary_confidences.json
OVA-C4-IPTM80-21E	ova_body_c4_10	2	seed-2_sample-0	0.82	0.79	2.635	1	0.0	experiments/e132_c4_iptm80_multiseed_batch01/af3/out_s6/ova_body_c4_07/seed-2_sample-0/ova_body_c4_07_seed-2_sample-0_model.cif	experiments/e132_c4_iptm80_multiseed_batch01/af3/out_s6/ova_body_c4_07/seed-2_sample-0/ova_body_c4_07_seed-2_sample-0_summary_confidences.json
OVA-C4-IPTM80-21E	ova_body_c4_10	2	seed-2_sample-1	0.82	0.78	2.685	1	0.0	experiments/e132_c4_iptm80_multiseed_batch01/af3/out_s6/ova_body_c4_07/seed-2_sample-1/ova_body_c4_07_seed-2_sample-1_model.cif	experiments/e132_c4_iptm80_multiseed_batch01/af3/out_s6/ova_body_c4_07/seed-2_sample-1/ova_body_c4_07_seed-2_sample-1_summary_confidences.json
OVA-C4-IPTM80-21E	ova_body_c4_10	2	seed-2_sample-2	0.82	0.79	2.6900000000000004	1	0.0	experiments/e132_c4_iptm80_multiseed_batch01/af3/out_s6/ova_body_c4_07/seed-2_sample-2/ova_body_c4_07_seed-2_sample-2_model.cif	experiments/e132_c4_iptm80_multiseed_batch01/af3/out_s6/ova_body_c4_07/seed-2_sample-2/ova_body_c4_07_seed-2_sample-2_summary_confidences.json
OVA-C4-IPTM80-21E	ova_body_c4_10	2	seed-2_sample-3	0.82	0.79	2.625	1	0.0	experiments/e132_c4_iptm80_multiseed_batch01/af3/out_s6/ova_body_c4_07/seed-2_sample-3/ova_body_c4_07_seed-2_sample-3_model.cif	experiments/e132_c4_iptm80_multiseed_batch01/af3/out_s6/ova_body_c4_07/seed-2_sample-3/ova_body_c4_07_seed-2_sample-3_summary_confidences.json
OVA-C4-IPTM80-21E	ova_body_c4_10	2	seed-2_sample-4	0.82	0.79	2.645	1	0.0	experiments/e132_c4_iptm80_multiseed_batch01/af3/out_s6/ova_body_c4_07/seed-2_sample-4/ova_body_c4_07_seed-2_sample-4_model.cif	experiments/e132_c4_iptm80_multiseed_batch01/af3/out_s6/ova_body_c4_07/seed-2_sample-4/ova_body_c4_07_seed-2_sample-4_summary_confidences.json
OVA-C4-IPTM80-21E	ova_body_c4_10	3	seed-3_sample-0	0.83	0.8	2.7350000000000003	1	0.0	experiments/e132_c4_iptm80_multiseed_batch01/af3/out_s6/ova_body_c4_07/seed-3_sample-0/ova_body_c4_07_seed-3_sample-0_model.cif	experiments/e132_c4_iptm80_multiseed_batch01/af3/out_s6/ova_body_c4_07/seed-3_sample-0/ova_body_c4_07_seed-3_sample-0_summary_confidences.json
OVA-C4-IPTM80-21E	ova_body_c4_10	3	seed-3_sample-1	0.84	0.81	2.635	1	0.0	experiments/e132_c4_iptm80_multiseed_batch01/af3/out_s6/ova_body_c4_07/seed-3_sample-1/ova_body_c4_07_seed-3_sample-1_model.cif	experiments/e132_c4_iptm80_multiseed_batch01/af3/out_s6/ova_body_c4_07/seed-3_sample-1/ova_body_c4_07_seed-3_sample-1_summary_confidences.json
OVA-C4-IPTM80-21E	ova_body_c4_10	3	seed-3_sample-2	0.83	0.8	2.775	1	0.0	experiments/e132_c4_iptm80_multiseed_batch01/af3/out_s6/ova_body_c4_07/seed-3_sample-2/ova_body_c4_07_seed-3_sample-2_model.cif	experiments/e132_c4_iptm80_multiseed_batch01/af3/out_s6/ova_body_c4_07/seed-3_sample-2/ova_body_c4_07_seed-3_sample-2_summary_confidences.json
OVA-C4-IPTM80-21E	ova_body_c4_10	3	seed-3_sample-3	0.83	0.8	2.72	1	0.0	experiments/e132_c4_iptm80_multiseed_batch01/af3/out_s6/ova_body_c4_07/seed-3_sample-3/ova_body_c4_07_seed-3_sample-3_model.cif	experiments/e132_c4_iptm80_multiseed_batch01/af3/out_s6/ova_body_c4_07/seed-3_sample-3/ova_body_c4_07_seed-3_sample-3_summary_confidences.json
OVA-C4-IPTM80-21E	ova_body_c4_10	3	seed-3_sample-4	0.83	0.8	2.745	1	0.0	experiments/e132_c4_iptm80_multiseed_batch01/af3/out_s6/ova_body_c4_07/seed-3_sample-4/ova_body_c4_07_seed-3_sample-4_model.cif	experiments/e132_c4_iptm80_multiseed_batch01/af3/out_s6/ova_body_c4_07/seed-3_sample-4/ova_body_c4_07_seed-3_sample-4_summary_confidences.json
OVA-C4-IPTM80-21E	ova_body_c4_10	4	seed-4_sample-0	0.81	0.77	2.825	1	0.0	experiments/e132_c4_iptm80_multiseed_batch01/af3/out_s6/ova_body_c4_07/seed-4_sample-0/ova_body_c4_07_seed-4_sample-0_model.cif	experiments/e132_c4_iptm80_multiseed_batch01/af3/out_s6/ova_body_c4_07/seed-4_sample-0/ova_body_c4_07_seed-4_sample-0_summary_confidences.json
OVA-C4-IPTM80-21E	ova_body_c4_10	4	seed-4_sample-1	0.83	0.79	2.59	1	0.0	experiments/e132_c4_iptm80_multiseed_batch01/af3/out_s6/ova_body_c4_07/seed-4_sample-1/ova_body_c4_07_seed-4_sample-1_model.cif	experiments/e132_c4_iptm80_multiseed_batch01/af3/out_s6/ova_body_c4_07/seed-4_sample-1/ova_body_c4_07_seed-4_sample-1_summary_confidences.json
OVA-C4-IPTM80-21E	ova_body_c4_10	4	seed-4_sample-2	0.82	0.79	2.62	1	0.0	experiments/e132_c4_iptm80_multiseed_batch01/af3/out_s6/ova_body_c4_07/seed-4_sample-2/ova_body_c4_07_seed-4_sample-2_model.cif	experiments/e132_c4_iptm80_multiseed_batch01/af3/out_s6/ova_body_c4_07/seed-4_sample-2/ova_body_c4_07_seed-4_sample-2_summary_confidences.json
OVA-C4-IPTM80-21E	ova_body_c4_10	4	seed-4_sample-3	0.82	0.79	2.665	1	0.0	experiments/e132_c4_iptm80_multiseed_batch01/af3/out_s6/ova_body_c4_07/seed-4_sample-3/ova_body_c4_07_seed-4_sample-3_model.cif	experiments/e132_c4_iptm80_multiseed_batch01/af3/out_s6/ova_body_c4_07/seed-4_sample-3/ova_body_c4_07_seed-4_sample-3_summary_confidences.json
OVA-C4-IPTM80-21E	ova_body_c4_10	4	seed-4_sample-4	0.83	0.8	2.6	1	0.0	experiments/e132_c4_iptm80_multiseed_batch01/af3/out_s6/ova_body_c4_07/seed-4_sample-4/ova_body_c4_07_seed-4_sample-4_model.cif	experiments/e132_c4_iptm80_multiseed_batch01/af3/out_s6/ova_body_c4_07/seed-4_sample-4/ova_body_c4_07_seed-4_sample-4_summary_confidences.json
OVA-C4-IPTM80-21E	ova_body_c4_10	5	seed-5_sample-0	0.81	0.78	2.75	1	0.0	experiments/e132_c4_iptm80_multiseed_batch01/af3/out_s6/ova_body_c4_07/seed-5_sample-0/ova_body_c4_07_seed-5_sample-0_model.cif	experiments/e132_c4_iptm80_multiseed_batch01/af3/out_s6/ova_body_c4_07/seed-5_sample-0/ova_body_c4_07_seed-5_sample-0_summary_confidences.json
OVA-C4-IPTM80-21E	ova_body_c4_10	5	seed-5_sample-1	0.81	0.78	2.79	1	0.0	experiments/e132_c4_iptm80_multiseed_batch01/af3/out_s6/ova_body_c4_07/seed-5_sample-1/ova_body_c4_07_seed-5_sample-1_model.cif	experiments/e132_c4_iptm80_multiseed_batch01/af3/out_s6/ova_body_c4_07/seed-5_sample-1/ova_body_c4_07_seed-5_sample-1_summary_confidences.json
OVA-C4-IPTM80-21E	ova_body_c4_10	5	seed-5_sample-2	0.81	0.77	2.815	1	0.0	experiments/e132_c4_iptm80_multiseed_batch01/af3/out_s6/ova_body_c4_07/seed-5_sample-2/ova_body_c4_07_seed-5_sample-2_model.cif	experiments/e132_c4_iptm80_multiseed_batch01/af3/out_s6/ova_body_c4_07/seed-5_sample-2/ova_body_c4_07_seed-5_sample-2_summary_confidences.json
OVA-C4-IPTM80-21E	ova_body_c4_10	5	seed-5_sample-3	0.8	0.77	2.9400000000000004	1	0.0	experiments/e132_c4_iptm80_multiseed_batch01/af3/out_s6/ova_body_c4_07/seed-5_sample-3/ova_body_c4_07_seed-5_sample-3_model.cif	experiments/e132_c4_iptm80_multiseed_batch01/af3/out_s6/ova_body_c4_07/seed-5_sample-3/ova_body_c4_07_seed-5_sample-3_summary_confidences.json
OVA-C4-IPTM80-21E	ova_body_c4_10	5	seed-5_sample-4	0.81	0.78	2.795	1	0.0	experiments/e132_c4_iptm80_multiseed_batch01/af3/out_s6/ova_body_c4_07/seed-5_sample-4/ova_body_c4_07_seed-5_sample-4_model.cif	experiments/e132_c4_iptm80_multiseed_batch01/af3/out_s6/ova_body_c4_07/seed-5_sample-4/ova_body_c4_07_seed-5_sample-4_summary_confidences.json
OVA-C4-IPTM80-21F	ova_body_c4_01	1	seed-1_sample-0	0.82	0.79	2.605	1	0.0	experiments/e126_c4_iptm80_continue_af3_seed1/out_s0/ova_body_c4_01/seed-1_sample-0/ova_body_c4_01_seed-1_sample-0_model.cif	experiments/e126_c4_iptm80_continue_af3_seed1/out_s0/ova_body_c4_01/seed-1_sample-0/ova_body_c4_01_seed-1_sample-0_summary_confidences.json
OVA-C4-IPTM80-21F	ova_body_c4_01	1	seed-1_sample-1	0.82	0.78	2.66	1	0.0	experiments/e126_c4_iptm80_continue_af3_seed1/out_s0/ova_body_c4_01/seed-1_sample-1/ova_body_c4_01_seed-1_sample-1_model.cif	experiments/e126_c4_iptm80_continue_af3_seed1/out_s0/ova_body_c4_01/seed-1_sample-1/ova_body_c4_01_seed-1_sample-1_summary_confidences.json
OVA-C4-IPTM80-21F	ova_body_c4_01	1	seed-1_sample-2	0.82	0.78	2.5949999999999998	1	0.0	experiments/e126_c4_iptm80_continue_af3_seed1/out_s0/ova_body_c4_01/seed-1_sample-2/ova_body_c4_01_seed-1_sample-2_model.cif	experiments/e126_c4_iptm80_continue_af3_seed1/out_s0/ova_body_c4_01/seed-1_sample-2/ova_body_c4_01_seed-1_sample-2_summary_confidences.json
OVA-C4-IPTM80-21F	ova_body_c4_01	1	seed-1_sample-3	0.83	0.79	2.575	1	0.0	experiments/e126_c4_iptm80_continue_af3_seed1/out_s0/ova_body_c4_01/seed-1_sample-3/ova_body_c4_01_seed-1_sample-3_model.cif	experiments/e126_c4_iptm80_continue_af3_seed1/out_s0/ova_body_c4_01/seed-1_sample-3/ova_body_c4_01_seed-1_sample-3_summary_confidences.json
OVA-C4-IPTM80-21F	ova_body_c4_01	1	seed-1_sample-4	0.84	0.8	2.55	1	0.0	experiments/e126_c4_iptm80_continue_af3_seed1/out_s0/ova_body_c4_01/seed-1_sample-4/ova_body_c4_01_seed-1_sample-4_model.cif	experiments/e126_c4_iptm80_continue_af3_seed1/out_s0/ova_body_c4_01/seed-1_sample-4/ova_body_c4_01_seed-1_sample-4_summary_confidences.json
OVA-C4-IPTM80-21F	ova_body_c4_01	2	seed-2_sample-0	0.82	0.79	2.58	1	0.0	experiments/e133_c4_iptm80_multiseed_batch02/af3/out_s1/ova_body_c4_02/seed-2_sample-0/ova_body_c4_02_seed-2_sample-0_model.cif	experiments/e133_c4_iptm80_multiseed_batch02/af3/out_s1/ova_body_c4_02/seed-2_sample-0/ova_body_c4_02_seed-2_sample-0_summary_confidences.json
OVA-C4-IPTM80-21F	ova_body_c4_01	2	seed-2_sample-1	0.82	0.78	2.715	1	0.0	experiments/e133_c4_iptm80_multiseed_batch02/af3/out_s1/ova_body_c4_02/seed-2_sample-1/ova_body_c4_02_seed-2_sample-1_model.cif	experiments/e133_c4_iptm80_multiseed_batch02/af3/out_s1/ova_body_c4_02/seed-2_sample-1/ova_body_c4_02_seed-2_sample-1_summary_confidences.json
OVA-C4-IPTM80-21F	ova_body_c4_01	2	seed-2_sample-2	0.83	0.8	2.54	1	0.0	experiments/e133_c4_iptm80_multiseed_batch02/af3/out_s1/ova_body_c4_02/seed-2_sample-2/ova_body_c4_02_seed-2_sample-2_model.cif	experiments/e133_c4_iptm80_multiseed_batch02/af3/out_s1/ova_body_c4_02/seed-2_sample-2/ova_body_c4_02_seed-2_sample-2_summary_confidences.json
OVA-C4-IPTM80-21F	ova_body_c4_01	2	seed-2_sample-3	0.83	0.8	2.53	1	0.0	experiments/e133_c4_iptm80_multiseed_batch02/af3/out_s1/ova_body_c4_02/seed-2_sample-3/ova_body_c4_02_seed-2_sample-3_model.cif	experiments/e133_c4_iptm80_multiseed_batch02/af3/out_s1/ova_body_c4_02/seed-2_sample-3/ova_body_c4_02_seed-2_sample-3_summary_confidences.json
OVA-C4-IPTM80-21F	ova_body_c4_01	2	seed-2_sample-4	0.83	0.79	2.55	1	0.0	experiments/e133_c4_iptm80_multiseed_batch02/af3/out_s1/ova_body_c4_02/seed-2_sample-4/ova_body_c4_02_seed-2_sample-4_model.cif	experiments/e133_c4_iptm80_multiseed_batch02/af3/out_s1/ova_body_c4_02/seed-2_sample-4/ova_body_c4_02_seed-2_sample-4_summary_confidences.json
OVA-C4-IPTM80-21F	ova_body_c4_01	3	seed-3_sample-0	0.82	0.78	2.95	1	0.0	experiments/e133_c4_iptm80_multiseed_batch02/af3/out_s1/ova_body_c4_02/seed-3_sample-0/ova_body_c4_02_seed-3_sample-0_model.cif	experiments/e133_c4_iptm80_multiseed_batch02/af3/out_s1/ova_body_c4_02/seed-3_sample-0/ova_body_c4_02_seed-3_sample-0_summary_confidences.json
OVA-C4-IPTM80-21F	ova_body_c4_01	3	seed-3_sample-1	0.83	0.79	2.705	1	0.0	experiments/e133_c4_iptm80_multiseed_batch02/af3/out_s1/ova_body_c4_02/seed-3_sample-1/ova_body_c4_02_seed-3_sample-1_model.cif	experiments/e133_c4_iptm80_multiseed_batch02/af3/out_s1/ova_body_c4_02/seed-3_sample-1/ova_body_c4_02_seed-3_sample-1_summary_confidences.json
OVA-C4-IPTM80-21F	ova_body_c4_01	3	seed-3_sample-2	0.81	0.78	2.96	1	0.0	experiments/e133_c4_iptm80_multiseed_batch02/af3/out_s1/ova_body_c4_02/seed-3_sample-2/ova_body_c4_02_seed-3_sample-2_model.cif	experiments/e133_c4_iptm80_multiseed_batch02/af3/out_s1/ova_body_c4_02/seed-3_sample-2/ova_body_c4_02_seed-3_sample-2_summary_confidences.json
OVA-C4-IPTM80-21F	ova_body_c4_01	3	seed-3_sample-3	0.82	0.78	2.87	1	0.0	experiments/e133_c4_iptm80_multiseed_batch02/af3/out_s1/ova_body_c4_02/seed-3_sample-3/ova_body_c4_02_seed-3_sample-3_model.cif	experiments/e133_c4_iptm80_multiseed_batch02/af3/out_s1/ova_body_c4_02/seed-3_sample-3/ova_body_c4_02_seed-3_sample-3_summary_confidences.json
OVA-C4-IPTM80-21F	ova_body_c4_01	3	seed-3_sample-4	0.81	0.78	2.9050000000000002	1	0.0	experiments/e133_c4_iptm80_multiseed_batch02/af3/out_s1/ova_body_c4_02/seed-3_sample-4/ova_body_c4_02_seed-3_sample-4_model.cif	experiments/e133_c4_iptm80_multiseed_batch02/af3/out_s1/ova_body_c4_02/seed-3_sample-4/ova_body_c4_02_seed-3_sample-4_summary_confidences.json
OVA-C4-IPTM80-21F	ova_body_c4_01	4	seed-4_sample-0	0.82	0.78	2.625	1	0.0	experiments/e133_c4_iptm80_multiseed_batch02/af3/out_s1/ova_body_c4_02/seed-4_sample-0/ova_body_c4_02_seed-4_sample-0_model.cif	experiments/e133_c4_iptm80_multiseed_batch02/af3/out_s1/ova_body_c4_02/seed-4_sample-0/ova_body_c4_02_seed-4_sample-0_summary_confidences.json
OVA-C4-IPTM80-21F	ova_body_c4_01	4	seed-4_sample-1	0.83	0.8	2.5949999999999998	1	0.0	experiments/e133_c4_iptm80_multiseed_batch02/af3/out_s1/ova_body_c4_02/seed-4_sample-1/ova_body_c4_02_seed-4_sample-1_model.cif	experiments/e133_c4_iptm80_multiseed_batch02/af3/out_s1/ova_body_c4_02/seed-4_sample-1/ova_body_c4_02_seed-4_sample-1_summary_confidences.json
OVA-C4-IPTM80-21F	ova_body_c4_01	4	seed-4_sample-2	0.82	0.79	2.59	1	0.0	experiments/e133_c4_iptm80_multiseed_batch02/af3/out_s1/ova_body_c4_02/seed-4_sample-2/ova_body_c4_02_seed-4_sample-2_model.cif	experiments/e133_c4_iptm80_multiseed_batch02/af3/out_s1/ova_body_c4_02/seed-4_sample-2/ova_body_c4_02_seed-4_sample-2_summary_confidences.json
OVA-C4-IPTM80-21F	ova_body_c4_01	4	seed-4_sample-3	0.82	0.78	2.64	1	0.0	experiments/e133_c4_iptm80_multiseed_batch02/af3/out_s1/ova_body_c4_02/seed-4_sample-3/ova_body_c4_02_seed-4_sample-3_model.cif	experiments/e133_c4_iptm80_multiseed_batch02/af3/out_s1/ova_body_c4_02/seed-4_sample-3/ova_body_c4_02_seed-4_sample-3_summary_confidences.json
OVA-C4-IPTM80-21F	ova_body_c4_01	4	seed-4_sample-4	0.82	0.78	2.6	1	0.0	experiments/e133_c4_iptm80_multiseed_batch02/af3/out_s1/ova_body_c4_02/seed-4_sample-4/ova_body_c4_02_seed-4_sample-4_model.cif	experiments/e133_c4_iptm80_multiseed_batch02/af3/out_s1/ova_body_c4_02/seed-4_sample-4/ova_body_c4_02_seed-4_sample-4_summary_confidences.json
OVA-C4-IPTM80-21F	ova_body_c4_01	5	seed-5_sample-0	0.82	0.79	2.715	1	0.0	experiments/e133_c4_iptm80_multiseed_batch02/af3/out_s1/ova_body_c4_02/seed-5_sample-0/ova_body_c4_02_seed-5_sample-0_model.cif	experiments/e133_c4_iptm80_multiseed_batch02/af3/out_s1/ova_body_c4_02/seed-5_sample-0/ova_body_c4_02_seed-5_sample-0_summary_confidences.json
OVA-C4-IPTM80-21F	ova_body_c4_01	5	seed-5_sample-1	0.81	0.77	2.75	1	0.0	experiments/e133_c4_iptm80_multiseed_batch02/af3/out_s1/ova_body_c4_02/seed-5_sample-1/ova_body_c4_02_seed-5_sample-1_model.cif	experiments/e133_c4_iptm80_multiseed_batch02/af3/out_s1/ova_body_c4_02/seed-5_sample-1/ova_body_c4_02_seed-5_sample-1_summary_confidences.json
OVA-C4-IPTM80-21F	ova_body_c4_01	5	seed-5_sample-2	0.83	0.8	2.625	1	0.0	experiments/e133_c4_iptm80_multiseed_batch02/af3/out_s1/ova_body_c4_02/seed-5_sample-2/ova_body_c4_02_seed-5_sample-2_model.cif	experiments/e133_c4_iptm80_multiseed_batch02/af3/out_s1/ova_body_c4_02/seed-5_sample-2/ova_body_c4_02_seed-5_sample-2_summary_confidences.json
OVA-C4-IPTM80-21F	ova_body_c4_01	5	seed-5_sample-3	0.82	0.78	2.685	1	0.0	experiments/e133_c4_iptm80_multiseed_batch02/af3/out_s1/ova_body_c4_02/seed-5_sample-3/ova_body_c4_02_seed-5_sample-3_model.cif	experiments/e133_c4_iptm80_multiseed_batch02/af3/out_s1/ova_body_c4_02/seed-5_sample-3/ova_body_c4_02_seed-5_sample-3_summary_confidences.json
OVA-C4-IPTM80-21F	ova_body_c4_01	5	seed-5_sample-4	0.81	0.77	2.81	1	0.0	experiments/e133_c4_iptm80_multiseed_batch02/af3/out_s1/ova_body_c4_02/seed-5_sample-4/ova_body_c4_02_seed-5_sample-4_model.cif	experiments/e133_c4_iptm80_multiseed_batch02/af3/out_s1/ova_body_c4_02/seed-5_sample-4/ova_body_c4_02_seed-5_sample-4_summary_confidences.json
OVA-C4-IPTM80-19G	ova_body_c4_38	1	seed-1_sample-0	0.81	0.77	2.835	1	0.0	experiments/e117_c4_iptm80_af2traj_af3/out_s5/ova_body_c4_38/seed-1_sample-0/ova_body_c4_38_seed-1_sample-0_model.cif	experiments/e117_c4_iptm80_af2traj_af3/out_s5/ova_body_c4_38/seed-1_sample-0/ova_body_c4_38_seed-1_sample-0_summary_confidences.json
OVA-C4-IPTM80-19G	ova_body_c4_38	1	seed-1_sample-1	0.82	0.79	2.6550000000000002	1	0.0	experiments/e117_c4_iptm80_af2traj_af3/out_s5/ova_body_c4_38/seed-1_sample-1/ova_body_c4_38_seed-1_sample-1_model.cif	experiments/e117_c4_iptm80_af2traj_af3/out_s5/ova_body_c4_38/seed-1_sample-1/ova_body_c4_38_seed-1_sample-1_summary_confidences.json
OVA-C4-IPTM80-19G	ova_body_c4_38	1	seed-1_sample-2	0.82	0.78	2.73	1	0.0	experiments/e117_c4_iptm80_af2traj_af3/out_s5/ova_body_c4_38/seed-1_sample-2/ova_body_c4_38_seed-1_sample-2_model.cif	experiments/e117_c4_iptm80_af2traj_af3/out_s5/ova_body_c4_38/seed-1_sample-2/ova_body_c4_38_seed-1_sample-2_summary_confidences.json
OVA-C4-IPTM80-19G	ova_body_c4_38	1	seed-1_sample-3	0.82	0.78	2.705	1	0.0	experiments/e117_c4_iptm80_af2traj_af3/out_s5/ova_body_c4_38/seed-1_sample-3/ova_body_c4_38_seed-1_sample-3_model.cif	experiments/e117_c4_iptm80_af2traj_af3/out_s5/ova_body_c4_38/seed-1_sample-3/ova_body_c4_38_seed-1_sample-3_summary_confidences.json
OVA-C4-IPTM80-19G	ova_body_c4_38	1	seed-1_sample-4	0.82	0.78	2.7199999999999998	1	0.0	experiments/e117_c4_iptm80_af2traj_af3/out_s5/ova_body_c4_38/seed-1_sample-4/ova_body_c4_38_seed-1_sample-4_model.cif	experiments/e117_c4_iptm80_af2traj_af3/out_s5/ova_body_c4_38/seed-1_sample-4/ova_body_c4_38_seed-1_sample-4_summary_confidences.json
OVA-C4-IPTM80-19G	ova_body_c4_38	2	seed-2_sample-0	0.81	0.78	2.79	1	0.0	experiments/e120_c4_iptm80_top6_seeds2_5_af3/out_s2/ova_body_c4_03/seed-2_sample-0/ova_body_c4_03_seed-2_sample-0_model.cif	experiments/e120_c4_iptm80_top6_seeds2_5_af3/out_s2/ova_body_c4_03/seed-2_sample-0/ova_body_c4_03_seed-2_sample-0_summary_confidences.json
OVA-C4-IPTM80-19G	ova_body_c4_38	2	seed-2_sample-1	0.81	0.77	2.815	1	0.0	experiments/e120_c4_iptm80_top6_seeds2_5_af3/out_s2/ova_body_c4_03/seed-2_sample-1/ova_body_c4_03_seed-2_sample-1_model.cif	experiments/e120_c4_iptm80_top6_seeds2_5_af3/out_s2/ova_body_c4_03/seed-2_sample-1/ova_body_c4_03_seed-2_sample-1_summary_confidences.json
OVA-C4-IPTM80-19G	ova_body_c4_38	2	seed-2_sample-2	0.81	0.77	2.825	1	0.0	experiments/e120_c4_iptm80_top6_seeds2_5_af3/out_s2/ova_body_c4_03/seed-2_sample-2/ova_body_c4_03_seed-2_sample-2_model.cif	experiments/e120_c4_iptm80_top6_seeds2_5_af3/out_s2/ova_body_c4_03/seed-2_sample-2/ova_body_c4_03_seed-2_sample-2_summary_confidences.json
OVA-C4-IPTM80-19G	ova_body_c4_38	2	seed-2_sample-3	0.82	0.78	2.7	1	0.0	experiments/e120_c4_iptm80_top6_seeds2_5_af3/out_s2/ova_body_c4_03/seed-2_sample-3/ova_body_c4_03_seed-2_sample-3_model.cif	experiments/e120_c4_iptm80_top6_seeds2_5_af3/out_s2/ova_body_c4_03/seed-2_sample-3/ova_body_c4_03_seed-2_sample-3_summary_confidences.json
OVA-C4-IPTM80-19G	ova_body_c4_38	2	seed-2_sample-4	0.81	0.77	2.8449999999999998	1	0.0	experiments/e120_c4_iptm80_top6_seeds2_5_af3/out_s2/ova_body_c4_03/seed-2_sample-4/ova_body_c4_03_seed-2_sample-4_model.cif	experiments/e120_c4_iptm80_top6_seeds2_5_af3/out_s2/ova_body_c4_03/seed-2_sample-4/ova_body_c4_03_seed-2_sample-4_summary_confidences.json
OVA-C4-IPTM80-19G	ova_body_c4_38	3	seed-3_sample-0	0.82	0.78	2.675	1	0.0	experiments/e120_c4_iptm80_top6_seeds2_5_af3/out_s2/ova_body_c4_03/seed-3_sample-0/ova_body_c4_03_seed-3_sample-0_model.cif	experiments/e120_c4_iptm80_top6_seeds2_5_af3/out_s2/ova_body_c4_03/seed-3_sample-0/ova_body_c4_03_seed-3_sample-0_summary_confidences.json
OVA-C4-IPTM80-19G	ova_body_c4_38	3	seed-3_sample-1	0.82	0.78	2.75	1	0.0	experiments/e120_c4_iptm80_top6_seeds2_5_af3/out_s2/ova_body_c4_03/seed-3_sample-1/ova_body_c4_03_seed-3_sample-1_model.cif	experiments/e120_c4_iptm80_top6_seeds2_5_af3/out_s2/ova_body_c4_03/seed-3_sample-1/ova_body_c4_03_seed-3_sample-1_summary_confidences.json
OVA-C4-IPTM80-19G	ova_body_c4_38	3	seed-3_sample-2	0.81	0.77	2.755	1	0.0	experiments/e120_c4_iptm80_top6_seeds2_5_af3/out_s2/ova_body_c4_03/seed-3_sample-2/ova_body_c4_03_seed-3_sample-2_model.cif	experiments/e120_c4_iptm80_top6_seeds2_5_af3/out_s2/ova_body_c4_03/seed-3_sample-2/ova_body_c4_03_seed-3_sample-2_summary_confidences.json
OVA-C4-IPTM80-19G	ova_body_c4_38	3	seed-3_sample-3	0.82	0.78	2.635	1	0.0	experiments/e120_c4_iptm80_top6_seeds2_5_af3/out_s2/ova_body_c4_03/seed-3_sample-3/ova_body_c4_03_seed-3_sample-3_model.cif	experiments/e120_c4_iptm80_top6_seeds2_5_af3/out_s2/ova_body_c4_03/seed-3_sample-3/ova_body_c4_03_seed-3_sample-3_summary_confidences.json
OVA-C4-IPTM80-19G	ova_body_c4_38	3	seed-3_sample-4	0.81	0.77	2.815	1	0.0	experiments/e120_c4_iptm80_top6_seeds2_5_af3/out_s2/ova_body_c4_03/seed-3_sample-4/ova_body_c4_03_seed-3_sample-4_model.cif	experiments/e120_c4_iptm80_top6_seeds2_5_af3/out_s2/ova_body_c4_03/seed-3_sample-4/ova_body_c4_03_seed-3_sample-4_summary_confidences.json
OVA-C4-IPTM80-19G	ova_body_c4_38	4	seed-4_sample-0	0.82	0.78	2.75	1	0.0	experiments/e120_c4_iptm80_top6_seeds2_5_af3/out_s2/ova_body_c4_03/seed-4_sample-0/ova_body_c4_03_seed-4_sample-0_model.cif	experiments/e120_c4_iptm80_top6_seeds2_5_af3/out_s2/ova_body_c4_03/seed-4_sample-0/ova_body_c4_03_seed-4_sample-0_summary_confidences.json
OVA-C4-IPTM80-19G	ova_body_c4_38	4	seed-4_sample-1	0.83	0.79	2.605	1	0.0	experiments/e120_c4_iptm80_top6_seeds2_5_af3/out_s2/ova_body_c4_03/seed-4_sample-1/ova_body_c4_03_seed-4_sample-1_model.cif	experiments/e120_c4_iptm80_top6_seeds2_5_af3/out_s2/ova_body_c4_03/seed-4_sample-1/ova_body_c4_03_seed-4_sample-1_summary_confidences.json
OVA-C4-IPTM80-19G	ova_body_c4_38	4	seed-4_sample-2	0.82	0.78	2.79	1	0.0	experiments/e120_c4_iptm80_top6_seeds2_5_af3/out_s2/ova_body_c4_03/seed-4_sample-2/ova_body_c4_03_seed-4_sample-2_model.cif	experiments/e120_c4_iptm80_top6_seeds2_5_af3/out_s2/ova_body_c4_03/seed-4_sample-2/ova_body_c4_03_seed-4_sample-2_summary_confidences.json
OVA-C4-IPTM80-19G	ova_body_c4_38	4	seed-4_sample-3	0.81	0.77	2.8600000000000003	1	0.0	experiments/e120_c4_iptm80_top6_seeds2_5_af3/out_s2/ova_body_c4_03/seed-4_sample-3/ova_body_c4_03_seed-4_sample-3_model.cif	experiments/e120_c4_iptm80_top6_seeds2_5_af3/out_s2/ova_body_c4_03/seed-4_sample-3/ova_body_c4_03_seed-4_sample-3_summary_confidences.json
OVA-C4-IPTM80-19G	ova_body_c4_38	4	seed-4_sample-4	0.8	0.76	2.975	1	0.0	experiments/e120_c4_iptm80_top6_seeds2_5_af3/out_s2/ova_body_c4_03/seed-4_sample-4/ova_body_c4_03_seed-4_sample-4_model.cif	experiments/e120_c4_iptm80_top6_seeds2_5_af3/out_s2/ova_body_c4_03/seed-4_sample-4/ova_body_c4_03_seed-4_sample-4_summary_confidences.json
OVA-C4-IPTM80-19G	ova_body_c4_38	5	seed-5_sample-0	0.82	0.78	2.54	1	0.0	experiments/e120_c4_iptm80_top6_seeds2_5_af3/out_s2/ova_body_c4_03/seed-5_sample-0/ova_body_c4_03_seed-5_sample-0_model.cif	experiments/e120_c4_iptm80_top6_seeds2_5_af3/out_s2/ova_body_c4_03/seed-5_sample-0/ova_body_c4_03_seed-5_sample-0_summary_confidences.json
OVA-C4-IPTM80-19G	ova_body_c4_38	5	seed-5_sample-1	0.82	0.78	2.565	1	0.0	experiments/e120_c4_iptm80_top6_seeds2_5_af3/out_s2/ova_body_c4_03/seed-5_sample-1/ova_body_c4_03_seed-5_sample-1_model.cif	experiments/e120_c4_iptm80_top6_seeds2_5_af3/out_s2/ova_body_c4_03/seed-5_sample-1/ova_body_c4_03_seed-5_sample-1_summary_confidences.json
OVA-C4-IPTM80-19G	ova_body_c4_38	5	seed-5_sample-2	0.82	0.79	2.495	1	0.0	experiments/e120_c4_iptm80_top6_seeds2_5_af3/out_s2/ova_body_c4_03/seed-5_sample-2/ova_body_c4_03_seed-5_sample-2_model.cif	experiments/e120_c4_iptm80_top6_seeds2_5_af3/out_s2/ova_body_c4_03/seed-5_sample-2/ova_body_c4_03_seed-5_sample-2_summary_confidences.json
OVA-C4-IPTM80-19G	ova_body_c4_38	5	seed-5_sample-3	0.82	0.78	2.575	1	0.0	experiments/e120_c4_iptm80_top6_seeds2_5_af3/out_s2/ova_body_c4_03/seed-5_sample-3/ova_body_c4_03_seed-5_sample-3_model.cif	experiments/e120_c4_iptm80_top6_seeds2_5_af3/out_s2/ova_body_c4_03/seed-5_sample-3/ova_body_c4_03_seed-5_sample-3_summary_confidences.json
OVA-C4-IPTM80-19G	ova_body_c4_38	5	seed-5_sample-4	0.83	0.79	2.495	1	0.0	experiments/e120_c4_iptm80_top6_seeds2_5_af3/out_s2/ova_body_c4_03/seed-5_sample-4/ova_body_c4_03_seed-5_sample-4_model.cif	experiments/e120_c4_iptm80_top6_seeds2_5_af3/out_s2/ova_body_c4_03/seed-5_sample-4/ova_body_c4_03_seed-5_sample-4_summary_confidences.json
OVA-C4-IPTM80-19H	ova_body_c4_51	1	seed-1_sample-0	0.82	0.8	2.685	1	0.0	experiments/e117_c4_iptm80_af2traj_af3/out_s2/ova_body_c4_51/seed-1_sample-0/ova_body_c4_51_seed-1_sample-0_model.cif	experiments/e117_c4_iptm80_af2traj_af3/out_s2/ova_body_c4_51/seed-1_sample-0/ova_body_c4_51_seed-1_sample-0_summary_confidences.json
OVA-C4-IPTM80-19H	ova_body_c4_51	1	seed-1_sample-1	0.82	0.8	2.775	1	0.0	experiments/e117_c4_iptm80_af2traj_af3/out_s2/ova_body_c4_51/seed-1_sample-1/ova_body_c4_51_seed-1_sample-1_model.cif	experiments/e117_c4_iptm80_af2traj_af3/out_s2/ova_body_c4_51/seed-1_sample-1/ova_body_c4_51_seed-1_sample-1_summary_confidences.json
OVA-C4-IPTM80-19H	ova_body_c4_51	1	seed-1_sample-2	0.81	0.79	2.92	1	0.0	experiments/e117_c4_iptm80_af2traj_af3/out_s2/ova_body_c4_51/seed-1_sample-2/ova_body_c4_51_seed-1_sample-2_model.cif	experiments/e117_c4_iptm80_af2traj_af3/out_s2/ova_body_c4_51/seed-1_sample-2/ova_body_c4_51_seed-1_sample-2_summary_confidences.json
OVA-C4-IPTM80-19H	ova_body_c4_51	1	seed-1_sample-3	0.81	0.79	2.8049999999999997	1	0.0	experiments/e117_c4_iptm80_af2traj_af3/out_s2/ova_body_c4_51/seed-1_sample-3/ova_body_c4_51_seed-1_sample-3_model.cif	experiments/e117_c4_iptm80_af2traj_af3/out_s2/ova_body_c4_51/seed-1_sample-3/ova_body_c4_51_seed-1_sample-3_summary_confidences.json
OVA-C4-IPTM80-19H	ova_body_c4_51	1	seed-1_sample-4	0.83	0.8	2.505	1	0.0	experiments/e117_c4_iptm80_af2traj_af3/out_s2/ova_body_c4_51/seed-1_sample-4/ova_body_c4_51_seed-1_sample-4_model.cif	experiments/e117_c4_iptm80_af2traj_af3/out_s2/ova_body_c4_51/seed-1_sample-4/ova_body_c4_51_seed-1_sample-4_summary_confidences.json
OVA-C4-IPTM80-19H	ova_body_c4_51	2	seed-2_sample-0	0.83	0.8	2.5	1	0.0	experiments/e120_c4_iptm80_top6_seeds2_5_af3/out_s3/ova_body_c4_04/seed-2_sample-0/ova_body_c4_04_seed-2_sample-0_model.cif	experiments/e120_c4_iptm80_top6_seeds2_5_af3/out_s3/ova_body_c4_04/seed-2_sample-0/ova_body_c4_04_seed-2_sample-0_summary_confidences.json
OVA-C4-IPTM80-19H	ova_body_c4_51	2	seed-2_sample-1	0.83	0.8	2.4450000000000003	1	0.0	experiments/e120_c4_iptm80_top6_seeds2_5_af3/out_s3/ova_body_c4_04/seed-2_sample-1/ova_body_c4_04_seed-2_sample-1_model.cif	experiments/e120_c4_iptm80_top6_seeds2_5_af3/out_s3/ova_body_c4_04/seed-2_sample-1/ova_body_c4_04_seed-2_sample-1_summary_confidences.json
OVA-C4-IPTM80-19H	ova_body_c4_51	2	seed-2_sample-2	0.84	0.81	2.365	1	0.0	experiments/e120_c4_iptm80_top6_seeds2_5_af3/out_s3/ova_body_c4_04/seed-2_sample-2/ova_body_c4_04_seed-2_sample-2_model.cif	experiments/e120_c4_iptm80_top6_seeds2_5_af3/out_s3/ova_body_c4_04/seed-2_sample-2/ova_body_c4_04_seed-2_sample-2_summary_confidences.json
OVA-C4-IPTM80-19H	ova_body_c4_51	2	seed-2_sample-3	0.84	0.82	2.2350000000000003	1	0.0	experiments/e120_c4_iptm80_top6_seeds2_5_af3/out_s3/ova_body_c4_04/seed-2_sample-3/ova_body_c4_04_seed-2_sample-3_model.cif	experiments/e120_c4_iptm80_top6_seeds2_5_af3/out_s3/ova_body_c4_04/seed-2_sample-3/ova_body_c4_04_seed-2_sample-3_summary_confidences.json
OVA-C4-IPTM80-19H	ova_body_c4_51	2	seed-2_sample-4	0.83	0.8	2.4850000000000003	1	0.0	experiments/e120_c4_iptm80_top6_seeds2_5_af3/out_s3/ova_body_c4_04/seed-2_sample-4/ova_body_c4_04_seed-2_sample-4_model.cif	experiments/e120_c4_iptm80_top6_seeds2_5_af3/out_s3/ova_body_c4_04/seed-2_sample-4/ova_body_c4_04_seed-2_sample-4_summary_confidences.json
OVA-C4-IPTM80-19H	ova_body_c4_51	3	seed-3_sample-0	0.83	0.8	2.49	1	0.0	experiments/e120_c4_iptm80_top6_seeds2_5_af3/out_s3/ova_body_c4_04/seed-3_sample-0/ova_body_c4_04_seed-3_sample-0_model.cif	experiments/e120_c4_iptm80_top6_seeds2_5_af3/out_s3/ova_body_c4_04/seed-3_sample-0/ova_body_c4_04_seed-3_sample-0_summary_confidences.json
OVA-C4-IPTM80-19H	ova_body_c4_51	3	seed-3_sample-1	0.82	0.8	2.585	1	0.0	experiments/e120_c4_iptm80_top6_seeds2_5_af3/out_s3/ova_body_c4_04/seed-3_sample-1/ova_body_c4_04_seed-3_sample-1_model.cif	experiments/e120_c4_iptm80_top6_seeds2_5_af3/out_s3/ova_body_c4_04/seed-3_sample-1/ova_body_c4_04_seed-3_sample-1_summary_confidences.json
OVA-C4-IPTM80-19H	ova_body_c4_51	3	seed-3_sample-2	0.82	0.79	2.62	1	0.0	experiments/e120_c4_iptm80_top6_seeds2_5_af3/out_s3/ova_body_c4_04/seed-3_sample-2/ova_body_c4_04_seed-3_sample-2_model.cif	experiments/e120_c4_iptm80_top6_seeds2_5_af3/out_s3/ova_body_c4_04/seed-3_sample-2/ova_body_c4_04_seed-3_sample-2_summary_confidences.json
OVA-C4-IPTM80-19H	ova_body_c4_51	3	seed-3_sample-3	0.82	0.8	2.75	1	0.0	experiments/e120_c4_iptm80_top6_seeds2_5_af3/out_s3/ova_body_c4_04/seed-3_sample-3/ova_body_c4_04_seed-3_sample-3_model.cif	experiments/e120_c4_iptm80_top6_seeds2_5_af3/out_s3/ova_body_c4_04/seed-3_sample-3/ova_body_c4_04_seed-3_sample-3_summary_confidences.json
OVA-C4-IPTM80-19H	ova_body_c4_51	3	seed-3_sample-4	0.82	0.8	2.59	1	0.0	experiments/e120_c4_iptm80_top6_seeds2_5_af3/out_s3/ova_body_c4_04/seed-3_sample-4/ova_body_c4_04_seed-3_sample-4_model.cif	experiments/e120_c4_iptm80_top6_seeds2_5_af3/out_s3/ova_body_c4_04/seed-3_sample-4/ova_body_c4_04_seed-3_sample-4_summary_confidences.json
OVA-C4-IPTM80-19H	ova_body_c4_51	4	seed-4_sample-0	0.82	0.8	2.755	1	0.0	experiments/e120_c4_iptm80_top6_seeds2_5_af3/out_s3/ova_body_c4_04/seed-4_sample-0/ova_body_c4_04_seed-4_sample-0_model.cif	experiments/e120_c4_iptm80_top6_seeds2_5_af3/out_s3/ova_body_c4_04/seed-4_sample-0/ova_body_c4_04_seed-4_sample-0_summary_confidences.json
OVA-C4-IPTM80-19H	ova_body_c4_51	4	seed-4_sample-1	0.83	0.8	2.725	1	0.0	experiments/e120_c4_iptm80_top6_seeds2_5_af3/out_s3/ova_body_c4_04/seed-4_sample-1/ova_body_c4_04_seed-4_sample-1_model.cif	experiments/e120_c4_iptm80_top6_seeds2_5_af3/out_s3/ova_body_c4_04/seed-4_sample-1/ova_body_c4_04_seed-4_sample-1_summary_confidences.json
OVA-C4-IPTM80-19H	ova_body_c4_51	4	seed-4_sample-2	0.8	0.79	3.015	1	0.0	experiments/e120_c4_iptm80_top6_seeds2_5_af3/out_s3/ova_body_c4_04/seed-4_sample-2/ova_body_c4_04_seed-4_sample-2_model.cif	experiments/e120_c4_iptm80_top6_seeds2_5_af3/out_s3/ova_body_c4_04/seed-4_sample-2/ova_body_c4_04_seed-4_sample-2_summary_confidences.json
OVA-C4-IPTM80-19H	ova_body_c4_51	4	seed-4_sample-3	0.82	0.8	2.74	1	0.0	experiments/e120_c4_iptm80_top6_seeds2_5_af3/out_s3/ova_body_c4_04/seed-4_sample-3/ova_body_c4_04_seed-4_sample-3_model.cif	experiments/e120_c4_iptm80_top6_seeds2_5_af3/out_s3/ova_body_c4_04/seed-4_sample-3/ova_body_c4_04_seed-4_sample-3_summary_confidences.json
OVA-C4-IPTM80-19H	ova_body_c4_51	4	seed-4_sample-4	0.82	0.8	2.6550000000000002	1	0.0	experiments/e120_c4_iptm80_top6_seeds2_5_af3/out_s3/ova_body_c4_04/seed-4_sample-4/ova_body_c4_04_seed-4_sample-4_model.cif	experiments/e120_c4_iptm80_top6_seeds2_5_af3/out_s3/ova_body_c4_04/seed-4_sample-4/ova_body_c4_04_seed-4_sample-4_summary_confidences.json
OVA-C4-IPTM80-19H	ova_body_c4_51	5	seed-5_sample-0	0.79	0.77	3.275	1	0.0	experiments/e120_c4_iptm80_top6_seeds2_5_af3/out_s3/ova_body_c4_04/seed-5_sample-0/ova_body_c4_04_seed-5_sample-0_model.cif	experiments/e120_c4_iptm80_top6_seeds2_5_af3/out_s3/ova_body_c4_04/seed-5_sample-0/ova_body_c4_04_seed-5_sample-0_summary_confidences.json
OVA-C4-IPTM80-19H	ova_body_c4_51	5	seed-5_sample-1	0.79	0.77	3.17	1	0.0	experiments/e120_c4_iptm80_top6_seeds2_5_af3/out_s3/ova_body_c4_04/seed-5_sample-1/ova_body_c4_04_seed-5_sample-1_model.cif	experiments/e120_c4_iptm80_top6_seeds2_5_af3/out_s3/ova_body_c4_04/seed-5_sample-1/ova_body_c4_04_seed-5_sample-1_summary_confidences.json
OVA-C4-IPTM80-19H	ova_body_c4_51	5	seed-5_sample-2	0.78	0.76	3.48	1	0.0	experiments/e120_c4_iptm80_top6_seeds2_5_af3/out_s3/ova_body_c4_04/seed-5_sample-2/ova_body_c4_04_seed-5_sample-2_model.cif	experiments/e120_c4_iptm80_top6_seeds2_5_af3/out_s3/ova_body_c4_04/seed-5_sample-2/ova_body_c4_04_seed-5_sample-2_summary_confidences.json
OVA-C4-IPTM80-19H	ova_body_c4_51	5	seed-5_sample-3	0.79	0.78	3.1500000000000004	1	0.0	experiments/e120_c4_iptm80_top6_seeds2_5_af3/out_s3/ova_body_c4_04/seed-5_sample-3/ova_body_c4_04_seed-5_sample-3_model.cif	experiments/e120_c4_iptm80_top6_seeds2_5_af3/out_s3/ova_body_c4_04/seed-5_sample-3/ova_body_c4_04_seed-5_sample-3_summary_confidences.json
OVA-C4-IPTM80-19H	ova_body_c4_51	5	seed-5_sample-4	0.76	0.76	3.66	1	0.0	experiments/e120_c4_iptm80_top6_seeds2_5_af3/out_s3/ova_body_c4_04/seed-5_sample-4/ova_body_c4_04_seed-5_sample-4_model.cif	experiments/e120_c4_iptm80_top6_seeds2_5_af3/out_s3/ova_body_c4_04/seed-5_sample-4/ova_body_c4_04_seed-5_sample-4_summary_confidences.json
OVA-C4-IPTM80-21I	ova_body_c4_106	1	seed-1_sample-0	0.82	0.79	2.7649999999999997	1	0.0	experiments/e126_c4_iptm80_continue_af3_seed1/out_s1/ova_body_c4_106/seed-1_sample-0/ova_body_c4_106_seed-1_sample-0_model.cif	experiments/e126_c4_iptm80_continue_af3_seed1/out_s1/ova_body_c4_106/seed-1_sample-0/ova_body_c4_106_seed-1_sample-0_summary_confidences.json
OVA-C4-IPTM80-21I	ova_body_c4_106	1	seed-1_sample-1	0.82	0.79	2.685	1	0.0	experiments/e126_c4_iptm80_continue_af3_seed1/out_s1/ova_body_c4_106/seed-1_sample-1/ova_body_c4_106_seed-1_sample-1_model.cif	experiments/e126_c4_iptm80_continue_af3_seed1/out_s1/ova_body_c4_106/seed-1_sample-1/ova_body_c4_106_seed-1_sample-1_summary_confidences.json
OVA-C4-IPTM80-21I	ova_body_c4_106	1	seed-1_sample-2	0.82	0.78	2.74	1	0.0	experiments/e126_c4_iptm80_continue_af3_seed1/out_s1/ova_body_c4_106/seed-1_sample-2/ova_body_c4_106_seed-1_sample-2_model.cif	experiments/e126_c4_iptm80_continue_af3_seed1/out_s1/ova_body_c4_106/seed-1_sample-2/ova_body_c4_106_seed-1_sample-2_summary_confidences.json
OVA-C4-IPTM80-21I	ova_body_c4_106	1	seed-1_sample-3	0.82	0.79	2.7350000000000003	1	0.0	experiments/e126_c4_iptm80_continue_af3_seed1/out_s1/ova_body_c4_106/seed-1_sample-3/ova_body_c4_106_seed-1_sample-3_model.cif	experiments/e126_c4_iptm80_continue_af3_seed1/out_s1/ova_body_c4_106/seed-1_sample-3/ova_body_c4_106_seed-1_sample-3_summary_confidences.json
OVA-C4-IPTM80-21I	ova_body_c4_106	1	seed-1_sample-4	0.83	0.8	2.72	1	0.0	experiments/e126_c4_iptm80_continue_af3_seed1/out_s1/ova_body_c4_106/seed-1_sample-4/ova_body_c4_106_seed-1_sample-4_model.cif	experiments/e126_c4_iptm80_continue_af3_seed1/out_s1/ova_body_c4_106/seed-1_sample-4/ova_body_c4_106_seed-1_sample-4_summary_confidences.json
OVA-C4-IPTM80-21I	ova_body_c4_106	2	seed-2_sample-0	0.82	0.79	2.6550000000000002	1	0.0	experiments/e133_c4_iptm80_multiseed_batch02/af3/out_s3/ova_body_c4_04/seed-2_sample-0/ova_body_c4_04_seed-2_sample-0_model.cif	experiments/e133_c4_iptm80_multiseed_batch02/af3/out_s3/ova_body_c4_04/seed-2_sample-0/ova_body_c4_04_seed-2_sample-0_summary_confidences.json
OVA-C4-IPTM80-21I	ova_body_c4_106	2	seed-2_sample-1	0.82	0.78	2.715	1	0.0	experiments/e133_c4_iptm80_multiseed_batch02/af3/out_s3/ova_body_c4_04/seed-2_sample-1/ova_body_c4_04_seed-2_sample-1_model.cif	experiments/e133_c4_iptm80_multiseed_batch02/af3/out_s3/ova_body_c4_04/seed-2_sample-1/ova_body_c4_04_seed-2_sample-1_summary_confidences.json
OVA-C4-IPTM80-21I	ova_body_c4_106	2	seed-2_sample-2	0.82	0.79	2.62	1	0.0	experiments/e133_c4_iptm80_multiseed_batch02/af3/out_s3/ova_body_c4_04/seed-2_sample-2/ova_body_c4_04_seed-2_sample-2_model.cif	experiments/e133_c4_iptm80_multiseed_batch02/af3/out_s3/ova_body_c4_04/seed-2_sample-2/ova_body_c4_04_seed-2_sample-2_summary_confidences.json
OVA-C4-IPTM80-21I	ova_body_c4_106	2	seed-2_sample-3	0.82	0.79	2.5549999999999997	1	0.0	experiments/e133_c4_iptm80_multiseed_batch02/af3/out_s3/ova_body_c4_04/seed-2_sample-3/ova_body_c4_04_seed-2_sample-3_model.cif	experiments/e133_c4_iptm80_multiseed_batch02/af3/out_s3/ova_body_c4_04/seed-2_sample-3/ova_body_c4_04_seed-2_sample-3_summary_confidences.json
OVA-C4-IPTM80-21I	ova_body_c4_106	2	seed-2_sample-4	0.82	0.78	2.62	1	0.0	experiments/e133_c4_iptm80_multiseed_batch02/af3/out_s3/ova_body_c4_04/seed-2_sample-4/ova_body_c4_04_seed-2_sample-4_model.cif	experiments/e133_c4_iptm80_multiseed_batch02/af3/out_s3/ova_body_c4_04/seed-2_sample-4/ova_body_c4_04_seed-2_sample-4_summary_confidences.json
OVA-C4-IPTM80-21I	ova_body_c4_106	3	seed-3_sample-0	0.82	0.78	2.89	1	0.0	experiments/e133_c4_iptm80_multiseed_batch02/af3/out_s3/ova_body_c4_04/seed-3_sample-0/ova_body_c4_04_seed-3_sample-0_model.cif	experiments/e133_c4_iptm80_multiseed_batch02/af3/out_s3/ova_body_c4_04/seed-3_sample-0/ova_body_c4_04_seed-3_sample-0_summary_confidences.json
OVA-C4-IPTM80-21I	ova_body_c4_106	3	seed-3_sample-1	0.81	0.78	2.925	1	0.0	experiments/e133_c4_iptm80_multiseed_batch02/af3/out_s3/ova_body_c4_04/seed-3_sample-1/ova_body_c4_04_seed-3_sample-1_model.cif	experiments/e133_c4_iptm80_multiseed_batch02/af3/out_s3/ova_body_c4_04/seed-3_sample-1/ova_body_c4_04_seed-3_sample-1_summary_confidences.json
OVA-C4-IPTM80-21I	ova_body_c4_106	3	seed-3_sample-2	0.8	0.77	3.065	1	0.0	experiments/e133_c4_iptm80_multiseed_batch02/af3/out_s3/ova_body_c4_04/seed-3_sample-2/ova_body_c4_04_seed-3_sample-2_model.cif	experiments/e133_c4_iptm80_multiseed_batch02/af3/out_s3/ova_body_c4_04/seed-3_sample-2/ova_body_c4_04_seed-3_sample-2_summary_confidences.json
OVA-C4-IPTM80-21I	ova_body_c4_106	3	seed-3_sample-3	0.81	0.78	2.87	1	0.0	experiments/e133_c4_iptm80_multiseed_batch02/af3/out_s3/ova_body_c4_04/seed-3_sample-3/ova_body_c4_04_seed-3_sample-3_model.cif	experiments/e133_c4_iptm80_multiseed_batch02/af3/out_s3/ova_body_c4_04/seed-3_sample-3/ova_body_c4_04_seed-3_sample-3_summary_confidences.json
OVA-C4-IPTM80-21I	ova_body_c4_106	3	seed-3_sample-4	0.81	0.77	2.96	1	0.0	experiments/e133_c4_iptm80_multiseed_batch02/af3/out_s3/ova_body_c4_04/seed-3_sample-4/ova_body_c4_04_seed-3_sample-4_model.cif	experiments/e133_c4_iptm80_multiseed_batch02/af3/out_s3/ova_body_c4_04/seed-3_sample-4/ova_body_c4_04_seed-3_sample-4_summary_confidences.json
OVA-C4-IPTM80-21I	ova_body_c4_106	4	seed-4_sample-0	0.78	0.74	3.315	1	0.0	experiments/e133_c4_iptm80_multiseed_batch02/af3/out_s3/ova_body_c4_04/seed-4_sample-0/ova_body_c4_04_seed-4_sample-0_model.cif	experiments/e133_c4_iptm80_multiseed_batch02/af3/out_s3/ova_body_c4_04/seed-4_sample-0/ova_body_c4_04_seed-4_sample-0_summary_confidences.json
OVA-C4-IPTM80-21I	ova_body_c4_106	4	seed-4_sample-1	0.79	0.75	3.205	1	0.0	experiments/e133_c4_iptm80_multiseed_batch02/af3/out_s3/ova_body_c4_04/seed-4_sample-1/ova_body_c4_04_seed-4_sample-1_model.cif	experiments/e133_c4_iptm80_multiseed_batch02/af3/out_s3/ova_body_c4_04/seed-4_sample-1/ova_body_c4_04_seed-4_sample-1_summary_confidences.json
OVA-C4-IPTM80-21I	ova_body_c4_106	4	seed-4_sample-2	0.79	0.75	3.2249999999999996	1	0.0	experiments/e133_c4_iptm80_multiseed_batch02/af3/out_s3/ova_body_c4_04/seed-4_sample-2/ova_body_c4_04_seed-4_sample-2_model.cif	experiments/e133_c4_iptm80_multiseed_batch02/af3/out_s3/ova_body_c4_04/seed-4_sample-2/ova_body_c4_04_seed-4_sample-2_summary_confidences.json
OVA-C4-IPTM80-21I	ova_body_c4_106	4	seed-4_sample-3	0.8	0.76	2.9850000000000003	1	0.0	experiments/e133_c4_iptm80_multiseed_batch02/af3/out_s3/ova_body_c4_04/seed-4_sample-3/ova_body_c4_04_seed-4_sample-3_model.cif	experiments/e133_c4_iptm80_multiseed_batch02/af3/out_s3/ova_body_c4_04/seed-4_sample-3/ova_body_c4_04_seed-4_sample-3_summary_confidences.json
OVA-C4-IPTM80-21I	ova_body_c4_106	4	seed-4_sample-4	0.79	0.75	3.26	1	0.0	experiments/e133_c4_iptm80_multiseed_batch02/af3/out_s3/ova_body_c4_04/seed-4_sample-4/ova_body_c4_04_seed-4_sample-4_model.cif	experiments/e133_c4_iptm80_multiseed_batch02/af3/out_s3/ova_body_c4_04/seed-4_sample-4/ova_body_c4_04_seed-4_sample-4_summary_confidences.json
OVA-C4-IPTM80-21I	ova_body_c4_106	5	seed-5_sample-0	0.83	0.79	2.69	1	0.0	experiments/e133_c4_iptm80_multiseed_batch02/af3/out_s3/ova_body_c4_04/seed-5_sample-0/ova_body_c4_04_seed-5_sample-0_model.cif	experiments/e133_c4_iptm80_multiseed_batch02/af3/out_s3/ova_body_c4_04/seed-5_sample-0/ova_body_c4_04_seed-5_sample-0_summary_confidences.json
OVA-C4-IPTM80-21I	ova_body_c4_106	5	seed-5_sample-1	0.82	0.78	2.6799999999999997	1	0.0	experiments/e133_c4_iptm80_multiseed_batch02/af3/out_s3/ova_body_c4_04/seed-5_sample-1/ova_body_c4_04_seed-5_sample-1_model.cif	experiments/e133_c4_iptm80_multiseed_batch02/af3/out_s3/ova_body_c4_04/seed-5_sample-1/ova_body_c4_04_seed-5_sample-1_summary_confidences.json
OVA-C4-IPTM80-21I	ova_body_c4_106	5	seed-5_sample-2	0.82	0.79	2.645	1	0.0	experiments/e133_c4_iptm80_multiseed_batch02/af3/out_s3/ova_body_c4_04/seed-5_sample-2/ova_body_c4_04_seed-5_sample-2_model.cif	experiments/e133_c4_iptm80_multiseed_batch02/af3/out_s3/ova_body_c4_04/seed-5_sample-2/ova_body_c4_04_seed-5_sample-2_summary_confidences.json
OVA-C4-IPTM80-21I	ova_body_c4_106	5	seed-5_sample-3	0.82	0.79	2.67	1	0.0	experiments/e133_c4_iptm80_multiseed_batch02/af3/out_s3/ova_body_c4_04/seed-5_sample-3/ova_body_c4_04_seed-5_sample-3_model.cif	experiments/e133_c4_iptm80_multiseed_batch02/af3/out_s3/ova_body_c4_04/seed-5_sample-3/ova_body_c4_04_seed-5_sample-3_summary_confidences.json
OVA-C4-IPTM80-21I	ova_body_c4_106	5	seed-5_sample-4	0.82	0.78	2.7649999999999997	1	0.0	experiments/e133_c4_iptm80_multiseed_batch02/af3/out_s3/ova_body_c4_04/seed-5_sample-4/ova_body_c4_04_seed-5_sample-4_model.cif	experiments/e133_c4_iptm80_multiseed_batch02/af3/out_s3/ova_body_c4_04/seed-5_sample-4/ova_body_c4_04_seed-5_sample-4_summary_confidences.json
OVA-C4-IPTM80-19J	ova_body_c4_62	1	seed-1_sample-0	0.81	0.76	3.04	1	0.0	experiments/e117_c4_iptm80_af2traj_af3/out_s5/ova_body_c4_62/seed-1_sample-0/ova_body_c4_62_seed-1_sample-0_model.cif	experiments/e117_c4_iptm80_af2traj_af3/out_s5/ova_body_c4_62/seed-1_sample-0/ova_body_c4_62_seed-1_sample-0_summary_confidences.json
OVA-C4-IPTM80-19J	ova_body_c4_62	1	seed-1_sample-1	0.81	0.77	2.89	1	0.0	experiments/e117_c4_iptm80_af2traj_af3/out_s5/ova_body_c4_62/seed-1_sample-1/ova_body_c4_62_seed-1_sample-1_model.cif	experiments/e117_c4_iptm80_af2traj_af3/out_s5/ova_body_c4_62/seed-1_sample-1/ova_body_c4_62_seed-1_sample-1_summary_confidences.json
OVA-C4-IPTM80-19J	ova_body_c4_62	1	seed-1_sample-2	0.8	0.77	3.165	1	0.0	experiments/e117_c4_iptm80_af2traj_af3/out_s5/ova_body_c4_62/seed-1_sample-2/ova_body_c4_62_seed-1_sample-2_model.cif	experiments/e117_c4_iptm80_af2traj_af3/out_s5/ova_body_c4_62/seed-1_sample-2/ova_body_c4_62_seed-1_sample-2_summary_confidences.json
OVA-C4-IPTM80-19J	ova_body_c4_62	1	seed-1_sample-3	0.81	0.77	2.875	1	0.0	experiments/e117_c4_iptm80_af2traj_af3/out_s5/ova_body_c4_62/seed-1_sample-3/ova_body_c4_62_seed-1_sample-3_model.cif	experiments/e117_c4_iptm80_af2traj_af3/out_s5/ova_body_c4_62/seed-1_sample-3/ova_body_c4_62_seed-1_sample-3_summary_confidences.json
OVA-C4-IPTM80-19J	ova_body_c4_62	1	seed-1_sample-4	0.82	0.78	2.7649999999999997	1	0.0	experiments/e117_c4_iptm80_af2traj_af3/out_s5/ova_body_c4_62/seed-1_sample-4/ova_body_c4_62_seed-1_sample-4_model.cif	experiments/e117_c4_iptm80_af2traj_af3/out_s5/ova_body_c4_62/seed-1_sample-4/ova_body_c4_62_seed-1_sample-4_summary_confidences.json
OVA-C4-IPTM80-19J	ova_body_c4_62	2	seed-2_sample-0	0.82	0.78	2.705	1	0.0	experiments/e132_c4_iptm80_multiseed_batch01/af3/out_s0/ova_body_c4_01/seed-2_sample-0/ova_body_c4_01_seed-2_sample-0_model.cif	experiments/e132_c4_iptm80_multiseed_batch01/af3/out_s0/ova_body_c4_01/seed-2_sample-0/ova_body_c4_01_seed-2_sample-0_summary_confidences.json
OVA-C4-IPTM80-19J	ova_body_c4_62	2	seed-2_sample-1	0.81	0.77	2.985	1	0.0	experiments/e132_c4_iptm80_multiseed_batch01/af3/out_s0/ova_body_c4_01/seed-2_sample-1/ova_body_c4_01_seed-2_sample-1_model.cif	experiments/e132_c4_iptm80_multiseed_batch01/af3/out_s0/ova_body_c4_01/seed-2_sample-1/ova_body_c4_01_seed-2_sample-1_summary_confidences.json
OVA-C4-IPTM80-19J	ova_body_c4_62	2	seed-2_sample-2	0.83	0.79	2.59	1	0.0	experiments/e132_c4_iptm80_multiseed_batch01/af3/out_s0/ova_body_c4_01/seed-2_sample-2/ova_body_c4_01_seed-2_sample-2_model.cif	experiments/e132_c4_iptm80_multiseed_batch01/af3/out_s0/ova_body_c4_01/seed-2_sample-2/ova_body_c4_01_seed-2_sample-2_summary_confidences.json
OVA-C4-IPTM80-19J	ova_body_c4_62	2	seed-2_sample-3	0.82	0.78	2.705	1	0.0	experiments/e132_c4_iptm80_multiseed_batch01/af3/out_s0/ova_body_c4_01/seed-2_sample-3/ova_body_c4_01_seed-2_sample-3_model.cif	experiments/e132_c4_iptm80_multiseed_batch01/af3/out_s0/ova_body_c4_01/seed-2_sample-3/ova_body_c4_01_seed-2_sample-3_summary_confidences.json
OVA-C4-IPTM80-19J	ova_body_c4_62	2	seed-2_sample-4	0.82	0.79	2.63	1	0.0	experiments/e132_c4_iptm80_multiseed_batch01/af3/out_s0/ova_body_c4_01/seed-2_sample-4/ova_body_c4_01_seed-2_sample-4_model.cif	experiments/e132_c4_iptm80_multiseed_batch01/af3/out_s0/ova_body_c4_01/seed-2_sample-4/ova_body_c4_01_seed-2_sample-4_summary_confidences.json
OVA-C4-IPTM80-19J	ova_body_c4_62	3	seed-3_sample-0	0.8	0.76	3.21	1	0.0	experiments/e132_c4_iptm80_multiseed_batch01/af3/out_s0/ova_body_c4_01/seed-3_sample-0/ova_body_c4_01_seed-3_sample-0_model.cif	experiments/e132_c4_iptm80_multiseed_batch01/af3/out_s0/ova_body_c4_01/seed-3_sample-0/ova_body_c4_01_seed-3_sample-0_summary_confidences.json
OVA-C4-IPTM80-19J	ova_body_c4_62	3	seed-3_sample-1	0.8	0.76	3.135	1	0.0	experiments/e132_c4_iptm80_multiseed_batch01/af3/out_s0/ova_body_c4_01/seed-3_sample-1/ova_body_c4_01_seed-3_sample-1_model.cif	experiments/e132_c4_iptm80_multiseed_batch01/af3/out_s0/ova_body_c4_01/seed-3_sample-1/ova_body_c4_01_seed-3_sample-1_summary_confidences.json
OVA-C4-IPTM80-19J	ova_body_c4_62	3	seed-3_sample-2	0.79	0.75	3.21	1	0.0	experiments/e132_c4_iptm80_multiseed_batch01/af3/out_s0/ova_body_c4_01/seed-3_sample-2/ova_body_c4_01_seed-3_sample-2_model.cif	experiments/e132_c4_iptm80_multiseed_batch01/af3/out_s0/ova_body_c4_01/seed-3_sample-2/ova_body_c4_01_seed-3_sample-2_summary_confidences.json
OVA-C4-IPTM80-19J	ova_body_c4_62	3	seed-3_sample-3	0.8	0.76	3.065	1	0.0	experiments/e132_c4_iptm80_multiseed_batch01/af3/out_s0/ova_body_c4_01/seed-3_sample-3/ova_body_c4_01_seed-3_sample-3_model.cif	experiments/e132_c4_iptm80_multiseed_batch01/af3/out_s0/ova_body_c4_01/seed-3_sample-3/ova_body_c4_01_seed-3_sample-3_summary_confidences.json
OVA-C4-IPTM80-19J	ova_body_c4_62	3	seed-3_sample-4	0.79	0.75	3.16	1	0.0	experiments/e132_c4_iptm80_multiseed_batch01/af3/out_s0/ova_body_c4_01/seed-3_sample-4/ova_body_c4_01_seed-3_sample-4_model.cif	experiments/e132_c4_iptm80_multiseed_batch01/af3/out_s0/ova_body_c4_01/seed-3_sample-4/ova_body_c4_01_seed-3_sample-4_summary_confidences.json
OVA-C4-IPTM80-19J	ova_body_c4_62	4	seed-4_sample-0	0.81	0.76	2.99	1	0.0	experiments/e132_c4_iptm80_multiseed_batch01/af3/out_s0/ova_body_c4_01/seed-4_sample-0/ova_body_c4_01_seed-4_sample-0_model.cif	experiments/e132_c4_iptm80_multiseed_batch01/af3/out_s0/ova_body_c4_01/seed-4_sample-0/ova_body_c4_01_seed-4_sample-0_summary_confidences.json
OVA-C4-IPTM80-19J	ova_body_c4_62	4	seed-4_sample-1	0.81	0.78	2.8449999999999998	1	0.0	experiments/e132_c4_iptm80_multiseed_batch01/af3/out_s0/ova_body_c4_01/seed-4_sample-1/ova_body_c4_01_seed-4_sample-1_model.cif	experiments/e132_c4_iptm80_multiseed_batch01/af3/out_s0/ova_body_c4_01/seed-4_sample-1/ova_body_c4_01_seed-4_sample-1_summary_confidences.json
OVA-C4-IPTM80-19J	ova_body_c4_62	4	seed-4_sample-2	0.81	0.77	2.885	1	0.0	experiments/e132_c4_iptm80_multiseed_batch01/af3/out_s0/ova_body_c4_01/seed-4_sample-2/ova_body_c4_01_seed-4_sample-2_model.cif	experiments/e132_c4_iptm80_multiseed_batch01/af3/out_s0/ova_body_c4_01/seed-4_sample-2/ova_body_c4_01_seed-4_sample-2_summary_confidences.json
OVA-C4-IPTM80-19J	ova_body_c4_62	4	seed-4_sample-3	0.81	0.77	2.865	1	0.0	experiments/e132_c4_iptm80_multiseed_batch01/af3/out_s0/ova_body_c4_01/seed-4_sample-3/ova_body_c4_01_seed-4_sample-3_model.cif	experiments/e132_c4_iptm80_multiseed_batch01/af3/out_s0/ova_body_c4_01/seed-4_sample-3/ova_body_c4_01_seed-4_sample-3_summary_confidences.json
OVA-C4-IPTM80-19J	ova_body_c4_62	4	seed-4_sample-4	0.83	0.79	2.745	1	0.0	experiments/e132_c4_iptm80_multiseed_batch01/af3/out_s0/ova_body_c4_01/seed-4_sample-4/ova_body_c4_01_seed-4_sample-4_model.cif	experiments/e132_c4_iptm80_multiseed_batch01/af3/out_s0/ova_body_c4_01/seed-4_sample-4/ova_body_c4_01_seed-4_sample-4_summary_confidences.json
OVA-C4-IPTM80-19J	ova_body_c4_62	5	seed-5_sample-0	0.8	0.76	3.085	1	0.0	experiments/e132_c4_iptm80_multiseed_batch01/af3/out_s0/ova_body_c4_01/seed-5_sample-0/ova_body_c4_01_seed-5_sample-0_model.cif	experiments/e132_c4_iptm80_multiseed_batch01/af3/out_s0/ova_body_c4_01/seed-5_sample-0/ova_body_c4_01_seed-5_sample-0_summary_confidences.json
OVA-C4-IPTM80-19J	ova_body_c4_62	5	seed-5_sample-1	0.81	0.77	2.995	1	0.0	experiments/e132_c4_iptm80_multiseed_batch01/af3/out_s0/ova_body_c4_01/seed-5_sample-1/ova_body_c4_01_seed-5_sample-1_model.cif	experiments/e132_c4_iptm80_multiseed_batch01/af3/out_s0/ova_body_c4_01/seed-5_sample-1/ova_body_c4_01_seed-5_sample-1_summary_confidences.json
OVA-C4-IPTM80-19J	ova_body_c4_62	5	seed-5_sample-2	0.82	0.77	2.8899999999999997	1	0.0	experiments/e132_c4_iptm80_multiseed_batch01/af3/out_s0/ova_body_c4_01/seed-5_sample-2/ova_body_c4_01_seed-5_sample-2_model.cif	experiments/e132_c4_iptm80_multiseed_batch01/af3/out_s0/ova_body_c4_01/seed-5_sample-2/ova_body_c4_01_seed-5_sample-2_summary_confidences.json
OVA-C4-IPTM80-19J	ova_body_c4_62	5	seed-5_sample-3	0.8	0.76	2.95	1	0.0	experiments/e132_c4_iptm80_multiseed_batch01/af3/out_s0/ova_body_c4_01/seed-5_sample-3/ova_body_c4_01_seed-5_sample-3_model.cif	experiments/e132_c4_iptm80_multiseed_batch01/af3/out_s0/ova_body_c4_01/seed-5_sample-3/ova_body_c4_01_seed-5_sample-3_summary_confidences.json
OVA-C4-IPTM80-19J	ova_body_c4_62	5	seed-5_sample-4	0.79	0.75	3.355	1	0.0	experiments/e132_c4_iptm80_multiseed_batch01/af3/out_s0/ova_body_c4_01/seed-5_sample-4/ova_body_c4_01_seed-5_sample-4_model.cif	experiments/e132_c4_iptm80_multiseed_batch01/af3/out_s0/ova_body_c4_01/seed-5_sample-4/ova_body_c4_01_seed-5_sample-4_summary_confidences.json
OVA-C4-IPTM80-18K	ova_body_c4_61	1	seed-1_sample-0	0.8	0.76	3.05	1	0.0	experiments/e117_c4_iptm80_af2traj_af3/out_s4/ova_body_c4_61/seed-1_sample-0/ova_body_c4_61_seed-1_sample-0_model.cif	experiments/e117_c4_iptm80_af2traj_af3/out_s4/ova_body_c4_61/seed-1_sample-0/ova_body_c4_61_seed-1_sample-0_summary_confidences.json
OVA-C4-IPTM80-18K	ova_body_c4_61	1	seed-1_sample-1	0.81	0.77	2.9749999999999996	1	0.0	experiments/e117_c4_iptm80_af2traj_af3/out_s4/ova_body_c4_61/seed-1_sample-1/ova_body_c4_61_seed-1_sample-1_model.cif	experiments/e117_c4_iptm80_af2traj_af3/out_s4/ova_body_c4_61/seed-1_sample-1/ova_body_c4_61_seed-1_sample-1_summary_confidences.json
OVA-C4-IPTM80-18K	ova_body_c4_61	1	seed-1_sample-2	0.8	0.76	3.11	1	0.0	experiments/e117_c4_iptm80_af2traj_af3/out_s4/ova_body_c4_61/seed-1_sample-2/ova_body_c4_61_seed-1_sample-2_model.cif	experiments/e117_c4_iptm80_af2traj_af3/out_s4/ova_body_c4_61/seed-1_sample-2/ova_body_c4_61_seed-1_sample-2_summary_confidences.json
OVA-C4-IPTM80-18K	ova_body_c4_61	1	seed-1_sample-3	0.8	0.77	3.0149999999999997	1	0.0	experiments/e117_c4_iptm80_af2traj_af3/out_s4/ova_body_c4_61/seed-1_sample-3/ova_body_c4_61_seed-1_sample-3_model.cif	experiments/e117_c4_iptm80_af2traj_af3/out_s4/ova_body_c4_61/seed-1_sample-3/ova_body_c4_61_seed-1_sample-3_summary_confidences.json
OVA-C4-IPTM80-18K	ova_body_c4_61	1	seed-1_sample-4	0.82	0.78	2.825	1	0.0	experiments/e117_c4_iptm80_af2traj_af3/out_s4/ova_body_c4_61/seed-1_sample-4/ova_body_c4_61_seed-1_sample-4_model.cif	experiments/e117_c4_iptm80_af2traj_af3/out_s4/ova_body_c4_61/seed-1_sample-4/ova_body_c4_61_seed-1_sample-4_summary_confidences.json
OVA-C4-IPTM80-18K	ova_body_c4_61	2	seed-2_sample-0	0.82	0.78	2.755	1	0.0	experiments/e132_c4_iptm80_multiseed_batch01/af3/out_s2/ova_body_c4_03/seed-2_sample-0/ova_body_c4_03_seed-2_sample-0_model.cif	experiments/e132_c4_iptm80_multiseed_batch01/af3/out_s2/ova_body_c4_03/seed-2_sample-0/ova_body_c4_03_seed-2_sample-0_summary_confidences.json
OVA-C4-IPTM80-18K	ova_body_c4_61	2	seed-2_sample-1	0.8	0.76	3.025	1	0.0	experiments/e132_c4_iptm80_multiseed_batch01/af3/out_s2/ova_body_c4_03/seed-2_sample-1/ova_body_c4_03_seed-2_sample-1_model.cif	experiments/e132_c4_iptm80_multiseed_batch01/af3/out_s2/ova_body_c4_03/seed-2_sample-1/ova_body_c4_03_seed-2_sample-1_summary_confidences.json
OVA-C4-IPTM80-18K	ova_body_c4_61	2	seed-2_sample-2	0.81	0.76	2.9850000000000003	1	0.0	experiments/e132_c4_iptm80_multiseed_batch01/af3/out_s2/ova_body_c4_03/seed-2_sample-2/ova_body_c4_03_seed-2_sample-2_model.cif	experiments/e132_c4_iptm80_multiseed_batch01/af3/out_s2/ova_body_c4_03/seed-2_sample-2/ova_body_c4_03_seed-2_sample-2_summary_confidences.json
OVA-C4-IPTM80-18K	ova_body_c4_61	2	seed-2_sample-3	0.81	0.77	2.875	1	0.0	experiments/e132_c4_iptm80_multiseed_batch01/af3/out_s2/ova_body_c4_03/seed-2_sample-3/ova_body_c4_03_seed-2_sample-3_model.cif	experiments/e132_c4_iptm80_multiseed_batch01/af3/out_s2/ova_body_c4_03/seed-2_sample-3/ova_body_c4_03_seed-2_sample-3_summary_confidences.json
OVA-C4-IPTM80-18K	ova_body_c4_61	2	seed-2_sample-4	0.81	0.77	3.0	1	0.0	experiments/e132_c4_iptm80_multiseed_batch01/af3/out_s2/ova_body_c4_03/seed-2_sample-4/ova_body_c4_03_seed-2_sample-4_model.cif	experiments/e132_c4_iptm80_multiseed_batch01/af3/out_s2/ova_body_c4_03/seed-2_sample-4/ova_body_c4_03_seed-2_sample-4_summary_confidences.json
OVA-C4-IPTM80-18K	ova_body_c4_61	3	seed-3_sample-0	0.8	0.77	3.3049999999999997	1	0.0	experiments/e132_c4_iptm80_multiseed_batch01/af3/out_s2/ova_body_c4_03/seed-3_sample-0/ova_body_c4_03_seed-3_sample-0_model.cif	experiments/e132_c4_iptm80_multiseed_batch01/af3/out_s2/ova_body_c4_03/seed-3_sample-0/ova_body_c4_03_seed-3_sample-0_summary_confidences.json
OVA-C4-IPTM80-18K	ova_body_c4_61	3	seed-3_sample-1	0.81	0.77	3.0999999999999996	1	0.0	experiments/e132_c4_iptm80_multiseed_batch01/af3/out_s2/ova_body_c4_03/seed-3_sample-1/ova_body_c4_03_seed-3_sample-1_model.cif	experiments/e132_c4_iptm80_multiseed_batch01/af3/out_s2/ova_body_c4_03/seed-3_sample-1/ova_body_c4_03_seed-3_sample-1_summary_confidences.json
OVA-C4-IPTM80-18K	ova_body_c4_61	3	seed-3_sample-2	0.8	0.76	3.33	1	0.0	experiments/e132_c4_iptm80_multiseed_batch01/af3/out_s2/ova_body_c4_03/seed-3_sample-2/ova_body_c4_03_seed-3_sample-2_model.cif	experiments/e132_c4_iptm80_multiseed_batch01/af3/out_s2/ova_body_c4_03/seed-3_sample-2/ova_body_c4_03_seed-3_sample-2_summary_confidences.json
OVA-C4-IPTM80-18K	ova_body_c4_61	3	seed-3_sample-3	0.82	0.78	2.965	1	0.0	experiments/e132_c4_iptm80_multiseed_batch01/af3/out_s2/ova_body_c4_03/seed-3_sample-3/ova_body_c4_03_seed-3_sample-3_model.cif	experiments/e132_c4_iptm80_multiseed_batch01/af3/out_s2/ova_body_c4_03/seed-3_sample-3/ova_body_c4_03_seed-3_sample-3_summary_confidences.json
OVA-C4-IPTM80-18K	ova_body_c4_61	3	seed-3_sample-4	0.8	0.76	3.2199999999999998	1	0.0	experiments/e132_c4_iptm80_multiseed_batch01/af3/out_s2/ova_body_c4_03/seed-3_sample-4/ova_body_c4_03_seed-3_sample-4_model.cif	experiments/e132_c4_iptm80_multiseed_batch01/af3/out_s2/ova_body_c4_03/seed-3_sample-4/ova_body_c4_03_seed-3_sample-4_summary_confidences.json
OVA-C4-IPTM80-18K	ova_body_c4_61	4	seed-4_sample-0	0.81	0.77	2.93	1	0.0	experiments/e132_c4_iptm80_multiseed_batch01/af3/out_s2/ova_body_c4_03/seed-4_sample-0/ova_body_c4_03_seed-4_sample-0_model.cif	experiments/e132_c4_iptm80_multiseed_batch01/af3/out_s2/ova_body_c4_03/seed-4_sample-0/ova_body_c4_03_seed-4_sample-0_summary_confidences.json
OVA-C4-IPTM80-18K	ova_body_c4_61	4	seed-4_sample-1	0.82	0.78	2.78	1	0.0	experiments/e132_c4_iptm80_multiseed_batch01/af3/out_s2/ova_body_c4_03/seed-4_sample-1/ova_body_c4_03_seed-4_sample-1_model.cif	experiments/e132_c4_iptm80_multiseed_batch01/af3/out_s2/ova_body_c4_03/seed-4_sample-1/ova_body_c4_03_seed-4_sample-1_summary_confidences.json
OVA-C4-IPTM80-18K	ova_body_c4_61	4	seed-4_sample-2	0.81	0.77	2.88	1	0.0	experiments/e132_c4_iptm80_multiseed_batch01/af3/out_s2/ova_body_c4_03/seed-4_sample-2/ova_body_c4_03_seed-4_sample-2_model.cif	experiments/e132_c4_iptm80_multiseed_batch01/af3/out_s2/ova_body_c4_03/seed-4_sample-2/ova_body_c4_03_seed-4_sample-2_summary_confidences.json
OVA-C4-IPTM80-18K	ova_body_c4_61	4	seed-4_sample-3	0.82	0.77	2.865	1	0.0	experiments/e132_c4_iptm80_multiseed_batch01/af3/out_s2/ova_body_c4_03/seed-4_sample-3/ova_body_c4_03_seed-4_sample-3_model.cif	experiments/e132_c4_iptm80_multiseed_batch01/af3/out_s2/ova_body_c4_03/seed-4_sample-3/ova_body_c4_03_seed-4_sample-3_summary_confidences.json
OVA-C4-IPTM80-18K	ova_body_c4_61	4	seed-4_sample-4	0.82	0.78	2.825	1	0.0	experiments/e132_c4_iptm80_multiseed_batch01/af3/out_s2/ova_body_c4_03/seed-4_sample-4/ova_body_c4_03_seed-4_sample-4_model.cif	experiments/e132_c4_iptm80_multiseed_batch01/af3/out_s2/ova_body_c4_03/seed-4_sample-4/ova_body_c4_03_seed-4_sample-4_summary_confidences.json
OVA-C4-IPTM80-18K	ova_body_c4_61	5	seed-5_sample-0	0.78	0.74	3.455	1	0.0	experiments/e132_c4_iptm80_multiseed_batch01/af3/out_s2/ova_body_c4_03/seed-5_sample-0/ova_body_c4_03_seed-5_sample-0_model.cif	experiments/e132_c4_iptm80_multiseed_batch01/af3/out_s2/ova_body_c4_03/seed-5_sample-0/ova_body_c4_03_seed-5_sample-0_summary_confidences.json
OVA-C4-IPTM80-18K	ova_body_c4_61	5	seed-5_sample-1	0.77	0.72	3.5549999999999997	1	0.0	experiments/e132_c4_iptm80_multiseed_batch01/af3/out_s2/ova_body_c4_03/seed-5_sample-1/ova_body_c4_03_seed-5_sample-1_model.cif	experiments/e132_c4_iptm80_multiseed_batch01/af3/out_s2/ova_body_c4_03/seed-5_sample-1/ova_body_c4_03_seed-5_sample-1_summary_confidences.json
OVA-C4-IPTM80-18K	ova_body_c4_61	5	seed-5_sample-2	0.78	0.74	3.35	1	0.0	experiments/e132_c4_iptm80_multiseed_batch01/af3/out_s2/ova_body_c4_03/seed-5_sample-2/ova_body_c4_03_seed-5_sample-2_model.cif	experiments/e132_c4_iptm80_multiseed_batch01/af3/out_s2/ova_body_c4_03/seed-5_sample-2/ova_body_c4_03_seed-5_sample-2_summary_confidences.json
OVA-C4-IPTM80-18K	ova_body_c4_61	5	seed-5_sample-3	0.79	0.75	3.29	1	0.0	experiments/e132_c4_iptm80_multiseed_batch01/af3/out_s2/ova_body_c4_03/seed-5_sample-3/ova_body_c4_03_seed-5_sample-3_model.cif	experiments/e132_c4_iptm80_multiseed_batch01/af3/out_s2/ova_body_c4_03/seed-5_sample-3/ova_body_c4_03_seed-5_sample-3_summary_confidences.json
OVA-C4-IPTM80-18K	ova_body_c4_61	5	seed-5_sample-4	0.78	0.74	3.4450000000000003	1	0.0	experiments/e132_c4_iptm80_multiseed_batch01/af3/out_s2/ova_body_c4_03/seed-5_sample-4/ova_body_c4_03_seed-5_sample-4_model.cif	experiments/e132_c4_iptm80_multiseed_batch01/af3/out_s2/ova_body_c4_03/seed-5_sample-4/ova_body_c4_03_seed-5_sample-4_summary_confidences.json
OVA-C4-IPTM80-21L	ova_body_c4_101	1	seed-1_sample-0	0.81	0.77	2.8049999999999997	1	0.0	experiments/e126_c4_iptm80_continue_af3_seed1/out_s4/ova_body_c4_101/seed-1_sample-0/ova_body_c4_101_seed-1_sample-0_model.cif	experiments/e126_c4_iptm80_continue_af3_seed1/out_s4/ova_body_c4_101/seed-1_sample-0/ova_body_c4_101_seed-1_sample-0_summary_confidences.json
OVA-C4-IPTM80-21L	ova_body_c4_101	1	seed-1_sample-1	0.82	0.79	2.6550000000000002	1	0.0	experiments/e126_c4_iptm80_continue_af3_seed1/out_s4/ova_body_c4_101/seed-1_sample-1/ova_body_c4_101_seed-1_sample-1_model.cif	experiments/e126_c4_iptm80_continue_af3_seed1/out_s4/ova_body_c4_101/seed-1_sample-1/ova_body_c4_101_seed-1_sample-1_summary_confidences.json
OVA-C4-IPTM80-21L	ova_body_c4_101	1	seed-1_sample-2	0.82	0.78	2.785	1	0.0	experiments/e126_c4_iptm80_continue_af3_seed1/out_s4/ova_body_c4_101/seed-1_sample-2/ova_body_c4_101_seed-1_sample-2_model.cif	experiments/e126_c4_iptm80_continue_af3_seed1/out_s4/ova_body_c4_101/seed-1_sample-2/ova_body_c4_101_seed-1_sample-2_summary_confidences.json
OVA-C4-IPTM80-21L	ova_body_c4_101	1	seed-1_sample-3	0.81	0.78	2.795	1	0.0	experiments/e126_c4_iptm80_continue_af3_seed1/out_s4/ova_body_c4_101/seed-1_sample-3/ova_body_c4_101_seed-1_sample-3_model.cif	experiments/e126_c4_iptm80_continue_af3_seed1/out_s4/ova_body_c4_101/seed-1_sample-3/ova_body_c4_101_seed-1_sample-3_summary_confidences.json
OVA-C4-IPTM80-21L	ova_body_c4_101	1	seed-1_sample-4	0.82	0.79	2.715	1	0.0	experiments/e126_c4_iptm80_continue_af3_seed1/out_s4/ova_body_c4_101/seed-1_sample-4/ova_body_c4_101_seed-1_sample-4_model.cif	experiments/e126_c4_iptm80_continue_af3_seed1/out_s4/ova_body_c4_101/seed-1_sample-4/ova_body_c4_101_seed-1_sample-4_summary_confidences.json
OVA-C4-IPTM80-21L	ova_body_c4_101	2	seed-2_sample-0	0.81	0.77	2.795	1	0.0	experiments/e133_c4_iptm80_multiseed_batch02/af3/out_s7/ova_body_c4_08/seed-2_sample-0/ova_body_c4_08_seed-2_sample-0_model.cif	experiments/e133_c4_iptm80_multiseed_batch02/af3/out_s7/ova_body_c4_08/seed-2_sample-0/ova_body_c4_08_seed-2_sample-0_summary_confidences.json
OVA-C4-IPTM80-21L	ova_body_c4_101	2	seed-2_sample-1	0.82	0.78	2.7	1	0.0	experiments/e133_c4_iptm80_multiseed_batch02/af3/out_s7/ova_body_c4_08/seed-2_sample-1/ova_body_c4_08_seed-2_sample-1_model.cif	experiments/e133_c4_iptm80_multiseed_batch02/af3/out_s7/ova_body_c4_08/seed-2_sample-1/ova_body_c4_08_seed-2_sample-1_summary_confidences.json
OVA-C4-IPTM80-21L	ova_body_c4_101	2	seed-2_sample-2	0.83	0.79	2.69	1	0.0	experiments/e133_c4_iptm80_multiseed_batch02/af3/out_s7/ova_body_c4_08/seed-2_sample-2/ova_body_c4_08_seed-2_sample-2_model.cif	experiments/e133_c4_iptm80_multiseed_batch02/af3/out_s7/ova_body_c4_08/seed-2_sample-2/ova_body_c4_08_seed-2_sample-2_summary_confidences.json
OVA-C4-IPTM80-21L	ova_body_c4_101	2	seed-2_sample-3	0.83	0.79	2.62	1	0.0	experiments/e133_c4_iptm80_multiseed_batch02/af3/out_s7/ova_body_c4_08/seed-2_sample-3/ova_body_c4_08_seed-2_sample-3_model.cif	experiments/e133_c4_iptm80_multiseed_batch02/af3/out_s7/ova_body_c4_08/seed-2_sample-3/ova_body_c4_08_seed-2_sample-3_summary_confidences.json
OVA-C4-IPTM80-21L	ova_body_c4_101	2	seed-2_sample-4	0.81	0.78	2.8200000000000003	1	0.0	experiments/e133_c4_iptm80_multiseed_batch02/af3/out_s7/ova_body_c4_08/seed-2_sample-4/ova_body_c4_08_seed-2_sample-4_model.cif	experiments/e133_c4_iptm80_multiseed_batch02/af3/out_s7/ova_body_c4_08/seed-2_sample-4/ova_body_c4_08_seed-2_sample-4_summary_confidences.json
OVA-C4-IPTM80-21L	ova_body_c4_101	3	seed-3_sample-0	0.81	0.78	3.145	1	0.0	experiments/e133_c4_iptm80_multiseed_batch02/af3/out_s7/ova_body_c4_08/seed-3_sample-0/ova_body_c4_08_seed-3_sample-0_model.cif	experiments/e133_c4_iptm80_multiseed_batch02/af3/out_s7/ova_body_c4_08/seed-3_sample-0/ova_body_c4_08_seed-3_sample-0_summary_confidences.json
OVA-C4-IPTM80-21L	ova_body_c4_101	3	seed-3_sample-1	0.81	0.78	3.21	1	0.0	experiments/e133_c4_iptm80_multiseed_batch02/af3/out_s7/ova_body_c4_08/seed-3_sample-1/ova_body_c4_08_seed-3_sample-1_model.cif	experiments/e133_c4_iptm80_multiseed_batch02/af3/out_s7/ova_body_c4_08/seed-3_sample-1/ova_body_c4_08_seed-3_sample-1_summary_confidences.json
OVA-C4-IPTM80-21L	ova_body_c4_101	3	seed-3_sample-2	0.8	0.77	3.185	1	0.0	experiments/e133_c4_iptm80_multiseed_batch02/af3/out_s7/ova_body_c4_08/seed-3_sample-2/ova_body_c4_08_seed-3_sample-2_model.cif	experiments/e133_c4_iptm80_multiseed_batch02/af3/out_s7/ova_body_c4_08/seed-3_sample-2/ova_body_c4_08_seed-3_sample-2_summary_confidences.json
OVA-C4-IPTM80-21L	ova_body_c4_101	3	seed-3_sample-3	0.82	0.79	2.835	1	0.0	experiments/e133_c4_iptm80_multiseed_batch02/af3/out_s7/ova_body_c4_08/seed-3_sample-3/ova_body_c4_08_seed-3_sample-3_model.cif	experiments/e133_c4_iptm80_multiseed_batch02/af3/out_s7/ova_body_c4_08/seed-3_sample-3/ova_body_c4_08_seed-3_sample-3_summary_confidences.json
OVA-C4-IPTM80-21L	ova_body_c4_101	3	seed-3_sample-4	0.8	0.77	3.2699999999999996	1	0.0	experiments/e133_c4_iptm80_multiseed_batch02/af3/out_s7/ova_body_c4_08/seed-3_sample-4/ova_body_c4_08_seed-3_sample-4_model.cif	experiments/e133_c4_iptm80_multiseed_batch02/af3/out_s7/ova_body_c4_08/seed-3_sample-4/ova_body_c4_08_seed-3_sample-4_summary_confidences.json
OVA-C4-IPTM80-21L	ova_body_c4_101	4	seed-4_sample-0	0.76	0.72	3.54	1	0.0	experiments/e133_c4_iptm80_multiseed_batch02/af3/out_s7/ova_body_c4_08/seed-4_sample-0/ova_body_c4_08_seed-4_sample-0_model.cif	experiments/e133_c4_iptm80_multiseed_batch02/af3/out_s7/ova_body_c4_08/seed-4_sample-0/ova_body_c4_08_seed-4_sample-0_summary_confidences.json
OVA-C4-IPTM80-21L	ova_body_c4_101	4	seed-4_sample-1	0.79	0.75	3.23	1	0.0	experiments/e133_c4_iptm80_multiseed_batch02/af3/out_s7/ova_body_c4_08/seed-4_sample-1/ova_body_c4_08_seed-4_sample-1_model.cif	experiments/e133_c4_iptm80_multiseed_batch02/af3/out_s7/ova_body_c4_08/seed-4_sample-1/ova_body_c4_08_seed-4_sample-1_summary_confidences.json
OVA-C4-IPTM80-21L	ova_body_c4_101	4	seed-4_sample-2	0.77	0.73	3.315	1	0.0	experiments/e133_c4_iptm80_multiseed_batch02/af3/out_s7/ova_body_c4_08/seed-4_sample-2/ova_body_c4_08_seed-4_sample-2_model.cif	experiments/e133_c4_iptm80_multiseed_batch02/af3/out_s7/ova_body_c4_08/seed-4_sample-2/ova_body_c4_08_seed-4_sample-2_summary_confidences.json
OVA-C4-IPTM80-21L	ova_body_c4_101	4	seed-4_sample-3	0.79	0.75	3.205	1	0.0	experiments/e133_c4_iptm80_multiseed_batch02/af3/out_s7/ova_body_c4_08/seed-4_sample-3/ova_body_c4_08_seed-4_sample-3_model.cif	experiments/e133_c4_iptm80_multiseed_batch02/af3/out_s7/ova_body_c4_08/seed-4_sample-3/ova_body_c4_08_seed-4_sample-3_summary_confidences.json
OVA-C4-IPTM80-21L	ova_body_c4_101	4	seed-4_sample-4	0.76	0.72	3.67	1	0.0	experiments/e133_c4_iptm80_multiseed_batch02/af3/out_s7/ova_body_c4_08/seed-4_sample-4/ova_body_c4_08_seed-4_sample-4_model.cif	experiments/e133_c4_iptm80_multiseed_batch02/af3/out_s7/ova_body_c4_08/seed-4_sample-4/ova_body_c4_08_seed-4_sample-4_summary_confidences.json
OVA-C4-IPTM80-21L	ova_body_c4_101	5	seed-5_sample-0	0.81	0.77	3.03	1	0.0	experiments/e133_c4_iptm80_multiseed_batch02/af3/out_s7/ova_body_c4_08/seed-5_sample-0/ova_body_c4_08_seed-5_sample-0_model.cif	experiments/e133_c4_iptm80_multiseed_batch02/af3/out_s7/ova_body_c4_08/seed-5_sample-0/ova_body_c4_08_seed-5_sample-0_summary_confidences.json
OVA-C4-IPTM80-21L	ova_body_c4_101	5	seed-5_sample-1	0.8	0.76	2.995	1	0.0	experiments/e133_c4_iptm80_multiseed_batch02/af3/out_s7/ova_body_c4_08/seed-5_sample-1/ova_body_c4_08_seed-5_sample-1_model.cif	experiments/e133_c4_iptm80_multiseed_batch02/af3/out_s7/ova_body_c4_08/seed-5_sample-1/ova_body_c4_08_seed-5_sample-1_summary_confidences.json
OVA-C4-IPTM80-21L	ova_body_c4_101	5	seed-5_sample-2	0.8	0.77	2.975	1	0.0	experiments/e133_c4_iptm80_multiseed_batch02/af3/out_s7/ova_body_c4_08/seed-5_sample-2/ova_body_c4_08_seed-5_sample-2_model.cif	experiments/e133_c4_iptm80_multiseed_batch02/af3/out_s7/ova_body_c4_08/seed-5_sample-2/ova_body_c4_08_seed-5_sample-2_summary_confidences.json
OVA-C4-IPTM80-21L	ova_body_c4_101	5	seed-5_sample-3	0.8	0.77	2.99	1	0.0	experiments/e133_c4_iptm80_multiseed_batch02/af3/out_s7/ova_body_c4_08/seed-5_sample-3/ova_body_c4_08_seed-5_sample-3_model.cif	experiments/e133_c4_iptm80_multiseed_batch02/af3/out_s7/ova_body_c4_08/seed-5_sample-3/ova_body_c4_08_seed-5_sample-3_summary_confidences.json
OVA-C4-IPTM80-21L	ova_body_c4_101	5	seed-5_sample-4	0.79	0.75	3.34	1	0.0	experiments/e133_c4_iptm80_multiseed_batch02/af3/out_s7/ova_body_c4_08/seed-5_sample-4/ova_body_c4_08_seed-5_sample-4_model.cif	experiments/e133_c4_iptm80_multiseed_batch02/af3/out_s7/ova_body_c4_08/seed-5_sample-4/ova_body_c4_08_seed-5_sample-4_summary_confidences.json
OVA-C4-IPTM80-17M	ova_body_c4_04	1	seed-1_sample-0	0.81	0.77	2.795	1	0.0	experiments/e126_c4_iptm80_continue_af3_seed1/out_s3/ova_body_c4_04/seed-1_sample-0/ova_body_c4_04_seed-1_sample-0_model.cif	experiments/e126_c4_iptm80_continue_af3_seed1/out_s3/ova_body_c4_04/seed-1_sample-0/ova_body_c4_04_seed-1_sample-0_summary_confidences.json
OVA-C4-IPTM80-17M	ova_body_c4_04	1	seed-1_sample-1	0.82	0.78	2.7199999999999998	1	0.0	experiments/e126_c4_iptm80_continue_af3_seed1/out_s3/ova_body_c4_04/seed-1_sample-1/ova_body_c4_04_seed-1_sample-1_model.cif	experiments/e126_c4_iptm80_continue_af3_seed1/out_s3/ova_body_c4_04/seed-1_sample-1/ova_body_c4_04_seed-1_sample-1_summary_confidences.json
OVA-C4-IPTM80-17M	ova_body_c4_04	1	seed-1_sample-2	0.81	0.78	2.8	1	0.0	experiments/e126_c4_iptm80_continue_af3_seed1/out_s3/ova_body_c4_04/seed-1_sample-2/ova_body_c4_04_seed-1_sample-2_model.cif	experiments/e126_c4_iptm80_continue_af3_seed1/out_s3/ova_body_c4_04/seed-1_sample-2/ova_body_c4_04_seed-1_sample-2_summary_confidences.json
OVA-C4-IPTM80-17M	ova_body_c4_04	1	seed-1_sample-3	0.82	0.78	2.755	1	0.0	experiments/e126_c4_iptm80_continue_af3_seed1/out_s3/ova_body_c4_04/seed-1_sample-3/ova_body_c4_04_seed-1_sample-3_model.cif	experiments/e126_c4_iptm80_continue_af3_seed1/out_s3/ova_body_c4_04/seed-1_sample-3/ova_body_c4_04_seed-1_sample-3_summary_confidences.json
OVA-C4-IPTM80-17M	ova_body_c4_04	1	seed-1_sample-4	0.82	0.78	2.7649999999999997	1	0.0	experiments/e126_c4_iptm80_continue_af3_seed1/out_s3/ova_body_c4_04/seed-1_sample-4/ova_body_c4_04_seed-1_sample-4_model.cif	experiments/e126_c4_iptm80_continue_af3_seed1/out_s3/ova_body_c4_04/seed-1_sample-4/ova_body_c4_04_seed-1_sample-4_summary_confidences.json
OVA-C4-IPTM80-17M	ova_body_c4_04	2	seed-2_sample-0	0.81	0.78	2.885	1	0.0	experiments/e133_c4_iptm80_multiseed_batch02/af3/out_s6/ova_body_c4_07/seed-2_sample-0/ova_body_c4_07_seed-2_sample-0_model.cif	experiments/e133_c4_iptm80_multiseed_batch02/af3/out_s6/ova_body_c4_07/seed-2_sample-0/ova_body_c4_07_seed-2_sample-0_summary_confidences.json
OVA-C4-IPTM80-17M	ova_body_c4_04	2	seed-2_sample-1	0.81	0.77	2.895	1	0.0	experiments/e133_c4_iptm80_multiseed_batch02/af3/out_s6/ova_body_c4_07/seed-2_sample-1/ova_body_c4_07_seed-2_sample-1_model.cif	experiments/e133_c4_iptm80_multiseed_batch02/af3/out_s6/ova_body_c4_07/seed-2_sample-1/ova_body_c4_07_seed-2_sample-1_summary_confidences.json
OVA-C4-IPTM80-17M	ova_body_c4_04	2	seed-2_sample-2	0.81	0.77	2.9	1	0.0	experiments/e133_c4_iptm80_multiseed_batch02/af3/out_s6/ova_body_c4_07/seed-2_sample-2/ova_body_c4_07_seed-2_sample-2_model.cif	experiments/e133_c4_iptm80_multiseed_batch02/af3/out_s6/ova_body_c4_07/seed-2_sample-2/ova_body_c4_07_seed-2_sample-2_summary_confidences.json
OVA-C4-IPTM80-17M	ova_body_c4_04	2	seed-2_sample-3	0.81	0.78	2.81	1	0.0	experiments/e133_c4_iptm80_multiseed_batch02/af3/out_s6/ova_body_c4_07/seed-2_sample-3/ova_body_c4_07_seed-2_sample-3_model.cif	experiments/e133_c4_iptm80_multiseed_batch02/af3/out_s6/ova_body_c4_07/seed-2_sample-3/ova_body_c4_07_seed-2_sample-3_summary_confidences.json
OVA-C4-IPTM80-17M	ova_body_c4_04	2	seed-2_sample-4	0.81	0.77	2.9699999999999998	1	0.0	experiments/e133_c4_iptm80_multiseed_batch02/af3/out_s6/ova_body_c4_07/seed-2_sample-4/ova_body_c4_07_seed-2_sample-4_model.cif	experiments/e133_c4_iptm80_multiseed_batch02/af3/out_s6/ova_body_c4_07/seed-2_sample-4/ova_body_c4_07_seed-2_sample-4_summary_confidences.json
OVA-C4-IPTM80-17M	ova_body_c4_04	3	seed-3_sample-0	0.82	0.78	2.88	1	0.0	experiments/e133_c4_iptm80_multiseed_batch02/af3/out_s6/ova_body_c4_07/seed-3_sample-0/ova_body_c4_07_seed-3_sample-0_model.cif	experiments/e133_c4_iptm80_multiseed_batch02/af3/out_s6/ova_body_c4_07/seed-3_sample-0/ova_body_c4_07_seed-3_sample-0_summary_confidences.json
OVA-C4-IPTM80-17M	ova_body_c4_04	3	seed-3_sample-1	0.82	0.78	2.825	1	0.0	experiments/e133_c4_iptm80_multiseed_batch02/af3/out_s6/ova_body_c4_07/seed-3_sample-1/ova_body_c4_07_seed-3_sample-1_model.cif	experiments/e133_c4_iptm80_multiseed_batch02/af3/out_s6/ova_body_c4_07/seed-3_sample-1/ova_body_c4_07_seed-3_sample-1_summary_confidences.json
OVA-C4-IPTM80-17M	ova_body_c4_04	3	seed-3_sample-2	0.81	0.77	2.915	1	0.0	experiments/e133_c4_iptm80_multiseed_batch02/af3/out_s6/ova_body_c4_07/seed-3_sample-2/ova_body_c4_07_seed-3_sample-2_model.cif	experiments/e133_c4_iptm80_multiseed_batch02/af3/out_s6/ova_body_c4_07/seed-3_sample-2/ova_body_c4_07_seed-3_sample-2_summary_confidences.json
OVA-C4-IPTM80-17M	ova_body_c4_04	3	seed-3_sample-3	0.81	0.77	2.9000000000000004	1	0.0	experiments/e133_c4_iptm80_multiseed_batch02/af3/out_s6/ova_body_c4_07/seed-3_sample-3/ova_body_c4_07_seed-3_sample-3_model.cif	experiments/e133_c4_iptm80_multiseed_batch02/af3/out_s6/ova_body_c4_07/seed-3_sample-3/ova_body_c4_07_seed-3_sample-3_summary_confidences.json
OVA-C4-IPTM80-17M	ova_body_c4_04	3	seed-3_sample-4	0.82	0.78	2.825	1	0.0	experiments/e133_c4_iptm80_multiseed_batch02/af3/out_s6/ova_body_c4_07/seed-3_sample-4/ova_body_c4_07_seed-3_sample-4_model.cif	experiments/e133_c4_iptm80_multiseed_batch02/af3/out_s6/ova_body_c4_07/seed-3_sample-4/ova_body_c4_07_seed-3_sample-4_summary_confidences.json
OVA-C4-IPTM80-17M	ova_body_c4_04	4	seed-4_sample-0	0.81	0.77	2.93	1	0.0	experiments/e133_c4_iptm80_multiseed_batch02/af3/out_s6/ova_body_c4_07/seed-4_sample-0/ova_body_c4_07_seed-4_sample-0_model.cif	experiments/e133_c4_iptm80_multiseed_batch02/af3/out_s6/ova_body_c4_07/seed-4_sample-0/ova_body_c4_07_seed-4_sample-0_summary_confidences.json
OVA-C4-IPTM80-17M	ova_body_c4_04	4	seed-4_sample-1	0.81	0.78	2.8049999999999997	1	0.0	experiments/e133_c4_iptm80_multiseed_batch02/af3/out_s6/ova_body_c4_07/seed-4_sample-1/ova_body_c4_07_seed-4_sample-1_model.cif	experiments/e133_c4_iptm80_multiseed_batch02/af3/out_s6/ova_body_c4_07/seed-4_sample-1/ova_body_c4_07_seed-4_sample-1_summary_confidences.json
OVA-C4-IPTM80-17M	ova_body_c4_04	4	seed-4_sample-2	0.81	0.78	2.84	1	0.0	experiments/e133_c4_iptm80_multiseed_batch02/af3/out_s6/ova_body_c4_07/seed-4_sample-2/ova_body_c4_07_seed-4_sample-2_model.cif	experiments/e133_c4_iptm80_multiseed_batch02/af3/out_s6/ova_body_c4_07/seed-4_sample-2/ova_body_c4_07_seed-4_sample-2_summary_confidences.json
OVA-C4-IPTM80-17M	ova_body_c4_04	4	seed-4_sample-3	0.81	0.77	2.9450000000000003	1	0.0	experiments/e133_c4_iptm80_multiseed_batch02/af3/out_s6/ova_body_c4_07/seed-4_sample-3/ova_body_c4_07_seed-4_sample-3_model.cif	experiments/e133_c4_iptm80_multiseed_batch02/af3/out_s6/ova_body_c4_07/seed-4_sample-3/ova_body_c4_07_seed-4_sample-3_summary_confidences.json
OVA-C4-IPTM80-17M	ova_body_c4_04	4	seed-4_sample-4	0.81	0.77	2.95	1	0.0	experiments/e133_c4_iptm80_multiseed_batch02/af3/out_s6/ova_body_c4_07/seed-4_sample-4/ova_body_c4_07_seed-4_sample-4_model.cif	experiments/e133_c4_iptm80_multiseed_batch02/af3/out_s6/ova_body_c4_07/seed-4_sample-4/ova_body_c4_07_seed-4_sample-4_summary_confidences.json
OVA-C4-IPTM80-17M	ova_body_c4_04	5	seed-5_sample-0	0.76	0.72	3.825	1	0.0	experiments/e133_c4_iptm80_multiseed_batch02/af3/out_s6/ova_body_c4_07/seed-5_sample-0/ova_body_c4_07_seed-5_sample-0_model.cif	experiments/e133_c4_iptm80_multiseed_batch02/af3/out_s6/ova_body_c4_07/seed-5_sample-0/ova_body_c4_07_seed-5_sample-0_summary_confidences.json
OVA-C4-IPTM80-17M	ova_body_c4_04	5	seed-5_sample-1	0.75	0.71	3.88	1	0.0	experiments/e133_c4_iptm80_multiseed_batch02/af3/out_s6/ova_body_c4_07/seed-5_sample-1/ova_body_c4_07_seed-5_sample-1_model.cif	experiments/e133_c4_iptm80_multiseed_batch02/af3/out_s6/ova_body_c4_07/seed-5_sample-1/ova_body_c4_07_seed-5_sample-1_summary_confidences.json
OVA-C4-IPTM80-17M	ova_body_c4_04	5	seed-5_sample-2	0.74	0.7	3.91	1	0.0	experiments/e133_c4_iptm80_multiseed_batch02/af3/out_s6/ova_body_c4_07/seed-5_sample-2/ova_body_c4_07_seed-5_sample-2_model.cif	experiments/e133_c4_iptm80_multiseed_batch02/af3/out_s6/ova_body_c4_07/seed-5_sample-2/ova_body_c4_07_seed-5_sample-2_summary_confidences.json
OVA-C4-IPTM80-17M	ova_body_c4_04	5	seed-5_sample-3	0.76	0.72	3.66	1	0.0	experiments/e133_c4_iptm80_multiseed_batch02/af3/out_s6/ova_body_c4_07/seed-5_sample-3/ova_body_c4_07_seed-5_sample-3_model.cif	experiments/e133_c4_iptm80_multiseed_batch02/af3/out_s6/ova_body_c4_07/seed-5_sample-3/ova_body_c4_07_seed-5_sample-3_summary_confidences.json
OVA-C4-IPTM80-17M	ova_body_c4_04	5	seed-5_sample-4	0.75	0.71	3.9400000000000004	1	0.0	experiments/e133_c4_iptm80_multiseed_batch02/af3/out_s6/ova_body_c4_07/seed-5_sample-4/ova_body_c4_07_seed-5_sample-4_model.cif	experiments/e133_c4_iptm80_multiseed_batch02/af3/out_s6/ova_body_c4_07/seed-5_sample-4/ova_body_c4_07_seed-5_sample-4_summary_confidences.json
OVA-C4-IPTM80-19N	ova_body_c4_27	1	seed-1_sample-0	0.81	0.77	3.275	1	0.0	experiments/e117_c4_iptm80_af2traj_af3/out_s2/ova_body_c4_27/seed-1_sample-0/ova_body_c4_27_seed-1_sample-0_model.cif	experiments/e117_c4_iptm80_af2traj_af3/out_s2/ova_body_c4_27/seed-1_sample-0/ova_body_c4_27_seed-1_sample-0_summary_confidences.json
OVA-C4-IPTM80-19N	ova_body_c4_27	1	seed-1_sample-1	0.8	0.77	3.1950000000000003	1	0.0	experiments/e117_c4_iptm80_af2traj_af3/out_s2/ova_body_c4_27/seed-1_sample-1/ova_body_c4_27_seed-1_sample-1_model.cif	experiments/e117_c4_iptm80_af2traj_af3/out_s2/ova_body_c4_27/seed-1_sample-1/ova_body_c4_27_seed-1_sample-1_summary_confidences.json
OVA-C4-IPTM80-19N	ova_body_c4_27	1	seed-1_sample-2	0.81	0.77	3.2	1	0.0	experiments/e117_c4_iptm80_af2traj_af3/out_s2/ova_body_c4_27/seed-1_sample-2/ova_body_c4_27_seed-1_sample-2_model.cif	experiments/e117_c4_iptm80_af2traj_af3/out_s2/ova_body_c4_27/seed-1_sample-2/ova_body_c4_27_seed-1_sample-2_summary_confidences.json
OVA-C4-IPTM80-19N	ova_body_c4_27	1	seed-1_sample-3	0.8	0.76	3.3049999999999997	1	0.0	experiments/e117_c4_iptm80_af2traj_af3/out_s2/ova_body_c4_27/seed-1_sample-3/ova_body_c4_27_seed-1_sample-3_model.cif	experiments/e117_c4_iptm80_af2traj_af3/out_s2/ova_body_c4_27/seed-1_sample-3/ova_body_c4_27_seed-1_sample-3_summary_confidences.json
OVA-C4-IPTM80-19N	ova_body_c4_27	1	seed-1_sample-4	0.83	0.79	2.775	1	0.0	experiments/e117_c4_iptm80_af2traj_af3/out_s2/ova_body_c4_27/seed-1_sample-4/ova_body_c4_27_seed-1_sample-4_model.cif	experiments/e117_c4_iptm80_af2traj_af3/out_s2/ova_body_c4_27/seed-1_sample-4/ova_body_c4_27_seed-1_sample-4_summary_confidences.json
OVA-C4-IPTM80-19N	ova_body_c4_27	2	seed-2_sample-0	0.81	0.77	3.455	1	0.0	experiments/e121_c4_iptm80_extra2_seeds2_5_af3/out_s1/ova_body_c4_02/seed-2_sample-0/ova_body_c4_02_seed-2_sample-0_model.cif	experiments/e121_c4_iptm80_extra2_seeds2_5_af3/out_s1/ova_body_c4_02/seed-2_sample-0/ova_body_c4_02_seed-2_sample-0_summary_confidences.json
OVA-C4-IPTM80-19N	ova_body_c4_27	2	seed-2_sample-1	0.82	0.78	3.24	1	0.0	experiments/e121_c4_iptm80_extra2_seeds2_5_af3/out_s1/ova_body_c4_02/seed-2_sample-1/ova_body_c4_02_seed-2_sample-1_model.cif	experiments/e121_c4_iptm80_extra2_seeds2_5_af3/out_s1/ova_body_c4_02/seed-2_sample-1/ova_body_c4_02_seed-2_sample-1_summary_confidences.json
OVA-C4-IPTM80-19N	ova_body_c4_27	2	seed-2_sample-2	0.82	0.78	3.26	1	0.0	experiments/e121_c4_iptm80_extra2_seeds2_5_af3/out_s1/ova_body_c4_02/seed-2_sample-2/ova_body_c4_02_seed-2_sample-2_model.cif	experiments/e121_c4_iptm80_extra2_seeds2_5_af3/out_s1/ova_body_c4_02/seed-2_sample-2/ova_body_c4_02_seed-2_sample-2_summary_confidences.json
OVA-C4-IPTM80-19N	ova_body_c4_27	2	seed-2_sample-3	0.82	0.79	3.2199999999999998	1	0.0	experiments/e121_c4_iptm80_extra2_seeds2_5_af3/out_s1/ova_body_c4_02/seed-2_sample-3/ova_body_c4_02_seed-2_sample-3_model.cif	experiments/e121_c4_iptm80_extra2_seeds2_5_af3/out_s1/ova_body_c4_02/seed-2_sample-3/ova_body_c4_02_seed-2_sample-3_summary_confidences.json
OVA-C4-IPTM80-19N	ova_body_c4_27	2	seed-2_sample-4	0.82	0.78	3.165	1	0.0	experiments/e121_c4_iptm80_extra2_seeds2_5_af3/out_s1/ova_body_c4_02/seed-2_sample-4/ova_body_c4_02_seed-2_sample-4_model.cif	experiments/e121_c4_iptm80_extra2_seeds2_5_af3/out_s1/ova_body_c4_02/seed-2_sample-4/ova_body_c4_02_seed-2_sample-4_summary_confidences.json
OVA-C4-IPTM80-19N	ova_body_c4_27	3	seed-3_sample-0	0.82	0.78	3.05	1	0.0	experiments/e121_c4_iptm80_extra2_seeds2_5_af3/out_s1/ova_body_c4_02/seed-3_sample-0/ova_body_c4_02_seed-3_sample-0_model.cif	experiments/e121_c4_iptm80_extra2_seeds2_5_af3/out_s1/ova_body_c4_02/seed-3_sample-0/ova_body_c4_02_seed-3_sample-0_summary_confidences.json
OVA-C4-IPTM80-19N	ova_body_c4_27	3	seed-3_sample-1	0.82	0.78	3.115	1	0.0	experiments/e121_c4_iptm80_extra2_seeds2_5_af3/out_s1/ova_body_c4_02/seed-3_sample-1/ova_body_c4_02_seed-3_sample-1_model.cif	experiments/e121_c4_iptm80_extra2_seeds2_5_af3/out_s1/ova_body_c4_02/seed-3_sample-1/ova_body_c4_02_seed-3_sample-1_summary_confidences.json
OVA-C4-IPTM80-19N	ova_body_c4_27	3	seed-3_sample-2	0.81	0.77	3.28	1	0.0	experiments/e121_c4_iptm80_extra2_seeds2_5_af3/out_s1/ova_body_c4_02/seed-3_sample-2/ova_body_c4_02_seed-3_sample-2_model.cif	experiments/e121_c4_iptm80_extra2_seeds2_5_af3/out_s1/ova_body_c4_02/seed-3_sample-2/ova_body_c4_02_seed-3_sample-2_summary_confidences.json
OVA-C4-IPTM80-19N	ova_body_c4_27	3	seed-3_sample-3	0.81	0.77	3.175	1	0.0	experiments/e121_c4_iptm80_extra2_seeds2_5_af3/out_s1/ova_body_c4_02/seed-3_sample-3/ova_body_c4_02_seed-3_sample-3_model.cif	experiments/e121_c4_iptm80_extra2_seeds2_5_af3/out_s1/ova_body_c4_02/seed-3_sample-3/ova_body_c4_02_seed-3_sample-3_summary_confidences.json
OVA-C4-IPTM80-19N	ova_body_c4_27	3	seed-3_sample-4	0.82	0.78	3.115	1	0.0	experiments/e121_c4_iptm80_extra2_seeds2_5_af3/out_s1/ova_body_c4_02/seed-3_sample-4/ova_body_c4_02_seed-3_sample-4_model.cif	experiments/e121_c4_iptm80_extra2_seeds2_5_af3/out_s1/ova_body_c4_02/seed-3_sample-4/ova_body_c4_02_seed-3_sample-4_summary_confidences.json
OVA-C4-IPTM80-19N	ova_body_c4_27	4	seed-4_sample-0	0.81	0.76	3.39	1	0.0	experiments/e121_c4_iptm80_extra2_seeds2_5_af3/out_s1/ova_body_c4_02/seed-4_sample-0/ova_body_c4_02_seed-4_sample-0_model.cif	experiments/e121_c4_iptm80_extra2_seeds2_5_af3/out_s1/ova_body_c4_02/seed-4_sample-0/ova_body_c4_02_seed-4_sample-0_summary_confidences.json
OVA-C4-IPTM80-19N	ova_body_c4_27	4	seed-4_sample-1	0.81	0.78	3.285	1	0.0	experiments/e121_c4_iptm80_extra2_seeds2_5_af3/out_s1/ova_body_c4_02/seed-4_sample-1/ova_body_c4_02_seed-4_sample-1_model.cif	experiments/e121_c4_iptm80_extra2_seeds2_5_af3/out_s1/ova_body_c4_02/seed-4_sample-1/ova_body_c4_02_seed-4_sample-1_summary_confidences.json
OVA-C4-IPTM80-19N	ova_body_c4_27	4	seed-4_sample-2	0.81	0.78	3.215	1	0.0	experiments/e121_c4_iptm80_extra2_seeds2_5_af3/out_s1/ova_body_c4_02/seed-4_sample-2/ova_body_c4_02_seed-4_sample-2_model.cif	experiments/e121_c4_iptm80_extra2_seeds2_5_af3/out_s1/ova_body_c4_02/seed-4_sample-2/ova_body_c4_02_seed-4_sample-2_summary_confidences.json
OVA-C4-IPTM80-19N	ova_body_c4_27	4	seed-4_sample-3	0.81	0.77	3.2350000000000003	1	0.0	experiments/e121_c4_iptm80_extra2_seeds2_5_af3/out_s1/ova_body_c4_02/seed-4_sample-3/ova_body_c4_02_seed-4_sample-3_model.cif	experiments/e121_c4_iptm80_extra2_seeds2_5_af3/out_s1/ova_body_c4_02/seed-4_sample-3/ova_body_c4_02_seed-4_sample-3_summary_confidences.json
OVA-C4-IPTM80-19N	ova_body_c4_27	4	seed-4_sample-4	0.81	0.77	3.3600000000000003	1	0.0	experiments/e121_c4_iptm80_extra2_seeds2_5_af3/out_s1/ova_body_c4_02/seed-4_sample-4/ova_body_c4_02_seed-4_sample-4_model.cif	experiments/e121_c4_iptm80_extra2_seeds2_5_af3/out_s1/ova_body_c4_02/seed-4_sample-4/ova_body_c4_02_seed-4_sample-4_summary_confidences.json
OVA-C4-IPTM80-19N	ova_body_c4_27	5	seed-5_sample-0	0.75	0.7	4.84	1	0.0	experiments/e121_c4_iptm80_extra2_seeds2_5_af3/out_s1/ova_body_c4_02/seed-5_sample-0/ova_body_c4_02_seed-5_sample-0_model.cif	experiments/e121_c4_iptm80_extra2_seeds2_5_af3/out_s1/ova_body_c4_02/seed-5_sample-0/ova_body_c4_02_seed-5_sample-0_summary_confidences.json
OVA-C4-IPTM80-19N	ova_body_c4_27	5	seed-5_sample-1	0.76	0.71	4.515000000000001	1	0.0	experiments/e121_c4_iptm80_extra2_seeds2_5_af3/out_s1/ova_body_c4_02/seed-5_sample-1/ova_body_c4_02_seed-5_sample-1_model.cif	experiments/e121_c4_iptm80_extra2_seeds2_5_af3/out_s1/ova_body_c4_02/seed-5_sample-1/ova_body_c4_02_seed-5_sample-1_summary_confidences.json
OVA-C4-IPTM80-19N	ova_body_c4_27	5	seed-5_sample-2	0.73	0.68	5.055	1	0.0	experiments/e121_c4_iptm80_extra2_seeds2_5_af3/out_s1/ova_body_c4_02/seed-5_sample-2/ova_body_c4_02_seed-5_sample-2_model.cif	experiments/e121_c4_iptm80_extra2_seeds2_5_af3/out_s1/ova_body_c4_02/seed-5_sample-2/ova_body_c4_02_seed-5_sample-2_summary_confidences.json
OVA-C4-IPTM80-19N	ova_body_c4_27	5	seed-5_sample-3	0.75	0.7	4.82	1	0.0	experiments/e121_c4_iptm80_extra2_seeds2_5_af3/out_s1/ova_body_c4_02/seed-5_sample-3/ova_body_c4_02_seed-5_sample-3_model.cif	experiments/e121_c4_iptm80_extra2_seeds2_5_af3/out_s1/ova_body_c4_02/seed-5_sample-3/ova_body_c4_02_seed-5_sample-3_summary_confidences.json
OVA-C4-IPTM80-19N	ova_body_c4_27	5	seed-5_sample-4	0.75	0.71	4.52	1	0.0	experiments/e121_c4_iptm80_extra2_seeds2_5_af3/out_s1/ova_body_c4_02/seed-5_sample-4/ova_body_c4_02_seed-5_sample-4_model.cif	experiments/e121_c4_iptm80_extra2_seeds2_5_af3/out_s1/ova_body_c4_02/seed-5_sample-4/ova_body_c4_02_seed-5_sample-4_summary_confidences.json
