candidate	seed	sample	chain_pair	chain_a	position_a	resname_a	atom_a	mutation_a	chain_b	position_b	resname_b	atom_b	mutation_b	distance_a	cif_path
OVA-C4-IPTM80-20A	1		A-C	A	96	ASP	N		C	348	GLU	OE1	A348E	2.284203290939331	experiments/e126_c4_iptm80_continue_af3_seed1/out_s6/ova_body_c4_103/seed-1_sample-0/ova_body_c4_103_seed-1_sample-0_model.cif
OVA-C4-IPTM80-20A	1		A-C	A	348	GLU	OE1	A348E	C	96	ASP	N		2.2181451320648193	experiments/e126_c4_iptm80_continue_af3_seed1/out_s6/ova_body_c4_103/seed-1_sample-0/ova_body_c4_103_seed-1_sample-0_model.cif
OVA-C4-IPTM80-20A	1		B-D	B	96	ASP	N		D	348	GLU	OE1	A348E	2.2808284759521484	experiments/e126_c4_iptm80_continue_af3_seed1/out_s6/ova_body_c4_103/seed-1_sample-0/ova_body_c4_103_seed-1_sample-0_model.cif
OVA-C4-IPTM80-20A	1		B-D	B	348	GLU	OE1	A348E	D	96	ASP	N		2.2437186241149902	experiments/e126_c4_iptm80_continue_af3_seed1/out_s6/ova_body_c4_103/seed-1_sample-0/ova_body_c4_103_seed-1_sample-0_model.cif
OVA-C4-IPTM80-20A	1		A-C	A	95	ASN	CA		C	348	GLU	OE1	A348E	1.9820282459259033	experiments/e126_c4_iptm80_continue_af3_seed1/out_s6/ova_body_c4_103/seed-1_sample-1/ova_body_c4_103_seed-1_sample-1_model.cif
OVA-C4-IPTM80-20A	1		A-C	A	348	GLU	OE1	A348E	C	95	ASN	CA		2.072413921356201	experiments/e126_c4_iptm80_continue_af3_seed1/out_s6/ova_body_c4_103/seed-1_sample-1/ova_body_c4_103_seed-1_sample-1_model.cif
OVA-C4-IPTM80-20A	1		B-D	B	95	ASN	CA		D	348	GLU	OE1	A348E	2.0469090938568115	experiments/e126_c4_iptm80_continue_af3_seed1/out_s6/ova_body_c4_103/seed-1_sample-1/ova_body_c4_103_seed-1_sample-1_model.cif
OVA-C4-IPTM80-20A	1		B-D	B	348	GLU	OE1	A348E	D	95	ASN	CA		2.0640530586242676	experiments/e126_c4_iptm80_continue_af3_seed1/out_s6/ova_body_c4_103/seed-1_sample-1/ova_body_c4_103_seed-1_sample-1_model.cif
OVA-C4-IPTM80-20A	1		A-C	A	95	ASN	CA		C	348	GLU	OE1	A348E	2.236640691757202	experiments/e126_c4_iptm80_continue_af3_seed1/out_s6/ova_body_c4_103/seed-1_sample-2/ova_body_c4_103_seed-1_sample-2_model.cif
OVA-C4-IPTM80-20A	1		A-C	A	348	GLU	OE1	A348E	C	95	ASN	CA		2.318025588989258	experiments/e126_c4_iptm80_continue_af3_seed1/out_s6/ova_body_c4_103/seed-1_sample-2/ova_body_c4_103_seed-1_sample-2_model.cif
OVA-C4-IPTM80-20A	1		B-D	B	95	ASN	CA		D	348	GLU	OE1	A348E	2.2799389362335205	experiments/e126_c4_iptm80_continue_af3_seed1/out_s6/ova_body_c4_103/seed-1_sample-2/ova_body_c4_103_seed-1_sample-2_model.cif
OVA-C4-IPTM80-20A	1		B-D	B	348	GLU	OE1	A348E	D	95	ASN	CA		2.3069605827331543	experiments/e126_c4_iptm80_continue_af3_seed1/out_s6/ova_body_c4_103/seed-1_sample-2/ova_body_c4_103_seed-1_sample-2_model.cif
OVA-C4-IPTM80-20A	2		A-C	A	96	ASP	N		C	348	GLU	OE1	A348E	1.7843947410583496	experiments/e132_c4_iptm80_multiseed_batch01/af3/out_s4/ova_body_c4_05/seed-2_sample-0/ova_body_c4_05_seed-2_sample-0_model.cif
OVA-C4-IPTM80-20A	2		A-C	A	348	GLU	OE1	A348E	C	96	ASP	N		1.7760008573532104	experiments/e132_c4_iptm80_multiseed_batch01/af3/out_s4/ova_body_c4_05/seed-2_sample-0/ova_body_c4_05_seed-2_sample-0_model.cif
OVA-C4-IPTM80-20A	2		B-D	B	96	ASP	N		D	348	GLU	OE1	A348E	1.8117200136184692	experiments/e132_c4_iptm80_multiseed_batch01/af3/out_s4/ova_body_c4_05/seed-2_sample-0/ova_body_c4_05_seed-2_sample-0_model.cif
OVA-C4-IPTM80-20A	2		B-D	B	348	GLU	OE1	A348E	D	96	ASP	N		1.8278993368148804	experiments/e132_c4_iptm80_multiseed_batch01/af3/out_s4/ova_body_c4_05/seed-2_sample-0/ova_body_c4_05_seed-2_sample-0_model.cif
OVA-C4-IPTM80-20A	2		A-C	A	95	ASN	CA		C	348	GLU	OE1	A348E	2.339655876159668	experiments/e132_c4_iptm80_multiseed_batch01/af3/out_s4/ova_body_c4_05/seed-2_sample-1/ova_body_c4_05_seed-2_sample-1_model.cif
OVA-C4-IPTM80-20A	2		A-C	A	96	ASP	N		C	348	GLU	OE1	A348E	2.2226192951202393	experiments/e132_c4_iptm80_multiseed_batch01/af3/out_s4/ova_body_c4_05/seed-2_sample-1/ova_body_c4_05_seed-2_sample-1_model.cif
OVA-C4-IPTM80-20A	2		A-C	A	348	GLU	OE1	A348E	C	95	ASN	CA		2.3363192081451416	experiments/e132_c4_iptm80_multiseed_batch01/af3/out_s4/ova_body_c4_05/seed-2_sample-1/ova_body_c4_05_seed-2_sample-1_model.cif
OVA-C4-IPTM80-20A	2		A-C	A	348	GLU	OE1	A348E	C	96	ASP	N		2.256511688232422	experiments/e132_c4_iptm80_multiseed_batch01/af3/out_s4/ova_body_c4_05/seed-2_sample-1/ova_body_c4_05_seed-2_sample-1_model.cif
OVA-C4-IPTM80-20A	2		B-D	B	95	ASN	CA		D	348	GLU	OE1	A348E	2.265673875808716	experiments/e132_c4_iptm80_multiseed_batch01/af3/out_s4/ova_body_c4_05/seed-2_sample-1/ova_body_c4_05_seed-2_sample-1_model.cif
OVA-C4-IPTM80-20A	2		B-D	B	96	ASP	N		D	348	GLU	OE1	A348E	2.2157440185546875	experiments/e132_c4_iptm80_multiseed_batch01/af3/out_s4/ova_body_c4_05/seed-2_sample-1/ova_body_c4_05_seed-2_sample-1_model.cif
OVA-C4-IPTM80-20A	2		B-D	B	348	GLU	OE1	A348E	D	95	ASN	CA		2.3267910480499268	experiments/e132_c4_iptm80_multiseed_batch01/af3/out_s4/ova_body_c4_05/seed-2_sample-1/ova_body_c4_05_seed-2_sample-1_model.cif
OVA-C4-IPTM80-20A	2		B-D	B	348	GLU	OE1	A348E	D	96	ASP	N		2.2053542137145996	experiments/e132_c4_iptm80_multiseed_batch01/af3/out_s4/ova_body_c4_05/seed-2_sample-1/ova_body_c4_05_seed-2_sample-1_model.cif
OVA-C4-IPTM80-20A	2		A-C	A	96	ASP	N		C	348	GLU	OE1	A348E	2.3000142574310303	experiments/e132_c4_iptm80_multiseed_batch01/af3/out_s4/ova_body_c4_05/seed-2_sample-2/ova_body_c4_05_seed-2_sample-2_model.cif
OVA-C4-IPTM80-20A	2		A-C	A	348	GLU	OE1	A348E	C	96	ASP	N		2.2218782901763916	experiments/e132_c4_iptm80_multiseed_batch01/af3/out_s4/ova_body_c4_05/seed-2_sample-2/ova_body_c4_05_seed-2_sample-2_model.cif
OVA-C4-IPTM80-20A	2		B-D	B	96	ASP	N		D	348	GLU	OE1	A348E	2.264963150024414	experiments/e132_c4_iptm80_multiseed_batch01/af3/out_s4/ova_body_c4_05/seed-2_sample-2/ova_body_c4_05_seed-2_sample-2_model.cif
OVA-C4-IPTM80-20A	2		B-D	B	348	GLU	OE1	A348E	D	96	ASP	N		2.295030355453491	experiments/e132_c4_iptm80_multiseed_batch01/af3/out_s4/ova_body_c4_05/seed-2_sample-2/ova_body_c4_05_seed-2_sample-2_model.cif
OVA-C4-IPTM80-20A	2		A-C	A	96	ASP	N		C	348	GLU	OE1	A348E	2.355212688446045	experiments/e132_c4_iptm80_multiseed_batch01/af3/out_s4/ova_body_c4_05/seed-2_sample-3/ova_body_c4_05_seed-2_sample-3_model.cif
OVA-C4-IPTM80-20A	2		A-C	A	348	GLU	OE1	A348E	C	96	ASP	N		2.3740017414093018	experiments/e132_c4_iptm80_multiseed_batch01/af3/out_s4/ova_body_c4_05/seed-2_sample-3/ova_body_c4_05_seed-2_sample-3_model.cif
OVA-C4-IPTM80-20A	2		B-D	B	96	ASP	N		D	348	GLU	OE1	A348E	2.3819026947021484	experiments/e132_c4_iptm80_multiseed_batch01/af3/out_s4/ova_body_c4_05/seed-2_sample-3/ova_body_c4_05_seed-2_sample-3_model.cif
OVA-C4-IPTM80-20A	2		B-D	B	348	GLU	OE1	A348E	D	96	ASP	N		2.3709876537323	experiments/e132_c4_iptm80_multiseed_batch01/af3/out_s4/ova_body_c4_05/seed-2_sample-3/ova_body_c4_05_seed-2_sample-3_model.cif
OVA-C4-IPTM80-20A	3		A-C	A	95	ASN	CA		C	348	GLU	OE1	A348E	2.3165135383605957	experiments/e132_c4_iptm80_multiseed_batch01/af3/out_s4/ova_body_c4_05/seed-3_sample-2/ova_body_c4_05_seed-3_sample-2_model.cif
OVA-C4-IPTM80-20A	3		A-C	A	348	GLU	OE1	A348E	C	95	ASN	CA		2.297163963317871	experiments/e132_c4_iptm80_multiseed_batch01/af3/out_s4/ova_body_c4_05/seed-3_sample-2/ova_body_c4_05_seed-3_sample-2_model.cif
OVA-C4-IPTM80-20A	3		B-D	B	95	ASN	CA		D	348	GLU	OE1	A348E	2.2950870990753174	experiments/e132_c4_iptm80_multiseed_batch01/af3/out_s4/ova_body_c4_05/seed-3_sample-2/ova_body_c4_05_seed-3_sample-2_model.cif
OVA-C4-IPTM80-20A	3		A-C	A	95	ASN	CA		C	348	GLU	OE1	A348E	2.39731764793396	experiments/e132_c4_iptm80_multiseed_batch01/af3/out_s4/ova_body_c4_05/seed-3_sample-3/ova_body_c4_05_seed-3_sample-3_model.cif
OVA-C4-IPTM80-20A	4		A-C	A	95	ASN	CA		C	348	GLU	OE1	A348E	2.0848004817962646	experiments/e132_c4_iptm80_multiseed_batch01/af3/out_s4/ova_body_c4_05/seed-4_sample-0/ova_body_c4_05_seed-4_sample-0_model.cif
OVA-C4-IPTM80-20A	4		A-C	A	96	ASP	N		C	348	GLU	OE1	A348E	2.2580726146698	experiments/e132_c4_iptm80_multiseed_batch01/af3/out_s4/ova_body_c4_05/seed-4_sample-0/ova_body_c4_05_seed-4_sample-0_model.cif
OVA-C4-IPTM80-20A	4		A-C	A	348	GLU	OE1	A348E	C	95	ASN	CA		2.063809871673584	experiments/e132_c4_iptm80_multiseed_batch01/af3/out_s4/ova_body_c4_05/seed-4_sample-0/ova_body_c4_05_seed-4_sample-0_model.cif
OVA-C4-IPTM80-20A	4		A-C	A	348	GLU	OE1	A348E	C	96	ASP	N		2.2257089614868164	experiments/e132_c4_iptm80_multiseed_batch01/af3/out_s4/ova_body_c4_05/seed-4_sample-0/ova_body_c4_05_seed-4_sample-0_model.cif
OVA-C4-IPTM80-20A	4		B-D	B	95	ASN	CA		D	348	GLU	OE1	A348E	2.0970611572265625	experiments/e132_c4_iptm80_multiseed_batch01/af3/out_s4/ova_body_c4_05/seed-4_sample-0/ova_body_c4_05_seed-4_sample-0_model.cif
OVA-C4-IPTM80-20A	4		B-D	B	95	ASN	C		D	348	GLU	OE1	A348E	2.2673327922821045	experiments/e132_c4_iptm80_multiseed_batch01/af3/out_s4/ova_body_c4_05/seed-4_sample-0/ova_body_c4_05_seed-4_sample-0_model.cif
OVA-C4-IPTM80-20A	4		B-D	B	96	ASP	N		D	348	GLU	OE1	A348E	1.9136961698532104	experiments/e132_c4_iptm80_multiseed_batch01/af3/out_s4/ova_body_c4_05/seed-4_sample-0/ova_body_c4_05_seed-4_sample-0_model.cif
OVA-C4-IPTM80-20A	4		B-D	B	348	GLU	OE1	A348E	D	95	ASN	CA		2.0735044479370117	experiments/e132_c4_iptm80_multiseed_batch01/af3/out_s4/ova_body_c4_05/seed-4_sample-0/ova_body_c4_05_seed-4_sample-0_model.cif
OVA-C4-IPTM80-20A	4		B-D	B	348	GLU	OE1	A348E	D	95	ASN	C		2.261707067489624	experiments/e132_c4_iptm80_multiseed_batch01/af3/out_s4/ova_body_c4_05/seed-4_sample-0/ova_body_c4_05_seed-4_sample-0_model.cif
OVA-C4-IPTM80-20A	4		B-D	B	348	GLU	OE1	A348E	D	96	ASP	N		1.9142106771469116	experiments/e132_c4_iptm80_multiseed_batch01/af3/out_s4/ova_body_c4_05/seed-4_sample-0/ova_body_c4_05_seed-4_sample-0_model.cif
OVA-C4-IPTM80-20A	4		A-C	A	95	ASN	CA		C	348	GLU	OE2	A348E	2.258568048477173	experiments/e132_c4_iptm80_multiseed_batch01/af3/out_s4/ova_body_c4_05/seed-4_sample-2/ova_body_c4_05_seed-4_sample-2_model.cif
OVA-C4-IPTM80-20A	4		A-C	A	96	ASP	OD2		C	190	LYS	NZ		2.386420249938965	experiments/e132_c4_iptm80_multiseed_batch01/af3/out_s4/ova_body_c4_05/seed-4_sample-2/ova_body_c4_05_seed-4_sample-2_model.cif
OVA-C4-IPTM80-20A	4		A-C	A	190	LYS	NZ		C	96	ASP	OD2		2.36736798286438	experiments/e132_c4_iptm80_multiseed_batch01/af3/out_s4/ova_body_c4_05/seed-4_sample-2/ova_body_c4_05_seed-4_sample-2_model.cif
OVA-C4-IPTM80-20A	4		A-C	A	348	GLU	OE2	A348E	C	95	ASN	CA		2.2983312606811523	experiments/e132_c4_iptm80_multiseed_batch01/af3/out_s4/ova_body_c4_05/seed-4_sample-2/ova_body_c4_05_seed-4_sample-2_model.cif
OVA-C4-IPTM80-20A	4		B-D	B	95	ASN	CA		D	348	GLU	OE2	A348E	2.268700361251831	experiments/e132_c4_iptm80_multiseed_batch01/af3/out_s4/ova_body_c4_05/seed-4_sample-2/ova_body_c4_05_seed-4_sample-2_model.cif
OVA-C4-IPTM80-20A	4		B-D	B	96	ASP	OD2		D	190	LYS	NZ		2.3866872787475586	experiments/e132_c4_iptm80_multiseed_batch01/af3/out_s4/ova_body_c4_05/seed-4_sample-2/ova_body_c4_05_seed-4_sample-2_model.cif
OVA-C4-IPTM80-20A	4		B-D	B	190	LYS	NZ		D	96	ASP	OD2		2.3767685890197754	experiments/e132_c4_iptm80_multiseed_batch01/af3/out_s4/ova_body_c4_05/seed-4_sample-2/ova_body_c4_05_seed-4_sample-2_model.cif
OVA-C4-IPTM80-20A	4		B-D	B	348	GLU	OE2	A348E	D	95	ASN	CA		2.356765031814575	experiments/e132_c4_iptm80_multiseed_batch01/af3/out_s4/ova_body_c4_05/seed-4_sample-2/ova_body_c4_05_seed-4_sample-2_model.cif
OVA-C4-IPTM80-20A	5		A-C	A	96	ASP	N		C	348	GLU	OE1	A348E	2.32881236076355	experiments/e132_c4_iptm80_multiseed_batch01/af3/out_s4/ova_body_c4_05/seed-5_sample-2/ova_body_c4_05_seed-5_sample-2_model.cif
OVA-C4-IPTM80-20A	5		A-C	A	348	GLU	OE1	A348E	C	96	ASP	N		2.3325536251068115	experiments/e132_c4_iptm80_multiseed_batch01/af3/out_s4/ova_body_c4_05/seed-5_sample-2/ova_body_c4_05_seed-5_sample-2_model.cif
OVA-C4-IPTM80-20A	5		B-D	B	96	ASP	N		D	348	GLU	OE1	A348E	2.320241689682007	experiments/e132_c4_iptm80_multiseed_batch01/af3/out_s4/ova_body_c4_05/seed-5_sample-2/ova_body_c4_05_seed-5_sample-2_model.cif
OVA-C4-IPTM80-20A	5		B-D	B	348	GLU	OE1	A348E	D	96	ASP	N		2.348308563232422	experiments/e132_c4_iptm80_multiseed_batch01/af3/out_s4/ova_body_c4_05/seed-5_sample-2/ova_body_c4_05_seed-5_sample-2_model.cif
OVA-C4-IPTM80-20A	5		A-C	A	96	ASP	N		C	348	GLU	OE1	A348E	2.376319169998169	experiments/e132_c4_iptm80_multiseed_batch01/af3/out_s4/ova_body_c4_05/seed-5_sample-3/ova_body_c4_05_seed-5_sample-3_model.cif
OVA-C4-IPTM80-20A	5		A-C	A	348	GLU	OE1	A348E	C	96	ASP	N		2.3601913452148438	experiments/e132_c4_iptm80_multiseed_batch01/af3/out_s4/ova_body_c4_05/seed-5_sample-3/ova_body_c4_05_seed-5_sample-3_model.cif
OVA-C4-IPTM80-20A	5		B-D	B	96	ASP	N		D	348	GLU	OE1	A348E	2.324364423751831	experiments/e132_c4_iptm80_multiseed_batch01/af3/out_s4/ova_body_c4_05/seed-5_sample-3/ova_body_c4_05_seed-5_sample-3_model.cif
OVA-C4-IPTM80-20A	5		B-D	B	348	GLU	OE1	A348E	D	96	ASP	N		2.359966278076172	experiments/e132_c4_iptm80_multiseed_batch01/af3/out_s4/ova_body_c4_05/seed-5_sample-3/ova_body_c4_05_seed-5_sample-3_model.cif
OVA-C4-IPTM80-21B	1		A-C	A	96	ASP	N		C	348	GLU	OE1	A348E	2.177887439727783	experiments/e126_c4_iptm80_continue_af3_seed1/out_s6/ova_body_c4_47/seed-1_sample-0/ova_body_c4_47_seed-1_sample-0_model.cif
OVA-C4-IPTM80-21B	1		A-C	A	348	GLU	OE1	A348E	C	96	ASP	N		2.1282286643981934	experiments/e126_c4_iptm80_continue_af3_seed1/out_s6/ova_body_c4_47/seed-1_sample-0/ova_body_c4_47_seed-1_sample-0_model.cif
OVA-C4-IPTM80-21B	1		B-D	B	96	ASP	N		D	348	GLU	OE1	A348E	2.1816649436950684	experiments/e126_c4_iptm80_continue_af3_seed1/out_s6/ova_body_c4_47/seed-1_sample-0/ova_body_c4_47_seed-1_sample-0_model.cif
OVA-C4-IPTM80-21B	1		B-D	B	348	GLU	OE1	A348E	D	96	ASP	N		2.163668155670166	experiments/e126_c4_iptm80_continue_af3_seed1/out_s6/ova_body_c4_47/seed-1_sample-0/ova_body_c4_47_seed-1_sample-0_model.cif
OVA-C4-IPTM80-21B	1		A-C	A	95	ASN	CA		C	348	GLU	OE1	A348E	2.0103518962860107	experiments/e126_c4_iptm80_continue_af3_seed1/out_s6/ova_body_c4_47/seed-1_sample-1/ova_body_c4_47_seed-1_sample-1_model.cif
OVA-C4-IPTM80-21B	1		A-C	A	348	GLU	OE1	A348E	C	95	ASN	CA		2.0994982719421387	experiments/e126_c4_iptm80_continue_af3_seed1/out_s6/ova_body_c4_47/seed-1_sample-1/ova_body_c4_47_seed-1_sample-1_model.cif
OVA-C4-IPTM80-21B	1		B-D	B	95	ASN	CA		D	348	GLU	OE1	A348E	2.0696396827697754	experiments/e126_c4_iptm80_continue_af3_seed1/out_s6/ova_body_c4_47/seed-1_sample-1/ova_body_c4_47_seed-1_sample-1_model.cif
OVA-C4-IPTM80-21B	1		B-D	B	348	GLU	OE1	A348E	D	95	ASN	CA		2.075922966003418	experiments/e126_c4_iptm80_continue_af3_seed1/out_s6/ova_body_c4_47/seed-1_sample-1/ova_body_c4_47_seed-1_sample-1_model.cif
OVA-C4-IPTM80-21B	1		A-C	A	95	ASN	CA		C	348	GLU	OE1	A348E	2.3186380863189697	experiments/e126_c4_iptm80_continue_af3_seed1/out_s6/ova_body_c4_47/seed-1_sample-2/ova_body_c4_47_seed-1_sample-2_model.cif
OVA-C4-IPTM80-21B	1		B-D	B	95	ASN	CA		D	348	GLU	OE1	A348E	2.359455108642578	experiments/e126_c4_iptm80_continue_af3_seed1/out_s6/ova_body_c4_47/seed-1_sample-2/ova_body_c4_47_seed-1_sample-2_model.cif
OVA-C4-IPTM80-21B	1		B-D	B	348	GLU	OE1	A348E	D	95	ASN	CA		2.388362169265747	experiments/e126_c4_iptm80_continue_af3_seed1/out_s6/ova_body_c4_47/seed-1_sample-2/ova_body_c4_47_seed-1_sample-2_model.cif
OVA-C4-IPTM80-21B	1		B-D	B	95	ASN	CA		D	348	GLU	OE1	A348E	2.3602023124694824	experiments/e126_c4_iptm80_continue_af3_seed1/out_s6/ova_body_c4_47/seed-1_sample-3/ova_body_c4_47_seed-1_sample-3_model.cif
OVA-C4-IPTM80-21B	1		B-D	B	348	GLU	OE1	A348E	D	95	ASN	CA		2.3936641216278076	experiments/e126_c4_iptm80_continue_af3_seed1/out_s6/ova_body_c4_47/seed-1_sample-3/ova_body_c4_47_seed-1_sample-3_model.cif
OVA-C4-IPTM80-21B	2		A-D	A	187	LYS	CD		D	345	GLU	OE1	S345E	2.3878173828125	experiments/e135_c4_iptm80_multiseed_batch04/af3/out_s0/ova_body_c4_01/seed-2_sample-0/ova_body_c4_01_seed-2_sample-0_model.cif
OVA-C4-IPTM80-21B	2		B-C	B	345	GLU	OE1	S345E	C	187	LYS	CD		2.3750994205474854	experiments/e135_c4_iptm80_multiseed_batch04/af3/out_s0/ova_body_c4_01/seed-2_sample-0/ova_body_c4_01_seed-2_sample-0_model.cif
OVA-C4-IPTM80-21B	2		A-C	A	191	TYR	OH	A191Y	C	336	GLU	OE2	N336E	2.296412944793701	experiments/e135_c4_iptm80_multiseed_batch04/af3/out_s0/ova_body_c4_01/seed-2_sample-1/ova_body_c4_01_seed-2_sample-1_model.cif
OVA-C4-IPTM80-21B	2		A-C	A	336	GLU	OE2	N336E	C	191	TYR	OH	A191Y	2.291858673095703	experiments/e135_c4_iptm80_multiseed_batch04/af3/out_s0/ova_body_c4_01/seed-2_sample-1/ova_body_c4_01_seed-2_sample-1_model.cif
OVA-C4-IPTM80-21B	2		B-D	B	191	TYR	OH	A191Y	D	336	GLU	OE2	N336E	2.2765696048736572	experiments/e135_c4_iptm80_multiseed_batch04/af3/out_s0/ova_body_c4_01/seed-2_sample-1/ova_body_c4_01_seed-2_sample-1_model.cif
OVA-C4-IPTM80-21B	2		B-D	B	336	GLU	OE2	N336E	D	191	TYR	OH	A191Y	2.247098445892334	experiments/e135_c4_iptm80_multiseed_batch04/af3/out_s0/ova_body_c4_01/seed-2_sample-1/ova_body_c4_01_seed-2_sample-1_model.cif
OVA-C4-IPTM80-21B	2		A-C	A	191	TYR	OH	A191Y	C	336	GLU	OE2	N336E	1.9983079433441162	experiments/e135_c4_iptm80_multiseed_batch04/af3/out_s0/ova_body_c4_01/seed-2_sample-2/ova_body_c4_01_seed-2_sample-2_model.cif
OVA-C4-IPTM80-21B	2		A-C	A	336	GLU	OE2	N336E	C	191	TYR	OH	A191Y	1.975334882736206	experiments/e135_c4_iptm80_multiseed_batch04/af3/out_s0/ova_body_c4_01/seed-2_sample-2/ova_body_c4_01_seed-2_sample-2_model.cif
OVA-C4-IPTM80-21B	2		B-D	B	191	TYR	OH	A191Y	D	336	GLU	OE2	N336E	2.023958921432495	experiments/e135_c4_iptm80_multiseed_batch04/af3/out_s0/ova_body_c4_01/seed-2_sample-2/ova_body_c4_01_seed-2_sample-2_model.cif
OVA-C4-IPTM80-21B	2		B-D	B	336	GLU	OE2	N336E	D	191	TYR	OH	A191Y	1.9974842071533203	experiments/e135_c4_iptm80_multiseed_batch04/af3/out_s0/ova_body_c4_01/seed-2_sample-2/ova_body_c4_01_seed-2_sample-2_model.cif
OVA-C4-IPTM80-21B	2		A-C	A	95	ASN	CA		C	348	GLU	OE1	A348E	2.2819910049438477	experiments/e135_c4_iptm80_multiseed_batch04/af3/out_s0/ova_body_c4_01/seed-2_sample-3/ova_body_c4_01_seed-2_sample-3_model.cif
OVA-C4-IPTM80-21B	2		A-C	A	191	TYR	OH	A191Y	C	336	GLU	OE2	N336E	2.397130012512207	experiments/e135_c4_iptm80_multiseed_batch04/af3/out_s0/ova_body_c4_01/seed-2_sample-3/ova_body_c4_01_seed-2_sample-3_model.cif
OVA-C4-IPTM80-21B	2		A-C	A	336	GLU	OE2	N336E	C	191	TYR	OH	A191Y	2.361651659011841	experiments/e135_c4_iptm80_multiseed_batch04/af3/out_s0/ova_body_c4_01/seed-2_sample-3/ova_body_c4_01_seed-2_sample-3_model.cif
OVA-C4-IPTM80-21B	2		A-C	A	348	GLU	OE1	A348E	C	95	ASN	CA		2.3035924434661865	experiments/e135_c4_iptm80_multiseed_batch04/af3/out_s0/ova_body_c4_01/seed-2_sample-3/ova_body_c4_01_seed-2_sample-3_model.cif
OVA-C4-IPTM80-21B	2		B-D	B	95	ASN	CA		D	348	GLU	OE1	A348E	2.354245185852051	experiments/e135_c4_iptm80_multiseed_batch04/af3/out_s0/ova_body_c4_01/seed-2_sample-3/ova_body_c4_01_seed-2_sample-3_model.cif
OVA-C4-IPTM80-21B	2		B-D	B	348	GLU	OE1	A348E	D	95	ASN	CA		2.297588348388672	experiments/e135_c4_iptm80_multiseed_batch04/af3/out_s0/ova_body_c4_01/seed-2_sample-3/ova_body_c4_01_seed-2_sample-3_model.cif
OVA-C4-IPTM80-21B	2		A-D	A	346	PHE	CE2	A346F	D	347	ASP	OD1	E347D	2.3380677700042725	experiments/e135_c4_iptm80_multiseed_batch04/af3/out_s0/ova_body_c4_01/seed-2_sample-4/ova_body_c4_01_seed-2_sample-4_model.cif
OVA-C4-IPTM80-21B	2		A-D	A	347	ASP	OD1	E347D	D	346	PHE	CE2	A346F	2.287872314453125	experiments/e135_c4_iptm80_multiseed_batch04/af3/out_s0/ova_body_c4_01/seed-2_sample-4/ova_body_c4_01_seed-2_sample-4_model.cif
OVA-C4-IPTM80-21B	2		B-C	B	346	PHE	CE2	A346F	C	347	ASP	OD1	E347D	2.3547136783599854	experiments/e135_c4_iptm80_multiseed_batch04/af3/out_s0/ova_body_c4_01/seed-2_sample-4/ova_body_c4_01_seed-2_sample-4_model.cif
OVA-C4-IPTM80-21B	2		B-C	B	347	ASP	OD1	E347D	C	346	PHE	CE2	A346F	2.3358278274536133	experiments/e135_c4_iptm80_multiseed_batch04/af3/out_s0/ova_body_c4_01/seed-2_sample-4/ova_body_c4_01_seed-2_sample-4_model.cif
OVA-C4-IPTM80-21B	3		A-C	A	340	ARG	NH2		C	345	GLU	N	S345E	2.112884998321533	experiments/e135_c4_iptm80_multiseed_batch04/af3/out_s0/ova_body_c4_01/seed-3_sample-0/ova_body_c4_01_seed-3_sample-0_model.cif
OVA-C4-IPTM80-21B	3		A-C	A	345	GLU	N	S345E	C	340	ARG	NH2		2.02567458152771	experiments/e135_c4_iptm80_multiseed_batch04/af3/out_s0/ova_body_c4_01/seed-3_sample-0/ova_body_c4_01_seed-3_sample-0_model.cif
OVA-C4-IPTM80-21B	3		B-D	B	340	ARG	NH2		D	345	GLU	N	S345E	2.0778567790985107	experiments/e135_c4_iptm80_multiseed_batch04/af3/out_s0/ova_body_c4_01/seed-3_sample-0/ova_body_c4_01_seed-3_sample-0_model.cif
OVA-C4-IPTM80-21B	3		B-D	B	345	GLU	N	S345E	D	340	ARG	NH2		2.0319888591766357	experiments/e135_c4_iptm80_multiseed_batch04/af3/out_s0/ova_body_c4_01/seed-3_sample-0/ova_body_c4_01_seed-3_sample-0_model.cif
OVA-C4-IPTM80-21B	3		A-C	A	95	ASN	CA		C	348	GLU	OE1	A348E	2.30318021774292	experiments/e135_c4_iptm80_multiseed_batch04/af3/out_s0/ova_body_c4_01/seed-3_sample-1/ova_body_c4_01_seed-3_sample-1_model.cif
OVA-C4-IPTM80-21B	3		A-C	A	96	ASP	N		C	348	GLU	OE1	A348E	2.1213531494140625	experiments/e135_c4_iptm80_multiseed_batch04/af3/out_s0/ova_body_c4_01/seed-3_sample-1/ova_body_c4_01_seed-3_sample-1_model.cif
OVA-C4-IPTM80-21B	3		A-C	A	348	GLU	OE1	A348E	C	95	ASN	CA		2.354438543319702	experiments/e135_c4_iptm80_multiseed_batch04/af3/out_s0/ova_body_c4_01/seed-3_sample-1/ova_body_c4_01_seed-3_sample-1_model.cif
OVA-C4-IPTM80-21B	3		A-C	A	348	GLU	OE1	A348E	C	96	ASP	N		2.1787683963775635	experiments/e135_c4_iptm80_multiseed_batch04/af3/out_s0/ova_body_c4_01/seed-3_sample-1/ova_body_c4_01_seed-3_sample-1_model.cif
OVA-C4-IPTM80-21B	3		B-D	B	95	ASN	CA		D	348	GLU	OE1	A348E	2.3597962856292725	experiments/e135_c4_iptm80_multiseed_batch04/af3/out_s0/ova_body_c4_01/seed-3_sample-1/ova_body_c4_01_seed-3_sample-1_model.cif
OVA-C4-IPTM80-21B	3		B-D	B	96	ASP	N		D	348	GLU	OE1	A348E	2.1852970123291016	experiments/e135_c4_iptm80_multiseed_batch04/af3/out_s0/ova_body_c4_01/seed-3_sample-1/ova_body_c4_01_seed-3_sample-1_model.cif
OVA-C4-IPTM80-21B	3		B-D	B	348	GLU	OE1	A348E	D	95	ASN	CA		2.2693889141082764	experiments/e135_c4_iptm80_multiseed_batch04/af3/out_s0/ova_body_c4_01/seed-3_sample-1/ova_body_c4_01_seed-3_sample-1_model.cif
OVA-C4-IPTM80-21B	3		B-D	B	348	GLU	OE1	A348E	D	96	ASP	N		2.1251699924468994	experiments/e135_c4_iptm80_multiseed_batch04/af3/out_s0/ova_body_c4_01/seed-3_sample-1/ova_body_c4_01_seed-3_sample-1_model.cif
OVA-C4-IPTM80-21B	3		A-C	A	191	TYR	OH	A191Y	C	336	GLU	OE2	N336E	2.1276590824127197	experiments/e135_c4_iptm80_multiseed_batch04/af3/out_s0/ova_body_c4_01/seed-3_sample-2/ova_body_c4_01_seed-3_sample-2_model.cif
OVA-C4-IPTM80-21B	3		A-C	A	336	GLU	OE2	N336E	C	191	TYR	OH	A191Y	2.1867752075195312	experiments/e135_c4_iptm80_multiseed_batch04/af3/out_s0/ova_body_c4_01/seed-3_sample-2/ova_body_c4_01_seed-3_sample-2_model.cif
OVA-C4-IPTM80-21B	3		A-C	A	348	GLU	OE1	A348E	C	95	ASN	CB		2.386127233505249	experiments/e135_c4_iptm80_multiseed_batch04/af3/out_s0/ova_body_c4_01/seed-3_sample-2/ova_body_c4_01_seed-3_sample-2_model.cif
OVA-C4-IPTM80-21B	3		B-D	B	191	TYR	OH	A191Y	D	336	GLU	OE2	N336E	2.1935482025146484	experiments/e135_c4_iptm80_multiseed_batch04/af3/out_s0/ova_body_c4_01/seed-3_sample-2/ova_body_c4_01_seed-3_sample-2_model.cif
OVA-C4-IPTM80-21B	3		B-D	B	336	GLU	OE2	N336E	D	191	TYR	OH	A191Y	2.1398003101348877	experiments/e135_c4_iptm80_multiseed_batch04/af3/out_s0/ova_body_c4_01/seed-3_sample-2/ova_body_c4_01_seed-3_sample-2_model.cif
OVA-C4-IPTM80-21B	3		A-C	A	95	ASN	CA		C	348	GLU	OE1	A348E	2.3937275409698486	experiments/e135_c4_iptm80_multiseed_batch04/af3/out_s0/ova_body_c4_01/seed-3_sample-3/ova_body_c4_01_seed-3_sample-3_model.cif
OVA-C4-IPTM80-21B	3		B-D	B	95	ASN	CA		D	348	GLU	OE1	A348E	2.3900961875915527	experiments/e135_c4_iptm80_multiseed_batch04/af3/out_s0/ova_body_c4_01/seed-3_sample-3/ova_body_c4_01_seed-3_sample-3_model.cif
OVA-C4-IPTM80-21B	3		B-D	B	348	GLU	OE1	A348E	D	95	ASN	CA		2.384699821472168	experiments/e135_c4_iptm80_multiseed_batch04/af3/out_s0/ova_body_c4_01/seed-3_sample-3/ova_body_c4_01_seed-3_sample-3_model.cif
OVA-C4-IPTM80-21B	4		A-C	A	96	ASP	N		C	348	GLU	OE1	A348E	2.249290704727173	experiments/e135_c4_iptm80_multiseed_batch04/af3/out_s0/ova_body_c4_01/seed-4_sample-4/ova_body_c4_01_seed-4_sample-4_model.cif
OVA-C4-IPTM80-21B	4		A-C	A	348	GLU	OE1	A348E	C	96	ASP	N		2.2612645626068115	experiments/e135_c4_iptm80_multiseed_batch04/af3/out_s0/ova_body_c4_01/seed-4_sample-4/ova_body_c4_01_seed-4_sample-4_model.cif
OVA-C4-IPTM80-21B	4		B-D	B	96	ASP	N		D	348	GLU	OE1	A348E	2.2243764400482178	experiments/e135_c4_iptm80_multiseed_batch04/af3/out_s0/ova_body_c4_01/seed-4_sample-4/ova_body_c4_01_seed-4_sample-4_model.cif
OVA-C4-IPTM80-21B	4		B-D	B	348	GLU	OE1	A348E	D	96	ASP	N		2.2573580741882324	experiments/e135_c4_iptm80_multiseed_batch04/af3/out_s0/ova_body_c4_01/seed-4_sample-4/ova_body_c4_01_seed-4_sample-4_model.cif
OVA-C4-IPTM80-21B	5		A-C	A	96	ASP	N		C	348	GLU	OE1	A348E	2.398589611053467	experiments/e135_c4_iptm80_multiseed_batch04/af3/out_s0/ova_body_c4_01/seed-5_sample-1/ova_body_c4_01_seed-5_sample-1_model.cif
OVA-C4-IPTM80-21B	5		A-C	A	191	TYR	OH	A191Y	C	336	GLU	OE2	N336E	2.3443758487701416	experiments/e135_c4_iptm80_multiseed_batch04/af3/out_s0/ova_body_c4_01/seed-5_sample-1/ova_body_c4_01_seed-5_sample-1_model.cif
OVA-C4-IPTM80-21B	5		A-C	A	336	GLU	OE2	N336E	C	191	TYR	OH	A191Y	2.3407862186431885	experiments/e135_c4_iptm80_multiseed_batch04/af3/out_s0/ova_body_c4_01/seed-5_sample-1/ova_body_c4_01_seed-5_sample-1_model.cif
OVA-C4-IPTM80-21B	5		A-C	A	348	GLU	OE1	A348E	C	96	ASP	N		2.378542423248291	experiments/e135_c4_iptm80_multiseed_batch04/af3/out_s0/ova_body_c4_01/seed-5_sample-1/ova_body_c4_01_seed-5_sample-1_model.cif
OVA-C4-IPTM80-21B	5		B-D	B	191	TYR	OH	A191Y	D	336	GLU	OE2	N336E	2.3613803386688232	experiments/e135_c4_iptm80_multiseed_batch04/af3/out_s0/ova_body_c4_01/seed-5_sample-1/ova_body_c4_01_seed-5_sample-1_model.cif
OVA-C4-IPTM80-21B	5		B-D	B	336	GLU	OE2	N336E	D	191	TYR	OH	A191Y	2.3409042358398438	experiments/e135_c4_iptm80_multiseed_batch04/af3/out_s0/ova_body_c4_01/seed-5_sample-1/ova_body_c4_01_seed-5_sample-1_model.cif
OVA-C4-IPTM80-21B	5		B-D	B	348	GLU	OE1	A348E	D	96	ASP	N		2.3876848220825195	experiments/e135_c4_iptm80_multiseed_batch04/af3/out_s0/ova_body_c4_01/seed-5_sample-1/ova_body_c4_01_seed-5_sample-1_model.cif
OVA-C4-IPTM80-21B	5		A-C	A	95	ASN	CA		C	348	GLU	OE1	A348E	2.35634183883667	experiments/e135_c4_iptm80_multiseed_batch04/af3/out_s0/ova_body_c4_01/seed-5_sample-2/ova_body_c4_01_seed-5_sample-2_model.cif
OVA-C4-IPTM80-21B	5		A-C	A	348	GLU	OE1	A348E	C	95	ASN	CA		2.3742363452911377	experiments/e135_c4_iptm80_multiseed_batch04/af3/out_s0/ova_body_c4_01/seed-5_sample-2/ova_body_c4_01_seed-5_sample-2_model.cif
OVA-C4-IPTM80-21B	5		B-D	B	95	ASN	CA		D	348	GLU	OE1	A348E	2.3314225673675537	experiments/e135_c4_iptm80_multiseed_batch04/af3/out_s0/ova_body_c4_01/seed-5_sample-2/ova_body_c4_01_seed-5_sample-2_model.cif
OVA-C4-IPTM80-21B	5		B-D	B	348	GLU	OE1	A348E	D	95	ASN	CA		2.359889507293701	experiments/e135_c4_iptm80_multiseed_batch04/af3/out_s0/ova_body_c4_01/seed-5_sample-2/ova_body_c4_01_seed-5_sample-2_model.cif
OVA-C4-IPTM80-21B	5		A-C	A	96	ASP	N		C	348	GLU	OE1	A348E	2.039353370666504	experiments/e135_c4_iptm80_multiseed_batch04/af3/out_s0/ova_body_c4_01/seed-5_sample-3/ova_body_c4_01_seed-5_sample-3_model.cif
OVA-C4-IPTM80-21B	5		A-C	A	348	GLU	OE1	A348E	C	96	ASP	N		2.089406728744507	experiments/e135_c4_iptm80_multiseed_batch04/af3/out_s0/ova_body_c4_01/seed-5_sample-3/ova_body_c4_01_seed-5_sample-3_model.cif
OVA-C4-IPTM80-21B	5		B-D	B	96	ASP	N		D	348	GLU	OE1	A348E	2.05997371673584	experiments/e135_c4_iptm80_multiseed_batch04/af3/out_s0/ova_body_c4_01/seed-5_sample-3/ova_body_c4_01_seed-5_sample-3_model.cif
OVA-C4-IPTM80-21B	5		B-D	B	348	GLU	OE1	A348E	D	96	ASP	N		2.112637519836426	experiments/e135_c4_iptm80_multiseed_batch04/af3/out_s0/ova_body_c4_01/seed-5_sample-3/ova_body_c4_01_seed-5_sample-3_model.cif
OVA-C4-IPTM80-21C	1		A-D	A	350	ILE	C	V350I	D	354	TYR	OH	S354Y	2.195556402206421	experiments/e126_c4_iptm80_continue_af3_seed1/out_s6/ova_body_c4_23/seed-1_sample-2/ova_body_c4_23_seed-1_sample-2_model.cif
OVA-C4-IPTM80-21C	1		A-D	A	350	ILE	O	V350I	D	354	TYR	OH	S354Y	2.142282247543335	experiments/e126_c4_iptm80_continue_af3_seed1/out_s6/ova_body_c4_23/seed-1_sample-2/ova_body_c4_23_seed-1_sample-2_model.cif
OVA-C4-IPTM80-21C	1		A-D	A	350	ILE	CG2	V350I	D	354	TYR	OH	S354Y	2.2497830390930176	experiments/e126_c4_iptm80_continue_af3_seed1/out_s6/ova_body_c4_23/seed-1_sample-2/ova_body_c4_23_seed-1_sample-2_model.cif
OVA-C4-IPTM80-21C	1		A-D	A	354	TYR	OH	S354Y	D	350	ILE	O	V350I	2.090184450149536	experiments/e126_c4_iptm80_continue_af3_seed1/out_s6/ova_body_c4_23/seed-1_sample-2/ova_body_c4_23_seed-1_sample-2_model.cif
OVA-C4-IPTM80-21C	1		B-C	B	350	ILE	C	V350I	C	354	TYR	OH	S354Y	2.273470401763916	experiments/e126_c4_iptm80_continue_af3_seed1/out_s6/ova_body_c4_23/seed-1_sample-2/ova_body_c4_23_seed-1_sample-2_model.cif
OVA-C4-IPTM80-21C	1		B-C	B	350	ILE	O	V350I	C	354	TYR	OH	S354Y	2.102708339691162	experiments/e126_c4_iptm80_continue_af3_seed1/out_s6/ova_body_c4_23/seed-1_sample-2/ova_body_c4_23_seed-1_sample-2_model.cif
OVA-C4-IPTM80-21C	1		B-C	B	350	ILE	CG2	V350I	C	354	TYR	OH	S354Y	2.2020905017852783	experiments/e126_c4_iptm80_continue_af3_seed1/out_s6/ova_body_c4_23/seed-1_sample-2/ova_body_c4_23_seed-1_sample-2_model.cif
OVA-C4-IPTM80-21C	1		B-C	B	354	TYR	OH	S354Y	C	350	ILE	C	V350I	2.0728354454040527	experiments/e126_c4_iptm80_continue_af3_seed1/out_s6/ova_body_c4_23/seed-1_sample-2/ova_body_c4_23_seed-1_sample-2_model.cif
OVA-C4-IPTM80-21C	1		B-C	B	354	TYR	OH	S354Y	C	350	ILE	O	V350I	1.858910083770752	experiments/e126_c4_iptm80_continue_af3_seed1/out_s6/ova_body_c4_23/seed-1_sample-2/ova_body_c4_23_seed-1_sample-2_model.cif
OVA-C4-IPTM80-21C	2		A-B	A	96	ASP	OD2		B	345	HIS	O	S345H	2.1884865760803223	experiments/e133_c4_iptm80_multiseed_batch02/af3/out_s0/ova_body_c4_01/seed-2_sample-0/ova_body_c4_01_seed-2_sample-0_model.cif
OVA-C4-IPTM80-21C	2		A-B	A	191	TYR	OH	A191Y	B	336	GLU	OE2	N336E	2.0144224166870117	experiments/e133_c4_iptm80_multiseed_batch02/af3/out_s0/ova_body_c4_01/seed-2_sample-0/ova_body_c4_01_seed-2_sample-0_model.cif
OVA-C4-IPTM80-21C	2		A-B	A	336	GLU	OE2	N336E	B	191	TYR	OH	A191Y	2.0074117183685303	experiments/e133_c4_iptm80_multiseed_batch02/af3/out_s0/ova_body_c4_01/seed-2_sample-0/ova_body_c4_01_seed-2_sample-0_model.cif
OVA-C4-IPTM80-21C	2		A-B	A	345	HIS	O	S345H	B	96	ASP	OD2		2.1759729385375977	experiments/e133_c4_iptm80_multiseed_batch02/af3/out_s0/ova_body_c4_01/seed-2_sample-0/ova_body_c4_01_seed-2_sample-0_model.cif
OVA-C4-IPTM80-21C	2		A-D	A	350	ILE	O	V350I	D	354	TYR	OH	S354Y	2.398139715194702	experiments/e133_c4_iptm80_multiseed_batch02/af3/out_s0/ova_body_c4_01/seed-2_sample-0/ova_body_c4_01_seed-2_sample-0_model.cif
OVA-C4-IPTM80-21C	2		A-D	A	354	TYR	OH	S354Y	D	350	ILE	O	V350I	2.1818482875823975	experiments/e133_c4_iptm80_multiseed_batch02/af3/out_s0/ova_body_c4_01/seed-2_sample-0/ova_body_c4_01_seed-2_sample-0_model.cif
OVA-C4-IPTM80-21C	2		A-D	A	354	TYR	OH	S354Y	D	350	ILE	CG2	V350I	2.329711675643921	experiments/e133_c4_iptm80_multiseed_batch02/af3/out_s0/ova_body_c4_01/seed-2_sample-0/ova_body_c4_01_seed-2_sample-0_model.cif
OVA-C4-IPTM80-21C	2		B-C	B	350	ILE	O	V350I	C	354	TYR	OH	S354Y	2.369452714920044	experiments/e133_c4_iptm80_multiseed_batch02/af3/out_s0/ova_body_c4_01/seed-2_sample-0/ova_body_c4_01_seed-2_sample-0_model.cif
OVA-C4-IPTM80-21C	2		B-C	B	350	ILE	CG2	V350I	C	354	TYR	OH	S354Y	2.388770580291748	experiments/e133_c4_iptm80_multiseed_batch02/af3/out_s0/ova_body_c4_01/seed-2_sample-0/ova_body_c4_01_seed-2_sample-0_model.cif
OVA-C4-IPTM80-21C	2		B-C	B	354	TYR	OH	S354Y	C	350	ILE	CG2	V350I	2.3890674114227295	experiments/e133_c4_iptm80_multiseed_batch02/af3/out_s0/ova_body_c4_01/seed-2_sample-0/ova_body_c4_01_seed-2_sample-0_model.cif
OVA-C4-IPTM80-21C	2		C-D	C	96	ASP	OD2		D	345	HIS	O	S345H	2.199176788330078	experiments/e133_c4_iptm80_multiseed_batch02/af3/out_s0/ova_body_c4_01/seed-2_sample-0/ova_body_c4_01_seed-2_sample-0_model.cif
OVA-C4-IPTM80-21C	2		C-D	C	191	TYR	OH	A191Y	D	336	GLU	OE2	N336E	2.0235612392425537	experiments/e133_c4_iptm80_multiseed_batch02/af3/out_s0/ova_body_c4_01/seed-2_sample-0/ova_body_c4_01_seed-2_sample-0_model.cif
OVA-C4-IPTM80-21C	2		C-D	C	336	GLU	OE2	N336E	D	191	TYR	OH	A191Y	2.036238193511963	experiments/e133_c4_iptm80_multiseed_batch02/af3/out_s0/ova_body_c4_01/seed-2_sample-0/ova_body_c4_01_seed-2_sample-0_model.cif
OVA-C4-IPTM80-21C	2		C-D	C	345	HIS	O	S345H	D	96	ASP	OD2		2.2669222354888916	experiments/e133_c4_iptm80_multiseed_batch02/af3/out_s0/ova_body_c4_01/seed-2_sample-0/ova_body_c4_01_seed-2_sample-0_model.cif
OVA-C4-IPTM80-21C	2		A-B	A	96	ASP	OD2		B	345	HIS	O	S345H	2.156978130340576	experiments/e133_c4_iptm80_multiseed_batch02/af3/out_s0/ova_body_c4_01/seed-2_sample-1/ova_body_c4_01_seed-2_sample-1_model.cif
OVA-C4-IPTM80-21C	2		A-B	A	345	HIS	O	S345H	B	96	ASP	OD2		2.1900198459625244	experiments/e133_c4_iptm80_multiseed_batch02/af3/out_s0/ova_body_c4_01/seed-2_sample-1/ova_body_c4_01_seed-2_sample-1_model.cif
OVA-C4-IPTM80-21C	2		C-D	C	96	ASP	OD2		D	345	HIS	O	S345H	2.117122173309326	experiments/e133_c4_iptm80_multiseed_batch02/af3/out_s0/ova_body_c4_01/seed-2_sample-1/ova_body_c4_01_seed-2_sample-1_model.cif
OVA-C4-IPTM80-21C	2		C-D	C	345	HIS	O	S345H	D	96	ASP	OD2		2.1739914417266846	experiments/e133_c4_iptm80_multiseed_batch02/af3/out_s0/ova_body_c4_01/seed-2_sample-1/ova_body_c4_01_seed-2_sample-1_model.cif
OVA-C4-IPTM80-21C	2		A-B	A	96	ASP	OD2		B	346	PHE	O	A346F	2.059724807739258	experiments/e133_c4_iptm80_multiseed_batch02/af3/out_s0/ova_body_c4_01/seed-2_sample-2/ova_body_c4_01_seed-2_sample-2_model.cif
OVA-C4-IPTM80-21C	2		A-B	A	346	PHE	O	A346F	B	96	ASP	OD2		2.1461238861083984	experiments/e133_c4_iptm80_multiseed_batch02/af3/out_s0/ova_body_c4_01/seed-2_sample-2/ova_body_c4_01_seed-2_sample-2_model.cif
OVA-C4-IPTM80-21C	2		C-D	C	96	ASP	OD2		D	346	PHE	O	A346F	2.179140567779541	experiments/e133_c4_iptm80_multiseed_batch02/af3/out_s0/ova_body_c4_01/seed-2_sample-2/ova_body_c4_01_seed-2_sample-2_model.cif
OVA-C4-IPTM80-21C	2		C-D	C	346	PHE	O	A346F	D	96	ASP	OD2		2.0698626041412354	experiments/e133_c4_iptm80_multiseed_batch02/af3/out_s0/ova_body_c4_01/seed-2_sample-2/ova_body_c4_01_seed-2_sample-2_model.cif
OVA-C4-IPTM80-21C	2		A-B	A	96	ASP	OD2		B	346	PHE	O	A346F	2.0207345485687256	experiments/e133_c4_iptm80_multiseed_batch02/af3/out_s0/ova_body_c4_01/seed-2_sample-3/ova_body_c4_01_seed-2_sample-3_model.cif
OVA-C4-IPTM80-21C	2		A-B	A	346	PHE	O	A346F	B	96	ASP	OD2		2.0311460494995117	experiments/e133_c4_iptm80_multiseed_batch02/af3/out_s0/ova_body_c4_01/seed-2_sample-3/ova_body_c4_01_seed-2_sample-3_model.cif
OVA-C4-IPTM80-21C	2		A-D	A	354	TYR	CD2	S354Y	D	354	TYR	CD2	S354Y	2.1650052070617676	experiments/e133_c4_iptm80_multiseed_batch02/af3/out_s0/ova_body_c4_01/seed-2_sample-3/ova_body_c4_01_seed-2_sample-3_model.cif
OVA-C4-IPTM80-21C	2		A-D	A	354	TYR	OH	S354Y	D	353	ALA	CB		2.2948989868164062	experiments/e133_c4_iptm80_multiseed_batch02/af3/out_s0/ova_body_c4_01/seed-2_sample-3/ova_body_c4_01_seed-2_sample-3_model.cif
OVA-C4-IPTM80-21C	2		B-C	B	353	ALA	CB		C	354	TYR	OH	S354Y	2.3555285930633545	experiments/e133_c4_iptm80_multiseed_batch02/af3/out_s0/ova_body_c4_01/seed-2_sample-3/ova_body_c4_01_seed-2_sample-3_model.cif
OVA-C4-IPTM80-21C	2		B-C	B	354	TYR	CD2	S354Y	C	354	TYR	CD2	S354Y	2.175693988800049	experiments/e133_c4_iptm80_multiseed_batch02/af3/out_s0/ova_body_c4_01/seed-2_sample-3/ova_body_c4_01_seed-2_sample-3_model.cif
OVA-C4-IPTM80-21C	2		C-D	C	96	ASP	OD2		D	346	PHE	O	A346F	2.0667519569396973	experiments/e133_c4_iptm80_multiseed_batch02/af3/out_s0/ova_body_c4_01/seed-2_sample-3/ova_body_c4_01_seed-2_sample-3_model.cif
OVA-C4-IPTM80-21C	2		C-D	C	346	PHE	O	A346F	D	96	ASP	OD2		2.0260262489318848	experiments/e133_c4_iptm80_multiseed_batch02/af3/out_s0/ova_body_c4_01/seed-2_sample-3/ova_body_c4_01_seed-2_sample-3_model.cif
OVA-C4-IPTM80-21C	2		A-B	A	96	ASP	OD2		B	345	HIS	O	S345H	2.2514116764068604	experiments/e133_c4_iptm80_multiseed_batch02/af3/out_s0/ova_body_c4_01/seed-2_sample-4/ova_body_c4_01_seed-2_sample-4_model.cif
OVA-C4-IPTM80-21C	2		A-B	A	191	TYR	OH	A191Y	B	336	GLU	OE2	N336E	2.397629499435425	experiments/e133_c4_iptm80_multiseed_batch02/af3/out_s0/ova_body_c4_01/seed-2_sample-4/ova_body_c4_01_seed-2_sample-4_model.cif
OVA-C4-IPTM80-21C	2		A-B	A	345	HIS	O	S345H	B	96	ASP	OD2		2.2770471572875977	experiments/e133_c4_iptm80_multiseed_batch02/af3/out_s0/ova_body_c4_01/seed-2_sample-4/ova_body_c4_01_seed-2_sample-4_model.cif
OVA-C4-IPTM80-21C	2		A-D	A	350	ILE	CG2	V350I	D	354	TYR	OH	S354Y	1.6775232553482056	experiments/e133_c4_iptm80_multiseed_batch02/af3/out_s0/ova_body_c4_01/seed-2_sample-4/ova_body_c4_01_seed-2_sample-4_model.cif
OVA-C4-IPTM80-21C	2		A-D	A	354	TYR	OH	S354Y	D	350	ILE	CG2	V350I	1.4979462623596191	experiments/e133_c4_iptm80_multiseed_batch02/af3/out_s0/ova_body_c4_01/seed-2_sample-4/ova_body_c4_01_seed-2_sample-4_model.cif
OVA-C4-IPTM80-21C	2		B-C	B	350	ILE	CG2	V350I	C	354	TYR	OH	S354Y	1.8186843395233154	experiments/e133_c4_iptm80_multiseed_batch02/af3/out_s0/ova_body_c4_01/seed-2_sample-4/ova_body_c4_01_seed-2_sample-4_model.cif
OVA-C4-IPTM80-21C	2		B-C	B	354	TYR	OH	S354Y	C	350	ILE	CG2	V350I	1.6499019861221313	experiments/e133_c4_iptm80_multiseed_batch02/af3/out_s0/ova_body_c4_01/seed-2_sample-4/ova_body_c4_01_seed-2_sample-4_model.cif
OVA-C4-IPTM80-21C	2		C-D	C	96	ASP	OD2		D	345	HIS	O	S345H	2.2433109283447266	experiments/e133_c4_iptm80_multiseed_batch02/af3/out_s0/ova_body_c4_01/seed-2_sample-4/ova_body_c4_01_seed-2_sample-4_model.cif
OVA-C4-IPTM80-21C	2		C-D	C	191	TYR	OH	A191Y	D	336	GLU	OE2	N336E	2.3492603302001953	experiments/e133_c4_iptm80_multiseed_batch02/af3/out_s0/ova_body_c4_01/seed-2_sample-4/ova_body_c4_01_seed-2_sample-4_model.cif
OVA-C4-IPTM80-21C	2		C-D	C	336	GLU	OE2	N336E	D	191	TYR	OH	A191Y	2.3813154697418213	experiments/e133_c4_iptm80_multiseed_batch02/af3/out_s0/ova_body_c4_01/seed-2_sample-4/ova_body_c4_01_seed-2_sample-4_model.cif
OVA-C4-IPTM80-21C	2		C-D	C	345	HIS	O	S345H	D	96	ASP	OD2		2.3505425453186035	experiments/e133_c4_iptm80_multiseed_batch02/af3/out_s0/ova_body_c4_01/seed-2_sample-4/ova_body_c4_01_seed-2_sample-4_model.cif
OVA-C4-IPTM80-21C	3		A-B	A	354	TYR	CA	S354Y	B	354	TYR	OH	S354Y	2.3927202224731445	experiments/e133_c4_iptm80_multiseed_batch02/af3/out_s0/ova_body_c4_01/seed-3_sample-2/ova_body_c4_01_seed-3_sample-2_model.cif
OVA-C4-IPTM80-21C	3		A-B	A	354	TYR	CG	S354Y	B	354	TYR	CE1	S354Y	2.210723400115967	experiments/e133_c4_iptm80_multiseed_batch02/af3/out_s0/ova_body_c4_01/seed-3_sample-2/ova_body_c4_01_seed-3_sample-2_model.cif
OVA-C4-IPTM80-21C	3		A-B	A	354	TYR	CG	S354Y	B	354	TYR	CZ	S354Y	2.2861368656158447	experiments/e133_c4_iptm80_multiseed_batch02/af3/out_s0/ova_body_c4_01/seed-3_sample-2/ova_body_c4_01_seed-3_sample-2_model.cif
OVA-C4-IPTM80-21C	3		A-B	A	354	TYR	CD1	S354Y	B	354	TYR	CD2	S354Y	2.1784720420837402	experiments/e133_c4_iptm80_multiseed_batch02/af3/out_s0/ova_body_c4_01/seed-3_sample-2/ova_body_c4_01_seed-3_sample-2_model.cif
OVA-C4-IPTM80-21C	3		A-B	A	354	TYR	CD1	S354Y	B	354	TYR	CE2	S354Y	2.0480880737304688	experiments/e133_c4_iptm80_multiseed_batch02/af3/out_s0/ova_body_c4_01/seed-3_sample-2/ova_body_c4_01_seed-3_sample-2_model.cif
OVA-C4-IPTM80-21C	3		A-B	A	354	TYR	CD1	S354Y	B	354	TYR	CZ	S354Y	2.1714789867401123	experiments/e133_c4_iptm80_multiseed_batch02/af3/out_s0/ova_body_c4_01/seed-3_sample-2/ova_body_c4_01_seed-3_sample-2_model.cif
OVA-C4-IPTM80-21C	3		A-B	A	354	TYR	CD2	S354Y	B	354	TYR	CD1	S354Y	2.3236961364746094	experiments/e133_c4_iptm80_multiseed_batch02/af3/out_s0/ova_body_c4_01/seed-3_sample-2/ova_body_c4_01_seed-3_sample-2_model.cif
OVA-C4-IPTM80-21C	3		A-B	A	354	TYR	CD2	S354Y	B	354	TYR	CE1	S354Y	1.9203131198883057	experiments/e133_c4_iptm80_multiseed_batch02/af3/out_s0/ova_body_c4_01/seed-3_sample-2/ova_body_c4_01_seed-3_sample-2_model.cif
OVA-C4-IPTM80-21C	3		A-B	A	354	TYR	CE1	S354Y	B	354	TYR	CB	S354Y	2.193666934967041	experiments/e133_c4_iptm80_multiseed_batch02/af3/out_s0/ova_body_c4_01/seed-3_sample-2/ova_body_c4_01_seed-3_sample-2_model.cif
OVA-C4-IPTM80-21C	3		A-B	A	354	TYR	CE1	S354Y	B	354	TYR	CG	S354Y	1.0908801555633545	experiments/e133_c4_iptm80_multiseed_batch02/af3/out_s0/ova_body_c4_01/seed-3_sample-2/ova_body_c4_01_seed-3_sample-2_model.cif
OVA-C4-IPTM80-21C	3		A-B	A	354	TYR	CE1	S354Y	B	354	TYR	CD1	S354Y	1.7140090465545654	experiments/e133_c4_iptm80_multiseed_batch02/af3/out_s0/ova_body_c4_01/seed-3_sample-2/ova_body_c4_01_seed-3_sample-2_model.cif
OVA-C4-IPTM80-21C	3		A-B	A	354	TYR	CE1	S354Y	B	354	TYR	CD2	S354Y	1.467419981956482	experiments/e133_c4_iptm80_multiseed_batch02/af3/out_s0/ova_body_c4_01/seed-3_sample-2/ova_body_c4_01_seed-3_sample-2_model.cif
OVA-C4-IPTM80-21C	3		A-B	A	354	TYR	CE1	S354Y	B	354	TYR	CE1	S354Y	2.363770008087158	experiments/e133_c4_iptm80_multiseed_batch02/af3/out_s0/ova_body_c4_01/seed-3_sample-2/ova_body_c4_01_seed-3_sample-2_model.cif
OVA-C4-IPTM80-21C	3		A-B	A	354	TYR	CE1	S354Y	B	354	TYR	CE2	S354Y	2.199144124984741	experiments/e133_c4_iptm80_multiseed_batch02/af3/out_s0/ova_body_c4_01/seed-3_sample-2/ova_body_c4_01_seed-3_sample-2_model.cif
OVA-C4-IPTM80-21C	3		A-B	A	354	TYR	CE2	S354Y	B	354	TYR	CD1	S354Y	1.396164059638977	experiments/e133_c4_iptm80_multiseed_batch02/af3/out_s0/ova_body_c4_01/seed-3_sample-2/ova_body_c4_01_seed-3_sample-2_model.cif
OVA-C4-IPTM80-21C	3		A-B	A	354	TYR	CE2	S354Y	B	354	TYR	CE1	S354Y	1.8450028896331787	experiments/e133_c4_iptm80_multiseed_batch02/af3/out_s0/ova_body_c4_01/seed-3_sample-2/ova_body_c4_01_seed-3_sample-2_model.cif
OVA-C4-IPTM80-21C	3		A-B	A	354	TYR	CZ	S354Y	B	354	TYR	CB	S354Y	2.033944606781006	experiments/e133_c4_iptm80_multiseed_batch02/af3/out_s0/ova_body_c4_01/seed-3_sample-2/ova_body_c4_01_seed-3_sample-2_model.cif
OVA-C4-IPTM80-21C	3		A-B	A	354	TYR	CZ	S354Y	B	354	TYR	CG	S354Y	1.2444655895233154	experiments/e133_c4_iptm80_multiseed_batch02/af3/out_s0/ova_body_c4_01/seed-3_sample-2/ova_body_c4_01_seed-3_sample-2_model.cif
OVA-C4-IPTM80-21C	3		A-B	A	354	TYR	CZ	S354Y	B	354	TYR	CD1	S354Y	0.8129864931106567	experiments/e133_c4_iptm80_multiseed_batch02/af3/out_s0/ova_body_c4_01/seed-3_sample-2/ova_body_c4_01_seed-3_sample-2_model.cif
OVA-C4-IPTM80-21C	3		A-B	A	354	TYR	CZ	S354Y	B	354	TYR	CE1	S354Y	2.068634510040283	experiments/e133_c4_iptm80_multiseed_batch02/af3/out_s0/ova_body_c4_01/seed-3_sample-2/ova_body_c4_01_seed-3_sample-2_model.cif
OVA-C4-IPTM80-21C	3		A-B	A	354	TYR	OH	S354Y	B	354	TYR	CA	S354Y	2.107966899871826	experiments/e133_c4_iptm80_multiseed_batch02/af3/out_s0/ova_body_c4_01/seed-3_sample-2/ova_body_c4_01_seed-3_sample-2_model.cif
OVA-C4-IPTM80-21C	3		A-B	A	354	TYR	OH	S354Y	B	354	TYR	CB	S354Y	1.479756474494934	experiments/e133_c4_iptm80_multiseed_batch02/af3/out_s0/ova_body_c4_01/seed-3_sample-2/ova_body_c4_01_seed-3_sample-2_model.cif
OVA-C4-IPTM80-21C	3		A-B	A	354	TYR	OH	S354Y	B	354	TYR	CG	S354Y	1.653289794921875	experiments/e133_c4_iptm80_multiseed_batch02/af3/out_s0/ova_body_c4_01/seed-3_sample-2/ova_body_c4_01_seed-3_sample-2_model.cif
OVA-C4-IPTM80-21C	3		A-B	A	354	TYR	OH	S354Y	B	354	TYR	CD1	S354Y	1.6630302667617798	experiments/e133_c4_iptm80_multiseed_batch02/af3/out_s0/ova_body_c4_01/seed-3_sample-2/ova_body_c4_01_seed-3_sample-2_model.cif
OVA-C4-IPTM80-21C	3		A-C	A	191	TYR	OH	A191Y	C	336	GLU	OE2	N336E	2.0750932693481445	experiments/e133_c4_iptm80_multiseed_batch02/af3/out_s0/ova_body_c4_01/seed-3_sample-2/ova_body_c4_01_seed-3_sample-2_model.cif
OVA-C4-IPTM80-21C	3		A-C	A	336	GLU	OE2	N336E	C	191	TYR	OH	A191Y	2.0345945358276367	experiments/e133_c4_iptm80_multiseed_batch02/af3/out_s0/ova_body_c4_01/seed-3_sample-2/ova_body_c4_01_seed-3_sample-2_model.cif
OVA-C4-IPTM80-21C	3		B-D	B	191	TYR	OH	A191Y	D	336	GLU	OE2	N336E	2.0804247856140137	experiments/e133_c4_iptm80_multiseed_batch02/af3/out_s0/ova_body_c4_01/seed-3_sample-2/ova_body_c4_01_seed-3_sample-2_model.cif
OVA-C4-IPTM80-21C	3		B-D	B	336	GLU	OE2	N336E	D	191	TYR	OH	A191Y	2.062861919403076	experiments/e133_c4_iptm80_multiseed_batch02/af3/out_s0/ova_body_c4_01/seed-3_sample-2/ova_body_c4_01_seed-3_sample-2_model.cif
OVA-C4-IPTM80-21C	3		C-D	C	354	TYR	N	S354Y	D	354	TYR	OH	S354Y	2.2211899757385254	experiments/e133_c4_iptm80_multiseed_batch02/af3/out_s0/ova_body_c4_01/seed-3_sample-2/ova_body_c4_01_seed-3_sample-2_model.cif
OVA-C4-IPTM80-21C	3		C-D	C	354	TYR	CA	S354Y	D	354	TYR	OH	S354Y	1.9778684377670288	experiments/e133_c4_iptm80_multiseed_batch02/af3/out_s0/ova_body_c4_01/seed-3_sample-2/ova_body_c4_01_seed-3_sample-2_model.cif
OVA-C4-IPTM80-21C	3		C-D	C	354	TYR	CB	S354Y	D	354	TYR	OH	S354Y	2.1900765895843506	experiments/e133_c4_iptm80_multiseed_batch02/af3/out_s0/ova_body_c4_01/seed-3_sample-2/ova_body_c4_01_seed-3_sample-2_model.cif
OVA-C4-IPTM80-21C	3		C-D	C	354	TYR	CG	S354Y	D	354	TYR	CE1	S354Y	2.212833881378174	experiments/e133_c4_iptm80_multiseed_batch02/af3/out_s0/ova_body_c4_01/seed-3_sample-2/ova_body_c4_01_seed-3_sample-2_model.cif
OVA-C4-IPTM80-21C	3		C-D	C	354	TYR	CG	S354Y	D	354	TYR	CE2	S354Y	1.959553837776184	experiments/e133_c4_iptm80_multiseed_batch02/af3/out_s0/ova_body_c4_01/seed-3_sample-2/ova_body_c4_01_seed-3_sample-2_model.cif
OVA-C4-IPTM80-21C	3		C-D	C	354	TYR	CG	S354Y	D	354	TYR	CZ	S354Y	1.389530062675476	experiments/e133_c4_iptm80_multiseed_batch02/af3/out_s0/ova_body_c4_01/seed-3_sample-2/ova_body_c4_01_seed-3_sample-2_model.cif
OVA-C4-IPTM80-21C	3		C-D	C	354	TYR	CG	S354Y	D	354	TYR	OH	S354Y	1.6649150848388672	experiments/e133_c4_iptm80_multiseed_batch02/af3/out_s0/ova_body_c4_01/seed-3_sample-2/ova_body_c4_01_seed-3_sample-2_model.cif
OVA-C4-IPTM80-21C	3		C-D	C	354	TYR	CD1	S354Y	D	354	TYR	CD2	S354Y	1.8772581815719604	experiments/e133_c4_iptm80_multiseed_batch02/af3/out_s0/ova_body_c4_01/seed-3_sample-2/ova_body_c4_01_seed-3_sample-2_model.cif
OVA-C4-IPTM80-21C	3		C-D	C	354	TYR	CD1	S354Y	D	354	TYR	CE2	S354Y	0.9078025817871094	experiments/e133_c4_iptm80_multiseed_batch02/af3/out_s0/ova_body_c4_01/seed-3_sample-2/ova_body_c4_01_seed-3_sample-2_model.cif
OVA-C4-IPTM80-21C	3		C-D	C	354	TYR	CD1	S354Y	D	354	TYR	CZ	S354Y	1.6160145998001099	experiments/e133_c4_iptm80_multiseed_batch02/af3/out_s0/ova_body_c4_01/seed-3_sample-2/ova_body_c4_01_seed-3_sample-2_model.cif
OVA-C4-IPTM80-21C	3		C-D	C	354	TYR	CD1	S354Y	D	354	TYR	OH	S354Y	2.361372947692871	experiments/e133_c4_iptm80_multiseed_batch02/af3/out_s0/ova_body_c4_01/seed-3_sample-2/ova_body_c4_01_seed-3_sample-2_model.cif
OVA-C4-IPTM80-21C	3		C-D	C	354	TYR	CD2	S354Y	D	354	TYR	CD1	S354Y	2.3370349407196045	experiments/e133_c4_iptm80_multiseed_batch02/af3/out_s0/ova_body_c4_01/seed-3_sample-2/ova_body_c4_01_seed-3_sample-2_model.cif
OVA-C4-IPTM80-21C	3		C-D	C	354	TYR	CD2	S354Y	D	354	TYR	CE1	S354Y	1.1939488649368286	experiments/e133_c4_iptm80_multiseed_batch02/af3/out_s0/ova_body_c4_01/seed-3_sample-2/ova_body_c4_01_seed-3_sample-2_model.cif
OVA-C4-IPTM80-21C	3		C-D	C	354	TYR	CD2	S354Y	D	354	TYR	CZ	S354Y	1.4339146614074707	experiments/e133_c4_iptm80_multiseed_batch02/af3/out_s0/ova_body_c4_01/seed-3_sample-2/ova_body_c4_01_seed-3_sample-2_model.cif
OVA-C4-IPTM80-21C	3		C-D	C	354	TYR	CD2	S354Y	D	354	TYR	OH	S354Y	1.9140205383300781	experiments/e133_c4_iptm80_multiseed_batch02/af3/out_s0/ova_body_c4_01/seed-3_sample-2/ova_body_c4_01_seed-3_sample-2_model.cif
OVA-C4-IPTM80-21C	3		C-D	C	354	TYR	CE1	S354Y	D	354	TYR	CG	S354Y	1.6687302589416504	experiments/e133_c4_iptm80_multiseed_batch02/af3/out_s0/ova_body_c4_01/seed-3_sample-2/ova_body_c4_01_seed-3_sample-2_model.cif
OVA-C4-IPTM80-21C	3		C-D	C	354	TYR	CE1	S354Y	D	354	TYR	CD1	S354Y	2.3454372882843018	experiments/e133_c4_iptm80_multiseed_batch02/af3/out_s0/ova_body_c4_01/seed-3_sample-2/ova_body_c4_01_seed-3_sample-2_model.cif
OVA-C4-IPTM80-21C	3		C-D	C	354	TYR	CE1	S354Y	D	354	TYR	CD2	S354Y	0.6433302760124207	experiments/e133_c4_iptm80_multiseed_batch02/af3/out_s0/ova_body_c4_01/seed-3_sample-2/ova_body_c4_01_seed-3_sample-2_model.cif
OVA-C4-IPTM80-21C	3		C-D	C	354	TYR	CE1	S354Y	D	354	TYR	CE1	S354Y	2.397946834564209	experiments/e133_c4_iptm80_multiseed_batch02/af3/out_s0/ova_body_c4_01/seed-3_sample-2/ova_body_c4_01_seed-3_sample-2_model.cif
OVA-C4-IPTM80-21C	3		C-D	C	354	TYR	CE1	S354Y	D	354	TYR	CE2	S354Y	0.806990921497345	experiments/e133_c4_iptm80_multiseed_batch02/af3/out_s0/ova_body_c4_01/seed-3_sample-2/ova_body_c4_01_seed-3_sample-2_model.cif
OVA-C4-IPTM80-21C	3		C-D	C	354	TYR	CE1	S354Y	D	354	TYR	CZ	S354Y	1.8139410018920898	experiments/e133_c4_iptm80_multiseed_batch02/af3/out_s0/ova_body_c4_01/seed-3_sample-2/ova_body_c4_01_seed-3_sample-2_model.cif
OVA-C4-IPTM80-21C	3		C-D	C	354	TYR	CE2	S354Y	D	354	TYR	CG	S354Y	2.244185209274292	experiments/e133_c4_iptm80_multiseed_batch02/af3/out_s0/ova_body_c4_01/seed-3_sample-2/ova_body_c4_01_seed-3_sample-2_model.cif
OVA-C4-IPTM80-21C	3		C-D	C	354	TYR	CE2	S354Y	D	354	TYR	CD1	S354Y	1.1185674667358398	experiments/e133_c4_iptm80_multiseed_batch02/af3/out_s0/ova_body_c4_01/seed-3_sample-2/ova_body_c4_01_seed-3_sample-2_model.cif
OVA-C4-IPTM80-21C	3		C-D	C	354	TYR	CE2	S354Y	D	354	TYR	CE1	S354Y	0.30957740545272827	experiments/e133_c4_iptm80_multiseed_batch02/af3/out_s0/ova_body_c4_01/seed-3_sample-2/ova_body_c4_01_seed-3_sample-2_model.cif
OVA-C4-IPTM80-21C	3		C-D	C	354	TYR	CE2	S354Y	D	354	TYR	CZ	S354Y	1.6596720218658447	experiments/e133_c4_iptm80_multiseed_batch02/af3/out_s0/ova_body_c4_01/seed-3_sample-2/ova_body_c4_01_seed-3_sample-2_model.cif
OVA-C4-IPTM80-21C	3		C-D	C	354	TYR	CZ	S354Y	D	354	TYR	CG	S354Y	1.191814661026001	experiments/e133_c4_iptm80_multiseed_batch02/af3/out_s0/ova_body_c4_01/seed-3_sample-2/ova_body_c4_01_seed-3_sample-2_model.cif
OVA-C4-IPTM80-21C	3		C-D	C	354	TYR	CZ	S354Y	D	354	TYR	CD1	S354Y	1.1299291849136353	experiments/e133_c4_iptm80_multiseed_batch02/af3/out_s0/ova_body_c4_01/seed-3_sample-2/ova_body_c4_01_seed-3_sample-2_model.cif
OVA-C4-IPTM80-21C	3		C-D	C	354	TYR	CZ	S354Y	D	354	TYR	CD2	S354Y	1.6073359251022339	experiments/e133_c4_iptm80_multiseed_batch02/af3/out_s0/ova_body_c4_01/seed-3_sample-2/ova_body_c4_01_seed-3_sample-2_model.cif
OVA-C4-IPTM80-21C	3		C-D	C	354	TYR	CZ	S354Y	D	354	TYR	CE1	S354Y	1.4856988191604614	experiments/e133_c4_iptm80_multiseed_batch02/af3/out_s0/ova_body_c4_01/seed-3_sample-2/ova_body_c4_01_seed-3_sample-2_model.cif
OVA-C4-IPTM80-21C	3		C-D	C	354	TYR	CZ	S354Y	D	354	TYR	CE2	S354Y	1.872449278831482	experiments/e133_c4_iptm80_multiseed_batch02/af3/out_s0/ova_body_c4_01/seed-3_sample-2/ova_body_c4_01_seed-3_sample-2_model.cif
OVA-C4-IPTM80-21C	3		C-D	C	354	TYR	CZ	S354Y	D	354	TYR	CZ	S354Y	1.8083598613739014	experiments/e133_c4_iptm80_multiseed_batch02/af3/out_s0/ova_body_c4_01/seed-3_sample-2/ova_body_c4_01_seed-3_sample-2_model.cif
OVA-C4-IPTM80-21C	3		C-D	C	354	TYR	OH	S354Y	D	354	TYR	CA	S354Y	2.1989240646362305	experiments/e133_c4_iptm80_multiseed_batch02/af3/out_s0/ova_body_c4_01/seed-3_sample-2/ova_body_c4_01_seed-3_sample-2_model.cif
OVA-C4-IPTM80-21C	3		C-D	C	354	TYR	OH	S354Y	D	354	TYR	CB	S354Y	2.1808724403381348	experiments/e133_c4_iptm80_multiseed_batch02/af3/out_s0/ova_body_c4_01/seed-3_sample-2/ova_body_c4_01_seed-3_sample-2_model.cif
OVA-C4-IPTM80-21C	3		C-D	C	354	TYR	OH	S354Y	D	354	TYR	CG	S354Y	1.5358960628509521	experiments/e133_c4_iptm80_multiseed_batch02/af3/out_s0/ova_body_c4_01/seed-3_sample-2/ova_body_c4_01_seed-3_sample-2_model.cif
OVA-C4-IPTM80-21C	3		C-D	C	354	TYR	OH	S354Y	D	354	TYR	CD1	S354Y	1.6831427812576294	experiments/e133_c4_iptm80_multiseed_batch02/af3/out_s0/ova_body_c4_01/seed-3_sample-2/ova_body_c4_01_seed-3_sample-2_model.cif
OVA-C4-IPTM80-21C	3		C-D	C	354	TYR	OH	S354Y	D	354	TYR	CD2	S354Y	2.3275272846221924	experiments/e133_c4_iptm80_multiseed_batch02/af3/out_s0/ova_body_c4_01/seed-3_sample-2/ova_body_c4_01_seed-3_sample-2_model.cif
OVA-C4-IPTM80-21C	3		A-B	A	354	TYR	CD2	S354Y	B	354	TYR	CD2	S354Y	2.0678610801696777	experiments/e133_c4_iptm80_multiseed_batch02/af3/out_s0/ova_body_c4_01/seed-3_sample-4/ova_body_c4_01_seed-3_sample-4_model.cif
OVA-C4-IPTM80-21C	3		A-B	A	354	TYR	CD2	S354Y	B	354	TYR	CE2	S354Y	2.351874351501465	experiments/e133_c4_iptm80_multiseed_batch02/af3/out_s0/ova_body_c4_01/seed-3_sample-4/ova_body_c4_01_seed-3_sample-4_model.cif
OVA-C4-IPTM80-21C	3		A-B	A	354	TYR	CE2	S354Y	B	354	TYR	CD2	S354Y	2.3265998363494873	experiments/e133_c4_iptm80_multiseed_batch02/af3/out_s0/ova_body_c4_01/seed-3_sample-4/ova_body_c4_01_seed-3_sample-4_model.cif
OVA-C4-IPTM80-21C	3		C-D	C	354	TYR	CD2	S354Y	D	354	TYR	CD2	S354Y	2.0218729972839355	experiments/e133_c4_iptm80_multiseed_batch02/af3/out_s0/ova_body_c4_01/seed-3_sample-4/ova_body_c4_01_seed-3_sample-4_model.cif
OVA-C4-IPTM80-21C	3		C-D	C	354	TYR	CD2	S354Y	D	354	TYR	CE2	S354Y	2.3669347763061523	experiments/e133_c4_iptm80_multiseed_batch02/af3/out_s0/ova_body_c4_01/seed-3_sample-4/ova_body_c4_01_seed-3_sample-4_model.cif
OVA-C4-IPTM80-21C	3		C-D	C	354	TYR	CE2	S354Y	D	354	TYR	CD2	S354Y	2.238671064376831	experiments/e133_c4_iptm80_multiseed_batch02/af3/out_s0/ova_body_c4_01/seed-3_sample-4/ova_body_c4_01_seed-3_sample-4_model.cif
OVA-C4-IPTM80-21C	4		B-D	B	191	TYR	OH	A191Y	D	336	GLU	OE2	N336E	2.3332934379577637	experiments/e133_c4_iptm80_multiseed_batch02/af3/out_s0/ova_body_c4_01/seed-4_sample-2/ova_body_c4_01_seed-4_sample-2_model.cif
OVA-C4-IPTM80-21C	4		B-D	B	336	GLU	OE2	N336E	D	191	TYR	OH	A191Y	2.3701963424682617	experiments/e133_c4_iptm80_multiseed_batch02/af3/out_s0/ova_body_c4_01/seed-4_sample-2/ova_body_c4_01_seed-4_sample-2_model.cif
OVA-C4-IPTM80-21C	4		A-C	A	336	GLU	OE1	N336E	C	191	TYR	OH	A191Y	2.3856844902038574	experiments/e133_c4_iptm80_multiseed_batch02/af3/out_s0/ova_body_c4_01/seed-4_sample-4/ova_body_c4_01_seed-4_sample-4_model.cif
OVA-C4-IPTM80-21C	4		A-D	A	350	ILE	O	V350I	D	354	TYR	OH	S354Y	2.3481051921844482	experiments/e133_c4_iptm80_multiseed_batch02/af3/out_s0/ova_body_c4_01/seed-4_sample-4/ova_body_c4_01_seed-4_sample-4_model.cif
OVA-C4-IPTM80-21C	4		A-D	A	354	TYR	OH	S354Y	D	350	ILE	O	V350I	2.327601909637451	experiments/e133_c4_iptm80_multiseed_batch02/af3/out_s0/ova_body_c4_01/seed-4_sample-4/ova_body_c4_01_seed-4_sample-4_model.cif
OVA-C4-IPTM80-21C	4		B-C	B	350	ILE	O	V350I	C	354	TYR	OH	S354Y	2.2742247581481934	experiments/e133_c4_iptm80_multiseed_batch02/af3/out_s0/ova_body_c4_01/seed-4_sample-4/ova_body_c4_01_seed-4_sample-4_model.cif
OVA-C4-IPTM80-21C	4		B-C	B	354	TYR	OH	S354Y	C	350	ILE	O	V350I	2.1939961910247803	experiments/e133_c4_iptm80_multiseed_batch02/af3/out_s0/ova_body_c4_01/seed-4_sample-4/ova_body_c4_01_seed-4_sample-4_model.cif
OVA-C4-IPTM80-21C	5		A-C	A	96	ASP	OD2		C	345	HIS	O	S345H	2.3254876136779785	experiments/e133_c4_iptm80_multiseed_batch02/af3/out_s0/ova_body_c4_01/seed-5_sample-1/ova_body_c4_01_seed-5_sample-1_model.cif
OVA-C4-IPTM80-21C	5		A-C	A	345	HIS	O	S345H	C	96	ASP	OD2		2.2615485191345215	experiments/e133_c4_iptm80_multiseed_batch02/af3/out_s0/ova_body_c4_01/seed-5_sample-1/ova_body_c4_01_seed-5_sample-1_model.cif
OVA-C4-IPTM80-21C	5		B-D	B	96	ASP	OD2		D	345	HIS	O	S345H	2.3340935707092285	experiments/e133_c4_iptm80_multiseed_batch02/af3/out_s0/ova_body_c4_01/seed-5_sample-1/ova_body_c4_01_seed-5_sample-1_model.cif
OVA-C4-IPTM80-21C	5		B-D	B	345	HIS	O	S345H	D	96	ASP	OD2		2.3239333629608154	experiments/e133_c4_iptm80_multiseed_batch02/af3/out_s0/ova_body_c4_01/seed-5_sample-1/ova_body_c4_01_seed-5_sample-1_model.cif
OVA-C4-IPTM80-21C	5		A-B	A	217	LEU	CD1		B	345	HIS	O	S345H	2.3599843978881836	experiments/e133_c4_iptm80_multiseed_batch02/af3/out_s0/ova_body_c4_01/seed-5_sample-3/ova_body_c4_01_seed-5_sample-3_model.cif
OVA-C4-IPTM80-21C	5		A-B	A	345	HIS	O	S345H	B	217	LEU	CD1		2.396907091140747	experiments/e133_c4_iptm80_multiseed_batch02/af3/out_s0/ova_body_c4_01/seed-5_sample-3/ova_body_c4_01_seed-5_sample-3_model.cif
OVA-C4-IPTM80-21C	5		A-C	A	345	HIS	O	S345H	C	96	ASP	OD2		2.3579089641571045	experiments/e133_c4_iptm80_multiseed_batch02/af3/out_s0/ova_body_c4_01/seed-5_sample-4/ova_body_c4_01_seed-5_sample-4_model.cif
OVA-C4-IPTM80-20D	1		A-C	A	95	ASN	CA		C	348	GLU	OE1	A348E	2.195810317993164	experiments/e126_c4_iptm80_continue_af3_seed1/out_s1/ova_body_c4_02/seed-1_sample-0/ova_body_c4_02_seed-1_sample-0_model.cif
OVA-C4-IPTM80-20D	1		A-C	A	348	GLU	OE1	A348E	C	95	ASN	CA		2.1348378658294678	experiments/e126_c4_iptm80_continue_af3_seed1/out_s1/ova_body_c4_02/seed-1_sample-0/ova_body_c4_02_seed-1_sample-0_model.cif
OVA-C4-IPTM80-20D	1		B-D	B	95	ASN	CA		D	348	GLU	OE1	A348E	2.2133312225341797	experiments/e126_c4_iptm80_continue_af3_seed1/out_s1/ova_body_c4_02/seed-1_sample-0/ova_body_c4_02_seed-1_sample-0_model.cif
OVA-C4-IPTM80-20D	1		B-D	B	348	GLU	OE1	A348E	D	95	ASN	CA		2.1427204608917236	experiments/e126_c4_iptm80_continue_af3_seed1/out_s1/ova_body_c4_02/seed-1_sample-0/ova_body_c4_02_seed-1_sample-0_model.cif
OVA-C4-IPTM80-20D	1		A-D	A	351	ASP	CB		D	354	TYR	OH	S354Y	2.3728950023651123	experiments/e126_c4_iptm80_continue_af3_seed1/out_s1/ova_body_c4_02/seed-1_sample-1/ova_body_c4_02_seed-1_sample-1_model.cif
OVA-C4-IPTM80-20D	1		A-D	A	354	TYR	OH	S354Y	D	351	ASP	CB		2.3786191940307617	experiments/e126_c4_iptm80_continue_af3_seed1/out_s1/ova_body_c4_02/seed-1_sample-1/ova_body_c4_02_seed-1_sample-1_model.cif
OVA-C4-IPTM80-20D	1		B-C	B	351	ASP	CB		C	354	TYR	OH	S354Y	2.3485629558563232	experiments/e126_c4_iptm80_continue_af3_seed1/out_s1/ova_body_c4_02/seed-1_sample-1/ova_body_c4_02_seed-1_sample-1_model.cif
OVA-C4-IPTM80-20D	1		B-C	B	354	TYR	OH	S354Y	C	351	ASP	CB		2.3157665729522705	experiments/e126_c4_iptm80_continue_af3_seed1/out_s1/ova_body_c4_02/seed-1_sample-1/ova_body_c4_02_seed-1_sample-1_model.cif
OVA-C4-IPTM80-20D	1		B-C	B	354	TYR	OH	S354Y	C	351	ASP	CB		2.3542981147766113	experiments/e126_c4_iptm80_continue_af3_seed1/out_s1/ova_body_c4_02/seed-1_sample-2/ova_body_c4_02_seed-1_sample-2_model.cif
OVA-C4-IPTM80-20D	1		A-D	A	349	ALA	O	G349A	D	354	TYR	OH	S354Y	2.1978919506073	experiments/e126_c4_iptm80_continue_af3_seed1/out_s1/ova_body_c4_02/seed-1_sample-4/ova_body_c4_02_seed-1_sample-4_model.cif
OVA-C4-IPTM80-20D	1		A-D	A	354	TYR	OH	S354Y	D	349	ALA	O	G349A	2.1624081134796143	experiments/e126_c4_iptm80_continue_af3_seed1/out_s1/ova_body_c4_02/seed-1_sample-4/ova_body_c4_02_seed-1_sample-4_model.cif
OVA-C4-IPTM80-20D	1		B-C	B	349	ALA	O	G349A	C	354	TYR	OH	S354Y	2.181908130645752	experiments/e126_c4_iptm80_continue_af3_seed1/out_s1/ova_body_c4_02/seed-1_sample-4/ova_body_c4_02_seed-1_sample-4_model.cif
OVA-C4-IPTM80-20D	1		B-C	B	354	TYR	OH	S354Y	C	349	ALA	O	G349A	2.1383912563323975	experiments/e126_c4_iptm80_continue_af3_seed1/out_s1/ova_body_c4_02/seed-1_sample-4/ova_body_c4_02_seed-1_sample-4_model.cif
OVA-C4-IPTM80-20D	2		A-D	A	350	ILE	O	V350I	D	354	TYR	OH	S354Y	2.350093126296997	experiments/e132_c4_iptm80_multiseed_batch01/af3/out_s5/ova_body_c4_06/seed-2_sample-1/ova_body_c4_06_seed-2_sample-1_model.cif
OVA-C4-IPTM80-20D	2		A-D	A	354	TYR	OH	S354Y	D	350	ILE	C	V350I	2.3989734649658203	experiments/e132_c4_iptm80_multiseed_batch01/af3/out_s5/ova_body_c4_06/seed-2_sample-1/ova_body_c4_06_seed-2_sample-1_model.cif
OVA-C4-IPTM80-20D	2		A-D	A	354	TYR	OH	S354Y	D	350	ILE	O	V350I	2.0793514251708984	experiments/e132_c4_iptm80_multiseed_batch01/af3/out_s5/ova_body_c4_06/seed-2_sample-1/ova_body_c4_06_seed-2_sample-1_model.cif
OVA-C4-IPTM80-20D	2		B-C	B	350	ILE	C	V350I	C	354	TYR	OH	S354Y	2.03080677986145	experiments/e132_c4_iptm80_multiseed_batch01/af3/out_s5/ova_body_c4_06/seed-2_sample-1/ova_body_c4_06_seed-2_sample-1_model.cif
OVA-C4-IPTM80-20D	2		B-C	B	350	ILE	O	V350I	C	354	TYR	OH	S354Y	1.774308443069458	experiments/e132_c4_iptm80_multiseed_batch01/af3/out_s5/ova_body_c4_06/seed-2_sample-1/ova_body_c4_06_seed-2_sample-1_model.cif
OVA-C4-IPTM80-20D	2		B-C	B	350	ILE	CG2	V350I	C	354	TYR	OH	S354Y	2.3201661109924316	experiments/e132_c4_iptm80_multiseed_batch01/af3/out_s5/ova_body_c4_06/seed-2_sample-1/ova_body_c4_06_seed-2_sample-1_model.cif
OVA-C4-IPTM80-20D	2		B-C	B	354	TYR	OH	S354Y	C	350	ILE	O	V350I	2.193359375	experiments/e132_c4_iptm80_multiseed_batch01/af3/out_s5/ova_body_c4_06/seed-2_sample-1/ova_body_c4_06_seed-2_sample-1_model.cif
OVA-C4-IPTM80-20D	2		A-B	A	346	PHE	O	A346F	B	96	ASP	OD2		2.355858087539673	experiments/e132_c4_iptm80_multiseed_batch01/af3/out_s5/ova_body_c4_06/seed-2_sample-3/ova_body_c4_06_seed-2_sample-3_model.cif
OVA-C4-IPTM80-20D	2		C-D	C	96	ASP	OD2		D	346	PHE	O	A346F	2.343876838684082	experiments/e132_c4_iptm80_multiseed_batch01/af3/out_s5/ova_body_c4_06/seed-2_sample-3/ova_body_c4_06_seed-2_sample-3_model.cif
OVA-C4-IPTM80-20D	2		C-D	C	346	PHE	O	A346F	D	96	ASP	OD2		2.3177883625030518	experiments/e132_c4_iptm80_multiseed_batch01/af3/out_s5/ova_body_c4_06/seed-2_sample-3/ova_body_c4_06_seed-2_sample-3_model.cif
OVA-C4-IPTM80-20D	3		A-B	A	354	TYR	CA	S354Y	B	354	TYR	OH	S354Y	2.394956350326538	experiments/e132_c4_iptm80_multiseed_batch01/af3/out_s5/ova_body_c4_06/seed-3_sample-1/ova_body_c4_06_seed-3_sample-1_model.cif
OVA-C4-IPTM80-20D	3		A-B	A	354	TYR	CB	S354Y	B	354	TYR	CZ	S354Y	2.36083722114563	experiments/e132_c4_iptm80_multiseed_batch01/af3/out_s5/ova_body_c4_06/seed-3_sample-1/ova_body_c4_06_seed-3_sample-1_model.cif
OVA-C4-IPTM80-20D	3		A-B	A	354	TYR	CG	S354Y	B	354	TYR	CD2	S354Y	2.3078129291534424	experiments/e132_c4_iptm80_multiseed_batch01/af3/out_s5/ova_body_c4_06/seed-3_sample-1/ova_body_c4_06_seed-3_sample-1_model.cif
OVA-C4-IPTM80-20D	3		A-B	A	354	TYR	CG	S354Y	B	354	TYR	CE1	S354Y	1.6895807981491089	experiments/e132_c4_iptm80_multiseed_batch01/af3/out_s5/ova_body_c4_06/seed-3_sample-1/ova_body_c4_06_seed-3_sample-1_model.cif
OVA-C4-IPTM80-20D	3		A-B	A	354	TYR	CG	S354Y	B	354	TYR	CE2	S354Y	1.4888160228729248	experiments/e132_c4_iptm80_multiseed_batch01/af3/out_s5/ova_body_c4_06/seed-3_sample-1/ova_body_c4_06_seed-3_sample-1_model.cif
OVA-C4-IPTM80-20D	3		A-B	A	354	TYR	CG	S354Y	B	354	TYR	CZ	S354Y	1.0092110633850098	experiments/e132_c4_iptm80_multiseed_batch01/af3/out_s5/ova_body_c4_06/seed-3_sample-1/ova_body_c4_06_seed-3_sample-1_model.cif
OVA-C4-IPTM80-20D	3		A-B	A	354	TYR	CG	S354Y	B	354	TYR	OH	S354Y	1.958462119102478	experiments/e132_c4_iptm80_multiseed_batch01/af3/out_s5/ova_body_c4_06/seed-3_sample-1/ova_body_c4_06_seed-3_sample-1_model.cif
OVA-C4-IPTM80-20D	3		A-B	A	354	TYR	CD1	S354Y	B	354	TYR	CD2	S354Y	1.7272100448608398	experiments/e132_c4_iptm80_multiseed_batch01/af3/out_s5/ova_body_c4_06/seed-3_sample-1/ova_body_c4_06_seed-3_sample-1_model.cif
OVA-C4-IPTM80-20D	3		A-B	A	354	TYR	CD1	S354Y	B	354	TYR	CE2	S354Y	0.3356080949306488	experiments/e132_c4_iptm80_multiseed_batch01/af3/out_s5/ova_body_c4_06/seed-3_sample-1/ova_body_c4_06_seed-3_sample-1_model.cif
OVA-C4-IPTM80-20D	3		A-B	A	354	TYR	CD1	S354Y	B	354	TYR	CZ	S354Y	1.2303926944732666	experiments/e132_c4_iptm80_multiseed_batch01/af3/out_s5/ova_body_c4_06/seed-3_sample-1/ova_body_c4_06_seed-3_sample-1_model.cif
OVA-C4-IPTM80-20D	3		A-B	A	354	TYR	CD1	S354Y	B	354	TYR	OH	S354Y	2.074017286300659	experiments/e132_c4_iptm80_multiseed_batch01/af3/out_s5/ova_body_c4_06/seed-3_sample-1/ova_body_c4_06_seed-3_sample-1_model.cif
OVA-C4-IPTM80-20D	3		A-B	A	354	TYR	CD2	S354Y	B	354	TYR	CD1	S354Y	1.503575086593628	experiments/e132_c4_iptm80_multiseed_batch01/af3/out_s5/ova_body_c4_06/seed-3_sample-1/ova_body_c4_06_seed-3_sample-1_model.cif
OVA-C4-IPTM80-20D	3		A-B	A	354	TYR	CD2	S354Y	B	354	TYR	CE1	S354Y	0.5534636378288269	experiments/e132_c4_iptm80_multiseed_batch01/af3/out_s5/ova_body_c4_06/seed-3_sample-1/ova_body_c4_06_seed-3_sample-1_model.cif
OVA-C4-IPTM80-20D	3		A-B	A	354	TYR	CD2	S354Y	B	354	TYR	CZ	S354Y	1.4706951379776	experiments/e132_c4_iptm80_multiseed_batch01/af3/out_s5/ova_body_c4_06/seed-3_sample-1/ova_body_c4_06_seed-3_sample-1_model.cif
OVA-C4-IPTM80-20D	3		A-B	A	354	TYR	CE1	S354Y	B	354	TYR	CD2	S354Y	1.8017634153366089	experiments/e132_c4_iptm80_multiseed_batch01/af3/out_s5/ova_body_c4_06/seed-3_sample-1/ova_body_c4_06_seed-3_sample-1_model.cif
OVA-C4-IPTM80-20D	3		A-B	A	354	TYR	CE1	S354Y	B	354	TYR	CE2	S354Y	1.3546762466430664	experiments/e132_c4_iptm80_multiseed_batch01/af3/out_s5/ova_body_c4_06/seed-3_sample-1/ova_body_c4_06_seed-3_sample-1_model.cif
OVA-C4-IPTM80-20D	3		A-B	A	354	TYR	CE1	S354Y	B	354	TYR	CZ	S354Y	1.808394432067871	experiments/e132_c4_iptm80_multiseed_batch01/af3/out_s5/ova_body_c4_06/seed-3_sample-1/ova_body_c4_06_seed-3_sample-1_model.cif
OVA-C4-IPTM80-20D	3		A-B	A	354	TYR	CE2	S354Y	B	354	TYR	CG	S354Y	2.2192747592926025	experiments/e132_c4_iptm80_multiseed_batch01/af3/out_s5/ova_body_c4_06/seed-3_sample-1/ova_body_c4_06_seed-3_sample-1_model.cif
OVA-C4-IPTM80-20D	3		A-B	A	354	TYR	CE2	S354Y	B	354	TYR	CD1	S354Y	1.1607118844985962	experiments/e132_c4_iptm80_multiseed_batch01/af3/out_s5/ova_body_c4_06/seed-3_sample-1/ova_body_c4_06_seed-3_sample-1_model.cif
OVA-C4-IPTM80-20D	3		A-B	A	354	TYR	CE2	S354Y	B	354	TYR	CE1	S354Y	0.9246694445610046	experiments/e132_c4_iptm80_multiseed_batch01/af3/out_s5/ova_body_c4_06/seed-3_sample-1/ova_body_c4_06_seed-3_sample-1_model.cif
OVA-C4-IPTM80-20D	3		A-B	A	354	TYR	CE2	S354Y	B	354	TYR	CZ	S354Y	1.9796699285507202	experiments/e132_c4_iptm80_multiseed_batch01/af3/out_s5/ova_body_c4_06/seed-3_sample-1/ova_body_c4_06_seed-3_sample-1_model.cif
OVA-C4-IPTM80-20D	3		A-B	A	354	TYR	CZ	S354Y	B	354	TYR	CG	S354Y	2.2178971767425537	experiments/e132_c4_iptm80_multiseed_batch01/af3/out_s5/ova_body_c4_06/seed-3_sample-1/ova_body_c4_06_seed-3_sample-1_model.cif
OVA-C4-IPTM80-20D	3		A-B	A	354	TYR	CZ	S354Y	B	354	TYR	CD1	S354Y	2.0305564403533936	experiments/e132_c4_iptm80_multiseed_batch01/af3/out_s5/ova_body_c4_06/seed-3_sample-1/ova_body_c4_06_seed-3_sample-1_model.cif
OVA-C4-IPTM80-20D	3		A-B	A	354	TYR	CZ	S354Y	B	354	TYR	CE1	S354Y	1.9815517663955688	experiments/e132_c4_iptm80_multiseed_batch01/af3/out_s5/ova_body_c4_06/seed-3_sample-1/ova_body_c4_06_seed-3_sample-1_model.cif
OVA-C4-IPTM80-20D	3		A-B	A	354	TYR	CZ	S354Y	B	354	TYR	CE2	S354Y	2.3771097660064697	experiments/e132_c4_iptm80_multiseed_batch01/af3/out_s5/ova_body_c4_06/seed-3_sample-1/ova_body_c4_06_seed-3_sample-1_model.cif
OVA-C4-IPTM80-20D	3		A-B	A	354	TYR	CZ	S354Y	B	354	TYR	CZ	S354Y	2.1164064407348633	experiments/e132_c4_iptm80_multiseed_batch01/af3/out_s5/ova_body_c4_06/seed-3_sample-1/ova_body_c4_06_seed-3_sample-1_model.cif
OVA-C4-IPTM80-20D	3		C-D	C	354	TYR	CA	S354Y	D	354	TYR	OH	S354Y	2.38482403755188	experiments/e132_c4_iptm80_multiseed_batch01/af3/out_s5/ova_body_c4_06/seed-3_sample-1/ova_body_c4_06_seed-3_sample-1_model.cif
OVA-C4-IPTM80-20D	3		C-D	C	354	TYR	CG	S354Y	D	354	TYR	CD1	S354Y	2.165667772293091	experiments/e132_c4_iptm80_multiseed_batch01/af3/out_s5/ova_body_c4_06/seed-3_sample-1/ova_body_c4_06_seed-3_sample-1_model.cif
OVA-C4-IPTM80-20D	3		C-D	C	354	TYR	CG	S354Y	D	354	TYR	CE1	S354Y	1.4541220664978027	experiments/e132_c4_iptm80_multiseed_batch01/af3/out_s5/ova_body_c4_06/seed-3_sample-1/ova_body_c4_06_seed-3_sample-1_model.cif
OVA-C4-IPTM80-20D	3		C-D	C	354	TYR	CG	S354Y	D	354	TYR	CE2	S354Y	1.8261160850524902	experiments/e132_c4_iptm80_multiseed_batch01/af3/out_s5/ova_body_c4_06/seed-3_sample-1/ova_body_c4_06_seed-3_sample-1_model.cif
OVA-C4-IPTM80-20D	3		C-D	C	354	TYR	CG	S354Y	D	354	TYR	CZ	S354Y	1.2223116159439087	experiments/e132_c4_iptm80_multiseed_batch01/af3/out_s5/ova_body_c4_06/seed-3_sample-1/ova_body_c4_06_seed-3_sample-1_model.cif
OVA-C4-IPTM80-20D	3		C-D	C	354	TYR	CG	S354Y	D	354	TYR	OH	S354Y	2.2129921913146973	experiments/e132_c4_iptm80_multiseed_batch01/af3/out_s5/ova_body_c4_06/seed-3_sample-1/ova_body_c4_06_seed-3_sample-1_model.cif
OVA-C4-IPTM80-20D	3		C-D	C	354	TYR	CD1	S354Y	D	354	TYR	CG	S354Y	2.3598062992095947	experiments/e132_c4_iptm80_multiseed_batch01/af3/out_s5/ova_body_c4_06/seed-3_sample-1/ova_body_c4_06_seed-3_sample-1_model.cif
OVA-C4-IPTM80-20D	3		C-D	C	354	TYR	CD1	S354Y	D	354	TYR	CD2	S354Y	1.544500708580017	experiments/e132_c4_iptm80_multiseed_batch01/af3/out_s5/ova_body_c4_06/seed-3_sample-1/ova_body_c4_06_seed-3_sample-1_model.cif
OVA-C4-IPTM80-20D	3		C-D	C	354	TYR	CD1	S354Y	D	354	TYR	CE1	S354Y	2.091481924057007	experiments/e132_c4_iptm80_multiseed_batch01/af3/out_s5/ova_body_c4_06/seed-3_sample-1/ova_body_c4_06_seed-3_sample-1_model.cif
OVA-C4-IPTM80-20D	3		C-D	C	354	TYR	CD1	S354Y	D	354	TYR	CE2	S354Y	0.4285297691822052	experiments/e132_c4_iptm80_multiseed_batch01/af3/out_s5/ova_body_c4_06/seed-3_sample-1/ova_body_c4_06_seed-3_sample-1_model.cif
OVA-C4-IPTM80-20D	3		C-D	C	354	TYR	CD1	S354Y	D	354	TYR	CZ	S354Y	1.0913413763046265	experiments/e132_c4_iptm80_multiseed_batch01/af3/out_s5/ova_body_c4_06/seed-3_sample-1/ova_body_c4_06_seed-3_sample-1_model.cif
OVA-C4-IPTM80-20D	3		C-D	C	354	TYR	CD1	S354Y	D	354	TYR	OH	S354Y	2.17486310005188	experiments/e132_c4_iptm80_multiseed_batch01/af3/out_s5/ova_body_c4_06/seed-3_sample-1/ova_body_c4_06_seed-3_sample-1_model.cif
OVA-C4-IPTM80-20D	3		C-D	C	354	TYR	CD2	S354Y	D	354	TYR	CD1	S354Y	1.3854008913040161	experiments/e132_c4_iptm80_multiseed_batch01/af3/out_s5/ova_body_c4_06/seed-3_sample-1/ova_body_c4_06_seed-3_sample-1_model.cif
OVA-C4-IPTM80-20D	3		C-D	C	354	TYR	CD2	S354Y	D	354	TYR	CE1	S354Y	0.7176796197891235	experiments/e132_c4_iptm80_multiseed_batch01/af3/out_s5/ova_body_c4_06/seed-3_sample-1/ova_body_c4_06_seed-3_sample-1_model.cif
OVA-C4-IPTM80-20D	3		C-D	C	354	TYR	CD2	S354Y	D	354	TYR	CZ	S354Y	1.8744680881500244	experiments/e132_c4_iptm80_multiseed_batch01/af3/out_s5/ova_body_c4_06/seed-3_sample-1/ova_body_c4_06_seed-3_sample-1_model.cif
OVA-C4-IPTM80-20D	3		C-D	C	354	TYR	CE1	S354Y	D	354	TYR	CG	S354Y	2.050262451171875	experiments/e132_c4_iptm80_multiseed_batch01/af3/out_s5/ova_body_c4_06/seed-3_sample-1/ova_body_c4_06_seed-3_sample-1_model.cif
OVA-C4-IPTM80-20D	3		C-D	C	354	TYR	CE1	S354Y	D	354	TYR	CD1	S354Y	2.3837056159973145	experiments/e132_c4_iptm80_multiseed_batch01/af3/out_s5/ova_body_c4_06/seed-3_sample-1/ova_body_c4_06_seed-3_sample-1_model.cif
OVA-C4-IPTM80-20D	3		C-D	C	354	TYR	CE1	S354Y	D	354	TYR	CD2	S354Y	1.5010416507720947	experiments/e132_c4_iptm80_multiseed_batch01/af3/out_s5/ova_body_c4_06/seed-3_sample-1/ova_body_c4_06_seed-3_sample-1_model.cif
OVA-C4-IPTM80-20D	3		C-D	C	354	TYR	CE1	S354Y	D	354	TYR	CE1	S354Y	2.2602458000183105	experiments/e132_c4_iptm80_multiseed_batch01/af3/out_s5/ova_body_c4_06/seed-3_sample-1/ova_body_c4_06_seed-3_sample-1_model.cif
OVA-C4-IPTM80-20D	3		C-D	C	354	TYR	CE1	S354Y	D	354	TYR	CE2	S354Y	1.2753000259399414	experiments/e132_c4_iptm80_multiseed_batch01/af3/out_s5/ova_body_c4_06/seed-3_sample-1/ova_body_c4_06_seed-3_sample-1_model.cif
OVA-C4-IPTM80-20D	3		C-D	C	354	TYR	CE1	S354Y	D	354	TYR	CZ	S354Y	1.726460337638855	experiments/e132_c4_iptm80_multiseed_batch01/af3/out_s5/ova_body_c4_06/seed-3_sample-1/ova_body_c4_06_seed-3_sample-1_model.cif
OVA-C4-IPTM80-20D	3		C-D	C	354	TYR	CE2	S354Y	D	354	TYR	CG	S354Y	2.2275760173797607	experiments/e132_c4_iptm80_multiseed_batch01/af3/out_s5/ova_body_c4_06/seed-3_sample-1/ova_body_c4_06_seed-3_sample-1_model.cif
OVA-C4-IPTM80-20D	3		C-D	C	354	TYR	CE2	S354Y	D	354	TYR	CD1	S354Y	1.0249569416046143	experiments/e132_c4_iptm80_multiseed_batch01/af3/out_s5/ova_body_c4_06/seed-3_sample-1/ova_body_c4_06_seed-3_sample-1_model.cif
OVA-C4-IPTM80-20D	3		C-D	C	354	TYR	CE2	S354Y	D	354	TYR	CE1	S354Y	1.1106961965560913	experiments/e132_c4_iptm80_multiseed_batch01/af3/out_s5/ova_body_c4_06/seed-3_sample-1/ova_body_c4_06_seed-3_sample-1_model.cif
OVA-C4-IPTM80-20D	3		C-D	C	354	TYR	CE2	S354Y	D	354	TYR	CZ	S354Y	2.300931215286255	experiments/e132_c4_iptm80_multiseed_batch01/af3/out_s5/ova_body_c4_06/seed-3_sample-1/ova_body_c4_06_seed-3_sample-1_model.cif
OVA-C4-IPTM80-20D	3		C-D	C	354	TYR	CZ	S354Y	D	354	TYR	CG	S354Y	1.977768063545227	experiments/e132_c4_iptm80_multiseed_batch01/af3/out_s5/ova_body_c4_06/seed-3_sample-1/ova_body_c4_06_seed-3_sample-1_model.cif
OVA-C4-IPTM80-20D	3		C-D	C	354	TYR	CZ	S354Y	D	354	TYR	CD1	S354Y	1.7179654836654663	experiments/e132_c4_iptm80_multiseed_batch01/af3/out_s5/ova_body_c4_06/seed-3_sample-1/ova_body_c4_06_seed-3_sample-1_model.cif
OVA-C4-IPTM80-20D	3		C-D	C	354	TYR	CZ	S354Y	D	354	TYR	CD2	S354Y	2.372809886932373	experiments/e132_c4_iptm80_multiseed_batch01/af3/out_s5/ova_body_c4_06/seed-3_sample-1/ova_body_c4_06_seed-3_sample-1_model.cif
OVA-C4-IPTM80-20D	3		C-D	C	354	TYR	CZ	S354Y	D	354	TYR	CE1	S354Y	1.8826719522476196	experiments/e132_c4_iptm80_multiseed_batch01/af3/out_s5/ova_body_c4_06/seed-3_sample-1/ova_body_c4_06_seed-3_sample-1_model.cif
OVA-C4-IPTM80-20D	3		C-D	C	354	TYR	CZ	S354Y	D	354	TYR	CZ	S354Y	2.239870071411133	experiments/e132_c4_iptm80_multiseed_batch01/af3/out_s5/ova_body_c4_06/seed-3_sample-1/ova_body_c4_06_seed-3_sample-1_model.cif
OVA-C4-IPTM80-20D	3		A-B	A	354	TYR	CA	S354Y	B	354	TYR	OH	S354Y	2.0727834701538086	experiments/e132_c4_iptm80_multiseed_batch01/af3/out_s5/ova_body_c4_06/seed-3_sample-2/ova_body_c4_06_seed-3_sample-2_model.cif
OVA-C4-IPTM80-20D	3		A-B	A	354	TYR	CG	S354Y	B	354	TYR	CE1	S354Y	2.3677117824554443	experiments/e132_c4_iptm80_multiseed_batch01/af3/out_s5/ova_body_c4_06/seed-3_sample-2/ova_body_c4_06_seed-3_sample-2_model.cif
OVA-C4-IPTM80-20D	3		A-B	A	354	TYR	CG	S354Y	B	354	TYR	CZ	S354Y	2.2887704372406006	experiments/e132_c4_iptm80_multiseed_batch01/af3/out_s5/ova_body_c4_06/seed-3_sample-2/ova_body_c4_06_seed-3_sample-2_model.cif
OVA-C4-IPTM80-20D	3		A-B	A	354	TYR	CD1	S354Y	B	354	TYR	CD2	S354Y	2.3797950744628906	experiments/e132_c4_iptm80_multiseed_batch01/af3/out_s5/ova_body_c4_06/seed-3_sample-2/ova_body_c4_06_seed-3_sample-2_model.cif
OVA-C4-IPTM80-20D	3		A-B	A	354	TYR	CD1	S354Y	B	354	TYR	CE2	S354Y	2.2754971981048584	experiments/e132_c4_iptm80_multiseed_batch01/af3/out_s5/ova_body_c4_06/seed-3_sample-2/ova_body_c4_06_seed-3_sample-2_model.cif
OVA-C4-IPTM80-20D	3		A-B	A	354	TYR	CD2	S354Y	B	354	TYR	CD1	S354Y	2.2554636001586914	experiments/e132_c4_iptm80_multiseed_batch01/af3/out_s5/ova_body_c4_06/seed-3_sample-2/ova_body_c4_06_seed-3_sample-2_model.cif
OVA-C4-IPTM80-20D	3		A-B	A	354	TYR	CD2	S354Y	B	354	TYR	CE1	S354Y	1.845368504524231	experiments/e132_c4_iptm80_multiseed_batch01/af3/out_s5/ova_body_c4_06/seed-3_sample-2/ova_body_c4_06_seed-3_sample-2_model.cif
OVA-C4-IPTM80-20D	3		A-B	A	354	TYR	CE1	S354Y	B	354	TYR	CB	S354Y	2.391679286956787	experiments/e132_c4_iptm80_multiseed_batch01/af3/out_s5/ova_body_c4_06/seed-3_sample-2/ova_body_c4_06_seed-3_sample-2_model.cif
OVA-C4-IPTM80-20D	3		A-B	A	354	TYR	CE1	S354Y	B	354	TYR	CG	S354Y	1.6348315477371216	experiments/e132_c4_iptm80_multiseed_batch01/af3/out_s5/ova_body_c4_06/seed-3_sample-2/ova_body_c4_06_seed-3_sample-2_model.cif
OVA-C4-IPTM80-20D	3		A-B	A	354	TYR	CE1	S354Y	B	354	TYR	CD1	S354Y	2.3329672813415527	experiments/e132_c4_iptm80_multiseed_batch01/af3/out_s5/ova_body_c4_06/seed-3_sample-2/ova_body_c4_06_seed-3_sample-2_model.cif
OVA-C4-IPTM80-20D	3		A-B	A	354	TYR	CE1	S354Y	B	354	TYR	CD2	S354Y	1.7716256380081177	experiments/e132_c4_iptm80_multiseed_batch01/af3/out_s5/ova_body_c4_06/seed-3_sample-2/ova_body_c4_06_seed-3_sample-2_model.cif
OVA-C4-IPTM80-20D	3		A-B	A	354	TYR	CE2	S354Y	B	354	TYR	CG	S354Y	2.3259189128875732	experiments/e132_c4_iptm80_multiseed_batch01/af3/out_s5/ova_body_c4_06/seed-3_sample-2/ova_body_c4_06_seed-3_sample-2_model.cif
OVA-C4-IPTM80-20D	3		A-B	A	354	TYR	CE2	S354Y	B	354	TYR	CD1	S354Y	1.3631067276000977	experiments/e132_c4_iptm80_multiseed_batch01/af3/out_s5/ova_body_c4_06/seed-3_sample-2/ova_body_c4_06_seed-3_sample-2_model.cif
OVA-C4-IPTM80-20D	3		A-B	A	354	TYR	CE2	S354Y	B	354	TYR	CE1	S354Y	1.9218159914016724	experiments/e132_c4_iptm80_multiseed_batch01/af3/out_s5/ova_body_c4_06/seed-3_sample-2/ova_body_c4_06_seed-3_sample-2_model.cif
OVA-C4-IPTM80-20D	3		A-B	A	354	TYR	CZ	S354Y	B	354	TYR	CB	S354Y	1.887630820274353	experiments/e132_c4_iptm80_multiseed_batch01/af3/out_s5/ova_body_c4_06/seed-3_sample-2/ova_body_c4_06_seed-3_sample-2_model.cif
OVA-C4-IPTM80-20D	3		A-B	A	354	TYR	CZ	S354Y	B	354	TYR	CG	S354Y	1.3020268678665161	experiments/e132_c4_iptm80_multiseed_batch01/af3/out_s5/ova_body_c4_06/seed-3_sample-2/ova_body_c4_06_seed-3_sample-2_model.cif
OVA-C4-IPTM80-20D	3		A-B	A	354	TYR	CZ	S354Y	B	354	TYR	CD1	S354Y	1.4076852798461914	experiments/e132_c4_iptm80_multiseed_batch01/af3/out_s5/ova_body_c4_06/seed-3_sample-2/ova_body_c4_06_seed-3_sample-2_model.cif
OVA-C4-IPTM80-20D	3		A-B	A	354	TYR	OH	S354Y	B	354	TYR	CA	S354Y	2.2245616912841797	experiments/e132_c4_iptm80_multiseed_batch01/af3/out_s5/ova_body_c4_06/seed-3_sample-2/ova_body_c4_06_seed-3_sample-2_model.cif
OVA-C4-IPTM80-20D	3		A-B	A	354	TYR	OH	S354Y	B	354	TYR	CB	S354Y	1.0514053106307983	experiments/e132_c4_iptm80_multiseed_batch01/af3/out_s5/ova_body_c4_06/seed-3_sample-2/ova_body_c4_06_seed-3_sample-2_model.cif
OVA-C4-IPTM80-20D	3		A-B	A	354	TYR	OH	S354Y	B	354	TYR	CG	S354Y	1.6589869260787964	experiments/e132_c4_iptm80_multiseed_batch01/af3/out_s5/ova_body_c4_06/seed-3_sample-2/ova_body_c4_06_seed-3_sample-2_model.cif
OVA-C4-IPTM80-20D	3		A-B	A	354	TYR	OH	S354Y	B	354	TYR	CD1	S354Y	2.054957866668701	experiments/e132_c4_iptm80_multiseed_batch01/af3/out_s5/ova_body_c4_06/seed-3_sample-2/ova_body_c4_06_seed-3_sample-2_model.cif
OVA-C4-IPTM80-20D	3		C-D	C	353	ALA	C		D	354	TYR	OH	S354Y	2.308537483215332	experiments/e132_c4_iptm80_multiseed_batch01/af3/out_s5/ova_body_c4_06/seed-3_sample-2/ova_body_c4_06_seed-3_sample-2_model.cif
OVA-C4-IPTM80-20D	3		C-D	C	354	TYR	N	S354Y	D	354	TYR	OH	S354Y	1.8984049558639526	experiments/e132_c4_iptm80_multiseed_batch01/af3/out_s5/ova_body_c4_06/seed-3_sample-2/ova_body_c4_06_seed-3_sample-2_model.cif
OVA-C4-IPTM80-20D	3		C-D	C	354	TYR	CA	S354Y	D	354	TYR	OH	S354Y	1.9821221828460693	experiments/e132_c4_iptm80_multiseed_batch01/af3/out_s5/ova_body_c4_06/seed-3_sample-2/ova_body_c4_06_seed-3_sample-2_model.cif
OVA-C4-IPTM80-20D	3		C-D	C	354	TYR	CB	S354Y	D	354	TYR	OH	S354Y	2.359198570251465	experiments/e132_c4_iptm80_multiseed_batch01/af3/out_s5/ova_body_c4_06/seed-3_sample-2/ova_body_c4_06_seed-3_sample-2_model.cif
OVA-C4-IPTM80-20D	3		C-D	C	354	TYR	CG	S354Y	D	354	TYR	CE2	S354Y	2.0136046409606934	experiments/e132_c4_iptm80_multiseed_batch01/af3/out_s5/ova_body_c4_06/seed-3_sample-2/ova_body_c4_06_seed-3_sample-2_model.cif
OVA-C4-IPTM80-20D	3		C-D	C	354	TYR	CG	S354Y	D	354	TYR	CZ	S354Y	1.763851523399353	experiments/e132_c4_iptm80_multiseed_batch01/af3/out_s5/ova_body_c4_06/seed-3_sample-2/ova_body_c4_06_seed-3_sample-2_model.cif
OVA-C4-IPTM80-20D	3		C-D	C	354	TYR	CG	S354Y	D	354	TYR	OH	S354Y	2.009230852127075	experiments/e132_c4_iptm80_multiseed_batch01/af3/out_s5/ova_body_c4_06/seed-3_sample-2/ova_body_c4_06_seed-3_sample-2_model.cif
OVA-C4-IPTM80-20D	3		C-D	C	354	TYR	CD1	S354Y	D	354	TYR	CD2	S354Y	2.1710336208343506	experiments/e132_c4_iptm80_multiseed_batch01/af3/out_s5/ova_body_c4_06/seed-3_sample-2/ova_body_c4_06_seed-3_sample-2_model.cif
OVA-C4-IPTM80-20D	3		C-D	C	354	TYR	CD1	S354Y	D	354	TYR	CE2	S354Y	1.6256358623504639	experiments/e132_c4_iptm80_multiseed_batch01/af3/out_s5/ova_body_c4_06/seed-3_sample-2/ova_body_c4_06_seed-3_sample-2_model.cif
OVA-C4-IPTM80-20D	3		C-D	C	354	TYR	CD1	S354Y	D	354	TYR	CZ	S354Y	2.352811336517334	experiments/e132_c4_iptm80_multiseed_batch01/af3/out_s5/ova_body_c4_06/seed-3_sample-2/ova_body_c4_06_seed-3_sample-2_model.cif
OVA-C4-IPTM80-20D	3		C-D	C	354	TYR	CD2	S354Y	D	354	TYR	CE1	S354Y	1.4294095039367676	experiments/e132_c4_iptm80_multiseed_batch01/af3/out_s5/ova_body_c4_06/seed-3_sample-2/ova_body_c4_06_seed-3_sample-2_model.cif
OVA-C4-IPTM80-20D	3		C-D	C	354	TYR	CD2	S354Y	D	354	TYR	CE2	S354Y	2.3174655437469482	experiments/e132_c4_iptm80_multiseed_batch01/af3/out_s5/ova_body_c4_06/seed-3_sample-2/ova_body_c4_06_seed-3_sample-2_model.cif
OVA-C4-IPTM80-20D	3		C-D	C	354	TYR	CD2	S354Y	D	354	TYR	CZ	S354Y	1.2927663326263428	experiments/e132_c4_iptm80_multiseed_batch01/af3/out_s5/ova_body_c4_06/seed-3_sample-2/ova_body_c4_06_seed-3_sample-2_model.cif
OVA-C4-IPTM80-20D	3		C-D	C	354	TYR	CD2	S354Y	D	354	TYR	OH	S354Y	1.820148229598999	experiments/e132_c4_iptm80_multiseed_batch01/af3/out_s5/ova_body_c4_06/seed-3_sample-2/ova_body_c4_06_seed-3_sample-2_model.cif
OVA-C4-IPTM80-20D	3		C-D	C	354	TYR	CE1	S354Y	D	354	TYR	CG	S354Y	1.8867827653884888	experiments/e132_c4_iptm80_multiseed_batch01/af3/out_s5/ova_body_c4_06/seed-3_sample-2/ova_body_c4_06_seed-3_sample-2_model.cif
OVA-C4-IPTM80-20D	3		C-D	C	354	TYR	CE1	S354Y	D	354	TYR	CD2	S354Y	0.9723425507545471	experiments/e132_c4_iptm80_multiseed_batch01/af3/out_s5/ova_body_c4_06/seed-3_sample-2/ova_body_c4_06_seed-3_sample-2_model.cif
OVA-C4-IPTM80-20D	3		C-D	C	354	TYR	CE1	S354Y	D	354	TYR	CE2	S354Y	1.5085526704788208	experiments/e132_c4_iptm80_multiseed_batch01/af3/out_s5/ova_body_c4_06/seed-3_sample-2/ova_body_c4_06_seed-3_sample-2_model.cif
OVA-C4-IPTM80-20D	3		C-D	C	354	TYR	CE2	S354Y	D	354	TYR	CG	S354Y	1.9063786268234253	experiments/e132_c4_iptm80_multiseed_batch01/af3/out_s5/ova_body_c4_06/seed-3_sample-2/ova_body_c4_06_seed-3_sample-2_model.cif
OVA-C4-IPTM80-20D	3		C-D	C	354	TYR	CE2	S354Y	D	354	TYR	CD1	S354Y	1.0765395164489746	experiments/e132_c4_iptm80_multiseed_batch01/af3/out_s5/ova_body_c4_06/seed-3_sample-2/ova_body_c4_06_seed-3_sample-2_model.cif
OVA-C4-IPTM80-20D	3		C-D	C	354	TYR	CE2	S354Y	D	354	TYR	CD2	S354Y	2.3801252841949463	experiments/e132_c4_iptm80_multiseed_batch01/af3/out_s5/ova_body_c4_06/seed-3_sample-2/ova_body_c4_06_seed-3_sample-2_model.cif
OVA-C4-IPTM80-20D	3		C-D	C	354	TYR	CE2	S354Y	D	354	TYR	CE1	S354Y	0.7278884649276733	experiments/e132_c4_iptm80_multiseed_batch01/af3/out_s5/ova_body_c4_06/seed-3_sample-2/ova_body_c4_06_seed-3_sample-2_model.cif
OVA-C4-IPTM80-20D	3		C-D	C	354	TYR	CE2	S354Y	D	354	TYR	CE2	S354Y	2.2383062839508057	experiments/e132_c4_iptm80_multiseed_batch01/af3/out_s5/ova_body_c4_06/seed-3_sample-2/ova_body_c4_06_seed-3_sample-2_model.cif
OVA-C4-IPTM80-20D	3		C-D	C	354	TYR	CE2	S354Y	D	354	TYR	CZ	S354Y	1.5501455068588257	experiments/e132_c4_iptm80_multiseed_batch01/af3/out_s5/ova_body_c4_06/seed-3_sample-2/ova_body_c4_06_seed-3_sample-2_model.cif
OVA-C4-IPTM80-20D	3		C-D	C	354	TYR	CZ	S354Y	D	354	TYR	CB	S354Y	2.1783134937286377	experiments/e132_c4_iptm80_multiseed_batch01/af3/out_s5/ova_body_c4_06/seed-3_sample-2/ova_body_c4_06_seed-3_sample-2_model.cif
OVA-C4-IPTM80-20D	3		C-D	C	354	TYR	CZ	S354Y	D	354	TYR	CG	S354Y	0.7588154673576355	experiments/e132_c4_iptm80_multiseed_batch01/af3/out_s5/ova_body_c4_06/seed-3_sample-2/ova_body_c4_06_seed-3_sample-2_model.cif
OVA-C4-IPTM80-20D	3		C-D	C	354	TYR	CZ	S354Y	D	354	TYR	CD1	S354Y	1.391645073890686	experiments/e132_c4_iptm80_multiseed_batch01/af3/out_s5/ova_body_c4_06/seed-3_sample-2/ova_body_c4_06_seed-3_sample-2_model.cif
OVA-C4-IPTM80-20D	3		C-D	C	354	TYR	CZ	S354Y	D	354	TYR	CD2	S354Y	1.152163028717041	experiments/e132_c4_iptm80_multiseed_batch01/af3/out_s5/ova_body_c4_06/seed-3_sample-2/ova_body_c4_06_seed-3_sample-2_model.cif
OVA-C4-IPTM80-20D	3		C-D	C	354	TYR	CZ	S354Y	D	354	TYR	CE1	S354Y	1.9861654043197632	experiments/e132_c4_iptm80_multiseed_batch01/af3/out_s5/ova_body_c4_06/seed-3_sample-2/ova_body_c4_06_seed-3_sample-2_model.cif
OVA-C4-IPTM80-20D	3		C-D	C	354	TYR	CZ	S354Y	D	354	TYR	CE2	S354Y	1.8201311826705933	experiments/e132_c4_iptm80_multiseed_batch01/af3/out_s5/ova_body_c4_06/seed-3_sample-2/ova_body_c4_06_seed-3_sample-2_model.cif
OVA-C4-IPTM80-20D	3		C-D	C	354	TYR	CZ	S354Y	D	354	TYR	CZ	S354Y	2.1399261951446533	experiments/e132_c4_iptm80_multiseed_batch01/af3/out_s5/ova_body_c4_06/seed-3_sample-2/ova_body_c4_06_seed-3_sample-2_model.cif
OVA-C4-IPTM80-20D	3		C-D	C	354	TYR	OH	S354Y	D	354	TYR	CA	S354Y	1.9026700258255005	experiments/e132_c4_iptm80_multiseed_batch01/af3/out_s5/ova_body_c4_06/seed-3_sample-2/ova_body_c4_06_seed-3_sample-2_model.cif
OVA-C4-IPTM80-20D	3		C-D	C	354	TYR	OH	S354Y	D	354	TYR	CB	S354Y	1.1265226602554321	experiments/e132_c4_iptm80_multiseed_batch01/af3/out_s5/ova_body_c4_06/seed-3_sample-2/ova_body_c4_06_seed-3_sample-2_model.cif
OVA-C4-IPTM80-20D	3		C-D	C	354	TYR	OH	S354Y	D	354	TYR	CG	S354Y	0.5973888039588928	experiments/e132_c4_iptm80_multiseed_batch01/af3/out_s5/ova_body_c4_06/seed-3_sample-2/ova_body_c4_06_seed-3_sample-2_model.cif
OVA-C4-IPTM80-20D	3		C-D	C	354	TYR	OH	S354Y	D	354	TYR	CD1	S354Y	1.6115219593048096	experiments/e132_c4_iptm80_multiseed_batch01/af3/out_s5/ova_body_c4_06/seed-3_sample-2/ova_body_c4_06_seed-3_sample-2_model.cif
OVA-C4-IPTM80-20D	3		C-D	C	354	TYR	OH	S354Y	D	354	TYR	CD2	S354Y	1.7790025472640991	experiments/e132_c4_iptm80_multiseed_batch01/af3/out_s5/ova_body_c4_06/seed-3_sample-2/ova_body_c4_06_seed-3_sample-2_model.cif
OVA-C4-IPTM80-20D	3		A-C	A	96	ASP	OD2		C	345	HIS	O	S345H	2.3491621017456055	experiments/e132_c4_iptm80_multiseed_batch01/af3/out_s5/ova_body_c4_06/seed-3_sample-3/ova_body_c4_06_seed-3_sample-3_model.cif
OVA-C4-IPTM80-20D	3		A-C	A	345	HIS	O	S345H	C	96	ASP	OD2		2.3426382541656494	experiments/e132_c4_iptm80_multiseed_batch01/af3/out_s5/ova_body_c4_06/seed-3_sample-3/ova_body_c4_06_seed-3_sample-3_model.cif
OVA-C4-IPTM80-20D	3		B-D	B	96	ASP	OD2		D	345	HIS	O	S345H	2.3954691886901855	experiments/e132_c4_iptm80_multiseed_batch01/af3/out_s5/ova_body_c4_06/seed-3_sample-3/ova_body_c4_06_seed-3_sample-3_model.cif
OVA-C4-IPTM80-20D	3		B-D	B	345	HIS	O	S345H	D	96	ASP	OD2		2.339775323867798	experiments/e132_c4_iptm80_multiseed_batch01/af3/out_s5/ova_body_c4_06/seed-3_sample-3/ova_body_c4_06_seed-3_sample-3_model.cif
OVA-C4-IPTM80-20D	3		A-B	A	354	TYR	CD2	S354Y	B	354	TYR	CD2	S354Y	1.8867372274398804	experiments/e132_c4_iptm80_multiseed_batch01/af3/out_s5/ova_body_c4_06/seed-3_sample-4/ova_body_c4_06_seed-3_sample-4_model.cif
OVA-C4-IPTM80-20D	3		A-B	A	354	TYR	CD2	S354Y	B	354	TYR	CE2	S354Y	2.327073097229004	experiments/e132_c4_iptm80_multiseed_batch01/af3/out_s5/ova_body_c4_06/seed-3_sample-4/ova_body_c4_06_seed-3_sample-4_model.cif
OVA-C4-IPTM80-20D	3		A-B	A	354	TYR	CE2	S354Y	B	354	TYR	CD2	S354Y	2.3077714443206787	experiments/e132_c4_iptm80_multiseed_batch01/af3/out_s5/ova_body_c4_06/seed-3_sample-4/ova_body_c4_06_seed-3_sample-4_model.cif
OVA-C4-IPTM80-20D	3		C-D	C	354	TYR	CD2	S354Y	D	354	TYR	CD2	S354Y	1.859339714050293	experiments/e132_c4_iptm80_multiseed_batch01/af3/out_s5/ova_body_c4_06/seed-3_sample-4/ova_body_c4_06_seed-3_sample-4_model.cif
OVA-C4-IPTM80-20D	3		C-D	C	354	TYR	CD2	S354Y	D	354	TYR	CE2	S354Y	2.362373113632202	experiments/e132_c4_iptm80_multiseed_batch01/af3/out_s5/ova_body_c4_06/seed-3_sample-4/ova_body_c4_06_seed-3_sample-4_model.cif
OVA-C4-IPTM80-20D	3		C-D	C	354	TYR	CE2	S354Y	D	354	TYR	CD2	S354Y	2.2348992824554443	experiments/e132_c4_iptm80_multiseed_batch01/af3/out_s5/ova_body_c4_06/seed-3_sample-4/ova_body_c4_06_seed-3_sample-4_model.cif
OVA-C4-IPTM80-20D	4		B-C	B	354	TYR	O	S354Y	C	354	TYR	OH	S354Y	2.390214681625366	experiments/e132_c4_iptm80_multiseed_batch01/af3/out_s5/ova_body_c4_06/seed-4_sample-0/ova_body_c4_06_seed-4_sample-0_model.cif
OVA-C4-IPTM80-20D	4		A-C	A	96	ASP	OD1		C	348	GLU	CG	A348E	2.3842992782592773	experiments/e132_c4_iptm80_multiseed_batch01/af3/out_s5/ova_body_c4_06/seed-4_sample-3/ova_body_c4_06_seed-4_sample-3_model.cif
OVA-C4-IPTM80-20D	4		A-C	A	348	GLU	CG	A348E	C	96	ASP	OD1		2.3677597045898438	experiments/e132_c4_iptm80_multiseed_batch01/af3/out_s5/ova_body_c4_06/seed-4_sample-3/ova_body_c4_06_seed-4_sample-3_model.cif
OVA-C4-IPTM80-20D	4		B-D	B	96	ASP	OD1		D	348	GLU	CG	A348E	2.300487518310547	experiments/e132_c4_iptm80_multiseed_batch01/af3/out_s5/ova_body_c4_06/seed-4_sample-3/ova_body_c4_06_seed-4_sample-3_model.cif
OVA-C4-IPTM80-20D	5		A-C	A	96	ASP	OD2		C	346	PHE	O	A346F	1.8031864166259766	experiments/e132_c4_iptm80_multiseed_batch01/af3/out_s5/ova_body_c4_06/seed-5_sample-3/ova_body_c4_06_seed-5_sample-3_model.cif
OVA-C4-IPTM80-20D	5		A-C	A	346	PHE	O	A346F	C	96	ASP	OD2		1.8716169595718384	experiments/e132_c4_iptm80_multiseed_batch01/af3/out_s5/ova_body_c4_06/seed-5_sample-3/ova_body_c4_06_seed-5_sample-3_model.cif
OVA-C4-IPTM80-20D	5		B-D	B	96	ASP	OD2		D	346	PHE	O	A346F	1.8526190519332886	experiments/e132_c4_iptm80_multiseed_batch01/af3/out_s5/ova_body_c4_06/seed-5_sample-3/ova_body_c4_06_seed-5_sample-3_model.cif
OVA-C4-IPTM80-20D	5		B-D	B	346	PHE	O	A346F	D	96	ASP	OD2		1.912017822265625	experiments/e132_c4_iptm80_multiseed_batch01/af3/out_s5/ova_body_c4_06/seed-5_sample-3/ova_body_c4_06_seed-5_sample-3_model.cif
OVA-C4-IPTM80-20D	5		A-C	A	346	PHE	O	A346F	C	96	ASP	OD2		2.37253737449646	experiments/e132_c4_iptm80_multiseed_batch01/af3/out_s5/ova_body_c4_06/seed-5_sample-4/ova_body_c4_06_seed-5_sample-4_model.cif
OVA-C4-IPTM80-20D	5		B-D	B	96	ASP	OD2		D	346	PHE	O	A346F	2.3611578941345215	experiments/e132_c4_iptm80_multiseed_batch01/af3/out_s5/ova_body_c4_06/seed-5_sample-4/ova_body_c4_06_seed-5_sample-4_model.cif
OVA-C4-IPTM80-20D	5		B-D	B	346	PHE	O	A346F	D	96	ASP	OD2		2.3735475540161133	experiments/e132_c4_iptm80_multiseed_batch01/af3/out_s5/ova_body_c4_06/seed-5_sample-4/ova_body_c4_06_seed-5_sample-4_model.cif
OVA-C4-IPTM80-21E	2		A-C	A	345	HIS	O	S345H	C	96	ASP	OD2		2.3778531551361084	experiments/e135_c4_iptm80_multiseed_batch04/af3/out_s1/ova_body_c4_02/seed-2_sample-4/ova_body_c4_02_seed-2_sample-4_model.cif
OVA-C4-IPTM80-21E	2		B-D	B	96	ASP	OD2		D	345	HIS	O	S345H	2.3392491340637207	experiments/e135_c4_iptm80_multiseed_batch04/af3/out_s1/ova_body_c4_02/seed-2_sample-4/ova_body_c4_02_seed-2_sample-4_model.cif
OVA-C4-IPTM80-21E	2		B-D	B	345	HIS	O	S345H	D	96	ASP	OD2		2.3281242847442627	experiments/e135_c4_iptm80_multiseed_batch04/af3/out_s1/ova_body_c4_02/seed-2_sample-4/ova_body_c4_02_seed-2_sample-4_model.cif
OVA-C4-IPTM80-21E	3		A-C	A	346	PHE	O	A346F	C	96	ASP	OD2		2.3753511905670166	experiments/e135_c4_iptm80_multiseed_batch04/af3/out_s1/ova_body_c4_02/seed-3_sample-1/ova_body_c4_02_seed-3_sample-1_model.cif
OVA-C4-IPTM80-21E	3		B-D	B	346	PHE	O	A346F	D	96	ASP	OD2		2.3175208568573	experiments/e135_c4_iptm80_multiseed_batch04/af3/out_s1/ova_body_c4_02/seed-3_sample-1/ova_body_c4_02_seed-3_sample-1_model.cif
OVA-C4-IPTM80-21E	3		B-C	B	354	TYR	OH	S354Y	C	350	ILE	CG1	V350I	2.341437578201294	experiments/e135_c4_iptm80_multiseed_batch04/af3/out_s1/ova_body_c4_02/seed-3_sample-2/ova_body_c4_02_seed-3_sample-2_model.cif
OVA-C4-IPTM80-21E	4		A-B	A	217	LEU	CD1		B	345	HIS	O	S345H	2.3343029022216797	experiments/e135_c4_iptm80_multiseed_batch04/af3/out_s1/ova_body_c4_02/seed-4_sample-3/ova_body_c4_02_seed-4_sample-3_model.cif
OVA-C4-IPTM80-21E	4		A-B	A	345	HIS	O	S345H	B	217	LEU	CD1		2.3267297744750977	experiments/e135_c4_iptm80_multiseed_batch04/af3/out_s1/ova_body_c4_02/seed-4_sample-3/ova_body_c4_02_seed-4_sample-3_model.cif
OVA-C4-IPTM80-21E	4		C-D	C	345	HIS	O	S345H	D	217	LEU	CD1		2.365351676940918	experiments/e135_c4_iptm80_multiseed_batch04/af3/out_s1/ova_body_c4_02/seed-4_sample-3/ova_body_c4_02_seed-4_sample-3_model.cif
OVA-C4-IPTM80-21E	4		A-B	A	346	PHE	CZ	A346F	B	346	PHE	CZ	A346F	2.3314154148101807	experiments/e135_c4_iptm80_multiseed_batch04/af3/out_s1/ova_body_c4_02/seed-4_sample-4/ova_body_c4_02_seed-4_sample-4_model.cif
OVA-C4-IPTM80-21E	4		C-D	C	346	PHE	CZ	A346F	D	346	PHE	CZ	A346F	2.1799700260162354	experiments/e135_c4_iptm80_multiseed_batch04/af3/out_s1/ova_body_c4_02/seed-4_sample-4/ova_body_c4_02_seed-4_sample-4_model.cif
OVA-C4-IPTM80-21E	5		A-C	A	96	ASP	OD2		C	345	HIS	O	S345H	2.3304572105407715	experiments/e135_c4_iptm80_multiseed_batch04/af3/out_s1/ova_body_c4_02/seed-5_sample-1/ova_body_c4_02_seed-5_sample-1_model.cif
OVA-C4-IPTM80-21E	5		A-C	A	345	HIS	O	S345H	C	96	ASP	OD2		2.247905731201172	experiments/e135_c4_iptm80_multiseed_batch04/af3/out_s1/ova_body_c4_02/seed-5_sample-1/ova_body_c4_02_seed-5_sample-1_model.cif
OVA-C4-IPTM80-21E	5		B-D	B	96	ASP	OD2		D	345	HIS	O	S345H	2.2910315990448	experiments/e135_c4_iptm80_multiseed_batch04/af3/out_s1/ova_body_c4_02/seed-5_sample-1/ova_body_c4_02_seed-5_sample-1_model.cif
OVA-C4-IPTM80-21E	5		B-D	B	345	HIS	O	S345H	D	96	ASP	OD2		2.326516628265381	experiments/e135_c4_iptm80_multiseed_batch04/af3/out_s1/ova_body_c4_02/seed-5_sample-1/ova_body_c4_02_seed-5_sample-1_model.cif
OVA-C4-IPTM80-19F	2		A-C	A	191	TYR	OH	A191Y	C	336	GLU	OE2	N336E	2.0782692432403564	experiments/e135_c4_iptm80_multiseed_batch04/af3/out_s2/ova_body_c4_03/seed-2_sample-1/ova_body_c4_03_seed-2_sample-1_model.cif
OVA-C4-IPTM80-19F	2		A-C	A	336	GLU	OE2	N336E	C	191	TYR	OH	A191Y	2.102905511856079	experiments/e135_c4_iptm80_multiseed_batch04/af3/out_s2/ova_body_c4_03/seed-2_sample-1/ova_body_c4_03_seed-2_sample-1_model.cif
OVA-C4-IPTM80-19F	2		B-D	B	191	TYR	OH	A191Y	D	336	GLU	OE2	N336E	2.0731735229492188	experiments/e135_c4_iptm80_multiseed_batch04/af3/out_s2/ova_body_c4_03/seed-2_sample-1/ova_body_c4_03_seed-2_sample-1_model.cif
OVA-C4-IPTM80-19F	2		B-D	B	336	GLU	OE2	N336E	D	191	TYR	OH	A191Y	2.054722309112549	experiments/e135_c4_iptm80_multiseed_batch04/af3/out_s2/ova_body_c4_03/seed-2_sample-1/ova_body_c4_03_seed-2_sample-1_model.cif
OVA-C4-IPTM80-19F	2		A-C	A	191	TYR	OH	A191Y	C	336	GLU	OE2	N336E	1.9395679235458374	experiments/e135_c4_iptm80_multiseed_batch04/af3/out_s2/ova_body_c4_03/seed-2_sample-2/ova_body_c4_03_seed-2_sample-2_model.cif
OVA-C4-IPTM80-19F	2		A-C	A	336	GLU	OE2	N336E	C	191	TYR	OH	A191Y	1.9285632371902466	experiments/e135_c4_iptm80_multiseed_batch04/af3/out_s2/ova_body_c4_03/seed-2_sample-2/ova_body_c4_03_seed-2_sample-2_model.cif
OVA-C4-IPTM80-19F	2		B-D	B	191	TYR	OH	A191Y	D	336	GLU	OE2	N336E	1.9855676889419556	experiments/e135_c4_iptm80_multiseed_batch04/af3/out_s2/ova_body_c4_03/seed-2_sample-2/ova_body_c4_03_seed-2_sample-2_model.cif
OVA-C4-IPTM80-19F	2		B-D	B	336	GLU	OE2	N336E	D	191	TYR	OH	A191Y	1.9292017221450806	experiments/e135_c4_iptm80_multiseed_batch04/af3/out_s2/ova_body_c4_03/seed-2_sample-2/ova_body_c4_03_seed-2_sample-2_model.cif
OVA-C4-IPTM80-19F	2		A-C	A	191	TYR	OH	A191Y	C	336	GLU	OE2	N336E	2.3941941261291504	experiments/e135_c4_iptm80_multiseed_batch04/af3/out_s2/ova_body_c4_03/seed-2_sample-3/ova_body_c4_03_seed-2_sample-3_model.cif
OVA-C4-IPTM80-19F	2		A-C	A	336	GLU	OE2	N336E	C	191	TYR	OH	A191Y	2.341268539428711	experiments/e135_c4_iptm80_multiseed_batch04/af3/out_s2/ova_body_c4_03/seed-2_sample-3/ova_body_c4_03_seed-2_sample-3_model.cif
OVA-C4-IPTM80-19F	4		A-C	A	344	GLY	O		C	96	ASP	OD2		2.3800244331359863	experiments/e135_c4_iptm80_multiseed_batch04/af3/out_s2/ova_body_c4_03/seed-4_sample-0/ova_body_c4_03_seed-4_sample-0_model.cif
OVA-C4-IPTM80-19F	4		B-D	B	344	GLY	O		D	96	ASP	OD2		2.3705475330352783	experiments/e135_c4_iptm80_multiseed_batch04/af3/out_s2/ova_body_c4_03/seed-4_sample-0/ova_body_c4_03_seed-4_sample-0_model.cif
OVA-C4-IPTM80-19F	5		A-C	A	191	TYR	OH	A191Y	C	336	GLU	OE2	N336E	2.222095251083374	experiments/e135_c4_iptm80_multiseed_batch04/af3/out_s2/ova_body_c4_03/seed-5_sample-1/ova_body_c4_03_seed-5_sample-1_model.cif
OVA-C4-IPTM80-19F	5		A-C	A	336	GLU	OE2	N336E	C	191	TYR	OH	A191Y	2.2337191104888916	experiments/e135_c4_iptm80_multiseed_batch04/af3/out_s2/ova_body_c4_03/seed-5_sample-1/ova_body_c4_03_seed-5_sample-1_model.cif
OVA-C4-IPTM80-19F	5		B-D	B	191	TYR	OH	A191Y	D	336	GLU	OE2	N336E	2.270944356918335	experiments/e135_c4_iptm80_multiseed_batch04/af3/out_s2/ova_body_c4_03/seed-5_sample-1/ova_body_c4_03_seed-5_sample-1_model.cif
OVA-C4-IPTM80-19F	5		B-D	B	336	GLU	OE2	N336E	D	191	TYR	OH	A191Y	2.2513904571533203	experiments/e135_c4_iptm80_multiseed_batch04/af3/out_s2/ova_body_c4_03/seed-5_sample-1/ova_body_c4_03_seed-5_sample-1_model.cif
OVA-C4-IPTM80-21G	1		A-D	A	346	PHE	CE1	A346F	D	346	PHE	CE1	A346F	2.283893346786499	experiments/e126_c4_iptm80_continue_af3_seed1/out_s0/ova_body_c4_105/seed-1_sample-0/ova_body_c4_105_seed-1_sample-0_model.cif
OVA-C4-IPTM80-21G	1		A-D	A	346	PHE	CE1	A346F	D	346	PHE	CZ	A346F	2.34321928024292	experiments/e126_c4_iptm80_continue_af3_seed1/out_s0/ova_body_c4_105/seed-1_sample-0/ova_body_c4_105_seed-1_sample-0_model.cif
OVA-C4-IPTM80-21G	1		A-D	A	346	PHE	CZ	A346F	D	346	PHE	CE1	A346F	2.365725517272949	experiments/e126_c4_iptm80_continue_af3_seed1/out_s0/ova_body_c4_105/seed-1_sample-0/ova_body_c4_105_seed-1_sample-0_model.cif
OVA-C4-IPTM80-21G	1		B-C	B	346	PHE	CE1	A346F	C	346	PHE	CE1	A346F	2.2065372467041016	experiments/e126_c4_iptm80_continue_af3_seed1/out_s0/ova_body_c4_105/seed-1_sample-0/ova_body_c4_105_seed-1_sample-0_model.cif
OVA-C4-IPTM80-21G	1		B-C	B	346	PHE	CZ	A346F	C	346	PHE	CE1	A346F	2.2016193866729736	experiments/e126_c4_iptm80_continue_af3_seed1/out_s0/ova_body_c4_105/seed-1_sample-0/ova_body_c4_105_seed-1_sample-0_model.cif
OVA-C4-IPTM80-21G	1		A-C	A	96	ASP	OD2		C	344	GLY	O		2.294421672821045	experiments/e126_c4_iptm80_continue_af3_seed1/out_s0/ova_body_c4_105/seed-1_sample-1/ova_body_c4_105_seed-1_sample-1_model.cif
OVA-C4-IPTM80-21G	1		A-C	A	344	GLY	O		C	96	ASP	OD2		2.3499081134796143	experiments/e126_c4_iptm80_continue_af3_seed1/out_s0/ova_body_c4_105/seed-1_sample-1/ova_body_c4_105_seed-1_sample-1_model.cif
OVA-C4-IPTM80-21G	1		B-D	B	96	ASP	OD2		D	344	GLY	O		2.327314853668213	experiments/e126_c4_iptm80_continue_af3_seed1/out_s0/ova_body_c4_105/seed-1_sample-1/ova_body_c4_105_seed-1_sample-1_model.cif
OVA-C4-IPTM80-21G	1		B-D	B	344	GLY	O		D	96	ASP	OD2		2.3679797649383545	experiments/e126_c4_iptm80_continue_af3_seed1/out_s0/ova_body_c4_105/seed-1_sample-1/ova_body_c4_105_seed-1_sample-1_model.cif
OVA-C4-IPTM80-21G	1		A-C	A	96	ASP	OD2		C	344	GLY	O		2.3290886878967285	experiments/e126_c4_iptm80_continue_af3_seed1/out_s0/ova_body_c4_105/seed-1_sample-4/ova_body_c4_105_seed-1_sample-4_model.cif
OVA-C4-IPTM80-21G	1		A-C	A	344	GLY	O		C	96	ASP	OD2		2.34100341796875	experiments/e126_c4_iptm80_continue_af3_seed1/out_s0/ova_body_c4_105/seed-1_sample-4/ova_body_c4_105_seed-1_sample-4_model.cif
OVA-C4-IPTM80-21G	1		B-D	B	96	ASP	OD2		D	344	GLY	O		2.361684799194336	experiments/e126_c4_iptm80_continue_af3_seed1/out_s0/ova_body_c4_105/seed-1_sample-4/ova_body_c4_105_seed-1_sample-4_model.cif
OVA-C4-IPTM80-21G	1		B-D	B	344	GLY	O		D	96	ASP	OD2		2.2918179035186768	experiments/e126_c4_iptm80_continue_af3_seed1/out_s0/ova_body_c4_105/seed-1_sample-4/ova_body_c4_105_seed-1_sample-4_model.cif
OVA-C4-IPTM80-21G	2		A-D	A	353	ALA	CB		D	354	TRP	NE1	S354W	2.2844791412353516	experiments/e133_c4_iptm80_multiseed_batch02/af3/out_s4/ova_body_c4_05/seed-2_sample-0/ova_body_c4_05_seed-2_sample-0_model.cif
OVA-C4-IPTM80-21G	2		A-C	A	190	LYS	NZ		C	96	ASP	OD2		2.387110710144043	experiments/e133_c4_iptm80_multiseed_batch02/af3/out_s4/ova_body_c4_05/seed-2_sample-1/ova_body_c4_05_seed-2_sample-1_model.cif
OVA-C4-IPTM80-21G	2		B-D	B	96	ASP	OD2		D	190	LYS	NZ		2.353167772293091	experiments/e133_c4_iptm80_multiseed_batch02/af3/out_s4/ova_body_c4_05/seed-2_sample-1/ova_body_c4_05_seed-2_sample-1_model.cif
OVA-C4-IPTM80-21G	2		B-D	B	190	LYS	NZ		D	96	ASP	OD2		2.3759050369262695	experiments/e133_c4_iptm80_multiseed_batch02/af3/out_s4/ova_body_c4_05/seed-2_sample-1/ova_body_c4_05_seed-2_sample-1_model.cif
OVA-C4-IPTM80-21G	2		A-C	A	344	GLY	O		C	96	ASP	OD2		2.3241827487945557	experiments/e133_c4_iptm80_multiseed_batch02/af3/out_s4/ova_body_c4_05/seed-2_sample-4/ova_body_c4_05_seed-2_sample-4_model.cif
OVA-C4-IPTM80-21G	2		A-D	A	349	ALA	O	G349A	D	354	TRP	CH2	S354W	2.36865234375	experiments/e133_c4_iptm80_multiseed_batch02/af3/out_s4/ova_body_c4_05/seed-2_sample-4/ova_body_c4_05_seed-2_sample-4_model.cif
OVA-C4-IPTM80-21G	2		B-C	B	349	ALA	O	G349A	C	354	TRP	CH2	S354W	2.2625365257263184	experiments/e133_c4_iptm80_multiseed_batch02/af3/out_s4/ova_body_c4_05/seed-2_sample-4/ova_body_c4_05_seed-2_sample-4_model.cif
OVA-C4-IPTM80-21G	2		B-D	B	96	ASP	OD2		D	344	GLY	O		2.3855209350585938	experiments/e133_c4_iptm80_multiseed_batch02/af3/out_s4/ova_body_c4_05/seed-2_sample-4/ova_body_c4_05_seed-2_sample-4_model.cif
OVA-C4-IPTM80-21G	4		A-C	A	344	GLY	O		C	96	ASP	OD2		2.307753562927246	experiments/e133_c4_iptm80_multiseed_batch02/af3/out_s4/ova_body_c4_05/seed-4_sample-0/ova_body_c4_05_seed-4_sample-0_model.cif
OVA-C4-IPTM80-21G	4		B-D	B	96	ASP	OD2		D	344	GLY	O		2.3940048217773438	experiments/e133_c4_iptm80_multiseed_batch02/af3/out_s4/ova_body_c4_05/seed-4_sample-0/ova_body_c4_05_seed-4_sample-0_model.cif
OVA-C4-IPTM80-21G	4		B-D	B	344	GLY	O		D	96	ASP	OD2		2.384032726287842	experiments/e133_c4_iptm80_multiseed_batch02/af3/out_s4/ova_body_c4_05/seed-4_sample-0/ova_body_c4_05_seed-4_sample-0_model.cif
OVA-C4-IPTM80-21G	5		A-D	A	354	TRP	O	S354W	D	354	TRP	CZ2	S354W	2.296217441558838	experiments/e133_c4_iptm80_multiseed_batch02/af3/out_s4/ova_body_c4_05/seed-5_sample-0/ova_body_c4_05_seed-5_sample-0_model.cif
OVA-C4-IPTM80-21G	5		A-D	A	354	TRP	CZ2	S354W	D	354	TRP	O	S354W	2.3194563388824463	experiments/e133_c4_iptm80_multiseed_batch02/af3/out_s4/ova_body_c4_05/seed-5_sample-0/ova_body_c4_05_seed-5_sample-0_model.cif
OVA-C4-IPTM80-21G	5		A-D	A	354	TRP	CH2	S354W	D	354	TRP	O	S354W	2.3572988510131836	experiments/e133_c4_iptm80_multiseed_batch02/af3/out_s4/ova_body_c4_05/seed-5_sample-0/ova_body_c4_05_seed-5_sample-0_model.cif
OVA-C4-IPTM80-21G	5		B-C	B	354	TRP	O	S354W	C	354	TRP	CZ2	S354W	2.3730623722076416	experiments/e133_c4_iptm80_multiseed_batch02/af3/out_s4/ova_body_c4_05/seed-5_sample-0/ova_body_c4_05_seed-5_sample-0_model.cif
OVA-C4-IPTM80-21G	5		B-C	B	354	TRP	O	S354W	C	354	TRP	CH2	S354W	2.3892407417297363	experiments/e133_c4_iptm80_multiseed_batch02/af3/out_s4/ova_body_c4_05/seed-5_sample-0/ova_body_c4_05_seed-5_sample-0_model.cif
OVA-C4-IPTM80-21G	5		B-C	B	354	TRP	CZ2	S354W	C	354	TRP	O	S354W	2.3388783931732178	experiments/e133_c4_iptm80_multiseed_batch02/af3/out_s4/ova_body_c4_05/seed-5_sample-0/ova_body_c4_05_seed-5_sample-0_model.cif
OVA-C4-IPTM80-21G	5		A-C	A	96	ASP	OD2		C	344	GLY	O		2.3175909519195557	experiments/e133_c4_iptm80_multiseed_batch02/af3/out_s4/ova_body_c4_05/seed-5_sample-3/ova_body_c4_05_seed-5_sample-3_model.cif
OVA-C4-IPTM80-21G	5		A-C	A	344	GLY	O		C	96	ASP	OD2		2.308243751525879	experiments/e133_c4_iptm80_multiseed_batch02/af3/out_s4/ova_body_c4_05/seed-5_sample-3/ova_body_c4_05_seed-5_sample-3_model.cif
OVA-C4-IPTM80-21G	5		B-D	B	96	ASP	OD2		D	344	GLY	O		2.329230546951294	experiments/e133_c4_iptm80_multiseed_batch02/af3/out_s4/ova_body_c4_05/seed-5_sample-3/ova_body_c4_05_seed-5_sample-3_model.cif
OVA-C4-IPTM80-21G	5		B-D	B	344	GLY	O		D	96	ASP	OD2		2.3680992126464844	experiments/e133_c4_iptm80_multiseed_batch02/af3/out_s4/ova_body_c4_05/seed-5_sample-3/ova_body_c4_05_seed-5_sample-3_model.cif
OVA-C4-IPTM80-21H	1		B-C	B	187	LYS	NZ		C	345	GLU	OE1	S345E	2.3986213207244873	experiments/e126_c4_iptm80_continue_af3_seed1/out_s1/ova_body_c4_10/seed-1_sample-0/ova_body_c4_10_seed-1_sample-0_model.cif
OVA-C4-IPTM80-21H	1		A-C	A	96	ASP	OD2		C	344	GLY	O		2.377908229827881	experiments/e126_c4_iptm80_continue_af3_seed1/out_s1/ova_body_c4_10/seed-1_sample-4/ova_body_c4_10_seed-1_sample-4_model.cif
OVA-C4-IPTM80-21H	1		B-D	B	344	GLY	O		D	96	ASP	OD2		2.3661091327667236	experiments/e126_c4_iptm80_continue_af3_seed1/out_s1/ova_body_c4_10/seed-1_sample-4/ova_body_c4_10_seed-1_sample-4_model.cif
OVA-C4-IPTM80-21H	3		A-C	A	96	ASP	OD2		C	190	LYS	NZ		2.327674388885498	experiments/e132_c4_iptm80_multiseed_batch01/af3/out_s6/ova_body_c4_07/seed-3_sample-0/ova_body_c4_07_seed-3_sample-0_model.cif
OVA-C4-IPTM80-21H	3		B-D	B	96	ASP	OD2		D	190	LYS	NZ		2.3783164024353027	experiments/e132_c4_iptm80_multiseed_batch01/af3/out_s6/ova_body_c4_07/seed-3_sample-0/ova_body_c4_07_seed-3_sample-0_model.cif
OVA-C4-IPTM80-21H	3		B-D	B	190	LYS	NZ		D	96	ASP	OD2		2.3843586444854736	experiments/e132_c4_iptm80_multiseed_batch01/af3/out_s6/ova_body_c4_07/seed-3_sample-0/ova_body_c4_07_seed-3_sample-0_model.cif
OVA-C4-IPTM80-21H	3		A-C	A	96	ASP	OD2		C	344	GLY	O		2.3342642784118652	experiments/e132_c4_iptm80_multiseed_batch01/af3/out_s6/ova_body_c4_07/seed-3_sample-1/ova_body_c4_07_seed-3_sample-1_model.cif
OVA-C4-IPTM80-21H	3		A-C	A	344	GLY	O		C	96	ASP	OD2		2.3662848472595215	experiments/e132_c4_iptm80_multiseed_batch01/af3/out_s6/ova_body_c4_07/seed-3_sample-1/ova_body_c4_07_seed-3_sample-1_model.cif
OVA-C4-IPTM80-21H	3		B-D	B	344	GLY	O		D	96	ASP	OD2		2.3322150707244873	experiments/e132_c4_iptm80_multiseed_batch01/af3/out_s6/ova_body_c4_07/seed-3_sample-1/ova_body_c4_07_seed-3_sample-1_model.cif
OVA-C4-IPTM80-21H	3		A-C	A	344	GLY	O		C	96	ASP	OD2		2.3786685466766357	experiments/e132_c4_iptm80_multiseed_batch01/af3/out_s6/ova_body_c4_07/seed-3_sample-2/ova_body_c4_07_seed-3_sample-2_model.cif
OVA-C4-IPTM80-21H	3		A-C	A	96	ASP	OD2		C	344	GLY	O		2.3662455081939697	experiments/e132_c4_iptm80_multiseed_batch01/af3/out_s6/ova_body_c4_07/seed-3_sample-3/ova_body_c4_07_seed-3_sample-3_model.cif
OVA-C4-IPTM80-21H	4		A-B	A	354	TRP	CG	S354W	B	354	TRP	CE2	S354W	2.3907723426818848	experiments/e132_c4_iptm80_multiseed_batch01/af3/out_s6/ova_body_c4_07/seed-4_sample-2/ova_body_c4_07_seed-4_sample-2_model.cif
OVA-C4-IPTM80-21H	4		A-B	A	354	TRP	CD1	S354W	B	354	TRP	CE2	S354W	1.9875396490097046	experiments/e132_c4_iptm80_multiseed_batch01/af3/out_s6/ova_body_c4_07/seed-4_sample-2/ova_body_c4_07_seed-4_sample-2_model.cif
OVA-C4-IPTM80-21H	4		A-B	A	354	TRP	CD1	S354W	B	354	TRP	CZ2	S354W	1.6736392974853516	experiments/e132_c4_iptm80_multiseed_batch01/af3/out_s6/ova_body_c4_07/seed-4_sample-2/ova_body_c4_07_seed-4_sample-2_model.cif
OVA-C4-IPTM80-21H	4		A-B	A	354	TRP	CD2	S354W	B	354	TRP	NE1	S354W	2.0168888568878174	experiments/e132_c4_iptm80_multiseed_batch01/af3/out_s6/ova_body_c4_07/seed-4_sample-2/ova_body_c4_07_seed-4_sample-2_model.cif
OVA-C4-IPTM80-21H	4		A-B	A	354	TRP	CD2	S354W	B	354	TRP	CE2	S354W	2.3227760791778564	experiments/e132_c4_iptm80_multiseed_batch01/af3/out_s6/ova_body_c4_07/seed-4_sample-2/ova_body_c4_07_seed-4_sample-2_model.cif
OVA-C4-IPTM80-21H	4		A-B	A	354	TRP	NE1	S354W	B	354	TRP	NE1	S354W	1.4206985235214233	experiments/e132_c4_iptm80_multiseed_batch01/af3/out_s6/ova_body_c4_07/seed-4_sample-2/ova_body_c4_07_seed-4_sample-2_model.cif
OVA-C4-IPTM80-21H	4		A-B	A	354	TRP	NE1	S354W	B	354	TRP	CE2	S354W	1.6567802429199219	experiments/e132_c4_iptm80_multiseed_batch01/af3/out_s6/ova_body_c4_07/seed-4_sample-2/ova_body_c4_07_seed-4_sample-2_model.cif
OVA-C4-IPTM80-21H	4		A-B	A	354	TRP	NE1	S354W	B	354	TRP	CZ2	S354W	1.9405790567398071	experiments/e132_c4_iptm80_multiseed_batch01/af3/out_s6/ova_body_c4_07/seed-4_sample-2/ova_body_c4_07_seed-4_sample-2_model.cif
OVA-C4-IPTM80-21H	4		A-B	A	354	TRP	CE2	S354W	B	354	TRP	CD1	S354W	1.8285337686538696	experiments/e132_c4_iptm80_multiseed_batch01/af3/out_s6/ova_body_c4_07/seed-4_sample-2/ova_body_c4_07_seed-4_sample-2_model.cif
OVA-C4-IPTM80-21H	4		A-B	A	354	TRP	CE2	S354W	B	354	TRP	NE1	S354W	0.938266396522522	experiments/e132_c4_iptm80_multiseed_batch01/af3/out_s6/ova_body_c4_07/seed-4_sample-2/ova_body_c4_07_seed-4_sample-2_model.cif
OVA-C4-IPTM80-21H	4		A-B	A	354	TRP	CE2	S354W	B	354	TRP	CE2	S354W	1.9550787210464478	experiments/e132_c4_iptm80_multiseed_batch01/af3/out_s6/ova_body_c4_07/seed-4_sample-2/ova_body_c4_07_seed-4_sample-2_model.cif
OVA-C4-IPTM80-21H	4		A-B	A	354	TRP	CZ2	S354W	B	354	TRP	CD1	S354W	1.6499074697494507	experiments/e132_c4_iptm80_multiseed_batch01/af3/out_s6/ova_body_c4_07/seed-4_sample-2/ova_body_c4_07_seed-4_sample-2_model.cif
OVA-C4-IPTM80-21H	4		A-B	A	354	TRP	CZ2	S354W	B	354	TRP	NE1	S354W	1.6599125862121582	experiments/e132_c4_iptm80_multiseed_batch01/af3/out_s6/ova_body_c4_07/seed-4_sample-2/ova_body_c4_07_seed-4_sample-2_model.cif
OVA-C4-IPTM80-21H	4		A-B	A	354	TRP	CH2	S354W	B	354	TRP	CD1	S354W	2.162907123565674	experiments/e132_c4_iptm80_multiseed_batch01/af3/out_s6/ova_body_c4_07/seed-4_sample-2/ova_body_c4_07_seed-4_sample-2_model.cif
OVA-C4-IPTM80-21H	4		C-D	C	354	TRP	CD1	S354W	D	354	TRP	CE2	S354W	2.021829605102539	experiments/e132_c4_iptm80_multiseed_batch01/af3/out_s6/ova_body_c4_07/seed-4_sample-2/ova_body_c4_07_seed-4_sample-2_model.cif
OVA-C4-IPTM80-21H	4		C-D	C	354	TRP	CD1	S354W	D	354	TRP	CZ2	S354W	2.0445120334625244	experiments/e132_c4_iptm80_multiseed_batch01/af3/out_s6/ova_body_c4_07/seed-4_sample-2/ova_body_c4_07_seed-4_sample-2_model.cif
OVA-C4-IPTM80-21H	4		C-D	C	354	TRP	NE1	S354W	D	354	TRP	CG	S354W	2.332561731338501	experiments/e132_c4_iptm80_multiseed_batch01/af3/out_s6/ova_body_c4_07/seed-4_sample-2/ova_body_c4_07_seed-4_sample-2_model.cif
OVA-C4-IPTM80-21H	4		C-D	C	354	TRP	NE1	S354W	D	354	TRP	CD1	S354W	2.1885287761688232	experiments/e132_c4_iptm80_multiseed_batch01/af3/out_s6/ova_body_c4_07/seed-4_sample-2/ova_body_c4_07_seed-4_sample-2_model.cif
OVA-C4-IPTM80-21H	4		C-D	C	354	TRP	NE1	S354W	D	354	TRP	CD2	S354W	2.006443977355957	experiments/e132_c4_iptm80_multiseed_batch01/af3/out_s6/ova_body_c4_07/seed-4_sample-2/ova_body_c4_07_seed-4_sample-2_model.cif
OVA-C4-IPTM80-21H	4		C-D	C	354	TRP	NE1	S354W	D	354	TRP	NE1	S354W	1.7314907312393188	experiments/e132_c4_iptm80_multiseed_batch01/af3/out_s6/ova_body_c4_07/seed-4_sample-2/ova_body_c4_07_seed-4_sample-2_model.cif
OVA-C4-IPTM80-21H	4		C-D	C	354	TRP	NE1	S354W	D	354	TRP	CE2	S354W	1.5880485773086548	experiments/e132_c4_iptm80_multiseed_batch01/af3/out_s6/ova_body_c4_07/seed-4_sample-2/ova_body_c4_07_seed-4_sample-2_model.cif
OVA-C4-IPTM80-21H	4		C-D	C	354	TRP	CH2	S354W	D	351	ASP	N		2.2314538955688477	experiments/e132_c4_iptm80_multiseed_batch01/af3/out_s6/ova_body_c4_07/seed-4_sample-2/ova_body_c4_07_seed-4_sample-2_model.cif
OVA-C4-IPTM80-21H	5		A-C	A	96	ASP	OD2		C	344	GLY	O		2.2843549251556396	experiments/e132_c4_iptm80_multiseed_batch01/af3/out_s6/ova_body_c4_07/seed-5_sample-3/ova_body_c4_07_seed-5_sample-3_model.cif
OVA-C4-IPTM80-21H	5		A-C	A	344	GLY	O		C	96	ASP	OD2		2.358280897140503	experiments/e132_c4_iptm80_multiseed_batch01/af3/out_s6/ova_body_c4_07/seed-5_sample-3/ova_body_c4_07_seed-5_sample-3_model.cif
OVA-C4-IPTM80-21H	5		B-D	B	96	ASP	OD2		D	344	GLY	O		2.24423885345459	experiments/e132_c4_iptm80_multiseed_batch01/af3/out_s6/ova_body_c4_07/seed-5_sample-3/ova_body_c4_07_seed-5_sample-3_model.cif
OVA-C4-IPTM80-21H	5		B-D	B	344	GLY	O		D	96	ASP	OD2		2.2764241695404053	experiments/e132_c4_iptm80_multiseed_batch01/af3/out_s6/ova_body_c4_07/seed-5_sample-3/ova_body_c4_07_seed-5_sample-3_model.cif
OVA-C4-IPTM80-21H	5		A-C	A	340	ARG	NH2		C	345	GLU	OE1	S345E	2.2990245819091797	experiments/e132_c4_iptm80_multiseed_batch01/af3/out_s6/ova_body_c4_07/seed-5_sample-4/ova_body_c4_07_seed-5_sample-4_model.cif
OVA-C4-IPTM80-21H	5		A-C	A	345	GLU	OE1	S345E	C	340	ARG	NH2		2.2957818508148193	experiments/e132_c4_iptm80_multiseed_batch01/af3/out_s6/ova_body_c4_07/seed-5_sample-4/ova_body_c4_07_seed-5_sample-4_model.cif
OVA-C4-IPTM80-21I	1		A-C	A	96	ASP	OD2		C	346	PHE	O	A346F	2.2581162452697754	experiments/e126_c4_iptm80_continue_af3_seed1/out_s0/ova_body_c4_01/seed-1_sample-0/ova_body_c4_01_seed-1_sample-0_model.cif
OVA-C4-IPTM80-21I	1		A-C	A	346	PHE	O	A346F	C	96	ASP	OD2		2.146944522857666	experiments/e126_c4_iptm80_continue_af3_seed1/out_s0/ova_body_c4_01/seed-1_sample-0/ova_body_c4_01_seed-1_sample-0_model.cif
OVA-C4-IPTM80-21I	1		A-D	A	187	LYS	NZ		D	345	GLU	OE1	S345E	2.394185781478882	experiments/e126_c4_iptm80_continue_af3_seed1/out_s0/ova_body_c4_01/seed-1_sample-0/ova_body_c4_01_seed-1_sample-0_model.cif
OVA-C4-IPTM80-21I	1		B-D	B	96	ASP	OD2		D	346	PHE	O	A346F	2.202343463897705	experiments/e126_c4_iptm80_continue_af3_seed1/out_s0/ova_body_c4_01/seed-1_sample-0/ova_body_c4_01_seed-1_sample-0_model.cif
OVA-C4-IPTM80-21I	1		B-D	B	346	PHE	O	A346F	D	96	ASP	OD2		2.157426595687866	experiments/e126_c4_iptm80_continue_af3_seed1/out_s0/ova_body_c4_01/seed-1_sample-0/ova_body_c4_01_seed-1_sample-0_model.cif
OVA-C4-IPTM80-21I	1		A-C	A	96	ASP	OD2		C	346	PHE	O	A346F	2.1427788734436035	experiments/e126_c4_iptm80_continue_af3_seed1/out_s0/ova_body_c4_01/seed-1_sample-1/ova_body_c4_01_seed-1_sample-1_model.cif
OVA-C4-IPTM80-21I	1		A-C	A	346	PHE	O	A346F	C	96	ASP	OD2		2.1041958332061768	experiments/e126_c4_iptm80_continue_af3_seed1/out_s0/ova_body_c4_01/seed-1_sample-1/ova_body_c4_01_seed-1_sample-1_model.cif
OVA-C4-IPTM80-21I	1		B-D	B	96	ASP	OD2		D	346	PHE	O	A346F	2.135652542114258	experiments/e126_c4_iptm80_continue_af3_seed1/out_s0/ova_body_c4_01/seed-1_sample-1/ova_body_c4_01_seed-1_sample-1_model.cif
OVA-C4-IPTM80-21I	1		B-D	B	346	PHE	O	A346F	D	96	ASP	OD2		2.2200937271118164	experiments/e126_c4_iptm80_continue_af3_seed1/out_s0/ova_body_c4_01/seed-1_sample-1/ova_body_c4_01_seed-1_sample-1_model.cif
OVA-C4-IPTM80-21I	1		A-C	A	96	ASP	OD1		C	348	HIS	CE1	A348H	2.308091402053833	experiments/e126_c4_iptm80_continue_af3_seed1/out_s0/ova_body_c4_01/seed-1_sample-2/ova_body_c4_01_seed-1_sample-2_model.cif
OVA-C4-IPTM80-21I	1		A-C	A	96	ASP	OD2		C	346	PHE	O	A346F	2.1577091217041016	experiments/e126_c4_iptm80_continue_af3_seed1/out_s0/ova_body_c4_01/seed-1_sample-2/ova_body_c4_01_seed-1_sample-2_model.cif
OVA-C4-IPTM80-21I	1		A-C	A	346	PHE	O	A346F	C	96	ASP	OD2		2.227802038192749	experiments/e126_c4_iptm80_continue_af3_seed1/out_s0/ova_body_c4_01/seed-1_sample-2/ova_body_c4_01_seed-1_sample-2_model.cif
OVA-C4-IPTM80-21I	1		A-C	A	348	HIS	CE1	A348H	C	96	ASP	OD1		2.328916311264038	experiments/e126_c4_iptm80_continue_af3_seed1/out_s0/ova_body_c4_01/seed-1_sample-2/ova_body_c4_01_seed-1_sample-2_model.cif
OVA-C4-IPTM80-21I	1		B-D	B	96	ASP	OD1		D	348	HIS	CE1	A348H	2.286097526550293	experiments/e126_c4_iptm80_continue_af3_seed1/out_s0/ova_body_c4_01/seed-1_sample-2/ova_body_c4_01_seed-1_sample-2_model.cif
OVA-C4-IPTM80-21I	1		B-D	B	96	ASP	OD2		D	346	PHE	O	A346F	2.214857339859009	experiments/e126_c4_iptm80_continue_af3_seed1/out_s0/ova_body_c4_01/seed-1_sample-2/ova_body_c4_01_seed-1_sample-2_model.cif
OVA-C4-IPTM80-21I	1		B-D	B	346	PHE	O	A346F	D	96	ASP	OD2		2.28328013420105	experiments/e126_c4_iptm80_continue_af3_seed1/out_s0/ova_body_c4_01/seed-1_sample-2/ova_body_c4_01_seed-1_sample-2_model.cif
OVA-C4-IPTM80-21I	1		B-D	B	348	HIS	CE1	A348H	D	96	ASP	OD1		2.253025531768799	experiments/e126_c4_iptm80_continue_af3_seed1/out_s0/ova_body_c4_01/seed-1_sample-2/ova_body_c4_01_seed-1_sample-2_model.cif
OVA-C4-IPTM80-21I	1		A-C	A	96	ASP	OD2		C	346	PHE	O	A346F	2.1239724159240723	experiments/e126_c4_iptm80_continue_af3_seed1/out_s0/ova_body_c4_01/seed-1_sample-3/ova_body_c4_01_seed-1_sample-3_model.cif
OVA-C4-IPTM80-21I	1		A-C	A	346	PHE	O	A346F	C	96	ASP	OD2		2.058216094970703	experiments/e126_c4_iptm80_continue_af3_seed1/out_s0/ova_body_c4_01/seed-1_sample-3/ova_body_c4_01_seed-1_sample-3_model.cif
OVA-C4-IPTM80-21I	1		B-C	B	343	LEU	CD1	V343L	C	345	GLU	OE2	S345E	2.385117530822754	experiments/e126_c4_iptm80_continue_af3_seed1/out_s0/ova_body_c4_01/seed-1_sample-3/ova_body_c4_01_seed-1_sample-3_model.cif
OVA-C4-IPTM80-21I	1		B-D	B	96	ASP	OD2		D	346	PHE	O	A346F	1.9927599430084229	experiments/e126_c4_iptm80_continue_af3_seed1/out_s0/ova_body_c4_01/seed-1_sample-3/ova_body_c4_01_seed-1_sample-3_model.cif
OVA-C4-IPTM80-21I	1		B-D	B	346	PHE	O	A346F	D	96	ASP	OD2		2.048217535018921	experiments/e126_c4_iptm80_continue_af3_seed1/out_s0/ova_body_c4_01/seed-1_sample-3/ova_body_c4_01_seed-1_sample-3_model.cif
OVA-C4-IPTM80-21I	1		A-C	A	96	ASP	OD2		C	346	PHE	O	A346F	2.22245454788208	experiments/e126_c4_iptm80_continue_af3_seed1/out_s0/ova_body_c4_01/seed-1_sample-4/ova_body_c4_01_seed-1_sample-4_model.cif
OVA-C4-IPTM80-21I	1		A-C	A	346	PHE	O	A346F	C	96	ASP	OD2		2.2444348335266113	experiments/e126_c4_iptm80_continue_af3_seed1/out_s0/ova_body_c4_01/seed-1_sample-4/ova_body_c4_01_seed-1_sample-4_model.cif
OVA-C4-IPTM80-21I	1		B-D	B	96	ASP	OD2		D	346	PHE	O	A346F	2.233219623565674	experiments/e126_c4_iptm80_continue_af3_seed1/out_s0/ova_body_c4_01/seed-1_sample-4/ova_body_c4_01_seed-1_sample-4_model.cif
OVA-C4-IPTM80-21I	1		B-D	B	346	PHE	O	A346F	D	96	ASP	OD2		2.1672208309173584	experiments/e126_c4_iptm80_continue_af3_seed1/out_s0/ova_body_c4_01/seed-1_sample-4/ova_body_c4_01_seed-1_sample-4_model.cif
OVA-C4-IPTM80-21I	2		A-C	A	191	TYR	OH	A191Y	C	336	GLU	OE2	N336E	2.1600818634033203	experiments/e133_c4_iptm80_multiseed_batch02/af3/out_s1/ova_body_c4_02/seed-2_sample-1/ova_body_c4_02_seed-2_sample-1_model.cif
OVA-C4-IPTM80-21I	2		A-C	A	336	GLU	OE2	N336E	C	191	TYR	OH	A191Y	2.1700093746185303	experiments/e133_c4_iptm80_multiseed_batch02/af3/out_s1/ova_body_c4_02/seed-2_sample-1/ova_body_c4_02_seed-2_sample-1_model.cif
OVA-C4-IPTM80-21I	2		B-D	B	191	TYR	OH	A191Y	D	336	GLU	OE2	N336E	2.1223695278167725	experiments/e133_c4_iptm80_multiseed_batch02/af3/out_s1/ova_body_c4_02/seed-2_sample-1/ova_body_c4_02_seed-2_sample-1_model.cif
OVA-C4-IPTM80-21I	2		B-D	B	336	GLU	OE2	N336E	D	191	TYR	OH	A191Y	2.108137845993042	experiments/e133_c4_iptm80_multiseed_batch02/af3/out_s1/ova_body_c4_02/seed-2_sample-1/ova_body_c4_02_seed-2_sample-1_model.cif
OVA-C4-IPTM80-21I	2		A-C	A	191	TYR	OH	A191Y	C	336	GLU	OE2	N336E	1.9411572217941284	experiments/e133_c4_iptm80_multiseed_batch02/af3/out_s1/ova_body_c4_02/seed-2_sample-2/ova_body_c4_02_seed-2_sample-2_model.cif
OVA-C4-IPTM80-21I	2		A-C	A	336	GLU	OE2	N336E	C	191	TYR	OH	A191Y	1.9801578521728516	experiments/e133_c4_iptm80_multiseed_batch02/af3/out_s1/ova_body_c4_02/seed-2_sample-2/ova_body_c4_02_seed-2_sample-2_model.cif
OVA-C4-IPTM80-21I	2		B-D	B	191	TYR	OH	A191Y	D	336	GLU	OE2	N336E	2.0344648361206055	experiments/e133_c4_iptm80_multiseed_batch02/af3/out_s1/ova_body_c4_02/seed-2_sample-2/ova_body_c4_02_seed-2_sample-2_model.cif
OVA-C4-IPTM80-21I	2		B-D	B	336	GLU	OE2	N336E	D	191	TYR	OH	A191Y	1.9845768213272095	experiments/e133_c4_iptm80_multiseed_batch02/af3/out_s1/ova_body_c4_02/seed-2_sample-2/ova_body_c4_02_seed-2_sample-2_model.cif
OVA-C4-IPTM80-21I	2		A-C	A	191	TYR	OH	A191Y	C	336	GLU	OE2	N336E	2.3368332386016846	experiments/e133_c4_iptm80_multiseed_batch02/af3/out_s1/ova_body_c4_02/seed-2_sample-3/ova_body_c4_02_seed-2_sample-3_model.cif
OVA-C4-IPTM80-21I	2		A-C	A	336	GLU	OE2	N336E	C	191	TYR	OH	A191Y	2.2765586376190186	experiments/e133_c4_iptm80_multiseed_batch02/af3/out_s1/ova_body_c4_02/seed-2_sample-3/ova_body_c4_02_seed-2_sample-3_model.cif
OVA-C4-IPTM80-21I	2		A-C	A	96	ASP	OD2		C	346	PHE	O	A346F	2.363752841949463	experiments/e133_c4_iptm80_multiseed_batch02/af3/out_s1/ova_body_c4_02/seed-2_sample-4/ova_body_c4_02_seed-2_sample-4_model.cif
OVA-C4-IPTM80-21I	2		A-C	A	346	PHE	O	A346F	C	96	ASP	OD2		2.2210183143615723	experiments/e133_c4_iptm80_multiseed_batch02/af3/out_s1/ova_body_c4_02/seed-2_sample-4/ova_body_c4_02_seed-2_sample-4_model.cif
OVA-C4-IPTM80-21I	2		B-D	B	96	ASP	OD2		D	346	PHE	O	A346F	2.2487480640411377	experiments/e133_c4_iptm80_multiseed_batch02/af3/out_s1/ova_body_c4_02/seed-2_sample-4/ova_body_c4_02_seed-2_sample-4_model.cif
OVA-C4-IPTM80-21I	2		B-D	B	346	PHE	O	A346F	D	96	ASP	OD2		2.2986087799072266	experiments/e133_c4_iptm80_multiseed_batch02/af3/out_s1/ova_body_c4_02/seed-2_sample-4/ova_body_c4_02_seed-2_sample-4_model.cif
OVA-C4-IPTM80-21I	3		A-C	A	96	ASP	OD2		C	190	LYS	NZ		2.311347484588623	experiments/e133_c4_iptm80_multiseed_batch02/af3/out_s1/ova_body_c4_02/seed-3_sample-0/ova_body_c4_02_seed-3_sample-0_model.cif
OVA-C4-IPTM80-21I	3		A-C	A	190	LYS	NZ		C	96	ASP	OD2		2.3944129943847656	experiments/e133_c4_iptm80_multiseed_batch02/af3/out_s1/ova_body_c4_02/seed-3_sample-0/ova_body_c4_02_seed-3_sample-0_model.cif
OVA-C4-IPTM80-21I	3		A-C	A	340	ARG	NH2		C	345	GLU	N	S345E	2.2608494758605957	experiments/e133_c4_iptm80_multiseed_batch02/af3/out_s1/ova_body_c4_02/seed-3_sample-0/ova_body_c4_02_seed-3_sample-0_model.cif
OVA-C4-IPTM80-21I	3		A-C	A	345	GLU	N	S345E	C	340	ARG	NH2		2.1379642486572266	experiments/e133_c4_iptm80_multiseed_batch02/af3/out_s1/ova_body_c4_02/seed-3_sample-0/ova_body_c4_02_seed-3_sample-0_model.cif
OVA-C4-IPTM80-21I	3		B-D	B	96	ASP	OD2		D	190	LYS	NZ		2.3469014167785645	experiments/e133_c4_iptm80_multiseed_batch02/af3/out_s1/ova_body_c4_02/seed-3_sample-0/ova_body_c4_02_seed-3_sample-0_model.cif
OVA-C4-IPTM80-21I	3		B-D	B	190	LYS	NZ		D	96	ASP	OD2		2.3941922187805176	experiments/e133_c4_iptm80_multiseed_batch02/af3/out_s1/ova_body_c4_02/seed-3_sample-0/ova_body_c4_02_seed-3_sample-0_model.cif
OVA-C4-IPTM80-21I	3		B-D	B	340	ARG	NH2		D	345	GLU	N	S345E	2.2372918128967285	experiments/e133_c4_iptm80_multiseed_batch02/af3/out_s1/ova_body_c4_02/seed-3_sample-0/ova_body_c4_02_seed-3_sample-0_model.cif
OVA-C4-IPTM80-21I	3		B-D	B	345	GLU	N	S345E	D	340	ARG	NH2		2.191779613494873	experiments/e133_c4_iptm80_multiseed_batch02/af3/out_s1/ova_body_c4_02/seed-3_sample-0/ova_body_c4_02_seed-3_sample-0_model.cif
OVA-C4-IPTM80-21I	4		A-C	A	346	PHE	O	A346F	C	96	ASP	OD2		2.3403306007385254	experiments/e133_c4_iptm80_multiseed_batch02/af3/out_s1/ova_body_c4_02/seed-4_sample-0/ova_body_c4_02_seed-4_sample-0_model.cif
OVA-C4-IPTM80-21I	4		B-D	B	96	ASP	OD2		D	346	PHE	O	A346F	2.307830810546875	experiments/e133_c4_iptm80_multiseed_batch02/af3/out_s1/ova_body_c4_02/seed-4_sample-0/ova_body_c4_02_seed-4_sample-0_model.cif
OVA-C4-IPTM80-21I	4		B-D	B	346	PHE	O	A346F	D	96	ASP	OD2		2.3866374492645264	experiments/e133_c4_iptm80_multiseed_batch02/af3/out_s1/ova_body_c4_02/seed-4_sample-0/ova_body_c4_02_seed-4_sample-0_model.cif
OVA-C4-IPTM80-21I	4		A-C	A	96	ASP	OD2		C	346	PHE	O	A346F	1.937679648399353	experiments/e133_c4_iptm80_multiseed_batch02/af3/out_s1/ova_body_c4_02/seed-4_sample-1/ova_body_c4_02_seed-4_sample-1_model.cif
OVA-C4-IPTM80-21I	4		A-C	A	346	PHE	O	A346F	C	96	ASP	OD2		1.9112824201583862	experiments/e133_c4_iptm80_multiseed_batch02/af3/out_s1/ova_body_c4_02/seed-4_sample-1/ova_body_c4_02_seed-4_sample-1_model.cif
OVA-C4-IPTM80-21I	4		B-D	B	96	ASP	OD2		D	346	PHE	O	A346F	1.941558599472046	experiments/e133_c4_iptm80_multiseed_batch02/af3/out_s1/ova_body_c4_02/seed-4_sample-1/ova_body_c4_02_seed-4_sample-1_model.cif
OVA-C4-IPTM80-21I	4		B-D	B	346	PHE	O	A346F	D	96	ASP	OD2		1.983104944229126	experiments/e133_c4_iptm80_multiseed_batch02/af3/out_s1/ova_body_c4_02/seed-4_sample-1/ova_body_c4_02_seed-4_sample-1_model.cif
OVA-C4-IPTM80-21I	4		A-C	A	96	ASP	OD2		C	346	PHE	O	A346F	2.1409571170806885	experiments/e133_c4_iptm80_multiseed_batch02/af3/out_s1/ova_body_c4_02/seed-4_sample-2/ova_body_c4_02_seed-4_sample-2_model.cif
OVA-C4-IPTM80-21I	4		A-C	A	346	PHE	O	A346F	C	96	ASP	OD2		2.1982922554016113	experiments/e133_c4_iptm80_multiseed_batch02/af3/out_s1/ova_body_c4_02/seed-4_sample-2/ova_body_c4_02_seed-4_sample-2_model.cif
OVA-C4-IPTM80-21I	4		B-D	B	96	ASP	OD2		D	346	PHE	O	A346F	2.1105940341949463	experiments/e133_c4_iptm80_multiseed_batch02/af3/out_s1/ova_body_c4_02/seed-4_sample-2/ova_body_c4_02_seed-4_sample-2_model.cif
OVA-C4-IPTM80-21I	4		B-D	B	346	PHE	O	A346F	D	96	ASP	OD2		2.1352999210357666	experiments/e133_c4_iptm80_multiseed_batch02/af3/out_s1/ova_body_c4_02/seed-4_sample-2/ova_body_c4_02_seed-4_sample-2_model.cif
OVA-C4-IPTM80-21I	4		A-C	A	96	ASP	OD2		C	346	PHE	O	A346F	2.083954334259033	experiments/e133_c4_iptm80_multiseed_batch02/af3/out_s1/ova_body_c4_02/seed-4_sample-3/ova_body_c4_02_seed-4_sample-3_model.cif
OVA-C4-IPTM80-21I	4		A-C	A	346	PHE	O	A346F	C	96	ASP	OD2		2.128882646560669	experiments/e133_c4_iptm80_multiseed_batch02/af3/out_s1/ova_body_c4_02/seed-4_sample-3/ova_body_c4_02_seed-4_sample-3_model.cif
OVA-C4-IPTM80-21I	4		B-D	B	96	ASP	OD2		D	346	PHE	O	A346F	2.0315189361572266	experiments/e133_c4_iptm80_multiseed_batch02/af3/out_s1/ova_body_c4_02/seed-4_sample-3/ova_body_c4_02_seed-4_sample-3_model.cif
OVA-C4-IPTM80-21I	4		B-D	B	346	PHE	O	A346F	D	96	ASP	OD2		2.104884147644043	experiments/e133_c4_iptm80_multiseed_batch02/af3/out_s1/ova_body_c4_02/seed-4_sample-3/ova_body_c4_02_seed-4_sample-3_model.cif
OVA-C4-IPTM80-21I	4		A-C	A	96	ASP	OD2		C	346	PHE	O	A346F	2.1026859283447266	experiments/e133_c4_iptm80_multiseed_batch02/af3/out_s1/ova_body_c4_02/seed-4_sample-4/ova_body_c4_02_seed-4_sample-4_model.cif
OVA-C4-IPTM80-21I	4		A-C	A	346	PHE	O	A346F	C	96	ASP	OD2		2.106968879699707	experiments/e133_c4_iptm80_multiseed_batch02/af3/out_s1/ova_body_c4_02/seed-4_sample-4/ova_body_c4_02_seed-4_sample-4_model.cif
OVA-C4-IPTM80-21I	4		B-D	B	96	ASP	OD2		D	346	PHE	O	A346F	2.1079235076904297	experiments/e133_c4_iptm80_multiseed_batch02/af3/out_s1/ova_body_c4_02/seed-4_sample-4/ova_body_c4_02_seed-4_sample-4_model.cif
OVA-C4-IPTM80-21I	4		B-D	B	346	PHE	O	A346F	D	96	ASP	OD2		2.1429672241210938	experiments/e133_c4_iptm80_multiseed_batch02/af3/out_s1/ova_body_c4_02/seed-4_sample-4/ova_body_c4_02_seed-4_sample-4_model.cif
OVA-C4-IPTM80-21I	5		A-C	A	191	TYR	OH	A191Y	C	336	GLU	OE2	N336E	2.3048362731933594	experiments/e133_c4_iptm80_multiseed_batch02/af3/out_s1/ova_body_c4_02/seed-5_sample-1/ova_body_c4_02_seed-5_sample-1_model.cif
OVA-C4-IPTM80-21I	5		A-C	A	336	GLU	OE2	N336E	C	191	TYR	OH	A191Y	2.302083969116211	experiments/e133_c4_iptm80_multiseed_batch02/af3/out_s1/ova_body_c4_02/seed-5_sample-1/ova_body_c4_02_seed-5_sample-1_model.cif
OVA-C4-IPTM80-21I	5		B-D	B	191	TYR	OH	A191Y	D	336	GLU	OE2	N336E	2.3423590660095215	experiments/e133_c4_iptm80_multiseed_batch02/af3/out_s1/ova_body_c4_02/seed-5_sample-1/ova_body_c4_02_seed-5_sample-1_model.cif
OVA-C4-IPTM80-21I	5		B-D	B	336	GLU	OE2	N336E	D	191	TYR	OH	A191Y	2.3155605792999268	experiments/e133_c4_iptm80_multiseed_batch02/af3/out_s1/ova_body_c4_02/seed-5_sample-1/ova_body_c4_02_seed-5_sample-1_model.cif
OVA-C4-IPTM80-19J	1		A-C	A	345	GLU	OE1	S345E	C	95	ASN	CA		2.3304338455200195	experiments/e126_c4_iptm80_continue_af3_seed1/out_s2/ova_body_c4_107/seed-1_sample-0/ova_body_c4_107_seed-1_sample-0_model.cif
OVA-C4-IPTM80-19J	1		A-C	A	345	GLU	OE1	S345E	C	96	ASP	N		2.366689920425415	experiments/e126_c4_iptm80_continue_af3_seed1/out_s2/ova_body_c4_107/seed-1_sample-0/ova_body_c4_107_seed-1_sample-0_model.cif
OVA-C4-IPTM80-19J	1		A-C	A	96	ASP	OD2		C	345	GLU	N	S345E	2.113912582397461	experiments/e126_c4_iptm80_continue_af3_seed1/out_s2/ova_body_c4_107/seed-1_sample-1/ova_body_c4_107_seed-1_sample-1_model.cif
OVA-C4-IPTM80-19J	1		A-C	A	345	GLU	N	S345E	C	96	ASP	OD2		2.015841484069824	experiments/e126_c4_iptm80_continue_af3_seed1/out_s2/ova_body_c4_107/seed-1_sample-1/ova_body_c4_107_seed-1_sample-1_model.cif
OVA-C4-IPTM80-19J	1		B-D	B	96	ASP	OD2		D	345	GLU	N	S345E	2.130851984024048	experiments/e126_c4_iptm80_continue_af3_seed1/out_s2/ova_body_c4_107/seed-1_sample-1/ova_body_c4_107_seed-1_sample-1_model.cif
OVA-C4-IPTM80-19J	1		B-D	B	345	GLU	N	S345E	D	96	ASP	OD2		2.139993906021118	experiments/e126_c4_iptm80_continue_af3_seed1/out_s2/ova_body_c4_107/seed-1_sample-1/ova_body_c4_107_seed-1_sample-1_model.cif
OVA-C4-IPTM80-19J	1		A-C	A	95	ASN	CA		C	345	GLU	OE1	S345E	2.2463736534118652	experiments/e126_c4_iptm80_continue_af3_seed1/out_s2/ova_body_c4_107/seed-1_sample-2/ova_body_c4_107_seed-1_sample-2_model.cif
OVA-C4-IPTM80-19J	1		A-C	A	345	GLU	OE1	S345E	C	95	ASN	CA		2.3584489822387695	experiments/e126_c4_iptm80_continue_af3_seed1/out_s2/ova_body_c4_107/seed-1_sample-2/ova_body_c4_107_seed-1_sample-2_model.cif
OVA-C4-IPTM80-19J	1		B-D	B	95	ASN	CA		D	345	GLU	OE1	S345E	2.3200831413269043	experiments/e126_c4_iptm80_continue_af3_seed1/out_s2/ova_body_c4_107/seed-1_sample-2/ova_body_c4_107_seed-1_sample-2_model.cif
OVA-C4-IPTM80-19J	1		A-C	A	96	ASP	OD2		C	190	LYS	NZ		2.2226274013519287	experiments/e126_c4_iptm80_continue_af3_seed1/out_s2/ova_body_c4_107/seed-1_sample-4/ova_body_c4_107_seed-1_sample-4_model.cif
OVA-C4-IPTM80-19J	1		A-C	A	190	LYS	NZ		C	96	ASP	OD2		2.293105363845825	experiments/e126_c4_iptm80_continue_af3_seed1/out_s2/ova_body_c4_107/seed-1_sample-4/ova_body_c4_107_seed-1_sample-4_model.cif
OVA-C4-IPTM80-19J	1		B-D	B	96	ASP	OD2		D	190	LYS	NZ		2.23083233833313	experiments/e126_c4_iptm80_continue_af3_seed1/out_s2/ova_body_c4_107/seed-1_sample-4/ova_body_c4_107_seed-1_sample-4_model.cif
OVA-C4-IPTM80-19J	1		B-D	B	190	LYS	NZ		D	96	ASP	OD2		2.2400827407836914	experiments/e126_c4_iptm80_continue_af3_seed1/out_s2/ova_body_c4_107/seed-1_sample-4/ova_body_c4_107_seed-1_sample-4_model.cif
OVA-C4-IPTM80-19J	2		A-C	A	96	ASP	N		C	345	GLU	OE1	S345E	2.358431339263916	experiments/e134_c4_iptm80_multiseed_batch03/af3/out_s6/ova_body_c4_07/seed-2_sample-3/ova_body_c4_07_seed-2_sample-3_model.cif
OVA-C4-IPTM80-19J	2		A-C	A	96	ASP	OD2		C	190	LYS	NZ		2.2643885612487793	experiments/e134_c4_iptm80_multiseed_batch03/af3/out_s6/ova_body_c4_07/seed-2_sample-3/ova_body_c4_07_seed-2_sample-3_model.cif
OVA-C4-IPTM80-19J	2		A-C	A	190	LYS	NZ		C	96	ASP	OD2		2.2895946502685547	experiments/e134_c4_iptm80_multiseed_batch03/af3/out_s6/ova_body_c4_07/seed-2_sample-3/ova_body_c4_07_seed-2_sample-3_model.cif
OVA-C4-IPTM80-19J	2		A-C	A	345	GLU	OE1	S345E	C	96	ASP	N		2.265401840209961	experiments/e134_c4_iptm80_multiseed_batch03/af3/out_s6/ova_body_c4_07/seed-2_sample-3/ova_body_c4_07_seed-2_sample-3_model.cif
OVA-C4-IPTM80-19J	2		B-D	B	96	ASP	N		D	345	GLU	OE1	S345E	2.3172316551208496	experiments/e134_c4_iptm80_multiseed_batch03/af3/out_s6/ova_body_c4_07/seed-2_sample-3/ova_body_c4_07_seed-2_sample-3_model.cif
OVA-C4-IPTM80-19J	2		B-D	B	96	ASP	OD2		D	190	LYS	NZ		2.289137125015259	experiments/e134_c4_iptm80_multiseed_batch03/af3/out_s6/ova_body_c4_07/seed-2_sample-3/ova_body_c4_07_seed-2_sample-3_model.cif
OVA-C4-IPTM80-19J	2		B-D	B	190	LYS	NZ		D	96	ASP	OD2		2.2942955493927	experiments/e134_c4_iptm80_multiseed_batch03/af3/out_s6/ova_body_c4_07/seed-2_sample-3/ova_body_c4_07_seed-2_sample-3_model.cif
OVA-C4-IPTM80-19J	2		B-D	B	345	GLU	OE1	S345E	D	96	ASP	N		2.309323787689209	experiments/e134_c4_iptm80_multiseed_batch03/af3/out_s6/ova_body_c4_07/seed-2_sample-3/ova_body_c4_07_seed-2_sample-3_model.cif
OVA-C4-IPTM80-19J	3		B-C	B	346	PHE	CE1	A346F	C	346	PHE	CE1	A346F	2.37808895111084	experiments/e134_c4_iptm80_multiseed_batch03/af3/out_s6/ova_body_c4_07/seed-3_sample-2/ova_body_c4_07_seed-3_sample-2_model.cif
OVA-C4-IPTM80-19J	4		A-C	A	96	ASP	N		C	345	GLU	OE1	S345E	2.310262680053711	experiments/e134_c4_iptm80_multiseed_batch03/af3/out_s6/ova_body_c4_07/seed-4_sample-4/ova_body_c4_07_seed-4_sample-4_model.cif
OVA-C4-IPTM80-19J	4		A-C	A	345	GLU	OE1	S345E	C	96	ASP	N		2.29154372215271	experiments/e134_c4_iptm80_multiseed_batch03/af3/out_s6/ova_body_c4_07/seed-4_sample-4/ova_body_c4_07_seed-4_sample-4_model.cif
OVA-C4-IPTM80-19J	4		B-D	B	96	ASP	N		D	345	GLU	OE1	S345E	2.3778388500213623	experiments/e134_c4_iptm80_multiseed_batch03/af3/out_s6/ova_body_c4_07/seed-4_sample-4/ova_body_c4_07_seed-4_sample-4_model.cif
OVA-C4-IPTM80-19J	4		B-D	B	345	GLU	OE1	S345E	D	96	ASP	N		2.3060569763183594	experiments/e134_c4_iptm80_multiseed_batch03/af3/out_s6/ova_body_c4_07/seed-4_sample-4/ova_body_c4_07_seed-4_sample-4_model.cif
OVA-C4-IPTM80-19J	5		A-C	A	96	ASP	OD2		C	345	GLU	CG	S345E	2.393674612045288	experiments/e134_c4_iptm80_multiseed_batch03/af3/out_s6/ova_body_c4_07/seed-5_sample-0/ova_body_c4_07_seed-5_sample-0_model.cif
OVA-C4-IPTM80-19J	5		A-C	A	190	LYS	NZ		C	96	ASP	OD2		2.388479471206665	experiments/e134_c4_iptm80_multiseed_batch03/af3/out_s6/ova_body_c4_07/seed-5_sample-0/ova_body_c4_07_seed-5_sample-0_model.cif
OVA-C4-IPTM80-19J	5		A-C	A	96	ASP	N		C	345	GLU	OE1	S345E	2.0442557334899902	experiments/e134_c4_iptm80_multiseed_batch03/af3/out_s6/ova_body_c4_07/seed-5_sample-1/ova_body_c4_07_seed-5_sample-1_model.cif
OVA-C4-IPTM80-19J	5		A-C	A	96	ASP	OD2		C	190	LYS	NZ		2.272592782974243	experiments/e134_c4_iptm80_multiseed_batch03/af3/out_s6/ova_body_c4_07/seed-5_sample-1/ova_body_c4_07_seed-5_sample-1_model.cif
OVA-C4-IPTM80-19J	5		A-C	A	190	LYS	NZ		C	96	ASP	OD2		2.3076322078704834	experiments/e134_c4_iptm80_multiseed_batch03/af3/out_s6/ova_body_c4_07/seed-5_sample-1/ova_body_c4_07_seed-5_sample-1_model.cif
OVA-C4-IPTM80-19J	5		A-C	A	345	GLU	OE1	S345E	C	96	ASP	N		2.018627405166626	experiments/e134_c4_iptm80_multiseed_batch03/af3/out_s6/ova_body_c4_07/seed-5_sample-1/ova_body_c4_07_seed-5_sample-1_model.cif
OVA-C4-IPTM80-19J	5		B-D	B	96	ASP	N		D	345	GLU	OE1	S345E	2.1191229820251465	experiments/e134_c4_iptm80_multiseed_batch03/af3/out_s6/ova_body_c4_07/seed-5_sample-1/ova_body_c4_07_seed-5_sample-1_model.cif
OVA-C4-IPTM80-19J	5		B-D	B	96	ASP	OD2		D	190	LYS	NZ		2.295032501220703	experiments/e134_c4_iptm80_multiseed_batch03/af3/out_s6/ova_body_c4_07/seed-5_sample-1/ova_body_c4_07_seed-5_sample-1_model.cif
OVA-C4-IPTM80-19J	5		B-D	B	190	LYS	NZ		D	96	ASP	OD2		2.2814395427703857	experiments/e134_c4_iptm80_multiseed_batch03/af3/out_s6/ova_body_c4_07/seed-5_sample-1/ova_body_c4_07_seed-5_sample-1_model.cif
OVA-C4-IPTM80-19J	5		B-D	B	345	GLU	OE1	S345E	D	96	ASP	N		2.0289008617401123	experiments/e134_c4_iptm80_multiseed_batch03/af3/out_s6/ova_body_c4_07/seed-5_sample-1/ova_body_c4_07_seed-5_sample-1_model.cif
OVA-C4-IPTM80-19J	5		A-C	A	96	ASP	OD2		C	190	LYS	NZ		2.3736608028411865	experiments/e134_c4_iptm80_multiseed_batch03/af3/out_s6/ova_body_c4_07/seed-5_sample-3/ova_body_c4_07_seed-5_sample-3_model.cif
OVA-C4-IPTM80-19J	5		B-D	B	190	LYS	NZ		D	96	ASP	OD2		2.398367166519165	experiments/e134_c4_iptm80_multiseed_batch03/af3/out_s6/ova_body_c4_07/seed-5_sample-3/ova_body_c4_07_seed-5_sample-3_model.cif
OVA-C4-IPTM80-19K	4		A-C	A	96	ARG	NH2	D96R	C	348	GLU	N	A348E	1.8567625284194946	experiments/e120_c4_iptm80_top6_seeds2_5_af3/out_s2/ova_body_c4_03/seed-4_sample-0/ova_body_c4_03_seed-4_sample-0_model.cif
OVA-C4-IPTM80-19K	4		A-C	A	344	GLY	O		C	96	ARG	NH1	D96R	2.3255844116210938	experiments/e120_c4_iptm80_top6_seeds2_5_af3/out_s2/ova_body_c4_03/seed-4_sample-0/ova_body_c4_03_seed-4_sample-0_model.cif
OVA-C4-IPTM80-19K	4		A-C	A	348	GLU	N	A348E	C	96	ARG	NH2	D96R	1.8004837036132812	experiments/e120_c4_iptm80_top6_seeds2_5_af3/out_s2/ova_body_c4_03/seed-4_sample-0/ova_body_c4_03_seed-4_sample-0_model.cif
OVA-C4-IPTM80-19K	4		B-D	B	96	ARG	NH1	D96R	D	344	GLY	O		2.396678924560547	experiments/e120_c4_iptm80_top6_seeds2_5_af3/out_s2/ova_body_c4_03/seed-4_sample-0/ova_body_c4_03_seed-4_sample-0_model.cif
OVA-C4-IPTM80-19K	4		B-D	B	96	ARG	NH2	D96R	D	348	GLU	N	A348E	1.9121824502944946	experiments/e120_c4_iptm80_top6_seeds2_5_af3/out_s2/ova_body_c4_03/seed-4_sample-0/ova_body_c4_03_seed-4_sample-0_model.cif
OVA-C4-IPTM80-19K	4		B-D	B	344	GLY	O		D	96	ARG	NH1	D96R	2.2561404705047607	experiments/e120_c4_iptm80_top6_seeds2_5_af3/out_s2/ova_body_c4_03/seed-4_sample-0/ova_body_c4_03_seed-4_sample-0_model.cif
OVA-C4-IPTM80-19K	4		B-D	B	348	GLU	N	A348E	D	96	ARG	NH2	D96R	1.8412644863128662	experiments/e120_c4_iptm80_top6_seeds2_5_af3/out_s2/ova_body_c4_03/seed-4_sample-0/ova_body_c4_03_seed-4_sample-0_model.cif
OVA-C4-IPTM80-19K	5		A-D	A	95	ASN	CA		D	348	GLU	OE1	A348E	2.1183037757873535	experiments/e120_c4_iptm80_top6_seeds2_5_af3/out_s2/ova_body_c4_03/seed-5_sample-0/ova_body_c4_03_seed-5_sample-0_model.cif
OVA-C4-IPTM80-19K	5		A-D	A	95	ASN	C		D	348	GLU	OE1	A348E	2.3848650455474854	experiments/e120_c4_iptm80_top6_seeds2_5_af3/out_s2/ova_body_c4_03/seed-5_sample-0/ova_body_c4_03_seed-5_sample-0_model.cif
OVA-C4-IPTM80-19K	5		A-D	A	96	ARG	N	D96R	D	348	GLU	OE1	A348E	2.3379359245300293	experiments/e120_c4_iptm80_top6_seeds2_5_af3/out_s2/ova_body_c4_03/seed-5_sample-0/ova_body_c4_03_seed-5_sample-0_model.cif
OVA-C4-IPTM80-19K	5		A-D	A	348	GLU	OE1	A348E	D	95	ASN	CA		2.102219820022583	experiments/e120_c4_iptm80_top6_seeds2_5_af3/out_s2/ova_body_c4_03/seed-5_sample-0/ova_body_c4_03_seed-5_sample-0_model.cif
OVA-C4-IPTM80-19K	5		A-D	A	348	GLU	OE1	A348E	D	95	ASN	C		2.350210428237915	experiments/e120_c4_iptm80_top6_seeds2_5_af3/out_s2/ova_body_c4_03/seed-5_sample-0/ova_body_c4_03_seed-5_sample-0_model.cif
OVA-C4-IPTM80-19K	5		A-D	A	348	GLU	OE1	A348E	D	96	ARG	N	D96R	2.306046485900879	experiments/e120_c4_iptm80_top6_seeds2_5_af3/out_s2/ova_body_c4_03/seed-5_sample-0/ova_body_c4_03_seed-5_sample-0_model.cif
OVA-C4-IPTM80-19K	5		B-C	B	95	ASN	CA		C	348	GLU	OE1	A348E	2.072920083999634	experiments/e120_c4_iptm80_top6_seeds2_5_af3/out_s2/ova_body_c4_03/seed-5_sample-0/ova_body_c4_03_seed-5_sample-0_model.cif
OVA-C4-IPTM80-19K	5		B-C	B	95	ASN	C		C	348	GLU	OE1	A348E	2.3037965297698975	experiments/e120_c4_iptm80_top6_seeds2_5_af3/out_s2/ova_body_c4_03/seed-5_sample-0/ova_body_c4_03_seed-5_sample-0_model.cif
OVA-C4-IPTM80-19K	5		B-C	B	96	ARG	N	D96R	C	348	GLU	OE1	A348E	2.273787498474121	experiments/e120_c4_iptm80_top6_seeds2_5_af3/out_s2/ova_body_c4_03/seed-5_sample-0/ova_body_c4_03_seed-5_sample-0_model.cif
OVA-C4-IPTM80-19K	5		B-C	B	348	GLU	OE1	A348E	C	95	ASN	CA		2.2234983444213867	experiments/e120_c4_iptm80_top6_seeds2_5_af3/out_s2/ova_body_c4_03/seed-5_sample-0/ova_body_c4_03_seed-5_sample-0_model.cif
OVA-C4-IPTM80-19K	5		A-D	A	96	ARG	N	D96R	D	348	GLU	OE1	A348E	2.251406192779541	experiments/e120_c4_iptm80_top6_seeds2_5_af3/out_s2/ova_body_c4_03/seed-5_sample-3/ova_body_c4_03_seed-5_sample-3_model.cif
OVA-C4-IPTM80-19K	5		A-D	A	340	ARG	NH1		D	345	GLU	OE1	S345E	2.324575901031494	experiments/e120_c4_iptm80_top6_seeds2_5_af3/out_s2/ova_body_c4_03/seed-5_sample-3/ova_body_c4_03_seed-5_sample-3_model.cif
OVA-C4-IPTM80-19K	5		A-D	A	345	GLU	OE1	S345E	D	340	ARG	NH1		2.3145716190338135	experiments/e120_c4_iptm80_top6_seeds2_5_af3/out_s2/ova_body_c4_03/seed-5_sample-3/ova_body_c4_03_seed-5_sample-3_model.cif
OVA-C4-IPTM80-19K	5		A-D	A	348	GLU	OE1	A348E	D	96	ARG	N	D96R	2.251807451248169	experiments/e120_c4_iptm80_top6_seeds2_5_af3/out_s2/ova_body_c4_03/seed-5_sample-3/ova_body_c4_03_seed-5_sample-3_model.cif
OVA-C4-IPTM80-19K	5		B-C	B	96	ARG	N	D96R	C	348	GLU	OE1	A348E	2.323077440261841	experiments/e120_c4_iptm80_top6_seeds2_5_af3/out_s2/ova_body_c4_03/seed-5_sample-3/ova_body_c4_03_seed-5_sample-3_model.cif
OVA-C4-IPTM80-19K	5		B-C	B	340	ARG	NH1		C	345	GLU	OE1	S345E	2.330768346786499	experiments/e120_c4_iptm80_top6_seeds2_5_af3/out_s2/ova_body_c4_03/seed-5_sample-3/ova_body_c4_03_seed-5_sample-3_model.cif
OVA-C4-IPTM80-19K	5		B-C	B	345	GLU	OE1	S345E	C	340	ARG	NH1		2.295863628387451	experiments/e120_c4_iptm80_top6_seeds2_5_af3/out_s2/ova_body_c4_03/seed-5_sample-3/ova_body_c4_03_seed-5_sample-3_model.cif
OVA-C4-IPTM80-19K	5		B-C	B	348	GLU	OE1	A348E	C	96	ARG	N	D96R	2.315556526184082	experiments/e120_c4_iptm80_top6_seeds2_5_af3/out_s2/ova_body_c4_03/seed-5_sample-3/ova_body_c4_03_seed-5_sample-3_model.cif
OVA-C4-IPTM80-19L	1		A-C	A	96	ASP	OD2		C	345	HIS	O	S345H	2.2537600994110107	experiments/e117_c4_iptm80_af2traj_af3/out_s2/ova_body_c4_51/seed-1_sample-1/ova_body_c4_51_seed-1_sample-1_model.cif
OVA-C4-IPTM80-19L	1		A-C	A	345	HIS	O	S345H	C	96	ASP	OD2		2.2204389572143555	experiments/e117_c4_iptm80_af2traj_af3/out_s2/ova_body_c4_51/seed-1_sample-1/ova_body_c4_51_seed-1_sample-1_model.cif
OVA-C4-IPTM80-19L	1		B-D	B	96	ASP	OD2		D	345	HIS	O	S345H	2.230466842651367	experiments/e117_c4_iptm80_af2traj_af3/out_s2/ova_body_c4_51/seed-1_sample-1/ova_body_c4_51_seed-1_sample-1_model.cif
OVA-C4-IPTM80-19L	1		B-D	B	345	HIS	O	S345H	D	96	ASP	OD2		2.163464307785034	experiments/e117_c4_iptm80_af2traj_af3/out_s2/ova_body_c4_51/seed-1_sample-1/ova_body_c4_51_seed-1_sample-1_model.cif
OVA-C4-IPTM80-19L	1		B-C	B	354	TYR	OH	S354Y	C	354	TYR	O	S354Y	2.3929457664489746	experiments/e117_c4_iptm80_af2traj_af3/out_s2/ova_body_c4_51/seed-1_sample-2/ova_body_c4_51_seed-1_sample-2_model.cif
OVA-C4-IPTM80-19L	1		A-C	A	96	ASP	OD2		C	345	HIS	O	S345H	2.109445810317993	experiments/e117_c4_iptm80_af2traj_af3/out_s2/ova_body_c4_51/seed-1_sample-3/ova_body_c4_51_seed-1_sample-3_model.cif
OVA-C4-IPTM80-19L	1		A-C	A	345	HIS	O	S345H	C	96	ASP	OD2		2.1196510791778564	experiments/e117_c4_iptm80_af2traj_af3/out_s2/ova_body_c4_51/seed-1_sample-3/ova_body_c4_51_seed-1_sample-3_model.cif
OVA-C4-IPTM80-19L	1		B-D	B	96	ASP	OD2		D	345	HIS	O	S345H	2.060166597366333	experiments/e117_c4_iptm80_af2traj_af3/out_s2/ova_body_c4_51/seed-1_sample-3/ova_body_c4_51_seed-1_sample-3_model.cif
OVA-C4-IPTM80-19L	1		B-D	B	345	HIS	O	S345H	D	96	ASP	OD2		2.1228795051574707	experiments/e117_c4_iptm80_af2traj_af3/out_s2/ova_body_c4_51/seed-1_sample-3/ova_body_c4_51_seed-1_sample-3_model.cif
OVA-C4-IPTM80-19L	1		A-C	A	96	ASP	OD2		C	345	HIS	O	S345H	2.0963287353515625	experiments/e117_c4_iptm80_af2traj_af3/out_s2/ova_body_c4_51/seed-1_sample-4/ova_body_c4_51_seed-1_sample-4_model.cif
OVA-C4-IPTM80-19L	1		A-C	A	345	HIS	O	S345H	C	96	ASP	OD2		2.1241631507873535	experiments/e117_c4_iptm80_af2traj_af3/out_s2/ova_body_c4_51/seed-1_sample-4/ova_body_c4_51_seed-1_sample-4_model.cif
OVA-C4-IPTM80-19L	1		A-D	A	345	HIS	NE2	S345H	D	345	HIS	NE2	S345H	2.3425800800323486	experiments/e117_c4_iptm80_af2traj_af3/out_s2/ova_body_c4_51/seed-1_sample-4/ova_body_c4_51_seed-1_sample-4_model.cif
OVA-C4-IPTM80-19L	1		B-C	B	345	HIS	NE2	S345H	C	345	HIS	NE2	S345H	2.3650224208831787	experiments/e117_c4_iptm80_af2traj_af3/out_s2/ova_body_c4_51/seed-1_sample-4/ova_body_c4_51_seed-1_sample-4_model.cif
OVA-C4-IPTM80-19L	1		B-D	B	96	ASP	OD2		D	345	HIS	O	S345H	2.11185884475708	experiments/e117_c4_iptm80_af2traj_af3/out_s2/ova_body_c4_51/seed-1_sample-4/ova_body_c4_51_seed-1_sample-4_model.cif
OVA-C4-IPTM80-19L	1		B-D	B	345	HIS	O	S345H	D	96	ASP	OD2		2.1120553016662598	experiments/e117_c4_iptm80_af2traj_af3/out_s2/ova_body_c4_51/seed-1_sample-4/ova_body_c4_51_seed-1_sample-4_model.cif
OVA-C4-IPTM80-19L	2		A-C	A	96	ASP	OD2		C	345	HIS	O	S345H	2.031639814376831	experiments/e120_c4_iptm80_top6_seeds2_5_af3/out_s3/ova_body_c4_04/seed-2_sample-1/ova_body_c4_04_seed-2_sample-1_model.cif
OVA-C4-IPTM80-19L	2		A-C	A	345	HIS	O	S345H	C	96	ASP	OD2		2.026947021484375	experiments/e120_c4_iptm80_top6_seeds2_5_af3/out_s3/ova_body_c4_04/seed-2_sample-1/ova_body_c4_04_seed-2_sample-1_model.cif
OVA-C4-IPTM80-19L	2		B-D	B	96	ASP	OD2		D	345	HIS	O	S345H	1.997398853302002	experiments/e120_c4_iptm80_top6_seeds2_5_af3/out_s3/ova_body_c4_04/seed-2_sample-1/ova_body_c4_04_seed-2_sample-1_model.cif
OVA-C4-IPTM80-19L	2		B-D	B	345	HIS	O	S345H	D	96	ASP	OD2		2.0503599643707275	experiments/e120_c4_iptm80_top6_seeds2_5_af3/out_s3/ova_body_c4_04/seed-2_sample-1/ova_body_c4_04_seed-2_sample-1_model.cif
OVA-C4-IPTM80-19L	3		A-C	A	345	HIS	O	S345H	C	96	ASP	OD2		2.3386220932006836	experiments/e120_c4_iptm80_top6_seeds2_5_af3/out_s3/ova_body_c4_04/seed-3_sample-0/ova_body_c4_04_seed-3_sample-0_model.cif
OVA-C4-IPTM80-19L	3		A-D	A	345	HIS	NE2	S345H	D	345	HIS	NE2	S345H	2.1697120666503906	experiments/e120_c4_iptm80_top6_seeds2_5_af3/out_s3/ova_body_c4_04/seed-3_sample-2/ova_body_c4_04_seed-3_sample-2_model.cif
OVA-C4-IPTM80-19L	3		B-C	B	345	HIS	NE2	S345H	C	345	HIS	NE2	S345H	2.202253818511963	experiments/e120_c4_iptm80_top6_seeds2_5_af3/out_s3/ova_body_c4_04/seed-3_sample-2/ova_body_c4_04_seed-3_sample-2_model.cif
OVA-C4-IPTM80-19L	3		A-C	A	96	ASP	CB		C	345	HIS	ND1	S345H	2.2184314727783203	experiments/e120_c4_iptm80_top6_seeds2_5_af3/out_s3/ova_body_c4_04/seed-3_sample-3/ova_body_c4_04_seed-3_sample-3_model.cif
OVA-C4-IPTM80-19L	3		A-C	A	345	HIS	ND1	S345H	C	96	ASP	CB		2.158334255218506	experiments/e120_c4_iptm80_top6_seeds2_5_af3/out_s3/ova_body_c4_04/seed-3_sample-3/ova_body_c4_04_seed-3_sample-3_model.cif
OVA-C4-IPTM80-19L	3		A-C	A	345	HIS	CE1	S345H	C	96	ASP	CB		2.3928098678588867	experiments/e120_c4_iptm80_top6_seeds2_5_af3/out_s3/ova_body_c4_04/seed-3_sample-3/ova_body_c4_04_seed-3_sample-3_model.cif
OVA-C4-IPTM80-19L	3		B-D	B	96	ASP	CB		D	345	HIS	ND1	S345H	2.398625135421753	experiments/e120_c4_iptm80_top6_seeds2_5_af3/out_s3/ova_body_c4_04/seed-3_sample-3/ova_body_c4_04_seed-3_sample-3_model.cif
OVA-C4-IPTM80-19L	3		B-D	B	345	HIS	ND1	S345H	D	96	ASP	CB		2.2165727615356445	experiments/e120_c4_iptm80_top6_seeds2_5_af3/out_s3/ova_body_c4_04/seed-3_sample-3/ova_body_c4_04_seed-3_sample-3_model.cif
OVA-C4-IPTM80-19L	4		A-C	A	340	ARG	NH2		C	346	ASP	OD1	A346D	2.1818716526031494	experiments/e120_c4_iptm80_top6_seeds2_5_af3/out_s3/ova_body_c4_04/seed-4_sample-1/ova_body_c4_04_seed-4_sample-1_model.cif
OVA-C4-IPTM80-19L	4		A-C	A	346	ASP	OD1	A346D	C	340	ARG	NH2		2.153414249420166	experiments/e120_c4_iptm80_top6_seeds2_5_af3/out_s3/ova_body_c4_04/seed-4_sample-1/ova_body_c4_04_seed-4_sample-1_model.cif
OVA-C4-IPTM80-19L	4		A-D	A	187	LYS	CE		D	346	ASP	OD2	A346D	2.263012647628784	experiments/e120_c4_iptm80_top6_seeds2_5_af3/out_s3/ova_body_c4_04/seed-4_sample-1/ova_body_c4_04_seed-4_sample-1_model.cif
OVA-C4-IPTM80-19L	4		A-D	A	187	LYS	NZ		D	346	ASP	OD2	A346D	2.35573673248291	experiments/e120_c4_iptm80_top6_seeds2_5_af3/out_s3/ova_body_c4_04/seed-4_sample-1/ova_body_c4_04_seed-4_sample-1_model.cif
OVA-C4-IPTM80-19L	4		A-D	A	346	ASP	OD2	A346D	D	187	LYS	CE		2.371051788330078	experiments/e120_c4_iptm80_top6_seeds2_5_af3/out_s3/ova_body_c4_04/seed-4_sample-1/ova_body_c4_04_seed-4_sample-1_model.cif
OVA-C4-IPTM80-19L	4		A-D	A	346	ASP	OD2	A346D	D	187	LYS	NZ		2.371324062347412	experiments/e120_c4_iptm80_top6_seeds2_5_af3/out_s3/ova_body_c4_04/seed-4_sample-1/ova_body_c4_04_seed-4_sample-1_model.cif
OVA-C4-IPTM80-19L	4		A-D	A	350	ILE	CD1	V350I	D	345	HIS	NE2	S345H	2.398138999938965	experiments/e120_c4_iptm80_top6_seeds2_5_af3/out_s3/ova_body_c4_04/seed-4_sample-1/ova_body_c4_04_seed-4_sample-1_model.cif
OVA-C4-IPTM80-19L	4		B-C	B	187	LYS	CE		C	346	ASP	OD2	A346D	2.3480584621429443	experiments/e120_c4_iptm80_top6_seeds2_5_af3/out_s3/ova_body_c4_04/seed-4_sample-1/ova_body_c4_04_seed-4_sample-1_model.cif
OVA-C4-IPTM80-19L	4		B-C	B	346	ASP	OD2	A346D	C	187	LYS	CE		2.388546943664551	experiments/e120_c4_iptm80_top6_seeds2_5_af3/out_s3/ova_body_c4_04/seed-4_sample-1/ova_body_c4_04_seed-4_sample-1_model.cif
OVA-C4-IPTM80-19L	4		B-D	B	340	ARG	NH2		D	346	ASP	OD1	A346D	2.0866217613220215	experiments/e120_c4_iptm80_top6_seeds2_5_af3/out_s3/ova_body_c4_04/seed-4_sample-1/ova_body_c4_04_seed-4_sample-1_model.cif
OVA-C4-IPTM80-19L	4		B-D	B	346	ASP	OD1	A346D	D	340	ARG	NH2		2.1840009689331055	experiments/e120_c4_iptm80_top6_seeds2_5_af3/out_s3/ova_body_c4_04/seed-4_sample-1/ova_body_c4_04_seed-4_sample-1_model.cif
OVA-C4-IPTM80-19L	4		A-C	A	96	ASP	OD2		C	345	HIS	O	S345H	2.061755418777466	experiments/e120_c4_iptm80_top6_seeds2_5_af3/out_s3/ova_body_c4_04/seed-4_sample-3/ova_body_c4_04_seed-4_sample-3_model.cif
OVA-C4-IPTM80-19L	4		A-C	A	345	HIS	O	S345H	C	96	ASP	OD2		2.0622150897979736	experiments/e120_c4_iptm80_top6_seeds2_5_af3/out_s3/ova_body_c4_04/seed-4_sample-3/ova_body_c4_04_seed-4_sample-3_model.cif
OVA-C4-IPTM80-19L	4		B-D	B	96	ASP	OD2		D	345	HIS	O	S345H	2.0705478191375732	experiments/e120_c4_iptm80_top6_seeds2_5_af3/out_s3/ova_body_c4_04/seed-4_sample-3/ova_body_c4_04_seed-4_sample-3_model.cif
OVA-C4-IPTM80-19L	4		B-D	B	345	HIS	O	S345H	D	96	ASP	OD2		2.0943329334259033	experiments/e120_c4_iptm80_top6_seeds2_5_af3/out_s3/ova_body_c4_04/seed-4_sample-3/ova_body_c4_04_seed-4_sample-3_model.cif
OVA-C4-IPTM80-19L	4		A-C	A	341	PHE	CD2	E341F	C	341	PHE	CE2	E341F	2.3825595378875732	experiments/e120_c4_iptm80_top6_seeds2_5_af3/out_s3/ova_body_c4_04/seed-4_sample-4/ova_body_c4_04_seed-4_sample-4_model.cif
OVA-C4-IPTM80-19L	4		A-C	A	341	PHE	CE2	E341F	C	341	PHE	CD2	E341F	2.3010964393615723	experiments/e120_c4_iptm80_top6_seeds2_5_af3/out_s3/ova_body_c4_04/seed-4_sample-4/ova_body_c4_04_seed-4_sample-4_model.cif
OVA-C4-IPTM80-19L	4		A-C	A	341	PHE	CE2	E341F	C	341	PHE	CE2	E341F	1.5058945417404175	experiments/e120_c4_iptm80_top6_seeds2_5_af3/out_s3/ova_body_c4_04/seed-4_sample-4/ova_body_c4_04_seed-4_sample-4_model.cif
OVA-C4-IPTM80-19L	4		B-D	B	341	PHE	CD2	E341F	D	341	PHE	CE2	E341F	2.3738436698913574	experiments/e120_c4_iptm80_top6_seeds2_5_af3/out_s3/ova_body_c4_04/seed-4_sample-4/ova_body_c4_04_seed-4_sample-4_model.cif
OVA-C4-IPTM80-19L	4		B-D	B	341	PHE	CE2	E341F	D	341	PHE	CE2	E341F	1.578795075416565	experiments/e120_c4_iptm80_top6_seeds2_5_af3/out_s3/ova_body_c4_04/seed-4_sample-4/ova_body_c4_04_seed-4_sample-4_model.cif
OVA-C4-IPTM80-19L	5		A-D	A	354	TYR	O	S354Y	D	354	TYR	OH	S354Y	2.331669807434082	experiments/e120_c4_iptm80_top6_seeds2_5_af3/out_s3/ova_body_c4_04/seed-5_sample-3/ova_body_c4_04_seed-5_sample-3_model.cif
OVA-C4-IPTM80-21M	1		A-C	A	96	ASP	OD2		C	344	GLY	O		2.3790736198425293	experiments/e126_c4_iptm80_continue_af3_seed1/out_s1/ova_body_c4_106/seed-1_sample-1/ova_body_c4_106_seed-1_sample-1_model.cif
OVA-C4-IPTM80-21M	1		A-D	A	217	LEU	CD1		D	345	GLU	O	S345E	2.176128625869751	experiments/e126_c4_iptm80_continue_af3_seed1/out_s1/ova_body_c4_106/seed-1_sample-2/ova_body_c4_106_seed-1_sample-2_model.cif
OVA-C4-IPTM80-21M	1		A-D	A	345	GLU	O	S345E	D	217	LEU	CD1		2.2709789276123047	experiments/e126_c4_iptm80_continue_af3_seed1/out_s1/ova_body_c4_106/seed-1_sample-2/ova_body_c4_106_seed-1_sample-2_model.cif
OVA-C4-IPTM80-21M	1		B-C	B	217	LEU	CD1		C	345	GLU	O	S345E	2.1522252559661865	experiments/e126_c4_iptm80_continue_af3_seed1/out_s1/ova_body_c4_106/seed-1_sample-2/ova_body_c4_106_seed-1_sample-2_model.cif
OVA-C4-IPTM80-21M	1		B-C	B	345	GLU	O	S345E	C	217	LEU	CD1		2.122121810913086	experiments/e126_c4_iptm80_continue_af3_seed1/out_s1/ova_body_c4_106/seed-1_sample-2/ova_body_c4_106_seed-1_sample-2_model.cif
OVA-C4-IPTM80-21M	2		A-C	A	96	ASP	OD2		C	344	GLY	O		2.393636703491211	experiments/e133_c4_iptm80_multiseed_batch02/af3/out_s3/ova_body_c4_04/seed-2_sample-4/ova_body_c4_04_seed-2_sample-4_model.cif
OVA-C4-IPTM80-21M	2		A-C	A	344	GLY	O		C	96	ASP	OD2		2.372154951095581	experiments/e133_c4_iptm80_multiseed_batch02/af3/out_s3/ova_body_c4_04/seed-2_sample-4/ova_body_c4_04_seed-2_sample-4_model.cif
OVA-C4-IPTM80-21M	2		B-D	B	96	ASP	OD2		D	344	GLY	O		2.3364131450653076	experiments/e133_c4_iptm80_multiseed_batch02/af3/out_s3/ova_body_c4_04/seed-2_sample-4/ova_body_c4_04_seed-2_sample-4_model.cif
OVA-C4-IPTM80-21M	2		B-D	B	344	GLY	O		D	96	ASP	OD2		2.3407845497131348	experiments/e133_c4_iptm80_multiseed_batch02/af3/out_s3/ova_body_c4_04/seed-2_sample-4/ova_body_c4_04_seed-2_sample-4_model.cif
OVA-C4-IPTM80-21M	4		A-D	A	345	GLU	OE1	S345E	D	95	ASN	CB		2.344850540161133	experiments/e133_c4_iptm80_multiseed_batch02/af3/out_s3/ova_body_c4_04/seed-4_sample-0/ova_body_c4_04_seed-4_sample-0_model.cif
OVA-C4-IPTM80-21M	4		A-D	A	95	ASN	CA		D	345	GLU	OE1	S345E	2.222043991088867	experiments/e133_c4_iptm80_multiseed_batch02/af3/out_s3/ova_body_c4_04/seed-4_sample-1/ova_body_c4_04_seed-4_sample-1_model.cif
OVA-C4-IPTM80-21M	4		A-D	A	345	GLU	OE1	S345E	D	95	ASN	CA		2.1886520385742188	experiments/e133_c4_iptm80_multiseed_batch02/af3/out_s3/ova_body_c4_04/seed-4_sample-1/ova_body_c4_04_seed-4_sample-1_model.cif
OVA-C4-IPTM80-21M	4		B-C	B	95	ASN	CA		C	345	GLU	OE1	S345E	2.1107888221740723	experiments/e133_c4_iptm80_multiseed_batch02/af3/out_s3/ova_body_c4_04/seed-4_sample-1/ova_body_c4_04_seed-4_sample-1_model.cif
OVA-C4-IPTM80-21M	4		B-C	B	345	GLU	OE1	S345E	C	95	ASN	CA		2.254478931427002	experiments/e133_c4_iptm80_multiseed_batch02/af3/out_s3/ova_body_c4_04/seed-4_sample-1/ova_body_c4_04_seed-4_sample-1_model.cif
OVA-C4-IPTM80-21M	4		A-D	A	96	ASP	CG		D	347	ASP	OD1	E347D	2.191591501235962	experiments/e133_c4_iptm80_multiseed_batch02/af3/out_s3/ova_body_c4_04/seed-4_sample-2/ova_body_c4_04_seed-4_sample-2_model.cif
OVA-C4-IPTM80-21M	4		A-D	A	96	ASP	OD2		D	190	LYS	NZ		2.075137138366699	experiments/e133_c4_iptm80_multiseed_batch02/af3/out_s3/ova_body_c4_04/seed-4_sample-2/ova_body_c4_04_seed-4_sample-2_model.cif
OVA-C4-IPTM80-21M	4		A-D	A	96	ASP	OD2		D	347	ASP	OD1	E347D	2.1024646759033203	experiments/e133_c4_iptm80_multiseed_batch02/af3/out_s3/ova_body_c4_04/seed-4_sample-2/ova_body_c4_04_seed-4_sample-2_model.cif
OVA-C4-IPTM80-21M	4		A-D	A	190	LYS	NZ		D	96	ASP	OD2		2.1069233417510986	experiments/e133_c4_iptm80_multiseed_batch02/af3/out_s3/ova_body_c4_04/seed-4_sample-2/ova_body_c4_04_seed-4_sample-2_model.cif
OVA-C4-IPTM80-21M	4		A-D	A	347	ASP	OD1	E347D	D	96	ASP	CG		2.320070505142212	experiments/e133_c4_iptm80_multiseed_batch02/af3/out_s3/ova_body_c4_04/seed-4_sample-2/ova_body_c4_04_seed-4_sample-2_model.cif
OVA-C4-IPTM80-21M	4		A-D	A	347	ASP	OD1	E347D	D	96	ASP	OD2		1.9182676076889038	experiments/e133_c4_iptm80_multiseed_batch02/af3/out_s3/ova_body_c4_04/seed-4_sample-2/ova_body_c4_04_seed-4_sample-2_model.cif
OVA-C4-IPTM80-21M	4		B-C	B	96	ASP	CG		C	347	ASP	OD1	E347D	2.175471544265747	experiments/e133_c4_iptm80_multiseed_batch02/af3/out_s3/ova_body_c4_04/seed-4_sample-2/ova_body_c4_04_seed-4_sample-2_model.cif
OVA-C4-IPTM80-21M	4		B-C	B	96	ASP	OD2		C	190	LYS	NZ		2.095726728439331	experiments/e133_c4_iptm80_multiseed_batch02/af3/out_s3/ova_body_c4_04/seed-4_sample-2/ova_body_c4_04_seed-4_sample-2_model.cif
OVA-C4-IPTM80-21M	4		B-C	B	96	ASP	OD2		C	347	ASP	OD1	E347D	2.061814069747925	experiments/e133_c4_iptm80_multiseed_batch02/af3/out_s3/ova_body_c4_04/seed-4_sample-2/ova_body_c4_04_seed-4_sample-2_model.cif
OVA-C4-IPTM80-21M	4		B-C	B	190	LYS	NZ		C	96	ASP	OD2		2.0638697147369385	experiments/e133_c4_iptm80_multiseed_batch02/af3/out_s3/ova_body_c4_04/seed-4_sample-2/ova_body_c4_04_seed-4_sample-2_model.cif
OVA-C4-IPTM80-21M	4		B-C	B	347	ASP	OD1	E347D	C	96	ASP	CG		2.1189587116241455	experiments/e133_c4_iptm80_multiseed_batch02/af3/out_s3/ova_body_c4_04/seed-4_sample-2/ova_body_c4_04_seed-4_sample-2_model.cif
OVA-C4-IPTM80-21M	4		B-C	B	347	ASP	OD1	E347D	C	96	ASP	OD2		1.7783992290496826	experiments/e133_c4_iptm80_multiseed_batch02/af3/out_s3/ova_body_c4_04/seed-4_sample-2/ova_body_c4_04_seed-4_sample-2_model.cif
OVA-C4-IPTM80-21M	4		B-D	B	217	LEU	CD1		D	345	GLU	O	S345E	2.381812572479248	experiments/e133_c4_iptm80_multiseed_batch02/af3/out_s3/ova_body_c4_04/seed-4_sample-4/ova_body_c4_04_seed-4_sample-4_model.cif
OVA-C4-IPTM80-21M	4		B-D	B	345	GLU	O	S345E	D	217	LEU	CD1		2.3617000579833984	experiments/e133_c4_iptm80_multiseed_batch02/af3/out_s3/ova_body_c4_04/seed-4_sample-4/ova_body_c4_04_seed-4_sample-4_model.cif
OVA-C4-IPTM80-21M	5		B-D	B	340	ARG	NH1		D	345	GLU	OE1	S345E	2.36392879486084	experiments/e133_c4_iptm80_multiseed_batch02/af3/out_s3/ova_body_c4_04/seed-5_sample-0/ova_body_c4_04_seed-5_sample-0_model.cif
OVA-C4-IPTM80-21M	5		A-C	A	96	ASP	OD2		C	344	GLY	O		2.3719234466552734	experiments/e133_c4_iptm80_multiseed_batch02/af3/out_s3/ova_body_c4_04/seed-5_sample-4/ova_body_c4_04_seed-5_sample-4_model.cif
OVA-C4-IPTM80-21M	5		A-C	A	344	GLY	O		C	96	ASP	OD2		2.2932932376861572	experiments/e133_c4_iptm80_multiseed_batch02/af3/out_s3/ova_body_c4_04/seed-5_sample-4/ova_body_c4_04_seed-5_sample-4_model.cif
OVA-C4-IPTM80-21M	5		B-D	B	96	ASP	OD2		D	344	GLY	O		2.392885684967041	experiments/e133_c4_iptm80_multiseed_batch02/af3/out_s3/ova_body_c4_04/seed-5_sample-4/ova_body_c4_04_seed-5_sample-4_model.cif
OVA-C4-IPTM80-21M	5		B-D	B	344	GLY	O		D	96	ASP	OD2		2.397759437561035	experiments/e133_c4_iptm80_multiseed_batch02/af3/out_s3/ova_body_c4_04/seed-5_sample-4/ova_body_c4_04_seed-5_sample-4_model.cif
OVA-C4-IPTM80-20N	1		B-C	B	346	PHE	CE1	A346F	C	350	ILE	CD1	V350I	2.36173152923584	experiments/e126_c4_iptm80_continue_af3_seed1/out_s7/ova_body_c4_104/seed-1_sample-0/ova_body_c4_104_seed-1_sample-0_model.cif
OVA-C4-IPTM80-20N	2		B-D	B	191	TYR	OH	A191Y	D	336	GLU	OE2	N336E	2.3879051208496094	experiments/e134_c4_iptm80_multiseed_batch03/af3/out_s4/ova_body_c4_05/seed-2_sample-1/ova_body_c4_05_seed-2_sample-1_model.cif
OVA-C4-IPTM80-20N	2		B-D	B	336	GLU	OE2	N336E	D	191	TYR	OH	A191Y	2.3732519149780273	experiments/e134_c4_iptm80_multiseed_batch03/af3/out_s4/ova_body_c4_05/seed-2_sample-1/ova_body_c4_05_seed-2_sample-1_model.cif
OVA-C4-IPTM80-20N	2		A-C	A	95	ASN	CA		C	348	GLU	OE1	A348E	2.306440830230713	experiments/e134_c4_iptm80_multiseed_batch03/af3/out_s4/ova_body_c4_05/seed-2_sample-2/ova_body_c4_05_seed-2_sample-2_model.cif
OVA-C4-IPTM80-20N	2		A-C	A	348	GLU	OE1	A348E	C	95	ASN	CA		2.357025146484375	experiments/e134_c4_iptm80_multiseed_batch03/af3/out_s4/ova_body_c4_05/seed-2_sample-2/ova_body_c4_05_seed-2_sample-2_model.cif
OVA-C4-IPTM80-20N	2		B-D	B	95	ASN	CA		D	348	GLU	OE1	A348E	2.2551395893096924	experiments/e134_c4_iptm80_multiseed_batch03/af3/out_s4/ova_body_c4_05/seed-2_sample-2/ova_body_c4_05_seed-2_sample-2_model.cif
OVA-C4-IPTM80-20N	3		A-C	A	96	ASP	OD2		C	346	PHE	O	A346F	2.210308074951172	experiments/e134_c4_iptm80_multiseed_batch03/af3/out_s4/ova_body_c4_05/seed-3_sample-0/ova_body_c4_05_seed-3_sample-0_model.cif
OVA-C4-IPTM80-20N	3		A-C	A	346	PHE	O	A346F	C	96	ASP	OD2		2.15537428855896	experiments/e134_c4_iptm80_multiseed_batch03/af3/out_s4/ova_body_c4_05/seed-3_sample-0/ova_body_c4_05_seed-3_sample-0_model.cif
OVA-C4-IPTM80-20N	3		B-D	B	96	ASP	OD2		D	346	PHE	O	A346F	2.23511004447937	experiments/e134_c4_iptm80_multiseed_batch03/af3/out_s4/ova_body_c4_05/seed-3_sample-0/ova_body_c4_05_seed-3_sample-0_model.cif
OVA-C4-IPTM80-20N	3		B-D	B	346	PHE	O	A346F	D	96	ASP	OD2		2.263927936553955	experiments/e134_c4_iptm80_multiseed_batch03/af3/out_s4/ova_body_c4_05/seed-3_sample-0/ova_body_c4_05_seed-3_sample-0_model.cif
OVA-C4-IPTM80-20N	3		A-C	A	346	PHE	O	A346F	C	96	ASP	OD2		2.344266414642334	experiments/e134_c4_iptm80_multiseed_batch03/af3/out_s4/ova_body_c4_05/seed-3_sample-2/ova_body_c4_05_seed-3_sample-2_model.cif
OVA-C4-IPTM80-20N	3		A-C	A	96	ASP	OD2		C	346	PHE	O	A346F	2.205986499786377	experiments/e134_c4_iptm80_multiseed_batch03/af3/out_s4/ova_body_c4_05/seed-3_sample-3/ova_body_c4_05_seed-3_sample-3_model.cif
OVA-C4-IPTM80-20N	3		A-C	A	346	PHE	O	A346F	C	96	ASP	OD2		2.265737533569336	experiments/e134_c4_iptm80_multiseed_batch03/af3/out_s4/ova_body_c4_05/seed-3_sample-3/ova_body_c4_05_seed-3_sample-3_model.cif
OVA-C4-IPTM80-20N	3		B-D	B	96	ASP	OD2		D	346	PHE	O	A346F	2.262629985809326	experiments/e134_c4_iptm80_multiseed_batch03/af3/out_s4/ova_body_c4_05/seed-3_sample-3/ova_body_c4_05_seed-3_sample-3_model.cif
OVA-C4-IPTM80-20N	3		B-D	B	346	PHE	O	A346F	D	96	ASP	OD2		2.2585630416870117	experiments/e134_c4_iptm80_multiseed_batch03/af3/out_s4/ova_body_c4_05/seed-3_sample-3/ova_body_c4_05_seed-3_sample-3_model.cif
OVA-C4-IPTM80-20N	4		A-C	A	94	PRO	O		C	348	GLU	OE1	A348E	2.1334078311920166	experiments/e134_c4_iptm80_multiseed_batch03/af3/out_s4/ova_body_c4_05/seed-4_sample-0/ova_body_c4_05_seed-4_sample-0_model.cif
OVA-C4-IPTM80-20N	4		A-C	A	96	ASP	OD2		C	344	GLY	O		2.368401527404785	experiments/e134_c4_iptm80_multiseed_batch03/af3/out_s4/ova_body_c4_05/seed-4_sample-0/ova_body_c4_05_seed-4_sample-0_model.cif
OVA-C4-IPTM80-20N	4		A-C	A	344	GLY	O		C	96	ASP	OD2		2.3158702850341797	experiments/e134_c4_iptm80_multiseed_batch03/af3/out_s4/ova_body_c4_05/seed-4_sample-0/ova_body_c4_05_seed-4_sample-0_model.cif
OVA-C4-IPTM80-20N	4		A-C	A	348	GLU	OE1	A348E	C	94	PRO	O		1.9380359649658203	experiments/e134_c4_iptm80_multiseed_batch03/af3/out_s4/ova_body_c4_05/seed-4_sample-0/ova_body_c4_05_seed-4_sample-0_model.cif
OVA-C4-IPTM80-20N	4		B-D	B	94	PRO	O		D	348	GLU	OE1	A348E	2.0746166706085205	experiments/e134_c4_iptm80_multiseed_batch03/af3/out_s4/ova_body_c4_05/seed-4_sample-0/ova_body_c4_05_seed-4_sample-0_model.cif
OVA-C4-IPTM80-20N	4		B-D	B	96	ASP	OD2		D	344	GLY	O		2.3441102504730225	experiments/e134_c4_iptm80_multiseed_batch03/af3/out_s4/ova_body_c4_05/seed-4_sample-0/ova_body_c4_05_seed-4_sample-0_model.cif
OVA-C4-IPTM80-20N	4		B-D	B	344	GLY	O		D	96	ASP	OD2		2.2665412425994873	experiments/e134_c4_iptm80_multiseed_batch03/af3/out_s4/ova_body_c4_05/seed-4_sample-0/ova_body_c4_05_seed-4_sample-0_model.cif
OVA-C4-IPTM80-20N	4		B-D	B	348	GLU	OE1	A348E	D	94	PRO	O		2.1219873428344727	experiments/e134_c4_iptm80_multiseed_batch03/af3/out_s4/ova_body_c4_05/seed-4_sample-0/ova_body_c4_05_seed-4_sample-0_model.cif
OVA-C4-IPTM80-20N	4		A-C	A	94	PRO	O		C	348	GLU	OE1	A348E	2.36470627784729	experiments/e134_c4_iptm80_multiseed_batch03/af3/out_s4/ova_body_c4_05/seed-4_sample-1/ova_body_c4_05_seed-4_sample-1_model.cif
OVA-C4-IPTM80-20N	4		A-C	A	348	GLU	OE1	A348E	C	94	PRO	O		2.354597330093384	experiments/e134_c4_iptm80_multiseed_batch03/af3/out_s4/ova_body_c4_05/seed-4_sample-1/ova_body_c4_05_seed-4_sample-1_model.cif
OVA-C4-IPTM80-20N	4		A-C	A	96	ASP	OD2		C	190	LYS	NZ		2.2402780055999756	experiments/e134_c4_iptm80_multiseed_batch03/af3/out_s4/ova_body_c4_05/seed-4_sample-3/ova_body_c4_05_seed-4_sample-3_model.cif
OVA-C4-IPTM80-20N	4		A-C	A	190	LYS	NZ		C	96	ASP	OD2		2.249208927154541	experiments/e134_c4_iptm80_multiseed_batch03/af3/out_s4/ova_body_c4_05/seed-4_sample-3/ova_body_c4_05_seed-4_sample-3_model.cif
OVA-C4-IPTM80-20N	4		A-D	A	217	LEU	CD1		D	345	GLU	O	S345E	2.376675844192505	experiments/e134_c4_iptm80_multiseed_batch03/af3/out_s4/ova_body_c4_05/seed-4_sample-3/ova_body_c4_05_seed-4_sample-3_model.cif
OVA-C4-IPTM80-20N	4		B-C	B	217	LEU	CD1		C	345	GLU	O	S345E	2.2822508811950684	experiments/e134_c4_iptm80_multiseed_batch03/af3/out_s4/ova_body_c4_05/seed-4_sample-3/ova_body_c4_05_seed-4_sample-3_model.cif
OVA-C4-IPTM80-20N	4		B-D	B	96	ASP	OD2		D	190	LYS	NZ		2.234710454940796	experiments/e134_c4_iptm80_multiseed_batch03/af3/out_s4/ova_body_c4_05/seed-4_sample-3/ova_body_c4_05_seed-4_sample-3_model.cif
OVA-C4-IPTM80-20N	4		B-D	B	190	LYS	NZ		D	96	ASP	OD2		2.2835326194763184	experiments/e134_c4_iptm80_multiseed_batch03/af3/out_s4/ova_body_c4_05/seed-4_sample-3/ova_body_c4_05_seed-4_sample-3_model.cif
OVA-C4-IPTM80-20N	5		A-C	A	191	TYR	OH	A191Y	C	336	GLU	OE2	N336E	2.3559117317199707	experiments/e134_c4_iptm80_multiseed_batch03/af3/out_s4/ova_body_c4_05/seed-5_sample-0/ova_body_c4_05_seed-5_sample-0_model.cif
OVA-C4-IPTM80-20N	5		A-C	A	336	GLU	OE2	N336E	C	191	TYR	OH	A191Y	2.329439163208008	experiments/e134_c4_iptm80_multiseed_batch03/af3/out_s4/ova_body_c4_05/seed-5_sample-0/ova_body_c4_05_seed-5_sample-0_model.cif
OVA-C4-IPTM80-20N	5		C-D	C	187	LYS	NZ		D	345	GLU	OE1	S345E	2.325024366378784	experiments/e134_c4_iptm80_multiseed_batch03/af3/out_s4/ova_body_c4_05/seed-5_sample-2/ova_body_c4_05_seed-5_sample-2_model.cif
OVA-C4-IPTM80-20N	5		A-C	A	96	ASP	OD2		C	346	PHE	O	A346F	2.113898277282715	experiments/e134_c4_iptm80_multiseed_batch03/af3/out_s4/ova_body_c4_05/seed-5_sample-4/ova_body_c4_05_seed-5_sample-4_model.cif
OVA-C4-IPTM80-20N	5		A-C	A	346	PHE	O	A346F	C	96	ASP	OD2		2.0436007976531982	experiments/e134_c4_iptm80_multiseed_batch03/af3/out_s4/ova_body_c4_05/seed-5_sample-4/ova_body_c4_05_seed-5_sample-4_model.cif
OVA-C4-IPTM80-20N	5		B-D	B	96	ASP	OD2		D	346	PHE	O	A346F	1.9724986553192139	experiments/e134_c4_iptm80_multiseed_batch03/af3/out_s4/ova_body_c4_05/seed-5_sample-4/ova_body_c4_05_seed-5_sample-4_model.cif
OVA-C4-IPTM80-20N	5		B-D	B	346	PHE	O	A346F	D	96	ASP	OD2		2.026526927947998	experiments/e134_c4_iptm80_multiseed_batch03/af3/out_s4/ova_body_c4_05/seed-5_sample-4/ova_body_c4_05_seed-5_sample-4_model.cif
OVA-C4-IPTM80-20O	1		A-D	A	217	LEU	CD1		D	345	GLU	OE2	S345E	2.350717067718506	experiments/e126_c4_iptm80_continue_af3_seed1/out_s3/ova_body_c4_100/seed-1_sample-3/ova_body_c4_100_seed-1_sample-3_model.cif
OVA-C4-IPTM80-20O	1		A-D	A	345	GLU	OE2	S345E	D	217	LEU	CD1		2.368920087814331	experiments/e126_c4_iptm80_continue_af3_seed1/out_s3/ova_body_c4_100/seed-1_sample-3/ova_body_c4_100_seed-1_sample-3_model.cif
OVA-C4-IPTM80-20O	1		B-C	B	217	LEU	CD1		C	345	GLU	OE2	S345E	2.369467258453369	experiments/e126_c4_iptm80_continue_af3_seed1/out_s3/ova_body_c4_100/seed-1_sample-3/ova_body_c4_100_seed-1_sample-3_model.cif
OVA-C4-IPTM80-20O	1		B-C	B	345	GLU	OE2	S345E	C	217	LEU	CD1		2.335223436355591	experiments/e126_c4_iptm80_continue_af3_seed1/out_s3/ova_body_c4_100/seed-1_sample-3/ova_body_c4_100_seed-1_sample-3_model.cif
OVA-C4-IPTM80-20O	2		B-C	B	345	GLU	OE1	S345E	C	187	LYS	NZ		2.362515926361084	experiments/e134_c4_iptm80_multiseed_batch03/af3/out_s5/ova_body_c4_06/seed-2_sample-0/ova_body_c4_06_seed-2_sample-0_model.cif
OVA-C4-IPTM80-20O	2		A-B	A	96	ASP	OD1		B	345	GLU	OE1	S345E	2.313368320465088	experiments/e134_c4_iptm80_multiseed_batch03/af3/out_s5/ova_body_c4_06/seed-2_sample-2/ova_body_c4_06_seed-2_sample-2_model.cif
OVA-C4-IPTM80-20O	2		A-B	A	96	ASP	OD2		B	190	LYS	NZ		2.3821256160736084	experiments/e134_c4_iptm80_multiseed_batch03/af3/out_s5/ova_body_c4_06/seed-2_sample-2/ova_body_c4_06_seed-2_sample-2_model.cif
OVA-C4-IPTM80-20O	2		A-B	A	345	GLU	OE1	S345E	B	96	ASP	OD1		2.2881085872650146	experiments/e134_c4_iptm80_multiseed_batch03/af3/out_s5/ova_body_c4_06/seed-2_sample-2/ova_body_c4_06_seed-2_sample-2_model.cif
OVA-C4-IPTM80-20O	2		A-D	A	346	PHE	CE1	A346F	D	346	PHE	CE1	A346F	2.261058807373047	experiments/e134_c4_iptm80_multiseed_batch03/af3/out_s5/ova_body_c4_06/seed-2_sample-2/ova_body_c4_06_seed-2_sample-2_model.cif
OVA-C4-IPTM80-20O	2		B-C	B	346	PHE	CE1	A346F	C	346	PHE	CE1	A346F	2.055772542953491	experiments/e134_c4_iptm80_multiseed_batch03/af3/out_s5/ova_body_c4_06/seed-2_sample-2/ova_body_c4_06_seed-2_sample-2_model.cif
OVA-C4-IPTM80-20O	2		C-D	C	96	ASP	OD2		D	190	LYS	NZ		2.331632614135742	experiments/e134_c4_iptm80_multiseed_batch03/af3/out_s5/ova_body_c4_06/seed-2_sample-2/ova_body_c4_06_seed-2_sample-2_model.cif
OVA-C4-IPTM80-20O	2		C-D	C	190	LYS	NZ		D	96	ASP	OD2		2.304749011993408	experiments/e134_c4_iptm80_multiseed_batch03/af3/out_s5/ova_body_c4_06/seed-2_sample-2/ova_body_c4_06_seed-2_sample-2_model.cif
OVA-C4-IPTM80-20O	2		C-D	C	345	GLU	OE1	S345E	D	96	ASP	OD1		2.386216878890991	experiments/e134_c4_iptm80_multiseed_batch03/af3/out_s5/ova_body_c4_06/seed-2_sample-2/ova_body_c4_06_seed-2_sample-2_model.cif
OVA-C4-IPTM80-20O	2		A-B	A	95	ASN	CB		B	345	GLU	OE1	S345E	2.2663424015045166	experiments/e134_c4_iptm80_multiseed_batch03/af3/out_s5/ova_body_c4_06/seed-2_sample-3/ova_body_c4_06_seed-2_sample-3_model.cif
OVA-C4-IPTM80-20O	2		A-B	A	345	GLU	OE1	S345E	B	95	ASN	CA		2.3974709510803223	experiments/e134_c4_iptm80_multiseed_batch03/af3/out_s5/ova_body_c4_06/seed-2_sample-3/ova_body_c4_06_seed-2_sample-3_model.cif
OVA-C4-IPTM80-20O	2		A-B	A	345	GLU	OE1	S345E	B	95	ASN	CB		2.2576255798339844	experiments/e134_c4_iptm80_multiseed_batch03/af3/out_s5/ova_body_c4_06/seed-2_sample-3/ova_body_c4_06_seed-2_sample-3_model.cif
OVA-C4-IPTM80-20O	2		C-D	C	345	GLU	OE1	S345E	D	95	ASN	CA		2.3810853958129883	experiments/e134_c4_iptm80_multiseed_batch03/af3/out_s5/ova_body_c4_06/seed-2_sample-3/ova_body_c4_06_seed-2_sample-3_model.cif
OVA-C4-IPTM80-20O	2		C-D	C	345	GLU	OE1	S345E	D	95	ASN	CB		2.2837183475494385	experiments/e134_c4_iptm80_multiseed_batch03/af3/out_s5/ova_body_c4_06/seed-2_sample-3/ova_body_c4_06_seed-2_sample-3_model.cif
OVA-C4-IPTM80-20O	2		A-B	A	96	ASP	OD1		B	345	GLU	OE1	S345E	2.365072250366211	experiments/e134_c4_iptm80_multiseed_batch03/af3/out_s5/ova_body_c4_06/seed-2_sample-4/ova_body_c4_06_seed-2_sample-4_model.cif
OVA-C4-IPTM80-20O	2		A-B	A	345	GLU	OE1	S345E	B	96	ASP	OD1		2.338723659515381	experiments/e134_c4_iptm80_multiseed_batch03/af3/out_s5/ova_body_c4_06/seed-2_sample-4/ova_body_c4_06_seed-2_sample-4_model.cif
OVA-C4-IPTM80-20O	2		A-D	A	346	PHE	CE1	A346F	D	346	PHE	CE1	A346F	2.2811026573181152	experiments/e134_c4_iptm80_multiseed_batch03/af3/out_s5/ova_body_c4_06/seed-2_sample-4/ova_body_c4_06_seed-2_sample-4_model.cif
OVA-C4-IPTM80-20O	2		B-C	B	346	PHE	CE1	A346F	C	346	PHE	CE1	A346F	2.373060464859009	experiments/e134_c4_iptm80_multiseed_batch03/af3/out_s5/ova_body_c4_06/seed-2_sample-4/ova_body_c4_06_seed-2_sample-4_model.cif
OVA-C4-IPTM80-20O	2		C-D	C	96	ASP	OD1		D	345	GLU	OE1	S345E	2.3364453315734863	experiments/e134_c4_iptm80_multiseed_batch03/af3/out_s5/ova_body_c4_06/seed-2_sample-4/ova_body_c4_06_seed-2_sample-4_model.cif
OVA-C4-IPTM80-20O	2		C-D	C	345	GLU	OE2	S345E	D	95	ASN	CA		2.2906739711761475	experiments/e134_c4_iptm80_multiseed_batch03/af3/out_s5/ova_body_c4_06/seed-2_sample-4/ova_body_c4_06_seed-2_sample-4_model.cif
OVA-C4-IPTM80-20O	2		C-D	C	345	GLU	OE2	S345E	D	96	ASP	N		2.344534397125244	experiments/e134_c4_iptm80_multiseed_batch03/af3/out_s5/ova_body_c4_06/seed-2_sample-4/ova_body_c4_06_seed-2_sample-4_model.cif
OVA-C4-IPTM80-20O	3		B-C	B	345	GLU	OE1	S345E	C	187	LYS	NZ		2.339951276779175	experiments/e134_c4_iptm80_multiseed_batch03/af3/out_s5/ova_body_c4_06/seed-3_sample-2/ova_body_c4_06_seed-3_sample-2_model.cif
OVA-C4-IPTM80-20O	4		A-B	A	217	LEU	CD1		B	345	GLU	OE2	S345E	2.223829746246338	experiments/e134_c4_iptm80_multiseed_batch03/af3/out_s5/ova_body_c4_06/seed-4_sample-2/ova_body_c4_06_seed-4_sample-2_model.cif
OVA-C4-IPTM80-20O	4		A-B	A	345	GLU	OE2	S345E	B	217	LEU	CD1		2.1668789386749268	experiments/e134_c4_iptm80_multiseed_batch03/af3/out_s5/ova_body_c4_06/seed-4_sample-2/ova_body_c4_06_seed-4_sample-2_model.cif
OVA-C4-IPTM80-20O	4		C-D	C	217	LEU	CD1		D	345	GLU	OE2	S345E	2.128359317779541	experiments/e134_c4_iptm80_multiseed_batch03/af3/out_s5/ova_body_c4_06/seed-4_sample-2/ova_body_c4_06_seed-4_sample-2_model.cif
OVA-C4-IPTM80-20O	4		C-D	C	345	GLU	OE2	S345E	D	217	LEU	CD1		2.12335467338562	experiments/e134_c4_iptm80_multiseed_batch03/af3/out_s5/ova_body_c4_06/seed-4_sample-2/ova_body_c4_06_seed-4_sample-2_model.cif
OVA-C4-IPTM80-20O	4		A-B	A	217	LEU	CD1		B	345	GLU	OE2	S345E	2.268056869506836	experiments/e134_c4_iptm80_multiseed_batch03/af3/out_s5/ova_body_c4_06/seed-4_sample-4/ova_body_c4_06_seed-4_sample-4_model.cif
OVA-C4-IPTM80-20O	4		A-B	A	345	GLU	OE2	S345E	B	217	LEU	CD1		2.2149147987365723	experiments/e134_c4_iptm80_multiseed_batch03/af3/out_s5/ova_body_c4_06/seed-4_sample-4/ova_body_c4_06_seed-4_sample-4_model.cif
OVA-C4-IPTM80-20O	4		C-D	C	217	LEU	CD1		D	345	GLU	OE2	S345E	2.2995145320892334	experiments/e134_c4_iptm80_multiseed_batch03/af3/out_s5/ova_body_c4_06/seed-4_sample-4/ova_body_c4_06_seed-4_sample-4_model.cif
OVA-C4-IPTM80-20O	4		C-D	C	345	GLU	OE2	S345E	D	217	LEU	CD1		2.319146156311035	experiments/e134_c4_iptm80_multiseed_batch03/af3/out_s5/ova_body_c4_06/seed-4_sample-4/ova_body_c4_06_seed-4_sample-4_model.cif
OVA-C4-IPTM80-20O	5		A-D	A	96	ASP	N		D	345	GLU	OE1	S345E	2.385739326477051	experiments/e134_c4_iptm80_multiseed_batch03/af3/out_s5/ova_body_c4_06/seed-5_sample-0/ova_body_c4_06_seed-5_sample-0_model.cif
OVA-C4-IPTM80-20O	5		B-C	B	96	ASP	N		C	345	GLU	OE1	S345E	2.3635456562042236	experiments/e134_c4_iptm80_multiseed_batch03/af3/out_s5/ova_body_c4_06/seed-5_sample-0/ova_body_c4_06_seed-5_sample-0_model.cif
OVA-C4-IPTM80-20O	5		C-D	C	217	LEU	CD1		D	345	GLU	OE2	S345E	2.3322367668151855	experiments/e134_c4_iptm80_multiseed_batch03/af3/out_s5/ova_body_c4_06/seed-5_sample-2/ova_body_c4_06_seed-5_sample-2_model.cif
OVA-C4-IPTM80-20O	5		C-D	C	345	GLU	OE2	S345E	D	217	LEU	CD1		2.331686019897461	experiments/e134_c4_iptm80_multiseed_batch03/af3/out_s5/ova_body_c4_06/seed-5_sample-2/ova_body_c4_06_seed-5_sample-2_model.cif
OVA-C4-IPTM80-20O	5		A-B	A	345	GLU	OE2	S345E	B	217	LEU	CD1		2.3358004093170166	experiments/e134_c4_iptm80_multiseed_batch03/af3/out_s5/ova_body_c4_06/seed-5_sample-3/ova_body_c4_06_seed-5_sample-3_model.cif
OVA-C4-IPTM80-20O	5		C-D	C	217	LEU	CD1		D	345	GLU	OE2	S345E	2.396310567855835	experiments/e134_c4_iptm80_multiseed_batch03/af3/out_s5/ova_body_c4_06/seed-5_sample-3/ova_body_c4_06_seed-5_sample-3_model.cif
OVA-C4-IPTM80-20O	5		C-D	C	345	GLU	OE2	S345E	D	217	LEU	CD1		2.3672289848327637	experiments/e134_c4_iptm80_multiseed_batch03/af3/out_s5/ova_body_c4_06/seed-5_sample-3/ova_body_c4_06_seed-5_sample-3_model.cif
OVA-C4-IPTM80-21P	2		A-D	A	340	ARG	NH2		D	345	HIS	NE2	S345H	2.2853002548217773	experiments/e135_c4_iptm80_multiseed_batch04/af3/out_s4/ova_body_c4_05/seed-2_sample-1/ova_body_c4_05_seed-2_sample-1_model.cif
OVA-C4-IPTM80-21P	2		A-D	A	345	HIS	NE2	S345H	D	340	ARG	NH2		2.3379416465759277	experiments/e135_c4_iptm80_multiseed_batch04/af3/out_s4/ova_body_c4_05/seed-2_sample-1/ova_body_c4_05_seed-2_sample-1_model.cif
OVA-C4-IPTM80-21P	2		B-C	B	340	ARG	NH2		C	345	HIS	NE2	S345H	2.3999135494232178	experiments/e135_c4_iptm80_multiseed_batch04/af3/out_s4/ova_body_c4_05/seed-2_sample-1/ova_body_c4_05_seed-2_sample-1_model.cif
OVA-C4-IPTM80-21P	2		A-B	A	346	PHE	CD1	A346F	B	347	ASP	OD1	E347D	2.0725247859954834	experiments/e135_c4_iptm80_multiseed_batch04/af3/out_s4/ova_body_c4_05/seed-2_sample-3/ova_body_c4_05_seed-2_sample-3_model.cif
OVA-C4-IPTM80-21P	2		A-B	A	347	ASP	OD1	E347D	B	346	PHE	CD1	A346F	2.002150058746338	experiments/e135_c4_iptm80_multiseed_batch04/af3/out_s4/ova_body_c4_05/seed-2_sample-3/ova_body_c4_05_seed-2_sample-3_model.cif
OVA-C4-IPTM80-21P	2		C-D	C	346	PHE	CD1	A346F	D	347	ASP	OD1	E347D	2.0713324546813965	experiments/e135_c4_iptm80_multiseed_batch04/af3/out_s4/ova_body_c4_05/seed-2_sample-3/ova_body_c4_05_seed-2_sample-3_model.cif
OVA-C4-IPTM80-21P	2		C-D	C	347	ASP	OD1	E347D	D	346	PHE	CD1	A346F	2.0061161518096924	experiments/e135_c4_iptm80_multiseed_batch04/af3/out_s4/ova_body_c4_05/seed-2_sample-3/ova_body_c4_05_seed-2_sample-3_model.cif
OVA-C4-IPTM80-21P	2		A-D	A	340	ARG	NH2		D	345	HIS	N	S345H	2.3830952644348145	experiments/e135_c4_iptm80_multiseed_batch04/af3/out_s4/ova_body_c4_05/seed-2_sample-4/ova_body_c4_05_seed-2_sample-4_model.cif
OVA-C4-IPTM80-21P	2		A-D	A	345	HIS	N	S345H	D	340	ARG	NH2		2.2635676860809326	experiments/e135_c4_iptm80_multiseed_batch04/af3/out_s4/ova_body_c4_05/seed-2_sample-4/ova_body_c4_05_seed-2_sample-4_model.cif
OVA-C4-IPTM80-21P	2		B-C	B	340	ARG	NH2		C	345	HIS	N	S345H	2.205843925476074	experiments/e135_c4_iptm80_multiseed_batch04/af3/out_s4/ova_body_c4_05/seed-2_sample-4/ova_body_c4_05_seed-2_sample-4_model.cif
OVA-C4-IPTM80-21P	2		B-C	B	345	HIS	N	S345H	C	340	ARG	NH2		2.397761583328247	experiments/e135_c4_iptm80_multiseed_batch04/af3/out_s4/ova_body_c4_05/seed-2_sample-4/ova_body_c4_05_seed-2_sample-4_model.cif
OVA-C4-IPTM80-21P	3		A-B	A	217	LEU	CD1		B	345	HIS	O	S345H	2.2132513523101807	experiments/e135_c4_iptm80_multiseed_batch04/af3/out_s4/ova_body_c4_05/seed-3_sample-0/ova_body_c4_05_seed-3_sample-0_model.cif
OVA-C4-IPTM80-21P	3		A-B	A	345	HIS	O	S345H	B	217	LEU	CD1		2.1547038555145264	experiments/e135_c4_iptm80_multiseed_batch04/af3/out_s4/ova_body_c4_05/seed-3_sample-0/ova_body_c4_05_seed-3_sample-0_model.cif
OVA-C4-IPTM80-21P	3		C-D	C	217	LEU	CD1		D	345	HIS	O	S345H	2.1586551666259766	experiments/e135_c4_iptm80_multiseed_batch04/af3/out_s4/ova_body_c4_05/seed-3_sample-0/ova_body_c4_05_seed-3_sample-0_model.cif
OVA-C4-IPTM80-21P	3		C-D	C	345	HIS	O	S345H	D	217	LEU	CD1		2.180013656616211	experiments/e135_c4_iptm80_multiseed_batch04/af3/out_s4/ova_body_c4_05/seed-3_sample-0/ova_body_c4_05_seed-3_sample-0_model.cif
OVA-C4-IPTM80-21P	3		A-B	A	350	ILE	CG1	V350I	B	354	TYR	OH	S354Y	2.146620035171509	experiments/e135_c4_iptm80_multiseed_batch04/af3/out_s4/ova_body_c4_05/seed-3_sample-2/ova_body_c4_05_seed-3_sample-2_model.cif
OVA-C4-IPTM80-21P	3		A-B	A	354	TYR	OH	S354Y	B	350	ILE	CA	V350I	2.3739113807678223	experiments/e135_c4_iptm80_multiseed_batch04/af3/out_s4/ova_body_c4_05/seed-3_sample-2/ova_body_c4_05_seed-3_sample-2_model.cif
OVA-C4-IPTM80-21P	3		A-B	A	354	TYR	OH	S354Y	B	350	ILE	CB	V350I	2.0396056175231934	experiments/e135_c4_iptm80_multiseed_batch04/af3/out_s4/ova_body_c4_05/seed-3_sample-2/ova_body_c4_05_seed-3_sample-2_model.cif
OVA-C4-IPTM80-21P	3		A-B	A	354	TYR	OH	S354Y	B	350	ILE	CG1	V350I	2.0704145431518555	experiments/e135_c4_iptm80_multiseed_batch04/af3/out_s4/ova_body_c4_05/seed-3_sample-2/ova_body_c4_05_seed-3_sample-2_model.cif
OVA-C4-IPTM80-21P	3		A-B	A	354	TYR	OH	S354Y	B	350	ILE	CG2	V350I	2.1494650840759277	experiments/e135_c4_iptm80_multiseed_batch04/af3/out_s4/ova_body_c4_05/seed-3_sample-2/ova_body_c4_05_seed-3_sample-2_model.cif
OVA-C4-IPTM80-21P	3		C-D	C	350	ILE	CG1	V350I	D	354	TYR	OH	S354Y	2.2614529132843018	experiments/e135_c4_iptm80_multiseed_batch04/af3/out_s4/ova_body_c4_05/seed-3_sample-2/ova_body_c4_05_seed-3_sample-2_model.cif
OVA-C4-IPTM80-21P	3		C-D	C	354	TYR	OH	S354Y	D	350	ILE	CB	V350I	2.290173292160034	experiments/e135_c4_iptm80_multiseed_batch04/af3/out_s4/ova_body_c4_05/seed-3_sample-2/ova_body_c4_05_seed-3_sample-2_model.cif
OVA-C4-IPTM80-21P	3		C-D	C	354	TYR	OH	S354Y	D	350	ILE	CG1	V350I	2.0572850704193115	experiments/e135_c4_iptm80_multiseed_batch04/af3/out_s4/ova_body_c4_05/seed-3_sample-2/ova_body_c4_05_seed-3_sample-2_model.cif
OVA-C4-IPTM80-21P	3		A-B	A	217	LEU	CD1		B	345	HIS	O	S345H	2.25943922996521	experiments/e135_c4_iptm80_multiseed_batch04/af3/out_s4/ova_body_c4_05/seed-3_sample-3/ova_body_c4_05_seed-3_sample-3_model.cif
OVA-C4-IPTM80-21P	3		A-B	A	345	HIS	O	S345H	B	217	LEU	CD1		2.172849655151367	experiments/e135_c4_iptm80_multiseed_batch04/af3/out_s4/ova_body_c4_05/seed-3_sample-3/ova_body_c4_05_seed-3_sample-3_model.cif
OVA-C4-IPTM80-21P	3		A-D	A	340	ARG	NH2		D	345	HIS	CE1	S345H	2.066187858581543	experiments/e135_c4_iptm80_multiseed_batch04/af3/out_s4/ova_body_c4_05/seed-3_sample-3/ova_body_c4_05_seed-3_sample-3_model.cif
OVA-C4-IPTM80-21P	3		B-C	B	345	HIS	CE1	S345H	C	340	ARG	NH2		2.2238106727600098	experiments/e135_c4_iptm80_multiseed_batch04/af3/out_s4/ova_body_c4_05/seed-3_sample-3/ova_body_c4_05_seed-3_sample-3_model.cif
OVA-C4-IPTM80-21P	3		C-D	C	217	LEU	CD1		D	345	HIS	O	S345H	2.2013916969299316	experiments/e135_c4_iptm80_multiseed_batch04/af3/out_s4/ova_body_c4_05/seed-3_sample-3/ova_body_c4_05_seed-3_sample-3_model.cif
OVA-C4-IPTM80-21P	3		C-D	C	345	HIS	O	S345H	D	217	LEU	CD1		2.2882182598114014	experiments/e135_c4_iptm80_multiseed_batch04/af3/out_s4/ova_body_c4_05/seed-3_sample-3/ova_body_c4_05_seed-3_sample-3_model.cif
OVA-C4-IPTM80-21P	3		A-B	A	350	ILE	CG2	V350I	B	354	TYR	CZ	S354Y	2.10713267326355	experiments/e135_c4_iptm80_multiseed_batch04/af3/out_s4/ova_body_c4_05/seed-3_sample-4/ova_body_c4_05_seed-3_sample-4_model.cif
OVA-C4-IPTM80-21P	3		A-B	A	354	TYR	CZ	S354Y	B	350	ILE	CG2	V350I	2.0679876804351807	experiments/e135_c4_iptm80_multiseed_batch04/af3/out_s4/ova_body_c4_05/seed-3_sample-4/ova_body_c4_05_seed-3_sample-4_model.cif
OVA-C4-IPTM80-21P	3		B-C	B	96	ASP	OD2		C	345	HIS	O	S345H	2.3978164196014404	experiments/e135_c4_iptm80_multiseed_batch04/af3/out_s4/ova_body_c4_05/seed-3_sample-4/ova_body_c4_05_seed-3_sample-4_model.cif
OVA-C4-IPTM80-21P	3		B-C	B	345	HIS	O	S345H	C	96	ASP	OD2		2.3890318870544434	experiments/e135_c4_iptm80_multiseed_batch04/af3/out_s4/ova_body_c4_05/seed-3_sample-4/ova_body_c4_05_seed-3_sample-4_model.cif
OVA-C4-IPTM80-21P	3		C-D	C	350	ILE	CG2	V350I	D	354	TYR	CZ	S354Y	2.0143933296203613	experiments/e135_c4_iptm80_multiseed_batch04/af3/out_s4/ova_body_c4_05/seed-3_sample-4/ova_body_c4_05_seed-3_sample-4_model.cif
OVA-C4-IPTM80-21P	3		C-D	C	350	ILE	CG2	V350I	D	354	TYR	OH	S354Y	2.198941707611084	experiments/e135_c4_iptm80_multiseed_batch04/af3/out_s4/ova_body_c4_05/seed-3_sample-4/ova_body_c4_05_seed-3_sample-4_model.cif
OVA-C4-IPTM80-21P	3		C-D	C	354	TYR	CZ	S354Y	D	350	ILE	CG2	V350I	2.124419927597046	experiments/e135_c4_iptm80_multiseed_batch04/af3/out_s4/ova_body_c4_05/seed-3_sample-4/ova_body_c4_05_seed-3_sample-4_model.cif
OVA-C4-IPTM80-21P	5		A-C	A	96	ASP	OD2		C	346	PHE	O	A346F	2.0433051586151123	experiments/e135_c4_iptm80_multiseed_batch04/af3/out_s4/ova_body_c4_05/seed-5_sample-2/ova_body_c4_05_seed-5_sample-2_model.cif
OVA-C4-IPTM80-21P	5		A-C	A	346	PHE	O	A346F	C	96	ASP	OD2		1.897419810295105	experiments/e135_c4_iptm80_multiseed_batch04/af3/out_s4/ova_body_c4_05/seed-5_sample-2/ova_body_c4_05_seed-5_sample-2_model.cif
OVA-C4-IPTM80-21P	5		B-D	B	96	ASP	OD2		D	346	PHE	O	A346F	1.9607415199279785	experiments/e135_c4_iptm80_multiseed_batch04/af3/out_s4/ova_body_c4_05/seed-5_sample-2/ova_body_c4_05_seed-5_sample-2_model.cif
OVA-C4-IPTM80-21P	5		B-D	B	346	PHE	O	A346F	D	96	ASP	OD2		2.0149893760681152	experiments/e135_c4_iptm80_multiseed_batch04/af3/out_s4/ova_body_c4_05/seed-5_sample-2/ova_body_c4_05_seed-5_sample-2_model.cif
OVA-C4-IPTM80-21P	5		A-C	A	96	ASP	OD2		C	346	PHE	O	A346F	2.036264419555664	experiments/e135_c4_iptm80_multiseed_batch04/af3/out_s4/ova_body_c4_05/seed-5_sample-3/ova_body_c4_05_seed-5_sample-3_model.cif
OVA-C4-IPTM80-21P	5		A-C	A	346	PHE	O	A346F	C	96	ASP	OD2		2.1393957138061523	experiments/e135_c4_iptm80_multiseed_batch04/af3/out_s4/ova_body_c4_05/seed-5_sample-3/ova_body_c4_05_seed-5_sample-3_model.cif
OVA-C4-IPTM80-21P	5		B-D	B	96	ASP	OD2		D	346	PHE	O	A346F	2.1200308799743652	experiments/e135_c4_iptm80_multiseed_batch04/af3/out_s4/ova_body_c4_05/seed-5_sample-3/ova_body_c4_05_seed-5_sample-3_model.cif
OVA-C4-IPTM80-21P	5		B-D	B	346	PHE	O	A346F	D	96	ASP	OD2		2.189265489578247	experiments/e135_c4_iptm80_multiseed_batch04/af3/out_s4/ova_body_c4_05/seed-5_sample-3/ova_body_c4_05_seed-5_sample-3_model.cif
OVA-C4-IPTM80-22Q	1		C-D	C	354	TRP	O	S354W	D	354	TRP	CZ2	S354W	2.365952730178833	experiments/e126_c4_iptm80_continue_af3_seed1/out_s7/ova_body_c4_08/seed-1_sample-0/ova_body_c4_08_seed-1_sample-0_model.cif
OVA-C4-IPTM80-22Q	1		C-D	C	354	TRP	CZ2	S354W	D	354	TRP	O	S354W	2.237877607345581	experiments/e126_c4_iptm80_continue_af3_seed1/out_s7/ova_body_c4_08/seed-1_sample-0/ova_body_c4_08_seed-1_sample-0_model.cif
OVA-C4-IPTM80-22Q	1		C-D	C	354	TRP	CZ2	S354W	D	354	TRP	O	S354W	2.3741347789764404	experiments/e126_c4_iptm80_continue_af3_seed1/out_s7/ova_body_c4_08/seed-1_sample-1/ova_body_c4_08_seed-1_sample-1_model.cif
OVA-C4-IPTM80-22Q	1		A-B	A	354	TRP	O	S354W	B	354	TRP	CZ2	S354W	2.1908905506134033	experiments/e126_c4_iptm80_continue_af3_seed1/out_s7/ova_body_c4_08/seed-1_sample-2/ova_body_c4_08_seed-1_sample-2_model.cif
OVA-C4-IPTM80-22Q	1		A-B	A	354	TRP	CZ2	S354W	B	354	TRP	O	S354W	2.2369346618652344	experiments/e126_c4_iptm80_continue_af3_seed1/out_s7/ova_body_c4_08/seed-1_sample-2/ova_body_c4_08_seed-1_sample-2_model.cif
OVA-C4-IPTM80-22Q	1		A-C	A	345	GLU	CG	S345E	C	340	ARG	NH2		2.397125005722046	experiments/e126_c4_iptm80_continue_af3_seed1/out_s7/ova_body_c4_08/seed-1_sample-2/ova_body_c4_08_seed-1_sample-2_model.cif
OVA-C4-IPTM80-22Q	1		B-D	B	340	ARG	NH2		D	345	GLU	CG	S345E	2.3840491771698	experiments/e126_c4_iptm80_continue_af3_seed1/out_s7/ova_body_c4_08/seed-1_sample-2/ova_body_c4_08_seed-1_sample-2_model.cif
OVA-C4-IPTM80-22Q	1		C-D	C	354	TRP	O	S354W	D	354	TRP	CZ2	S354W	2.352874279022217	experiments/e126_c4_iptm80_continue_af3_seed1/out_s7/ova_body_c4_08/seed-1_sample-2/ova_body_c4_08_seed-1_sample-2_model.cif
OVA-C4-IPTM80-22Q	1		C-D	C	354	TRP	CZ2	S354W	D	354	TRP	O	S354W	2.2584445476531982	experiments/e126_c4_iptm80_continue_af3_seed1/out_s7/ova_body_c4_08/seed-1_sample-2/ova_body_c4_08_seed-1_sample-2_model.cif
OVA-C4-IPTM80-22Q	1		A-B	A	354	TRP	O	S354W	B	354	TRP	CZ2	S354W	2.064344644546509	experiments/e126_c4_iptm80_continue_af3_seed1/out_s7/ova_body_c4_08/seed-1_sample-3/ova_body_c4_08_seed-1_sample-3_model.cif
OVA-C4-IPTM80-22Q	1		A-B	A	354	TRP	O	S354W	B	354	TRP	CH2	S354W	2.1452815532684326	experiments/e126_c4_iptm80_continue_af3_seed1/out_s7/ova_body_c4_08/seed-1_sample-3/ova_body_c4_08_seed-1_sample-3_model.cif
OVA-C4-IPTM80-22Q	1		A-B	A	354	TRP	CZ2	S354W	B	354	TRP	O	S354W	2.1136069297790527	experiments/e126_c4_iptm80_continue_af3_seed1/out_s7/ova_body_c4_08/seed-1_sample-3/ova_body_c4_08_seed-1_sample-3_model.cif
OVA-C4-IPTM80-22Q	1		A-B	A	354	TRP	CH2	S354W	B	354	TRP	O	S354W	2.183464527130127	experiments/e126_c4_iptm80_continue_af3_seed1/out_s7/ova_body_c4_08/seed-1_sample-3/ova_body_c4_08_seed-1_sample-3_model.cif
OVA-C4-IPTM80-22Q	1		C-D	C	354	TRP	O	S354W	D	354	TRP	CZ2	S354W	2.0826263427734375	experiments/e126_c4_iptm80_continue_af3_seed1/out_s7/ova_body_c4_08/seed-1_sample-3/ova_body_c4_08_seed-1_sample-3_model.cif
OVA-C4-IPTM80-22Q	1		C-D	C	354	TRP	O	S354W	D	354	TRP	CH2	S354W	2.1177821159362793	experiments/e126_c4_iptm80_continue_af3_seed1/out_s7/ova_body_c4_08/seed-1_sample-3/ova_body_c4_08_seed-1_sample-3_model.cif
OVA-C4-IPTM80-22Q	1		C-D	C	354	TRP	CZ2	S354W	D	354	TRP	O	S354W	1.9722405672073364	experiments/e126_c4_iptm80_continue_af3_seed1/out_s7/ova_body_c4_08/seed-1_sample-3/ova_body_c4_08_seed-1_sample-3_model.cif
OVA-C4-IPTM80-22Q	1		C-D	C	354	TRP	CH2	S354W	D	354	TRP	O	S354W	2.0912182331085205	experiments/e126_c4_iptm80_continue_af3_seed1/out_s7/ova_body_c4_08/seed-1_sample-3/ova_body_c4_08_seed-1_sample-3_model.cif
OVA-C4-IPTM80-22Q	2		A-D	A	187	LYS	NZ		D	345	GLU	OE1	S345E	2.384889602661133	experiments/e134_c4_iptm80_multiseed_batch03/af3/out_s7/ova_body_c4_08/seed-2_sample-0/ova_body_c4_08_seed-2_sample-0_model.cif
OVA-C4-IPTM80-22Q	2		A-D	A	187	LYS	NZ		D	345	GLU	OE1	S345E	2.2701921463012695	experiments/e134_c4_iptm80_multiseed_batch03/af3/out_s7/ova_body_c4_08/seed-2_sample-4/ova_body_c4_08_seed-2_sample-4_model.cif
OVA-C4-IPTM80-22Q	2		A-D	A	345	GLU	OE1	S345E	D	187	LYS	NZ		2.2619080543518066	experiments/e134_c4_iptm80_multiseed_batch03/af3/out_s7/ova_body_c4_08/seed-2_sample-4/ova_body_c4_08_seed-2_sample-4_model.cif
OVA-C4-IPTM80-22Q	2		B-C	B	187	LYS	NZ		C	345	GLU	OE1	S345E	2.260385751724243	experiments/e134_c4_iptm80_multiseed_batch03/af3/out_s7/ova_body_c4_08/seed-2_sample-4/ova_body_c4_08_seed-2_sample-4_model.cif
OVA-C4-IPTM80-22Q	2		B-C	B	345	GLU	OE1	S345E	C	187	LYS	NZ		2.235112428665161	experiments/e134_c4_iptm80_multiseed_batch03/af3/out_s7/ova_body_c4_08/seed-2_sample-4/ova_body_c4_08_seed-2_sample-4_model.cif
OVA-C4-IPTM80-22Q	3		A-D	A	354	TRP	O	S354W	D	354	TRP	CZ2	S354W	2.3179378509521484	experiments/e134_c4_iptm80_multiseed_batch03/af3/out_s7/ova_body_c4_08/seed-3_sample-0/ova_body_c4_08_seed-3_sample-0_model.cif
OVA-C4-IPTM80-22Q	3		A-D	A	354	TRP	CZ2	S354W	D	354	TRP	O	S354W	2.328606367111206	experiments/e134_c4_iptm80_multiseed_batch03/af3/out_s7/ova_body_c4_08/seed-3_sample-0/ova_body_c4_08_seed-3_sample-0_model.cif
OVA-C4-IPTM80-22Q	3		A-B	A	96	ASP	OD2		B	190	LYS	NZ		2.3788375854492188	experiments/e134_c4_iptm80_multiseed_batch03/af3/out_s7/ova_body_c4_08/seed-3_sample-2/ova_body_c4_08_seed-3_sample-2_model.cif
OVA-C4-IPTM80-22Q	3		A-B	A	190	LYS	NZ		B	96	ASP	OD2		2.3316171169281006	experiments/e134_c4_iptm80_multiseed_batch03/af3/out_s7/ova_body_c4_08/seed-3_sample-2/ova_body_c4_08_seed-3_sample-2_model.cif
OVA-C4-IPTM80-22Q	3		A-D	A	354	TRP	O	S354W	D	354	TRP	CZ2	S354W	2.2252795696258545	experiments/e134_c4_iptm80_multiseed_batch03/af3/out_s7/ova_body_c4_08/seed-3_sample-2/ova_body_c4_08_seed-3_sample-2_model.cif
OVA-C4-IPTM80-22Q	3		A-D	A	354	TRP	CZ2	S354W	D	354	TRP	O	S354W	2.2543129920959473	experiments/e134_c4_iptm80_multiseed_batch03/af3/out_s7/ova_body_c4_08/seed-3_sample-2/ova_body_c4_08_seed-3_sample-2_model.cif
OVA-C4-IPTM80-22Q	3		B-C	B	354	TRP	O	S354W	C	354	TRP	CZ2	S354W	2.314436912536621	experiments/e134_c4_iptm80_multiseed_batch03/af3/out_s7/ova_body_c4_08/seed-3_sample-2/ova_body_c4_08_seed-3_sample-2_model.cif
OVA-C4-IPTM80-22Q	3		B-C	B	354	TRP	CZ2	S354W	C	354	TRP	O	S354W	2.310291051864624	experiments/e134_c4_iptm80_multiseed_batch03/af3/out_s7/ova_body_c4_08/seed-3_sample-2/ova_body_c4_08_seed-3_sample-2_model.cif
OVA-C4-IPTM80-22Q	3		C-D	C	96	ASP	OD2		D	190	LYS	NZ		2.3570876121520996	experiments/e134_c4_iptm80_multiseed_batch03/af3/out_s7/ova_body_c4_08/seed-3_sample-2/ova_body_c4_08_seed-3_sample-2_model.cif
OVA-C4-IPTM80-22Q	3		C-D	C	190	LYS	NZ		D	96	ASP	OD2		2.343752861022949	experiments/e134_c4_iptm80_multiseed_batch03/af3/out_s7/ova_body_c4_08/seed-3_sample-2/ova_body_c4_08_seed-3_sample-2_model.cif
OVA-C4-IPTM80-22Q	3		A-D	A	354	TRP	O	S354W	D	354	TRP	CZ2	S354W	2.302032470703125	experiments/e134_c4_iptm80_multiseed_batch03/af3/out_s7/ova_body_c4_08/seed-3_sample-3/ova_body_c4_08_seed-3_sample-3_model.cif
OVA-C4-IPTM80-22Q	3		A-D	A	354	TRP	CZ2	S354W	D	354	TRP	O	S354W	2.2696661949157715	experiments/e134_c4_iptm80_multiseed_batch03/af3/out_s7/ova_body_c4_08/seed-3_sample-3/ova_body_c4_08_seed-3_sample-3_model.cif
OVA-C4-IPTM80-22Q	3		B-C	B	354	TRP	O	S354W	C	354	TRP	CZ2	S354W	2.3101203441619873	experiments/e134_c4_iptm80_multiseed_batch03/af3/out_s7/ova_body_c4_08/seed-3_sample-3/ova_body_c4_08_seed-3_sample-3_model.cif
OVA-C4-IPTM80-22Q	3		B-C	B	354	TRP	CZ2	S354W	C	354	TRP	O	S354W	2.249596357345581	experiments/e134_c4_iptm80_multiseed_batch03/af3/out_s7/ova_body_c4_08/seed-3_sample-3/ova_body_c4_08_seed-3_sample-3_model.cif
OVA-C4-IPTM80-22Q	4		A-C	A	96	ASP	OD2		C	344	GLY	O		2.38295316696167	experiments/e134_c4_iptm80_multiseed_batch03/af3/out_s7/ova_body_c4_08/seed-4_sample-0/ova_body_c4_08_seed-4_sample-0_model.cif
OVA-C4-IPTM80-22Q	4		A-C	A	344	GLY	O		C	96	ASP	OD2		2.290278911590576	experiments/e134_c4_iptm80_multiseed_batch03/af3/out_s7/ova_body_c4_08/seed-4_sample-0/ova_body_c4_08_seed-4_sample-0_model.cif
OVA-C4-IPTM80-22Q	4		A-D	A	354	TRP	O	S354W	D	354	TRP	CZ2	S354W	2.2411463260650635	experiments/e134_c4_iptm80_multiseed_batch03/af3/out_s7/ova_body_c4_08/seed-4_sample-0/ova_body_c4_08_seed-4_sample-0_model.cif
OVA-C4-IPTM80-22Q	4		B-C	B	354	TRP	O	S354W	C	354	TRP	CZ2	S354W	2.3541789054870605	experiments/e134_c4_iptm80_multiseed_batch03/af3/out_s7/ova_body_c4_08/seed-4_sample-0/ova_body_c4_08_seed-4_sample-0_model.cif
OVA-C4-IPTM80-22Q	4		B-C	B	354	TRP	CZ2	S354W	C	354	TRP	O	S354W	2.25673770904541	experiments/e134_c4_iptm80_multiseed_batch03/af3/out_s7/ova_body_c4_08/seed-4_sample-0/ova_body_c4_08_seed-4_sample-0_model.cif
OVA-C4-IPTM80-22Q	4		B-D	B	96	ASP	OD2		D	344	GLY	O		2.342081069946289	experiments/e134_c4_iptm80_multiseed_batch03/af3/out_s7/ova_body_c4_08/seed-4_sample-0/ova_body_c4_08_seed-4_sample-0_model.cif
OVA-C4-IPTM80-22Q	4		B-D	B	344	GLY	O		D	96	ASP	OD2		2.300771474838257	experiments/e134_c4_iptm80_multiseed_batch03/af3/out_s7/ova_body_c4_08/seed-4_sample-0/ova_body_c4_08_seed-4_sample-0_model.cif
OVA-C4-IPTM80-22Q	4		B-C	B	354	TRP	CZ2	S354W	C	354	TRP	O	S354W	2.3389394283294678	experiments/e134_c4_iptm80_multiseed_batch03/af3/out_s7/ova_body_c4_08/seed-4_sample-2/ova_body_c4_08_seed-4_sample-2_model.cif
OVA-C4-IPTM80-22Q	4		A-C	A	96	ASP	OD2		C	344	GLY	O		2.355332374572754	experiments/e134_c4_iptm80_multiseed_batch03/af3/out_s7/ova_body_c4_08/seed-4_sample-3/ova_body_c4_08_seed-4_sample-3_model.cif
OVA-C4-IPTM80-22Q	4		A-D	A	354	TRP	O	S354W	D	354	TRP	CZ2	S354W	2.0678212642669678	experiments/e134_c4_iptm80_multiseed_batch03/af3/out_s7/ova_body_c4_08/seed-4_sample-4/ova_body_c4_08_seed-4_sample-4_model.cif
OVA-C4-IPTM80-22Q	4		A-D	A	354	TRP	CZ2	S354W	D	354	TRP	O	S354W	2.025522232055664	experiments/e134_c4_iptm80_multiseed_batch03/af3/out_s7/ova_body_c4_08/seed-4_sample-4/ova_body_c4_08_seed-4_sample-4_model.cif
OVA-C4-IPTM80-22Q	4		A-D	A	354	TRP	CH2	S354W	D	354	TRP	O	S354W	2.363438844680786	experiments/e134_c4_iptm80_multiseed_batch03/af3/out_s7/ova_body_c4_08/seed-4_sample-4/ova_body_c4_08_seed-4_sample-4_model.cif
OVA-C4-IPTM80-22Q	4		B-C	B	354	TRP	O	S354W	C	354	TRP	CZ2	S354W	2.1712377071380615	experiments/e134_c4_iptm80_multiseed_batch03/af3/out_s7/ova_body_c4_08/seed-4_sample-4/ova_body_c4_08_seed-4_sample-4_model.cif
OVA-C4-IPTM80-22Q	4		B-C	B	354	TRP	CZ2	S354W	C	354	TRP	O	S354W	2.04508900642395	experiments/e134_c4_iptm80_multiseed_batch03/af3/out_s7/ova_body_c4_08/seed-4_sample-4/ova_body_c4_08_seed-4_sample-4_model.cif
OVA-C4-IPTM80-22Q	4		B-C	B	354	TRP	CH2	S354W	C	354	TRP	O	S354W	2.3877992630004883	experiments/e134_c4_iptm80_multiseed_batch03/af3/out_s7/ova_body_c4_08/seed-4_sample-4/ova_body_c4_08_seed-4_sample-4_model.cif
OVA-C4-IPTM80-22Q	5		A-B	A	354	TRP	O	S354W	B	354	TRP	CZ2	S354W	2.291252374649048	experiments/e134_c4_iptm80_multiseed_batch03/af3/out_s7/ova_body_c4_08/seed-5_sample-0/ova_body_c4_08_seed-5_sample-0_model.cif
OVA-C4-IPTM80-22Q	5		A-B	A	354	TRP	CZ2	S354W	B	354	TRP	O	S354W	2.389124870300293	experiments/e134_c4_iptm80_multiseed_batch03/af3/out_s7/ova_body_c4_08/seed-5_sample-0/ova_body_c4_08_seed-5_sample-0_model.cif
OVA-C4-IPTM80-22Q	5		C-D	C	354	TRP	O	S354W	D	354	TRP	CZ2	S354W	2.293895959854126	experiments/e134_c4_iptm80_multiseed_batch03/af3/out_s7/ova_body_c4_08/seed-5_sample-0/ova_body_c4_08_seed-5_sample-0_model.cif
OVA-C4-IPTM80-22Q	5		C-D	C	354	TRP	CZ2	S354W	D	354	TRP	O	S354W	2.347158193588257	experiments/e134_c4_iptm80_multiseed_batch03/af3/out_s7/ova_body_c4_08/seed-5_sample-0/ova_body_c4_08_seed-5_sample-0_model.cif
OVA-C4-IPTM80-19R	1		A-C	A	96	ASP	OD2		C	344	GLY	O		2.292288064956665	experiments/e117_c4_iptm80_af2traj_af3/out_s5/ova_body_c4_62/seed-1_sample-1/ova_body_c4_62_seed-1_sample-1_model.cif
OVA-C4-IPTM80-19R	1		A-C	A	344	GLY	O		C	96	ASP	OD2		2.276743173599243	experiments/e117_c4_iptm80_af2traj_af3/out_s5/ova_body_c4_62/seed-1_sample-1/ova_body_c4_62_seed-1_sample-1_model.cif
OVA-C4-IPTM80-19R	1		B-C	B	354	TYR	OH	S354Y	C	351	ASP	CB		2.3941380977630615	experiments/e117_c4_iptm80_af2traj_af3/out_s5/ova_body_c4_62/seed-1_sample-1/ova_body_c4_62_seed-1_sample-1_model.cif
OVA-C4-IPTM80-19R	1		B-D	B	96	ASP	OD2		D	344	GLY	O		2.281674385070801	experiments/e117_c4_iptm80_af2traj_af3/out_s5/ova_body_c4_62/seed-1_sample-1/ova_body_c4_62_seed-1_sample-1_model.cif
OVA-C4-IPTM80-19R	1		B-D	B	344	GLY	O		D	96	ASP	OD2		2.2717807292938232	experiments/e117_c4_iptm80_af2traj_af3/out_s5/ova_body_c4_62/seed-1_sample-1/ova_body_c4_62_seed-1_sample-1_model.cif
OVA-C4-IPTM80-19R	1		A-D	A	351	ASP	N		D	354	TYR	OH	S354Y	2.2693605422973633	experiments/e117_c4_iptm80_af2traj_af3/out_s5/ova_body_c4_62/seed-1_sample-2/ova_body_c4_62_seed-1_sample-2_model.cif
OVA-C4-IPTM80-19R	1		B-C	B	351	ASP	N		C	354	TYR	OH	S354Y	2.3840930461883545	experiments/e117_c4_iptm80_af2traj_af3/out_s5/ova_body_c4_62/seed-1_sample-2/ova_body_c4_62_seed-1_sample-2_model.cif
OVA-C4-IPTM80-19R	1		B-C	B	354	TYR	OH	S354Y	C	351	ASP	N		2.2947685718536377	experiments/e117_c4_iptm80_af2traj_af3/out_s5/ova_body_c4_62/seed-1_sample-2/ova_body_c4_62_seed-1_sample-2_model.cif
OVA-C4-IPTM80-19R	1		A-C	A	344	GLY	O		C	96	ASP	OD2		2.374030351638794	experiments/e117_c4_iptm80_af2traj_af3/out_s5/ova_body_c4_62/seed-1_sample-4/ova_body_c4_62_seed-1_sample-4_model.cif
OVA-C4-IPTM80-19R	1		A-D	A	349	ALA	O	G349A	D	354	TYR	OH	S354Y	2.3834962844848633	experiments/e117_c4_iptm80_af2traj_af3/out_s5/ova_body_c4_62/seed-1_sample-4/ova_body_c4_62_seed-1_sample-4_model.cif
OVA-C4-IPTM80-19R	1		A-D	A	354	TYR	OH	S354Y	D	349	ALA	O	G349A	2.3696024417877197	experiments/e117_c4_iptm80_af2traj_af3/out_s5/ova_body_c4_62/seed-1_sample-4/ova_body_c4_62_seed-1_sample-4_model.cif
OVA-C4-IPTM80-19R	1		B-C	B	349	ALA	O	G349A	C	354	TYR	OH	S354Y	2.367534637451172	experiments/e117_c4_iptm80_af2traj_af3/out_s5/ova_body_c4_62/seed-1_sample-4/ova_body_c4_62_seed-1_sample-4_model.cif
OVA-C4-IPTM80-19R	1		B-C	B	354	TYR	OH	S354Y	C	349	ALA	O	G349A	2.2517335414886475	experiments/e117_c4_iptm80_af2traj_af3/out_s5/ova_body_c4_62/seed-1_sample-4/ova_body_c4_62_seed-1_sample-4_model.cif
OVA-C4-IPTM80-19R	2		A-C	A	96	ASP	OD2		C	346	PHE	O	A346F	1.966060757637024	experiments/e132_c4_iptm80_multiseed_batch01/af3/out_s0/ova_body_c4_01/seed-2_sample-0/ova_body_c4_01_seed-2_sample-0_model.cif
OVA-C4-IPTM80-19R	2		A-C	A	346	PHE	O	A346F	C	96	ASP	OD2		2.0093603134155273	experiments/e132_c4_iptm80_multiseed_batch01/af3/out_s0/ova_body_c4_01/seed-2_sample-0/ova_body_c4_01_seed-2_sample-0_model.cif
OVA-C4-IPTM80-19R	2		B-D	B	96	ASP	OD2		D	346	PHE	O	A346F	2.046177625656128	experiments/e132_c4_iptm80_multiseed_batch01/af3/out_s0/ova_body_c4_01/seed-2_sample-0/ova_body_c4_01_seed-2_sample-0_model.cif
OVA-C4-IPTM80-19R	2		B-D	B	346	PHE	O	A346F	D	96	ASP	OD2		1.9565379619598389	experiments/e132_c4_iptm80_multiseed_batch01/af3/out_s0/ova_body_c4_01/seed-2_sample-0/ova_body_c4_01_seed-2_sample-0_model.cif
OVA-C4-IPTM80-19R	2		A-C	A	96	ASP	OD2		C	346	PHE	O	A346F	2.3425397872924805	experiments/e132_c4_iptm80_multiseed_batch01/af3/out_s0/ova_body_c4_01/seed-2_sample-2/ova_body_c4_01_seed-2_sample-2_model.cif
OVA-C4-IPTM80-19R	2		A-C	A	346	PHE	O	A346F	C	96	ASP	OD2		2.2942750453948975	experiments/e132_c4_iptm80_multiseed_batch01/af3/out_s0/ova_body_c4_01/seed-2_sample-2/ova_body_c4_01_seed-2_sample-2_model.cif
OVA-C4-IPTM80-19R	2		A-C	A	96	ASP	OD1		C	348	HIS	CE1	A348H	2.377244472503662	experiments/e132_c4_iptm80_multiseed_batch01/af3/out_s0/ova_body_c4_01/seed-2_sample-4/ova_body_c4_01_seed-2_sample-4_model.cif
OVA-C4-IPTM80-19R	2		B-D	B	96	ASP	OD1		D	348	HIS	CE1	A348H	2.2958381175994873	experiments/e132_c4_iptm80_multiseed_batch01/af3/out_s0/ova_body_c4_01/seed-2_sample-4/ova_body_c4_01_seed-2_sample-4_model.cif
OVA-C4-IPTM80-19R	2		B-D	B	348	HIS	CE1	A348H	D	96	ASP	OD1		2.3665249347686768	experiments/e132_c4_iptm80_multiseed_batch01/af3/out_s0/ova_body_c4_01/seed-2_sample-4/ova_body_c4_01_seed-2_sample-4_model.cif
OVA-C4-IPTM80-19R	3		B-D	B	348	HIS	ND1	A348H	D	96	ASP	OD1		2.395416736602783	experiments/e132_c4_iptm80_multiseed_batch01/af3/out_s0/ova_body_c4_01/seed-3_sample-1/ova_body_c4_01_seed-3_sample-1_model.cif
OVA-C4-IPTM80-19R	4		A-C	A	96	ASP	OD2		C	190	LYS	NZ		2.2063066959381104	experiments/e132_c4_iptm80_multiseed_batch01/af3/out_s0/ova_body_c4_01/seed-4_sample-0/ova_body_c4_01_seed-4_sample-0_model.cif
OVA-C4-IPTM80-19R	4		A-C	A	190	LYS	NZ		C	96	ASP	OD2		2.2192957401275635	experiments/e132_c4_iptm80_multiseed_batch01/af3/out_s0/ova_body_c4_01/seed-4_sample-0/ova_body_c4_01_seed-4_sample-0_model.cif
OVA-C4-IPTM80-19R	4		A-C	A	344	GLY	O		C	96	ASP	OD2		2.352285385131836	experiments/e132_c4_iptm80_multiseed_batch01/af3/out_s0/ova_body_c4_01/seed-4_sample-0/ova_body_c4_01_seed-4_sample-0_model.cif
OVA-C4-IPTM80-19R	4		A-D	A	351	ASP	N		D	354	TYR	OH	S354Y	2.2371745109558105	experiments/e132_c4_iptm80_multiseed_batch01/af3/out_s0/ova_body_c4_01/seed-4_sample-0/ova_body_c4_01_seed-4_sample-0_model.cif
OVA-C4-IPTM80-19R	4		A-D	A	351	ASP	CB		D	354	TYR	OH	S354Y	2.3371524810791016	experiments/e132_c4_iptm80_multiseed_batch01/af3/out_s0/ova_body_c4_01/seed-4_sample-0/ova_body_c4_01_seed-4_sample-0_model.cif
OVA-C4-IPTM80-19R	4		A-D	A	354	TYR	OH	S354Y	D	351	ASP	N		2.0572433471679688	experiments/e132_c4_iptm80_multiseed_batch01/af3/out_s0/ova_body_c4_01/seed-4_sample-0/ova_body_c4_01_seed-4_sample-0_model.cif
OVA-C4-IPTM80-19R	4		A-D	A	354	TYR	OH	S354Y	D	351	ASP	CB		2.3978993892669678	experiments/e132_c4_iptm80_multiseed_batch01/af3/out_s0/ova_body_c4_01/seed-4_sample-0/ova_body_c4_01_seed-4_sample-0_model.cif
OVA-C4-IPTM80-19R	4		B-C	B	351	ASP	N		C	354	TYR	OH	S354Y	2.147568702697754	experiments/e132_c4_iptm80_multiseed_batch01/af3/out_s0/ova_body_c4_01/seed-4_sample-0/ova_body_c4_01_seed-4_sample-0_model.cif
OVA-C4-IPTM80-19R	4		B-C	B	351	ASP	CB		C	354	TYR	OH	S354Y	2.2511467933654785	experiments/e132_c4_iptm80_multiseed_batch01/af3/out_s0/ova_body_c4_01/seed-4_sample-0/ova_body_c4_01_seed-4_sample-0_model.cif
OVA-C4-IPTM80-19R	4		B-C	B	354	TYR	OH	S354Y	C	351	ASP	N		2.05475115776062	experiments/e132_c4_iptm80_multiseed_batch01/af3/out_s0/ova_body_c4_01/seed-4_sample-0/ova_body_c4_01_seed-4_sample-0_model.cif
OVA-C4-IPTM80-19R	4		B-C	B	354	TYR	OH	S354Y	C	351	ASP	CB		2.3677725791931152	experiments/e132_c4_iptm80_multiseed_batch01/af3/out_s0/ova_body_c4_01/seed-4_sample-0/ova_body_c4_01_seed-4_sample-0_model.cif
OVA-C4-IPTM80-19R	4		B-D	B	96	ASP	OD2		D	190	LYS	NZ		2.2362747192382812	experiments/e132_c4_iptm80_multiseed_batch01/af3/out_s0/ova_body_c4_01/seed-4_sample-0/ova_body_c4_01_seed-4_sample-0_model.cif
OVA-C4-IPTM80-19R	4		B-D	B	96	ASP	OD2		D	344	GLY	O		2.395146608352661	experiments/e132_c4_iptm80_multiseed_batch01/af3/out_s0/ova_body_c4_01/seed-4_sample-0/ova_body_c4_01_seed-4_sample-0_model.cif
OVA-C4-IPTM80-19R	4		B-D	B	190	LYS	NZ		D	96	ASP	OD2		2.231889009475708	experiments/e132_c4_iptm80_multiseed_batch01/af3/out_s0/ova_body_c4_01/seed-4_sample-0/ova_body_c4_01_seed-4_sample-0_model.cif
OVA-C4-IPTM80-19R	4		B-D	B	344	GLY	O		D	96	ASP	OD2		2.3591291904449463	experiments/e132_c4_iptm80_multiseed_batch01/af3/out_s0/ova_body_c4_01/seed-4_sample-0/ova_body_c4_01_seed-4_sample-0_model.cif
OVA-C4-IPTM80-21S	1		B-D	B	340	ARG	O		D	340	ARG	O		2.391535520553589	experiments/e126_c4_iptm80_continue_af3_seed1/out_s5/ova_body_c4_22/seed-1_sample-1/ova_body_c4_22_seed-1_sample-1_model.cif
OVA-C4-IPTM80-21S	1		A-D	A	346	PHE	CE1	A346F	D	350	ILE	CD1	V350I	2.33886981010437	experiments/e126_c4_iptm80_continue_af3_seed1/out_s5/ova_body_c4_22/seed-1_sample-3/ova_body_c4_22_seed-1_sample-3_model.cif
OVA-C4-IPTM80-21S	1		A-D	A	350	ILE	CD1	V350I	D	346	PHE	CE1	A346F	2.338583469390869	experiments/e126_c4_iptm80_continue_af3_seed1/out_s5/ova_body_c4_22/seed-1_sample-3/ova_body_c4_22_seed-1_sample-3_model.cif
OVA-C4-IPTM80-21S	1		B-C	B	346	PHE	CE1	A346F	C	350	ILE	CD1	V350I	2.3469581604003906	experiments/e126_c4_iptm80_continue_af3_seed1/out_s5/ova_body_c4_22/seed-1_sample-3/ova_body_c4_22_seed-1_sample-3_model.cif
OVA-C4-IPTM80-21S	1		B-C	B	350	ILE	CD1	V350I	C	346	PHE	CE1	A346F	2.3181376457214355	experiments/e126_c4_iptm80_continue_af3_seed1/out_s5/ova_body_c4_22/seed-1_sample-3/ova_body_c4_22_seed-1_sample-3_model.cif
OVA-C4-IPTM80-21S	1		B-D	B	95	ASN	CA		D	348	HIS	NE2	A348H	2.386524200439453	experiments/e126_c4_iptm80_continue_af3_seed1/out_s5/ova_body_c4_22/seed-1_sample-3/ova_body_c4_22_seed-1_sample-3_model.cif
OVA-C4-IPTM80-21S	2		A-D	A	345	GLU	N	S345E	D	340	ARG	NH2		2.3886971473693848	experiments/e134_c4_iptm80_multiseed_batch03/af3/out_s3/ova_body_c4_04/seed-2_sample-2/ova_body_c4_04_seed-2_sample-2_model.cif
OVA-C4-IPTM80-21S	2		B-C	B	345	GLU	N	S345E	C	340	ARG	NH2		2.3210229873657227	experiments/e134_c4_iptm80_multiseed_batch03/af3/out_s3/ova_body_c4_04/seed-2_sample-2/ova_body_c4_04_seed-2_sample-2_model.cif
OVA-C4-IPTM80-21S	2		A-D	A	96	ASP	N		D	348	HIS	CE1	A348H	2.152198076248169	experiments/e134_c4_iptm80_multiseed_batch03/af3/out_s3/ova_body_c4_04/seed-2_sample-3/ova_body_c4_04_seed-2_sample-3_model.cif
OVA-C4-IPTM80-21S	2		A-D	A	190	LYS	NZ		D	96	ASP	OD2		2.3915247917175293	experiments/e134_c4_iptm80_multiseed_batch03/af3/out_s3/ova_body_c4_04/seed-2_sample-3/ova_body_c4_04_seed-2_sample-3_model.cif
OVA-C4-IPTM80-21S	2		A-D	A	348	HIS	CE1	A348H	D	96	ASP	N		2.2736141681671143	experiments/e134_c4_iptm80_multiseed_batch03/af3/out_s3/ova_body_c4_04/seed-2_sample-3/ova_body_c4_04_seed-2_sample-3_model.cif
OVA-C4-IPTM80-21S	2		B-C	B	96	ASP	N		C	348	HIS	CE1	A348H	2.1356606483459473	experiments/e134_c4_iptm80_multiseed_batch03/af3/out_s3/ova_body_c4_04/seed-2_sample-3/ova_body_c4_04_seed-2_sample-3_model.cif
OVA-C4-IPTM80-21S	2		B-C	B	348	HIS	CE1	A348H	C	96	ASP	N		2.1537489891052246	experiments/e134_c4_iptm80_multiseed_batch03/af3/out_s3/ova_body_c4_04/seed-2_sample-3/ova_body_c4_04_seed-2_sample-3_model.cif
OVA-C4-IPTM80-21S	4		A-D	A	340	ARG	O		D	340	ARG	O		2.3952977657318115	experiments/e134_c4_iptm80_multiseed_batch03/af3/out_s3/ova_body_c4_04/seed-4_sample-0/ova_body_c4_04_seed-4_sample-0_model.cif
OVA-C4-IPTM80-21S	4		B-C	B	340	ARG	O		C	340	ARG	O		2.3674774169921875	experiments/e134_c4_iptm80_multiseed_batch03/af3/out_s3/ova_body_c4_04/seed-4_sample-0/ova_body_c4_04_seed-4_sample-0_model.cif
OVA-C4-IPTM80-21S	5		A-C	A	348	HIS	NE2	A348H	C	95	ASN	C		2.38405179977417	experiments/e134_c4_iptm80_multiseed_batch03/af3/out_s3/ova_body_c4_04/seed-5_sample-4/ova_body_c4_04_seed-5_sample-4_model.cif
OVA-C4-IPTM80-21S	5		B-D	B	95	ASN	C		D	348	HIS	NE2	A348H	2.390977144241333	experiments/e134_c4_iptm80_multiseed_batch03/af3/out_s3/ova_body_c4_04/seed-5_sample-4/ova_body_c4_04_seed-5_sample-4_model.cif
OVA-C4-IPTM80-20T	1		A-C	A	95	ASN	CA		C	348	GLU	OE1	A348E	2.240445375442505	experiments/e126_c4_iptm80_continue_af3_seed1/out_s2/ova_body_c4_11/seed-1_sample-0/ova_body_c4_11_seed-1_sample-0_model.cif
OVA-C4-IPTM80-20T	1		A-C	A	348	GLU	OE1	A348E	C	95	ASN	CA		2.086684226989746	experiments/e126_c4_iptm80_continue_af3_seed1/out_s2/ova_body_c4_11/seed-1_sample-0/ova_body_c4_11_seed-1_sample-0_model.cif
OVA-C4-IPTM80-20T	1		A-C	A	348	GLU	OE1	A348E	C	95	ASN	CB		2.3008997440338135	experiments/e126_c4_iptm80_continue_af3_seed1/out_s2/ova_body_c4_11/seed-1_sample-0/ova_body_c4_11_seed-1_sample-0_model.cif
OVA-C4-IPTM80-20T	1		B-D	B	95	ASN	CA		D	348	GLU	OE1	A348E	2.3358020782470703	experiments/e126_c4_iptm80_continue_af3_seed1/out_s2/ova_body_c4_11/seed-1_sample-0/ova_body_c4_11_seed-1_sample-0_model.cif
OVA-C4-IPTM80-20T	1		B-D	B	348	GLU	OE1	A348E	D	95	ASN	CA		2.1960766315460205	experiments/e126_c4_iptm80_continue_af3_seed1/out_s2/ova_body_c4_11/seed-1_sample-0/ova_body_c4_11_seed-1_sample-0_model.cif
OVA-C4-IPTM80-20T	1		B-D	B	348	GLU	OE1	A348E	D	95	ASN	CB		2.352421760559082	experiments/e126_c4_iptm80_continue_af3_seed1/out_s2/ova_body_c4_11/seed-1_sample-0/ova_body_c4_11_seed-1_sample-0_model.cif
OVA-C4-IPTM80-20T	1		A-C	A	95	ASN	CA		C	348	GLU	OE1	A348E	2.062784433364868	experiments/e126_c4_iptm80_continue_af3_seed1/out_s2/ova_body_c4_11/seed-1_sample-1/ova_body_c4_11_seed-1_sample-1_model.cif
OVA-C4-IPTM80-20T	1		A-C	A	96	ASP	N		C	348	GLU	OE1	A348E	2.3184773921966553	experiments/e126_c4_iptm80_continue_af3_seed1/out_s2/ova_body_c4_11/seed-1_sample-1/ova_body_c4_11_seed-1_sample-1_model.cif
OVA-C4-IPTM80-20T	1		A-C	A	348	GLU	OE1	A348E	C	95	ASN	CA		2.1580801010131836	experiments/e126_c4_iptm80_continue_af3_seed1/out_s2/ova_body_c4_11/seed-1_sample-1/ova_body_c4_11_seed-1_sample-1_model.cif
OVA-C4-IPTM80-20T	1		A-C	A	348	GLU	OE1	A348E	C	96	ASP	N		2.3879096508026123	experiments/e126_c4_iptm80_continue_af3_seed1/out_s2/ova_body_c4_11/seed-1_sample-1/ova_body_c4_11_seed-1_sample-1_model.cif
OVA-C4-IPTM80-20T	1		B-D	B	95	ASN	CA		D	348	GLU	OE1	A348E	2.1759581565856934	experiments/e126_c4_iptm80_continue_af3_seed1/out_s2/ova_body_c4_11/seed-1_sample-1/ova_body_c4_11_seed-1_sample-1_model.cif
OVA-C4-IPTM80-20T	1		B-D	B	348	GLU	OE1	A348E	D	95	ASN	CA		2.2098071575164795	experiments/e126_c4_iptm80_continue_af3_seed1/out_s2/ova_body_c4_11/seed-1_sample-1/ova_body_c4_11_seed-1_sample-1_model.cif
OVA-C4-IPTM80-20T	1		A-C	A	95	ASN	CA		C	348	GLU	OE1	A348E	2.1755008697509766	experiments/e126_c4_iptm80_continue_af3_seed1/out_s2/ova_body_c4_11/seed-1_sample-2/ova_body_c4_11_seed-1_sample-2_model.cif
OVA-C4-IPTM80-20T	1		A-C	A	95	ASN	CB		C	348	GLU	OE1	A348E	2.3378078937530518	experiments/e126_c4_iptm80_continue_af3_seed1/out_s2/ova_body_c4_11/seed-1_sample-2/ova_body_c4_11_seed-1_sample-2_model.cif
OVA-C4-IPTM80-20T	1		A-C	A	348	GLU	OE1	A348E	C	95	ASN	CA		2.2976715564727783	experiments/e126_c4_iptm80_continue_af3_seed1/out_s2/ova_body_c4_11/seed-1_sample-2/ova_body_c4_11_seed-1_sample-2_model.cif
OVA-C4-IPTM80-20T	1		B-D	B	95	ASN	CA		D	348	GLU	OE1	A348E	2.2518310546875	experiments/e126_c4_iptm80_continue_af3_seed1/out_s2/ova_body_c4_11/seed-1_sample-2/ova_body_c4_11_seed-1_sample-2_model.cif
OVA-C4-IPTM80-20T	1		B-D	B	348	GLU	OE1	A348E	D	95	ASN	CA		2.363893508911133	experiments/e126_c4_iptm80_continue_af3_seed1/out_s2/ova_body_c4_11/seed-1_sample-2/ova_body_c4_11_seed-1_sample-2_model.cif
OVA-C4-IPTM80-20T	1		A-C	A	96	ASP	N		C	348	GLU	OE1	A348E	1.8985031843185425	experiments/e126_c4_iptm80_continue_af3_seed1/out_s2/ova_body_c4_11/seed-1_sample-3/ova_body_c4_11_seed-1_sample-3_model.cif
OVA-C4-IPTM80-20T	1		A-C	A	348	GLU	OE1	A348E	C	96	ASP	N		1.9129507541656494	experiments/e126_c4_iptm80_continue_af3_seed1/out_s2/ova_body_c4_11/seed-1_sample-3/ova_body_c4_11_seed-1_sample-3_model.cif
OVA-C4-IPTM80-20T	1		A-D	A	346	PHE	CD1	A346F	D	346	PHE	CE1	A346F	2.375964879989624	experiments/e126_c4_iptm80_continue_af3_seed1/out_s2/ova_body_c4_11/seed-1_sample-3/ova_body_c4_11_seed-1_sample-3_model.cif
OVA-C4-IPTM80-20T	1		A-D	A	346	PHE	CE1	A346F	D	346	PHE	CD1	A346F	2.3394031524658203	experiments/e126_c4_iptm80_continue_af3_seed1/out_s2/ova_body_c4_11/seed-1_sample-3/ova_body_c4_11_seed-1_sample-3_model.cif
OVA-C4-IPTM80-20T	1		A-D	A	346	PHE	CE1	A346F	D	346	PHE	CE1	A346F	2.380232810974121	experiments/e126_c4_iptm80_continue_af3_seed1/out_s2/ova_body_c4_11/seed-1_sample-3/ova_body_c4_11_seed-1_sample-3_model.cif
OVA-C4-IPTM80-20T	1		B-C	B	346	PHE	CD1	A346F	C	346	PHE	CE1	A346F	2.266110420227051	experiments/e126_c4_iptm80_continue_af3_seed1/out_s2/ova_body_c4_11/seed-1_sample-3/ova_body_c4_11_seed-1_sample-3_model.cif
OVA-C4-IPTM80-20T	1		B-C	B	346	PHE	CE1	A346F	C	346	PHE	CD1	A346F	2.346409797668457	experiments/e126_c4_iptm80_continue_af3_seed1/out_s2/ova_body_c4_11/seed-1_sample-3/ova_body_c4_11_seed-1_sample-3_model.cif
OVA-C4-IPTM80-20T	1		B-C	B	346	PHE	CE1	A346F	C	346	PHE	CE1	A346F	2.344086170196533	experiments/e126_c4_iptm80_continue_af3_seed1/out_s2/ova_body_c4_11/seed-1_sample-3/ova_body_c4_11_seed-1_sample-3_model.cif
OVA-C4-IPTM80-20T	1		B-D	B	96	ASP	N		D	348	GLU	OE1	A348E	1.8939385414123535	experiments/e126_c4_iptm80_continue_af3_seed1/out_s2/ova_body_c4_11/seed-1_sample-3/ova_body_c4_11_seed-1_sample-3_model.cif
OVA-C4-IPTM80-20T	1		B-D	B	348	GLU	OE1	A348E	D	96	ASP	N		1.8918678760528564	experiments/e126_c4_iptm80_continue_af3_seed1/out_s2/ova_body_c4_11/seed-1_sample-3/ova_body_c4_11_seed-1_sample-3_model.cif
OVA-C4-IPTM80-20T	1		A-C	A	95	ASN	CA		C	348	GLU	OE1	A348E	2.103966236114502	experiments/e126_c4_iptm80_continue_af3_seed1/out_s2/ova_body_c4_11/seed-1_sample-4/ova_body_c4_11_seed-1_sample-4_model.cif
OVA-C4-IPTM80-20T	1		A-C	A	348	GLU	OE1	A348E	C	95	ASN	CA		2.2122702598571777	experiments/e126_c4_iptm80_continue_af3_seed1/out_s2/ova_body_c4_11/seed-1_sample-4/ova_body_c4_11_seed-1_sample-4_model.cif
OVA-C4-IPTM80-20T	1		B-D	B	95	ASN	CA		D	348	GLU	OE1	A348E	2.140928268432617	experiments/e126_c4_iptm80_continue_af3_seed1/out_s2/ova_body_c4_11/seed-1_sample-4/ova_body_c4_11_seed-1_sample-4_model.cif
OVA-C4-IPTM80-20T	1		B-D	B	348	GLU	OE1	A348E	D	95	ASN	CA		2.1137704849243164	experiments/e126_c4_iptm80_continue_af3_seed1/out_s2/ova_body_c4_11/seed-1_sample-4/ova_body_c4_11_seed-1_sample-4_model.cif
OVA-C4-IPTM80-20T	2		A-D	A	96	ASP	N		D	348	GLU	OE1	A348E	2.1295583248138428	experiments/e135_c4_iptm80_multiseed_batch04/af3/out_s6/ova_body_c4_07/seed-2_sample-1/ova_body_c4_07_seed-2_sample-1_model.cif
OVA-C4-IPTM80-20T	2		A-D	A	348	GLU	OE1	A348E	D	96	ASP	N		2.1956520080566406	experiments/e135_c4_iptm80_multiseed_batch04/af3/out_s6/ova_body_c4_07/seed-2_sample-1/ova_body_c4_07_seed-2_sample-1_model.cif
OVA-C4-IPTM80-20T	2		B-C	B	96	ASP	N		C	348	GLU	OE1	A348E	2.1746792793273926	experiments/e135_c4_iptm80_multiseed_batch04/af3/out_s6/ova_body_c4_07/seed-2_sample-1/ova_body_c4_07_seed-2_sample-1_model.cif
OVA-C4-IPTM80-20T	2		B-C	B	348	GLU	OE1	A348E	C	96	ASP	N		2.141831159591675	experiments/e135_c4_iptm80_multiseed_batch04/af3/out_s6/ova_body_c4_07/seed-2_sample-1/ova_body_c4_07_seed-2_sample-1_model.cif
OVA-C4-IPTM80-20T	2		A-B	A	346	PHE	CE1	A346F	B	350	ILE	CD1	V350I	2.252171039581299	experiments/e135_c4_iptm80_multiseed_batch04/af3/out_s6/ova_body_c4_07/seed-2_sample-3/ova_body_c4_07_seed-2_sample-3_model.cif
OVA-C4-IPTM80-20T	2		A-B	A	350	ILE	CD1	V350I	B	346	PHE	CE1	A346F	2.2968389987945557	experiments/e135_c4_iptm80_multiseed_batch04/af3/out_s6/ova_body_c4_07/seed-2_sample-3/ova_body_c4_07_seed-2_sample-3_model.cif
OVA-C4-IPTM80-20T	2		C-D	C	346	PHE	CE1	A346F	D	350	ILE	CD1	V350I	2.169555187225342	experiments/e135_c4_iptm80_multiseed_batch04/af3/out_s6/ova_body_c4_07/seed-2_sample-3/ova_body_c4_07_seed-2_sample-3_model.cif
OVA-C4-IPTM80-20T	2		C-D	C	350	ILE	CD1	V350I	D	346	PHE	CE1	A346F	2.2162628173828125	experiments/e135_c4_iptm80_multiseed_batch04/af3/out_s6/ova_body_c4_07/seed-2_sample-3/ova_body_c4_07_seed-2_sample-3_model.cif
OVA-C4-IPTM80-20T	2		A-D	A	348	GLU	OE1	A348E	D	95	ASN	CA		2.3634397983551025	experiments/e135_c4_iptm80_multiseed_batch04/af3/out_s6/ova_body_c4_07/seed-2_sample-4/ova_body_c4_07_seed-2_sample-4_model.cif
OVA-C4-IPTM80-20T	2		A-D	A	348	GLU	OE1	A348E	D	95	ASN	CB		2.35895037651062	experiments/e135_c4_iptm80_multiseed_batch04/af3/out_s6/ova_body_c4_07/seed-2_sample-4/ova_body_c4_07_seed-2_sample-4_model.cif
OVA-C4-IPTM80-20T	2		B-C	B	95	ASN	CA		C	348	GLU	OE1	A348E	2.368119716644287	experiments/e135_c4_iptm80_multiseed_batch04/af3/out_s6/ova_body_c4_07/seed-2_sample-4/ova_body_c4_07_seed-2_sample-4_model.cif
OVA-C4-IPTM80-20T	2		B-C	B	95	ASN	CB		C	348	GLU	OE1	A348E	2.256033182144165	experiments/e135_c4_iptm80_multiseed_batch04/af3/out_s6/ova_body_c4_07/seed-2_sample-4/ova_body_c4_07_seed-2_sample-4_model.cif
OVA-C4-IPTM80-20T	2		B-C	B	348	GLU	OE1	A348E	C	95	ASN	CB		2.382538318634033	experiments/e135_c4_iptm80_multiseed_batch04/af3/out_s6/ova_body_c4_07/seed-2_sample-4/ova_body_c4_07_seed-2_sample-4_model.cif
OVA-C4-IPTM80-20T	3		A-B	A	346	PHE	CE2	A346F	B	347	ASP	OD1	E347D	2.380723476409912	experiments/e135_c4_iptm80_multiseed_batch04/af3/out_s6/ova_body_c4_07/seed-3_sample-0/ova_body_c4_07_seed-3_sample-0_model.cif
OVA-C4-IPTM80-20T	3		A-B	A	347	ASP	OD1	E347D	B	346	PHE	CE2	A346F	2.3857581615448	experiments/e135_c4_iptm80_multiseed_batch04/af3/out_s6/ova_body_c4_07/seed-3_sample-0/ova_body_c4_07_seed-3_sample-0_model.cif
OVA-C4-IPTM80-20T	3		C-D	C	347	ASP	OD1	E347D	D	346	PHE	CE2	A346F	2.3475453853607178	experiments/e135_c4_iptm80_multiseed_batch04/af3/out_s6/ova_body_c4_07/seed-3_sample-0/ova_body_c4_07_seed-3_sample-0_model.cif
OVA-C4-IPTM80-20T	3		A-C	A	96	ASP	N		C	348	GLU	OE1	A348E	2.2422900199890137	experiments/e135_c4_iptm80_multiseed_batch04/af3/out_s6/ova_body_c4_07/seed-3_sample-2/ova_body_c4_07_seed-3_sample-2_model.cif
OVA-C4-IPTM80-20T	3		A-C	A	191	TYR	OH	A191Y	C	336	GLU	OE2	N336E	2.147742748260498	experiments/e135_c4_iptm80_multiseed_batch04/af3/out_s6/ova_body_c4_07/seed-3_sample-2/ova_body_c4_07_seed-3_sample-2_model.cif
OVA-C4-IPTM80-20T	3		A-C	A	336	GLU	OE2	N336E	C	191	TYR	OH	A191Y	2.1079063415527344	experiments/e135_c4_iptm80_multiseed_batch04/af3/out_s6/ova_body_c4_07/seed-3_sample-2/ova_body_c4_07_seed-3_sample-2_model.cif
OVA-C4-IPTM80-20T	3		A-C	A	348	GLU	OE1	A348E	C	96	ASP	N		2.2666749954223633	experiments/e135_c4_iptm80_multiseed_batch04/af3/out_s6/ova_body_c4_07/seed-3_sample-2/ova_body_c4_07_seed-3_sample-2_model.cif
OVA-C4-IPTM80-20T	3		B-D	B	96	ASP	N		D	348	GLU	OE1	A348E	2.3309028148651123	experiments/e135_c4_iptm80_multiseed_batch04/af3/out_s6/ova_body_c4_07/seed-3_sample-2/ova_body_c4_07_seed-3_sample-2_model.cif
OVA-C4-IPTM80-20T	3		B-D	B	191	TYR	OH	A191Y	D	336	GLU	OE2	N336E	2.1474721431732178	experiments/e135_c4_iptm80_multiseed_batch04/af3/out_s6/ova_body_c4_07/seed-3_sample-2/ova_body_c4_07_seed-3_sample-2_model.cif
OVA-C4-IPTM80-20T	3		B-D	B	336	GLU	OE2	N336E	D	191	TYR	OH	A191Y	2.115257501602173	experiments/e135_c4_iptm80_multiseed_batch04/af3/out_s6/ova_body_c4_07/seed-3_sample-2/ova_body_c4_07_seed-3_sample-2_model.cif
OVA-C4-IPTM80-20T	3		B-D	B	348	GLU	OE1	A348E	D	96	ASP	N		2.3734683990478516	experiments/e135_c4_iptm80_multiseed_batch04/af3/out_s6/ova_body_c4_07/seed-3_sample-2/ova_body_c4_07_seed-3_sample-2_model.cif
OVA-C4-IPTM80-20T	3		A-B	A	350	ILE	CD1	V350I	B	346	PHE	CE1	A346F	2.383249282836914	experiments/e135_c4_iptm80_multiseed_batch04/af3/out_s6/ova_body_c4_07/seed-3_sample-3/ova_body_c4_07_seed-3_sample-3_model.cif
OVA-C4-IPTM80-20T	3		A-C	A	96	ASP	N		C	348	GLU	OE1	A348E	2.027545213699341	experiments/e135_c4_iptm80_multiseed_batch04/af3/out_s6/ova_body_c4_07/seed-3_sample-3/ova_body_c4_07_seed-3_sample-3_model.cif
OVA-C4-IPTM80-20T	3		A-C	A	348	GLU	OE1	A348E	C	96	ASP	N		1.9717460870742798	experiments/e135_c4_iptm80_multiseed_batch04/af3/out_s6/ova_body_c4_07/seed-3_sample-3/ova_body_c4_07_seed-3_sample-3_model.cif
OVA-C4-IPTM80-20T	3		B-D	B	96	ASP	N		D	348	GLU	OE1	A348E	1.9937528371810913	experiments/e135_c4_iptm80_multiseed_batch04/af3/out_s6/ova_body_c4_07/seed-3_sample-3/ova_body_c4_07_seed-3_sample-3_model.cif
OVA-C4-IPTM80-20T	3		B-D	B	348	GLU	OE1	A348E	D	96	ASP	N		2.0564582347869873	experiments/e135_c4_iptm80_multiseed_batch04/af3/out_s6/ova_body_c4_07/seed-3_sample-3/ova_body_c4_07_seed-3_sample-3_model.cif
OVA-C4-IPTM80-20T	3		A-C	A	95	ASN	CA		C	348	GLU	OE1	A348E	2.3761377334594727	experiments/e135_c4_iptm80_multiseed_batch04/af3/out_s6/ova_body_c4_07/seed-3_sample-4/ova_body_c4_07_seed-3_sample-4_model.cif
OVA-C4-IPTM80-20T	3		A-C	A	348	GLU	OE1	A348E	C	95	ASN	CA		2.338625907897949	experiments/e135_c4_iptm80_multiseed_batch04/af3/out_s6/ova_body_c4_07/seed-3_sample-4/ova_body_c4_07_seed-3_sample-4_model.cif
OVA-C4-IPTM80-20T	3		B-D	B	95	ASN	CA		D	348	GLU	OE1	A348E	2.34377384185791	experiments/e135_c4_iptm80_multiseed_batch04/af3/out_s6/ova_body_c4_07/seed-3_sample-4/ova_body_c4_07_seed-3_sample-4_model.cif
OVA-C4-IPTM80-20T	3		B-D	B	348	GLU	OE1	A348E	D	95	ASN	CA		2.373246431350708	experiments/e135_c4_iptm80_multiseed_batch04/af3/out_s6/ova_body_c4_07/seed-3_sample-4/ova_body_c4_07_seed-3_sample-4_model.cif
OVA-C4-IPTM80-20T	4		A-C	A	96	ASP	OD2		C	190	LYS	NZ		2.3938956260681152	experiments/e135_c4_iptm80_multiseed_batch04/af3/out_s6/ova_body_c4_07/seed-4_sample-0/ova_body_c4_07_seed-4_sample-0_model.cif
OVA-C4-IPTM80-20T	4		A-C	A	345	GLU	OE1	S345E	C	340	ARG	NH1		2.398374080657959	experiments/e135_c4_iptm80_multiseed_batch04/af3/out_s6/ova_body_c4_07/seed-4_sample-0/ova_body_c4_07_seed-4_sample-0_model.cif
OVA-C4-IPTM80-20T	4		A-D	A	346	PHE	CE1	A346F	D	350	ILE	CD1	V350I	2.3858253955841064	experiments/e135_c4_iptm80_multiseed_batch04/af3/out_s6/ova_body_c4_07/seed-4_sample-1/ova_body_c4_07_seed-4_sample-1_model.cif
OVA-C4-IPTM80-20T	4		A-C	A	95	ASN	CA		C	348	GLU	OE1	A348E	2.0448453426361084	experiments/e135_c4_iptm80_multiseed_batch04/af3/out_s6/ova_body_c4_07/seed-4_sample-2/ova_body_c4_07_seed-4_sample-2_model.cif
OVA-C4-IPTM80-20T	4		A-C	A	348	GLU	OE1	A348E	C	95	ASN	CA		2.179898500442505	experiments/e135_c4_iptm80_multiseed_batch04/af3/out_s6/ova_body_c4_07/seed-4_sample-2/ova_body_c4_07_seed-4_sample-2_model.cif
OVA-C4-IPTM80-20T	4		B-D	B	95	ASN	CA		D	348	GLU	OE1	A348E	2.081934928894043	experiments/e135_c4_iptm80_multiseed_batch04/af3/out_s6/ova_body_c4_07/seed-4_sample-2/ova_body_c4_07_seed-4_sample-2_model.cif
OVA-C4-IPTM80-20T	4		B-D	B	348	GLU	OE1	A348E	D	95	ASN	CA		2.079350709915161	experiments/e135_c4_iptm80_multiseed_batch04/af3/out_s6/ova_body_c4_07/seed-4_sample-2/ova_body_c4_07_seed-4_sample-2_model.cif
OVA-C4-IPTM80-20T	4		A-C	A	96	ASP	N		C	348	GLU	OE1	A348E	2.2462968826293945	experiments/e135_c4_iptm80_multiseed_batch04/af3/out_s6/ova_body_c4_07/seed-4_sample-3/ova_body_c4_07_seed-4_sample-3_model.cif
OVA-C4-IPTM80-20T	4		A-C	A	190	LYS	NZ		C	96	ASP	OD2		2.396324396133423	experiments/e135_c4_iptm80_multiseed_batch04/af3/out_s6/ova_body_c4_07/seed-4_sample-3/ova_body_c4_07_seed-4_sample-3_model.cif
OVA-C4-IPTM80-20T	4		A-C	A	348	GLU	OE1	A348E	C	96	ASP	N		2.3795464038848877	experiments/e135_c4_iptm80_multiseed_batch04/af3/out_s6/ova_body_c4_07/seed-4_sample-3/ova_body_c4_07_seed-4_sample-3_model.cif
OVA-C4-IPTM80-20T	4		A-D	A	346	PHE	CD1	A346F	D	346	PHE	CD1	A346F	2.3000786304473877	experiments/e135_c4_iptm80_multiseed_batch04/af3/out_s6/ova_body_c4_07/seed-4_sample-3/ova_body_c4_07_seed-4_sample-3_model.cif
OVA-C4-IPTM80-20T	4		A-D	A	346	PHE	CD1	A346F	D	346	PHE	CE1	A346F	1.9488475322723389	experiments/e135_c4_iptm80_multiseed_batch04/af3/out_s6/ova_body_c4_07/seed-4_sample-3/ova_body_c4_07_seed-4_sample-3_model.cif
OVA-C4-IPTM80-20T	4		A-D	A	346	PHE	CE1	A346F	D	346	PHE	CD1	A346F	1.9700055122375488	experiments/e135_c4_iptm80_multiseed_batch04/af3/out_s6/ova_body_c4_07/seed-4_sample-3/ova_body_c4_07_seed-4_sample-3_model.cif
OVA-C4-IPTM80-20T	4		A-D	A	346	PHE	CE1	A346F	D	346	PHE	CE1	A346F	2.1028380393981934	experiments/e135_c4_iptm80_multiseed_batch04/af3/out_s6/ova_body_c4_07/seed-4_sample-3/ova_body_c4_07_seed-4_sample-3_model.cif
OVA-C4-IPTM80-20T	4		B-C	B	346	PHE	CD1	A346F	C	346	PHE	CD1	A346F	2.3659138679504395	experiments/e135_c4_iptm80_multiseed_batch04/af3/out_s6/ova_body_c4_07/seed-4_sample-3/ova_body_c4_07_seed-4_sample-3_model.cif
OVA-C4-IPTM80-20T	4		B-C	B	346	PHE	CD1	A346F	C	346	PHE	CE1	A346F	1.9754034280776978	experiments/e135_c4_iptm80_multiseed_batch04/af3/out_s6/ova_body_c4_07/seed-4_sample-3/ova_body_c4_07_seed-4_sample-3_model.cif
OVA-C4-IPTM80-20T	4		B-C	B	346	PHE	CE1	A346F	C	346	PHE	CD1	A346F	1.9521974325180054	experiments/e135_c4_iptm80_multiseed_batch04/af3/out_s6/ova_body_c4_07/seed-4_sample-3/ova_body_c4_07_seed-4_sample-3_model.cif
OVA-C4-IPTM80-20T	4		B-C	B	346	PHE	CE1	A346F	C	346	PHE	CE1	A346F	2.008237838745117	experiments/e135_c4_iptm80_multiseed_batch04/af3/out_s6/ova_body_c4_07/seed-4_sample-3/ova_body_c4_07_seed-4_sample-3_model.cif
OVA-C4-IPTM80-20T	4		B-D	B	96	ASP	N		D	348	GLU	OE1	A348E	2.287308931350708	experiments/e135_c4_iptm80_multiseed_batch04/af3/out_s6/ova_body_c4_07/seed-4_sample-3/ova_body_c4_07_seed-4_sample-3_model.cif
OVA-C4-IPTM80-20T	4		B-D	B	96	ASP	OD2		D	190	LYS	NZ		2.386622190475464	experiments/e135_c4_iptm80_multiseed_batch04/af3/out_s6/ova_body_c4_07/seed-4_sample-3/ova_body_c4_07_seed-4_sample-3_model.cif
OVA-C4-IPTM80-20T	4		B-D	B	348	GLU	OE1	A348E	D	96	ASP	N		2.3010663986206055	experiments/e135_c4_iptm80_multiseed_batch04/af3/out_s6/ova_body_c4_07/seed-4_sample-3/ova_body_c4_07_seed-4_sample-3_model.cif
OVA-C4-IPTM80-20T	5		A-D	A	191	TYR	OH	A191Y	D	336	GLU	OE2	N336E	2.1812405586242676	experiments/e135_c4_iptm80_multiseed_batch04/af3/out_s6/ova_body_c4_07/seed-5_sample-0/ova_body_c4_07_seed-5_sample-0_model.cif
OVA-C4-IPTM80-20T	5		A-D	A	336	GLU	OE2	N336E	D	191	TYR	OH	A191Y	2.20693302154541	experiments/e135_c4_iptm80_multiseed_batch04/af3/out_s6/ova_body_c4_07/seed-5_sample-0/ova_body_c4_07_seed-5_sample-0_model.cif
OVA-C4-IPTM80-20T	5		B-C	B	96	ASP	N		C	348	GLU	OE1	A348E	2.3812098503112793	experiments/e135_c4_iptm80_multiseed_batch04/af3/out_s6/ova_body_c4_07/seed-5_sample-0/ova_body_c4_07_seed-5_sample-0_model.cif
OVA-C4-IPTM80-20T	5		B-C	B	191	TYR	OH	A191Y	C	336	GLU	OE2	N336E	2.1724860668182373	experiments/e135_c4_iptm80_multiseed_batch04/af3/out_s6/ova_body_c4_07/seed-5_sample-0/ova_body_c4_07_seed-5_sample-0_model.cif
OVA-C4-IPTM80-20T	5		B-C	B	336	GLU	OE2	N336E	C	191	TYR	OH	A191Y	2.118788957595825	experiments/e135_c4_iptm80_multiseed_batch04/af3/out_s6/ova_body_c4_07/seed-5_sample-0/ova_body_c4_07_seed-5_sample-0_model.cif
OVA-C4-IPTM80-20T	5		A-D	A	96	ASP	N		D	348	GLU	OE1	A348E	2.276946783065796	experiments/e135_c4_iptm80_multiseed_batch04/af3/out_s6/ova_body_c4_07/seed-5_sample-1/ova_body_c4_07_seed-5_sample-1_model.cif
OVA-C4-IPTM80-20T	5		A-D	A	191	TYR	OH	A191Y	D	336	GLU	OE2	N336E	2.3990888595581055	experiments/e135_c4_iptm80_multiseed_batch04/af3/out_s6/ova_body_c4_07/seed-5_sample-1/ova_body_c4_07_seed-5_sample-1_model.cif
OVA-C4-IPTM80-20T	5		A-D	A	348	GLU	OE1	A348E	D	96	ASP	N		2.27278995513916	experiments/e135_c4_iptm80_multiseed_batch04/af3/out_s6/ova_body_c4_07/seed-5_sample-1/ova_body_c4_07_seed-5_sample-1_model.cif
OVA-C4-IPTM80-20T	5		B-C	B	96	ASP	N		C	348	GLU	OE1	A348E	2.277893543243408	experiments/e135_c4_iptm80_multiseed_batch04/af3/out_s6/ova_body_c4_07/seed-5_sample-1/ova_body_c4_07_seed-5_sample-1_model.cif
OVA-C4-IPTM80-20T	5		B-C	B	348	GLU	OE1	A348E	C	96	ASP	N		2.2562131881713867	experiments/e135_c4_iptm80_multiseed_batch04/af3/out_s6/ova_body_c4_07/seed-5_sample-1/ova_body_c4_07_seed-5_sample-1_model.cif
OVA-C4-IPTM80-20T	5		A-D	A	96	ASP	OD2		D	190	LYS	NZ		2.376882553100586	experiments/e135_c4_iptm80_multiseed_batch04/af3/out_s6/ova_body_c4_07/seed-5_sample-2/ova_body_c4_07_seed-5_sample-2_model.cif
OVA-C4-IPTM80-20T	5		A-D	A	190	LYS	NZ		D	96	ASP	OD2		2.3958115577697754	experiments/e135_c4_iptm80_multiseed_batch04/af3/out_s6/ova_body_c4_07/seed-5_sample-2/ova_body_c4_07_seed-5_sample-2_model.cif
OVA-C4-IPTM80-20T	5		B-C	B	96	ASP	OD2		C	190	LYS	NZ		2.360178232192993	experiments/e135_c4_iptm80_multiseed_batch04/af3/out_s6/ova_body_c4_07/seed-5_sample-2/ova_body_c4_07_seed-5_sample-2_model.cif
OVA-C4-IPTM80-20T	5		A-D	A	96	ASP	OD2		D	190	LYS	NZ		2.318449020385742	experiments/e135_c4_iptm80_multiseed_batch04/af3/out_s6/ova_body_c4_07/seed-5_sample-3/ova_body_c4_07_seed-5_sample-3_model.cif
OVA-C4-IPTM80-20T	5		A-D	A	190	LYS	NZ		D	96	ASP	OD2		2.300628900527954	experiments/e135_c4_iptm80_multiseed_batch04/af3/out_s6/ova_body_c4_07/seed-5_sample-3/ova_body_c4_07_seed-5_sample-3_model.cif
OVA-C4-IPTM80-20T	5		B-C	B	96	ASP	OD2		C	190	LYS	NZ		2.2856173515319824	experiments/e135_c4_iptm80_multiseed_batch04/af3/out_s6/ova_body_c4_07/seed-5_sample-3/ova_body_c4_07_seed-5_sample-3_model.cif
OVA-C4-IPTM80-20T	5		B-C	B	190	LYS	NZ		C	96	ASP	OD2		2.3440663814544678	experiments/e135_c4_iptm80_multiseed_batch04/af3/out_s6/ova_body_c4_07/seed-5_sample-3/ova_body_c4_07_seed-5_sample-3_model.cif
OVA-C4-IPTM80-20T	5		A-D	A	96	ASP	N		D	348	GLU	OE1	A348E	2.3821961879730225	experiments/e135_c4_iptm80_multiseed_batch04/af3/out_s6/ova_body_c4_07/seed-5_sample-4/ova_body_c4_07_seed-5_sample-4_model.cif
