candidate_index	source_name	task_index	context	family	order_index	design_nll	chain_a_nll	chain_b_nll	chain_c_nll	chain_d_nll	chain_spread
0	OVA-C4-IPTM90-405	2	ai11_af3_bb3	AI11_AF3	0	1.2854012250900269	1.2357920408248901	1.2510827779769897	1.2328013181686401	1.4219284057617188	0.1891270875930786
0	OVA-C4-IPTM90-405	2	ai11_af3_bb3	AI11_AF3	1	1.28926682472229	1.3142496347427368	1.262986183166504	1.2933554649353027	1.2864758968353271	0.05126345157623291
0	OVA-C4-IPTM90-405	2	ai11_af3_bb3	AI11_AF3	2	1.298027515411377	1.2838958501815796	1.2223314046859741	1.3131159543991089	1.3727675676345825	0.1504361629486084
0	OVA-C4-IPTM90-405	2	ai11_af3_bb3	AI11_AF3	3	1.3021820783615112	1.2191084623336792	1.479803442955017	1.2083005905151367	1.3015155792236328	0.27150285243988037
1	OVA-C4-IPTM90-151	2	ai11_af3_bb3	AI11_AF3	0	1.2201619148254395	1.1384567022323608	1.175583839416504	1.25107741355896	1.3155298233032227	0.17707312107086182
1	OVA-C4-IPTM90-151	2	ai11_af3_bb3	AI11_AF3	1	1.2255793809890747	1.2470035552978516	1.212466835975647	1.2199616432189941	1.2228854894638062	0.03453671932220459
1	OVA-C4-IPTM90-151	2	ai11_af3_bb3	AI11_AF3	2	1.2398208379745483	1.2597776651382446	1.1459262371063232	1.2720930576324463	1.2814867496490479	0.1355605125427246
1	OVA-C4-IPTM90-151	2	ai11_af3_bb3	AI11_AF3	3	1.245865821838379	1.065719485282898	1.4796245098114014	1.2242244482040405	1.2138950824737549	0.4139050245285034
2	OVA-C4-IPTM90-021	2	ai11_af3_bb3	AI11_AF3	0	1.216875672340393	1.1434539556503296	1.1861311197280884	1.2349532842636108	1.3029643297195435	0.15951037406921387
2	OVA-C4-IPTM90-021	2	ai11_af3_bb3	AI11_AF3	1	1.227885365486145	1.230351448059082	1.2343385219573975	1.2330447435379028	1.2138066291809082	0.020531892776489258
2	OVA-C4-IPTM90-021	2	ai11_af3_bb3	AI11_AF3	2	1.2416234016418457	1.2358590364456177	1.141379952430725	1.2874433994293213	1.3018110990524292	0.1604311466217041
2	OVA-C4-IPTM90-021	2	ai11_af3_bb3	AI11_AF3	3	1.246363878250122	1.083662509918213	1.4810314178466797	1.203855276107788	1.2169057130813599	0.3973689079284668
3	OVA-C4-IPTM90-415	2	ai11_af3_bb3	AI11_AF3	0	1.2894256114959717	1.2670210599899292	1.2094717025756836	1.2565579414367676	1.4246517419815063	0.21518003940582275
3	OVA-C4-IPTM90-415	2	ai11_af3_bb3	AI11_AF3	1	1.2950851917266846	1.3487471342086792	1.258129358291626	1.2755861282348633	1.297878384590149	0.09061777591705322
3	OVA-C4-IPTM90-415	2	ai11_af3_bb3	AI11_AF3	2	1.2959188222885132	1.3402299880981445	1.229353427886963	1.2779923677444458	1.3361001014709473	0.11087656021118164
3	OVA-C4-IPTM90-415	2	ai11_af3_bb3	AI11_AF3	3	1.3153411149978638	1.2016884088516235	1.5097805261611938	1.236530065536499	1.31336510181427	0.3080921173095703
4	OVA-C4-IPTM90-466	2	ai11_af3_bb3	AI11_AF3	0	1.261521577835083	1.1440839767456055	1.309556007385254	1.2509081363677979	1.3415383100509644	0.1974543333053589
4	OVA-C4-IPTM90-466	2	ai11_af3_bb3	AI11_AF3	1	1.2488394975662231	1.2275075912475586	1.2911940813064575	1.228812336921692	1.2478440999984741	0.06368649005889893
4	OVA-C4-IPTM90-466	2	ai11_af3_bb3	AI11_AF3	2	1.2678011655807495	1.2505886554718018	1.1725223064422607	1.3283462524414062	1.319747805595398	0.1558239459991455
4	OVA-C4-IPTM90-466	2	ai11_af3_bb3	AI11_AF3	3	1.2706612348556519	1.1143128871917725	1.484159231185913	1.2033823728561401	1.280790090560913	0.3698463439941406
5	OVA-C4-IPTM90-262	2	ai11_af3_bb3	AI11_AF3	0	1.2663968801498413	1.1850855350494385	1.2532236576080322	1.2961652278900146	1.3311136960983276	0.14602816104888916
5	OVA-C4-IPTM90-262	2	ai11_af3_bb3	AI11_AF3	1	1.2632488012313843	1.264055609703064	1.2834941148757935	1.2598376274108887	1.2456079721450806	0.03788614273071289
5	OVA-C4-IPTM90-262	2	ai11_af3_bb3	AI11_AF3	2	1.284397006034851	1.2928190231323242	1.1698999404907227	1.3181859254837036	1.3566837310791016	0.1867837905883789
5	OVA-C4-IPTM90-262	2	ai11_af3_bb3	AI11_AF3	3	1.2869234085083008	1.1082757711410522	1.5223678350448608	1.2400697469711304	1.2769807577133179	0.4140920639038086
6	OVA-C4-IPTM90-331	2	ai11_af3_bb3	AI11_AF3	0	1.2217713594436646	1.1461818218231201	1.1924225091934204	1.239471197128296	1.3090097904205322	0.1628279685974121
6	OVA-C4-IPTM90-331	2	ai11_af3_bb3	AI11_AF3	1	1.218595266342163	1.2411752939224243	1.2361078262329102	1.1901134252548218	1.2069844007492065	0.05106186866760254
6	OVA-C4-IPTM90-331	2	ai11_af3_bb3	AI11_AF3	2	1.2182916402816772	1.2418270111083984	1.1357001066207886	1.2555230855941772	1.240115761756897	0.11982297897338867
6	OVA-C4-IPTM90-331	2	ai11_af3_bb3	AI11_AF3	3	1.2426728010177612	1.0519722700119019	1.4849005937576294	1.2111624479293823	1.2226555347442627	0.43292832374572754
7	OVA-C4-IPTM90-124	2	ai11_af3_bb3	AI11_AF3	0	1.249605655670166	1.1751891374588013	1.2303416728973389	1.2744652032852173	1.3184266090393066	0.14323747158050537
7	OVA-C4-IPTM90-124	2	ai11_af3_bb3	AI11_AF3	1	1.2419819831848145	1.2564700841903687	1.2657129764556885	1.209923505783081	1.2358216047286987	0.05578947067260742
7	OVA-C4-IPTM90-124	2	ai11_af3_bb3	AI11_AF3	2	1.2496076822280884	1.2867560386657715	1.1564668416976929	1.273097038269043	1.2821109294891357	0.1302891969680786
7	OVA-C4-IPTM90-124	2	ai11_af3_bb3	AI11_AF3	3	1.2679047584533691	1.0587652921676636	1.516019344329834	1.2331870794296265	1.2636470794677734	0.4572540521621704
8	OVA-C4-IPTM90-170	2	ai11_af3_bb3	AI11_AF3	0	1.266348958015442	1.1743642091751099	1.273361325263977	1.257094144821167	1.3605762720108032	0.18621206283569336
8	OVA-C4-IPTM90-170	2	ai11_af3_bb3	AI11_AF3	1	1.2508639097213745	1.2526346445083618	1.283168911933899	1.2214250564575195	1.2462269067764282	0.061743855476379395
8	OVA-C4-IPTM90-170	2	ai11_af3_bb3	AI11_AF3	2	1.2550691366195679	1.2702871561050415	1.180201768875122	1.299033284187317	1.2707544565200806	0.11883151531219482
8	OVA-C4-IPTM90-170	2	ai11_af3_bb3	AI11_AF3	3	1.2730281352996826	1.091853380203247	1.5146898031234741	1.2323353290557861	1.2532336711883545	0.42283642292022705
9	OVA-C4-IPTM90-433	2	ai11_af3_bb3	AI11_AF3	0	1.1159647703170776	1.0623100996017456	1.0560040473937988	1.1541805267333984	1.1913642883300781	0.1353602409362793
9	OVA-C4-IPTM90-433	2	ai11_af3_bb3	AI11_AF3	1	1.1092604398727417	1.1431031227111816	1.09446120262146	1.069710612297058	1.1297670602798462	0.07339251041412354
9	OVA-C4-IPTM90-433	2	ai11_af3_bb3	AI11_AF3	2	1.1170157194137573	1.1418559551239014	1.0260038375854492	1.1491527557373047	1.151050329208374	0.1250464916229248
9	OVA-C4-IPTM90-433	2	ai11_af3_bb3	AI11_AF3	3	1.1279840469360352	0.9595617055892944	1.343393087387085	1.1115961074829102	1.097385048866272	0.3838313817977905
10	OVA-C4-IPTM90-432	2	ai11_af3_bb3	AI11_AF3	0	1.2637144327163696	1.1739522218704224	1.2807493209838867	1.2581712007522583	1.341984748840332	0.16803252696990967
10	OVA-C4-IPTM90-432	2	ai11_af3_bb3	AI11_AF3	1	1.2487410306930542	1.259299397468567	1.2710906267166138	1.2109508514404297	1.2536228895187378	0.06013977527618408
10	OVA-C4-IPTM90-432	2	ai11_af3_bb3	AI11_AF3	2	1.2539186477661133	1.2736858129501343	1.1791437864303589	1.29447603225708	1.268369436264038	0.11533224582672119
10	OVA-C4-IPTM90-432	2	ai11_af3_bb3	AI11_AF3	3	1.2686659097671509	1.086167812347412	1.5001438856124878	1.2311747074127197	1.2571771144866943	0.4139760732650757
11	OVA-C4-IPTM90-272	2	ai11_af3_bb3	AI11_AF3	0	1.1540592908859253	1.06329345703125	1.16609525680542	1.1499683856964111	1.236879825592041	0.17358636856079102
11	OVA-C4-IPTM90-272	2	ai11_af3_bb3	AI11_AF3	1	1.1530038118362427	1.1404998302459717	1.1797043085098267	1.1543924808502197	1.1374180316925049	0.04228627681732178
11	OVA-C4-IPTM90-272	2	ai11_af3_bb3	AI11_AF3	2	1.1664533615112305	1.1514108180999756	1.073895812034607	1.2318496704101562	1.2086567878723145	0.15795385837554932
11	OVA-C4-IPTM90-272	2	ai11_af3_bb3	AI11_AF3	3	1.1687289476394653	1.0240997076034546	1.39890456199646	1.118459701538086	1.1334515810012817	0.37480485439300537
12	OVA-C4-IPTM90-216	2	ai11_af3_bb3	AI11_AF3	0	1.120987057685852	1.0486942529678345	1.1212526559829712	1.1076977252960205	1.2063034772872925	0.157609224319458
12	OVA-C4-IPTM90-216	2	ai11_af3_bb3	AI11_AF3	1	1.1197564601898193	1.109278678894043	1.1216894388198853	1.1063765287399292	1.1416809558868408	0.03530442714691162
12	OVA-C4-IPTM90-216	2	ai11_af3_bb3	AI11_AF3	2	1.1269749402999878	1.1244112253189087	1.0478756427764893	1.1685776710510254	1.1670347452163696	0.12070202827453613
12	OVA-C4-IPTM90-216	2	ai11_af3_bb3	AI11_AF3	3	1.1194157600402832	0.9941090941429138	1.3274598121643066	1.0611153841018677	1.0949788093566895	0.3333507180213928
13	OVA-C4-IPTM90-467	2	ai11_af3_bb3	AI11_AF3	0	1.1786001920700073	1.0939794778823853	1.1881837844848633	1.1731830835342407	1.2590545415878296	0.16507506370544434
13	OVA-C4-IPTM90-467	2	ai11_af3_bb3	AI11_AF3	1	1.1633962392807007	1.1703952550888062	1.189767837524414	1.131669521331787	1.161752462387085	0.05809831619262695
13	OVA-C4-IPTM90-467	2	ai11_af3_bb3	AI11_AF3	2	1.1676949262619019	1.188738226890564	1.0891996622085571	1.218591332435608	1.1742501258850098	0.12939167022705078
13	OVA-C4-IPTM90-467	2	ai11_af3_bb3	AI11_AF3	3	1.1810027360916138	1.0004199743270874	1.4175032377243042	1.1476496458053589	1.1584378480911255	0.4170832633972168
14	OVA-C4-IPTM90-072	2	ai11_af3_bb3	AI11_AF3	0	1.2020845413208008	1.1154580116271973	1.190326452255249	1.233032464981079	1.2695213556289673	0.15406334400177002
14	OVA-C4-IPTM90-072	2	ai11_af3_bb3	AI11_AF3	1	1.2033436298370361	1.209956169128418	1.2234435081481934	1.196581482887268	1.1833933591842651	0.04005014896392822
14	OVA-C4-IPTM90-072	2	ai11_af3_bb3	AI11_AF3	2	1.2200555801391602	1.2208118438720703	1.1069568395614624	1.2646249532699585	1.2878286838531494	0.180871844291687
14	OVA-C4-IPTM90-072	2	ai11_af3_bb3	AI11_AF3	3	1.2280420064926147	1.0509471893310547	1.4562866687774658	1.1848924160003662	1.220042109489441	0.40533947944641113
15	OVA-C4-IPTM90-293	2	ai11_af3_bb3	AI11_AF3	0	1.1055470705032349	1.0588769912719727	1.0481029748916626	1.1311646699905396	1.184043526649475	0.1359405517578125
15	OVA-C4-IPTM90-293	2	ai11_af3_bb3	AI11_AF3	1	1.0956215858459473	1.1360206604003906	1.0825237035751343	1.0574616193771362	1.1064800024032593	0.0785590410232544
15	OVA-C4-IPTM90-293	2	ai11_af3_bb3	AI11_AF3	2	1.1033438444137573	1.1425365209579468	1.014493465423584	1.1224348545074463	1.1339106559753418	0.1280430555343628
15	OVA-C4-IPTM90-293	2	ai11_af3_bb3	AI11_AF3	3	1.1184030771255493	0.9485440850257874	1.3453634977340698	1.0976850986480713	1.0820196866989136	0.39681941270828247
16	OVA-C4-IPTM90-010	2	ai11_af3_bb3	AI11_AF3	0	1.2473492622375488	1.141886830329895	1.270325779914856	1.2504783868789673	1.3267062902450562	0.18481945991516113
16	OVA-C4-IPTM90-010	2	ai11_af3_bb3	AI11_AF3	1	1.2388226985931396	1.22028386592865	1.2766724824905396	1.236429214477539	1.2219051122665405	0.05638861656188965
16	OVA-C4-IPTM90-010	2	ai11_af3_bb3	AI11_AF3	2	1.256969928741455	1.2443982362747192	1.1546965837478638	1.309677004814148	1.3191078901290894	0.16441130638122559
16	OVA-C4-IPTM90-010	2	ai11_af3_bb3	AI11_AF3	3	1.2638968229293823	1.1024211645126343	1.498516321182251	1.204030990600586	1.2506189346313477	0.3960951566696167
17	OVA-C4-IPTM90-501	2	ai11_af3_bb3	AI11_AF3	0	1.092574119567871	1.0330461263656616	1.048392415046692	1.1072851419448853	1.1815727949142456	0.14852666854858398
17	OVA-C4-IPTM90-501	2	ai11_af3_bb3	AI11_AF3	1	1.1033754348754883	1.1095746755599976	1.0891060829162598	1.1004323959350586	1.1143887042999268	0.025282621383666992
17	OVA-C4-IPTM90-501	2	ai11_af3_bb3	AI11_AF3	2	1.1088759899139404	1.114302158355713	1.0161173343658447	1.1515249013900757	1.153559684753418	0.13744235038757324
17	OVA-C4-IPTM90-501	2	ai11_af3_bb3	AI11_AF3	3	1.106773018836975	0.9630771279335022	1.3188111782073975	1.0600475072860718	1.0851563215255737	0.35573405027389526
18	OVA-C4-IPTM90-380	2	ai11_af3_bb3	AI11_AF3	0	1.2453241348266602	1.167798638343811	1.2149205207824707	1.2671871185302734	1.331390380859375	0.16359174251556396
18	OVA-C4-IPTM90-380	2	ai11_af3_bb3	AI11_AF3	1	1.2524304389953613	1.2764066457748413	1.2338793277740479	1.2450189590454102	1.254417061805725	0.04252731800079346
18	OVA-C4-IPTM90-380	2	ai11_af3_bb3	AI11_AF3	2	1.270982265472412	1.2801417112350464	1.1543394327163696	1.3192224502563477	1.3302257061004639	0.17588627338409424
18	OVA-C4-IPTM90-380	2	ai11_af3_bb3	AI11_AF3	3	1.2747752666473389	1.10238516330719	1.5014352798461914	1.2383989095687866	1.256881833076477	0.39905011653900146
19	OVA-C4-IPTM90-145	2	ai11_af3_bb3	AI11_AF3	0	1.207388997077942	1.1117368936538696	1.1807793378829956	1.2492262125015259	1.2878140211105347	0.17607712745666504
19	OVA-C4-IPTM90-145	2	ai11_af3_bb3	AI11_AF3	1	1.2057647705078125	1.2258753776550293	1.2131398916244507	1.1924543380737305	1.19158935546875	0.0342860221862793
19	OVA-C4-IPTM90-145	2	ai11_af3_bb3	AI11_AF3	2	1.2202125787734985	1.243661880493164	1.1180710792541504	1.2507665157318115	1.2683510780334473	0.15027999877929688
19	OVA-C4-IPTM90-145	2	ai11_af3_bb3	AI11_AF3	3	1.2336835861206055	1.0448068380355835	1.4690234661102295	1.2037642002105713	1.2171398401260376	0.424216628074646
20	OVA-C4-IPTM90-403	2	ai11_af3_bb3	AI11_AF3	0	1.2324105501174927	1.159395456314087	1.206262469291687	1.2511284351348877	1.3128554821014404	0.15346002578735352
20	OVA-C4-IPTM90-403	2	ai11_af3_bb3	AI11_AF3	1	1.2368346452713013	1.2413479089736938	1.2433592081069946	1.25223708152771	1.210394263267517	0.04184281826019287
20	OVA-C4-IPTM90-403	2	ai11_af3_bb3	AI11_AF3	2	1.2576760053634644	1.2782955169677734	1.1351598501205444	1.281394124031067	1.335854411125183	0.20069456100463867
20	OVA-C4-IPTM90-403	2	ai11_af3_bb3	AI11_AF3	3	1.2625004053115845	1.1035531759262085	1.4839400053024292	1.2233657836914062	1.2391430139541626	0.3803868293762207
21	OVA-C4-IPTM90-133	2	ai11_af3_bb3	AI11_AF3	0	1.151480793952942	1.0629823207855225	1.1732168197631836	1.1513398885726929	1.2183841466903687	0.1554018259048462
21	OVA-C4-IPTM90-133	2	ai11_af3_bb3	AI11_AF3	1	1.1508935689926147	1.1473486423492432	1.1672953367233276	1.1440362930297852	1.1448942422866821	0.02325904369354248
21	OVA-C4-IPTM90-133	2	ai11_af3_bb3	AI11_AF3	2	1.1651448011398315	1.1543153524398804	1.0725687742233276	1.2275149822235107	1.2061797380447388	0.1549462080001831
21	OVA-C4-IPTM90-133	2	ai11_af3_bb3	AI11_AF3	3	1.1645432710647583	1.0195438861846924	1.384116291999817	1.1180858612060547	1.1364271640777588	0.3645724058151245
22	OVA-C4-IPTM90-199	2	ai11_af3_bb3	AI11_AF3	0	1.1428823471069336	1.0613009929656982	1.114798665046692	1.1822068691253662	1.2132222652435303	0.15192127227783203
22	OVA-C4-IPTM90-199	2	ai11_af3_bb3	AI11_AF3	1	1.1468485593795776	1.1607286930084229	1.151509165763855	1.1396156549453735	1.1355409622192383	0.02518773078918457
22	OVA-C4-IPTM90-199	2	ai11_af3_bb3	AI11_AF3	2	1.1613537073135376	1.1923295259475708	1.0613783597946167	1.1924383640289307	1.1992688179016113	0.13789045810699463
22	OVA-C4-IPTM90-199	2	ai11_af3_bb3	AI11_AF3	3	1.1692413091659546	0.987226665019989	1.413663625717163	1.1389515399932861	1.137123465538025	0.4264369606971741
23	OVA-C4-IPTM90-182	2	ai11_af3_bb3	AI11_AF3	0	1.1281529664993286	1.0720257759094238	1.1084375381469727	1.1395812034606934	1.1925671100616455	0.12054133415222168
23	OVA-C4-IPTM90-182	2	ai11_af3_bb3	AI11_AF3	1	1.1311075687408447	1.1395206451416016	1.1299304962158203	1.1251304149627686	1.1298487186431885	0.014390230178833008
23	OVA-C4-IPTM90-182	2	ai11_af3_bb3	AI11_AF3	2	1.1409327983856201	1.1661916971206665	1.032827377319336	1.1914551258087158	1.1732569932937622	0.15862774848937988
23	OVA-C4-IPTM90-182	2	ai11_af3_bb3	AI11_AF3	3	1.1574944257736206	1.0044150352478027	1.3840683698654175	1.115995168685913	1.125498652458191	0.37965333461761475
24	OVA-C4-IPTM90-015	2	ai11_af3_bb3	AI11_AF3	0	1.0927801132202148	1.0510616302490234	1.0456831455230713	1.0908839702606201	1.1834921836853027	0.13780903816223145
24	OVA-C4-IPTM90-015	2	ai11_af3_bb3	AI11_AF3	1	1.1002923250198364	1.1092090606689453	1.0866349935531616	1.1019415855407715	1.1033836603164673	0.02257406711578369
24	OVA-C4-IPTM90-015	2	ai11_af3_bb3	AI11_AF3	2	1.1102478504180908	1.1281591653823853	1.0189749002456665	1.134996771812439	1.158860683441162	0.1398857831954956
24	OVA-C4-IPTM90-015	2	ai11_af3_bb3	AI11_AF3	3	1.1077882051467896	0.9613149762153625	1.334377646446228	1.0575872659683228	1.0778727531433105	0.3730626702308655
25	OVA-C4-IPTM90-260	2	ai11_af3_bb3	AI11_AF3	0	1.2178140878677368	1.115018367767334	1.2413020133972168	1.2163231372833252	1.2986127138137817	0.18359434604644775
25	OVA-C4-IPTM90-260	2	ai11_af3_bb3	AI11_AF3	1	1.2141504287719727	1.211137294769287	1.2403684854507446	1.2058079242706299	1.19928777217865	0.04108071327209473
25	OVA-C4-IPTM90-260	2	ai11_af3_bb3	AI11_AF3	2	1.2261430025100708	1.2065856456756592	1.1360758543014526	1.2876545190811157	1.2742559909820557	0.15157866477966309
25	OVA-C4-IPTM90-260	2	ai11_af3_bb3	AI11_AF3	3	1.2346307039260864	1.0900444984436035	1.4540939331054688	1.1813859939575195	1.2129980325698853	0.36404943466186523
26	OVA-C4-IPTM90-378	2	ai11_af3_bb3	AI11_AF3	0	1.1213985681533813	1.0352152585983276	1.118180751800537	1.1369634866714478	1.1952345371246338	0.16001927852630615
26	OVA-C4-IPTM90-378	2	ai11_af3_bb3	AI11_AF3	1	1.1034692525863647	1.1283835172653198	1.1088628768920898	1.047884464263916	1.1287461519241333	0.08086168766021729
26	OVA-C4-IPTM90-378	2	ai11_af3_bb3	AI11_AF3	2	1.1034599542617798	1.1200796365737915	1.0280513763427734	1.1458913087844849	1.1198177337646484	0.11783993244171143
26	OVA-C4-IPTM90-378	2	ai11_af3_bb3	AI11_AF3	3	1.1191538572311401	0.971025824546814	1.3233944177627563	1.0907515287399292	1.0914437770843506	0.3523685932159424
27	OVA-C4-IPTM90-479	2	ai11_af3_bb3	AI11_AF3	0	1.1164978742599487	1.0612825155258179	1.0918344259262085	1.1175645589828491	1.195310115814209	0.1340276002883911
27	OVA-C4-IPTM90-479	2	ai11_af3_bb3	AI11_AF3	1	1.1172244548797607	1.131248116493225	1.1178679466247559	1.1129674911499023	1.1068141460418701	0.02443397045135498
27	OVA-C4-IPTM90-479	2	ai11_af3_bb3	AI11_AF3	2	1.135097861289978	1.1402108669281006	1.0217169523239136	1.17071533203125	1.2077486515045166	0.18603169918060303
27	OVA-C4-IPTM90-479	2	ai11_af3_bb3	AI11_AF3	3	1.137992024421692	0.9712857604026794	1.3818399906158447	1.102522850036621	1.0963194370269775	0.4105542302131653
28	OVA-C4-IPTM90-484	2	ai11_af3_bb3	AI11_AF3	0	1.1224536895751953	1.0475096702575684	1.0751267671585083	1.174337387084961	1.192840576171875	0.14533090591430664
28	OVA-C4-IPTM90-484	2	ai11_af3_bb3	AI11_AF3	1	1.0963584184646606	1.1453571319580078	1.0757648944854736	1.040205478668213	1.1241060495376587	0.10515165328979492
28	OVA-C4-IPTM90-484	2	ai11_af3_bb3	AI11_AF3	2	1.0955421924591064	1.152098298072815	0.9899859428405762	1.1264182329177856	1.1136665344238281	0.16211235523223877
28	OVA-C4-IPTM90-484	2	ai11_af3_bb3	AI11_AF3	3	1.1289664506912231	0.9497685432434082	1.325276255607605	1.1196385622024536	1.1211826801300049	0.3755077123641968
29	OVA-C4-IPTM90-387	2	ai11_af3_bb3	AI11_AF3	0	1.2461576461791992	1.171652913093567	1.2437233924865723	1.2642282247543335	1.305025577545166	0.13337266445159912
29	OVA-C4-IPTM90-387	2	ai11_af3_bb3	AI11_AF3	1	1.2489744424819946	1.2466245889663696	1.2717033624649048	1.235254168510437	1.2423155307769775	0.03644919395446777
29	OVA-C4-IPTM90-387	2	ai11_af3_bb3	AI11_AF3	2	1.259998083114624	1.2292641401290894	1.171385645866394	1.3435618877410889	1.2957810163497925	0.17217624187469482
29	OVA-C4-IPTM90-387	2	ai11_af3_bb3	AI11_AF3	3	1.259220004081726	1.1128908395767212	1.4925942420959473	1.205569863319397	1.2258248329162598	0.3797034025192261
30	OVA-C4-IPTM90-397	2	ai11_af3_bb3	AI11_AF3	0	1.0935070514678955	1.0321217775344849	1.0378881692886353	1.1285271644592285	1.175491452217102	0.1433696746826172
30	OVA-C4-IPTM90-397	2	ai11_af3_bb3	AI11_AF3	1	1.0928435325622559	1.1300172805786133	1.0779058933258057	1.0580074787139893	1.1054432392120361	0.07200980186462402
30	OVA-C4-IPTM90-397	2	ai11_af3_bb3	AI11_AF3	2	1.0975556373596191	1.1444021463394165	1.0199158191680908	1.1152347326278687	1.1106696128845215	0.12448632717132568
30	OVA-C4-IPTM90-397	2	ai11_af3_bb3	AI11_AF3	3	1.1176079511642456	0.9343470931053162	1.3500981330871582	1.0849790573120117	1.101007342338562	0.41575103998184204
31	OVA-C4-IPTM90-456	2	ai11_af3_bb3	AI11_AF3	0	1.2498019933700562	1.2044076919555664	1.1895349025726318	1.2326122522354126	1.372653603553772	0.18311870098114014
31	OVA-C4-IPTM90-456	2	ai11_af3_bb3	AI11_AF3	1	1.2590818405151367	1.2251464128494263	1.3102035522460938	1.2854557037353516	1.2155218124389648	0.0946817398071289
31	OVA-C4-IPTM90-456	2	ai11_af3_bb3	AI11_AF3	2	1.2786885499954224	1.2361382246017456	1.2125470638275146	1.3552402257919312	1.3108292818069458	0.1426931619644165
31	OVA-C4-IPTM90-456	2	ai11_af3_bb3	AI11_AF3	3	1.2831908464431763	1.16239333152771	1.484508752822876	1.200162649154663	1.285698413848877	0.322115421295166
32	OVA-C4-IPTM90-420	2	ai11_af3_bb3	AI11_AF3	0	1.106804370880127	1.0671452283859253	1.055595874786377	1.1356433629989624	1.1688328981399536	0.11323702335357666
32	OVA-C4-IPTM90-420	2	ai11_af3_bb3	AI11_AF3	1	1.114475965499878	1.144160270690918	1.089302897453308	1.0867066383361816	1.137734055519104	0.05745363235473633
32	OVA-C4-IPTM90-420	2	ai11_af3_bb3	AI11_AF3	2	1.1161352396011353	1.1229238510131836	1.0303577184677124	1.1641857624053955	1.14707350730896	0.1338280439376831
32	OVA-C4-IPTM90-420	2	ai11_af3_bb3	AI11_AF3	3	1.1132068634033203	0.9824250936508179	1.3388772010803223	1.0477043390274048	1.0838209390640259	0.3564521074295044
33	OVA-C4-IPTM90-422	2	ai11_af3_bb3	AI11_AF3	0	1.2014169692993164	1.1433346271514893	1.1626906394958496	1.246089220046997	1.2535532712936401	0.11021864414215088
33	OVA-C4-IPTM90-422	2	ai11_af3_bb3	AI11_AF3	1	1.2165826559066772	1.2349315881729126	1.2246049642562866	1.2039639949798584	1.2028294801712036	0.032102108001708984
33	OVA-C4-IPTM90-422	2	ai11_af3_bb3	AI11_AF3	2	1.2233282327651978	1.201228141784668	1.1269285678863525	1.299808144569397	1.2653480768203735	0.17287957668304443
33	OVA-C4-IPTM90-422	2	ai11_af3_bb3	AI11_AF3	3	1.2292283773422241	1.0730952024459839	1.4636768102645874	1.185772180557251	1.1943694353103638	0.3905816078186035
34	OVA-C4-IPTM90-413	2	ai11_af3_bb3	AI11_AF3	0	1.0949187278747559	1.0314748287200928	1.0441468954086304	1.132513403892517	1.1715394258499146	0.14006459712982178
34	OVA-C4-IPTM90-413	2	ai11_af3_bb3	AI11_AF3	1	1.092139720916748	1.1297845840454102	1.0808302164077759	1.0458991527557373	1.1120449304580688	0.08388543128967285
34	OVA-C4-IPTM90-413	2	ai11_af3_bb3	AI11_AF3	2	1.0904732942581177	1.1171754598617554	1.0000391006469727	1.1270334720611572	1.1176451444625854	0.12699437141418457
34	OVA-C4-IPTM90-413	2	ai11_af3_bb3	AI11_AF3	3	1.1065226793289185	0.942628800868988	1.3178211450576782	1.0895624160766602	1.076078176498413	0.3751923441886902
35	OVA-C4-IPTM90-081	2	ai11_af3_bb3	AI11_AF3	0	1.2442935705184937	1.1675833463668823	1.2274813652038574	1.272908329963684	1.3092012405395508	0.14161789417266846
35	OVA-C4-IPTM90-081	2	ai11_af3_bb3	AI11_AF3	1	1.24269437789917	1.2499572038650513	1.252954125404358	1.2352168560028076	1.2326492071151733	0.02030491828918457
35	OVA-C4-IPTM90-081	2	ai11_af3_bb3	AI11_AF3	2	1.2699954509735107	1.2868366241455078	1.1441330909729004	1.306075930595398	1.3429365158081055	0.19880342483520508
35	OVA-C4-IPTM90-081	2	ai11_af3_bb3	AI11_AF3	3	1.2689508199691772	1.0849107503890991	1.4955387115478516	1.2261487245559692	1.2692049741744995	0.41062796115875244
36	OVA-C4-IPTM90-261	2	ai11_af3_bb3	AI11_AF3	0	1.2341512441635132	1.1925092935562134	1.166117787361145	1.2113251686096191	1.3666528463363647	0.20053505897521973
36	OVA-C4-IPTM90-261	2	ai11_af3_bb3	AI11_AF3	1	1.2540292739868164	1.2868967056274414	1.213172435760498	1.2581490278244019	1.2578989267349243	0.07372426986694336
36	OVA-C4-IPTM90-261	2	ai11_af3_bb3	AI11_AF3	2	1.261282205581665	1.2688385248184204	1.1726421117782593	1.2665945291519165	1.3370537757873535	0.16441166400909424
36	OVA-C4-IPTM90-261	2	ai11_af3_bb3	AI11_AF3	3	1.2711808681488037	1.1897027492523193	1.4436440467834473	1.185312032699585	1.2660648822784424	0.2583320140838623
37	OVA-C4-IPTM90-423	2	ai11_af3_bb3	AI11_AF3	0	1.2227996587753296	1.1110279560089111	1.231916904449463	1.2325751781463623	1.3156789541244507	0.20465099811553955
37	OVA-C4-IPTM90-423	2	ai11_af3_bb3	AI11_AF3	1	1.2163769006729126	1.226853609085083	1.2302619218826294	1.2009927034378052	1.2073991298675537	0.02926921844482422
37	OVA-C4-IPTM90-423	2	ai11_af3_bb3	AI11_AF3	2	1.2260125875473022	1.2283930778503418	1.1467580795288086	1.2740730047225952	1.2548264265060425	0.12731492519378662
37	OVA-C4-IPTM90-423	2	ai11_af3_bb3	AI11_AF3	3	1.2400507926940918	1.0840411186218262	1.4657090902328491	1.2000349760055542	1.2104179859161377	0.38166797161102295
38	OVA-C4-IPTM90-177	2	ai11_af3_bb3	AI11_AF3	0	1.261201024055481	1.1670598983764648	1.2700427770614624	1.2558162212371826	1.3518849611282349	0.18482506275177002
38	OVA-C4-IPTM90-177	2	ai11_af3_bb3	AI11_AF3	1	1.2517820596694946	1.2471128702163696	1.2714838981628418	1.247041940689087	1.241489291191101	0.029994606971740723
38	OVA-C4-IPTM90-177	2	ai11_af3_bb3	AI11_AF3	2	1.2754932641983032	1.2698249816894531	1.1682745218276978	1.3319849967956543	1.331889271736145	0.16371047496795654
38	OVA-C4-IPTM90-177	2	ai11_af3_bb3	AI11_AF3	3	1.2744207382202148	1.1176302433013916	1.4958546161651611	1.2252610921859741	1.2589370012283325	0.37822437286376953
39	OVA-C4-IPTM90-252	2	ai11_af3_bb3	AI11_AF3	0	1.0807586908340454	1.0248284339904785	1.0357367992401123	1.0877739191055298	1.1746954917907715	0.14986705780029297
39	OVA-C4-IPTM90-252	2	ai11_af3_bb3	AI11_AF3	1	1.0970284938812256	1.1032319068908691	1.0811160802841187	1.1010878086090088	1.1026779413223267	0.02211582660675049
39	OVA-C4-IPTM90-252	2	ai11_af3_bb3	AI11_AF3	2	1.1045713424682617	1.12956964969635	1.0255649089813232	1.1277437210083008	1.1354070901870728	0.10984218120574951
39	OVA-C4-IPTM90-252	2	ai11_af3_bb3	AI11_AF3	3	1.1070685386657715	0.9463090896606445	1.3394107818603516	1.0450801849365234	1.0974740982055664	0.39310169219970703
40	OVA-C4-IPTM90-184	2	ai11_af3_bb3	AI11_AF3	0	1.1712082624435425	1.1402373313903809	1.1022037267684937	1.1496448516845703	1.292747139930725	0.19054341316223145
40	OVA-C4-IPTM90-184	2	ai11_af3_bb3	AI11_AF3	1	1.1961463689804077	1.2212640047073364	1.1524800062179565	1.208909511566162	1.2019318342208862	0.06878399848937988
40	OVA-C4-IPTM90-184	2	ai11_af3_bb3	AI11_AF3	2	1.202663540840149	1.2164138555526733	1.115600824356079	1.2090320587158203	1.269607663154602	0.15400683879852295
40	OVA-C4-IPTM90-184	2	ai11_af3_bb3	AI11_AF3	3	1.2075705528259277	1.1319341659545898	1.388615608215332	1.12270987033844	1.18702232837677	0.2659057378768921
41	OVA-C4-IPTM90-374	2	ai11_af3_bb3	AI11_AF3	0	1.1010431051254272	1.0433731079101562	1.0489850044250488	1.1319926977157593	1.1798216104507446	0.13644850254058838
41	OVA-C4-IPTM90-374	2	ai11_af3_bb3	AI11_AF3	1	1.0922555923461914	1.1358250379562378	1.0803309679031372	1.053898811340332	1.0989673137664795	0.08192622661590576
41	OVA-C4-IPTM90-374	2	ai11_af3_bb3	AI11_AF3	2	1.0987918376922607	1.1318408250808716	1.0091861486434937	1.1292074918746948	1.1249330043792725	0.12265467643737793
41	OVA-C4-IPTM90-374	2	ai11_af3_bb3	AI11_AF3	3	1.1169819831848145	0.9457556009292603	1.3362270593643188	1.0968164205551147	1.0891287326812744	0.3904714584350586
42	OVA-C4-IPTM90-404	2	ai11_af3_bb3	AI11_AF3	0	1.250989556312561	1.167637825012207	1.234122395515442	1.2801092863082886	1.3220884799957275	0.1544506549835205
42	OVA-C4-IPTM90-404	2	ai11_af3_bb3	AI11_AF3	1	1.2508221864700317	1.2617878913879395	1.2615907192230225	1.2300350666046143	1.2498748302459717	0.031752824783325195
42	OVA-C4-IPTM90-404	2	ai11_af3_bb3	AI11_AF3	2	1.2597347497940063	1.2512257099151611	1.1820181608200073	1.3300927877426147	1.2756022214889526	0.14807462692260742
42	OVA-C4-IPTM90-404	2	ai11_af3_bb3	AI11_AF3	3	1.2645583152770996	1.1068617105484009	1.5043056011199951	1.2244573831558228	1.2226083278656006	0.39744389057159424
43	OVA-C4-IPTM90-255	2	ai11_af3_bb3	AI11_AF3	0	1.1687020063400269	1.0987763404846191	1.1525532007217407	1.1934860944747925	1.2299922704696655	0.1312159299850464
43	OVA-C4-IPTM90-255	2	ai11_af3_bb3	AI11_AF3	1	1.179794430732727	1.1769896745681763	1.1958591938018799	1.1852633953094482	1.1610654592514038	0.034793734550476074
43	OVA-C4-IPTM90-255	2	ai11_af3_bb3	AI11_AF3	2	1.1950982809066772	1.1996393203735352	1.0877938270568848	1.242458462715149	1.2505016326904297	0.16270780563354492
43	OVA-C4-IPTM90-255	2	ai11_af3_bb3	AI11_AF3	3	1.2014659643173218	1.0365864038467407	1.4469044208526611	1.1533145904541016	1.1690583229064941	0.4103180170059204
44	OVA-C4-IPTM90-004	2	ai11_af3_bb3	AI11_AF3	0	1.247017502784729	1.148175597190857	1.248185396194458	1.2456399202346802	1.3460685014724731	0.1978929042816162
44	OVA-C4-IPTM90-004	2	ai11_af3_bb3	AI11_AF3	1	1.2278215885162354	1.2320430278778076	1.2336622476577759	1.2049943208694458	1.2405868768692017	0.03559255599975586
44	OVA-C4-IPTM90-004	2	ai11_af3_bb3	AI11_AF3	2	1.2437434196472168	1.2638416290283203	1.158820390701294	1.2838716506958008	1.2684403657913208	0.12505125999450684
44	OVA-C4-IPTM90-004	2	ai11_af3_bb3	AI11_AF3	3	1.2607553005218506	1.1088391542434692	1.4841303825378418	1.2134627103805542	1.236588716506958	0.37529122829437256
45	OVA-C4-IPTM90-335	2	ai11_af3_bb3	AI11_AF3	0	1.2755767107009888	1.2209174633026123	1.2550832033157349	1.2299402952194214	1.396365761756897	0.17544829845428467
45	OVA-C4-IPTM90-335	2	ai11_af3_bb3	AI11_AF3	1	1.2876439094543457	1.3025399446487427	1.2594695091247559	1.2873754501342773	1.301190733909607	0.043070435523986816
45	OVA-C4-IPTM90-335	2	ai11_af3_bb3	AI11_AF3	2	1.2968432903289795	1.2951021194458008	1.221049427986145	1.30754554271698	1.3636760711669922	0.14262664318084717
45	OVA-C4-IPTM90-335	2	ai11_af3_bb3	AI11_AF3	3	1.2999053001403809	1.226149082183838	1.471894383430481	1.2034015655517578	1.2981762886047363	0.26849281787872314
46	OVA-C4-IPTM90-035	2	ai11_af3_bb3	AI11_AF3	0	1.1449097394943237	1.0632915496826172	1.1620376110076904	1.1480437517166138	1.2062656879425049	0.1429741382598877
46	OVA-C4-IPTM90-035	2	ai11_af3_bb3	AI11_AF3	1	1.1151454448699951	1.1441465616226196	1.1339161396026611	1.060408592224121	1.1221104860305786	0.08373796939849854
46	OVA-C4-IPTM90-035	2	ai11_af3_bb3	AI11_AF3	2	1.1304594278335571	1.1489660739898682	1.035508394241333	1.1637868881225586	1.1735763549804688	0.13806796073913574
46	OVA-C4-IPTM90-035	2	ai11_af3_bb3	AI11_AF3	3	1.1492204666137695	0.981320858001709	1.383894920349121	1.1289687156677246	1.1026968955993652	0.4025740623474121
47	OVA-C4-IPTM90-321	2	ai11_af3_bb3	AI11_AF3	0	1.1579698324203491	1.0594525337219238	1.164700984954834	1.1666892766952515	1.241036295890808	0.18158376216888428
47	OVA-C4-IPTM90-321	2	ai11_af3_bb3	AI11_AF3	1	1.156917929649353	1.1610671281814575	1.1689763069152832	1.1468793153762817	1.1507493257522583	0.022096991539001465
47	OVA-C4-IPTM90-321	2	ai11_af3_bb3	AI11_AF3	2	1.166872262954712	1.175074577331543	1.0901018381118774	1.2156199216842651	1.186692476272583	0.1255180835723877
47	OVA-C4-IPTM90-321	2	ai11_af3_bb3	AI11_AF3	3	1.1757792234420776	1.025201678276062	1.4093258380889893	1.1356579065322876	1.1329313516616821	0.38412415981292725
48	OVA-C4-IPTM90-254	2	ai11_af3_bb3	AI11_AF3	0	1.187844157218933	1.0937553644180298	1.2114061117172241	1.187813401222229	1.25840163230896	0.16464626789093018
48	OVA-C4-IPTM90-254	2	ai11_af3_bb3	AI11_AF3	1	1.1713809967041016	1.1669228076934814	1.2175226211547852	1.1411367654800415	1.1599417924880981	0.07638585567474365
48	OVA-C4-IPTM90-254	2	ai11_af3_bb3	AI11_AF3	2	1.1752450466156006	1.1995996236801147	1.0930041074752808	1.2196975946426392	1.1886787414550781	0.1266934871673584
48	OVA-C4-IPTM90-254	2	ai11_af3_bb3	AI11_AF3	3	1.1963328123092651	1.0130393505096436	1.4477568864822388	1.1466548442840576	1.1778799295425415	0.4347175359725952
49	OVA-C4-IPTM90-194	2	ai11_af3_bb3	AI11_AF3	0	1.2290430068969727	1.1708334684371948	1.1983407735824585	1.2788288593292236	1.2681690454483032	0.10799539089202881
49	OVA-C4-IPTM90-194	2	ai11_af3_bb3	AI11_AF3	1	1.2421348094940186	1.2496906518936157	1.2590709924697876	1.231256127357483	1.2285213470458984	0.03054964542388916
49	OVA-C4-IPTM90-194	2	ai11_af3_bb3	AI11_AF3	2	1.2547504901885986	1.2411330938339233	1.150729775428772	1.3189191818237305	1.3082199096679688	0.1681894063949585
49	OVA-C4-IPTM90-194	2	ai11_af3_bb3	AI11_AF3	3	1.2604414224624634	1.092706322669983	1.5065332651138306	1.2060389518737793	1.2364871501922607	0.41382694244384766
50	OVA-C4-IPTM90-399	2	ai11_af3_bb3	AI11_AF3	0	1.2064141035079956	1.1393487453460693	1.1533104181289673	1.262387752532959	1.2706096172332764	0.13126087188720703
50	OVA-C4-IPTM90-399	2	ai11_af3_bb3	AI11_AF3	1	1.2187291383743286	1.2506568431854248	1.214563012123108	1.1990535259246826	1.2106434106826782	0.05160331726074219
50	OVA-C4-IPTM90-399	2	ai11_af3_bb3	AI11_AF3	2	1.2231041193008423	1.2229859828948975	1.1375235319137573	1.2862305641174316	1.2456766366958618	0.14870703220367432
50	OVA-C4-IPTM90-399	2	ai11_af3_bb3	AI11_AF3	3	1.2345510721206665	1.0671660900115967	1.475058913230896	1.2044799327850342	1.1914992332458496	0.4078928232192993
51	OVA-C4-IPTM90-074	2	ai11_af3_bb3	AI11_AF3	0	1.2024638652801514	1.125863790512085	1.1964235305786133	1.224480152130127	1.263088345527649	0.13722455501556396
51	OVA-C4-IPTM90-074	2	ai11_af3_bb3	AI11_AF3	1	1.1946849822998047	1.2002288103103638	1.2083474397659302	1.1814388036727905	1.188725233078003	0.02690863609313965
51	OVA-C4-IPTM90-074	2	ai11_af3_bb3	AI11_AF3	2	1.2078875303268433	1.2340786457061768	1.0870277881622314	1.2508436441421509	1.2595999240875244	0.17257213592529297
51	OVA-C4-IPTM90-074	2	ai11_af3_bb3	AI11_AF3	3	1.2334518432617188	1.0635002851486206	1.457578182220459	1.1832070350646973	1.2295217514038086	0.3940778970718384
52	OVA-C4-IPTM90-225	2	ai11_af3_bb3	AI11_AF3	0	1.1021182537078857	1.029931664466858	1.1119052171707153	1.082963466644287	1.1836724281311035	0.1537407636642456
52	OVA-C4-IPTM90-225	2	ai11_af3_bb3	AI11_AF3	1	1.0954691171646118	1.1029820442199707	1.0920662879943848	1.0923597812652588	1.094468593597412	0.010915756225585938
52	OVA-C4-IPTM90-225	2	ai11_af3_bb3	AI11_AF3	2	1.1008026599884033	1.1115714311599731	1.0146909952163696	1.1342839002609253	1.1426644325256348	0.12797343730926514
52	OVA-C4-IPTM90-225	2	ai11_af3_bb3	AI11_AF3	3	1.1022486686706543	0.9647719860076904	1.3208037614822388	1.0478912591934204	1.0755277872085571	0.35603177547454834
53	OVA-C4-IPTM90-443	2	ai11_af3_bb3	AI11_AF3	0	1.114680290222168	1.0568218231201172	1.1202129125595093	1.0884698629379272	1.1932162046432495	0.13639438152313232
53	OVA-C4-IPTM90-443	2	ai11_af3_bb3	AI11_AF3	1	1.0981248617172241	1.0963354110717773	1.1168667078018188	1.0898079872131348	1.0894895792007446	0.02737712860107422
53	OVA-C4-IPTM90-443	2	ai11_af3_bb3	AI11_AF3	2	1.1019078493118286	1.1067843437194824	1.016089677810669	1.1453758478164673	1.1393815279006958	0.12928617000579834
53	OVA-C4-IPTM90-443	2	ai11_af3_bb3	AI11_AF3	3	1.1046223640441895	0.9768590331077576	1.2997462749481201	1.0434638261795044	1.0984200239181519	0.32288724184036255
54	OVA-C4-IPTM90-482	2	ai11_af3_bb3	AI11_AF3	0	1.075363039970398	1.0236495733261108	1.03624427318573	1.0774813890457153	1.1640775203704834	0.14042794704437256
54	OVA-C4-IPTM90-482	2	ai11_af3_bb3	AI11_AF3	1	1.0856894254684448	1.0921422243118286	1.070285677909851	1.0902782678604126	1.0900514125823975	0.02185654640197754
54	OVA-C4-IPTM90-482	2	ai11_af3_bb3	AI11_AF3	2	1.086037039756775	1.1099367141723633	0.9926556348800659	1.1162306070327759	1.1253249645233154	0.1326693296432495
54	OVA-C4-IPTM90-482	2	ai11_af3_bb3	AI11_AF3	3	1.0904295444488525	0.9508847594261169	1.305646538734436	1.0367449522018433	1.06844162940979	0.3547617793083191
55	OVA-C4-IPTM90-159	2	ai11_af3_bb3	AI11_AF3	0	1.11766517162323	1.0571714639663696	1.115350604057312	1.1019279956817627	1.196210503578186	0.1390390396118164
55	OVA-C4-IPTM90-159	2	ai11_af3_bb3	AI11_AF3	1	1.1127439737319946	1.116774559020996	1.104464054107666	1.1159011125564575	1.1138358116149902	0.012310504913330078
55	OVA-C4-IPTM90-159	2	ai11_af3_bb3	AI11_AF3	2	1.1264153718948364	1.1339364051818848	1.0362735986709595	1.1598656177520752	1.1755857467651367	0.13931214809417725
55	OVA-C4-IPTM90-159	2	ai11_af3_bb3	AI11_AF3	3	1.1213908195495605	0.9789341688156128	1.3419983386993408	1.068721890449524	1.0959089994430542	0.363064169883728
56	OVA-C4-IPTM90-173	2	ai11_af3_bb3	AI11_AF3	0	1.1170589923858643	1.0343321561813354	1.107223629951477	1.1472808122634888	1.1793996095657349	0.14506745338439941
56	OVA-C4-IPTM90-173	2	ai11_af3_bb3	AI11_AF3	1	1.12366783618927	1.126187801361084	1.1482316255569458	1.1237562894821167	1.096495509147644	0.05173611640930176
56	OVA-C4-IPTM90-173	2	ai11_af3_bb3	AI11_AF3	2	1.1352450847625732	1.1350866556167603	1.0268614292144775	1.1874538660049438	1.1915782690048218	0.16471683979034424
56	OVA-C4-IPTM90-173	2	ai11_af3_bb3	AI11_AF3	3	1.1476268768310547	0.9853822588920593	1.3858251571655273	1.0986833572387695	1.1206166744232178	0.400442898273468
57	OVA-C4-IPTM90-407	2	ai11_af3_bb3	AI11_AF3	0	1.2396053075790405	1.146950602531433	1.2257230281829834	1.2844047546386719	1.3013429641723633	0.15439236164093018
57	OVA-C4-IPTM90-407	2	ai11_af3_bb3	AI11_AF3	1	1.2435160875320435	1.244987964630127	1.265824317932129	1.228979229927063	1.2342727184295654	0.03684508800506592
57	OVA-C4-IPTM90-407	2	ai11_af3_bb3	AI11_AF3	2	1.2356067895889282	1.2633943557739258	1.1467562913894653	1.264448642730713	1.267828106880188	0.12107181549072266
57	OVA-C4-IPTM90-407	2	ai11_af3_bb3	AI11_AF3	3	1.2621124982833862	1.0818125009536743	1.4947683811187744	1.2099299430847168	1.2619388103485107	0.4129558801651001
58	OVA-C4-IPTM90-267	2	ai11_af3_bb3	AI11_AF3	0	1.15790593624115	1.080167531967163	1.117526650428772	1.1848700046539307	1.2490592002868652	0.16889166831970215
58	OVA-C4-IPTM90-267	2	ai11_af3_bb3	AI11_AF3	1	1.1628971099853516	1.1921392679214478	1.134913444519043	1.1549142599105835	1.1696221828460693	0.057225823402404785
58	OVA-C4-IPTM90-267	2	ai11_af3_bb3	AI11_AF3	2	1.179435133934021	1.2116832733154297	1.0748796463012695	1.2237199544906616	1.2074575424194336	0.1488403081893921
58	OVA-C4-IPTM90-267	2	ai11_af3_bb3	AI11_AF3	3	1.1820849180221558	1.0076048374176025	1.4183244705200195	1.1571319103240967	1.1452783346176147	0.410719633102417
59	OVA-C4-IPTM90-044	2	ai11_af3_bb3	AI11_AF3	0	1.1762665510177612	1.084333062171936	1.1909984350204468	1.168644905090332	1.2610894441604614	0.1767563819885254
59	OVA-C4-IPTM90-044	2	ai11_af3_bb3	AI11_AF3	1	1.1704339981079102	1.1720781326293945	1.1734426021575928	1.164080023765564	1.172135353088379	0.009362578392028809
59	OVA-C4-IPTM90-044	2	ai11_af3_bb3	AI11_AF3	2	1.1899824142456055	1.1883708238601685	1.0798513889312744	1.2612125873565674	1.230494499206543	0.18136119842529297
59	OVA-C4-IPTM90-044	2	ai11_af3_bb3	AI11_AF3	3	1.1851413249969482	1.033118724822998	1.4091603755950928	1.1380786895751953	1.1602073907852173	0.3760416507720947
60	OVA-C4-IPTM90-186	2	ai11_af3_bb3	AI11_AF3	0	1.2165590524673462	1.138740062713623	1.1890805959701538	1.2379262447357178	1.3004895448684692	0.1617494821548462
60	OVA-C4-IPTM90-186	2	ai11_af3_bb3	AI11_AF3	1	1.2187204360961914	1.2345337867736816	1.2224009037017822	1.215113639831543	1.2028334140777588	0.03170037269592285
60	OVA-C4-IPTM90-186	2	ai11_af3_bb3	AI11_AF3	2	1.2383239269256592	1.2406820058822632	1.1243791580200195	1.2878590822219849	1.3003754615783691	0.1759963035583496
60	OVA-C4-IPTM90-186	2	ai11_af3_bb3	AI11_AF3	3	1.2437334060668945	1.0776679515838623	1.4648717641830444	1.2044862508773804	1.2279078960418701	0.38720381259918213
61	OVA-C4-IPTM90-457	2	ai11_af3_bb3	AI11_AF3	0	1.1765397787094116	1.1179401874542236	1.1455326080322266	1.19408118724823	1.2486047744750977	0.13066458702087402
61	OVA-C4-IPTM90-457	2	ai11_af3_bb3	AI11_AF3	1	1.1708227396011353	1.1986017227172852	1.1731923818588257	1.139866828918457	1.1716300249099731	0.058734893798828125
61	OVA-C4-IPTM90-457	2	ai11_af3_bb3	AI11_AF3	2	1.181300163269043	1.2255054712295532	1.0847291946411133	1.2165842056274414	1.1983821392059326	0.14077627658843994
61	OVA-C4-IPTM90-457	2	ai11_af3_bb3	AI11_AF3	3	1.1917308568954468	0.9956823587417603	1.428490161895752	1.168265700340271	1.174485683441162	0.4328078031539917
62	OVA-C4-IPTM90-493	2	ai11_af3_bb3	AI11_AF3	0	1.1864745616912842	1.0961902141571045	1.2201427221298218	1.1891131401062012	1.2404521703720093	0.14426195621490479
62	OVA-C4-IPTM90-493	2	ai11_af3_bb3	AI11_AF3	1	1.1702345609664917	1.1732863187789917	1.210221767425537	1.1305608749389648	1.1668692827224731	0.07966089248657227
62	OVA-C4-IPTM90-493	2	ai11_af3_bb3	AI11_AF3	2	1.175584077835083	1.206316590309143	1.0946482419967651	1.2154405117034912	1.1859310865402222	0.12079226970672607
62	OVA-C4-IPTM90-493	2	ai11_af3_bb3	AI11_AF3	3	1.1923781633377075	1.0082783699035645	1.4340168237686157	1.146121859550476	1.1810951232910156	0.42573845386505127
63	OVA-C4-IPTM90-141	2	ai11_af3_bb3	AI11_AF3	0	1.2495059967041016	1.163809895515442	1.2177125215530396	1.2886629104614258	1.3278392553329468	0.16402935981750488
63	OVA-C4-IPTM90-141	2	ai11_af3_bb3	AI11_AF3	1	1.2449040412902832	1.2654740810394287	1.242820143699646	1.2308586835861206	1.2404627799987793	0.034615397453308105
63	OVA-C4-IPTM90-141	2	ai11_af3_bb3	AI11_AF3	2	1.2700562477111816	1.309707522392273	1.155267357826233	1.2923132181167603	1.3229368925094604	0.16766953468322754
63	OVA-C4-IPTM90-141	2	ai11_af3_bb3	AI11_AF3	3	1.2746344804763794	1.0786666870117188	1.508573293685913	1.2451767921447754	1.266121506690979	0.42990660667419434
64	OVA-C4-IPTM90-258	2	ai11_af3_bb3	AI11_AF3	0	1.2876055240631104	1.204859733581543	1.2583234310150146	1.2653497457504272	1.4218891859054565	0.21702945232391357
64	OVA-C4-IPTM90-258	2	ai11_af3_bb3	AI11_AF3	1	1.2880815267562866	1.2957043647766113	1.2656949758529663	1.2854987382888794	1.3054279088974	0.039732933044433594
64	OVA-C4-IPTM90-258	2	ai11_af3_bb3	AI11_AF3	2	1.296120524406433	1.312273621559143	1.207744836807251	1.2956187725067139	1.3688451051712036	0.16110026836395264
64	OVA-C4-IPTM90-258	2	ai11_af3_bb3	AI11_AF3	3	1.3149596452713013	1.2077082395553589	1.5050554275512695	1.2239351272583008	1.3231395483016968	0.29734718799591064
65	OVA-C4-IPTM90-449	2	ai11_af3_bb3	AI11_AF3	0	1.1057109832763672	1.0261456966400146	1.1150083541870117	1.0820060968399048	1.1996840238571167	0.17353832721710205
65	OVA-C4-IPTM90-449	2	ai11_af3_bb3	AI11_AF3	1	1.1057475805282593	1.1000632047653198	1.1180760860443115	1.097752571105957	1.1070979833602905	0.020323514938354492
65	OVA-C4-IPTM90-449	2	ai11_af3_bb3	AI11_AF3	2	1.108471393585205	1.1097031831741333	1.0326974391937256	1.15085768699646	1.1406275033950806	0.11816024780273438
65	OVA-C4-IPTM90-449	2	ai11_af3_bb3	AI11_AF3	3	1.1133463382720947	0.9912387132644653	1.3300594091415405	1.0459957122802734	1.0860915184020996	0.3388206958770752
66	OVA-C4-IPTM90-018	2	ai11_af3_bb3	AI11_AF3	0	1.1983389854431152	1.185600996017456	1.1356257200241089	1.1570806503295898	1.3150490522384644	0.17942333221435547
66	OVA-C4-IPTM90-018	2	ai11_af3_bb3	AI11_AF3	1	1.2043019533157349	1.2575408220291138	1.134765386581421	1.2000495195388794	1.2248520851135254	0.12277543544769287
66	OVA-C4-IPTM90-018	2	ai11_af3_bb3	AI11_AF3	2	1.2161705493927002	1.267645239830017	1.1120980978012085	1.2231523990631104	1.2617865800857544	0.1555471420288086
66	OVA-C4-IPTM90-018	2	ai11_af3_bb3	AI11_AF3	3	1.2291139364242554	1.1541593074798584	1.4030582904815674	1.135970950126648	1.223266839981079	0.26708734035491943
67	OVA-C4-IPTM90-046	2	ai11_af3_bb3	AI11_AF3	0	1.2307987213134766	1.1470470428466797	1.2043150663375854	1.2627660036087036	1.3090667724609375	0.1620197296142578
67	OVA-C4-IPTM90-046	2	ai11_af3_bb3	AI11_AF3	1	1.2220724821090698	1.2345999479293823	1.222139835357666	1.2025381326675415	1.229012131690979	0.03206181526184082
67	OVA-C4-IPTM90-046	2	ai11_af3_bb3	AI11_AF3	2	1.2384041547775269	1.275422215461731	1.1387805938720703	1.259456992149353	1.2799564599990845	0.14117586612701416
67	OVA-C4-IPTM90-046	2	ai11_af3_bb3	AI11_AF3	3	1.2614506483078003	1.087607741355896	1.4982728958129883	1.2131658792495728	1.246755838394165	0.4106651544570923
68	OVA-C4-IPTM90-376	2	ai11_af3_bb3	AI11_AF3	0	1.1615278720855713	1.0595128536224365	1.180554747581482	1.1805797815322876	1.2254639863967896	0.16595113277435303
68	OVA-C4-IPTM90-376	2	ai11_af3_bb3	AI11_AF3	1	1.1532237529754639	1.1573070287704468	1.166975975036621	1.1495932340621948	1.139019250869751	0.027956724166870117
68	OVA-C4-IPTM90-376	2	ai11_af3_bb3	AI11_AF3	2	1.1647645235061646	1.185307502746582	1.07188081741333	1.2000279426574707	1.2018415927886963	0.1299607753753662
68	OVA-C4-IPTM90-376	2	ai11_af3_bb3	AI11_AF3	3	1.1773215532302856	1.0080186128616333	1.4259014129638672	1.136027455329895	1.1393388509750366	0.4178828001022339
69	OVA-C4-IPTM90-468	2	ai11_af3_bb3	AI11_AF3	0	1.1154640913009644	1.078084945678711	1.0565725564956665	1.1608426570892334	1.1663559675216675	0.10978341102600098
69	OVA-C4-IPTM90-468	2	ai11_af3_bb3	AI11_AF3	1	1.1042189598083496	1.1724638938903809	1.0825923681259155	1.0400601625442505	1.121759057044983	0.13240373134613037
69	OVA-C4-IPTM90-468	2	ai11_af3_bb3	AI11_AF3	2	1.1064106225967407	1.1416412591934204	1.0230517387390137	1.1420267820358276	1.118922472000122	0.11897504329681396
69	OVA-C4-IPTM90-468	2	ai11_af3_bb3	AI11_AF3	3	1.125461459159851	0.9672367572784424	1.3574150800704956	1.0863126516342163	1.0908817052841187	0.3901783227920532
70	OVA-C4-IPTM90-047	2	ai11_af3_bb3	AI11_AF3	0	1.2215168476104736	1.1770164966583252	1.2017804384231567	1.169039011001587	1.3382313251495361	0.16919231414794922
70	OVA-C4-IPTM90-047	2	ai11_af3_bb3	AI11_AF3	1	1.2290962934494019	1.2662776708602905	1.1852599382400513	1.2270176410675049	1.2378299236297607	0.08101773262023926
70	OVA-C4-IPTM90-047	2	ai11_af3_bb3	AI11_AF3	2	1.2409570217132568	1.2501637935638428	1.157910943031311	1.2615782022476196	1.294175148010254	0.13626420497894287
70	OVA-C4-IPTM90-047	2	ai11_af3_bb3	AI11_AF3	3	1.239945650100708	1.172110915184021	1.4171334505081177	1.1374270915985107	1.233111023902893	0.27970635890960693
71	OVA-C4-IPTM90-417	2	ai11_af3_bb3	AI11_AF3	0	1.2803122997283936	1.2168081998825073	1.245517611503601	1.2457897663116455	1.4131332635879517	0.19632506370544434
71	OVA-C4-IPTM90-417	2	ai11_af3_bb3	AI11_AF3	1	1.2894638776779175	1.3173716068267822	1.2493610382080078	1.2821401357650757	1.3089827299118042	0.06801056861877441
71	OVA-C4-IPTM90-417	2	ai11_af3_bb3	AI11_AF3	2	1.2965513467788696	1.3171062469482422	1.2314198017120361	1.2940675020217896	1.3436120748519897	0.11219227313995361
71	OVA-C4-IPTM90-417	2	ai11_af3_bb3	AI11_AF3	3	1.3052328824996948	1.2197030782699585	1.4837632179260254	1.2222874164581299	1.2951775789260864	0.2640601396560669
72	OVA-C4-IPTM90-370	2	ai11_af3_bb3	AI11_AF3	0	1.1339539289474487	1.0646843910217285	1.1224170923233032	1.1409344673156738	1.207780122756958	0.1430957317352295
72	OVA-C4-IPTM90-370	2	ai11_af3_bb3	AI11_AF3	1	1.1144870519638062	1.1433744430541992	1.1164665222167969	1.0681965351104736	1.1299102306365967	0.07517790794372559
72	OVA-C4-IPTM90-370	2	ai11_af3_bb3	AI11_AF3	2	1.1266485452651978	1.1483547687530518	1.048341155052185	1.161490559577942	1.1484074592590332	0.11314940452575684
72	OVA-C4-IPTM90-370	2	ai11_af3_bb3	AI11_AF3	3	1.138624906539917	0.9826077818870544	1.3514831066131592	1.107398509979248	1.113010287284851	0.36887532472610474
73	OVA-C4-IPTM90-448	2	ai11_af3_bb3	AI11_AF3	0	1.2511636018753052	1.138312816619873	1.2689732313156128	1.267104983329773	1.3302632570266724	0.19195044040679932
73	OVA-C4-IPTM90-448	2	ai11_af3_bb3	AI11_AF3	1	1.2428255081176758	1.2408703565597534	1.2651780843734741	1.2297207117080688	1.2355327606201172	0.03545737266540527
73	OVA-C4-IPTM90-448	2	ai11_af3_bb3	AI11_AF3	2	1.2573413848876953	1.2683734893798828	1.1709626913070679	1.293229103088379	1.296800136566162	0.12583744525909424
73	OVA-C4-IPTM90-448	2	ai11_af3_bb3	AI11_AF3	3	1.271036982536316	1.1025934219360352	1.5096338987350464	1.2204487323760986	1.2514718770980835	0.40704047679901123
74	OVA-C4-IPTM90-489	2	ai11_af3_bb3	AI11_AF3	0	1.1580479145050049	1.0661678314208984	1.1806176900863647	1.1553974151611328	1.2300089597702026	0.1638411283493042
74	OVA-C4-IPTM90-489	2	ai11_af3_bb3	AI11_AF3	1	1.1456916332244873	1.1567574739456177	1.180807113647461	1.1089613437652588	1.1362402439117432	0.07184576988220215
74	OVA-C4-IPTM90-489	2	ai11_af3_bb3	AI11_AF3	2	1.1437534093856812	1.1591109037399292	1.0737824440002441	1.1971830129623413	1.144937515258789	0.12340056896209717
74	OVA-C4-IPTM90-489	2	ai11_af3_bb3	AI11_AF3	3	1.166674256324768	0.9995193481445312	1.4014880657196045	1.1241158246994019	1.1415736675262451	0.40196871757507324
75	OVA-C4-IPTM90-011	2	ai11_af3_bb3	AI11_AF3	0	1.2543565034866333	1.1666115522384644	1.2369472980499268	1.2835807800292969	1.3302861452102661	0.16367459297180176
75	OVA-C4-IPTM90-011	2	ai11_af3_bb3	AI11_AF3	1	1.25874924659729	1.271047592163086	1.259911060333252	1.252467155456543	1.251571536064148	0.01947605609893799
75	OVA-C4-IPTM90-011	2	ai11_af3_bb3	AI11_AF3	2	1.277823805809021	1.2894161939620972	1.15614914894104	1.3199615478515625	1.3457682132720947	0.1896190643310547
75	OVA-C4-IPTM90-011	2	ai11_af3_bb3	AI11_AF3	3	1.290024995803833	1.1145049333572388	1.5312246084213257	1.2359598875045776	1.2784109115600586	0.4167196750640869
76	OVA-C4-IPTM90-492	2	ai11_af3_bb3	AI11_AF3	0	1.1113157272338867	1.0297746658325195	1.1348363161087036	1.0862082242965698	1.1944435834884644	0.16466891765594482
76	OVA-C4-IPTM90-492	2	ai11_af3_bb3	AI11_AF3	1	1.1006653308868408	1.098738431930542	1.118338942527771	1.0878599882125854	1.0977237224578857	0.030478954315185547
76	OVA-C4-IPTM90-492	2	ai11_af3_bb3	AI11_AF3	2	1.1110378503799438	1.1173025369644165	1.015226125717163	1.1532901525497437	1.1583322286605835	0.1431061029434204
76	OVA-C4-IPTM90-492	2	ai11_af3_bb3	AI11_AF3	3	1.1191400289535522	0.9807851314544678	1.3392603397369385	1.0714466571807861	1.0850681066513062	0.3584752082824707
77	OVA-C4-IPTM90-401	2	ai11_af3_bb3	AI11_AF3	0	1.2858707904815674	1.275848150253296	1.2007699012756348	1.283098816871643	1.3837660551071167	0.18299615383148193
77	OVA-C4-IPTM90-401	2	ai11_af3_bb3	AI11_AF3	1	1.303322434425354	1.351318359375	1.2656874656677246	1.270820140838623	1.3254640102386475	0.08563089370727539
77	OVA-C4-IPTM90-401	2	ai11_af3_bb3	AI11_AF3	2	1.29466712474823	1.3255683183670044	1.2313088178634644	1.3016196489334106	1.3201714754104614	0.09425950050354004
77	OVA-C4-IPTM90-401	2	ai11_af3_bb3	AI11_AF3	3	1.311240315437317	1.203679084777832	1.5085448026657104	1.2318414449691772	1.3008962869644165	0.3048657178878784
78	OVA-C4-IPTM90-410	2	ai11_af3_bb3	AI11_AF3	0	1.133488655090332	1.1052886247634888	1.0674060583114624	1.1788923740386963	1.1823675632476807	0.11496150493621826
78	OVA-C4-IPTM90-410	2	ai11_af3_bb3	AI11_AF3	1	1.1226372718811035	1.1870441436767578	1.0981191396713257	1.0638467073440552	1.1415388584136963	0.12319743633270264
78	OVA-C4-IPTM90-410	2	ai11_af3_bb3	AI11_AF3	2	1.1332905292510986	1.1624832153320312	1.0477417707443237	1.1689472198486328	1.1539900302886963	0.12120544910430908
78	OVA-C4-IPTM90-410	2	ai11_af3_bb3	AI11_AF3	3	1.1453076601028442	0.9833356738090515	1.376826524734497	1.1074156761169434	1.1136527061462402	0.39349085092544556
79	OVA-C4-IPTM90-496	2	ai11_af3_bb3	AI11_AF3	0	1.1968739032745361	1.0892606973648071	1.2416547536849976	1.184303641319275	1.272276759147644	0.18301606178283691
79	OVA-C4-IPTM90-496	2	ai11_af3_bb3	AI11_AF3	1	1.1874321699142456	1.1705830097198486	1.2303887605667114	1.1602431535720825	1.1885137557983398	0.0701456069946289
79	OVA-C4-IPTM90-496	2	ai11_af3_bb3	AI11_AF3	2	1.2121565341949463	1.2078354358673096	1.1115385293960571	1.2799116373062134	1.2493404150009155	0.16837310791015625
79	OVA-C4-IPTM90-496	2	ai11_af3_bb3	AI11_AF3	3	1.2048982381820679	1.0579895973205566	1.4151499271392822	1.1358073949813843	1.2106459140777588	0.3571603298187256
80	OVA-C4-IPTM90-440	2	ai11_af3_bb3	AI11_AF3	0	1.1731940507888794	1.0714648962020874	1.2249398231506348	1.1522889137268066	1.244083285331726	0.17261838912963867
80	OVA-C4-IPTM90-440	2	ai11_af3_bb3	AI11_AF3	1	1.1600842475891113	1.1374504566192627	1.2022154331207275	1.131018042564392	1.1696531772613525	0.07119739055633545
80	OVA-C4-IPTM90-440	2	ai11_af3_bb3	AI11_AF3	2	1.1725988388061523	1.179591178894043	1.0787324905395508	1.2427942752838135	1.1892774105072021	0.1640617847442627
80	OVA-C4-IPTM90-440	2	ai11_af3_bb3	AI11_AF3	3	1.1882710456848145	1.0535117387771606	1.4009323120117188	1.1117976903915405	1.1868419647216797	0.3474205732345581
81	OVA-C4-IPTM90-127	2	ai11_af3_bb3	AI11_AF3	0	1.1503952741622925	1.0932083129882812	1.1336745023727417	1.1578930616378784	1.2168055772781372	0.12359726428985596
81	OVA-C4-IPTM90-127	2	ai11_af3_bb3	AI11_AF3	1	1.1479228734970093	1.16969895362854	1.1221591234207153	1.1344329118728638	1.1654003858566284	0.04753983020782471
81	OVA-C4-IPTM90-127	2	ai11_af3_bb3	AI11_AF3	2	1.1642719507217407	1.2024403810501099	1.0391881465911865	1.2206119298934937	1.1948472261428833	0.18142378330230713
81	OVA-C4-IPTM90-127	2	ai11_af3_bb3	AI11_AF3	3	1.1741069555282593	1.0137114524841309	1.3938008546829224	1.1349750757217407	1.153939962387085	0.3800894021987915
82	OVA-C4-IPTM90-131	2	ai11_af3_bb3	AI11_AF3	0	1.181145191192627	1.116438865661621	1.1528911590576172	1.1919695138931274	1.263281226158142	0.146842360496521
82	OVA-C4-IPTM90-131	2	ai11_af3_bb3	AI11_AF3	1	1.1803780794143677	1.2058043479919434	1.1791338920593262	1.1527554988861084	1.1838185787200928	0.05304884910583496
82	OVA-C4-IPTM90-131	2	ai11_af3_bb3	AI11_AF3	2	1.1850470304489136	1.2249629497528076	1.0930558443069458	1.2273049354553223	1.1948648691177368	0.13424909114837646
82	OVA-C4-IPTM90-131	2	ai11_af3_bb3	AI11_AF3	3	1.2013968229293823	1.014761209487915	1.4530338048934937	1.1652588844299316	1.1725337505340576	0.4382725954055786
83	OVA-C4-IPTM90-329	2	ai11_af3_bb3	AI11_AF3	0	1.1761934757232666	1.142960786819458	1.1086746454238892	1.1542662382125854	1.2988721132278442	0.19019746780395508
83	OVA-C4-IPTM90-329	2	ai11_af3_bb3	AI11_AF3	1	1.1868165731430054	1.2320568561553955	1.154293417930603	1.1658798456192017	1.1950364112854004	0.07776343822479248
83	OVA-C4-IPTM90-329	2	ai11_af3_bb3	AI11_AF3	2	1.1794044971466064	1.2223557233810425	1.110300064086914	1.177111268043518	1.2078510522842407	0.11205565929412842
83	OVA-C4-IPTM90-329	2	ai11_af3_bb3	AI11_AF3	3	1.2038275003433228	1.1002639532089233	1.3923330307006836	1.1299598217010498	1.1927531957626343	0.29206907749176025
84	OVA-C4-IPTM90-002	2	ai11_af3_bb3	AI11_AF3	0	1.2448513507843018	1.1775692701339722	1.222451090812683	1.2558567523956299	1.3235284090042114	0.14595913887023926
84	OVA-C4-IPTM90-002	2	ai11_af3_bb3	AI11_AF3	1	1.2437164783477783	1.2677607536315918	1.2229053974151611	1.228134036064148	1.2560653686523438	0.044855356216430664
84	OVA-C4-IPTM90-002	2	ai11_af3_bb3	AI11_AF3	2	1.257938027381897	1.2930173873901367	1.1364246606826782	1.3040636777877808	1.2982462644577026	0.16763901710510254
84	OVA-C4-IPTM90-002	2	ai11_af3_bb3	AI11_AF3	3	1.2784545421600342	1.1146882772445679	1.5031719207763672	1.2338604927062988	1.2620973587036133	0.3884836435317993
85	OVA-C4-IPTM90-053	2	ai11_af3_bb3	AI11_AF3	0	1.1315643787384033	1.0560206174850464	1.1104968786239624	1.150450348854065	1.2092896699905396	0.15326905250549316
85	OVA-C4-IPTM90-053	2	ai11_af3_bb3	AI11_AF3	1	1.1366852521896362	1.1592605113983154	1.1234434843063354	1.1313254833221436	1.13271164894104	0.03581702709197998
85	OVA-C4-IPTM90-053	2	ai11_af3_bb3	AI11_AF3	2	1.1526826620101929	1.158193826675415	1.0364912748336792	1.2168792486190796	1.1991662979125977	0.1803879737854004
85	OVA-C4-IPTM90-053	2	ai11_af3_bb3	AI11_AF3	3	1.1545871496200562	0.9939168691635132	1.3776811361312866	1.117526888847351	1.1292237043380737	0.38376426696777344
86	OVA-C4-IPTM90-446	2	ai11_af3_bb3	AI11_AF3	0	1.1213922500610352	1.0321024656295776	1.1327810287475586	1.1292369365692139	1.1914485692977905	0.1593461036682129
86	OVA-C4-IPTM90-446	2	ai11_af3_bb3	AI11_AF3	1	1.1018662452697754	1.1203025579452515	1.1159801483154297	1.057778239250183	1.1134041547775269	0.06252431869506836
86	OVA-C4-IPTM90-446	2	ai11_af3_bb3	AI11_AF3	2	1.1152044534683228	1.1493134498596191	1.034909963607788	1.144534945487976	1.132059097290039	0.11440348625183105
86	OVA-C4-IPTM90-446	2	ai11_af3_bb3	AI11_AF3	3	1.1381093263626099	0.965818464756012	1.365200161933899	1.1045438051223755	1.1168752908706665	0.39938169717788696
87	OVA-C4-IPTM90-491	2	ai11_af3_bb3	AI11_AF3	0	1.1952635049819946	1.11481773853302	1.1631895303726196	1.2325278520584106	1.2705186605453491	0.1557009220123291
87	OVA-C4-IPTM90-491	2	ai11_af3_bb3	AI11_AF3	1	1.1945323944091797	1.190575361251831	1.2215687036514282	1.187174916267395	1.178810715675354	0.04275798797607422
87	OVA-C4-IPTM90-491	2	ai11_af3_bb3	AI11_AF3	2	1.197934627532959	1.221956729888916	1.121943473815918	1.2354629039764404	1.2123758792877197	0.11351943016052246
87	OVA-C4-IPTM90-491	2	ai11_af3_bb3	AI11_AF3	3	1.2127656936645508	1.0445319414138794	1.4730699062347412	1.1489533185958862	1.1845077276229858	0.4285379648208618
88	OVA-C4-IPTM90-478	2	ai11_af3_bb3	AI11_AF3	0	1.125683069229126	1.0528682470321655	1.1068329811096191	1.1470212936401367	1.196009874343872	0.14314162731170654
88	OVA-C4-IPTM90-478	2	ai11_af3_bb3	AI11_AF3	1	1.1304867267608643	1.1410795450210571	1.141257643699646	1.1441664695739746	1.095443844795227	0.04872262477874756
88	OVA-C4-IPTM90-478	2	ai11_af3_bb3	AI11_AF3	2	1.1463021039962769	1.1664079427719116	1.0233778953552246	1.1835938692092896	1.2118284702301025	0.18845057487487793
88	OVA-C4-IPTM90-478	2	ai11_af3_bb3	AI11_AF3	3	1.1556109189987183	1.007972002029419	1.374260425567627	1.1189135313034058	1.1212975978851318	0.366288423538208
89	OVA-C4-IPTM90-435	2	ai11_af3_bb3	AI11_AF3	0	1.1056369543075562	1.0312869548797607	1.0726655721664429	1.1436744928359985	1.1749207973480225	0.14363384246826172
89	OVA-C4-IPTM90-435	2	ai11_af3_bb3	AI11_AF3	1	1.0983343124389648	1.1295198202133179	1.094569444656372	1.0633314847946167	1.105915904045105	0.06618833541870117
89	OVA-C4-IPTM90-435	2	ai11_af3_bb3	AI11_AF3	2	1.1100987195968628	1.1492449045181274	1.0096197128295898	1.1390364170074463	1.142493724822998	0.1396251916885376
89	OVA-C4-IPTM90-435	2	ai11_af3_bb3	AI11_AF3	3	1.1381103992462158	0.9415735602378845	1.3851380348205566	1.1116496324539185	1.1140806674957275	0.4435644745826721
90	OVA-C4-IPTM90-296	2	ai11_af3_bb3	AI11_AF3	0	1.2818994522094727	1.2017546892166138	1.254813551902771	1.3093936443328857	1.3616358041763306	0.1598811149597168
90	OVA-C4-IPTM90-296	2	ai11_af3_bb3	AI11_AF3	1	1.2863330841064453	1.2979710102081299	1.2841312885284424	1.2760037183761597	1.2872265577316284	0.021967291831970215
90	OVA-C4-IPTM90-296	2	ai11_af3_bb3	AI11_AF3	2	1.2806284427642822	1.311995506286621	1.1850680112838745	1.3191626071929932	1.3062872886657715	0.13409459590911865
90	OVA-C4-IPTM90-296	2	ai11_af3_bb3	AI11_AF3	3	1.3011283874511719	1.1310322284698486	1.529589295387268	1.2462756633758545	1.2976163625717163	0.39855706691741943
91	OVA-C4-IPTM90-144	2	ai11_af3_bb3	AI11_AF3	0	1.2446709871292114	1.1765425205230713	1.1769263744354248	1.2481964826583862	1.3770182132720947	0.20047569274902344
91	OVA-C4-IPTM90-144	2	ai11_af3_bb3	AI11_AF3	1	1.2563127279281616	1.2854764461517334	1.2187747955322266	1.2547451257705688	1.2662546634674072	0.06670165061950684
91	OVA-C4-IPTM90-144	2	ai11_af3_bb3	AI11_AF3	2	1.2645193338394165	1.3015289306640625	1.165994644165039	1.251731038093567	1.3388224840164185	0.1728278398513794
91	OVA-C4-IPTM90-144	2	ai11_af3_bb3	AI11_AF3	3	1.2885723114013672	1.18213951587677	1.4747462272644043	1.2039060592651367	1.2934972047805786	0.2926067113876343
92	OVA-C4-IPTM90-336	2	ai11_af3_bb3	AI11_AF3	0	1.2913634777069092	1.200532078742981	1.3040612936019897	1.2895495891571045	1.371310830116272	0.17077875137329102
92	OVA-C4-IPTM90-336	2	ai11_af3_bb3	AI11_AF3	1	1.27536141872406	1.3037434816360474	1.277713656425476	1.240925669670105	1.2790628671646118	0.06281781196594238
92	OVA-C4-IPTM90-336	2	ai11_af3_bb3	AI11_AF3	2	1.2797123193740845	1.3150192499160767	1.1891634464263916	1.3157777786254883	1.29888916015625	0.12661433219909668
92	OVA-C4-IPTM90-336	2	ai11_af3_bb3	AI11_AF3	3	1.3013910055160522	1.110837459564209	1.5481855869293213	1.2642756700515747	1.2822648286819458	0.4373481273651123
93	OVA-C4-IPTM90-158	2	ai11_af3_bb3	AI11_AF3	0	1.1990289688110352	1.1287473440170288	1.1889855861663818	1.1677488088607788	1.3106344938278198	0.18188714981079102
93	OVA-C4-IPTM90-158	2	ai11_af3_bb3	AI11_AF3	1	1.2055516242980957	1.1979204416275024	1.195357084274292	1.215437889099121	1.2134912014007568	0.0200808048248291
93	OVA-C4-IPTM90-158	2	ai11_af3_bb3	AI11_AF3	2	1.2119808197021484	1.209830641746521	1.1134406328201294	1.232385277748108	1.2922664880752563	0.17882585525512695
93	OVA-C4-IPTM90-158	2	ai11_af3_bb3	AI11_AF3	3	1.2247284650802612	1.1382131576538086	1.4113333225250244	1.121496319770813	1.227871298789978	0.2898370027542114
94	OVA-C4-IPTM90-167	2	ai11_af3_bb3	AI11_AF3	0	1.203487753868103	1.1599938869476318	1.1475613117218018	1.1919162273406982	1.3144792318344116	0.16691792011260986
94	OVA-C4-IPTM90-167	2	ai11_af3_bb3	AI11_AF3	1	1.2118690013885498	1.2341489791870117	1.1905430555343628	1.197062373161316	1.2257213592529297	0.043605923652648926
94	OVA-C4-IPTM90-167	2	ai11_af3_bb3	AI11_AF3	2	1.209854245185852	1.2652052640914917	1.1211169958114624	1.196908950805664	1.2561856508255005	0.1440882682800293
94	OVA-C4-IPTM90-167	2	ai11_af3_bb3	AI11_AF3	3	1.2380818128585815	1.1206923723220825	1.4406505823135376	1.150926947593689	1.2400574684143066	0.3199582099914551
95	OVA-C4-IPTM90-476	2	ai11_af3_bb3	AI11_AF3	0	1.251126766204834	1.14461350440979	1.284891128540039	1.2558066844940186	1.3191957473754883	0.17458224296569824
95	OVA-C4-IPTM90-476	2	ai11_af3_bb3	AI11_AF3	1	1.231325387954712	1.2362453937530518	1.2771157026290894	1.1915264129638672	1.220414400100708	0.08558928966522217
95	OVA-C4-IPTM90-476	2	ai11_af3_bb3	AI11_AF3	2	1.2341219186782837	1.2521648406982422	1.1544197797775269	1.2748699188232422	1.255033254623413	0.12045013904571533
95	OVA-C4-IPTM90-476	2	ai11_af3_bb3	AI11_AF3	3	1.2616562843322754	1.0770317316055298	1.5007232427597046	1.2088515758514404	1.2600187063217163	0.4236915111541748
96	OVA-C4-IPTM90-259	2	ai11_af3_bb3	AI11_AF3	0	1.2712860107421875	1.1971067190170288	1.2501832246780396	1.2957353591918945	1.3421193361282349	0.14501261711120605
96	OVA-C4-IPTM90-259	2	ai11_af3_bb3	AI11_AF3	1	1.2605071067810059	1.277616024017334	1.2811626195907593	1.228959083557129	1.2542905807495117	0.05220353603363037
96	OVA-C4-IPTM90-259	2	ai11_af3_bb3	AI11_AF3	2	1.2734299898147583	1.3183085918426514	1.1699885129928589	1.29591965675354	1.3095033168792725	0.14832007884979248
96	OVA-C4-IPTM90-259	2	ai11_af3_bb3	AI11_AF3	3	1.2929896116256714	1.0850471258163452	1.5403822660446167	1.2530322074890137	1.2934963703155518	0.4553351402282715
97	OVA-C4-IPTM90-169	2	ai11_af3_bb3	AI11_AF3	0	1.269790530204773	1.1690282821655273	1.288089394569397	1.2677687406539917	1.3542753458023071	0.18524706363677979
97	OVA-C4-IPTM90-169	2	ai11_af3_bb3	AI11_AF3	1	1.268242359161377	1.276167631149292	1.2733781337738037	1.2547448873519897	1.2686793804168701	0.021422743797302246
97	OVA-C4-IPTM90-169	2	ai11_af3_bb3	AI11_AF3	2	1.2844160795211792	1.28092360496521	1.1828131675720215	1.3422094583511353	1.3317183256149292	0.15939629077911377
97	OVA-C4-IPTM90-169	2	ai11_af3_bb3	AI11_AF3	3	1.291427493095398	1.1409257650375366	1.5171128511428833	1.2354073524475098	1.272264003753662	0.3761870861053467
98	OVA-C4-IPTM90-082	2	ai11_af3_bb3	AI11_AF3	0	1.1879031658172607	1.1171592473983765	1.175567626953125	1.2069319486618042	1.251953363418579	0.13479411602020264
98	OVA-C4-IPTM90-082	2	ai11_af3_bb3	AI11_AF3	1	1.1801049709320068	1.2032703161239624	1.1873722076416016	1.1449280977249146	1.1848493814468384	0.05834221839904785
98	OVA-C4-IPTM90-082	2	ai11_af3_bb3	AI11_AF3	2	1.1900506019592285	1.2418776750564575	1.0844106674194336	1.2254256010055542	1.2084884643554688	0.15746700763702393
98	OVA-C4-IPTM90-082	2	ai11_af3_bb3	AI11_AF3	3	1.2049027681350708	1.0040584802627563	1.4572703838348389	1.1653786897659302	1.1929035186767578	0.4532119035720825
99	OVA-C4-IPTM90-238	2	ai11_af3_bb3	AI11_AF3	0	1.1092443466186523	1.076017141342163	1.0596723556518555	1.1298083066940308	1.1714792251586914	0.11180686950683594
99	OVA-C4-IPTM90-238	2	ai11_af3_bb3	AI11_AF3	1	1.1161600351333618	1.1533013582229614	1.0931636095046997	1.094188928604126	1.1239861249923706	0.06013774871826172
99	OVA-C4-IPTM90-238	2	ai11_af3_bb3	AI11_AF3	2	1.1244875192642212	1.132495641708374	1.0377413034439087	1.1713709831237793	1.1563419103622437	0.1336296796798706
99	OVA-C4-IPTM90-238	2	ai11_af3_bb3	AI11_AF3	3	1.1240803003311157	0.9863237738609314	1.3520008325576782	1.0565383434295654	1.1014584302902222	0.3656770586967468
100	OVA-C4-IPTM90-314	2	ai11_af3_bb3	AI11_AF3	0	1.1610586643218994	1.0987913608551025	1.1254358291625977	1.1674953699111938	1.2525122165679932	0.15372085571289062
100	OVA-C4-IPTM90-314	2	ai11_af3_bb3	AI11_AF3	1	1.1696549654006958	1.1873431205749512	1.1440311670303345	1.1884400844573975	1.1588059663772583	0.04440891742706299
100	OVA-C4-IPTM90-314	2	ai11_af3_bb3	AI11_AF3	2	1.1905958652496338	1.2143279314041138	1.0646262168884277	1.2342288494110107	1.2492002248764038	0.18457400798797607
100	OVA-C4-IPTM90-314	2	ai11_af3_bb3	AI11_AF3	3	1.1894357204437256	1.046410083770752	1.4070115089416504	1.1563433408737183	1.147977590560913	0.36060142517089844
101	OVA-C4-IPTM90-361	2	ai11_af3_bb3	AI11_AF3	0	1.1894359588623047	1.154759407043457	1.1239612102508545	1.1684932708740234	1.310530185699463	0.1865689754486084
101	OVA-C4-IPTM90-361	2	ai11_af3_bb3	AI11_AF3	1	1.2024046182632446	1.2285526990890503	1.161419153213501	1.2179040908813477	1.2017425298690796	0.06713354587554932
101	OVA-C4-IPTM90-361	2	ai11_af3_bb3	AI11_AF3	2	1.2185958623886108	1.2301967144012451	1.0946455001831055	1.2037054300308228	1.3458356857299805	0.251190185546875
101	OVA-C4-IPTM90-361	2	ai11_af3_bb3	AI11_AF3	3	1.2222437858581543	1.1173310279846191	1.3962525129318237	1.1832551956176758	1.192136287689209	0.2789214849472046
102	OVA-C4-IPTM90-419	2	ai11_af3_bb3	AI11_AF3	0	1.2629092931747437	1.1583504676818848	1.2872554063796997	1.2733417749404907	1.3326890468597412	0.17433857917785645
102	OVA-C4-IPTM90-419	2	ai11_af3_bb3	AI11_AF3	1	1.2553268671035767	1.2524728775024414	1.272046446800232	1.229827880859375	1.2669600248336792	0.042218565940856934
102	OVA-C4-IPTM90-419	2	ai11_af3_bb3	AI11_AF3	2	1.2717924118041992	1.2847974300384521	1.1600626707077026	1.303907036781311	1.3384026288986206	0.17833995819091797
102	OVA-C4-IPTM90-419	2	ai11_af3_bb3	AI11_AF3	3	1.2806594371795654	1.1144858598709106	1.5230330228805542	1.2212977409362793	1.2638206481933594	0.40854716300964355
103	OVA-C4-IPTM90-453	2	ai11_af3_bb3	AI11_AF3	0	1.2805695533752441	1.2236336469650269	1.261543869972229	1.2345671653747559	1.4025334119796753	0.17889976501464844
103	OVA-C4-IPTM90-453	2	ai11_af3_bb3	AI11_AF3	1	1.2783293724060059	1.3133544921875	1.2612707614898682	1.2443662881851196	1.2943259477615356	0.06898820400238037
103	OVA-C4-IPTM90-453	2	ai11_af3_bb3	AI11_AF3	2	1.2735841274261475	1.3009750843048096	1.2157543897628784	1.2756285667419434	1.3019787073135376	0.08622431755065918
103	OVA-C4-IPTM90-453	2	ai11_af3_bb3	AI11_AF3	3	1.2961764335632324	1.19454026222229	1.4755773544311523	1.2105507850646973	1.3040372133255005	0.2810370922088623
104	OVA-C4-IPTM90-065	2	ai11_af3_bb3	AI11_AF3	0	1.25932776927948	1.162898063659668	1.22731351852417	1.2993841171264648	1.3477156162261963	0.18481755256652832
104	OVA-C4-IPTM90-065	2	ai11_af3_bb3	AI11_AF3	1	1.2609338760375977	1.2867226600646973	1.249704360961914	1.2476327419281006	1.2596759796142578	0.03908991813659668
104	OVA-C4-IPTM90-065	2	ai11_af3_bb3	AI11_AF3	2	1.2775826454162598	1.3113840818405151	1.1668412685394287	1.3063730001449585	1.3257324695587158	0.1588912010192871
104	OVA-C4-IPTM90-065	2	ai11_af3_bb3	AI11_AF3	3	1.2956531047821045	1.1083251237869263	1.5436599254608154	1.2547948360443115	1.275831937789917	0.43533480167388916
105	OVA-C4-IPTM90-230	2	ai11_af3_bb3	AI11_AF3	0	1.190245509147644	1.0821386575698853	1.1834596395492554	1.2020597457885742	1.2933236360549927	0.21118497848510742
105	OVA-C4-IPTM90-230	2	ai11_af3_bb3	AI11_AF3	1	1.1851433515548706	1.2017067670822144	1.1743738651275635	1.1690012216567993	1.1954911947250366	0.03270554542541504
105	OVA-C4-IPTM90-230	2	ai11_af3_bb3	AI11_AF3	2	1.2011209726333618	1.2252663373947144	1.1129871606826782	1.2492777109146118	1.216952919960022	0.1362905502319336
105	OVA-C4-IPTM90-230	2	ai11_af3_bb3	AI11_AF3	3	1.2060474157333374	1.042722463607788	1.4463592767715454	1.1724716424942017	1.1626356840133667	0.4036368131637573
106	OVA-C4-IPTM90-458	2	ai11_af3_bb3	AI11_AF3	0	1.1218563318252563	1.037941813468933	1.11216402053833	1.1382312774658203	1.199088215827942	0.1611464023590088
106	OVA-C4-IPTM90-458	2	ai11_af3_bb3	AI11_AF3	1	1.1116150617599487	1.1373343467712402	1.1115576028823853	1.0687510967254639	1.1288173198699951	0.06858325004577637
106	OVA-C4-IPTM90-458	2	ai11_af3_bb3	AI11_AF3	2	1.1208196878433228	1.1501679420471191	1.0536973476409912	1.1542624235153198	1.12515127658844	0.10056507587432861
106	OVA-C4-IPTM90-458	2	ai11_af3_bb3	AI11_AF3	3	1.1377623081207275	0.9684042930603027	1.3561252355575562	1.0945435762405396	1.1319762468338013	0.3877209424972534
107	OVA-C4-IPTM90-322	2	ai11_af3_bb3	AI11_AF3	0	1.201769232749939	1.1185435056686401	1.2112932205200195	1.1930376291275024	1.2842026948928833	0.16565918922424316
107	OVA-C4-IPTM90-322	2	ai11_af3_bb3	AI11_AF3	1	1.1844655275344849	1.1925244331359863	1.2133300304412842	1.1521679162979126	1.1798397302627563	0.06116211414337158
107	OVA-C4-IPTM90-322	2	ai11_af3_bb3	AI11_AF3	2	1.1939975023269653	1.2233189344406128	1.1083780527114868	1.2419393062591553	1.202354073524475	0.13356125354766846
107	OVA-C4-IPTM90-322	2	ai11_af3_bb3	AI11_AF3	3	1.2066186666488647	1.0278232097625732	1.4450390338897705	1.1667017936706543	1.1869099140167236	0.41721582412719727
108	OVA-C4-IPTM90-365	2	ai11_af3_bb3	AI11_AF3	0	1.269330382347107	1.218884825706482	1.216604471206665	1.2983554601669312	1.3434765338897705	0.12687206268310547
108	OVA-C4-IPTM90-365	2	ai11_af3_bb3	AI11_AF3	1	1.2662906646728516	1.2980093955993652	1.2447820901870728	1.2422016859054565	1.2801696062088013	0.05580770969390869
108	OVA-C4-IPTM90-365	2	ai11_af3_bb3	AI11_AF3	2	1.273471474647522	1.2999967336654663	1.190456748008728	1.3249027729034424	1.2785292863845825	0.13444602489471436
108	OVA-C4-IPTM90-365	2	ai11_af3_bb3	AI11_AF3	3	1.2789552211761475	1.0776430368423462	1.5311503410339355	1.2370471954345703	1.2699804306030273	0.45350730419158936
109	OVA-C4-IPTM90-494	2	ai11_af3_bb3	AI11_AF3	0	1.2612810134887695	1.137101650238037	1.2530204057693481	1.2818113565444946	1.373191237449646	0.2360895872116089
109	OVA-C4-IPTM90-494	2	ai11_af3_bb3	AI11_AF3	1	1.2514522075653076	1.2821025848388672	1.240659236907959	1.2260348796844482	1.2570120096206665	0.056067705154418945
109	OVA-C4-IPTM90-494	2	ai11_af3_bb3	AI11_AF3	2	1.2653977870941162	1.2843436002731323	1.175466775894165	1.3101251125335693	1.2916558980941772	0.1346583366394043
109	OVA-C4-IPTM90-494	2	ai11_af3_bb3	AI11_AF3	3	1.2813600301742554	1.1113078594207764	1.5114989280700684	1.25177800655365	1.2508553266525269	0.400191068649292
110	OVA-C4-IPTM90-472	2	ai11_af3_bb3	AI11_AF3	0	1.261991262435913	1.1994932889938354	1.2001466751098633	1.2648441791534424	1.3834806680679321	0.18398737907409668
110	OVA-C4-IPTM90-472	2	ai11_af3_bb3	AI11_AF3	1	1.264996886253357	1.2373963594436646	1.317695140838623	1.281884789466858	1.2230108976364136	0.09468424320220947
110	OVA-C4-IPTM90-472	2	ai11_af3_bb3	AI11_AF3	2	1.2847447395324707	1.2684524059295654	1.2231810092926025	1.3407807350158691	1.306564450263977	0.1175997257232666
110	OVA-C4-IPTM90-472	2	ai11_af3_bb3	AI11_AF3	3	1.2988102436065674	1.1558958292007446	1.5130894184112549	1.219067931175232	1.307187557220459	0.35719358921051025
111	OVA-C4-IPTM90-396	2	ai11_af3_bb3	AI11_AF3	0	1.3072404861450195	1.2396631240844727	1.298672080039978	1.2733956575393677	1.4172310829162598	0.1775679588317871
111	OVA-C4-IPTM90-396	2	ai11_af3_bb3	AI11_AF3	1	1.3023139238357544	1.3150938749313354	1.2966654300689697	1.2737306356430054	1.3237659931182861	0.05003535747528076
111	OVA-C4-IPTM90-396	2	ai11_af3_bb3	AI11_AF3	2	1.303623914718628	1.3420312404632568	1.2262564897537231	1.2947498559951782	1.3514580726623535	0.12520158290863037
111	OVA-C4-IPTM90-396	2	ai11_af3_bb3	AI11_AF3	3	1.3302193880081177	1.2129215002059937	1.5231449604034424	1.2314684391021729	1.3533427715301514	0.31022346019744873
112	OVA-C4-IPTM90-426	2	ai11_af3_bb3	AI11_AF3	0	1.1079515218734741	1.0412707328796387	1.1157479286193848	1.0887404680252075	1.1860469579696655	0.14477622509002686
112	OVA-C4-IPTM90-426	2	ai11_af3_bb3	AI11_AF3	1	1.0934137105941772	1.0972362756729126	1.1117115020751953	1.0845917463302612	1.0801154375076294	0.03159606456756592
112	OVA-C4-IPTM90-426	2	ai11_af3_bb3	AI11_AF3	2	1.0959004163742065	1.0966849327087402	1.0085229873657227	1.150490403175354	1.1279033422470093	0.14196741580963135
112	OVA-C4-IPTM90-426	2	ai11_af3_bb3	AI11_AF3	3	1.10288405418396	0.973180890083313	1.2917680740356445	1.0413966178894043	1.105190634727478	0.31858718395233154
113	OVA-C4-IPTM90-439	2	ai11_af3_bb3	AI11_AF3	0	1.1228216886520386	1.049918293952942	1.1181113719940186	1.1292996406555176	1.1939574480056763	0.14403915405273438
113	OVA-C4-IPTM90-439	2	ai11_af3_bb3	AI11_AF3	1	1.1103112697601318	1.1346023082733154	1.097861647605896	1.079534649848938	1.1292463541030884	0.05506765842437744
113	OVA-C4-IPTM90-439	2	ai11_af3_bb3	AI11_AF3	2	1.1120169162750244	1.1246472597122192	1.031308650970459	1.1698933839797974	1.1222184896469116	0.13858473300933838
113	OVA-C4-IPTM90-439	2	ai11_af3_bb3	AI11_AF3	3	1.1206669807434082	0.9747060537338257	1.3173010349273682	1.0875990390777588	1.103061556816101	0.3425949811935425
114	OVA-C4-IPTM90-303	2	ai11_af3_bb3	AI11_AF3	0	1.2669122219085693	1.1875802278518677	1.2578339576721191	1.2756679058074951	1.3465663194656372	0.15898609161376953
114	OVA-C4-IPTM90-303	2	ai11_af3_bb3	AI11_AF3	1	1.2611881494522095	1.2663990259170532	1.2507115602493286	1.260470986366272	1.2671713829040527	0.01645982265472412
114	OVA-C4-IPTM90-303	2	ai11_af3_bb3	AI11_AF3	2	1.2817572355270386	1.2629306316375732	1.1867352724075317	1.3620625734329224	1.3153003454208374	0.17532730102539062
114	OVA-C4-IPTM90-303	2	ai11_af3_bb3	AI11_AF3	3	1.2689619064331055	1.1111798286437988	1.4996693134307861	1.206747055053711	1.2582509517669678	0.3884894847869873
115	OVA-C4-IPTM90-311	2	ai11_af3_bb3	AI11_AF3	0	1.1763464212417603	1.1005696058273315	1.1724693775177002	1.1496084928512573	1.2827383279800415	0.18216872215270996
115	OVA-C4-IPTM90-311	2	ai11_af3_bb3	AI11_AF3	1	1.1786611080169678	1.1813451051712036	1.1685384511947632	1.1797096729278564	1.185051441192627	0.01651298999786377
115	OVA-C4-IPTM90-311	2	ai11_af3_bb3	AI11_AF3	2	1.185129165649414	1.1847128868103027	1.081742763519287	1.210734486579895	1.2633264064788818	0.18158364295959473
115	OVA-C4-IPTM90-311	2	ai11_af3_bb3	AI11_AF3	3	1.1970723867416382	1.1061999797821045	1.3704423904418945	1.102418303489685	1.2092288732528687	0.2680240869522095
116	OVA-C4-IPTM90-058	2	ai11_af3_bb3	AI11_AF3	0	1.1603078842163086	1.0871822834014893	1.1472653150558472	1.1860260963439941	1.2207579612731934	0.1335756778717041
116	OVA-C4-IPTM90-058	2	ai11_af3_bb3	AI11_AF3	1	1.1647300720214844	1.1672499179840088	1.179409384727478	1.1641829013824463	1.1480780839920044	0.03133130073547363
116	OVA-C4-IPTM90-058	2	ai11_af3_bb3	AI11_AF3	2	1.1864382028579712	1.202232837677002	1.066200852394104	1.2295827865600586	1.2477359771728516	0.18153512477874756
116	OVA-C4-IPTM90-058	2	ai11_af3_bb3	AI11_AF3	3	1.1894621849060059	1.0217540264129639	1.4278011322021484	1.1387927532196045	1.1695008277893066	0.40604710578918457
117	OVA-C4-IPTM90-424	2	ai11_af3_bb3	AI11_AF3	0	1.190482497215271	1.1458605527877808	1.1755868196487427	1.148787260055542	1.291695237159729	0.14583468437194824
117	OVA-C4-IPTM90-424	2	ai11_af3_bb3	AI11_AF3	1	1.1914942264556885	1.205328345298767	1.180559515953064	1.1958391666412354	1.184249758720398	0.024768829345703125
117	OVA-C4-IPTM90-424	2	ai11_af3_bb3	AI11_AF3	2	1.190949559211731	1.1928625106811523	1.1084630489349365	1.2177801132202148	1.2446924448013306	0.13622939586639404
117	OVA-C4-IPTM90-424	2	ai11_af3_bb3	AI11_AF3	3	1.2006571292877197	1.1389665603637695	1.355237364768982	1.1050870418548584	1.2033377885818481	0.25015032291412354
118	OVA-C4-IPTM90-447	2	ai11_af3_bb3	AI11_AF3	0	1.3024555444717407	1.2755149602890015	1.2262362241744995	1.2739274501800537	1.43414306640625	0.2079068422317505
118	OVA-C4-IPTM90-447	2	ai11_af3_bb3	AI11_AF3	1	1.3086638450622559	1.3566228151321411	1.2645697593688965	1.2828967571258545	1.33056640625	0.09205305576324463
118	OVA-C4-IPTM90-447	2	ai11_af3_bb3	AI11_AF3	2	1.3145250082015991	1.3710296154022217	1.2324388027191162	1.296386480331421	1.3582452535629272	0.13859081268310547
118	OVA-C4-IPTM90-447	2	ai11_af3_bb3	AI11_AF3	3	1.331282615661621	1.2125911712646484	1.5165597200393677	1.2552177906036377	1.340761423110962	0.30396854877471924
119	OVA-C4-IPTM90-324	2	ai11_af3_bb3	AI11_AF3	0	1.2218279838562012	1.1592607498168945	1.1761388778686523	1.2569069862365723	1.2950056791305542	0.13574492931365967
119	OVA-C4-IPTM90-324	2	ai11_af3_bb3	AI11_AF3	1	1.2271478176116943	1.2508171796798706	1.201478123664856	1.2286876440048218	1.227608561515808	0.04933905601501465
119	OVA-C4-IPTM90-324	2	ai11_af3_bb3	AI11_AF3	2	1.2436723709106445	1.2338128089904785	1.141249656677246	1.3160099983215332	1.283617615699768	0.1747603416442871
119	OVA-C4-IPTM90-324	2	ai11_af3_bb3	AI11_AF3	3	1.238598346710205	1.0693037509918213	1.471204161643982	1.1884291172027588	1.2254558801651	0.40190041065216064
120	OVA-C4-IPTM90-148	2	ai11_af3_bb3	AI11_AF3	0	1.3038971424102783	1.197709560394287	1.3240174055099487	1.30595064163208	1.3879109621047974	0.19020140171051025
120	OVA-C4-IPTM90-148	2	ai11_af3_bb3	AI11_AF3	1	1.2826051712036133	1.2959272861480713	1.3098067045211792	1.241059422492981	1.2836277484893799	0.06874728202819824
120	OVA-C4-IPTM90-148	2	ai11_af3_bb3	AI11_AF3	2	1.2914509773254395	1.3245781660079956	1.1944918632507324	1.3317906856536865	1.314943552017212	0.1372988224029541
120	OVA-C4-IPTM90-148	2	ai11_af3_bb3	AI11_AF3	3	1.316770315170288	1.1222636699676514	1.5660996437072754	1.2648248672485352	1.3138926029205322	0.443835973739624
121	OVA-C4-IPTM90-391	2	ai11_af3_bb3	AI11_AF3	0	1.2568930387496948	1.180493950843811	1.25257408618927	1.2306888103485107	1.3638156652450562	0.18332171440124512
121	OVA-C4-IPTM90-391	2	ai11_af3_bb3	AI11_AF3	1	1.2559245824813843	1.2651925086975098	1.237270712852478	1.2609124183654785	1.2603225708007812	0.02792179584503174
121	OVA-C4-IPTM90-391	2	ai11_af3_bb3	AI11_AF3	2	1.2663323879241943	1.2767120599746704	1.1609753370285034	1.271255373954773	1.3563868999481201	0.1954115629196167
121	OVA-C4-IPTM90-391	2	ai11_af3_bb3	AI11_AF3	3	1.2839406728744507	1.1936691999435425	1.4627207517623901	1.1831636428833008	1.2962088584899902	0.27955710887908936
122	OVA-C4-IPTM90-237	2	ai11_af3_bb3	AI11_AF3	0	1.190276026725769	1.081936001777649	1.2062392234802246	1.199337363243103	1.27359139919281	0.19165539741516113
122	OVA-C4-IPTM90-237	2	ai11_af3_bb3	AI11_AF3	1	1.1773072481155396	1.1858829259872437	1.183376669883728	1.1599111557006836	1.180058240890503	0.02597177028656006
122	OVA-C4-IPTM90-237	2	ai11_af3_bb3	AI11_AF3	2	1.197615146636963	1.2280174493789673	1.0896371603012085	1.2472150325775146	1.2255905866622925	0.15757787227630615
122	OVA-C4-IPTM90-237	2	ai11_af3_bb3	AI11_AF3	3	1.2008811235427856	1.0291807651519775	1.4409708976745605	1.1561847925186157	1.1771876811981201	0.411790132522583
123	OVA-C4-IPTM90-430	2	ai11_af3_bb3	AI11_AF3	0	1.2794616222381592	1.2304370403289795	1.186379075050354	1.2673699855804443	1.4336600303649902	0.24728095531463623
123	OVA-C4-IPTM90-430	2	ai11_af3_bb3	AI11_AF3	1	1.299943208694458	1.3458433151245117	1.235725998878479	1.2753245830535889	1.342878818511963	0.11011731624603271
123	OVA-C4-IPTM90-430	2	ai11_af3_bb3	AI11_AF3	2	1.307335376739502	1.358199119567871	1.2260526418685913	1.2824628353118896	1.3626272678375244	0.1365746259689331
123	OVA-C4-IPTM90-430	2	ai11_af3_bb3	AI11_AF3	3	1.3201996088027954	1.2244371175765991	1.507689356803894	1.2431817054748535	1.3054898977279663	0.2832522392272949
124	OVA-C4-IPTM90-204	2	ai11_af3_bb3	AI11_AF3	0	1.1379475593566895	1.0476678609848022	1.1571513414382935	1.1480525732040405	1.198918342590332	0.15125048160552979
124	OVA-C4-IPTM90-204	2	ai11_af3_bb3	AI11_AF3	1	1.1100703477859497	1.1438814401626587	1.1285775899887085	1.0553215742111206	1.1125006675720215	0.08855986595153809
124	OVA-C4-IPTM90-204	2	ai11_af3_bb3	AI11_AF3	2	1.124225378036499	1.1388176679611206	1.027305245399475	1.1689625978469849	1.1618162393569946	0.14165735244750977
124	OVA-C4-IPTM90-204	2	ai11_af3_bb3	AI11_AF3	3	1.1471984386444092	0.9775937795639038	1.3757964372634888	1.1265398263931274	1.1088637113571167	0.39820265769958496
125	OVA-C4-IPTM90-013	2	ai11_af3_bb3	AI11_AF3	0	1.174702763557434	1.1373014450073242	1.1305160522460938	1.1575762033462524	1.273417592048645	0.14290153980255127
125	OVA-C4-IPTM90-013	2	ai11_af3_bb3	AI11_AF3	1	1.1839863061904907	1.1974457502365112	1.1460567712783813	1.186582326889038	1.2058607339859009	0.05980396270751953
125	OVA-C4-IPTM90-013	2	ai11_af3_bb3	AI11_AF3	2	1.1916016340255737	1.2427786588668823	1.0743740797042847	1.1918562650680542	1.2573976516723633	0.1830235719680786
125	OVA-C4-IPTM90-013	2	ai11_af3_bb3	AI11_AF3	3	1.217372179031372	1.1325559616088867	1.3960305452346802	1.1197704076766968	1.2211320400238037	0.2762601375579834
126	OVA-C4-IPTM90-244	2	ai11_af3_bb3	AI11_AF3	0	1.2108139991760254	1.1614042520523071	1.1617748737335205	1.2096370458602905	1.3104397058486938	0.14903545379638672
126	OVA-C4-IPTM90-244	2	ai11_af3_bb3	AI11_AF3	1	1.2258503437042236	1.2264337539672852	1.205356478691101	1.234047532081604	1.2375633716583252	0.03220689296722412
126	OVA-C4-IPTM90-244	2	ai11_af3_bb3	AI11_AF3	2	1.2140897512435913	1.2615376710891724	1.122385025024414	1.2065763473510742	1.2658603191375732	0.14347529411315918
126	OVA-C4-IPTM90-244	2	ai11_af3_bb3	AI11_AF3	3	1.2393827438354492	1.1486612558364868	1.4228713512420654	1.1316331624984741	1.2543648481369019	0.2912381887435913
127	OVA-C4-IPTM90-406	2	ai11_af3_bb3	AI11_AF3	0	1.1701507568359375	1.1116721630096436	1.1575506925582886	1.130979299545288	1.2804006338119507	0.16872847080230713
127	OVA-C4-IPTM90-406	2	ai11_af3_bb3	AI11_AF3	1	1.1819519996643066	1.2009507417678833	1.1586846113204956	1.1819642782211304	1.1862080097198486	0.042266130447387695
127	OVA-C4-IPTM90-406	2	ai11_af3_bb3	AI11_AF3	2	1.1856414079666138	1.1831691265106201	1.10966956615448	1.209980845451355	1.2397462129592896	0.13007664680480957
127	OVA-C4-IPTM90-406	2	ai11_af3_bb3	AI11_AF3	3	1.192980408668518	1.1291128396987915	1.3614375591278076	1.1001412868499756	1.1812299489974976	0.26129627227783203
128	OVA-C4-IPTM90-298	2	ai11_af3_bb3	AI11_AF3	0	1.248265266418457	1.1832104921340942	1.2118704319000244	1.2882816791534424	1.3096988201141357	0.1264883279800415
128	OVA-C4-IPTM90-298	2	ai11_af3_bb3	AI11_AF3	1	1.251546025276184	1.2615015506744385	1.236224889755249	1.254093050956726	1.2543646097183228	0.025276660919189453
128	OVA-C4-IPTM90-298	2	ai11_af3_bb3	AI11_AF3	2	1.2742186784744263	1.2719115018844604	1.1644889116287231	1.3353867530822754	1.3250874280929565	0.17089784145355225
128	OVA-C4-IPTM90-298	2	ai11_af3_bb3	AI11_AF3	3	1.2675639390945435	1.085453987121582	1.5124348402023315	1.2082082033157349	1.2641589641571045	0.4269808530807495
129	OVA-C4-IPTM90-165	2	ai11_af3_bb3	AI11_AF3	0	1.2917938232421875	1.2236924171447754	1.2719292640686035	1.2968178987503052	1.3747361898422241	0.15104377269744873
129	OVA-C4-IPTM90-165	2	ai11_af3_bb3	AI11_AF3	1	1.282299280166626	1.2796598672866821	1.26995849609375	1.2788772583007812	1.30070161819458	0.030743122100830078
129	OVA-C4-IPTM90-165	2	ai11_af3_bb3	AI11_AF3	2	1.2845361232757568	1.3302266597747803	1.1705366373062134	1.333579421043396	1.303801417350769	0.16304278373718262
129	OVA-C4-IPTM90-165	2	ai11_af3_bb3	AI11_AF3	3	1.308993935585022	1.1572022438049316	1.5048549175262451	1.2336994409561157	1.340219259262085	0.3476526737213135
130	OVA-C4-IPTM90-442	2	ai11_af3_bb3	AI11_AF3	0	1.196656346321106	1.0946459770202637	1.2531205415725708	1.1710243225097656	1.2678344249725342	0.1731884479522705
130	OVA-C4-IPTM90-442	2	ai11_af3_bb3	AI11_AF3	1	1.1784577369689941	1.170057773590088	1.2001821994781494	1.138999581336975	1.2045913934707642	0.06559181213378906
130	OVA-C4-IPTM90-442	2	ai11_af3_bb3	AI11_AF3	2	1.1980953216552734	1.2213736772537231	1.0864613056182861	1.2723947763442993	1.2121514081954956	0.18593347072601318
130	OVA-C4-IPTM90-442	2	ai11_af3_bb3	AI11_AF3	3	1.2054004669189453	1.064002275466919	1.4132212400436401	1.130474328994751	1.2139040231704712	0.3492189645767212
131	OVA-C4-IPTM90-203	2	ai11_af3_bb3	AI11_AF3	0	1.2734349966049194	1.1622287034988403	1.2812994718551636	1.2877784967422485	1.3624331951141357	0.2002044916152954
131	OVA-C4-IPTM90-203	2	ai11_af3_bb3	AI11_AF3	1	1.2569937705993652	1.2597113847732544	1.2766752243041992	1.2425304651260376	1.2490580081939697	0.03414475917816162
131	OVA-C4-IPTM90-203	2	ai11_af3_bb3	AI11_AF3	2	1.280569314956665	1.3028126955032349	1.1753628253936768	1.317502498626709	1.32659912109375	0.15123629570007324
131	OVA-C4-IPTM90-203	2	ai11_af3_bb3	AI11_AF3	3	1.2892171144485474	1.110865831375122	1.5239567756652832	1.2437925338745117	1.2782535552978516	0.41309094429016113
132	OVA-C4-IPTM90-344	2	ai11_af3_bb3	AI11_AF3	0	1.1454507112503052	1.0535101890563965	1.1026822328567505	1.1840689182281494	1.2415419816970825	0.18803179264068604
132	OVA-C4-IPTM90-344	2	ai11_af3_bb3	AI11_AF3	1	1.1513614654541016	1.1884163618087769	1.1242458820343018	1.136610507965088	1.1561731100082397	0.0641704797744751
132	OVA-C4-IPTM90-344	2	ai11_af3_bb3	AI11_AF3	2	1.1637709140777588	1.1947296857833862	1.069380760192871	1.204702615737915	1.1862701177597046	0.13532185554504395
132	OVA-C4-IPTM90-344	2	ai11_af3_bb3	AI11_AF3	3	1.1752455234527588	1.0035605430603027	1.4145411252975464	1.1515623331069946	1.1313180923461914	0.41098058223724365
133	OVA-C4-IPTM90-150	2	ai11_af3_bb3	AI11_AF3	0	1.243890643119812	1.1630457639694214	1.1979676485061646	1.269303321838379	1.3452457189559937	0.18219995498657227
133	OVA-C4-IPTM90-150	2	ai11_af3_bb3	AI11_AF3	1	1.2402515411376953	1.2643848657608032	1.2203212976455688	1.1963273286819458	1.2799726724624634	0.08364534378051758
133	OVA-C4-IPTM90-150	2	ai11_af3_bb3	AI11_AF3	2	1.2543262243270874	1.3037739992141724	1.1578327417373657	1.271633505821228	1.2840642929077148	0.14594125747680664
133	OVA-C4-IPTM90-150	2	ai11_af3_bb3	AI11_AF3	3	1.2744507789611816	1.1104812622070312	1.5070527791976929	1.2324204444885254	1.247848629951477	0.3965715169906616
134	OVA-C4-IPTM90-359	2	ai11_af3_bb3	AI11_AF3	0	1.1446123123168945	1.0306510925292969	1.1701910495758057	1.163439154624939	1.2141681909561157	0.18351709842681885
134	OVA-C4-IPTM90-359	2	ai11_af3_bb3	AI11_AF3	1	1.136867642402649	1.141513466835022	1.1637376546859741	1.120876669883728	1.1213428974151611	0.042860984802246094
134	OVA-C4-IPTM90-359	2	ai11_af3_bb3	AI11_AF3	2	1.146134376525879	1.157390832901001	1.0597964525222778	1.1947225332260132	1.1726276874542236	0.13492608070373535
134	OVA-C4-IPTM90-359	2	ai11_af3_bb3	AI11_AF3	3	1.1635875701904297	1.006295084953308	1.398776888847351	1.1150767803192139	1.1342015266418457	0.39248180389404297
135	OVA-C4-IPTM90-050	2	ai11_af3_bb3	AI11_AF3	0	1.2003607749938965	1.1511808633804321	1.1525659561157227	1.1877696514129639	1.3099265098571777	0.1587456464767456
135	OVA-C4-IPTM90-050	2	ai11_af3_bb3	AI11_AF3	1	1.2162636518478394	1.2363717555999756	1.1664663553237915	1.2219001054763794	1.2403161525726318	0.07384979724884033
135	OVA-C4-IPTM90-050	2	ai11_af3_bb3	AI11_AF3	2	1.2324843406677246	1.271489143371582	1.1065778732299805	1.2379597425460815	1.3139102458953857	0.20733237266540527
135	OVA-C4-IPTM90-050	2	ai11_af3_bb3	AI11_AF3	3	1.2379730939865112	1.1439602375030518	1.4218134880065918	1.1418733596801758	1.2442452907562256	0.279940128326416
136	OVA-C4-IPTM90-205	2	ai11_af3_bb3	AI11_AF3	0	1.2131989002227783	1.1179304122924805	1.2325392961502075	1.2106080055236816	1.291717767715454	0.17378735542297363
136	OVA-C4-IPTM90-205	2	ai11_af3_bb3	AI11_AF3	1	1.2046029567718506	1.194563865661621	1.2241171598434448	1.194804310798645	1.2049267292022705	0.02955329418182373
136	OVA-C4-IPTM90-205	2	ai11_af3_bb3	AI11_AF3	2	1.200120449066162	1.2214136123657227	1.1109082698822021	1.2609727382659912	1.2071870565414429	0.15006446838378906
136	OVA-C4-IPTM90-205	2	ai11_af3_bb3	AI11_AF3	3	1.2118513584136963	1.0624680519104004	1.437663197517395	1.1462355852127075	1.2010382413864136	0.37519514560699463
137	OVA-C4-IPTM90-086	2	ai11_af3_bb3	AI11_AF3	0	1.1840384006500244	1.1339216232299805	1.1223067045211792	1.1804157495498657	1.2995096445083618	0.17720293998718262
137	OVA-C4-IPTM90-086	2	ai11_af3_bb3	AI11_AF3	1	1.1888551712036133	1.2132827043533325	1.1409307718276978	1.1810071468353271	1.2202003002166748	0.07926952838897705
137	OVA-C4-IPTM90-086	2	ai11_af3_bb3	AI11_AF3	2	1.1984249353408813	1.2588717937469482	1.0994409322738647	1.1816432476043701	1.2537440061569214	0.1594308614730835
137	OVA-C4-IPTM90-086	2	ai11_af3_bb3	AI11_AF3	3	1.2258117198944092	1.1373367309570312	1.4103964567184448	1.1320524215698242	1.2234611511230469	0.2783440351486206
138	OVA-C4-IPTM90-273	2	ai11_af3_bb3	AI11_AF3	0	1.1652722358703613	1.0834729671478271	1.137604832649231	1.2018314599990845	1.2381798028945923	0.15470683574676514
138	OVA-C4-IPTM90-273	2	ai11_af3_bb3	AI11_AF3	1	1.1668648719787598	1.1829242706298828	1.1690477132797241	1.159450888633728	1.156036376953125	0.026887893676757812
138	OVA-C4-IPTM90-273	2	ai11_af3_bb3	AI11_AF3	2	1.1861659288406372	1.2241003513336182	1.0768234729766846	1.2160032987594604	1.227736473083496	0.15091300010681152
138	OVA-C4-IPTM90-273	2	ai11_af3_bb3	AI11_AF3	3	1.1950252056121826	1.0156668424606323	1.440040111541748	1.1575193405151367	1.166874647140503	0.4243732690811157
139	OVA-C4-IPTM90-075	2	ai11_af3_bb3	AI11_AF3	0	1.2784839868545532	1.216973066329956	1.2816951274871826	1.2390815019607544	1.3761860132217407	0.15921294689178467
139	OVA-C4-IPTM90-075	2	ai11_af3_bb3	AI11_AF3	1	1.2744570970535278	1.2784204483032227	1.2522004842758179	1.2632640600204468	1.3039432764053345	0.0517427921295166
139	OVA-C4-IPTM90-075	2	ai11_af3_bb3	AI11_AF3	2	1.2853899002075195	1.3196206092834473	1.1795451641082764	1.2897142171859741	1.3526803255081177	0.1731351613998413
139	OVA-C4-IPTM90-075	2	ai11_af3_bb3	AI11_AF3	3	1.3095391988754272	1.224880337715149	1.478482961654663	1.2003452777862549	1.3344478607177734	0.2781376838684082
140	OVA-C4-IPTM90-309	2	ai11_af3_bb3	AI11_AF3	0	1.2746663093566895	1.1649420261383057	1.2784628868103027	1.2835571765899658	1.371703028678894	0.20676100254058838
140	OVA-C4-IPTM90-309	2	ai11_af3_bb3	AI11_AF3	1	1.27021324634552	1.291466236114502	1.2634166479110718	1.2496466636657715	1.276323914527893	0.04181957244873047
140	OVA-C4-IPTM90-309	2	ai11_af3_bb3	AI11_AF3	2	1.2841460704803467	1.302816390991211	1.1933637857437134	1.3287125825881958	1.3116916418075562	0.13534879684448242
140	OVA-C4-IPTM90-309	2	ai11_af3_bb3	AI11_AF3	3	1.296891450881958	1.1347917318344116	1.528891682624817	1.2543094158172607	1.2695732116699219	0.3940999507904053
141	OVA-C4-IPTM90-277	2	ai11_af3_bb3	AI11_AF3	0	1.259251594543457	1.1693999767303467	1.243239164352417	1.288102149963379	1.336265206336975	0.16686522960662842
141	OVA-C4-IPTM90-277	2	ai11_af3_bb3	AI11_AF3	1	1.2491573095321655	1.2820029258728027	1.2602697610855103	1.2095005512237549	1.2448558807373047	0.07250237464904785
141	OVA-C4-IPTM90-277	2	ai11_af3_bb3	AI11_AF3	2	1.2541332244873047	1.2942472696304321	1.150559663772583	1.287628173828125	1.284097671508789	0.14368760585784912
141	OVA-C4-IPTM90-277	2	ai11_af3_bb3	AI11_AF3	3	1.2859503030776978	1.082850694656372	1.5338692665100098	1.242881417274475	1.2842000722885132	0.4510185718536377
142	OVA-C4-IPTM90-206	2	ai11_af3_bb3	AI11_AF3	0	1.1833817958831787	1.088054895401001	1.199631690979004	1.173101544380188	1.2727396488189697	0.18468475341796875
142	OVA-C4-IPTM90-206	2	ai11_af3_bb3	AI11_AF3	1	1.1654053926467896	1.1828627586364746	1.185726523399353	1.1289808750152588	1.1640514135360718	0.05674564838409424
142	OVA-C4-IPTM90-206	2	ai11_af3_bb3	AI11_AF3	2	1.1687369346618652	1.1932066679000854	1.0812854766845703	1.2304381132125854	1.1700178384780884	0.14915263652801514
142	OVA-C4-IPTM90-206	2	ai11_af3_bb3	AI11_AF3	3	1.1875249147415161	1.0141565799713135	1.4265787601470947	1.1437541246414185	1.1656103134155273	0.41242218017578125
143	OVA-C4-IPTM90-483	2	ai11_af3_bb3	AI11_AF3	0	0.9337634444236755	0.8664636611938477	0.9123362898826599	0.9209223389625549	1.0353314876556396	0.168867826461792
143	OVA-C4-IPTM90-483	2	ai11_af3_bb3	AI11_AF3	1	0.9229575991630554	0.9411644339561462	0.9469723105430603	0.9147994518280029	0.8888945579528809	0.05807775259017944
143	OVA-C4-IPTM90-483	2	ai11_af3_bb3	AI11_AF3	2	0.9286676645278931	0.9263572692871094	0.8363388180732727	0.9778193235397339	0.9741553664207458	0.14148050546646118
143	OVA-C4-IPTM90-483	2	ai11_af3_bb3	AI11_AF3	3	0.9335960745811462	0.8025340437889099	1.1223902702331543	0.8943591713905334	0.9151010513305664	0.3198562264442444
144	OVA-C4-IPTM90-421	2	ai11_af3_bb3	AI11_AF3	0	1.2406635284423828	1.1965413093566895	1.1994538307189941	1.2642121315002441	1.3024466037750244	0.10590529441833496
144	OVA-C4-IPTM90-421	2	ai11_af3_bb3	AI11_AF3	1	1.238370656967163	1.2612059116363525	1.2000558376312256	1.2317397594451904	1.2604809999465942	0.06115007400512695
144	OVA-C4-IPTM90-421	2	ai11_af3_bb3	AI11_AF3	2	1.255124568939209	1.2774494886398315	1.1436270475387573	1.3198027610778809	1.2796190977096558	0.17617571353912354
144	OVA-C4-IPTM90-421	2	ai11_af3_bb3	AI11_AF3	3	1.2582647800445557	1.0896681547164917	1.486624836921692	1.205833077430725	1.250933289527893	0.3969566822052002
145	OVA-C4-IPTM90-507	2	ai11_af3_bb3	AI11_AF3	0	0.9247190356254578	0.8560682535171509	0.8877221941947937	0.9215215444564819	1.0335640907287598	0.1774958372116089
145	OVA-C4-IPTM90-507	2	ai11_af3_bb3	AI11_AF3	1	0.9134132266044617	0.9256702065467834	0.9334229230880737	0.9038834571838379	0.8906764388084412	0.04274648427963257
145	OVA-C4-IPTM90-507	2	ai11_af3_bb3	AI11_AF3	2	0.9174614548683167	0.9231818914413452	0.8385570049285889	0.953670084476471	0.9544368386268616	0.1158798336982727
145	OVA-C4-IPTM90-507	2	ai11_af3_bb3	AI11_AF3	3	0.9311968684196472	0.7991295456886292	1.1147217750549316	0.9088663458824158	0.902069628238678	0.3155922293663025
146	OVA-C4-IPTM90-381	2	ai11_af3_bb3	AI11_AF3	0	1.2177459001541138	1.1628098487854004	1.194222331047058	1.1675446033477783	1.3464069366455078	0.18359708786010742
146	OVA-C4-IPTM90-381	2	ai11_af3_bb3	AI11_AF3	1	1.227298378944397	1.244604468345642	1.186453104019165	1.2315911054611206	1.2465450763702393	0.06009197235107422
146	OVA-C4-IPTM90-381	2	ai11_af3_bb3	AI11_AF3	2	1.234232783317566	1.2351206541061401	1.143140435218811	1.2637544870376587	1.2949154376983643	0.15177500247955322
146	OVA-C4-IPTM90-381	2	ai11_af3_bb3	AI11_AF3	3	1.2360036373138428	1.1605168581008911	1.416810154914856	1.140627145767212	1.2260605096817017	0.27618300914764404
147	OVA-C4-IPTM90-241	2	ai11_af3_bb3	AI11_AF3	0	1.2289925813674927	1.1338374614715576	1.2005993127822876	1.270425796508789	1.3111072778701782	0.1772698163986206
147	OVA-C4-IPTM90-241	2	ai11_af3_bb3	AI11_AF3	1	1.2240002155303955	1.24713933467865	1.2277227640151978	1.2108933925628662	1.2102453708648682	0.03689396381378174
147	OVA-C4-IPTM90-241	2	ai11_af3_bb3	AI11_AF3	2	1.2434219121932983	1.2733356952667236	1.131318211555481	1.273221492767334	1.2958118915557861	0.16449368000030518
147	OVA-C4-IPTM90-241	2	ai11_af3_bb3	AI11_AF3	3	1.2584432363510132	1.0710376501083374	1.4923136234283447	1.2229065895080566	1.2475148439407349	0.4212759733200073
148	OVA-C4-IPTM90-290	2	ai11_af3_bb3	AI11_AF3	0	1.1750560998916626	1.1075750589370728	1.148202657699585	1.1472638845443726	1.2971830368041992	0.18960797786712646
148	OVA-C4-IPTM90-290	2	ai11_af3_bb3	AI11_AF3	1	1.184040904045105	1.2163362503051758	1.1486209630966187	1.1770610809326172	1.1941450834274292	0.06771528720855713
148	OVA-C4-IPTM90-290	2	ai11_af3_bb3	AI11_AF3	2	1.1853907108306885	1.2048940658569336	1.1200244426727295	1.1964040994644165	1.2202399969100952	0.10021555423736572
148	OVA-C4-IPTM90-290	2	ai11_af3_bb3	AI11_AF3	3	1.1982461214065552	1.1228442192077637	1.3727736473083496	1.118818759918213	1.178547978401184	0.2539548873901367
149	OVA-C4-IPTM90-345	2	ai11_af3_bb3	AI11_AF3	0	1.2720013856887817	1.1835646629333496	1.2484080791473389	1.291841745376587	1.3641903400421143	0.18062567710876465
149	OVA-C4-IPTM90-345	2	ai11_af3_bb3	AI11_AF3	1	1.2635079622268677	1.2815594673156738	1.241175651550293	1.2552725076675415	1.2760242223739624	0.04038381576538086
149	OVA-C4-IPTM90-345	2	ai11_af3_bb3	AI11_AF3	2	1.2816227674484253	1.2850701808929443	1.1971429586410522	1.3485994338989258	1.2956780195236206	0.15145647525787354
149	OVA-C4-IPTM90-345	2	ai11_af3_bb3	AI11_AF3	3	1.2751781940460205	1.1055675745010376	1.5121232271194458	1.2260619401931763	1.2569597959518433	0.4065556526184082
150	OVA-C4-IPTM90-175	2	ai11_af3_bb3	AI11_AF3	0	1.1457539796829224	1.0535956621170044	1.1259833574295044	1.1816858053207397	1.2217509746551514	0.16815531253814697
150	OVA-C4-IPTM90-175	2	ai11_af3_bb3	AI11_AF3	1	1.1435587406158447	1.1727700233459473	1.1335402727127075	1.127488613128662	1.1404361724853516	0.045281410217285156
150	OVA-C4-IPTM90-175	2	ai11_af3_bb3	AI11_AF3	2	1.1602413654327393	1.197463035583496	1.0460816621780396	1.2026745080947876	1.194746732711792	0.15659284591674805
150	OVA-C4-IPTM90-175	2	ai11_af3_bb3	AI11_AF3	3	1.1701998710632324	0.9900490045547485	1.4087698459625244	1.1354482173919678	1.1465322971343994	0.4187208414077759
151	OVA-C4-IPTM90-425	2	ai11_af3_bb3	AI11_AF3	0	1.195713996887207	1.1503496170043945	1.1141881942749023	1.1837764978408813	1.3345417976379395	0.2203536033630371
151	OVA-C4-IPTM90-425	2	ai11_af3_bb3	AI11_AF3	1	1.2071940898895264	1.2420883178710938	1.1577141284942627	1.2207016944885254	1.2082719802856445	0.08437418937683105
151	OVA-C4-IPTM90-425	2	ai11_af3_bb3	AI11_AF3	2	1.2188637256622314	1.2477357387542725	1.109653353691101	1.191615104675293	1.3264509439468384	0.2167975902557373
151	OVA-C4-IPTM90-425	2	ai11_af3_bb3	AI11_AF3	3	1.2335928678512573	1.1234670877456665	1.4217119216918945	1.2006756067276	1.1885164976119995	0.298244833946228
152	OVA-C4-IPTM90-236	2	ai11_af3_bb3	AI11_AF3	0	1.1970752477645874	1.1171656847000122	1.1909877061843872	1.22523832321167	1.2549092769622803	0.13774359226226807
152	OVA-C4-IPTM90-236	2	ai11_af3_bb3	AI11_AF3	1	1.198293924331665	1.1972987651824951	1.2093514204025269	1.1905927658081055	1.1959329843521118	0.018758654594421387
152	OVA-C4-IPTM90-236	2	ai11_af3_bb3	AI11_AF3	2	1.1958118677139282	1.2353569269180298	1.090738296508789	1.236586570739746	1.2205653190612793	0.14584827423095703
152	OVA-C4-IPTM90-236	2	ai11_af3_bb3	AI11_AF3	3	1.213338017463684	1.0457439422607422	1.4537733793258667	1.145390510559082	1.208444356918335	0.4080294370651245
153	OVA-C4-IPTM90-301	2	ai11_af3_bb3	AI11_AF3	0	1.2733678817749023	1.1687486171722412	1.2972136735916138	1.2765142917633057	1.3509953022003174	0.18224668502807617
153	OVA-C4-IPTM90-301	2	ai11_af3_bb3	AI11_AF3	1	1.245187520980835	1.2549333572387695	1.2873388528823853	1.204329490661621	1.234148621559143	0.08300936222076416
153	OVA-C4-IPTM90-301	2	ai11_af3_bb3	AI11_AF3	2	1.2571076154708862	1.2857587337493896	1.1591806411743164	1.2986634969711304	1.2848275899887085	0.13948285579681396
153	OVA-C4-IPTM90-301	2	ai11_af3_bb3	AI11_AF3	3	1.279524564743042	1.0852749347686768	1.514275074005127	1.2319140434265137	1.286633849143982	0.4290001392364502
154	OVA-C4-IPTM90-428	2	ai11_af3_bb3	AI11_AF3	0	0.9866304993629456	0.9618958234786987	0.9103797078132629	0.959343671798706	1.1149022579193115	0.20452255010604858
154	OVA-C4-IPTM90-428	2	ai11_af3_bb3	AI11_AF3	1	0.9832832217216492	1.065500020980835	0.940116822719574	0.9469426870346069	0.9805732369422913	0.125383198261261
154	OVA-C4-IPTM90-428	2	ai11_af3_bb3	AI11_AF3	2	0.9988052248954773	1.030187726020813	0.9296954274177551	0.9927497506141663	1.0425881147384644	0.11289268732070923
154	OVA-C4-IPTM90-428	2	ai11_af3_bb3	AI11_AF3	3	1.0045772790908813	0.9257485270500183	1.1403329372406006	0.9563518166542053	0.9958762526512146	0.21458441019058228
155	OVA-C4-IPTM90-437	2	ai11_af3_bb3	AI11_AF3	0	1.2057679891586304	1.1000313758850098	1.2394648790359497	1.1784101724624634	1.3051656484603882	0.20513427257537842
155	OVA-C4-IPTM90-437	2	ai11_af3_bb3	AI11_AF3	1	1.2055609226226807	1.1948566436767578	1.222619652748108	1.1853080987930298	1.2194591760635376	0.037311553955078125
155	OVA-C4-IPTM90-437	2	ai11_af3_bb3	AI11_AF3	2	1.2187539339065552	1.2033920288085938	1.1357755661010742	1.2988814115524292	1.2369663715362549	0.16310584545135498
155	OVA-C4-IPTM90-437	2	ai11_af3_bb3	AI11_AF3	3	1.223346471786499	1.090004324913025	1.43895423412323	1.1495888233184814	1.2148385047912598	0.3489499092102051
156	OVA-C4-IPTM90-411	2	ai11_af3_bb3	AI11_AF3	0	1.2747209072113037	1.171891689300537	1.2943881750106812	1.2722810506820679	1.3603230714797974	0.18843138217926025
156	OVA-C4-IPTM90-411	2	ai11_af3_bb3	AI11_AF3	1	1.2586129903793335	1.2869975566864014	1.2737343311309814	1.2117773294448853	1.261942744255066	0.07522022724151611
156	OVA-C4-IPTM90-411	2	ai11_af3_bb3	AI11_AF3	2	1.2607120275497437	1.28571617603302	1.1771856546401978	1.309883952140808	1.2700622081756592	0.13269829750061035
156	OVA-C4-IPTM90-411	2	ai11_af3_bb3	AI11_AF3	3	1.2873289585113525	1.1092514991760254	1.5197556018829346	1.2422585487365723	1.2780500650405884	0.4105041027069092
157	OVA-C4-IPTM90-139	2	ai11_af3_bb3	AI11_AF3	0	1.2054591178894043	1.147265076637268	1.142801284790039	1.2035274505615234	1.3282426595687866	0.18544137477874756
157	OVA-C4-IPTM90-139	2	ai11_af3_bb3	AI11_AF3	1	1.218266248703003	1.2512911558151245	1.1563185453414917	1.2175287008285522	1.247926950454712	0.09497261047363281
157	OVA-C4-IPTM90-139	2	ai11_af3_bb3	AI11_AF3	2	1.2324172258377075	1.2943527698516846	1.1172597408294678	1.2242006063461304	1.293855905532837	0.1770930290222168
157	OVA-C4-IPTM90-139	2	ai11_af3_bb3	AI11_AF3	3	1.2434329986572266	1.1374144554138184	1.4344539642333984	1.1608299016952515	1.2410333156585693	0.2970395088195801
158	OVA-C4-IPTM90-418	2	ai11_af3_bb3	AI11_AF3	0	1.3182286024093628	1.2653156518936157	1.257860541343689	1.3063150644302368	1.4434232711791992	0.18556272983551025
158	OVA-C4-IPTM90-418	2	ai11_af3_bb3	AI11_AF3	1	1.3230708837509155	1.3629287481307983	1.2831422090530396	1.2943910360336304	1.351822018623352	0.07978653907775879
158	OVA-C4-IPTM90-418	2	ai11_af3_bb3	AI11_AF3	2	1.3269977569580078	1.3914967775344849	1.2238664627075195	1.3083525896072388	1.3842757940292358	0.16763031482696533
158	OVA-C4-IPTM90-418	2	ai11_af3_bb3	AI11_AF3	3	1.3596863746643066	1.230675220489502	1.5604233741760254	1.2672713994979858	1.3803757429122925	0.32974815368652344
159	OVA-C4-IPTM90-497	2	ai11_af3_bb3	AI11_AF3	0	0.979396641254425	0.9674407839775085	0.9099355340003967	0.9211279153823853	1.1190823316574097	0.20914679765701294
159	OVA-C4-IPTM90-497	2	ai11_af3_bb3	AI11_AF3	1	0.9802961349487305	1.0272284746170044	0.9614965319633484	0.9856109023094177	0.9468488693237305	0.08037960529327393
159	OVA-C4-IPTM90-497	2	ai11_af3_bb3	AI11_AF3	2	0.9844297170639038	0.9986261129379272	0.9112045764923096	0.9921725392341614	1.0357155799865723	0.1245110034942627
159	OVA-C4-IPTM90-497	2	ai11_af3_bb3	AI11_AF3	3	0.9943039417266846	0.938849151134491	1.1305230855941772	0.9105234146118164	0.9973199963569641	0.21999967098236084
160	OVA-C4-IPTM90-431	2	ai11_af3_bb3	AI11_AF3	0	1.169406771659851	1.1255288124084473	1.1067595481872559	1.1490695476531982	1.296269416809082	0.18950986862182617
160	OVA-C4-IPTM90-431	2	ai11_af3_bb3	AI11_AF3	1	1.181130290031433	1.2092205286026	1.1476002931594849	1.1972144842147827	1.1704860925674438	0.061620235443115234
160	OVA-C4-IPTM90-431	2	ai11_af3_bb3	AI11_AF3	2	1.1928300857543945	1.1960821151733398	1.0720419883728027	1.185007929801941	1.3181889057159424	0.24614691734313965
160	OVA-C4-IPTM90-431	2	ai11_af3_bb3	AI11_AF3	3	1.206416368484497	1.1097769737243652	1.3818892240524292	1.1615843772888184	1.1724148988723755	0.27211225032806396
161	OVA-C4-IPTM90-315	2	ai11_af3_bb3	AI11_AF3	0	1.1980713605880737	1.144901156425476	1.1723726987838745	1.1610215902328491	1.3139901161193848	0.1690889596939087
161	OVA-C4-IPTM90-315	2	ai11_af3_bb3	AI11_AF3	1	1.1975350379943848	1.2266652584075928	1.1515414714813232	1.1790224313735962	1.2329102754592896	0.08136880397796631
161	OVA-C4-IPTM90-315	2	ai11_af3_bb3	AI11_AF3	2	1.2037065029144287	1.2424629926681519	1.1372709274291992	1.2032657861709595	1.2318264245986938	0.10519206523895264
161	OVA-C4-IPTM90-315	2	ai11_af3_bb3	AI11_AF3	3	1.220519781112671	1.1538703441619873	1.3900436162948608	1.129947543144226	1.2082176208496094	0.26009607315063477
162	OVA-C4-IPTM90-069	2	ai11_af3_bb3	AI11_AF3	0	1.1747636795043945	1.1344804763793945	1.113053560256958	1.1497770547866821	1.3017442226409912	0.1886906623840332
162	OVA-C4-IPTM90-069	2	ai11_af3_bb3	AI11_AF3	1	1.1943998336791992	1.2336311340332031	1.1369094848632812	1.1992082595825195	1.2078503370285034	0.09672164916992188
162	OVA-C4-IPTM90-069	2	ai11_af3_bb3	AI11_AF3	2	1.202693223953247	1.2233881950378418	1.1024234294891357	1.2192689180374146	1.2656922340393066	0.1632688045501709
162	OVA-C4-IPTM90-069	2	ai11_af3_bb3	AI11_AF3	3	1.2094048261642456	1.1352728605270386	1.3856505155563354	1.1206769943237305	1.1960188150405884	0.264973521232605
163	OVA-C4-IPTM90-228	2	ai11_af3_bb3	AI11_AF3	0	0.9526889324188232	0.9140470623970032	0.9099121689796448	0.9196544289588928	1.067142128944397	0.1572299599647522
163	OVA-C4-IPTM90-228	2	ai11_af3_bb3	AI11_AF3	1	0.941593587398529	0.9731450080871582	0.9447364211082458	0.9191774129867554	0.9293157458305359	0.05396759510040283
163	OVA-C4-IPTM90-228	2	ai11_af3_bb3	AI11_AF3	2	0.9487411975860596	0.9266965389251709	0.8701697587966919	0.9886523485183716	1.009446144104004	0.139276385307312
163	OVA-C4-IPTM90-228	2	ai11_af3_bb3	AI11_AF3	3	0.9532419443130493	0.8409095406532288	1.1081639528274536	0.9079241156578064	0.9559701681137085	0.26725441217422485
164	OVA-C4-IPTM90-450	2	ai11_af3_bb3	AI11_AF3	0	0.9859240651130676	0.9625844955444336	0.9181638360023499	0.9293867349624634	1.133561134338379	0.21539729833602905
164	OVA-C4-IPTM90-450	2	ai11_af3_bb3	AI11_AF3	1	0.9819201827049255	1.036592721939087	0.9529006481170654	0.982562780380249	0.9556246995925903	0.08369207382202148
164	OVA-C4-IPTM90-450	2	ai11_af3_bb3	AI11_AF3	2	0.9896416068077087	0.998010516166687	0.9121189713478088	0.9961021542549133	1.0523350238800049	0.14021605253219604
164	OVA-C4-IPTM90-450	2	ai11_af3_bb3	AI11_AF3	3	0.9906999468803406	0.9364248514175415	1.1186972856521606	0.9080775380134583	0.9995999932289124	0.2106197476387024
165	OVA-C4-IPTM90-067	2	ai11_af3_bb3	AI11_AF3	0	1.2001121044158936	1.161305546760559	1.1920340061187744	1.142111897468567	1.3049968481063843	0.16288495063781738
165	OVA-C4-IPTM90-067	2	ai11_af3_bb3	AI11_AF3	1	1.1932836771011353	1.2405117750167847	1.142408847808838	1.1750916242599487	1.2151230573654175	0.09810292720794678
165	OVA-C4-IPTM90-067	2	ai11_af3_bb3	AI11_AF3	2	1.201924204826355	1.2372066974639893	1.1074209213256836	1.2255754470825195	1.2374935150146484	0.13007259368896484
165	OVA-C4-IPTM90-067	2	ai11_af3_bb3	AI11_AF3	3	1.2175140380859375	1.1530109643936157	1.3770471811294556	1.1161680221557617	1.2238298654556274	0.26087915897369385
166	OVA-C4-IPTM90-451	2	ai11_af3_bb3	AI11_AF3	0	1.285201907157898	1.2266311645507812	1.2097314596176147	1.2812265157699585	1.4232187271118164	0.21348726749420166
166	OVA-C4-IPTM90-451	2	ai11_af3_bb3	AI11_AF3	1	1.2918428182601929	1.2881439924240112	1.3153096437454224	1.2994991540908813	1.264418601989746	0.05089104175567627
166	OVA-C4-IPTM90-451	2	ai11_af3_bb3	AI11_AF3	2	1.3094147443771362	1.301706314086914	1.2426633834838867	1.3754562139511108	1.3178330659866333	0.13279283046722412
166	OVA-C4-IPTM90-451	2	ai11_af3_bb3	AI11_AF3	3	1.3235585689544678	1.187223196029663	1.5303019285202026	1.2548004388809204	1.3219091892242432	0.34307873249053955
167	OVA-C4-IPTM90-377	2	ai11_af3_bb3	AI11_AF3	0	1.267869472503662	1.172343373298645	1.2579524517059326	1.3068441152572632	1.334337830543518	0.16199445724487305
167	OVA-C4-IPTM90-377	2	ai11_af3_bb3	AI11_AF3	1	1.2642771005630493	1.2769477367401123	1.2765142917633057	1.2468633651733398	1.2567826509475708	0.03008437156677246
167	OVA-C4-IPTM90-377	2	ai11_af3_bb3	AI11_AF3	2	1.2596211433410645	1.2911564111709595	1.1535428762435913	1.2981847524642944	1.2956006526947021	0.14464187622070312
167	OVA-C4-IPTM90-377	2	ai11_af3_bb3	AI11_AF3	3	1.2885186672210693	1.1115554571151733	1.5172539949417114	1.2254503965377808	1.2998151779174805	0.4056985378265381
168	OVA-C4-IPTM90-195	2	ai11_af3_bb3	AI11_AF3	0	1.2847087383270264	1.171764612197876	1.2988734245300293	1.2944395542144775	1.3737568855285645	0.20199227333068848
168	OVA-C4-IPTM90-195	2	ai11_af3_bb3	AI11_AF3	1	1.2597993612289429	1.2756356000900269	1.260257363319397	1.2250051498413086	1.2782995700836182	0.05329442024230957
168	OVA-C4-IPTM90-195	2	ai11_af3_bb3	AI11_AF3	2	1.2801148891448975	1.318110704421997	1.1732734441757202	1.3164913654327393	1.3125842809677124	0.14483726024627686
168	OVA-C4-IPTM90-195	2	ai11_af3_bb3	AI11_AF3	3	1.3046996593475342	1.139235019683838	1.5359904766082764	1.2458010911941528	1.29777193069458	0.3967554569244385
169	OVA-C4-IPTM90-438	2	ai11_af3_bb3	AI11_AF3	0	1.1692105531692505	1.090571403503418	1.1523727178573608	1.1931195259094238	1.2407784461975098	0.1502070426940918
169	OVA-C4-IPTM90-438	2	ai11_af3_bb3	AI11_AF3	1	1.1714402437210083	1.182939887046814	1.1749813556671143	1.162340521812439	1.1654995679855347	0.020599365234375
169	OVA-C4-IPTM90-438	2	ai11_af3_bb3	AI11_AF3	2	1.1635606288909912	1.1910396814346313	1.0680068731307983	1.2173044681549072	1.177891731262207	0.1492975950241089
169	OVA-C4-IPTM90-438	2	ai11_af3_bb3	AI11_AF3	3	1.1816186904907227	1.0237867832183838	1.4059606790542603	1.1265374422073364	1.1701898574829102	0.38217389583587646
170	OVA-C4-IPTM90-341	2	ai11_af3_bb3	AI11_AF3	0	1.2072290182113647	1.1156437397003174	1.2420393228530884	1.206251859664917	1.2649811506271362	0.14933741092681885
170	OVA-C4-IPTM90-341	2	ai11_af3_bb3	AI11_AF3	1	1.1880509853363037	1.2038565874099731	1.2041388750076294	1.1557351350784302	1.1884735822677612	0.04840373992919922
170	OVA-C4-IPTM90-341	2	ai11_af3_bb3	AI11_AF3	2	1.1948477029800415	1.2377121448516846	1.0951728820800781	1.2340513467788696	1.2124550342559814	0.14253926277160645
170	OVA-C4-IPTM90-341	2	ai11_af3_bb3	AI11_AF3	3	1.2140376567840576	1.0264428853988647	1.471458077430725	1.1634501218795776	1.1947996616363525	0.44501519203186035
171	OVA-C4-IPTM90-323	2	ai11_af3_bb3	AI11_AF3	0	1.1884894371032715	1.14740788936615	1.1341800689697266	1.1672472953796387	1.3051228523254395	0.1709427833557129
171	OVA-C4-IPTM90-323	2	ai11_af3_bb3	AI11_AF3	1	1.199087381362915	1.1745370626449585	1.2396081686019897	1.2183723449707031	1.163832187652588	0.07577598094940186
171	OVA-C4-IPTM90-323	2	ai11_af3_bb3	AI11_AF3	2	1.2186915874481201	1.1885550022125244	1.1421550512313843	1.306308388710022	1.237748384475708	0.1641533374786377
171	OVA-C4-IPTM90-323	2	ai11_af3_bb3	AI11_AF3	3	1.2225168943405151	1.1087660789489746	1.426214575767517	1.1361439228057861	1.2189429998397827	0.3174484968185425
172	OVA-C4-IPTM90-017	2	ai11_af3_bb3	AI11_AF3	0	1.1570273637771606	1.06947922706604	1.1835236549377441	1.141638994216919	1.23346745967865	0.16398823261260986
172	OVA-C4-IPTM90-017	2	ai11_af3_bb3	AI11_AF3	1	1.139204740524292	1.1462547779083252	1.142403483390808	1.1200529336929321	1.1481075286865234	0.02805459499359131
172	OVA-C4-IPTM90-017	2	ai11_af3_bb3	AI11_AF3	2	1.153398036956787	1.1754772663116455	1.0361863374710083	1.2268004417419434	1.1751285791397095	0.19061410427093506
172	OVA-C4-IPTM90-017	2	ai11_af3_bb3	AI11_AF3	3	1.169240117073059	1.0267577171325684	1.3839386701583862	1.1156760454177856	1.1505881547927856	0.35718095302581787
173	OVA-C4-IPTM90-506	2	ai11_af3_bb3	AI11_AF3	0	1.1754897832870483	1.0980883836746216	1.1405067443847656	1.1982191801071167	1.265144944190979	0.16705656051635742
173	OVA-C4-IPTM90-506	2	ai11_af3_bb3	AI11_AF3	1	1.1771312952041626	1.2045480012893677	1.1540948152542114	1.1839039325714111	1.1659786701202393	0.05045318603515625
173	OVA-C4-IPTM90-506	2	ai11_af3_bb3	AI11_AF3	2	1.1979249715805054	1.2543152570724487	1.074215054512024	1.2202060222625732	1.2429640293121338	0.1801002025604248
173	OVA-C4-IPTM90-506	2	ai11_af3_bb3	AI11_AF3	3	1.2050588130950928	1.0431571006774902	1.438575267791748	1.17422354221344	1.1642791032791138	0.3954181671142578
174	OVA-C4-IPTM90-274	2	ai11_af3_bb3	AI11_AF3	0	1.2554126977920532	1.1381691694259644	1.2921267747879028	1.2653037309646606	1.3260514736175537	0.18788230419158936
174	OVA-C4-IPTM90-274	2	ai11_af3_bb3	AI11_AF3	1	1.245709776878357	1.254481554031372	1.2652740478515625	1.2254780530929565	1.2376056909561157	0.03979599475860596
174	OVA-C4-IPTM90-274	2	ai11_af3_bb3	AI11_AF3	2	1.2623969316482544	1.259954571723938	1.1507066488265991	1.320688247680664	1.3182382583618164	0.16998159885406494
174	OVA-C4-IPTM90-274	2	ai11_af3_bb3	AI11_AF3	3	1.2783594131469727	1.1209651231765747	1.5037575960159302	1.2136791944503784	1.2750358581542969	0.38279247283935547
175	OVA-C4-IPTM90-281	2	ai11_af3_bb3	AI11_AF3	0	1.1712236404418945	1.0995054244995117	1.1509456634521484	1.1823621988296509	1.2520813941955566	0.15257596969604492
175	OVA-C4-IPTM90-281	2	ai11_af3_bb3	AI11_AF3	1	1.1783288717269897	1.1888014078140259	1.1709833145141602	1.1963244676589966	1.1572060585021973	0.039118409156799316
175	OVA-C4-IPTM90-281	2	ai11_af3_bb3	AI11_AF3	2	1.198847770690918	1.228253722190857	1.067306637763977	1.2354469299316406	1.2643837928771973	0.19707715511322021
175	OVA-C4-IPTM90-281	2	ai11_af3_bb3	AI11_AF3	3	1.2059390544891357	1.0629463195800781	1.4396679401397705	1.1541571617126465	1.1669844388961792	0.3767216205596924
176	OVA-C4-IPTM90-464	2	ai11_af3_bb3	AI11_AF3	0	1.1434528827667236	1.0839710235595703	1.1302024126052856	1.1704939603805542	1.1891440153121948	0.10517299175262451
176	OVA-C4-IPTM90-464	2	ai11_af3_bb3	AI11_AF3	1	1.1230171918869019	1.180212140083313	1.1163169145584106	1.050925374031067	1.1446141004562378	0.1292867660522461
176	OVA-C4-IPTM90-464	2	ai11_af3_bb3	AI11_AF3	2	1.1295740604400635	1.1468815803527832	1.0562740564346313	1.1815358400344849	1.1336050033569336	0.12526178359985352
176	OVA-C4-IPTM90-464	2	ai11_af3_bb3	AI11_AF3	3	1.1454896926879883	1.0009386539459229	1.3633289337158203	1.0957210063934326	1.121970534324646	0.36239027976989746
177	OVA-C4-IPTM90-495	2	ai11_af3_bb3	AI11_AF3	0	1.165220022201538	1.0900170803070068	1.1535414457321167	1.1905574798583984	1.2267639636993408	0.13674688339233398
177	OVA-C4-IPTM90-495	2	ai11_af3_bb3	AI11_AF3	1	1.155126929283142	1.178109884262085	1.1798372268676758	1.1212459802627563	1.1413145065307617	0.058591246604919434
177	OVA-C4-IPTM90-495	2	ai11_af3_bb3	AI11_AF3	2	1.162729024887085	1.2071603536605835	1.0607162714004517	1.1971546411514282	1.1858850717544556	0.14644408226013184
177	OVA-C4-IPTM90-495	2	ai11_af3_bb3	AI11_AF3	3	1.1854326725006104	0.9900286793708801	1.4306721687316895	1.1458375453948975	1.1751919984817505	0.4406434893608093
178	OVA-C4-IPTM90-271	2	ai11_af3_bb3	AI11_AF3	0	1.3012721538543701	1.2413196563720703	1.2947953939437866	1.2589386701583862	1.4100351333618164	0.1687154769897461
178	OVA-C4-IPTM90-271	2	ai11_af3_bb3	AI11_AF3	1	1.2894961833953857	1.2975025177001953	1.2636417150497437	1.2768141031265259	1.3200266361236572	0.056384921073913574
178	OVA-C4-IPTM90-271	2	ai11_af3_bb3	AI11_AF3	2	1.3053381443023682	1.340794563293457	1.1833091974258423	1.3140548467636108	1.383193850517273	0.19988465309143066
178	OVA-C4-IPTM90-271	2	ai11_af3_bb3	AI11_AF3	3	1.327599048614502	1.2300548553466797	1.4943301677703857	1.223140835762024	1.362870216369629	0.2711893320083618
179	OVA-C4-IPTM90-248	2	ai11_af3_bb3	AI11_AF3	0	1.3123172521591187	1.2341935634613037	1.3064239025115967	1.2838451862335205	1.4248067140579224	0.19061315059661865
179	OVA-C4-IPTM90-248	2	ai11_af3_bb3	AI11_AF3	1	1.3190149068832397	1.334612488746643	1.2881848812103271	1.310534119606018	1.3427282571792603	0.054543375968933105
179	OVA-C4-IPTM90-248	2	ai11_af3_bb3	AI11_AF3	2	1.3336820602416992	1.353248953819275	1.2227336168289185	1.3418339490890503	1.4169114828109741	0.19417786598205566
179	OVA-C4-IPTM90-248	2	ai11_af3_bb3	AI11_AF3	3	1.3491541147232056	1.258968472480774	1.5304162502288818	1.2374051809310913	1.369827151298523	0.2930110692977905
180	OVA-C4-IPTM90-388	2	ai11_af3_bb3	AI11_AF3	0	1.2321991920471191	1.1510807275772095	1.1854604482650757	1.286149024963379	1.3061062097549438	0.15502548217773438
180	OVA-C4-IPTM90-388	2	ai11_af3_bb3	AI11_AF3	1	1.2299085855484009	1.259336233139038	1.2050532102584839	1.2211979627609253	1.2340470552444458	0.0542830228805542
180	OVA-C4-IPTM90-388	2	ai11_af3_bb3	AI11_AF3	2	1.2474775314331055	1.2637367248535156	1.1478080749511719	1.3010923862457275	1.277273178100586	0.15328431129455566
180	OVA-C4-IPTM90-388	2	ai11_af3_bb3	AI11_AF3	3	1.2518367767333984	1.0597143173217773	1.4972375631332397	1.2069931030273438	1.2434020042419434	0.4375232458114624
181	OVA-C4-IPTM90-412	2	ai11_af3_bb3	AI11_AF3	0	1.2130464315414429	1.163953185081482	1.195998191833496	1.170142650604248	1.3220916986465454	0.15813851356506348
181	OVA-C4-IPTM90-412	2	ai11_af3_bb3	AI11_AF3	1	1.224027156829834	1.2434828281402588	1.1917669773101807	1.223199725151062	1.237659215927124	0.051715850830078125
181	OVA-C4-IPTM90-412	2	ai11_af3_bb3	AI11_AF3	2	1.2367312908172607	1.2499052286148071	1.148935317993164	1.2524380683898926	1.295646071434021	0.14671075344085693
181	OVA-C4-IPTM90-412	2	ai11_af3_bb3	AI11_AF3	3	1.2354282140731812	1.1655974388122559	1.4044561386108398	1.1414941549301147	1.2301645278930664	0.2629619836807251
182	OVA-C4-IPTM90-146	2	ai11_af3_bb3	AI11_AF3	0	1.1903505325317383	1.0804251432418823	1.2154825925827026	1.200329303741455	1.2651653289794922	0.18474018573760986
182	OVA-C4-IPTM90-146	2	ai11_af3_bb3	AI11_AF3	1	1.1829828023910522	1.1919233798980713	1.1892001628875732	1.1650210618972778	1.185786485671997	0.026902318000793457
182	OVA-C4-IPTM90-146	2	ai11_af3_bb3	AI11_AF3	2	1.199082851409912	1.2255682945251465	1.0989428758621216	1.2467530965805054	1.225067138671875	0.1478102207183838
182	OVA-C4-IPTM90-146	2	ai11_af3_bb3	AI11_AF3	3	1.2094618082046509	1.050202488899231	1.4525858163833618	1.1534545421600342	1.1816043853759766	0.40238332748413086
183	OVA-C4-IPTM90-444	2	ai11_af3_bb3	AI11_AF3	0	1.2025130987167358	1.1314576864242554	1.20306396484375	1.1734784841537476	1.3020519018173218	0.1705942153930664
183	OVA-C4-IPTM90-444	2	ai11_af3_bb3	AI11_AF3	1	1.1978154182434082	1.2146254777908325	1.1959640979766846	1.1702040433883667	1.2104684114456177	0.04442143440246582
183	OVA-C4-IPTM90-444	2	ai11_af3_bb3	AI11_AF3	2	1.1929221153259277	1.231703281402588	1.1147935390472412	1.1978471279144287	1.2273446321487427	0.11690974235534668
183	OVA-C4-IPTM90-444	2	ai11_af3_bb3	AI11_AF3	3	1.223594307899475	1.11777925491333	1.4136602878570557	1.12759268283844	1.2353451251983643	0.2958810329437256
184	OVA-C4-IPTM90-354	2	ai11_af3_bb3	AI11_AF3	0	0.9587627053260803	0.9069668650627136	0.9095441102981567	0.9420611262321472	1.0764788389205933	0.16951197385787964
184	OVA-C4-IPTM90-354	2	ai11_af3_bb3	AI11_AF3	1	0.9511994123458862	0.989503026008606	0.9565303325653076	0.9191161394119263	0.9396488666534424	0.07038688659667969
184	OVA-C4-IPTM90-354	2	ai11_af3_bb3	AI11_AF3	2	0.9503061771392822	0.9255284667015076	0.8919665217399597	0.9736692309379578	1.0100605487823486	0.11809402704238892
184	OVA-C4-IPTM90-354	2	ai11_af3_bb3	AI11_AF3	3	0.9660176038742065	0.8416900634765625	1.1312053203582764	0.9363815784454346	0.9547934532165527	0.28951525688171387
185	OVA-C4-IPTM90-481	2	ai11_af3_bb3	AI11_AF3	0	1.2505276203155518	1.1546193361282349	1.2591243982315063	1.2696110010147095	1.3187559843063354	0.16413664817810059
185	OVA-C4-IPTM90-481	2	ai11_af3_bb3	AI11_AF3	1	1.2367947101593018	1.2407878637313843	1.2425190210342407	1.2291741371154785	1.2346980571746826	0.013344883918762207
185	OVA-C4-IPTM90-481	2	ai11_af3_bb3	AI11_AF3	2	1.2589648962020874	1.240817904472351	1.155807375907898	1.3402647972106934	1.2989691495895386	0.1844574213027954
185	OVA-C4-IPTM90-481	2	ai11_af3_bb3	AI11_AF3	3	1.2535854578018188	1.0866426229476929	1.4851609468460083	1.1856720447540283	1.2568659782409668	0.39851832389831543
186	OVA-C4-IPTM90-441	2	ai11_af3_bb3	AI11_AF3	0	1.1606448888778687	1.0605063438415527	1.20252525806427	1.1678028106689453	1.2117451429367065	0.1512387990951538
186	OVA-C4-IPTM90-441	2	ai11_af3_bb3	AI11_AF3	1	1.1486576795578003	1.1509356498718262	1.178743839263916	1.129428744316101	1.135522723197937	0.04931509494781494
186	OVA-C4-IPTM90-441	2	ai11_af3_bb3	AI11_AF3	2	1.1703557968139648	1.1765176057815552	1.05683171749115	1.228777527809143	1.2192963361740112	0.17194581031799316
186	OVA-C4-IPTM90-441	2	ai11_af3_bb3	AI11_AF3	3	1.172078251838684	1.0166797637939453	1.387503743171692	1.1175912618637085	1.166538119316101	0.3708239793777466
187	OVA-C4-IPTM90-121	2	ai11_af3_bb3	AI11_AF3	0	1.1797165870666504	1.1303043365478516	1.1036882400512695	1.166050672531128	1.3188228607177734	0.2151346206665039
187	OVA-C4-IPTM90-121	2	ai11_af3_bb3	AI11_AF3	1	1.1964833736419678	1.2490414381027222	1.127011775970459	1.194279670715332	1.2156002521514893	0.12202966213226318
187	OVA-C4-IPTM90-121	2	ai11_af3_bb3	AI11_AF3	2	1.2023818492889404	1.2449754476547241	1.1127008199691772	1.2056832313537598	1.2461678981781006	0.13346707820892334
187	OVA-C4-IPTM90-121	2	ai11_af3_bb3	AI11_AF3	3	1.2147096395492554	1.1289559602737427	1.3968613147735596	1.1394288539886475	1.1935925483703613	0.2679053544998169
188	OVA-C4-IPTM90-179	2	ai11_af3_bb3	AI11_AF3	0	1.1844664812088013	1.0903103351593018	1.199643850326538	1.1809512376785278	1.2669600248336792	0.17664968967437744
188	OVA-C4-IPTM90-179	2	ai11_af3_bb3	AI11_AF3	1	1.1692006587982178	1.1862621307373047	1.1578850746154785	1.1382532119750977	1.1944022178649902	0.05614900588989258
188	OVA-C4-IPTM90-179	2	ai11_af3_bb3	AI11_AF3	2	1.1851705312728882	1.2197843790054321	1.0933016538619995	1.2337708473205566	1.1938252449035645	0.14046919345855713
188	OVA-C4-IPTM90-179	2	ai11_af3_bb3	AI11_AF3	3	1.1997201442718506	1.0587434768676758	1.4233163595199585	1.1446714401245117	1.1721495389938354	0.3645728826522827
189	OVA-C4-IPTM90-217	2	ai11_af3_bb3	AI11_AF3	0	1.282573938369751	1.2041990756988525	1.2717894315719604	1.2517844438552856	1.4025224447250366	0.19832336902618408
189	OVA-C4-IPTM90-217	2	ai11_af3_bb3	AI11_AF3	1	1.278402328491211	1.287436842918396	1.2649692296981812	1.2738401889801025	1.287363052368164	0.022467613220214844
189	OVA-C4-IPTM90-217	2	ai11_af3_bb3	AI11_AF3	2	1.2938344478607178	1.2964789867401123	1.1810009479522705	1.3101096153259277	1.387748122215271	0.2067471742630005
189	OVA-C4-IPTM90-217	2	ai11_af3_bb3	AI11_AF3	3	1.3080534934997559	1.210148811340332	1.4785984754562378	1.2053345441818237	1.3381317853927612	0.27326393127441406
190	OVA-C4-IPTM90-154	2	ai11_af3_bb3	AI11_AF3	0	0.9700443744659424	0.9512208700180054	0.8944678902626038	0.9202834367752075	1.114205241203308	0.21973735094070435
190	OVA-C4-IPTM90-154	2	ai11_af3_bb3	AI11_AF3	1	0.9706393480300903	1.009963035583496	0.9508947134017944	0.9765718579292297	0.9451276659965515	0.06483536958694458
190	OVA-C4-IPTM90-154	2	ai11_af3_bb3	AI11_AF3	2	0.9817537665367126	1.0000898838043213	0.8994861245155334	0.9840027689933777	1.0434362888336182	0.14395016431808472
190	OVA-C4-IPTM90-154	2	ai11_af3_bb3	AI11_AF3	3	0.9838904738426208	0.9381879568099976	1.1089732646942139	0.9052746891975403	0.9831255078315735	0.20369857549667358
191	OVA-C4-IPTM90-462	2	ai11_af3_bb3	AI11_AF3	0	0.9420597553253174	0.873323380947113	0.9187868237495422	0.9305436015129089	1.045585036277771	0.17226165533065796
191	OVA-C4-IPTM90-462	2	ai11_af3_bb3	AI11_AF3	1	0.9306053519248962	0.9494690895080566	0.9521451592445374	0.9239770770072937	0.8968302607536316	0.05531489849090576
191	OVA-C4-IPTM90-462	2	ai11_af3_bb3	AI11_AF3	2	0.9439415335655212	0.9390695691108704	0.8499851822853088	0.9973253607749939	0.9893862009048462	0.14734017848968506
191	OVA-C4-IPTM90-462	2	ai11_af3_bb3	AI11_AF3	3	0.9437726140022278	0.8055038452148438	1.1333636045455933	0.9051306843757629	0.9310922622680664	0.3278597593307495
192	OVA-C4-IPTM90-105	2	ai11_af3_bb3	AI11_AF3	0	1.1383312940597534	1.11955726146698	1.07272469997406	1.144636869430542	1.2164063453674316	0.14368164539337158
192	OVA-C4-IPTM90-105	2	ai11_af3_bb3	AI11_AF3	1	1.1398937702178955	1.1437102556228638	1.0997743606567383	1.152355670928955	1.1637349128723145	0.06396055221557617
192	OVA-C4-IPTM90-105	2	ai11_af3_bb3	AI11_AF3	2	1.1619318723678589	1.1788032054901123	1.0606571435928345	1.2104222774505615	1.1978446245193481	0.14976513385772705
192	OVA-C4-IPTM90-105	2	ai11_af3_bb3	AI11_AF3	3	1.1469857692718506	1.0009757280349731	1.3775732517242432	1.0911498069763184	1.1182441711425781	0.37659752368927
193	OVA-C4-IPTM90-229	2	ai11_af3_bb3	AI11_AF3	0	1.1613551378250122	1.0528753995895386	1.1752437353134155	1.1671799421310425	1.250121831893921	0.19724643230438232
193	OVA-C4-IPTM90-229	2	ai11_af3_bb3	AI11_AF3	1	1.1553767919540405	1.1758984327316284	1.1537258625030518	1.1362520456314087	1.1556309461593628	0.03964638710021973
193	OVA-C4-IPTM90-229	2	ai11_af3_bb3	AI11_AF3	2	1.1664843559265137	1.1813029050827026	1.075831413269043	1.2265516519546509	1.1822515726089478	0.1507202386856079
193	OVA-C4-IPTM90-229	2	ai11_af3_bb3	AI11_AF3	3	1.1771200895309448	1.0277653932571411	1.4049248695373535	1.133432388305664	1.1423580646514893	0.3771594762802124
194	OVA-C4-IPTM90-218	2	ai11_af3_bb3	AI11_AF3	0	1.169156789779663	1.1583434343338013	1.089759349822998	1.1523833274841309	1.2761409282684326	0.18638157844543457
194	OVA-C4-IPTM90-218	2	ai11_af3_bb3	AI11_AF3	1	1.157433032989502	1.2204828262329102	1.0993804931640625	1.1596248149871826	1.150244116783142	0.12110233306884766
194	OVA-C4-IPTM90-218	2	ai11_af3_bb3	AI11_AF3	2	1.163862705230713	1.1684869527816772	1.0571417808532715	1.1985172033309937	1.2313047647476196	0.17416298389434814
194	OVA-C4-IPTM90-218	2	ai11_af3_bb3	AI11_AF3	3	1.1634855270385742	1.0906212329864502	1.299502968788147	1.077247977256775	1.1865699291229248	0.22225499153137207
195	OVA-C4-IPTM90-130	2	ai11_af3_bb3	AI11_AF3	0	1.1767442226409912	1.0527498722076416	1.1897329092025757	1.1984604597091675	1.2660338878631592	0.21328401565551758
195	OVA-C4-IPTM90-130	2	ai11_af3_bb3	AI11_AF3	1	1.1644728183746338	1.1824978590011597	1.1669813394546509	1.1415897607803345	1.166822075843811	0.040908098220825195
195	OVA-C4-IPTM90-130	2	ai11_af3_bb3	AI11_AF3	2	1.1802176237106323	1.207421898841858	1.08107590675354	1.2280471324920654	1.204325556755066	0.1469712257385254
195	OVA-C4-IPTM90-130	2	ai11_af3_bb3	AI11_AF3	3	1.1936290264129639	1.0254356861114502	1.435622215270996	1.1504672765731812	1.162990689277649	0.4101865291595459
196	OVA-C4-IPTM90-408	2	ai11_af3_bb3	AI11_AF3	0	1.3071681261062622	1.2289760112762451	1.286335825920105	1.287583589553833	1.4257768392562866	0.1968008279800415
196	OVA-C4-IPTM90-408	2	ai11_af3_bb3	AI11_AF3	1	1.3068222999572754	1.326854944229126	1.2754501104354858	1.2951971292495728	1.3297873735427856	0.054337263107299805
196	OVA-C4-IPTM90-408	2	ai11_af3_bb3	AI11_AF3	2	1.324302077293396	1.3656022548675537	1.224560022354126	1.3147329092025757	1.3923132419586182	0.1677532196044922
196	OVA-C4-IPTM90-408	2	ai11_af3_bb3	AI11_AF3	3	1.338388204574585	1.2340182065963745	1.5186346769332886	1.2436059713363647	1.3572933673858643	0.28461647033691406
197	OVA-C4-IPTM90-470	2	ai11_af3_bb3	AI11_AF3	0	1.1985909938812256	1.1839931011199951	1.1116664409637451	1.196410059928894	1.3022942543029785	0.1906278133392334
197	OVA-C4-IPTM90-470	2	ai11_af3_bb3	AI11_AF3	1	1.1848505735397339	1.2763293981552124	1.1163493394851685	1.1504793167114258	1.1962441205978394	0.15998005867004395
197	OVA-C4-IPTM90-470	2	ai11_af3_bb3	AI11_AF3	2	1.2012673616409302	1.21832275390625	1.1104966402053833	1.2208154201507568	1.255434274673462	0.1449376344680786
197	OVA-C4-IPTM90-470	2	ai11_af3_bb3	AI11_AF3	3	1.2100224494934082	1.1135300397872925	1.3777741193771362	1.1516774892807007	1.1971079111099243	0.26424407958984375
198	OVA-C4-IPTM90-503	2	ai11_af3_bb3	AI11_AF3	0	0.9263896346092224	0.8612570762634277	0.8926231265068054	0.9240688681602478	1.0276097059249878	0.16635262966156006
198	OVA-C4-IPTM90-503	2	ai11_af3_bb3	AI11_AF3	1	0.9182367920875549	0.9321461319923401	0.936555027961731	0.917352020740509	0.886894166469574	0.04966086149215698
198	OVA-C4-IPTM90-503	2	ai11_af3_bb3	AI11_AF3	2	0.9212590456008911	0.9222261309623718	0.8449712991714478	0.9602907299995422	0.9575480222702026	0.11531943082809448
198	OVA-C4-IPTM90-503	2	ai11_af3_bb3	AI11_AF3	3	0.9366925358772278	0.8056519031524658	1.1061733961105347	0.9202339053153992	0.914711058139801	0.30052149295806885
199	OVA-C4-IPTM90-463	2	ai11_af3_bb3	AI11_AF3	0	1.1398704051971436	1.1144524812698364	1.06560480594635	1.1759727001190186	1.20345139503479	0.13784658908843994
199	OVA-C4-IPTM90-463	2	ai11_af3_bb3	AI11_AF3	1	1.1276079416275024	1.1656972169876099	1.0895191431045532	1.0979053974151611	1.1573100090026855	0.07617807388305664
199	OVA-C4-IPTM90-463	2	ai11_af3_bb3	AI11_AF3	2	1.1445789337158203	1.1845155954360962	1.0398428440093994	1.1873608827590942	1.1665960550308228	0.14751803874969482
199	OVA-C4-IPTM90-463	2	ai11_af3_bb3	AI11_AF3	3	1.1485716104507446	0.981215238571167	1.3825466632843018	1.115360975265503	1.1151635646820068	0.40133142471313477
200	OVA-C4-IPTM90-386	2	ai11_af3_bb3	AI11_AF3	0	1.2078617811203003	1.1114675998687744	1.2138941287994385	1.1862493753433228	1.3198362588882446	0.20836865901947021
200	OVA-C4-IPTM90-386	2	ai11_af3_bb3	AI11_AF3	1	1.2114698886871338	1.2139557600021362	1.192826747894287	1.1897106170654297	1.2493866682052612	0.05967605113983154
200	OVA-C4-IPTM90-386	2	ai11_af3_bb3	AI11_AF3	2	1.2289859056472778	1.2097352743148804	1.1214648485183716	1.2611078023910522	1.3236358165740967	0.2021709680557251
200	OVA-C4-IPTM90-386	2	ai11_af3_bb3	AI11_AF3	3	1.230700135231018	1.105068564414978	1.4256631135940552	1.1588000059127808	1.2332686185836792	0.32059454917907715
201	OVA-C4-IPTM90-041	2	ai11_af3_bb3	AI11_AF3	0	1.1889688968658447	1.1158246994018555	1.1926454305648804	1.1972802877426147	1.2501251697540283	0.13430047035217285
201	OVA-C4-IPTM90-041	2	ai11_af3_bb3	AI11_AF3	1	1.1740849018096924	1.1614620685577393	1.1786953210830688	1.1734460592269897	1.1827361583709717	0.021274089813232422
201	OVA-C4-IPTM90-041	2	ai11_af3_bb3	AI11_AF3	2	1.176363468170166	1.226048231124878	1.0532478094100952	1.2336792945861816	1.192478895187378	0.18043148517608643
201	OVA-C4-IPTM90-041	2	ai11_af3_bb3	AI11_AF3	3	1.2019846439361572	1.052986979484558	1.403982400894165	1.1148008108139038	1.2361685037612915	0.35099542140960693
202	OVA-C4-IPTM90-392	2	ai11_af3_bb3	AI11_AF3	0	1.2776421308517456	1.238297700881958	1.1982299089431763	1.2978776693344116	1.3761632442474365	0.17793333530426025
202	OVA-C4-IPTM90-392	2	ai11_af3_bb3	AI11_AF3	1	1.3002567291259766	1.316813588142395	1.269936203956604	1.2775278091430664	1.3367493152618408	0.06681311130523682
202	OVA-C4-IPTM90-392	2	ai11_af3_bb3	AI11_AF3	2	1.3057069778442383	1.3225549459457397	1.207480788230896	1.3134156465530396	1.3793768882751465	0.1718961000442505
202	OVA-C4-IPTM90-392	2	ai11_af3_bb3	AI11_AF3	3	1.3197301626205444	1.2247587442398071	1.5079026222229004	1.2191230058670044	1.3271366357803345	0.288779616355896
203	OVA-C4-IPTM90-414	2	ai11_af3_bb3	AI11_AF3	0	1.1287989616394043	1.097135066986084	1.0592620372772217	1.1687694787979126	1.190029263496399	0.13076722621917725
203	OVA-C4-IPTM90-414	2	ai11_af3_bb3	AI11_AF3	1	1.1125901937484741	1.1593412160873413	1.0698059797286987	1.0778383016586304	1.1433755159378052	0.08953523635864258
203	OVA-C4-IPTM90-414	2	ai11_af3_bb3	AI11_AF3	2	1.1299912929534912	1.1739442348480225	1.0267767906188965	1.1746317148208618	1.144612193107605	0.14785492420196533
203	OVA-C4-IPTM90-414	2	ai11_af3_bb3	AI11_AF3	3	1.1339850425720215	0.9608854055404663	1.3604462146759033	1.1080015897750854	1.1066068410873413	0.399560809135437
204	OVA-C4-IPTM90-232	2	ai11_af3_bb3	AI11_AF3	0	1.2501112222671509	1.182252287864685	1.2409030199050903	1.2096656560897827	1.3676234483718872	0.18537116050720215
204	OVA-C4-IPTM90-232	2	ai11_af3_bb3	AI11_AF3	1	1.2431166172027588	1.2594575881958008	1.2232191562652588	1.2185351848602295	1.271254539489746	0.0527193546295166
204	OVA-C4-IPTM90-232	2	ai11_af3_bb3	AI11_AF3	2	1.2419761419296265	1.2849756479263306	1.1476622819900513	1.2517402172088623	1.2835265398025513	0.1373133659362793
204	OVA-C4-IPTM90-232	2	ai11_af3_bb3	AI11_AF3	3	1.2673580646514893	1.1509243249893188	1.4712717533111572	1.1680104732513428	1.2792258262634277	0.3203474283218384
205	OVA-C4-IPTM90-452	2	ai11_af3_bb3	AI11_AF3	0	1.2470306158065796	1.1824731826782227	1.2477540969848633	1.2109651565551758	1.3469302654266357	0.16445708274841309
205	OVA-C4-IPTM90-452	2	ai11_af3_bb3	AI11_AF3	1	1.241876482963562	1.2655285596847534	1.2160096168518066	1.2086511850357056	1.2773164510726929	0.0686652660369873
205	OVA-C4-IPTM90-452	2	ai11_af3_bb3	AI11_AF3	2	1.2455837726593018	1.305368423461914	1.1497470140457153	1.2483211755752563	1.278899073600769	0.15562140941619873
205	OVA-C4-IPTM90-452	2	ai11_af3_bb3	AI11_AF3	3	1.2640275955200195	1.1491632461547852	1.455605149269104	1.1684372425079346	1.2829046249389648	0.30644190311431885
206	OVA-C4-IPTM90-379	2	ai11_af3_bb3	AI11_AF3	0	0.9757459759712219	0.9491027593612671	0.8959444165229797	0.957011878490448	1.1009248495101929	0.20498043298721313
206	OVA-C4-IPTM90-379	2	ai11_af3_bb3	AI11_AF3	1	0.9778000712394714	1.04697585105896	0.9454127550125122	0.9466741681098938	0.9721372723579407	0.10156309604644775
206	OVA-C4-IPTM90-379	2	ai11_af3_bb3	AI11_AF3	2	0.9911335706710815	1.0223160982131958	0.9200377464294434	0.981397807598114	1.0407828092575073	0.12074506282806396
206	OVA-C4-IPTM90-379	2	ai11_af3_bb3	AI11_AF3	3	0.9996323585510254	0.941632866859436	1.1247801780700684	0.9518704414367676	0.9802456498146057	0.18314731121063232
207	OVA-C4-IPTM90-224	2	ai11_af3_bb3	AI11_AF3	0	1.2210867404937744	1.158781886100769	1.1919852495193481	1.1846307516098022	1.3489493131637573	0.19016742706298828
207	OVA-C4-IPTM90-224	2	ai11_af3_bb3	AI11_AF3	1	1.2314586639404297	1.2661038637161255	1.176364779472351	1.2240169048309326	1.2593494653701782	0.08973908424377441
207	OVA-C4-IPTM90-224	2	ai11_af3_bb3	AI11_AF3	2	1.2386999130249023	1.2733864784240723	1.1605831384658813	1.2483692169189453	1.2724609375	0.11280333995819092
207	OVA-C4-IPTM90-224	2	ai11_af3_bb3	AI11_AF3	3	1.2444097995758057	1.1659742593765259	1.426950454711914	1.1587225198745728	1.225992202758789	0.2682279348373413
208	OVA-C4-IPTM90-416	2	ai11_af3_bb3	AI11_AF3	0	1.2272841930389404	1.1540194749832153	1.2233995199203491	1.1914069652557373	1.340311050415039	0.18629157543182373
208	OVA-C4-IPTM90-416	2	ai11_af3_bb3	AI11_AF3	1	1.2155905961990356	1.24140202999115	1.1951009035110474	1.182809591293335	1.243050456047058	0.060240864753723145
208	OVA-C4-IPTM90-416	2	ai11_af3_bb3	AI11_AF3	2	1.2142479419708252	1.2576367855072021	1.1154453754425049	1.229600429534912	1.2543092966079712	0.14219141006469727
208	OVA-C4-IPTM90-416	2	ai11_af3_bb3	AI11_AF3	3	1.238633155822754	1.1177313327789307	1.4279388189315796	1.1478216648101807	1.2610411643981934	0.3102074861526489
209	OVA-C4-IPTM90-504	2	ai11_af3_bb3	AI11_AF3	0	1.2012763023376465	1.142714500427246	1.1474066972732544	1.1981327533721924	1.3168516159057617	0.17413711547851562
209	OVA-C4-IPTM90-504	2	ai11_af3_bb3	AI11_AF3	1	1.205691933631897	1.188927412033081	1.2457553148269653	1.2148507833480835	1.1732341051101685	0.07252120971679688
209	OVA-C4-IPTM90-504	2	ai11_af3_bb3	AI11_AF3	2	1.2254724502563477	1.2236287593841553	1.15176522731781	1.2924014329910278	1.2340947389602661	0.14063620567321777
209	OVA-C4-IPTM90-504	2	ai11_af3_bb3	AI11_AF3	3	1.2389637231826782	1.1058777570724487	1.4568110704421997	1.1543432474136353	1.2388226985931396	0.350933313369751
210	OVA-C4-IPTM90-475	2	ai11_af3_bb3	AI11_AF3	0	0.9641973376274109	0.9393611550331116	0.882879376411438	0.927471935749054	1.1070767641067505	0.2241973876953125
210	OVA-C4-IPTM90-475	2	ai11_af3_bb3	AI11_AF3	1	0.9691643714904785	1.0049563646316528	0.9480270147323608	0.9716590046882629	0.9520153403282166	0.05692934989929199
210	OVA-C4-IPTM90-475	2	ai11_af3_bb3	AI11_AF3	2	0.9685628414154053	0.9867316484451294	0.9055567383766174	0.9582176208496094	1.0237456560134888	0.11818891763687134
210	OVA-C4-IPTM90-475	2	ai11_af3_bb3	AI11_AF3	3	0.9879837036132812	0.9572902321815491	1.1026369333267212	0.9203881025314331	0.9716196656227112	0.18224883079528809
211	OVA-C4-IPTM90-485	2	ai11_af3_bb3	AI11_AF3	0	1.1562420129776	1.100792646408081	1.1518869400024414	1.1410386562347412	1.2312500476837158	0.13045740127563477
211	OVA-C4-IPTM90-485	2	ai11_af3_bb3	AI11_AF3	1	1.1496362686157227	1.1647568941116333	1.1293973922729492	1.1279940605163574	1.1763966083526611	0.04840254783630371
211	OVA-C4-IPTM90-485	2	ai11_af3_bb3	AI11_AF3	2	1.1712424755096436	1.1932648420333862	1.0636045932769775	1.2162312269210815	1.2118690013885498	0.152626633644104
211	OVA-C4-IPTM90-485	2	ai11_af3_bb3	AI11_AF3	3	1.1662534475326538	1.0306023359298706	1.3868521451950073	1.1008728742599487	1.1466865539550781	0.3562498092651367
212	OVA-C4-IPTM90-395	2	ai11_af3_bb3	AI11_AF3	0	1.2097444534301758	1.142902135848999	1.1733486652374268	1.2097519636154175	1.312975525856018	0.17007339000701904
212	OVA-C4-IPTM90-395	2	ai11_af3_bb3	AI11_AF3	1	1.2101961374282837	1.2226115465164185	1.187110185623169	1.170528531074524	1.2605345249176025	0.09000599384307861
212	OVA-C4-IPTM90-395	2	ai11_af3_bb3	AI11_AF3	2	1.2200827598571777	1.2408417463302612	1.1296497583389282	1.2230440378189087	1.2867953777313232	0.15714561939239502
212	OVA-C4-IPTM90-395	2	ai11_af3_bb3	AI11_AF3	3	1.2395827770233154	1.0724226236343384	1.4545663595199585	1.1872916221618652	1.2440502643585205	0.3821437358856201
213	OVA-C4-IPTM90-500	2	ai11_af3_bb3	AI11_AF3	0	1.1902676820755005	1.0869090557098389	1.2314187288284302	1.1890283823013306	1.2537145614624023	0.16680550575256348
213	OVA-C4-IPTM90-500	2	ai11_af3_bb3	AI11_AF3	1	1.171147108078003	1.1871840953826904	1.199602484703064	1.126783847808838	1.1710180044174194	0.07281863689422607
213	OVA-C4-IPTM90-500	2	ai11_af3_bb3	AI11_AF3	2	1.1755692958831787	1.208439588546753	1.0826146602630615	1.2280075550079346	1.1832154989242554	0.14539289474487305
213	OVA-C4-IPTM90-500	2	ai11_af3_bb3	AI11_AF3	3	1.1997058391571045	1.0245378017425537	1.442888855934143	1.141538381576538	1.189857840538025	0.41835105419158936
214	OVA-C4-IPTM90-436	2	ai11_af3_bb3	AI11_AF3	0	1.154964804649353	1.0673433542251587	1.1244051456451416	1.1797332763671875	1.2483774423599243	0.18103408813476562
214	OVA-C4-IPTM90-436	2	ai11_af3_bb3	AI11_AF3	1	1.1564019918441772	1.1873453855514526	1.1389318704605103	1.163682222366333	1.135648250579834	0.05169713497161865
214	OVA-C4-IPTM90-436	2	ai11_af3_bb3	AI11_AF3	2	1.1718510389328003	1.2191658020019531	1.050419807434082	1.2011524438858032	1.2166662216186523	0.1687459945678711
214	OVA-C4-IPTM90-436	2	ai11_af3_bb3	AI11_AF3	3	1.1893788576126099	1.037001609802246	1.4229360818862915	1.1520862579345703	1.145491600036621	0.3859344720840454
215	OVA-C4-IPTM90-063	2	ai11_af3_bb3	AI11_AF3	0	1.2051446437835693	1.1665713787078857	1.1632599830627441	1.187464952468872	1.303282380104065	0.1400223970413208
215	OVA-C4-IPTM90-063	2	ai11_af3_bb3	AI11_AF3	1	1.1977227926254272	1.215895652770996	1.1609388589859009	1.1962862014770508	1.2177708148956299	0.056831955909729004
215	OVA-C4-IPTM90-063	2	ai11_af3_bb3	AI11_AF3	2	1.2055894136428833	1.2579625844955444	1.0749397277832031	1.2135193347930908	1.2759358882904053	0.20099616050720215
215	OVA-C4-IPTM90-063	2	ai11_af3_bb3	AI11_AF3	3	1.2321356534957886	1.1602106094360352	1.3907655477523804	1.1175578832626343	1.2600085735321045	0.2732076644897461
216	OVA-C4-IPTM90-172	2	ai11_af3_bb3	AI11_AF3	0	1.214860439300537	1.1752926111221313	1.1512198448181152	1.1857613325119019	1.34716796875	0.19594812393188477
216	OVA-C4-IPTM90-172	2	ai11_af3_bb3	AI11_AF3	1	1.2267842292785645	1.2574232816696167	1.1713794469833374	1.2427804470062256	1.2355540990829468	0.0860438346862793
216	OVA-C4-IPTM90-172	2	ai11_af3_bb3	AI11_AF3	2	1.245805263519287	1.2642825841903687	1.1119600534439087	1.2355717420578003	1.37140691280365	0.2594468593597412
216	OVA-C4-IPTM90-172	2	ai11_af3_bb3	AI11_AF3	3	1.2520724534988403	1.154262661933899	1.436806082725525	1.1989619731903076	1.2182590961456299	0.282543420791626
217	OVA-C4-IPTM90-459	2	ai11_af3_bb3	AI11_AF3	0	1.1963613033294678	1.1943241357803345	1.110903024673462	1.1778489351272583	1.3023691177368164	0.1914660930633545
217	OVA-C4-IPTM90-459	2	ai11_af3_bb3	AI11_AF3	1	1.1888020038604736	1.248223066329956	1.1270984411239624	1.1839876174926758	1.1958987712860107	0.12112462520599365
217	OVA-C4-IPTM90-459	2	ai11_af3_bb3	AI11_AF3	2	1.1974130868911743	1.2186239957809448	1.0912952423095703	1.2187577486038208	1.2609753608703613	0.16968011856079102
217	OVA-C4-IPTM90-459	2	ai11_af3_bb3	AI11_AF3	3	1.199593424797058	1.1135196685791016	1.3741260766983032	1.1073734760284424	1.2033544778823853	0.26675260066986084
218	OVA-C4-IPTM90-465	2	ai11_af3_bb3	AI11_AF3	0	0.963280975818634	0.9654292464256287	0.878039538860321	0.9202519655227661	1.0894031524658203	0.21136361360549927
218	OVA-C4-IPTM90-465	2	ai11_af3_bb3	AI11_AF3	1	0.9686696529388428	0.9975284934043884	0.93757164478302	0.9858390092849731	0.9537397027015686	0.05995684862136841
218	OVA-C4-IPTM90-465	2	ai11_af3_bb3	AI11_AF3	2	0.9743471145629883	1.0036797523498535	0.8941953182220459	0.9833719730377197	1.0161412954330444	0.12194597721099854
218	OVA-C4-IPTM90-465	2	ai11_af3_bb3	AI11_AF3	3	0.9779266715049744	0.9309511184692383	1.0931143760681152	0.9030094742774963	0.9846315979957581	0.1901049017906189
219	OVA-C4-IPTM90-234	2	ai11_af3_bb3	AI11_AF3	0	1.1854017972946167	1.1090295314788818	1.1788901090621948	1.164931297302246	1.2887564897537231	0.1797269582748413
219	OVA-C4-IPTM90-234	2	ai11_af3_bb3	AI11_AF3	1	1.1768333911895752	1.1943159103393555	1.1476945877075195	1.156027913093567	1.2092950344085693	0.061600446701049805
219	OVA-C4-IPTM90-234	2	ai11_af3_bb3	AI11_AF3	2	1.184360146522522	1.2297788858413696	1.0949746370315552	1.1838096380233765	1.228877305984497	0.13480424880981445
219	OVA-C4-IPTM90-234	2	ai11_af3_bb3	AI11_AF3	3	1.2139097452163696	1.1352810859680176	1.3853346109390259	1.111793041229248	1.2232301235198975	0.27354156970977783
220	OVA-C4-IPTM90-460	2	ai11_af3_bb3	AI11_AF3	0	1.212999939918518	1.1075483560562134	1.2041674852371216	1.2019935846328735	1.3382905721664429	0.2307422161102295
220	OVA-C4-IPTM90-460	2	ai11_af3_bb3	AI11_AF3	1	1.2134968042373657	1.2287319898605347	1.182819128036499	1.185446858406067	1.2569891214370728	0.07416999340057373
220	OVA-C4-IPTM90-460	2	ai11_af3_bb3	AI11_AF3	2	1.2289185523986816	1.2326172590255737	1.132099986076355	1.2473464012145996	1.3036103248596191	0.17151033878326416
220	OVA-C4-IPTM90-460	2	ai11_af3_bb3	AI11_AF3	3	1.2362010478973389	1.098565936088562	1.4383894205093384	1.1777540445327759	1.2300951480865479	0.33982348442077637
221	OVA-C4-IPTM90-427	2	ai11_af3_bb3	AI11_AF3	0	1.1559357643127441	1.137862205505371	1.0655654668807983	1.1548079252243042	1.2655071020126343	0.19994163513183594
221	OVA-C4-IPTM90-427	2	ai11_af3_bb3	AI11_AF3	1	1.1583243608474731	1.1998671293258667	1.1071926355361938	1.1717963218688965	1.154440999031067	0.09267449378967285
221	OVA-C4-IPTM90-427	2	ai11_af3_bb3	AI11_AF3	2	1.1694507598876953	1.1834403276443481	1.0725940465927124	1.1899058818817139	1.2318627834320068	0.15926873683929443
221	OVA-C4-IPTM90-427	2	ai11_af3_bb3	AI11_AF3	3	1.1690170764923096	1.0972654819488525	1.3117786645889282	1.0697358846664429	1.1972880363464355	0.24204277992248535
222	OVA-C4-IPTM90-343	2	ai11_af3_bb3	AI11_AF3	0	1.1826084852218628	1.1143327951431274	1.1449995040893555	1.1883856058120728	1.2827160358428955	0.16838324069976807
222	OVA-C4-IPTM90-343	2	ai11_af3_bb3	AI11_AF3	1	1.1941336393356323	1.1860225200653076	1.1784844398498535	1.1883490085601807	1.2236788272857666	0.045194387435913086
222	OVA-C4-IPTM90-343	2	ai11_af3_bb3	AI11_AF3	2	1.2163171768188477	1.2009413242340088	1.1118429899215698	1.22749662399292	1.3249876499176025	0.21314465999603271
222	OVA-C4-IPTM90-343	2	ai11_af3_bb3	AI11_AF3	3	1.2244281768798828	1.090755581855774	1.4253958463668823	1.1605472564697266	1.2210140228271484	0.3346402645111084
223	OVA-C4-IPTM90-136	2	ai11_af3_bb3	AI11_AF3	0	1.2072420120239258	1.1539887189865112	1.1598016023635864	1.1922581195831299	1.3229202032089233	0.1689314842224121
223	OVA-C4-IPTM90-136	2	ai11_af3_bb3	AI11_AF3	1	1.209885597229004	1.247168779373169	1.173649549484253	1.1863462924957275	1.2323777675628662	0.07351922988891602
223	OVA-C4-IPTM90-136	2	ai11_af3_bb3	AI11_AF3	2	1.2099354267120361	1.2727288007736206	1.106325626373291	1.2071213722229004	1.2535661458969116	0.1664031744003296
223	OVA-C4-IPTM90-136	2	ai11_af3_bb3	AI11_AF3	3	1.2403504848480225	1.125576376914978	1.438816785812378	1.1474103927612305	1.2495988607406616	0.3132404088973999
224	OVA-C4-IPTM90-371	2	ai11_af3_bb3	AI11_AF3	0	1.225734829902649	1.161733627319336	1.2272965908050537	1.1888188123703003	1.3250900506973267	0.16335642337799072
224	OVA-C4-IPTM90-371	2	ai11_af3_bb3	AI11_AF3	1	1.2204869985580444	1.232668399810791	1.201829433441162	1.2162387371063232	1.2312114238739014	0.030838966369628906
224	OVA-C4-IPTM90-371	2	ai11_af3_bb3	AI11_AF3	2	1.226298451423645	1.253161907196045	1.115625262260437	1.2485404014587402	1.2878658771514893	0.17224061489105225
224	OVA-C4-IPTM90-371	2	ai11_af3_bb3	AI11_AF3	3	1.248093843460083	1.1647385358810425	1.4268652200698853	1.1362149715423584	1.264556646347046	0.29065024852752686
225	OVA-C4-IPTM90-319	2	ai11_af3_bb3	AI11_AF3	0	1.1358428001403809	1.0902127027511597	1.0748716592788696	1.166778564453125	1.2115082740783691	0.1366366147994995
225	OVA-C4-IPTM90-319	2	ai11_af3_bb3	AI11_AF3	1	1.1501189470291138	1.154188871383667	1.113653540611267	1.1500886678695679	1.1825445890426636	0.06889104843139648
225	OVA-C4-IPTM90-319	2	ai11_af3_bb3	AI11_AF3	2	1.159869909286499	1.1512563228607178	1.0557737350463867	1.2045838832855225	1.22786545753479	0.17209172248840332
225	OVA-C4-IPTM90-319	2	ai11_af3_bb3	AI11_AF3	3	1.1459870338439941	1.010746955871582	1.3590927124023438	1.0948922634124756	1.1192162036895752	0.3483457565307617
226	OVA-C4-IPTM90-508	2	ai11_af3_bb3	AI11_AF3	0	1.1401846408843994	1.0971169471740723	1.0801061391830444	1.1852651834487915	1.1982501745224	0.11814403533935547
226	OVA-C4-IPTM90-508	2	ai11_af3_bb3	AI11_AF3	1	1.135084867477417	1.1737542152404785	1.1095942258834839	1.0982308387756348	1.1587601900100708	0.07552337646484375
226	OVA-C4-IPTM90-508	2	ai11_af3_bb3	AI11_AF3	2	1.1485410928726196	1.1352096796035767	1.0547479391098022	1.1950258016586304	1.2091805934906006	0.15443265438079834
226	OVA-C4-IPTM90-508	2	ai11_af3_bb3	AI11_AF3	3	1.149580478668213	1.0026800632476807	1.338226318359375	1.1316628456115723	1.1257526874542236	0.33554625511169434
227	OVA-C4-IPTM90-477	2	ai11_af3_bb3	AI11_AF3	0	1.175021767616272	1.1178010702133179	1.1402617692947388	1.1638538837432861	1.2781704664230347	0.1603693962097168
227	OVA-C4-IPTM90-477	2	ai11_af3_bb3	AI11_AF3	1	1.1790404319763184	1.155164122581482	1.2344746589660645	1.191298246383667	1.1352245807647705	0.09925007820129395
227	OVA-C4-IPTM90-477	2	ai11_af3_bb3	AI11_AF3	2	1.1989967823028564	1.1709637641906738	1.1138561964035034	1.285400390625	1.2257670164108276	0.17154419422149658
227	OVA-C4-IPTM90-477	2	ai11_af3_bb3	AI11_AF3	3	1.2110662460327148	1.0921059846878052	1.4154754877090454	1.1145873069763184	1.22209632396698	0.32336950302124023
228	OVA-C4-IPTM90-488	2	ai11_af3_bb3	AI11_AF3	0	1.1277834177017212	1.08863365650177	1.0624239444732666	1.15147066116333	1.2086055278778076	0.14618158340454102
228	OVA-C4-IPTM90-488	2	ai11_af3_bb3	AI11_AF3	1	1.1376572847366333	1.134311318397522	1.090507984161377	1.156491756439209	1.1693181991577148	0.07881021499633789
228	OVA-C4-IPTM90-488	2	ai11_af3_bb3	AI11_AF3	2	1.154030203819275	1.1669286489486694	1.066482663154602	1.2108291387557983	1.1718800067901611	0.1443464756011963
228	OVA-C4-IPTM90-488	2	ai11_af3_bb3	AI11_AF3	3	1.1402801275253296	0.9820725321769714	1.3678547143936157	1.0775219202041626	1.1336712837219238	0.3857821822166443
229	OVA-C4-IPTM90-409	2	ai11_af3_bb3	AI11_AF3	0	1.2213150262832642	1.165824055671692	1.208032250404358	1.1733908653259277	1.3380130529403687	0.17218899726867676
229	OVA-C4-IPTM90-409	2	ai11_af3_bb3	AI11_AF3	1	1.2200133800506592	1.2619731426239014	1.1868603229522705	1.1861447095870972	1.2450751066207886	0.0758284330368042
229	OVA-C4-IPTM90-409	2	ai11_af3_bb3	AI11_AF3	2	1.2154269218444824	1.2563599348068237	1.1450303792953491	1.2295281887054443	1.230789303779602	0.11132955551147461
229	OVA-C4-IPTM90-409	2	ai11_af3_bb3	AI11_AF3	3	1.2349908351898193	1.1407474279403687	1.4180240631103516	1.1466114521026611	1.234580397605896	0.2772766351699829
230	OVA-C4-IPTM90-461	2	ai11_af3_bb3	AI11_AF3	0	1.3072881698608398	1.23554527759552	1.302382230758667	1.2763466835021973	1.4148787260055542	0.17933344841003418
230	OVA-C4-IPTM90-461	2	ai11_af3_bb3	AI11_AF3	1	1.2951501607894897	1.3224302530288696	1.2862452268600464	1.2569726705551147	1.3149526119232178	0.06545758247375488
230	OVA-C4-IPTM90-461	2	ai11_af3_bb3	AI11_AF3	2	1.301037073135376	1.3484737873077393	1.2091612815856934	1.295891284942627	1.3506214618682861	0.14146018028259277
230	OVA-C4-IPTM90-461	2	ai11_af3_bb3	AI11_AF3	3	1.3288393020629883	1.208878517150879	1.5088897943496704	1.2316128015518188	1.3659758567810059	0.3000112771987915
231	OVA-C4-IPTM90-079	2	ai11_af3_bb3	AI11_AF3	0	1.2293511629104614	1.1563225984573364	1.2232578992843628	1.1993788480758667	1.3384455442428589	0.18212294578552246
231	OVA-C4-IPTM90-079	2	ai11_af3_bb3	AI11_AF3	1	1.222177267074585	1.2449731826782227	1.1729789972305298	1.2001608610153198	1.2705963850021362	0.09761738777160645
231	OVA-C4-IPTM90-079	2	ai11_af3_bb3	AI11_AF3	2	1.235106348991394	1.2950271368026733	1.1329156160354614	1.2345058917999268	1.277976632118225	0.16211152076721191
231	OVA-C4-IPTM90-079	2	ai11_af3_bb3	AI11_AF3	3	1.2582423686981201	1.1793382167816162	1.4392735958099365	1.1481904983520508	1.2661668062210083	0.29108309745788574
232	OVA-C4-IPTM90-474	2	ai11_af3_bb3	AI11_AF3	0	1.1359357833862305	1.1057876348495483	1.0647542476654053	1.171355962753296	1.2018451690673828	0.13709092140197754
232	OVA-C4-IPTM90-474	2	ai11_af3_bb3	AI11_AF3	1	1.1265069246292114	1.1530778408050537	1.0703641176223755	1.1186623573303223	1.1639233827590942	0.09355926513671875
232	OVA-C4-IPTM90-474	2	ai11_af3_bb3	AI11_AF3	2	1.1353428363800049	1.1590209007263184	1.041343092918396	1.2042597532272339	1.1367475986480713	0.1629166603088379
232	OVA-C4-IPTM90-474	2	ai11_af3_bb3	AI11_AF3	3	1.1312932968139648	0.9744349122047424	1.3463948965072632	1.1009703874588013	1.1033729314804077	0.37195998430252075
233	OVA-C4-IPTM90-306	2	ai11_af3_bb3	AI11_AF3	0	1.1901109218597412	1.1074668169021606	1.1412663459777832	1.2026402950286865	1.3090704679489136	0.20160365104675293
233	OVA-C4-IPTM90-306	2	ai11_af3_bb3	AI11_AF3	1	1.2007485628128052	1.208713173866272	1.1616642475128174	1.188269853591919	1.2443469762802124	0.08268272876739502
233	OVA-C4-IPTM90-306	2	ai11_af3_bb3	AI11_AF3	2	1.2176051139831543	1.2229410409927368	1.1226093769073486	1.2226731777191162	1.3021966218948364	0.1795872449874878
233	OVA-C4-IPTM90-306	2	ai11_af3_bb3	AI11_AF3	3	1.2333216667175293	1.0913610458374023	1.4490289688110352	1.1766425371170044	1.2162542343139648	0.3576679229736328
234	OVA-C4-IPTM90-142	2	ai11_af3_bb3	AI11_AF3	0	1.0939515829086304	1.0521812438964844	1.0352963209152222	1.1199595928192139	1.168369174003601	0.1330728530883789
234	OVA-C4-IPTM90-142	2	ai11_af3_bb3	AI11_AF3	1	1.1079925298690796	1.0961710214614868	1.0611975193023682	1.1209195852279663	1.1536818742752075	0.09248435497283936
234	OVA-C4-IPTM90-142	2	ai11_af3_bb3	AI11_AF3	2	1.1269686222076416	1.1472010612487793	1.031705617904663	1.1690056324005127	1.1599620580673218	0.1373000144958496
234	OVA-C4-IPTM90-142	2	ai11_af3_bb3	AI11_AF3	3	1.096594214439392	0.9652493000030518	1.3068053722381592	1.0431585311889648	1.0711640119552612	0.3415560722351074
235	OVA-C4-IPTM90-061	2	ai11_af3_bb3	AI11_AF3	0	1.2835705280303955	1.2779531478881836	1.2060868740081787	1.2244043350219727	1.4258382320404053	0.21975135803222656
235	OVA-C4-IPTM90-061	2	ai11_af3_bb3	AI11_AF3	1	1.27619206905365	1.1752042770385742	1.388075590133667	1.3003745079040527	1.2411139011383057	0.21287131309509277
235	OVA-C4-IPTM90-061	2	ai11_af3_bb3	AI11_AF3	2	1.2943109273910522	1.1974353790283203	1.27342689037323	1.4317383766174316	1.2746437788009644	0.23430299758911133
235	OVA-C4-IPTM90-061	2	ai11_af3_bb3	AI11_AF3	3	1.3006236553192139	1.288321614265442	1.4032094478607178	1.1729298830032349	1.33803391456604	0.2302795648574829
236	OVA-C4-IPTM90-498	2	ai11_af3_bb3	AI11_AF3	0	1.070817232131958	0.9929413199424744	1.0344679355621338	1.1196832656860352	1.1361769437789917	0.14323562383651733
236	OVA-C4-IPTM90-498	2	ai11_af3_bb3	AI11_AF3	1	1.0959386825561523	1.065786361694336	1.0623255968093872	1.0977768898010254	1.1578660011291504	0.09554040431976318
236	OVA-C4-IPTM90-498	2	ai11_af3_bb3	AI11_AF3	2	1.1101876497268677	1.1246252059936523	1.0409568548202515	1.1369420289993286	1.1382263898849487	0.09726953506469727
236	OVA-C4-IPTM90-498	2	ai11_af3_bb3	AI11_AF3	3	1.0828776359558105	0.9625136852264404	1.2855795621871948	1.0307601690292358	1.052656888961792	0.3230658769607544
237	OVA-C4-IPTM90-512	2	ai11_af3_bb3	AI11_AF3	0	1.2386950254440308	1.1717134714126587	1.2089489698410034	1.2020970582962036	1.3720204830169678	0.20030701160430908
237	OVA-C4-IPTM90-512	2	ai11_af3_bb3	AI11_AF3	1	1.2380517721176147	1.2772873640060425	1.1820554733276367	1.2327581644058228	1.2601059675216675	0.09523189067840576
237	OVA-C4-IPTM90-512	2	ai11_af3_bb3	AI11_AF3	2	1.2557272911071777	1.2913849353790283	1.1387238502502441	1.2435662746429443	1.3492343425750732	0.2105104923248291
237	OVA-C4-IPTM90-512	2	ai11_af3_bb3	AI11_AF3	3	1.259798288345337	1.1540552377700806	1.436721682548523	1.2178382873535156	1.230577826499939	0.2826664447784424
238	OVA-C4-IPTM90-347	2	ai11_af3_bb3	AI11_AF3	0	1.1637945175170898	1.0827769041061401	1.133878469467163	1.1680220365524292	1.270500898361206	0.18772399425506592
238	OVA-C4-IPTM90-347	2	ai11_af3_bb3	AI11_AF3	1	1.1743119955062866	1.1757090091705322	1.1500471830368042	1.1647902727127075	1.2067015171051025	0.05665433406829834
238	OVA-C4-IPTM90-347	2	ai11_af3_bb3	AI11_AF3	2	1.1912392377853394	1.1702312231063843	1.0851203203201294	1.2156689167022705	1.2939366102218628	0.2088162899017334
238	OVA-C4-IPTM90-347	2	ai11_af3_bb3	AI11_AF3	3	1.2056901454925537	1.077713966369629	1.4080983400344849	1.1370735168457031	1.199874997138977	0.33038437366485596
239	OVA-C4-IPTM90-510	2	ai11_af3_bb3	AI11_AF3	0	1.299808144569397	1.2431246042251587	1.2612894773483276	1.2434192895889282	1.4513996839523315	0.20827507972717285
239	OVA-C4-IPTM90-510	2	ai11_af3_bb3	AI11_AF3	1	1.2856271266937256	1.2687456607818604	1.356400728225708	1.2945703268051147	1.2227911949157715	0.13360953330993652
239	OVA-C4-IPTM90-510	2	ai11_af3_bb3	AI11_AF3	2	1.2960925102233887	1.2510939836502075	1.233526349067688	1.3806298971176147	1.319120168685913	0.14710354804992676
239	OVA-C4-IPTM90-510	2	ai11_af3_bb3	AI11_AF3	3	1.3214600086212158	1.2335814237594604	1.4860332012176514	1.2682664394378662	1.2979587316513062	0.2524517774581909
240	OVA-C4-IPTM90-473	2	ai11_af3_bb3	AI11_AF3	0	1.2614275217056274	1.2577462196350098	1.1482594013214111	1.2499991655349731	1.3897053003311157	0.2414458990097046
240	OVA-C4-IPTM90-473	2	ai11_af3_bb3	AI11_AF3	1	1.2305934429168701	1.1888220310211182	1.320071816444397	1.1848701238632202	1.2286098003387451	0.13520169258117676
240	OVA-C4-IPTM90-473	2	ai11_af3_bb3	AI11_AF3	2	1.259552001953125	1.1791183948516846	1.2394973039627075	1.3859871625900269	1.2336052656173706	0.20686876773834229
240	OVA-C4-IPTM90-473	2	ai11_af3_bb3	AI11_AF3	3	1.2882732152938843	1.2544561624526978	1.39581298828125	1.189268708229065	1.3135548830032349	0.20654428005218506
241	OVA-C4-IPTM90-265	2	ai11_af3_bb3	AI11_AF3	0	1.3124314546585083	1.2774221897125244	1.2494279146194458	1.2057429552078247	1.5171326398849487	0.311389684677124
241	OVA-C4-IPTM90-265	2	ai11_af3_bb3	AI11_AF3	1	1.3121904134750366	1.2408256530761719	1.4098962545394897	1.314518928527832	1.2835215330123901	0.16907060146331787
241	OVA-C4-IPTM90-265	2	ai11_af3_bb3	AI11_AF3	2	1.3200552463531494	1.2301682233810425	1.290322184562683	1.448184609413147	1.3115463256835938	0.2180163860321045
241	OVA-C4-IPTM90-265	2	ai11_af3_bb3	AI11_AF3	3	1.3296375274658203	1.2207926511764526	1.5269016027450562	1.219728946685791	1.351126790046692	0.30717265605926514
242	OVA-C4-IPTM90-299	2	ai11_af3_bb3	AI11_AF3	0	1.2952899932861328	1.2554377317428589	1.2184103727340698	1.2124429941177368	1.4948689937591553	0.28242599964141846
242	OVA-C4-IPTM90-299	2	ai11_af3_bb3	AI11_AF3	1	1.2842381000518799	1.241084098815918	1.3559900522232056	1.2892950773239136	1.2505828142166138	0.1149059534072876
242	OVA-C4-IPTM90-299	2	ai11_af3_bb3	AI11_AF3	2	1.309454321861267	1.231876015663147	1.2660739421844482	1.4287769794464111	1.3110907077789307	0.19690096378326416
242	OVA-C4-IPTM90-299	2	ai11_af3_bb3	AI11_AF3	3	1.3242331743240356	1.2539129257202148	1.493621826171875	1.2201470136642456	1.3292511701583862	0.2734748125076294
243	OVA-C4-IPTM90-268	2	ai11_af3_bb3	AI11_AF3	0	1.243561863899231	1.2283722162246704	1.1407116651535034	1.2118269205093384	1.3933366537094116	0.2526249885559082
243	OVA-C4-IPTM90-268	2	ai11_af3_bb3	AI11_AF3	1	1.2281454801559448	1.1611049175262451	1.317955493927002	1.214827537536621	1.2186940908432007	0.15685057640075684
243	OVA-C4-IPTM90-268	2	ai11_af3_bb3	AI11_AF3	2	1.2545353174209595	1.1607402563095093	1.2310000658035278	1.390235424041748	1.2361658811569214	0.22949516773223877
243	OVA-C4-IPTM90-268	2	ai11_af3_bb3	AI11_AF3	3	1.2697261571884155	1.2551686763763428	1.379286527633667	1.1436083316802979	1.3008410930633545	0.23567819595336914
244	OVA-C4-IPTM90-502	2	ai11_af3_bb3	AI11_AF3	0	1.3800970315933228	1.3592673540115356	1.3213930130004883	1.2858788967132568	1.5538491010665894	0.2679702043533325
244	OVA-C4-IPTM90-502	2	ai11_af3_bb3	AI11_AF3	1	1.365405797958374	1.3171370029449463	1.4560520648956299	1.3545349836349487	1.3338994979858398	0.1389150619506836
244	OVA-C4-IPTM90-502	2	ai11_af3_bb3	AI11_AF3	2	1.360797643661499	1.3122568130493164	1.316009521484375	1.4743202924728394	1.3406038284301758	0.16206347942352295
244	OVA-C4-IPTM90-502	2	ai11_af3_bb3	AI11_AF3	3	1.3969166278839111	1.3128232955932617	1.5566284656524658	1.2815130949020386	1.4367021322250366	0.27511537075042725
245	OVA-C4-IPTM90-434	2	ai11_af3_bb3	AI11_AF3	0	1.144854187965393	1.0883821249008179	1.116103172302246	1.1706334352493286	1.2042981386184692	0.11591601371765137
245	OVA-C4-IPTM90-434	2	ai11_af3_bb3	AI11_AF3	1	1.1348016262054443	1.1521236896514893	1.087283730506897	1.1179932355880737	1.1818060874938965	0.09452235698699951
245	OVA-C4-IPTM90-434	2	ai11_af3_bb3	AI11_AF3	2	1.1485096216201782	1.1736568212509155	1.0715851783752441	1.217965006828308	1.1308317184448242	0.14637982845306396
245	OVA-C4-IPTM90-434	2	ai11_af3_bb3	AI11_AF3	3	1.138564109802246	0.9782778024673462	1.3498265743255615	1.0863145589828491	1.1398372650146484	0.37154877185821533
246	OVA-C4-IPTM90-076	2	ai11_af3_bb3	AI11_AF3	0	1.190181851387024	1.1315876245498657	1.1356159448623657	1.1836398839950562	1.3098840713500977	0.17829644680023193
246	OVA-C4-IPTM90-076	2	ai11_af3_bb3	AI11_AF3	1	1.188913345336914	1.2269586324691772	1.1254312992095947	1.1721408367156982	1.2311229705810547	0.10569167137145996
246	OVA-C4-IPTM90-076	2	ai11_af3_bb3	AI11_AF3	2	1.201259732246399	1.270595908164978	1.0863615274429321	1.1929802894592285	1.2551013231277466	0.1842343807220459
246	OVA-C4-IPTM90-076	2	ai11_af3_bb3	AI11_AF3	3	1.2306629419326782	1.1430634260177612	1.4103690385818481	1.1314918994903564	1.2377272844314575	0.2788771390914917
247	OVA-C4-IPTM90-486	2	ai11_af3_bb3	AI11_AF3	0	1.3773797750473022	1.361292839050293	1.308490514755249	1.26034414768219	1.5793923139572144	0.3190481662750244
247	OVA-C4-IPTM90-486	2	ai11_af3_bb3	AI11_AF3	1	1.370081901550293	1.3076649904251099	1.465222716331482	1.3580597639083862	1.3493798971176147	0.15755772590637207
247	OVA-C4-IPTM90-486	2	ai11_af3_bb3	AI11_AF3	2	1.3792914152145386	1.3105849027633667	1.3515024185180664	1.4927234649658203	1.3623557090759277	0.1821385622024536
247	OVA-C4-IPTM90-486	2	ai11_af3_bb3	AI11_AF3	3	1.3919061422348022	1.261643886566162	1.6043084859848022	1.2883011102676392	1.4133708477020264	0.34266459941864014
248	OVA-C4-IPTM90-384	2	ai11_af3_bb3	AI11_AF3	0	1.2088348865509033	1.111276388168335	1.222293734550476	1.1869521141052246	1.314816951751709	0.20354056358337402
248	OVA-C4-IPTM90-384	2	ai11_af3_bb3	AI11_AF3	1	1.2108498811721802	1.1995067596435547	1.19887375831604	1.1948622465133667	1.2501568794250488	0.05529463291168213
248	OVA-C4-IPTM90-384	2	ai11_af3_bb3	AI11_AF3	2	1.229074239730835	1.2035536766052246	1.1331840753555298	1.2573421001434326	1.3222167491912842	0.1890326738357544
248	OVA-C4-IPTM90-384	2	ai11_af3_bb3	AI11_AF3	3	1.2390090227127075	1.1276710033416748	1.4383865594863892	1.1566311120986938	1.2333471775054932	0.31071555614471436
249	OVA-C4-IPTM90-505	2	ai11_af3_bb3	AI11_AF3	0	1.14849054813385	1.086525321006775	1.1225266456604004	1.1738715171813965	1.2110389471054077	0.12451362609863281
249	OVA-C4-IPTM90-505	2	ai11_af3_bb3	AI11_AF3	1	1.1358340978622437	1.160687804222107	1.1117212772369385	1.0988519191741943	1.1720751523971558	0.07322323322296143
249	OVA-C4-IPTM90-505	2	ai11_af3_bb3	AI11_AF3	2	1.1517637968063354	1.1869369745254517	1.0699766874313354	1.2042137384414673	1.1459275484085083	0.13423705101013184
249	OVA-C4-IPTM90-505	2	ai11_af3_bb3	AI11_AF3	3	1.1581251621246338	0.9949110150337219	1.3871504068374634	1.1004801988601685	1.1499587297439575	0.39223939180374146
250	OVA-C4-IPTM90-511	2	ai11_af3_bb3	AI11_AF3	0	0.933826744556427	0.8731650710105896	0.8766833543777466	0.9318649172782898	1.0535935163497925	0.18042844533920288
250	OVA-C4-IPTM90-511	2	ai11_af3_bb3	AI11_AF3	1	0.9541454911231995	0.9582290053367615	0.9461240768432617	0.950343668460846	0.9618852734565735	0.015761196613311768
250	OVA-C4-IPTM90-511	2	ai11_af3_bb3	AI11_AF3	2	0.9588993787765503	0.943706750869751	0.8981943726539612	0.9691212177276611	1.0245752334594727	0.12638086080551147
250	OVA-C4-IPTM90-511	2	ai11_af3_bb3	AI11_AF3	3	0.961650550365448	0.8682070374488831	1.1161798238754272	0.9372765421867371	0.9249387383460999	0.2479727864265442
251	OVA-C4-IPTM90-429	2	ai11_af3_bb3	AI11_AF3	0	1.291918396949768	1.2866419553756714	1.192238450050354	1.2563787698745728	1.4324147701263428	0.24017632007598877
251	OVA-C4-IPTM90-429	2	ai11_af3_bb3	AI11_AF3	1	1.2790416479110718	1.1955254077911377	1.3740105628967285	1.2629209756851196	1.2837094068527222	0.17848515510559082
251	OVA-C4-IPTM90-429	2	ai11_af3_bb3	AI11_AF3	2	1.2904731035232544	1.2197062969207764	1.282395362854004	1.4111530780792236	1.2486380338668823	0.19144678115844727
251	OVA-C4-IPTM90-429	2	ai11_af3_bb3	AI11_AF3	3	1.3032963275909424	1.2839046716690063	1.4116052389144897	1.1630878448486328	1.3545873165130615	0.24851739406585693
252	OVA-C4-IPTM90-402	2	ai11_af3_bb3	AI11_AF3	0	1.3404546976089478	1.2883713245391846	1.2921125888824463	1.2756288051605225	1.5057061910629272	0.23007738590240479
252	OVA-C4-IPTM90-402	2	ai11_af3_bb3	AI11_AF3	1	1.3299514055252075	1.2451797723770142	1.44593346118927	1.3196039199829102	1.3090885877609253	0.20075368881225586
252	OVA-C4-IPTM90-402	2	ai11_af3_bb3	AI11_AF3	2	1.357711911201477	1.310152530670166	1.2868080139160156	1.4476815462112427	1.3862054347991943	0.16087353229522705
252	OVA-C4-IPTM90-402	2	ai11_af3_bb3	AI11_AF3	3	1.365867018699646	1.2669519186019897	1.5550541877746582	1.2314589023590088	1.4100030660629272	0.3235952854156494
253	OVA-C4-IPTM90-509	2	ai11_af3_bb3	AI11_AF3	0	1.2122249603271484	1.1471540927886963	1.201852560043335	1.1675063371658325	1.3323866128921509	0.1852325201034546
253	OVA-C4-IPTM90-509	2	ai11_af3_bb3	AI11_AF3	1	1.2115681171417236	1.2445662021636963	1.1701985597610474	1.2087534666061401	1.2227543592453003	0.07436764240264893
253	OVA-C4-IPTM90-509	2	ai11_af3_bb3	AI11_AF3	2	1.2290430068969727	1.237657070159912	1.1007779836654663	1.236764907836914	1.3409717082977295	0.24019372463226318
253	OVA-C4-IPTM90-509	2	ai11_af3_bb3	AI11_AF3	3	1.2321584224700928	1.1404873132705688	1.3952925205230713	1.1780674457550049	1.214786171913147	0.25480520725250244
254	OVA-C4-IPTM90-250	2	ai11_af3_bb3	AI11_AF3	0	1.024535059928894	0.9954912662506104	0.9627296328544617	0.9767284989356995	1.1631908416748047	0.20046120882034302
254	OVA-C4-IPTM90-250	2	ai11_af3_bb3	AI11_AF3	1	1.018814206123352	1.0924042463302612	1.0004363059997559	1.001102089881897	0.9813143014907837	0.11108994483947754
254	OVA-C4-IPTM90-250	2	ai11_af3_bb3	AI11_AF3	2	1.015836238861084	1.0200973749160767	0.9425824880599976	1.007064938545227	1.0936006307601929	0.1510181427001953
254	OVA-C4-IPTM90-250	2	ai11_af3_bb3	AI11_AF3	3	1.0272821187973022	0.9630264639854431	1.1757150888442993	0.932462215423584	1.0379246473312378	0.24325287342071533
255	OVA-C4-IPTM90-454	2	ai11_af3_bb3	AI11_AF3	0	1.0777465105056763	1.0044937133789062	1.0443817377090454	1.1224008798599243	1.1397100687026978	0.1352163553237915
255	OVA-C4-IPTM90-454	2	ai11_af3_bb3	AI11_AF3	1	1.0944713354110718	1.0692023038864136	1.0646798610687256	1.0931836366653442	1.150820016860962	0.08614015579223633
255	OVA-C4-IPTM90-454	2	ai11_af3_bb3	AI11_AF3	2	1.109775424003601	1.1117135286331177	1.0284160375595093	1.1469626426696777	1.1520092487335205	0.12359321117401123
255	OVA-C4-IPTM90-454	2	ai11_af3_bb3	AI11_AF3	3	1.0811318159103394	0.9730392694473267	1.2680244445800781	1.0436480045318604	1.0398153066635132	0.29498517513275146
256	OVA-C4-IPTM90-499	2	ai11_af3_bb3	AI11_AF3	0	1.3260626792907715	1.32658851146698	1.2435537576675415	1.2627626657485962	1.4713459014892578	0.2277921438217163
256	OVA-C4-IPTM90-499	2	ai11_af3_bb3	AI11_AF3	1	1.3131117820739746	1.2237751483917236	1.4316409826278687	1.3224968910217285	1.274533987045288	0.20786583423614502
256	OVA-C4-IPTM90-499	2	ai11_af3_bb3	AI11_AF3	2	1.3199909925460815	1.2324745655059814	1.312950611114502	1.4586608409881592	1.2758783102035522	0.22618627548217773
256	OVA-C4-IPTM90-499	2	ai11_af3_bb3	AI11_AF3	3	1.33930504322052	1.3131825923919678	1.4432493448257446	1.209574580192566	1.39121413230896	0.2336747646331787
257	OVA-C4-IPTM90-398	2	ai11_af3_bb3	AI11_AF3	0	1.003568172454834	0.9781325459480286	0.9293861985206604	0.9570230841636658	1.1497305631637573	0.22034436464309692
257	OVA-C4-IPTM90-398	2	ai11_af3_bb3	AI11_AF3	1	1.0005311965942383	1.053909182548523	0.9840282797813416	0.9975638389587402	0.9666236639022827	0.08728551864624023
257	OVA-C4-IPTM90-398	2	ai11_af3_bb3	AI11_AF3	2	1.0029890537261963	1.0183024406433105	0.9357517957687378	0.9842987656593323	1.0736029148101807	0.13785111904144287
257	OVA-C4-IPTM90-398	2	ai11_af3_bb3	AI11_AF3	3	1.0120065212249756	0.969989001750946	1.1419862508773804	0.9119367599487305	1.0241140127182007	0.2300494909286499
258	OVA-C4-IPTM90-445	2	ai11_af3_bb3	AI11_AF3	0	1.0066722631454468	0.985358476638794	0.9327720999717712	0.9638428688049316	1.1447155475616455	0.21194344758987427
258	OVA-C4-IPTM90-445	2	ai11_af3_bb3	AI11_AF3	1	1.004178524017334	1.0541789531707764	0.9934206008911133	1.003504753112793	0.9656099677085876	0.08856898546218872
258	OVA-C4-IPTM90-445	2	ai11_af3_bb3	AI11_AF3	2	1.007128357887268	1.024837851524353	0.9389750957489014	0.9905292987823486	1.0741713047027588	0.13519620895385742
258	OVA-C4-IPTM90-445	2	ai11_af3_bb3	AI11_AF3	3	1.018258810043335	0.9715913534164429	1.1553806066513062	0.919903576374054	1.026159644126892	0.2354770302772522
259	OVA-C4-IPTM90-487	2	ai11_af3_bb3	AI11_AF3	0	0.951080322265625	0.8838426470756531	0.9225912094116211	0.9507904648780823	1.047096848487854	0.16325420141220093
259	OVA-C4-IPTM90-487	2	ai11_af3_bb3	AI11_AF3	1	0.9422899484634399	0.9594642519950867	0.9686600565910339	0.9383408427238464	0.9026945233345032	0.06596553325653076
259	OVA-C4-IPTM90-487	2	ai11_af3_bb3	AI11_AF3	2	0.9506765007972717	0.9581097960472107	0.8571608662605286	0.9804753065109253	1.006960153579712	0.14979928731918335
259	OVA-C4-IPTM90-487	2	ai11_af3_bb3	AI11_AF3	3	0.9599037170410156	0.8375370502471924	1.1496379375457764	0.90067058801651	0.9517694711685181	0.312100887298584
260	OVA-C4-IPTM90-026	2	ai11_af3_bb3	AI11_AF3	0	1.2970728874206543	1.2563836574554443	1.2410999536514282	1.2598000764846802	1.431007981300354	0.18990802764892578
260	OVA-C4-IPTM90-026	2	ai11_af3_bb3	AI11_AF3	1	1.2892435789108276	1.3460427522659302	1.2732949256896973	1.2127034664154053	1.3249332904815674	0.1333392858505249
260	OVA-C4-IPTM90-026	2	ai11_af3_bb3	AI11_AF3	2	1.2891649007797241	1.2923986911773682	1.258557915687561	1.3049310445785522	1.3007726669311523	0.04637312889099121
260	OVA-C4-IPTM90-026	2	ai11_af3_bb3	AI11_AF3	3	1.2994574308395386	1.2192528247833252	1.4643746614456177	1.213838815689087	1.3003631830215454	0.25053584575653076
261	OVA-C4-IPTM90-334	2	ai11_af3_bb3	AI11_AF3	0	0.9848077893257141	0.905449390411377	0.958289623260498	0.9853231310844421	1.0901689529418945	0.18471956253051758
261	OVA-C4-IPTM90-334	2	ai11_af3_bb3	AI11_AF3	1	0.9725522398948669	0.9978398084640503	0.9991945624351501	0.9578198194503784	0.9353547096252441	0.063839852809906
261	OVA-C4-IPTM90-334	2	ai11_af3_bb3	AI11_AF3	2	0.9778900146484375	0.9698667526245117	0.9023175835609436	1.0057075023651123	1.0336681604385376	0.131350576877594
261	OVA-C4-IPTM90-334	2	ai11_af3_bb3	AI11_AF3	3	0.9797297716140747	0.8429722785949707	1.17125403881073	0.9247828125953674	0.9799100756645203	0.3282817602157593
262	OVA-C4-IPTM90-471	2	ai11_af3_bb3	AI11_AF3	0	1.2745848894119263	1.2609152793884277	1.1682106256484985	1.2648816108703613	1.404332160949707	0.2361215353012085
262	OVA-C4-IPTM90-471	2	ai11_af3_bb3	AI11_AF3	1	1.244949460029602	1.2334847450256348	1.3070037364959717	1.1638723611831665	1.2754366397857666	0.14313137531280518
262	OVA-C4-IPTM90-471	2	ai11_af3_bb3	AI11_AF3	2	1.2726340293884277	1.2262099981307983	1.2181001901626587	1.4105595350265503	1.2356669902801514	0.1924593448638916
262	OVA-C4-IPTM90-471	2	ai11_af3_bb3	AI11_AF3	3	1.298153281211853	1.2531192302703857	1.3984624147415161	1.2002646923065186	1.3407667875289917	0.19819772243499756
263	OVA-C4-IPTM90-455	2	ai11_af3_bb3	AI11_AF3	0	0.9479042887687683	0.8838361501693726	0.9078835248947144	0.9424433708190918	1.057454228401184	0.17361807823181152
263	OVA-C4-IPTM90-455	2	ai11_af3_bb3	AI11_AF3	1	0.9466298818588257	0.9508053660392761	0.9805635809898376	0.9432187080383301	0.9119316339492798	0.06863194704055786
263	OVA-C4-IPTM90-455	2	ai11_af3_bb3	AI11_AF3	2	0.9430333375930786	0.9372085332870483	0.8645164370536804	0.9849478006362915	0.9854607582092285	0.1209443211555481
263	OVA-C4-IPTM90-455	2	ai11_af3_bb3	AI11_AF3	3	0.9540950059890747	0.8206847906112671	1.1416311264038086	0.9039187431335449	0.9501457214355469	0.3209463357925415
264	OVA-C4-IPTM90-283	2	ai11_af3_bb3	AI11_AF3	0	1.4101265668869019	1.384796142578125	1.3324127197265625	1.3158870935440063	1.6074098348617554	0.291522741317749
264	OVA-C4-IPTM90-283	2	ai11_af3_bb3	AI11_AF3	1	1.4078876972198486	1.3432303667068481	1.4597504138946533	1.4553239345550537	1.373245358467102	0.11652004718780518
264	OVA-C4-IPTM90-283	2	ai11_af3_bb3	AI11_AF3	2	1.4156301021575928	1.3743971586227417	1.3924920558929443	1.5135397911071777	1.38209068775177	0.13914263248443604
264	OVA-C4-IPTM90-283	2	ai11_af3_bb3	AI11_AF3	3	1.4196869134902954	1.353029489517212	1.5650739669799805	1.319291114807129	1.4413528442382812	0.24578285217285156
265	OVA-C4-IPTM90-469	2	ai11_af3_bb3	AI11_AF3	0	1.0219806432724	1.0142508745193481	0.9473536610603333	0.9770999550819397	1.1492183208465576	0.20186465978622437
265	OVA-C4-IPTM90-469	2	ai11_af3_bb3	AI11_AF3	1	1.023688793182373	1.0638493299484253	1.0016121864318848	1.0291850566864014	1.0001084804534912	0.06374084949493408
265	OVA-C4-IPTM90-469	2	ai11_af3_bb3	AI11_AF3	2	1.0244296789169312	1.0471595525741577	0.9367148876190186	1.026511311531067	1.0873327255249023	0.1506178379058838
265	OVA-C4-IPTM90-469	2	ai11_af3_bb3	AI11_AF3	3	1.0305205583572388	0.9658243060112	1.1720854043960571	0.9405432939529419	1.0436292886734009	0.23154211044311523
266	OVA-C4-IPTM90-400	2	ai11_af3_bb3	AI11_AF3	0	1.3526560068130493	1.2902275323867798	1.3113514184951782	1.2905669212341309	1.5184777975082397	0.22825026512145996
266	OVA-C4-IPTM90-400	2	ai11_af3_bb3	AI11_AF3	1	1.3423869609832764	1.2896078824996948	1.4312602281570435	1.2968946695327759	1.3517853021621704	0.14165234565734863
266	OVA-C4-IPTM90-400	2	ai11_af3_bb3	AI11_AF3	2	1.3695911169052124	1.3550615310668945	1.2646558284759521	1.4707800149917603	1.3878668546676636	0.2061241865158081
266	OVA-C4-IPTM90-400	2	ai11_af3_bb3	AI11_AF3	3	1.3757548332214355	1.266660213470459	1.5588510036468506	1.2409000396728516	1.4366087913513184	0.317950963973999
267	OVA-C4-IPTM90-490	2	ai11_af3_bb3	AI11_AF3	0	1.3281651735305786	1.271254062652588	1.3103649616241455	1.2929006814956665	1.4381417036056519	0.16688764095306396
267	OVA-C4-IPTM90-490	2	ai11_af3_bb3	AI11_AF3	1	1.3325644731521606	1.2597736120224	1.4452953338623047	1.3448864221572876	1.2803033590316772	0.18552172183990479
267	OVA-C4-IPTM90-490	2	ai11_af3_bb3	AI11_AF3	2	1.339563012123108	1.294763207435608	1.2566092014312744	1.4338995218276978	1.3729798793792725	0.17729032039642334
267	OVA-C4-IPTM90-490	2	ai11_af3_bb3	AI11_AF3	3	1.3438119888305664	1.2513086795806885	1.5325393676757812	1.2358169555664062	1.3555830717086792	0.296722412109375
268	OVA-C4-IPTM90-161	2	ai11_af3_bb3	AI11_AF3	0	0.9687203168869019	0.8903047442436218	0.9465904235839844	0.9765059947967529	1.061480164527893	0.17117542028427124
268	OVA-C4-IPTM90-161	2	ai11_af3_bb3	AI11_AF3	1	0.959244966506958	0.9806355237960815	1.0037468671798706	0.9402340650558472	0.9123632311820984	0.09138363599777222
268	OVA-C4-IPTM90-161	2	ai11_af3_bb3	AI11_AF3	2	0.9632123112678528	0.9572071433067322	0.8718385696411133	0.9960611462593079	1.0277425050735474	0.15590393543243408
268	OVA-C4-IPTM90-161	2	ai11_af3_bb3	AI11_AF3	3	0.9749488234519958	0.8444814682006836	1.1798895597457886	0.9223009347915649	0.953123152256012	0.335408091545105
269	OVA-C4-IPTM90-071	2	ai11_af3_bb3	AI11_AF3	0	1.3371634483337402	1.301854133605957	1.27649986743927	1.3030719757080078	1.467227578163147	0.19072771072387695
269	OVA-C4-IPTM90-071	2	ai11_af3_bb3	AI11_AF3	1	1.3324042558670044	1.3505618572235107	1.3198838233947754	1.295846939086914	1.3633246421813965	0.06747770309448242
269	OVA-C4-IPTM90-071	2	ai11_af3_bb3	AI11_AF3	2	1.3302918672561646	1.2964423894882202	1.313913106918335	1.3446568250656128	1.3661549091339111	0.06971251964569092
269	OVA-C4-IPTM90-071	2	ai11_af3_bb3	AI11_AF3	3	1.3431921005249023	1.2939831018447876	1.5137720108032227	1.255874752998352	1.3091390132904053	0.2578972578048706
270	OVA-C4-IPTM90-060	2	ai11_af3_bb3	AI11_AF3	0	1.3236119747161865	1.2048512697219849	1.350688099861145	1.2863759994506836	1.4525328874588013	0.2476816177368164
270	OVA-C4-IPTM90-060	2	ai11_af3_bb3	AI11_AF3	1	1.3229492902755737	1.2681533098220825	1.382432222366333	1.2715040445327759	1.3697078227996826	0.11427891254425049
270	OVA-C4-IPTM90-060	2	ai11_af3_bb3	AI11_AF3	2	1.330374836921692	1.3771936893463135	1.2633880376815796	1.3277983665466309	1.353119969367981	0.11380565166473389
270	OVA-C4-IPTM90-060	2	ai11_af3_bb3	AI11_AF3	3	1.3252339363098145	1.1995604038238525	1.511023998260498	1.2379602193832397	1.3523908853530884	0.3114635944366455
271	OVA-C4-IPTM90-253	2	ai11_af3_bb3	AI11_AF3	0	1.3844738006591797	1.3386142253875732	1.2925359010696411	1.3145655393600464	1.5921800136566162	0.2996441125869751
271	OVA-C4-IPTM90-253	2	ai11_af3_bb3	AI11_AF3	1	1.394177794456482	1.3161332607269287	1.4517236948013306	1.432604432106018	1.3762497901916504	0.13559043407440186
271	OVA-C4-IPTM90-253	2	ai11_af3_bb3	AI11_AF3	2	1.4034885168075562	1.3500508069992065	1.3911657333374023	1.488974928855896	1.3837629556655884	0.13892412185668945
271	OVA-C4-IPTM90-253	2	ai11_af3_bb3	AI11_AF3	3	1.4052361249923706	1.3718149662017822	1.5335509777069092	1.3135420083999634	1.402036190032959	0.2200089693069458
272	OVA-C4-IPTM90-020	2	ai11_af3_bb3	AI11_AF3	0	1.3819248676300049	1.361922264099121	1.2755327224731445	1.3180370330810547	1.5722072124481201	0.2966744899749756
272	OVA-C4-IPTM90-020	2	ai11_af3_bb3	AI11_AF3	1	1.3781315088272095	1.3249292373657227	1.4247292280197144	1.41385817527771	1.34900963306427	0.0997999906539917
272	OVA-C4-IPTM90-020	2	ai11_af3_bb3	AI11_AF3	2	1.3905000686645508	1.328594446182251	1.3961187601089478	1.482612133026123	1.3546756505966187	0.15401768684387207
272	OVA-C4-IPTM90-020	2	ai11_af3_bb3	AI11_AF3	3	1.3916878700256348	1.3577035665512085	1.5346754789352417	1.2817367315292358	1.3926360607147217	0.25293874740600586
273	OVA-C4-IPTM90-048	2	ai11_af3_bb3	AI11_AF3	0	1.3770884275436401	1.2940373420715332	1.2961606979370117	1.3516499996185303	1.5665055513381958	0.2724682092666626
273	OVA-C4-IPTM90-048	2	ai11_af3_bb3	AI11_AF3	1	1.3688955307006836	1.3484464883804321	1.4297657012939453	1.3568767309188843	1.340494155883789	0.08927154541015625
273	OVA-C4-IPTM90-048	2	ai11_af3_bb3	AI11_AF3	2	1.397756814956665	1.317434549331665	1.3511806726455688	1.500837802886963	1.4215738773345947	0.18340325355529785
273	OVA-C4-IPTM90-048	2	ai11_af3_bb3	AI11_AF3	3	1.3949990272521973	1.321020483970642	1.5644878149032593	1.3395401239395142	1.3549474477767944	0.2434673309326172
274	OVA-C4-IPTM90-183	2	ai11_af3_bb3	AI11_AF3	0	1.365724802017212	1.3205572366714478	1.2563676834106445	1.3055297136306763	1.5804439783096313	0.3240762948989868
274	OVA-C4-IPTM90-183	2	ai11_af3_bb3	AI11_AF3	1	1.3708328008651733	1.321035623550415	1.4016448259353638	1.3985533714294434	1.3620977401733398	0.08060920238494873
274	OVA-C4-IPTM90-183	2	ai11_af3_bb3	AI11_AF3	2	1.394759178161621	1.3410313129425049	1.3524214029312134	1.4877996444702148	1.3977843523025513	0.14676833152770996
274	OVA-C4-IPTM90-183	2	ai11_af3_bb3	AI11_AF3	3	1.3893386125564575	1.3436448574066162	1.5370606184005737	1.2861520051956177	1.3904963731765747	0.25090861320495605
275	OVA-C4-IPTM90-480	2	ai11_af3_bb3	AI11_AF3	0	0.9439519643783569	0.8971040844917297	0.9075437784194946	0.9328374266624451	1.0383225679397583	0.14121848344802856
275	OVA-C4-IPTM90-480	2	ai11_af3_bb3	AI11_AF3	1	0.9489867687225342	0.971717119216919	0.9557921886444092	0.9372978806495667	0.9311395883560181	0.04057753086090088
275	OVA-C4-IPTM90-480	2	ai11_af3_bb3	AI11_AF3	2	0.9477512836456299	0.9381418824195862	0.8815205097198486	0.9545667171478271	1.0167760848999023	0.1352555751800537
275	OVA-C4-IPTM90-480	2	ai11_af3_bb3	AI11_AF3	3	0.9592616558074951	0.8605010509490967	1.1194957494735718	0.9020422101020813	0.9550074338912964	0.2589946985244751
276	OVA-C4-IPTM90-040	2	ai11_af3_bb3	AI11_AF3	0	1.3779475688934326	1.3630837202072144	1.303292989730835	1.2492259740829468	1.5961878299713135	0.3469618558883667
276	OVA-C4-IPTM90-040	2	ai11_af3_bb3	AI11_AF3	1	1.3896108865737915	1.3208235502243042	1.4547858238220215	1.412083625793457	1.3707510232925415	0.13396227359771729
276	OVA-C4-IPTM90-040	2	ai11_af3_bb3	AI11_AF3	2	1.4072961807250977	1.4006259441375732	1.3865655660629272	1.487966537475586	1.3540266752243042	0.13393986225128174
276	OVA-C4-IPTM90-040	2	ai11_af3_bb3	AI11_AF3	3	1.3914997577667236	1.3359580039978027	1.5155766010284424	1.2769769430160522	1.4374873638153076	0.23859965801239014
277	OVA-C4-IPTM90-389	2	ai11_af3_bb3	AI11_AF3	0	1.3461782932281494	1.2872697114944458	1.3209868669509888	1.3149861097335815	1.4614704847335815	0.17420077323913574
277	OVA-C4-IPTM90-389	2	ai11_af3_bb3	AI11_AF3	1	1.3422842025756836	1.3636094331741333	1.323359489440918	1.3149241209030151	1.3672444820404053	0.05232036113739014
277	OVA-C4-IPTM90-389	2	ai11_af3_bb3	AI11_AF3	2	1.3528125286102295	1.3690598011016846	1.265956163406372	1.3992717266082764	1.376962661743164	0.1333155632019043
277	OVA-C4-IPTM90-389	2	ai11_af3_bb3	AI11_AF3	3	1.351920485496521	1.259325623512268	1.5525277853012085	1.2740925550460815	1.3217363357543945	0.29320216178894043
278	OVA-C4-IPTM90-038	2	ai11_af3_bb3	AI11_AF3	0	1.3436920642852783	1.3090007305145264	1.3035930395126343	1.294306755065918	1.467867374420166	0.17356061935424805
278	OVA-C4-IPTM90-038	2	ai11_af3_bb3	AI11_AF3	1	1.344369649887085	1.3901947736740112	1.304887056350708	1.3000701665878296	1.3823268413543701	0.09012460708618164
278	OVA-C4-IPTM90-038	2	ai11_af3_bb3	AI11_AF3	2	1.3490264415740967	1.3532273769378662	1.295034646987915	1.3664753437042236	1.3813685178756714	0.08633387088775635
278	OVA-C4-IPTM90-038	2	ai11_af3_bb3	AI11_AF3	3	1.348960518836975	1.2804479598999023	1.5209392309188843	1.2569410800933838	1.33751380443573	0.2639981508255005
279	OVA-C4-IPTM90-014	2	ai11_af3_bb3	AI11_AF3	0	1.3480398654937744	1.2764616012573242	1.278921127319336	1.265354037284851	1.5714229345321655	0.30606889724731445
279	OVA-C4-IPTM90-014	2	ai11_af3_bb3	AI11_AF3	1	1.3568980693817139	1.2707053422927856	1.4147945642471313	1.4132527112960815	1.3288395404815674	0.1440892219543457
279	OVA-C4-IPTM90-014	2	ai11_af3_bb3	AI11_AF3	2	1.3681957721710205	1.3064844608306885	1.364152193069458	1.4656685590744019	1.3364782333374023	0.15918409824371338
279	OVA-C4-IPTM90-014	2	ai11_af3_bb3	AI11_AF3	3	1.366559386253357	1.3423752784729004	1.4788814783096313	1.2594646215438843	1.3855161666870117	0.21941685676574707
280	OVA-C4-IPTM90-155	2	ai11_af3_bb3	AI11_AF3	0	1.2889246940612793	1.2422254085540771	1.2606201171875	1.2424707412719727	1.4103819131851196	0.16815650463104248
280	OVA-C4-IPTM90-155	2	ai11_af3_bb3	AI11_AF3	1	1.2976807355880737	1.2978506088256836	1.3215117454528809	1.2589950561523438	1.3123655319213867	0.06251668930053711
280	OVA-C4-IPTM90-155	2	ai11_af3_bb3	AI11_AF3	2	1.3092265129089355	1.3135204315185547	1.2468945980072021	1.3598237037658691	1.316667079925537	0.11292910575866699
280	OVA-C4-IPTM90-155	2	ai11_af3_bb3	AI11_AF3	3	1.3016366958618164	1.2198102474212646	1.4840296506881714	1.2161574363708496	1.2865495681762695	0.2678722143173218
281	OVA-C4-IPTM90-176	2	ai11_af3_bb3	AI11_AF3	0	1.415921688079834	1.4203683137893677	1.2883596420288086	1.3409571647644043	1.6140016317367554	0.3256419897079468
281	OVA-C4-IPTM90-176	2	ai11_af3_bb3	AI11_AF3	1	1.4261045455932617	1.3913371562957764	1.4474953413009644	1.4369333982467651	1.4286519289016724	0.05615818500518799
281	OVA-C4-IPTM90-176	2	ai11_af3_bb3	AI11_AF3	2	1.429196834564209	1.3499095439910889	1.447190761566162	1.5065360069274902	1.4131509065628052	0.15662646293640137
281	OVA-C4-IPTM90-176	2	ai11_af3_bb3	AI11_AF3	3	1.4220867156982422	1.4176517724990845	1.52898108959198	1.2991523742675781	1.4425623416900635	0.22982871532440186
282	OVA-C4-IPTM90-039	2	ai11_af3_bb3	AI11_AF3	0	1.3749613761901855	1.3083617687225342	1.353434681892395	1.3443812131881714	1.4936679601669312	0.18530619144439697
282	OVA-C4-IPTM90-039	2	ai11_af3_bb3	AI11_AF3	1	1.367724061012268	1.3844740390777588	1.3665378093719482	1.3450067043304443	1.3748775720596313	0.03946733474731445
282	OVA-C4-IPTM90-039	2	ai11_af3_bb3	AI11_AF3	2	1.3654358386993408	1.3724100589752197	1.3037793636322021	1.4148569107055664	1.3706966638565063	0.11107754707336426
282	OVA-C4-IPTM90-039	2	ai11_af3_bb3	AI11_AF3	3	1.3797653913497925	1.2677109241485596	1.5906853675842285	1.3013540506362915	1.3593113422393799	0.32297444343566895
283	OVA-C4-IPTM90-200	2	ai11_af3_bb3	AI11_AF3	0	1.3332387208938599	1.2893316745758057	1.2381547689437866	1.2529391050338745	1.552529215812683	0.3143744468688965
283	OVA-C4-IPTM90-200	2	ai11_af3_bb3	AI11_AF3	1	1.3371949195861816	1.2805920839309692	1.3755362033843994	1.3649733066558838	1.3276783227920532	0.09494411945343018
283	OVA-C4-IPTM90-200	2	ai11_af3_bb3	AI11_AF3	2	1.3682873249053955	1.3270500898361206	1.3519302606582642	1.4467581510543823	1.3474111557006836	0.11970806121826172
283	OVA-C4-IPTM90-200	2	ai11_af3_bb3	AI11_AF3	3	1.3680983781814575	1.3336178064346313	1.5052173137664795	1.2624003887176514	1.3711580038070679	0.24281692504882812
284	OVA-C4-IPTM90-111	2	ai11_af3_bb3	AI11_AF3	0	1.439181923866272	1.4211013317108154	1.3298757076263428	1.377454161643982	1.6282964944839478	0.298420786857605
284	OVA-C4-IPTM90-111	2	ai11_af3_bb3	AI11_AF3	1	1.4331684112548828	1.3837941884994507	1.4749653339385986	1.4469865560531616	1.4269272089004517	0.09117114543914795
284	OVA-C4-IPTM90-111	2	ai11_af3_bb3	AI11_AF3	2	1.4393491744995117	1.3910943269729614	1.4450693130493164	1.5306340456008911	1.390599012374878	0.14003503322601318
284	OVA-C4-IPTM90-111	2	ai11_af3_bb3	AI11_AF3	3	1.4413079023361206	1.3899317979812622	1.5896282196044922	1.340970516204834	1.4447009563446045	0.2486577033996582
285	OVA-C4-IPTM90-005	2	ai11_af3_bb3	AI11_AF3	0	1.375227451324463	1.3230783939361572	1.299320101737976	1.2846763134002686	1.5938349962234497	0.30915868282318115
285	OVA-C4-IPTM90-005	2	ai11_af3_bb3	AI11_AF3	1	1.3859165906906128	1.3054654598236084	1.4440988302230835	1.4386560916900635	1.3554459810256958	0.1386333703994751
285	OVA-C4-IPTM90-005	2	ai11_af3_bb3	AI11_AF3	2	1.4026800394058228	1.3585506677627563	1.3926420211791992	1.4830951690673828	1.376431941986084	0.12454450130462646
285	OVA-C4-IPTM90-005	2	ai11_af3_bb3	AI11_AF3	3	1.4015905857086182	1.3714687824249268	1.5302796363830566	1.2973213195800781	1.407292366027832	0.23295831680297852
286	OVA-C4-IPTM90-363	2	ai11_af3_bb3	AI11_AF3	0	1.3615213632583618	1.3199280500411987	1.3113632202148438	1.274827480316162	1.5399671792984009	0.26513969898223877
286	OVA-C4-IPTM90-363	2	ai11_af3_bb3	AI11_AF3	1	1.3845411539077759	1.2775633335113525	1.4939733743667603	1.3835490942001343	1.383079171180725	0.21641004085540771
286	OVA-C4-IPTM90-363	2	ai11_af3_bb3	AI11_AF3	2	1.3918076753616333	1.347179651260376	1.380810022354126	1.433362364768982	1.4058791399002075	0.08618271350860596
286	OVA-C4-IPTM90-363	2	ai11_af3_bb3	AI11_AF3	3	1.3716003894805908	1.3481334447860718	1.4491602182388306	1.2256278991699219	1.4634802341461182	0.2378523349761963
287	OVA-C4-IPTM90-227	2	ai11_af3_bb3	AI11_AF3	0	1.347059965133667	1.35029137134552	1.2650394439697266	1.209010362625122	1.5638988018035889	0.3548884391784668
287	OVA-C4-IPTM90-227	2	ai11_af3_bb3	AI11_AF3	1	1.3650676012039185	1.3578578233718872	1.3831148147583008	1.3503061532974243	1.3689916133880615	0.032808661460876465
287	OVA-C4-IPTM90-227	2	ai11_af3_bb3	AI11_AF3	2	1.3785852193832397	1.3796478509902954	1.3411637544631958	1.4473735094070435	1.3461554050445557	0.10620975494384766
287	OVA-C4-IPTM90-227	2	ai11_af3_bb3	AI11_AF3	3	1.3693056106567383	1.3446903228759766	1.4705138206481934	1.226223349571228	1.435794711112976	0.24429047107696533
288	OVA-C4-IPTM90-174	2	ai11_af3_bb3	AI11_AF3	0	1.4460234642028809	1.4429385662078857	1.358210563659668	1.3675332069396973	1.6154110431671143	0.2572004795074463
288	OVA-C4-IPTM90-174	2	ai11_af3_bb3	AI11_AF3	1	1.4492624998092651	1.4087835550308228	1.4912171363830566	1.4694925546646118	1.4275568723678589	0.08243358135223389
288	OVA-C4-IPTM90-174	2	ai11_af3_bb3	AI11_AF3	2	1.4536973237991333	1.4113235473632812	1.4330612421035767	1.5630996227264404	1.407304286956787	0.15579533576965332
288	OVA-C4-IPTM90-174	2	ai11_af3_bb3	AI11_AF3	3	1.4526941776275635	1.3964283466339111	1.603069543838501	1.3437256813049316	1.4675530195236206	0.25934386253356934
289	OVA-C4-IPTM90-033	2	ai11_af3_bb3	AI11_AF3	0	1.4057246446609497	1.3588002920150757	1.3292176723480225	1.3183584213256836	1.6165212392807007	0.2981628179550171
289	OVA-C4-IPTM90-033	2	ai11_af3_bb3	AI11_AF3	1	1.418680191040039	1.348433256149292	1.4682483673095703	1.4758260250091553	1.3822132349014282	0.12739276885986328
289	OVA-C4-IPTM90-033	2	ai11_af3_bb3	AI11_AF3	2	1.4288238286972046	1.3712900876998901	1.3968957662582397	1.5282807350158691	1.4188288450241089	0.156990647315979
289	OVA-C4-IPTM90-033	2	ai11_af3_bb3	AI11_AF3	3	1.4222580194473267	1.3743538856506348	1.560731053352356	1.3176817893981934	1.436265468597412	0.2430492639541626
290	OVA-C4-IPTM90-036	2	ai11_af3_bb3	AI11_AF3	0	1.2820085287094116	1.2205010652542114	1.2555410861968994	1.2496864795684814	1.402305245399475	0.18180418014526367
290	OVA-C4-IPTM90-036	2	ai11_af3_bb3	AI11_AF3	1	1.2994877099990845	1.2957651615142822	1.3232171535491943	1.2544139623641968	1.3245550394058228	0.07014107704162598
290	OVA-C4-IPTM90-036	2	ai11_af3_bb3	AI11_AF3	2	1.3037772178649902	1.3113545179367065	1.2356942892074585	1.3704637289047241	1.2975965738296509	0.13476943969726562
290	OVA-C4-IPTM90-036	2	ai11_af3_bb3	AI11_AF3	3	1.293355941772461	1.2080607414245605	1.4725661277770996	1.2066794633865356	1.286117434501648	0.26588666439056396
291	OVA-C4-IPTM90-285	2	ai11_af3_bb3	AI11_AF3	0	1.320610523223877	1.252297043800354	1.2890422344207764	1.3288698196411133	1.4122328758239746	0.1599358320236206
291	OVA-C4-IPTM90-285	2	ai11_af3_bb3	AI11_AF3	1	1.3000586032867432	1.3411580324172974	1.2822597026824951	1.2300394773483276	1.3467768430709839	0.11673736572265625
291	OVA-C4-IPTM90-285	2	ai11_af3_bb3	AI11_AF3	2	1.3028351068496704	1.3184188604354858	1.2364482879638672	1.3481286764144897	1.3083443641662598	0.11168038845062256
291	OVA-C4-IPTM90-285	2	ai11_af3_bb3	AI11_AF3	3	1.3212772607803345	1.2189096212387085	1.5093001127243042	1.2792667150497437	1.277632474899292	0.2903904914855957
292	OVA-C4-IPTM90-089	2	ai11_af3_bb3	AI11_AF3	0	1.4123799800872803	1.3874555826187134	1.3462660312652588	1.3087912797927856	1.6070070266723633	0.29821574687957764
292	OVA-C4-IPTM90-089	2	ai11_af3_bb3	AI11_AF3	1	1.4162734746932983	1.35431706905365	1.4650863409042358	1.4847086668014526	1.3609822988510132	0.13039159774780273
292	OVA-C4-IPTM90-089	2	ai11_af3_bb3	AI11_AF3	2	1.4223308563232422	1.3846243619918823	1.3972710371017456	1.5265474319458008	1.3808802366256714	0.1456671953201294
292	OVA-C4-IPTM90-089	2	ai11_af3_bb3	AI11_AF3	3	1.4269272089004517	1.3620902299880981	1.563839077949524	1.332545280456543	1.4492343664169312	0.23129379749298096
293	OVA-C4-IPTM90-080	2	ai11_af3_bb3	AI11_AF3	0	1.3256704807281494	1.2433748245239258	1.3022810220718384	1.298434853553772	1.4585916996002197	0.21521687507629395
293	OVA-C4-IPTM90-080	2	ai11_af3_bb3	AI11_AF3	1	1.3254954814910889	1.323158860206604	1.3079859018325806	1.323783278465271	1.3470544815063477	0.03906857967376709
293	OVA-C4-IPTM90-080	2	ai11_af3_bb3	AI11_AF3	2	1.3300999402999878	1.320260763168335	1.263741135597229	1.383943796157837	1.352453589439392	0.12020266056060791
293	OVA-C4-IPTM90-080	2	ai11_af3_bb3	AI11_AF3	3	1.3284261226654053	1.246981143951416	1.514854073524475	1.243753433227539	1.308115005493164	0.27110064029693604
294	OVA-C4-IPTM90-106	2	ai11_af3_bb3	AI11_AF3	0	1.419699788093567	1.466296911239624	1.3058315515518188	1.2894006967544556	1.617270588874817	0.32786989212036133
294	OVA-C4-IPTM90-106	2	ai11_af3_bb3	AI11_AF3	1	1.4375518560409546	1.4170622825622559	1.4692491292953491	1.4535959959030151	1.4103002548217773	0.05894887447357178
294	OVA-C4-IPTM90-106	2	ai11_af3_bb3	AI11_AF3	2	1.4447367191314697	1.4100855588912964	1.441884994506836	1.5336322784423828	1.3933441638946533	0.1402881145477295
294	OVA-C4-IPTM90-106	2	ai11_af3_bb3	AI11_AF3	3	1.4302725791931152	1.4007163047790527	1.542121410369873	1.2827235460281372	1.495529055595398	0.25939786434173584
295	OVA-C4-IPTM90-257	2	ai11_af3_bb3	AI11_AF3	0	1.407828450202942	1.3404439687728882	1.3601735830307007	1.3522062301635742	1.5784897804260254	0.2380458116531372
295	OVA-C4-IPTM90-257	2	ai11_af3_bb3	AI11_AF3	1	1.4114512205123901	1.2888277769088745	1.5067490339279175	1.4648315906524658	1.3853964805603027	0.21792125701904297
295	OVA-C4-IPTM90-257	2	ai11_af3_bb3	AI11_AF3	2	1.41797935962677	1.3891687393188477	1.3637703657150269	1.494307279586792	1.4246712923049927	0.13053691387176514
295	OVA-C4-IPTM90-257	2	ai11_af3_bb3	AI11_AF3	3	1.414562463760376	1.3454819917678833	1.564018726348877	1.27781081199646	1.4709385633468628	0.286207914352417
296	OVA-C4-IPTM90-027	2	ai11_af3_bb3	AI11_AF3	0	1.4123940467834473	1.4124040603637695	1.332912564277649	1.341153860092163	1.563105583190918	0.23019301891326904
296	OVA-C4-IPTM90-027	2	ai11_af3_bb3	AI11_AF3	1	1.4079153537750244	1.3469183444976807	1.471753478050232	1.4395614862442017	1.3734283447265625	0.12483513355255127
296	OVA-C4-IPTM90-027	2	ai11_af3_bb3	AI11_AF3	2	1.3866840600967407	1.3281834125518799	1.3908611536026	1.5027375221252441	1.3249540328979492	0.17778348922729492
296	OVA-C4-IPTM90-027	2	ai11_af3_bb3	AI11_AF3	3	1.40239417552948	1.360207200050354	1.5292377471923828	1.276286244392395	1.443845510482788	0.2529515027999878
297	OVA-C4-IPTM90-375	2	ai11_af3_bb3	AI11_AF3	0	1.3784892559051514	1.3565329313278198	1.30243718624115	1.2839927673339844	1.5709941387176514	0.287001371383667
297	OVA-C4-IPTM90-375	2	ai11_af3_bb3	AI11_AF3	1	1.3831970691680908	1.2858433723449707	1.4171324968338013	1.4929988384246826	1.3368136882781982	0.20715546607971191
297	OVA-C4-IPTM90-375	2	ai11_af3_bb3	AI11_AF3	2	1.400639295578003	1.3475056886672974	1.3671457767486572	1.511745810508728	1.3761597871780396	0.16424012184143066
297	OVA-C4-IPTM90-375	2	ai11_af3_bb3	AI11_AF3	3	1.3904951810836792	1.344252109527588	1.5298099517822266	1.2772213220596313	1.410697340965271	0.2525886297225952
298	OVA-C4-IPTM90-054	2	ai11_af3_bb3	AI11_AF3	0	1.3973435163497925	1.3305792808532715	1.3536721467971802	1.3799470663070679	1.5251761674880981	0.19459688663482666
298	OVA-C4-IPTM90-054	2	ai11_af3_bb3	AI11_AF3	1	1.3868448734283447	1.3922799825668335	1.3922480344772339	1.3497627973556519	1.413089394569397	0.06332659721374512
298	OVA-C4-IPTM90-054	2	ai11_af3_bb3	AI11_AF3	2	1.38840651512146	1.3947683572769165	1.3478766679763794	1.417278528213501	1.3937017917633057	0.06940186023712158
298	OVA-C4-IPTM90-054	2	ai11_af3_bb3	AI11_AF3	3	1.4045871496200562	1.2989929914474487	1.6189213991165161	1.338667869567871	1.3617666959762573	0.3199284076690674
299	OVA-C4-IPTM90-305	2	ai11_af3_bb3	AI11_AF3	0	1.403409719467163	1.3393726348876953	1.3326994180679321	1.3176929950714111	1.6238738298416138	0.30618083477020264
299	OVA-C4-IPTM90-305	2	ai11_af3_bb3	AI11_AF3	1	1.4082108736038208	1.3304033279418945	1.4656810760498047	1.4412474632263184	1.395511507987976	0.13527774810791016
299	OVA-C4-IPTM90-305	2	ai11_af3_bb3	AI11_AF3	2	1.4152302742004395	1.3796401023864746	1.4114320278167725	1.5016666650772095	1.3681817054748535	0.13348495960235596
299	OVA-C4-IPTM90-305	2	ai11_af3_bb3	AI11_AF3	3	1.4216735363006592	1.374428629875183	1.5528331995010376	1.3201491832733154	1.4392832517623901	0.23268401622772217
300	OVA-C4-IPTM90-219	2	ai11_af3_bb3	AI11_AF3	0	1.350693702697754	1.3423175811767578	1.248455286026001	1.2565557956695557	1.5554468631744385	0.3069915771484375
300	OVA-C4-IPTM90-219	2	ai11_af3_bb3	AI11_AF3	1	1.3749462366104126	1.3414546251296997	1.4108119010925293	1.3865785598754883	1.3609405755996704	0.06935727596282959
300	OVA-C4-IPTM90-219	2	ai11_af3_bb3	AI11_AF3	2	1.3726856708526611	1.3008935451507568	1.3828924894332886	1.4633431434631348	1.343613862991333	0.16244959831237793
300	OVA-C4-IPTM90-219	2	ai11_af3_bb3	AI11_AF3	3	1.3587071895599365	1.3551872968673706	1.4679975509643555	1.1991571187973022	1.4124871492385864	0.2688404321670532
301	OVA-C4-IPTM90-019	2	ai11_af3_bb3	AI11_AF3	0	1.365620493888855	1.2708494663238525	1.3631391525268555	1.3780698776245117	1.450424075126648	0.1795746088027954
301	OVA-C4-IPTM90-019	2	ai11_af3_bb3	AI11_AF3	1	1.3625015020370483	1.3058195114135742	1.4026591777801514	1.3429007530212402	1.3986263275146484	0.09683966636657715
301	OVA-C4-IPTM90-019	2	ai11_af3_bb3	AI11_AF3	2	1.362703800201416	1.371148705482483	1.2743397951126099	1.400295615196228	1.4050309658050537	0.13069117069244385
301	OVA-C4-IPTM90-019	2	ai11_af3_bb3	AI11_AF3	3	1.3604414463043213	1.2479121685028076	1.5646419525146484	1.2571098804473877	1.3721014261245728	0.3167297840118408
302	OVA-C4-IPTM90-101	2	ai11_af3_bb3	AI11_AF3	0	1.3127678632736206	1.2448065280914307	1.2890533208847046	1.295405387878418	1.42180597782135	0.17699944972991943
302	OVA-C4-IPTM90-101	2	ai11_af3_bb3	AI11_AF3	1	1.310004711151123	1.3309986591339111	1.3341279029846191	1.2318575382232666	1.3430352210998535	0.11117768287658691
302	OVA-C4-IPTM90-101	2	ai11_af3_bb3	AI11_AF3	2	1.321268081665039	1.3543518781661987	1.243642807006836	1.3638334274291992	1.3232440948486328	0.12019062042236328
302	OVA-C4-IPTM90-101	2	ai11_af3_bb3	AI11_AF3	3	1.3375300168991089	1.2280586957931519	1.5174068212509155	1.283497929573059	1.3211557865142822	0.28934812545776367
303	OVA-C4-IPTM90-318	2	ai11_af3_bb3	AI11_AF3	0	1.4002617597579956	1.3328360319137573	1.36143958568573	1.3420335054397583	1.5647379159927368	0.2319018840789795
303	OVA-C4-IPTM90-318	2	ai11_af3_bb3	AI11_AF3	1	1.4063842296600342	1.2841293811798096	1.5054750442504883	1.447946310043335	1.3879858255386353	0.2213456630706787
303	OVA-C4-IPTM90-318	2	ai11_af3_bb3	AI11_AF3	2	1.4193223714828491	1.3870608806610107	1.371944785118103	1.497536063194275	1.4207477569580078	0.12559127807617188
303	OVA-C4-IPTM90-318	2	ai11_af3_bb3	AI11_AF3	3	1.4077693223953247	1.3500990867614746	1.5382640361785889	1.2901976108551025	1.4525163173675537	0.24806642532348633
304	OVA-C4-IPTM90-193	2	ai11_af3_bb3	AI11_AF3	0	1.3858493566513062	1.3396412134170532	1.3138608932495117	1.2861326932907104	1.6037622690200806	0.3176295757293701
304	OVA-C4-IPTM90-193	2	ai11_af3_bb3	AI11_AF3	1	1.394456148147583	1.3184162378311157	1.4320358037948608	1.4599195718765259	1.3674535751342773	0.14150333404541016
304	OVA-C4-IPTM90-193	2	ai11_af3_bb3	AI11_AF3	2	1.4120255708694458	1.3616338968276978	1.3816519975662231	1.500809907913208	1.404006838798523	0.13917601108551025
304	OVA-C4-IPTM90-193	2	ai11_af3_bb3	AI11_AF3	3	1.3969954252243042	1.3602062463760376	1.5260666608810425	1.2897714376449585	1.4119367599487305	0.23629522323608398
305	OVA-C4-IPTM90-087	2	ai11_af3_bb3	AI11_AF3	0	1.3748081922531128	1.3453401327133179	1.3361878395080566	1.2988370656967163	1.5188674926757812	0.22003042697906494
305	OVA-C4-IPTM90-087	2	ai11_af3_bb3	AI11_AF3	1	1.3815093040466309	1.408200979232788	1.3734610080718994	1.312549352645874	1.4318263530731201	0.1192770004272461
305	OVA-C4-IPTM90-087	2	ai11_af3_bb3	AI11_AF3	2	1.3900867700576782	1.4147831201553345	1.3299014568328857	1.4058674573898315	1.4097950458526611	0.08488166332244873
305	OVA-C4-IPTM90-087	2	ai11_af3_bb3	AI11_AF3	3	1.3915736675262451	1.3073409795761108	1.5605627298355103	1.2918636798858643	1.4065275192260742	0.268699049949646
306	OVA-C4-IPTM90-032	2	ai11_af3_bb3	AI11_AF3	0	1.346218228340149	1.3468433618545532	1.236758828163147	1.2588838338851929	1.5423872470855713	0.3056284189224243
306	OVA-C4-IPTM90-032	2	ai11_af3_bb3	AI11_AF3	1	1.3518860340118408	1.3206384181976318	1.4018545150756836	1.3455383777618408	1.339512825012207	0.08121609687805176
306	OVA-C4-IPTM90-032	2	ai11_af3_bb3	AI11_AF3	2	1.3827941417694092	1.3639217615127563	1.3359928131103516	1.4737390279769897	1.357522964477539	0.13774621486663818
306	OVA-C4-IPTM90-032	2	ai11_af3_bb3	AI11_AF3	3	1.3799128532409668	1.3353866338729858	1.5239681005477905	1.2489572763442993	1.4113394021987915	0.2750108242034912
307	OVA-C4-IPTM90-191	2	ai11_af3_bb3	AI11_AF3	0	1.4473642110824585	1.3870408535003662	1.4138990640640259	1.3699413537979126	1.6185749769210815	0.24863362312316895
307	OVA-C4-IPTM90-191	2	ai11_af3_bb3	AI11_AF3	1	1.4423317909240723	1.342259168624878	1.5358694791793823	1.45632004737854	1.434877872467041	0.1936103105545044
307	OVA-C4-IPTM90-191	2	ai11_af3_bb3	AI11_AF3	2	1.4542796611785889	1.446832299232483	1.4156630039215088	1.5181339979171753	1.436489224433899	0.1024709939956665
307	OVA-C4-IPTM90-191	2	ai11_af3_bb3	AI11_AF3	3	1.450365662574768	1.3724147081375122	1.5878738164901733	1.3347588777542114	1.5064152479171753	0.2531149387359619
308	OVA-C4-IPTM90-223	2	ai11_af3_bb3	AI11_AF3	0	1.430899739265442	1.4158660173416138	1.3056001663208008	1.3762409687042236	1.6258916854858398	0.32029151916503906
308	OVA-C4-IPTM90-223	2	ai11_af3_bb3	AI11_AF3	1	1.4203304052352905	1.3975133895874023	1.433096170425415	1.424272060394287	1.4264403581619263	0.035582780838012695
308	OVA-C4-IPTM90-223	2	ai11_af3_bb3	AI11_AF3	2	1.4395008087158203	1.3894805908203125	1.4116357564926147	1.5444772243499756	1.4124099016189575	0.15499663352966309
308	OVA-C4-IPTM90-223	2	ai11_af3_bb3	AI11_AF3	3	1.4386701583862305	1.3803653717041016	1.6060314178466797	1.3208154439926147	1.4474681615829468	0.28521597385406494
309	OVA-C4-IPTM90-096	2	ai11_af3_bb3	AI11_AF3	0	1.3391904830932617	1.2475355863571167	1.3247599601745605	1.3098856210708618	1.4745807647705078	0.2270451784133911
309	OVA-C4-IPTM90-096	2	ai11_af3_bb3	AI11_AF3	1	1.3425350189208984	1.345578670501709	1.3157597780227661	1.3304955959320068	1.3783060312271118	0.0625462532043457
309	OVA-C4-IPTM90-096	2	ai11_af3_bb3	AI11_AF3	2	1.3512390851974487	1.3592756986618042	1.2486333847045898	1.4125615358352661	1.3844857215881348	0.16392815113067627
309	OVA-C4-IPTM90-096	2	ai11_af3_bb3	AI11_AF3	3	1.3529205322265625	1.2567923069000244	1.5422850847244263	1.285874366760254	1.3267303705215454	0.28549277782440186
310	OVA-C4-IPTM90-312	2	ai11_af3_bb3	AI11_AF3	0	1.4655354022979736	1.4067559242248535	1.4418234825134277	1.3970657587051392	1.6164963245391846	0.2194305658340454
310	OVA-C4-IPTM90-312	2	ai11_af3_bb3	AI11_AF3	1	1.4541981220245361	1.4626479148864746	1.518191933631897	1.4358330965042114	1.4001199007034302	0.1180720329284668
310	OVA-C4-IPTM90-312	2	ai11_af3_bb3	AI11_AF3	2	1.4605666399002075	1.4252498149871826	1.364498496055603	1.5895622968673706	1.4629563093185425	0.22506380081176758
310	OVA-C4-IPTM90-312	2	ai11_af3_bb3	AI11_AF3	3	1.4761089086532593	1.3690776824951172	1.6600210666656494	1.420743703842163	1.454593300819397	0.2909433841705322
311	OVA-C4-IPTM90-132	2	ai11_af3_bb3	AI11_AF3	0	1.3227685689926147	1.238303303718567	1.3180826902389526	1.278847098350525	1.4558416604995728	0.21753835678100586
311	OVA-C4-IPTM90-132	2	ai11_af3_bb3	AI11_AF3	1	1.3235026597976685	1.328905701637268	1.3330495357513428	1.276292085647583	1.3557631969451904	0.07947111129760742
311	OVA-C4-IPTM90-132	2	ai11_af3_bb3	AI11_AF3	2	1.3274483680725098	1.350138783454895	1.2666624784469604	1.3622268438339233	1.3307652473449707	0.09556436538696289
311	OVA-C4-IPTM90-132	2	ai11_af3_bb3	AI11_AF3	3	1.3411933183670044	1.2374745607376099	1.5379718542099	1.2607197761535645	1.3286076784133911	0.30049729347229004
312	OVA-C4-IPTM90-367	2	ai11_af3_bb3	AI11_AF3	0	1.4333679676055908	1.3705652952194214	1.4046640396118164	1.3645710945129395	1.5936710834503174	0.22909998893737793
312	OVA-C4-IPTM90-367	2	ai11_af3_bb3	AI11_AF3	1	1.4407333135604858	1.314321517944336	1.5438374280929565	1.4864908456802368	1.4182827472686768	0.2295159101486206
312	OVA-C4-IPTM90-367	2	ai11_af3_bb3	AI11_AF3	2	1.4379302263259888	1.4224450588226318	1.4044407606124878	1.5134339332580566	1.4114009141921997	0.10899317264556885
312	OVA-C4-IPTM90-367	2	ai11_af3_bb3	AI11_AF3	3	1.4293348789215088	1.3625311851501465	1.5588977336883545	1.2970737218856812	1.4988362789154053	0.26182401180267334
313	OVA-C4-IPTM90-164	2	ai11_af3_bb3	AI11_AF3	0	1.353652000427246	1.348238468170166	1.2744004726409912	1.2377493381500244	1.5542196035385132	0.31647026538848877
313	OVA-C4-IPTM90-164	2	ai11_af3_bb3	AI11_AF3	1	1.3762394189834595	1.3242685794830322	1.4037173986434937	1.3888229131698608	1.3881494998931885	0.07944881916046143
313	OVA-C4-IPTM90-164	2	ai11_af3_bb3	AI11_AF3	2	1.398874044418335	1.4228886365890503	1.3207453489303589	1.500014066696167	1.3518489599227905	0.1792687177658081
313	OVA-C4-IPTM90-164	2	ai11_af3_bb3	AI11_AF3	3	1.3710825443267822	1.3249919414520264	1.493160605430603	1.2444474697113037	1.421730637550354	0.24871313571929932
314	OVA-C4-IPTM90-092	2	ai11_af3_bb3	AI11_AF3	0	1.45876145362854	1.4889003038406372	1.3503293991088867	1.3455461263656616	1.6502697467803955	0.3047236204147339
314	OVA-C4-IPTM90-092	2	ai11_af3_bb3	AI11_AF3	1	1.4525114297866821	1.4458608627319336	1.464430570602417	1.4653340578079224	1.4344203472137451	0.030913710594177246
314	OVA-C4-IPTM90-092	2	ai11_af3_bb3	AI11_AF3	2	1.4550436735153198	1.4160610437393188	1.455320119857788	1.530765414237976	1.4180285930633545	0.11470437049865723
314	OVA-C4-IPTM90-092	2	ai11_af3_bb3	AI11_AF3	3	1.4608795642852783	1.4208083152770996	1.5965168476104736	1.3197274208068848	1.506466031074524	0.27678942680358887
315	OVA-C4-IPTM90-012	2	ai11_af3_bb3	AI11_AF3	0	1.4010539054870605	1.3319875001907349	1.386981725692749	1.3637579679489136	1.5214887857437134	0.18950128555297852
315	OVA-C4-IPTM90-012	2	ai11_af3_bb3	AI11_AF3	1	1.3930277824401855	1.4017808437347412	1.381518006324768	1.3605040311813354	1.4283090829849243	0.06780505180358887
315	OVA-C4-IPTM90-012	2	ai11_af3_bb3	AI11_AF3	2	1.4028620719909668	1.4196120500564575	1.323975682258606	1.4404047727584839	1.4274553060531616	0.11642909049987793
315	OVA-C4-IPTM90-012	2	ai11_af3_bb3	AI11_AF3	3	1.4151678085327148	1.3067917823791504	1.6194570064544678	1.3527100086212158	1.3817124366760254	0.3126652240753174
316	OVA-C4-IPTM90-028	2	ai11_af3_bb3	AI11_AF3	0	1.406618595123291	1.332668423652649	1.349617838859558	1.3579422235488892	1.5862456560134888	0.25357723236083984
316	OVA-C4-IPTM90-028	2	ai11_af3_bb3	AI11_AF3	1	1.4041763544082642	1.3066766262054443	1.4767369031906128	1.3948088884353638	1.4384829998016357	0.17006027698516846
316	OVA-C4-IPTM90-028	2	ai11_af3_bb3	AI11_AF3	2	1.4169236421585083	1.4143146276474	1.3844822645187378	1.4647084474563599	1.4041885137557983	0.08022618293762207
316	OVA-C4-IPTM90-028	2	ai11_af3_bb3	AI11_AF3	3	1.4049183130264282	1.3426103591918945	1.5382682085037231	1.2729226350784302	1.465871810913086	0.26534557342529297
317	OVA-C4-IPTM90-393	2	ai11_af3_bb3	AI11_AF3	0	1.4336656332015991	1.3425886631011963	1.4484858512878418	1.4270106554031372	1.5165777206420898	0.17398905754089355
317	OVA-C4-IPTM90-393	2	ai11_af3_bb3	AI11_AF3	1	1.4222296476364136	1.3834730386734009	1.4628088474273682	1.3646535873413086	1.4779837131500244	0.11333012580871582
317	OVA-C4-IPTM90-393	2	ai11_af3_bb3	AI11_AF3	2	1.4119820594787598	1.4628677368164062	1.3530263900756836	1.4239894151687622	1.4080449342727661	0.10984134674072266
317	OVA-C4-IPTM90-393	2	ai11_af3_bb3	AI11_AF3	3	1.4167795181274414	1.2854745388031006	1.617409348487854	1.3161554336547852	1.4480783939361572	0.3319348096847534
318	OVA-C4-IPTM90-049	2	ai11_af3_bb3	AI11_AF3	0	1.3469421863555908	1.2642390727996826	1.353172779083252	1.3225958347320557	1.4477609395980835	0.18352186679840088
318	OVA-C4-IPTM90-049	2	ai11_af3_bb3	AI11_AF3	1	1.3513498306274414	1.2990831136703491	1.4092589616775513	1.303877592086792	1.3931792974472046	0.11017584800720215
318	OVA-C4-IPTM90-049	2	ai11_af3_bb3	AI11_AF3	2	1.3684157133102417	1.4139995574951172	1.2556167840957642	1.3949278593063354	1.409117579460144	0.15838277339935303
318	OVA-C4-IPTM90-049	2	ai11_af3_bb3	AI11_AF3	3	1.3606330156326294	1.2498499155044556	1.5572128295898438	1.2457650899887085	1.389704704284668	0.31144773960113525
319	OVA-C4-IPTM90-029	2	ai11_af3_bb3	AI11_AF3	0	1.3702014684677124	1.388893723487854	1.2701095342636108	1.2436593770980835	1.5781428813934326	0.3344835042953491
319	OVA-C4-IPTM90-029	2	ai11_af3_bb3	AI11_AF3	1	1.3856184482574463	1.3556519746780396	1.4277299642562866	1.389998435974121	1.3690929412841797	0.07207798957824707
319	OVA-C4-IPTM90-029	2	ai11_af3_bb3	AI11_AF3	2	1.4014095067977905	1.3665090799331665	1.390710473060608	1.4705449342727661	1.3778733015060425	0.10403585433959961
319	OVA-C4-IPTM90-029	2	ai11_af3_bb3	AI11_AF3	3	1.3948125839233398	1.3778504133224487	1.5040043592453003	1.2429206371307373	1.4544744491577148	0.261083722114563
320	OVA-C4-IPTM90-276	2	ai11_af3_bb3	AI11_AF3	0	1.3192998170852661	1.3104796409606934	1.2023435831069946	1.2299202680587769	1.5344562530517578	0.3321126699447632
320	OVA-C4-IPTM90-276	2	ai11_af3_bb3	AI11_AF3	1	1.3258265256881714	1.312111735343933	1.338589072227478	1.3075324296951294	1.345072865486145	0.037540435791015625
320	OVA-C4-IPTM90-276	2	ai11_af3_bb3	AI11_AF3	2	1.3436381816864014	1.288022756576538	1.3385239839553833	1.4174814224243164	1.3305248022079468	0.12945866584777832
320	OVA-C4-IPTM90-276	2	ai11_af3_bb3	AI11_AF3	3	1.3456127643585205	1.330306053161621	1.4566954374313354	1.201525330543518	1.3939241170883179	0.2551701068878174
321	OVA-C4-IPTM90-284	2	ai11_af3_bb3	AI11_AF3	0	1.3320820331573486	1.2738850116729736	1.3228837251663208	1.2826389074325562	1.4489200115203857	0.1750349998474121
321	OVA-C4-IPTM90-284	2	ai11_af3_bb3	AI11_AF3	1	1.3373219966888428	1.3317997455596924	1.3711965084075928	1.2947806119918823	1.3515117168426514	0.07641589641571045
321	OVA-C4-IPTM90-284	2	ai11_af3_bb3	AI11_AF3	2	1.331956386566162	1.3814400434494019	1.2695960998535156	1.3605316877365112	1.3162577152252197	0.11184394359588623
321	OVA-C4-IPTM90-284	2	ai11_af3_bb3	AI11_AF3	3	1.3483316898345947	1.250927448272705	1.5309362411499023	1.2553009986877441	1.3561620712280273	0.28000879287719727
322	OVA-C4-IPTM90-351	2	ai11_af3_bb3	AI11_AF3	0	1.4320865869522095	1.4342401027679443	1.3072378635406494	1.3080958127975464	1.678773045539856	0.37153518199920654
322	OVA-C4-IPTM90-351	2	ai11_af3_bb3	AI11_AF3	1	1.4459644556045532	1.4072321653366089	1.4918549060821533	1.4021886587142944	1.4825822114944458	0.08966624736785889
322	OVA-C4-IPTM90-351	2	ai11_af3_bb3	AI11_AF3	2	1.4570947885513306	1.4018168449401855	1.4757027626037598	1.5013407468795776	1.4495189189910889	0.09952390193939209
322	OVA-C4-IPTM90-351	2	ai11_af3_bb3	AI11_AF3	3	1.4554870128631592	1.421001672744751	1.5451040267944336	1.3222978115081787	1.533543586730957	0.22280621528625488
323	OVA-C4-IPTM90-008	2	ai11_af3_bb3	AI11_AF3	0	1.2915163040161133	1.2153000831604004	1.2808035612106323	1.251699686050415	1.4182621240615845	0.20296204090118408
323	OVA-C4-IPTM90-008	2	ai11_af3_bb3	AI11_AF3	1	1.3046743869781494	1.2985917329788208	1.3276691436767578	1.262050986289978	1.3303862810134888	0.06833529472351074
323	OVA-C4-IPTM90-008	2	ai11_af3_bb3	AI11_AF3	2	1.3150027990341187	1.3326969146728516	1.2360806465148926	1.3655182123184204	1.3257144689559937	0.12943756580352783
323	OVA-C4-IPTM90-008	2	ai11_af3_bb3	AI11_AF3	3	1.31725013256073	1.2302666902542114	1.4975911378860474	1.2326418161392212	1.3085007667541504	0.26732444763183594
324	OVA-C4-IPTM90-152	2	ai11_af3_bb3	AI11_AF3	0	1.4229035377502441	1.35029137134552	1.41858971118927	1.4160144329071045	1.506718635559082	0.156427264213562
324	OVA-C4-IPTM90-152	2	ai11_af3_bb3	AI11_AF3	1	1.4235652685165405	1.4100342988967896	1.4487982988357544	1.348226547241211	1.4872018098831177	0.13897526264190674
324	OVA-C4-IPTM90-152	2	ai11_af3_bb3	AI11_AF3	2	1.4234232902526855	1.435562014579773	1.3663005828857422	1.4096266031265259	1.4822041988372803	0.11590361595153809
324	OVA-C4-IPTM90-152	2	ai11_af3_bb3	AI11_AF3	3	1.4245636463165283	1.3330377340316772	1.594272494316101	1.3323873281478882	1.4385565519332886	0.2618851661682129
325	OVA-C4-IPTM90-364	2	ai11_af3_bb3	AI11_AF3	0	1.4367594718933105	1.418556809425354	1.3580799102783203	1.3553084135055542	1.6150922775268555	0.25978386402130127
325	OVA-C4-IPTM90-364	2	ai11_af3_bb3	AI11_AF3	1	1.4299590587615967	1.3825750350952148	1.4717715978622437	1.455289602279663	1.4102001190185547	0.08919656276702881
325	OVA-C4-IPTM90-364	2	ai11_af3_bb3	AI11_AF3	2	1.4414701461791992	1.4103587865829468	1.4182424545288086	1.5338712930679321	1.4034079313278198	0.1304633617401123
325	OVA-C4-IPTM90-364	2	ai11_af3_bb3	AI11_AF3	3	1.4491692781448364	1.3856278657913208	1.6026932001113892	1.3417795896530151	1.466576099395752	0.260913610458374
326	OVA-C4-IPTM90-313	2	ai11_af3_bb3	AI11_AF3	0	1.3956482410430908	1.3839067220687866	1.299088478088379	1.3255201578140259	1.5740779638290405	0.2749894857406616
326	OVA-C4-IPTM90-313	2	ai11_af3_bb3	AI11_AF3	1	1.3859633207321167	1.3458586931228638	1.4176579713821411	1.4000762701034546	1.3802601099014282	0.07179927825927734
326	OVA-C4-IPTM90-313	2	ai11_af3_bb3	AI11_AF3	2	1.3969874382019043	1.3738371133804321	1.3829965591430664	1.4745306968688965	1.3565857410430908	0.11794495582580566
326	OVA-C4-IPTM90-313	2	ai11_af3_bb3	AI11_AF3	3	1.4078614711761475	1.3525619506835938	1.5563730001449585	1.281141757965088	1.4413695335388184	0.2752312421798706
327	OVA-C4-IPTM90-270	2	ai11_af3_bb3	AI11_AF3	0	1.3426952362060547	1.2660679817199707	1.331857442855835	1.3557571172714233	1.417099118232727	0.15103113651275635
327	OVA-C4-IPTM90-270	2	ai11_af3_bb3	AI11_AF3	1	1.3348649740219116	1.3304275274276733	1.3813806772232056	1.2273895740509033	1.4002621173858643	0.17287254333496094
327	OVA-C4-IPTM90-270	2	ai11_af3_bb3	AI11_AF3	2	1.341881275177002	1.418971300125122	1.233941674232483	1.3690292835235596	1.3455826044082642	0.18502962589263916
327	OVA-C4-IPTM90-270	2	ai11_af3_bb3	AI11_AF3	3	1.3442142009735107	1.2102125883102417	1.5358855724334717	1.2601842880249023	1.370573878288269	0.32567298412323
328	OVA-C4-IPTM90-304	2	ai11_af3_bb3	AI11_AF3	0	1.398148536682129	1.3374581336975098	1.3333889245986938	1.299032211303711	1.6227142810821533	0.3236820697784424
328	OVA-C4-IPTM90-304	2	ai11_af3_bb3	AI11_AF3	1	1.4007848501205444	1.3213739395141602	1.451669692993164	1.4413704872131348	1.3887261152267456	0.1302957534790039
328	OVA-C4-IPTM90-304	2	ai11_af3_bb3	AI11_AF3	2	1.4113056659698486	1.3870235681533813	1.4156324863433838	1.486387014389038	1.3561798334121704	0.13020718097686768
328	OVA-C4-IPTM90-304	2	ai11_af3_bb3	AI11_AF3	3	1.4134451150894165	1.3704005479812622	1.5376722812652588	1.3087905645370483	1.4369169473648071	0.22888171672821045
329	OVA-C4-IPTM90-031	2	ai11_af3_bb3	AI11_AF3	0	1.3584654331207275	1.2493038177490234	1.3659862279891968	1.3641718626022339	1.454399585723877	0.20509576797485352
329	OVA-C4-IPTM90-031	2	ai11_af3_bb3	AI11_AF3	1	1.352005958557129	1.305582880973816	1.3879481554031372	1.3211156129837036	1.3933767080307007	0.08779382705688477
329	OVA-C4-IPTM90-031	2	ai11_af3_bb3	AI11_AF3	2	1.3601983785629272	1.3708230257034302	1.2778481245040894	1.389349341392517	1.4027729034423828	0.12492477893829346
329	OVA-C4-IPTM90-031	2	ai11_af3_bb3	AI11_AF3	3	1.3548625707626343	1.2520712614059448	1.5458577871322632	1.2562263011932373	1.3652948141098022	0.29378652572631836
330	OVA-C4-IPTM90-286	2	ai11_af3_bb3	AI11_AF3	0	1.421428918838501	1.4170488119125366	1.3033784627914429	1.3416208028793335	1.6236677169799805	0.3202892541885376
330	OVA-C4-IPTM90-286	2	ai11_af3_bb3	AI11_AF3	1	1.4284138679504395	1.406503677368164	1.4543888568878174	1.4488649368286133	1.403897762298584	0.0504910945892334
330	OVA-C4-IPTM90-286	2	ai11_af3_bb3	AI11_AF3	2	1.4259556531906128	1.3498318195343018	1.452115774154663	1.5022485256195068	1.3996268510818481	0.15241670608520508
330	OVA-C4-IPTM90-286	2	ai11_af3_bb3	AI11_AF3	3	1.4353407621383667	1.4208006858825684	1.5575536489486694	1.3025387525558472	1.4604700803756714	0.25501489639282227
331	OVA-C4-IPTM90-135	2	ai11_af3_bb3	AI11_AF3	0	1.4028743505477905	1.3436386585235596	1.3402700424194336	1.3110973834991455	1.6164917945861816	0.30539441108703613
331	OVA-C4-IPTM90-135	2	ai11_af3_bb3	AI11_AF3	1	1.4156594276428223	1.3291926383972168	1.4843124151229858	1.458674430847168	1.3904576301574707	0.15511977672576904
331	OVA-C4-IPTM90-135	2	ai11_af3_bb3	AI11_AF3	2	1.409184217453003	1.3851858377456665	1.4173290729522705	1.4851874113082886	1.349034070968628	0.13615334033966064
331	OVA-C4-IPTM90-135	2	ai11_af3_bb3	AI11_AF3	3	1.414809226989746	1.3800632953643799	1.5347539186477661	1.298271656036377	1.4461477994918823	0.23648226261138916
332	OVA-C4-IPTM90-003	2	ai11_af3_bb3	AI11_AF3	0	1.4012750387191772	1.3764485120773315	1.3304656744003296	1.3147028684616089	1.5834829807281494	0.2687801122665405
332	OVA-C4-IPTM90-003	2	ai11_af3_bb3	AI11_AF3	1	1.4025249481201172	1.357143521308899	1.4513599872589111	1.4463547468185425	1.355241298675537	0.09611868858337402
332	OVA-C4-IPTM90-003	2	ai11_af3_bb3	AI11_AF3	2	1.4138143062591553	1.3714669942855835	1.3742021322250366	1.516959547996521	1.3926286697387695	0.1454925537109375
332	OVA-C4-IPTM90-003	2	ai11_af3_bb3	AI11_AF3	3	1.4230132102966309	1.3815217018127441	1.5676244497299194	1.30316960811615	1.4397379159927368	0.26445484161376953
333	OVA-C4-IPTM90-001	2	ai11_af3_bb3	AI11_AF3	0	1.3122875690460205	1.2623549699783325	1.24469792842865	1.2232741117477417	1.518823266029358	0.2955491542816162
333	OVA-C4-IPTM90-001	2	ai11_af3_bb3	AI11_AF3	1	1.327999234199524	1.2687153816223145	1.367224097251892	1.354465365409851	1.3215925693511963	0.09850871562957764
333	OVA-C4-IPTM90-001	2	ai11_af3_bb3	AI11_AF3	2	1.3408550024032593	1.3110560178756714	1.3125349283218384	1.4410288333892822	1.2988005876541138	0.14222824573516846
333	OVA-C4-IPTM90-001	2	ai11_af3_bb3	AI11_AF3	3	1.3353595733642578	1.2963227033615112	1.4645990133285522	1.21055006980896	1.3699657917022705	0.2540489435195923
334	OVA-C4-IPTM90-056	2	ai11_af3_bb3	AI11_AF3	0	1.4422372579574585	1.4313273429870605	1.321378469467163	1.3863651752471924	1.6298776865005493	0.30849921703338623
334	OVA-C4-IPTM90-056	2	ai11_af3_bb3	AI11_AF3	1	1.4395842552185059	1.4192280769348145	1.4576665163040161	1.438723087310791	1.4427201747894287	0.03843843936920166
334	OVA-C4-IPTM90-056	2	ai11_af3_bb3	AI11_AF3	2	1.4580532312393188	1.412927269935608	1.4263103008270264	1.5619550943374634	1.431020975112915	0.14902782440185547
334	OVA-C4-IPTM90-056	2	ai11_af3_bb3	AI11_AF3	3	1.4574251174926758	1.399492859840393	1.6233829259872437	1.3463373184204102	1.460487961769104	0.2770456075668335
335	OVA-C4-IPTM90-211	2	ai11_af3_bb3	AI11_AF3	0	1.4041029214859009	1.3981435298919678	1.2851266860961914	1.3037214279174805	1.6294199228286743	0.3442932367324829
335	OVA-C4-IPTM90-211	2	ai11_af3_bb3	AI11_AF3	1	1.403781771659851	1.3928816318511963	1.4032983779907227	1.3882198333740234	1.4307279586791992	0.04250812530517578
335	OVA-C4-IPTM90-211	2	ai11_af3_bb3	AI11_AF3	2	1.4086195230484009	1.3281077146530151	1.417933702468872	1.4793224334716797	1.409114122390747	0.15121471881866455
335	OVA-C4-IPTM90-211	2	ai11_af3_bb3	AI11_AF3	3	1.4115303754806519	1.3767595291137695	1.5047202110290527	1.2748925685882568	1.4897490739822388	0.2298276424407959
336	OVA-C4-IPTM90-382	2	ai11_af3_bb3	AI11_AF3	0	1.425602674484253	1.36070716381073	1.3894888162612915	1.3588756322860718	1.5933386087417603	0.23446297645568848
336	OVA-C4-IPTM90-382	2	ai11_af3_bb3	AI11_AF3	1	1.4248565435409546	1.346585750579834	1.4724133014678955	1.435450553894043	1.4449769258499146	0.12582755088806152
336	OVA-C4-IPTM90-382	2	ai11_af3_bb3	AI11_AF3	2	1.4365448951721191	1.454641580581665	1.340395212173462	1.514474630355835	1.4366683959960938	0.17407941818237305
336	OVA-C4-IPTM90-382	2	ai11_af3_bb3	AI11_AF3	3	1.4288102388381958	1.3634382486343384	1.5745645761489868	1.2924251556396484	1.484813928604126	0.2821394205093384
337	OVA-C4-IPTM90-168	2	ai11_af3_bb3	AI11_AF3	0	1.4021586179733276	1.405548095703125	1.2966644763946533	1.30768620967865	1.598736047744751	0.30207157135009766
337	OVA-C4-IPTM90-168	2	ai11_af3_bb3	AI11_AF3	1	1.4146267175674438	1.3749165534973145	1.449044108390808	1.4345474243164062	1.3999989032745361	0.07412755489349365
337	OVA-C4-IPTM90-168	2	ai11_af3_bb3	AI11_AF3	2	1.4194594621658325	1.3439569473266602	1.4433658123016357	1.4936517477035522	1.3968634605407715	0.1496948003768921
337	OVA-C4-IPTM90-168	2	ai11_af3_bb3	AI11_AF3	3	1.4207221269607544	1.4291144609451294	1.5265710353851318	1.2849916219711304	1.4422117471694946	0.24157941341400146
338	OVA-C4-IPTM90-278	2	ai11_af3_bb3	AI11_AF3	0	1.471042275428772	1.4881476163864136	1.3781529664993286	1.3544714450836182	1.6633963584899902	0.30892491340637207
338	OVA-C4-IPTM90-278	2	ai11_af3_bb3	AI11_AF3	1	1.4689167737960815	1.4614475965499878	1.4955921173095703	1.4815683364868164	1.437058925628662	0.0585331916809082
338	OVA-C4-IPTM90-278	2	ai11_af3_bb3	AI11_AF3	2	1.470833659172058	1.4338841438293457	1.455227255821228	1.5454121828079224	1.4488109350204468	0.11152803897857666
338	OVA-C4-IPTM90-278	2	ai11_af3_bb3	AI11_AF3	3	1.4875915050506592	1.4452570676803589	1.6171258687973022	1.3540778160095215	1.5339058637619019	0.26304805278778076
339	OVA-C4-IPTM90-073	2	ai11_af3_bb3	AI11_AF3	0	1.404524564743042	1.4151968955993652	1.295957326889038	1.3032360076904297	1.603708267211914	0.307750940322876
339	OVA-C4-IPTM90-073	2	ai11_af3_bb3	AI11_AF3	1	1.4097861051559448	1.388791799545288	1.4215654134750366	1.4255255460739136	1.4032621383666992	0.03673374652862549
339	OVA-C4-IPTM90-073	2	ai11_af3_bb3	AI11_AF3	2	1.4140223264694214	1.3569161891937256	1.4235076904296875	1.4867024421691895	1.3889626264572144	0.12978625297546387
339	OVA-C4-IPTM90-073	2	ai11_af3_bb3	AI11_AF3	3	1.4147435426712036	1.4055979251861572	1.5364795923233032	1.274644136428833	1.4422531127929688	0.2618354558944702
340	OVA-C4-IPTM90-016	2	ai11_af3_bb3	AI11_AF3	0	1.3160151243209839	1.2347710132598877	1.3175053596496582	1.3061466217041016	1.405637264251709	0.1708662509918213
340	OVA-C4-IPTM90-016	2	ai11_af3_bb3	AI11_AF3	1	1.3243473768234253	1.2895821332931519	1.3685438632965088	1.2493177652359009	1.3899459838867188	0.14062821865081787
340	OVA-C4-IPTM90-016	2	ai11_af3_bb3	AI11_AF3	2	1.3368626832962036	1.4012253284454346	1.2369227409362793	1.3595224618911743	1.3497802019119263	0.16430258750915527
340	OVA-C4-IPTM90-016	2	ai11_af3_bb3	AI11_AF3	3	1.3216060400009155	1.211313247680664	1.5149637460708618	1.2100721597671509	1.350075364112854	0.30489158630371094
341	OVA-C4-IPTM90-333	2	ai11_af3_bb3	AI11_AF3	0	1.33061945438385	1.2658374309539795	1.3078973293304443	1.2876176834106445	1.461125373840332	0.19528794288635254
341	OVA-C4-IPTM90-333	2	ai11_af3_bb3	AI11_AF3	1	1.336552381515503	1.3641357421875	1.3307257890701294	1.2546751499176025	1.3966729640960693	0.1419978141784668
341	OVA-C4-IPTM90-333	2	ai11_af3_bb3	AI11_AF3	2	1.3428808450698853	1.3968156576156616	1.2675403356552124	1.3846650123596191	1.3225020170211792	0.12927532196044922
341	OVA-C4-IPTM90-333	2	ai11_af3_bb3	AI11_AF3	3	1.3369277715682983	1.2329217195510864	1.5280303955078125	1.2526941299438477	1.3340647220611572	0.2951086759567261
342	OVA-C4-IPTM90-245	2	ai11_af3_bb3	AI11_AF3	0	1.2968376874923706	1.1834847927093506	1.3211060762405396	1.2855037450790405	1.3972560167312622	0.21377122402191162
342	OVA-C4-IPTM90-245	2	ai11_af3_bb3	AI11_AF3	1	1.2986844778060913	1.249031662940979	1.3498080968856812	1.2553966045379639	1.3405015468597412	0.10077643394470215
342	OVA-C4-IPTM90-245	2	ai11_af3_bb3	AI11_AF3	2	1.3062728643417358	1.3393656015396118	1.221963882446289	1.3247356414794922	1.3390263319015503	0.11740171909332275
342	OVA-C4-IPTM90-245	2	ai11_af3_bb3	AI11_AF3	3	1.31248939037323	1.2050467729568481	1.5086246728897095	1.2026958465576172	1.3335905075073242	0.3059288263320923
343	OVA-C4-IPTM90-023	2	ai11_af3_bb3	AI11_AF3	0	1.3328016996383667	1.2295832633972168	1.3383362293243408	1.3424187898635864	1.4208682775497437	0.19128501415252686
343	OVA-C4-IPTM90-023	2	ai11_af3_bb3	AI11_AF3	1	1.3211841583251953	1.2928458452224731	1.3342655897140503	1.275607943534851	1.3820174932479858	0.10640954971313477
343	OVA-C4-IPTM90-023	2	ai11_af3_bb3	AI11_AF3	2	1.327218770980835	1.3643184900283813	1.2339279651641846	1.3574789762496948	1.3531498908996582	0.13039052486419678
343	OVA-C4-IPTM90-023	2	ai11_af3_bb3	AI11_AF3	3	1.3268685340881348	1.2160676717758179	1.5278376340866089	1.2265894412994385	1.336979627609253	0.311769962310791
344	OVA-C4-IPTM90-350	2	ai11_af3_bb3	AI11_AF3	0	1.42356276512146	1.3325214385986328	1.4389755725860596	1.4232920408248901	1.499462366104126	0.16694092750549316
344	OVA-C4-IPTM90-350	2	ai11_af3_bb3	AI11_AF3	1	1.4160816669464111	1.3649383783340454	1.4628134965896606	1.3849111795425415	1.4516637325286865	0.09787511825561523
344	OVA-C4-IPTM90-350	2	ai11_af3_bb3	AI11_AF3	2	1.4046564102172852	1.453658103942871	1.3030327558517456	1.42588210105896	1.4360523223876953	0.1506253480911255
344	OVA-C4-IPTM90-350	2	ai11_af3_bb3	AI11_AF3	3	1.423176646232605	1.3002887964248657	1.6269872188568115	1.3198726177215576	1.4455578327178955	0.3266984224319458
345	OVA-C4-IPTM90-024	2	ai11_af3_bb3	AI11_AF3	0	1.3588515520095825	1.2837177515029907	1.3463821411132812	1.3200323581695557	1.4852744340896606	0.20155668258666992
345	OVA-C4-IPTM90-024	2	ai11_af3_bb3	AI11_AF3	1	1.3602266311645508	1.364620566368103	1.3408010005950928	1.3560715913772583	1.3794142007827759	0.038613200187683105
345	OVA-C4-IPTM90-024	2	ai11_af3_bb3	AI11_AF3	2	1.3748321533203125	1.4006240367889404	1.2752788066864014	1.4263250827789307	1.3971006870269775	0.1510462760925293
345	OVA-C4-IPTM90-024	2	ai11_af3_bb3	AI11_AF3	3	1.3800584077835083	1.2799640893936157	1.5667451620101929	1.322619080543518	1.3509052991867065	0.28678107261657715
346	OVA-C4-IPTM90-007	2	ai11_af3_bb3	AI11_AF3	0	1.3550279140472412	1.2833462953567505	1.3477178812026978	1.325661540031433	1.4633859395980835	0.180039644241333
346	OVA-C4-IPTM90-007	2	ai11_af3_bb3	AI11_AF3	1	1.3538163900375366	1.3718205690383911	1.345813512802124	1.3097620010375977	1.3878695964813232	0.07810759544372559
346	OVA-C4-IPTM90-007	2	ai11_af3_bb3	AI11_AF3	2	1.3424535989761353	1.381454586982727	1.2861723899841309	1.3762913942337036	1.3258957862854004	0.09528219699859619
346	OVA-C4-IPTM90-007	2	ai11_af3_bb3	AI11_AF3	3	1.3505181074142456	1.2540311813354492	1.5407347679138184	1.265249490737915	1.3420567512512207	0.28670358657836914
347	OVA-C4-IPTM90-302	2	ai11_af3_bb3	AI11_AF3	0	1.3062692880630493	1.219797968864441	1.2938650846481323	1.2506415843963623	1.460772156715393	0.24097418785095215
347	OVA-C4-IPTM90-302	2	ai11_af3_bb3	AI11_AF3	1	1.3227695226669312	1.2875865697860718	1.3460432291030884	1.3172252178192139	1.3402231931686401	0.0584566593170166
347	OVA-C4-IPTM90-302	2	ai11_af3_bb3	AI11_AF3	2	1.336417555809021	1.3612794876098633	1.2554315328598022	1.3855865001678467	1.3433729410171509	0.13015496730804443
347	OVA-C4-IPTM90-302	2	ai11_af3_bb3	AI11_AF3	3	1.3223403692245483	1.2231650352478027	1.492294430732727	1.2486270666122437	1.3252750635147095	0.2691293954849243
348	OVA-C4-IPTM90-352	2	ai11_af3_bb3	AI11_AF3	0	1.439955472946167	1.3656190633773804	1.3839616775512695	1.3766535520553589	1.633587121963501	0.2679680585861206
348	OVA-C4-IPTM90-352	2	ai11_af3_bb3	AI11_AF3	1	1.4374581575393677	1.320697546005249	1.5372968912124634	1.446266531944275	1.4455715417861938	0.21659934520721436
348	OVA-C4-IPTM90-352	2	ai11_af3_bb3	AI11_AF3	2	1.4388856887817383	1.4552534818649292	1.4203335046768188	1.4848374128341675	1.3951177597045898	0.08971965312957764
348	OVA-C4-IPTM90-352	2	ai11_af3_bb3	AI11_AF3	3	1.443021297454834	1.3582358360290527	1.5899475812911987	1.3245298862457275	1.4993720054626465	0.2654176950454712
349	OVA-C4-IPTM90-083	2	ai11_af3_bb3	AI11_AF3	0	1.367871642112732	1.3517897129058838	1.2832741737365723	1.2790718078613281	1.5573515892028809	0.27827978134155273
349	OVA-C4-IPTM90-083	2	ai11_af3_bb3	AI11_AF3	1	1.3704183101654053	1.3418694734573364	1.4104279279708862	1.3592870235443115	1.3700886964797974	0.0685584545135498
349	OVA-C4-IPTM90-083	2	ai11_af3_bb3	AI11_AF3	2	1.3932750225067139	1.4016997814178467	1.3449649810791016	1.4844914674758911	1.3419439792633057	0.14254748821258545
349	OVA-C4-IPTM90-083	2	ai11_af3_bb3	AI11_AF3	3	1.3894331455230713	1.331355333328247	1.5065855979919434	1.2868645191192627	1.4329267740249634	0.21972107887268066
350	OVA-C4-IPTM90-137	2	ai11_af3_bb3	AI11_AF3	0	1.3336658477783203	1.304062843322754	1.2626560926437378	1.2340483665466309	1.53389573097229	0.2998473644256592
350	OVA-C4-IPTM90-137	2	ai11_af3_bb3	AI11_AF3	1	1.3522999286651611	1.2995085716247559	1.4032833576202393	1.3711066246032715	1.335301160812378	0.1037747859954834
350	OVA-C4-IPTM90-137	2	ai11_af3_bb3	AI11_AF3	2	1.368851900100708	1.3497085571289062	1.325888991355896	1.4791678190231323	1.3206427097320557	0.15852510929107666
350	OVA-C4-IPTM90-137	2	ai11_af3_bb3	AI11_AF3	3	1.3588649034500122	1.3163379430770874	1.4771788120269775	1.236387848854065	1.4055551290512085	0.2407909631729126
351	OVA-C4-IPTM90-157	2	ai11_af3_bb3	AI11_AF3	0	1.3998433351516724	1.3858531713485718	1.3221516609191895	1.294263482093811	1.5971050262451172	0.30284154415130615
351	OVA-C4-IPTM90-157	2	ai11_af3_bb3	AI11_AF3	1	1.4141294956207275	1.3651952743530273	1.464285135269165	1.4134715795516968	1.4135656356811523	0.0990898609161377
351	OVA-C4-IPTM90-157	2	ai11_af3_bb3	AI11_AF3	2	1.4311096668243408	1.437983751296997	1.3877595663070679	1.52574622631073	1.3729488849639893	0.15279734134674072
351	OVA-C4-IPTM90-157	2	ai11_af3_bb3	AI11_AF3	3	1.424111247062683	1.3573247194290161	1.5640623569488525	1.3079233169555664	1.4671339988708496	0.25613903999328613
352	OVA-C4-IPTM90-300	2	ai11_af3_bb3	AI11_AF3	0	1.3325531482696533	1.3060120344161987	1.2607921361923218	1.2249518632888794	1.5384571552276611	0.31350529193878174
352	OVA-C4-IPTM90-300	2	ai11_af3_bb3	AI11_AF3	1	1.3480302095413208	1.2988535165786743	1.3949813842773438	1.368229627609253	1.3300561904907227	0.09612786769866943
352	OVA-C4-IPTM90-300	2	ai11_af3_bb3	AI11_AF3	2	1.3677667379379272	1.360648274421692	1.3241472244262695	1.465844750404358	1.3204255104064941	0.14541923999786377
352	OVA-C4-IPTM90-300	2	ai11_af3_bb3	AI11_AF3	3	1.3623429536819458	1.3170852661132812	1.4930075407028198	1.2349066734313965	1.4043720960617065	0.25810086727142334
353	OVA-C4-IPTM90-215	2	ai11_af3_bb3	AI11_AF3	0	1.4451653957366943	1.458622694015503	1.3541309833526611	1.3427975177764893	1.6251100301742554	0.2823125123977661
353	OVA-C4-IPTM90-215	2	ai11_af3_bb3	AI11_AF3	1	1.446567416191101	1.4183452129364014	1.4813661575317383	1.466348648071289	1.420210361480713	0.06302094459533691
353	OVA-C4-IPTM90-215	2	ai11_af3_bb3	AI11_AF3	2	1.4344086647033691	1.4026442766189575	1.4409149885177612	1.4984569549560547	1.3956177234649658	0.10283923149108887
353	OVA-C4-IPTM90-215	2	ai11_af3_bb3	AI11_AF3	3	1.4532511234283447	1.42484450340271	1.5653815269470215	1.3151606321334839	1.5076180696487427	0.2502208948135376
354	OVA-C4-IPTM90-052	2	ai11_af3_bb3	AI11_AF3	0	1.3788433074951172	1.3500092029571533	1.2971644401550293	1.3260884284973145	1.5421111583709717	0.24494671821594238
354	OVA-C4-IPTM90-052	2	ai11_af3_bb3	AI11_AF3	1	1.3834798336029053	1.2999416589736938	1.4765843152999878	1.3565937280654907	1.4007997512817383	0.17664265632629395
354	OVA-C4-IPTM90-052	2	ai11_af3_bb3	AI11_AF3	2	1.4126204252243042	1.4148707389831543	1.3445967435836792	1.486514925956726	1.4044991731643677	0.14191818237304688
354	OVA-C4-IPTM90-052	2	ai11_af3_bb3	AI11_AF3	3	1.4014332294464111	1.3361997604370117	1.5495864152908325	1.2494016885757446	1.470544457435608	0.3001847267150879
355	OVA-C4-IPTM90-243	2	ai11_af3_bb3	AI11_AF3	0	1.4814530611038208	1.4503910541534424	1.4144530296325684	1.3745306730270386	1.6864384412765503	0.3119077682495117
355	OVA-C4-IPTM90-243	2	ai11_af3_bb3	AI11_AF3	1	1.4876413345336914	1.409318447113037	1.5369600057601929	1.553549885749817	1.4507371187210083	0.14423143863677979
355	OVA-C4-IPTM90-243	2	ai11_af3_bb3	AI11_AF3	2	1.482682704925537	1.4608341455459595	1.4702917337417603	1.565996766090393	1.4336084127426147	0.13238835334777832
355	OVA-C4-IPTM90-243	2	ai11_af3_bb3	AI11_AF3	3	1.477973461151123	1.4114888906478882	1.6183114051818848	1.36476731300354	1.5173263549804688	0.2535440921783447
356	OVA-C4-IPTM90-118	2	ai11_af3_bb3	AI11_AF3	0	1.3749288320541382	1.3097909688949585	1.3588517904281616	1.3446056842803955	1.486466407775879	0.1766754388809204
356	OVA-C4-IPTM90-118	2	ai11_af3_bb3	AI11_AF3	1	1.3735754489898682	1.3635562658309937	1.3680344820022583	1.3620703220367432	1.4006403684616089	0.03857004642486572
356	OVA-C4-IPTM90-118	2	ai11_af3_bb3	AI11_AF3	2	1.3917275667190552	1.3964405059814453	1.307253122329712	1.4414043426513672	1.4218120574951172	0.13415122032165527
356	OVA-C4-IPTM90-118	2	ai11_af3_bb3	AI11_AF3	3	1.3938722610473633	1.3039134740829468	1.583255648612976	1.3359832763671875	1.352337121963501	0.2793421745300293
357	OVA-C4-IPTM90-240	2	ai11_af3_bb3	AI11_AF3	0	1.3794130086898804	1.27649986743927	1.3963068723678589	1.374233603477478	1.4706116914749146	0.19411182403564453
357	OVA-C4-IPTM90-240	2	ai11_af3_bb3	AI11_AF3	1	1.3721914291381836	1.3305436372756958	1.4049479961395264	1.346464991569519	1.4068098068237305	0.07626616954803467
357	OVA-C4-IPTM90-240	2	ai11_af3_bb3	AI11_AF3	2	1.3806445598602295	1.4027706384658813	1.2681365013122559	1.4152679443359375	1.4364025592803955	0.16826605796813965
357	OVA-C4-IPTM90-240	2	ai11_af3_bb3	AI11_AF3	3	1.3888192176818848	1.2770062685012817	1.591443419456482	1.2905927896499634	1.396234154701233	0.3144371509552002
358	OVA-C4-IPTM90-197	2	ai11_af3_bb3	AI11_AF3	0	1.4111175537109375	1.416969895362854	1.3129569292068481	1.308073878288269	1.6064701080322266	0.2983962297439575
358	OVA-C4-IPTM90-197	2	ai11_af3_bb3	AI11_AF3	1	1.4255309104919434	1.386699914932251	1.4237112998962402	1.471883773803711	1.4198286533355713	0.08518385887145996
358	OVA-C4-IPTM90-197	2	ai11_af3_bb3	AI11_AF3	2	1.4365497827529907	1.395727515220642	1.4078187942504883	1.5137020349502563	1.428950309753418	0.11797451972961426
358	OVA-C4-IPTM90-197	2	ai11_af3_bb3	AI11_AF3	3	1.4305275678634644	1.4073803424835205	1.5405895709991455	1.3062993288040161	1.467840552330017	0.2342902421951294
359	OVA-C4-IPTM90-327	2	ai11_af3_bb3	AI11_AF3	0	1.4419348239898682	1.3823007345199585	1.3893553018569946	1.3925315141677856	1.6035518646240234	0.22125113010406494
359	OVA-C4-IPTM90-327	2	ai11_af3_bb3	AI11_AF3	1	1.436033010482788	1.3729450702667236	1.4809327125549316	1.412630558013916	1.4776244163513184	0.10798764228820801
359	OVA-C4-IPTM90-327	2	ai11_af3_bb3	AI11_AF3	2	1.4543935060501099	1.486853003501892	1.3734298944473267	1.512405276298523	1.4448862075805664	0.1389753818511963
359	OVA-C4-IPTM90-327	2	ai11_af3_bb3	AI11_AF3	3	1.4418208599090576	1.3732893466949463	1.58616042137146	1.3041573762893677	1.503675937652588	0.2820030450820923
360	OVA-C4-IPTM90-103	2	ai11_af3_bb3	AI11_AF3	0	1.3888137340545654	1.2859874963760376	1.4067102670669556	1.3859297037124634	1.476626992225647	0.19063949584960938
360	OVA-C4-IPTM90-103	2	ai11_af3_bb3	AI11_AF3	1	1.3855113983154297	1.337714672088623	1.4255802631378174	1.3627938032150269	1.4159575700759888	0.08786559104919434
360	OVA-C4-IPTM90-103	2	ai11_af3_bb3	AI11_AF3	2	1.400866150856018	1.4201396703720093	1.2884705066680908	1.4292809963226318	1.465573787689209	0.17710328102111816
360	OVA-C4-IPTM90-103	2	ai11_af3_bb3	AI11_AF3	3	1.4022974967956543	1.2986477613449097	1.5986807346343994	1.3145458698272705	1.397315502166748	0.30003297328948975
361	OVA-C4-IPTM90-266	2	ai11_af3_bb3	AI11_AF3	0	1.354506492614746	1.3156126737594604	1.252456784248352	1.299887776374817	1.5500688552856445	0.2976120710372925
361	OVA-C4-IPTM90-266	2	ai11_af3_bb3	AI11_AF3	1	1.3568247556686401	1.3290002346038818	1.3643032312393188	1.3637654781341553	1.3702304363250732	0.041230201721191406
361	OVA-C4-IPTM90-266	2	ai11_af3_bb3	AI11_AF3	2	1.380149006843567	1.3493647575378418	1.3302257061004639	1.4798624515533447	1.3611431121826172	0.14963674545288086
361	OVA-C4-IPTM90-266	2	ai11_af3_bb3	AI11_AF3	3	1.3822479248046875	1.3310797214508057	1.520906686782837	1.2799166440963745	1.3970892429351807	0.2409900426864624
362	OVA-C4-IPTM90-280	2	ai11_af3_bb3	AI11_AF3	0	1.354555368423462	1.2699267864227295	1.361756443977356	1.3401464223861694	1.4463917016983032	0.17646491527557373
362	OVA-C4-IPTM90-280	2	ai11_af3_bb3	AI11_AF3	1	1.3653837442398071	1.3208736181259155	1.406831979751587	1.2844438552856445	1.4493855237960815	0.164941668510437
362	OVA-C4-IPTM90-280	2	ai11_af3_bb3	AI11_AF3	2	1.360848307609558	1.4479023218154907	1.2736458778381348	1.3704839944839478	1.3513600826263428	0.17425644397735596
362	OVA-C4-IPTM90-280	2	ai11_af3_bb3	AI11_AF3	3	1.3452640771865845	1.2293336391448975	1.5371530055999756	1.218904972076416	1.395664930343628	0.31824803352355957
363	OVA-C4-IPTM90-201	2	ai11_af3_bb3	AI11_AF3	0	1.418261170387268	1.4451709985733032	1.3093743324279785	1.3026514053344727	1.615848422050476	0.3131970167160034
363	OVA-C4-IPTM90-201	2	ai11_af3_bb3	AI11_AF3	1	1.4378341436386108	1.3984997272491455	1.487195372581482	1.4388935565948486	1.426748514175415	0.08869564533233643
363	OVA-C4-IPTM90-201	2	ai11_af3_bb3	AI11_AF3	2	1.4563238620758057	1.424091100692749	1.430978536605835	1.5405373573303223	1.4296889305114746	0.11644625663757324
363	OVA-C4-IPTM90-201	2	ai11_af3_bb3	AI11_AF3	3	1.4373804330825806	1.4200583696365356	1.5404245853424072	1.2949563264846802	1.4940826892852783	0.24546825885772705
364	OVA-C4-IPTM90-110	2	ai11_af3_bb3	AI11_AF3	0	1.3468979597091675	1.2832386493682861	1.3425830602645874	1.301366925239563	1.4604030847549438	0.17716443538665771
364	OVA-C4-IPTM90-110	2	ai11_af3_bb3	AI11_AF3	1	1.3555450439453125	1.3369532823562622	1.3865067958831787	1.3000625371932983	1.3986587524414062	0.09859621524810791
364	OVA-C4-IPTM90-110	2	ai11_af3_bb3	AI11_AF3	2	1.3726329803466797	1.396826148033142	1.2917513847351074	1.3741445541381836	1.4278095960617065	0.13605821132659912
364	OVA-C4-IPTM90-110	2	ai11_af3_bb3	AI11_AF3	3	1.363888144493103	1.2810271978378296	1.5240437984466553	1.2416810989379883	1.4088008403778076	0.282362699508667
365	OVA-C4-IPTM90-070	2	ai11_af3_bb3	AI11_AF3	0	1.4129424095153809	1.443655252456665	1.303788661956787	1.2890063524246216	1.6153191328048706	0.326312780380249
365	OVA-C4-IPTM90-070	2	ai11_af3_bb3	AI11_AF3	1	1.4254964590072632	1.4130054712295532	1.4676865339279175	1.4003019332885742	1.420992374420166	0.06738460063934326
365	OVA-C4-IPTM90-070	2	ai11_af3_bb3	AI11_AF3	2	1.4284985065460205	1.4135102033615112	1.4421294927597046	1.4934312105178833	1.3649235963821411	0.1285076141357422
365	OVA-C4-IPTM90-070	2	ai11_af3_bb3	AI11_AF3	3	1.4296436309814453	1.39754319190979	1.5550179481506348	1.2797962427139282	1.48621666431427	0.27522170543670654
366	OVA-C4-IPTM90-117	2	ai11_af3_bb3	AI11_AF3	0	1.3880842924118042	1.3658620119094849	1.3601933717727661	1.2993788719177246	1.526902675628662	0.2275238037109375
366	OVA-C4-IPTM90-117	2	ai11_af3_bb3	AI11_AF3	1	1.399449348449707	1.4124699831008911	1.4053847789764404	1.348304271697998	1.4316389560699463	0.08333468437194824
366	OVA-C4-IPTM90-117	2	ai11_af3_bb3	AI11_AF3	2	1.3964834213256836	1.435237169265747	1.341719388961792	1.4108977317810059	1.3980789184570312	0.09351778030395508
366	OVA-C4-IPTM90-117	2	ai11_af3_bb3	AI11_AF3	3	1.395003318786621	1.3267298936843872	1.546837329864502	1.277838945388794	1.4286069869995117	0.268998384475708
367	OVA-C4-IPTM90-209	2	ai11_af3_bb3	AI11_AF3	0	1.4043008089065552	1.3771477937698364	1.3227497339248657	1.3300057649612427	1.5872997045516968	0.26454997062683105
367	OVA-C4-IPTM90-209	2	ai11_af3_bb3	AI11_AF3	1	1.40810227394104	1.3453344106674194	1.4316630363464355	1.4581739902496338	1.397237777709961	0.11283957958221436
367	OVA-C4-IPTM90-209	2	ai11_af3_bb3	AI11_AF3	2	1.4301881790161133	1.4000803232192993	1.3869787454605103	1.535996437072754	1.3976975679397583	0.14901769161224365
367	OVA-C4-IPTM90-209	2	ai11_af3_bb3	AI11_AF3	3	1.422884225845337	1.3714299201965332	1.557334065437317	1.3237237930297852	1.4390488862991333	0.23361027240753174
368	OVA-C4-IPTM90-356	2	ai11_af3_bb3	AI11_AF3	0	1.3249313831329346	1.2481849193572998	1.318211317062378	1.272951602935791	1.4603776931762695	0.21219277381896973
368	OVA-C4-IPTM90-356	2	ai11_af3_bb3	AI11_AF3	1	1.326528549194336	1.3194172382354736	1.3286495208740234	1.30544114112854	1.3526067733764648	0.047165632247924805
368	OVA-C4-IPTM90-356	2	ai11_af3_bb3	AI11_AF3	2	1.3275480270385742	1.3507020473480225	1.2658673524856567	1.3554716110229492	1.3381500244140625	0.08960425853729248
368	OVA-C4-IPTM90-356	2	ai11_af3_bb3	AI11_AF3	3	1.341865062713623	1.2471882104873657	1.5339689254760742	1.2614223957061768	1.3248813152313232	0.2867807149887085
369	OVA-C4-IPTM90-034	2	ai11_af3_bb3	AI11_AF3	0	1.3290048837661743	1.2660216093063354	1.3184406757354736	1.2941712141036987	1.4373866319656372	0.17136502265930176
369	OVA-C4-IPTM90-034	2	ai11_af3_bb3	AI11_AF3	1	1.3371835947036743	1.3407176733016968	1.3553862571716309	1.238112211227417	1.4145182371139526	0.17640602588653564
369	OVA-C4-IPTM90-034	2	ai11_af3_bb3	AI11_AF3	2	1.3515928983688354	1.4022983312606812	1.2806438207626343	1.338291049003601	1.3851385116577148	0.12165451049804688
369	OVA-C4-IPTM90-034	2	ai11_af3_bb3	AI11_AF3	3	1.3318428993225098	1.253159999847412	1.4873658418655396	1.2020647525787354	1.384780764579773	0.2853010892868042
370	OVA-C4-IPTM90-006	2	ai11_af3_bb3	AI11_AF3	0	1.3374500274658203	1.3302624225616455	1.2346831560134888	1.2532320022583008	1.5316224098205566	0.29693925380706787
370	OVA-C4-IPTM90-006	2	ai11_af3_bb3	AI11_AF3	1	1.3496557474136353	1.3152552843093872	1.3883143663406372	1.3701083660125732	1.3249454498291016	0.07305908203125
370	OVA-C4-IPTM90-006	2	ai11_af3_bb3	AI11_AF3	2	1.3762867450714111	1.3515909910202026	1.3274626731872559	1.4826772212982178	1.3434158563613892	0.15521454811096191
370	OVA-C4-IPTM90-006	2	ai11_af3_bb3	AI11_AF3	3	1.3719679117202759	1.330230712890625	1.5049986839294434	1.2450628280639648	1.407578468322754	0.2599358558654785
371	OVA-C4-IPTM90-162	2	ai11_af3_bb3	AI11_AF3	0	1.350376009941101	1.2830235958099365	1.2916959524154663	1.2807214260101318	1.5460633039474487	0.2653418779373169
371	OVA-C4-IPTM90-162	2	ai11_af3_bb3	AI11_AF3	1	1.3722537755966187	1.3033112287521362	1.4449033737182617	1.3501310348510742	1.3906697034835815	0.1415921449661255
371	OVA-C4-IPTM90-162	2	ai11_af3_bb3	AI11_AF3	2	1.3877992630004883	1.4153165817260742	1.3050925731658936	1.456567406654358	1.3742202520370483	0.15147483348846436
371	OVA-C4-IPTM90-162	2	ai11_af3_bb3	AI11_AF3	3	1.3624852895736694	1.3128031492233276	1.5059012174606323	1.210884690284729	1.420351505279541	0.2950165271759033
372	OVA-C4-IPTM90-088	2	ai11_af3_bb3	AI11_AF3	0	1.372820496559143	1.368350625038147	1.2747668027877808	1.2813856601715088	1.5667792558670044	0.29201245307922363
372	OVA-C4-IPTM90-088	2	ai11_af3_bb3	AI11_AF3	1	1.3724191188812256	1.359055519104004	1.4210381507873535	1.3423609733581543	1.367221713066101	0.07867717742919922
372	OVA-C4-IPTM90-088	2	ai11_af3_bb3	AI11_AF3	2	1.3966267108917236	1.399344801902771	1.3624130487442017	1.4788737297058105	1.3458751440048218	0.13299858570098877
372	OVA-C4-IPTM90-088	2	ai11_af3_bb3	AI11_AF3	3	1.4069045782089233	1.3398542404174805	1.5565379858016968	1.2863973379135132	1.444828987121582	0.2701406478881836
373	OVA-C4-IPTM90-077	2	ai11_af3_bb3	AI11_AF3	0	1.374351978302002	1.3171647787094116	1.31784987449646	1.2719895839691162	1.5904033184051514	0.31841373443603516
373	OVA-C4-IPTM90-077	2	ai11_af3_bb3	AI11_AF3	1	1.3942220211029053	1.3069764375686646	1.4421122074127197	1.4888838529586792	1.3389155864715576	0.18190741539001465
373	OVA-C4-IPTM90-077	2	ai11_af3_bb3	AI11_AF3	2	1.4101226329803467	1.3531830310821533	1.3774511814117432	1.521461009979248	1.3883945941925049	0.16827797889709473
373	OVA-C4-IPTM90-077	2	ai11_af3_bb3	AI11_AF3	3	1.39534592628479	1.3634064197540283	1.5189207792282104	1.2808500528335571	1.418205738067627	0.23807072639465332
374	OVA-C4-IPTM90-043	2	ai11_af3_bb3	AI11_AF3	0	1.3879363536834717	1.332568883895874	1.3713291883468628	1.3296748399734497	1.518172025680542	0.18849718570709229
374	OVA-C4-IPTM90-043	2	ai11_af3_bb3	AI11_AF3	1	1.3921324014663696	1.3962595462799072	1.4073617458343506	1.3398789167404175	1.4250295162200928	0.08515059947967529
374	OVA-C4-IPTM90-043	2	ai11_af3_bb3	AI11_AF3	2	1.405809998512268	1.452475666999817	1.315690279006958	1.450405478477478	1.4046677350997925	0.1367853879928589
374	OVA-C4-IPTM90-043	2	ai11_af3_bb3	AI11_AF3	3	1.404616355895996	1.3011738061904907	1.5923492908477783	1.3261194229125977	1.3988229036331177	0.2911754846572876
375	OVA-C4-IPTM90-093	2	ai11_af3_bb3	AI11_AF3	0	1.3919306993484497	1.3072943687438965	1.3814646005630493	1.358041524887085	1.5209219455718994	0.21362757682800293
375	OVA-C4-IPTM90-093	2	ai11_af3_bb3	AI11_AF3	1	1.3998901844024658	1.3985414505004883	1.3959101438522339	1.3737326860427856	1.431376576423645	0.057643890380859375
375	OVA-C4-IPTM90-093	2	ai11_af3_bb3	AI11_AF3	2	1.4011588096618652	1.4080606698989868	1.3314861059188843	1.4592329263687134	1.4058551788330078	0.1277468204498291
375	OVA-C4-IPTM90-093	2	ai11_af3_bb3	AI11_AF3	3	1.3973301649093628	1.3023098707199097	1.5916181802749634	1.315690517425537	1.379701852798462	0.2893083095550537
376	OVA-C4-IPTM90-140	2	ai11_af3_bb3	AI11_AF3	0	1.3920655250549316	1.3046272993087769	1.4129215478897095	1.3563628196716309	1.4943511486053467	0.18972384929656982
376	OVA-C4-IPTM90-140	2	ai11_af3_bb3	AI11_AF3	1	1.3900090456008911	1.3596798181533813	1.4510427713394165	1.313271164894104	1.4360419511795044	0.1377716064453125
376	OVA-C4-IPTM90-140	2	ai11_af3_bb3	AI11_AF3	2	1.4078048467636108	1.4752120971679688	1.306937336921692	1.4158101081848145	1.433260202407837	0.16827476024627686
376	OVA-C4-IPTM90-140	2	ai11_af3_bb3	AI11_AF3	3	1.4083569049835205	1.2865418195724487	1.6020803451538086	1.305591106414795	1.4392147064208984	0.31553852558135986
377	OVA-C4-IPTM90-030	2	ai11_af3_bb3	AI11_AF3	0	1.3114213943481445	1.2225874662399292	1.3212072849273682	1.2959916591644287	1.4058995246887207	0.1833120584487915
377	OVA-C4-IPTM90-030	2	ai11_af3_bb3	AI11_AF3	1	1.318428874015808	1.293118953704834	1.361742615699768	1.2528516054153442	1.366001844406128	0.11315023899078369
377	OVA-C4-IPTM90-030	2	ai11_af3_bb3	AI11_AF3	2	1.3399544954299927	1.3972095251083374	1.2389285564422607	1.3686959743499756	1.3549840450286865	0.15828096866607666
377	OVA-C4-IPTM90-030	2	ai11_af3_bb3	AI11_AF3	3	1.3222098350524902	1.2197542190551758	1.508347749710083	1.2162765264511108	1.3444610834121704	0.29207122325897217
378	OVA-C4-IPTM90-233	2	ai11_af3_bb3	AI11_AF3	0	1.3259031772613525	1.217818260192871	1.3420766592025757	1.3321826457977295	1.4115345478057861	0.19371628761291504
378	OVA-C4-IPTM90-233	2	ai11_af3_bb3	AI11_AF3	1	1.315366506576538	1.2966383695602417	1.334373116493225	1.2781723737716675	1.3522820472717285	0.07410967350006104
378	OVA-C4-IPTM90-233	2	ai11_af3_bb3	AI11_AF3	2	1.3297364711761475	1.3609684705734253	1.2363007068634033	1.3654580116271973	1.3562185764312744	0.12915730476379395
378	OVA-C4-IPTM90-233	2	ai11_af3_bb3	AI11_AF3	3	1.328730821609497	1.2235360145568848	1.5234366655349731	1.2366204261779785	1.331330418586731	0.2999006509780884
379	OVA-C4-IPTM90-330	2	ai11_af3_bb3	AI11_AF3	0	1.3698099851608276	1.3304717540740967	1.2397176027297974	1.2946521043777466	1.6143985986709595	0.3746809959411621
379	OVA-C4-IPTM90-330	2	ai11_af3_bb3	AI11_AF3	1	1.3780317306518555	1.3596724271774292	1.366830587387085	1.344002366065979	1.4416213035583496	0.0976189374923706
379	OVA-C4-IPTM90-330	2	ai11_af3_bb3	AI11_AF3	2	1.4029768705368042	1.3136532306671143	1.4077963829040527	1.4565398693084717	1.4339181184768677	0.14288663864135742
379	OVA-C4-IPTM90-330	2	ai11_af3_bb3	AI11_AF3	3	1.3971227407455444	1.3793935775756836	1.4791476726531982	1.2796121835708618	1.4503374099731445	0.19953548908233643
380	OVA-C4-IPTM90-178	2	ai11_af3_bb3	AI11_AF3	0	1.3584579229354858	1.3409113883972168	1.2734276056289673	1.285600185394287	1.5338923931121826	0.26046478748321533
380	OVA-C4-IPTM90-178	2	ai11_af3_bb3	AI11_AF3	1	1.3673244714736938	1.3279720544815063	1.4141631126403809	1.3662978410720825	1.3608653545379639	0.08619105815887451
380	OVA-C4-IPTM90-178	2	ai11_af3_bb3	AI11_AF3	2	1.3855652809143066	1.3943806886672974	1.3404651880264282	1.4797369241714478	1.3276785612106323	0.15205836296081543
380	OVA-C4-IPTM90-178	2	ai11_af3_bb3	AI11_AF3	3	1.3861541748046875	1.3219496011734009	1.50932776927948	1.2944189310073853	1.4189205169677734	0.21490883827209473
381	OVA-C4-IPTM90-294	2	ai11_af3_bb3	AI11_AF3	0	1.3481990098953247	1.2772334814071655	1.3489487171173096	1.3055474758148193	1.4610663652420044	0.18383288383483887
381	OVA-C4-IPTM90-294	2	ai11_af3_bb3	AI11_AF3	1	1.3555573225021362	1.3443386554718018	1.3938415050506592	1.278546690940857	1.405502438545227	0.12695574760437012
381	OVA-C4-IPTM90-294	2	ai11_af3_bb3	AI11_AF3	2	1.3672351837158203	1.3976619243621826	1.2884937524795532	1.3643300533294678	1.418454885482788	0.12996113300323486
381	OVA-C4-IPTM90-294	2	ai11_af3_bb3	AI11_AF3	3	1.3642998933792114	1.2833490371704102	1.5184926986694336	1.233404278755188	1.4219529628753662	0.2850884199142456
382	OVA-C4-IPTM90-366	2	ai11_af3_bb3	AI11_AF3	0	1.4278355836868286	1.3246835470199585	1.4472570419311523	1.4171189069747925	1.5222822427749634	0.19759869575500488
382	OVA-C4-IPTM90-366	2	ai11_af3_bb3	AI11_AF3	1	1.4228954315185547	1.3912873268127441	1.445676565170288	1.3800913095474243	1.4745270013809204	0.0944356918334961
382	OVA-C4-IPTM90-366	2	ai11_af3_bb3	AI11_AF3	2	1.4350773096084595	1.4896737337112427	1.316077709197998	1.4577226638793945	1.476835012435913	0.17359602451324463
382	OVA-C4-IPTM90-366	2	ai11_af3_bb3	AI11_AF3	3	1.4355254173278809	1.3005726337432861	1.6417186260223389	1.361243724822998	1.4385666847229004	0.34114599227905273
383	OVA-C4-IPTM90-085	2	ai11_af3_bb3	AI11_AF3	0	1.39115309715271	1.302187442779541	1.401106357574463	1.3864506483078003	1.474868655204773	0.17268121242523193
383	OVA-C4-IPTM90-085	2	ai11_af3_bb3	AI11_AF3	1	1.3762699365615845	1.3191224336624146	1.407059669494629	1.3576478958129883	1.4212502241134644	0.1021277904510498
383	OVA-C4-IPTM90-085	2	ai11_af3_bb3	AI11_AF3	2	1.3919494152069092	1.4232946634292603	1.2903672456741333	1.417898416519165	1.436237096786499	0.14586985111236572
383	OVA-C4-IPTM90-085	2	ai11_af3_bb3	AI11_AF3	3	1.3969128131866455	1.2832947969436646	1.595729947090149	1.3075194358825684	1.4011071920394897	0.3124351501464844
384	OVA-C4-IPTM90-202	2	ai11_af3_bb3	AI11_AF3	0	1.4161362648010254	1.3285983800888062	1.4266231060028076	1.4055662155151367	1.5037575960159302	0.17515921592712402
384	OVA-C4-IPTM90-202	2	ai11_af3_bb3	AI11_AF3	1	1.4067668914794922	1.3541162014007568	1.4383070468902588	1.3846017122268677	1.4500436782836914	0.09592747688293457
384	OVA-C4-IPTM90-202	2	ai11_af3_bb3	AI11_AF3	2	1.4249136447906494	1.4565321207046509	1.308274269104004	1.4533156156539917	1.4815329313278198	0.17325866222381592
384	OVA-C4-IPTM90-202	2	ai11_af3_bb3	AI11_AF3	3	1.4239089488983154	1.3142776489257812	1.6211470365524292	1.335457682609558	1.4247528314590454	0.30686938762664795
385	OVA-C4-IPTM90-107	2	ai11_af3_bb3	AI11_AF3	0	1.3287067413330078	1.2302870750427246	1.3526973724365234	1.304441213607788	1.4274011850357056	0.19711410999298096
385	OVA-C4-IPTM90-107	2	ai11_af3_bb3	AI11_AF3	1	1.3360332250595093	1.2933437824249268	1.4004124402999878	1.2966437339782715	1.3537336587905884	0.10706865787506104
385	OVA-C4-IPTM90-107	2	ai11_af3_bb3	AI11_AF3	2	1.3522329330444336	1.3909175395965576	1.2415536642074585	1.3898777961730957	1.386582374572754	0.14936387538909912
385	OVA-C4-IPTM90-107	2	ai11_af3_bb3	AI11_AF3	3	1.3509349822998047	1.246872067451477	1.5352530479431152	1.2460662126541138	1.375548243522644	0.28918683528900146
386	OVA-C4-IPTM90-066	2	ai11_af3_bb3	AI11_AF3	0	1.3779826164245605	1.3646926879882812	1.273788332939148	1.2952890396118164	1.578160285949707	0.3043719530105591
386	OVA-C4-IPTM90-066	2	ai11_af3_bb3	AI11_AF3	1	1.3799998760223389	1.3593220710754395	1.41771399974823	1.3458012342453003	1.3971623182296753	0.07191276550292969
386	OVA-C4-IPTM90-066	2	ai11_af3_bb3	AI11_AF3	2	1.4031367301940918	1.3976770639419556	1.366317868232727	1.4925113916397095	1.356040120124817	0.13647127151489258
386	OVA-C4-IPTM90-066	2	ai11_af3_bb3	AI11_AF3	3	1.4044194221496582	1.343277096748352	1.5465494394302368	1.2838904857635498	1.4439605474472046	0.262658953666687
387	OVA-C4-IPTM90-120	2	ai11_af3_bb3	AI11_AF3	0	1.3987513780593872	1.3804632425308228	1.3255223035812378	1.3012889623641968	1.587730884552002	0.2864419221878052
387	OVA-C4-IPTM90-120	2	ai11_af3_bb3	AI11_AF3	1	1.4102716445922852	1.3649266958236694	1.478328824043274	1.4020793437957764	1.3957515954971313	0.11340212821960449
387	OVA-C4-IPTM90-120	2	ai11_af3_bb3	AI11_AF3	2	1.419321060180664	1.41322922706604	1.3911468982696533	1.5148564577102661	1.3580515384674072	0.1568049192428589
387	OVA-C4-IPTM90-120	2	ai11_af3_bb3	AI11_AF3	3	1.4209377765655518	1.3617680072784424	1.5586206912994385	1.299769401550293	1.4635930061340332	0.2588512897491455
388	OVA-C4-IPTM90-109	2	ai11_af3_bb3	AI11_AF3	0	1.3645648956298828	1.3446420431137085	1.260679006576538	1.2831140756607056	1.56982421875	0.3091452121734619
388	OVA-C4-IPTM90-109	2	ai11_af3_bb3	AI11_AF3	1	1.3727656602859497	1.3528878688812256	1.4031795263290405	1.3390370607376099	1.3959589004516602	0.06414246559143066
388	OVA-C4-IPTM90-109	2	ai11_af3_bb3	AI11_AF3	2	1.3961902856826782	1.4073220491409302	1.3482142686843872	1.4870846271514893	1.342139720916748	0.1449449062347412
388	OVA-C4-IPTM90-109	2	ai11_af3_bb3	AI11_AF3	3	1.3953733444213867	1.3245728015899658	1.5365345478057861	1.281956434249878	1.4384287595748901	0.2545781135559082
389	OVA-C4-IPTM90-128	2	ai11_af3_bb3	AI11_AF3	0	1.378475308418274	1.3267186880111694	1.332301378250122	1.3003854751586914	1.5544958114624023	0.25411033630371094
389	OVA-C4-IPTM90-128	2	ai11_af3_bb3	AI11_AF3	1	1.3902064561843872	1.2964887619018555	1.4765188694000244	1.4003193378448486	1.3874990940093994	0.18003010749816895
389	OVA-C4-IPTM90-128	2	ai11_af3_bb3	AI11_AF3	2	1.4076738357543945	1.4179952144622803	1.3320432901382446	1.497692346572876	1.3829644918441772	0.16564905643463135
389	OVA-C4-IPTM90-128	2	ai11_af3_bb3	AI11_AF3	3	1.393245816230774	1.327400803565979	1.5239131450653076	1.2406671047210693	1.481001615524292	0.2832460403442383
390	OVA-C4-IPTM90-221	2	ai11_af3_bb3	AI11_AF3	0	1.3443111181259155	1.2243781089782715	1.3715811967849731	1.3365932703018188	1.4446910619735718	0.2203129529953003
390	OVA-C4-IPTM90-221	2	ai11_af3_bb3	AI11_AF3	1	1.3479104042053223	1.3035386800765991	1.384596586227417	1.3108978271484375	1.3926085233688354	0.08906984329223633
390	OVA-C4-IPTM90-221	2	ai11_af3_bb3	AI11_AF3	2	1.3607865571975708	1.3788918256759644	1.2794069051742554	1.3986835479736328	1.3861641883850098	0.11927664279937744
390	OVA-C4-IPTM90-221	2	ai11_af3_bb3	AI11_AF3	3	1.3492311239242554	1.256174087524414	1.5265852212905884	1.2495187520980835	1.3646469116210938	0.2770664691925049
391	OVA-C4-IPTM90-246	2	ai11_af3_bb3	AI11_AF3	0	1.383333444595337	1.4043972492218018	1.268241047859192	1.3054431676864624	1.5552524328231812	0.28701138496398926
391	OVA-C4-IPTM90-246	2	ai11_af3_bb3	AI11_AF3	1	1.393953561782837	1.383217692375183	1.3952453136444092	1.4066252708435059	1.3907263278961182	0.023407578468322754
391	OVA-C4-IPTM90-246	2	ai11_af3_bb3	AI11_AF3	2	1.3863883018493652	1.3291157484054565	1.389237642288208	1.4641908407211304	1.3630095720291138	0.13507509231567383
391	OVA-C4-IPTM90-246	2	ai11_af3_bb3	AI11_AF3	3	1.3819807767868042	1.3712433576583862	1.5052756071090698	1.2518377304077148	1.3995660543441772	0.253437876701355
392	OVA-C4-IPTM90-094	2	ai11_af3_bb3	AI11_AF3	0	1.352090835571289	1.247062087059021	1.3677034378051758	1.3523478507995605	1.441249966621399	0.19418787956237793
392	OVA-C4-IPTM90-094	2	ai11_af3_bb3	AI11_AF3	1	1.3452397584915161	1.326987624168396	1.3628205060958862	1.2827492952346802	1.4084025621414185	0.12565326690673828
392	OVA-C4-IPTM90-094	2	ai11_af3_bb3	AI11_AF3	2	1.3629090785980225	1.4097188711166382	1.2683323621749878	1.3749573230743408	1.398627758026123	0.1413865089416504
392	OVA-C4-IPTM90-094	2	ai11_af3_bb3	AI11_AF3	3	1.354129433631897	1.2534160614013672	1.5446219444274902	1.2631839513778687	1.3552954196929932	0.29120588302612305
393	OVA-C4-IPTM90-307	2	ai11_af3_bb3	AI11_AF3	0	1.355049729347229	1.269172191619873	1.3679097890853882	1.3204028606414795	1.4627140760421753	0.19354188442230225
393	OVA-C4-IPTM90-307	2	ai11_af3_bb3	AI11_AF3	1	1.3473570346832275	1.3214441537857056	1.3707462549209595	1.310615062713623	1.3866231441497803	0.07600808143615723
393	OVA-C4-IPTM90-307	2	ai11_af3_bb3	AI11_AF3	2	1.3634415864944458	1.3820719718933105	1.294108510017395	1.357073426246643	1.4205125570297241	0.1264040470123291
393	OVA-C4-IPTM90-307	2	ai11_af3_bb3	AI11_AF3	3	1.3726658821105957	1.2835862636566162	1.5505156517028809	1.2429989576339722	1.4135628938674927	0.3075166940689087
394	OVA-C4-IPTM90-114	2	ai11_af3_bb3	AI11_AF3	0	1.3580331802368164	1.2478320598602295	1.375169038772583	1.3583394289016724	1.4507920742034912	0.20296001434326172
394	OVA-C4-IPTM90-114	2	ai11_af3_bb3	AI11_AF3	1	1.350534200668335	1.3348256349563599	1.3670971393585205	1.292813777923584	1.407400369644165	0.11458659172058105
394	OVA-C4-IPTM90-114	2	ai11_af3_bb3	AI11_AF3	2	1.3622384071350098	1.4043982028961182	1.258352518081665	1.3873209953308105	1.3988823890686035	0.14604568481445312
394	OVA-C4-IPTM90-114	2	ai11_af3_bb3	AI11_AF3	3	1.3573716878890991	1.2561326026916504	1.5467174053192139	1.2615470886230469	1.3650895357131958	0.2905848026275635
395	OVA-C4-IPTM90-383	2	ai11_af3_bb3	AI11_AF3	0	1.42807936668396	1.3800002336502075	1.3814284801483154	1.377312183380127	1.5735770463943481	0.1962648630142212
395	OVA-C4-IPTM90-383	2	ai11_af3_bb3	AI11_AF3	1	1.4275257587432861	1.328347086906433	1.5127161741256714	1.4485188722610474	1.4205211400985718	0.18436908721923828
395	OVA-C4-IPTM90-383	2	ai11_af3_bb3	AI11_AF3	2	1.4420243501663208	1.425561547279358	1.3888564109802246	1.5169789791107178	1.4367005825042725	0.12812256813049316
395	OVA-C4-IPTM90-383	2	ai11_af3_bb3	AI11_AF3	3	1.4406156539916992	1.3761835098266602	1.5908753871917725	1.3069803714752197	1.4884231090545654	0.28389501571655273
396	OVA-C4-IPTM90-102	2	ai11_af3_bb3	AI11_AF3	0	1.379356026649475	1.3700770139694214	1.2791776657104492	1.2991565465927124	1.569012999534607	0.2898353338241577
396	OVA-C4-IPTM90-102	2	ai11_af3_bb3	AI11_AF3	1	1.3783491849899292	1.3418049812316895	1.439522624015808	1.3529751300811768	1.3790944814682007	0.09771764278411865
396	OVA-C4-IPTM90-102	2	ai11_af3_bb3	AI11_AF3	2	1.377305030822754	1.366373062133789	1.3457236289978027	1.4756087064743042	1.3215148448944092	0.15409386157989502
396	OVA-C4-IPTM90-102	2	ai11_af3_bb3	AI11_AF3	3	1.3887895345687866	1.337626576423645	1.5110982656478882	1.250239372253418	1.456194519996643	0.2608588933944702
397	OVA-C4-IPTM90-098	2	ai11_af3_bb3	AI11_AF3	0	1.4021276235580444	1.4278401136398315	1.302776575088501	1.2768771648406982	1.6010172367095947	0.3241400718688965
397	OVA-C4-IPTM90-098	2	ai11_af3_bb3	AI11_AF3	1	1.4193435907363892	1.393807291984558	1.469666600227356	1.4239461421966553	1.3899542093276978	0.0797123908996582
397	OVA-C4-IPTM90-098	2	ai11_af3_bb3	AI11_AF3	2	1.4353749752044678	1.4096070528030396	1.4149250984191895	1.5155411958694458	1.401425838470459	0.11411535739898682
397	OVA-C4-IPTM90-098	2	ai11_af3_bb3	AI11_AF3	3	1.4276821613311768	1.408767580986023	1.5340588092803955	1.2826546430587769	1.4852479696273804	0.25140416622161865
398	OVA-C4-IPTM90-368	2	ai11_af3_bb3	AI11_AF3	0	1.3404427766799927	1.3135939836502075	1.247818946838379	1.253354549407959	1.5470036268234253	0.2991846799850464
398	OVA-C4-IPTM90-368	2	ai11_af3_bb3	AI11_AF3	1	1.3437681198120117	1.3220767974853516	1.3541926145553589	1.353117823600769	1.3456846475601196	0.032115817070007324
398	OVA-C4-IPTM90-368	2	ai11_af3_bb3	AI11_AF3	2	1.3683806657791138	1.3640835285186768	1.3362274169921875	1.4528443813323975	1.320367455482483	0.13247692584991455
398	OVA-C4-IPTM90-368	2	ai11_af3_bb3	AI11_AF3	3	1.369057536125183	1.303317904472351	1.5142264366149902	1.2553642988204956	1.4033209085464478	0.25886213779449463
399	OVA-C4-IPTM90-198	2	ai11_af3_bb3	AI11_AF3	0	1.4044002294540405	1.297661542892456	1.4054709672927856	1.4038234949111938	1.5106449127197266	0.2129833698272705
399	OVA-C4-IPTM90-198	2	ai11_af3_bb3	AI11_AF3	1	1.3995411396026611	1.3560878038406372	1.442350149154663	1.35706627368927	1.442660927772522	0.08657312393188477
399	OVA-C4-IPTM90-198	2	ai11_af3_bb3	AI11_AF3	2	1.4106128215789795	1.440316081047058	1.3465590476989746	1.4288831949234009	1.4266932010650635	0.0937570333480835
399	OVA-C4-IPTM90-198	2	ai11_af3_bb3	AI11_AF3	3	1.4164232015609741	1.3102227449417114	1.6117745637893677	1.3392289876937866	1.4044662714004517	0.30155181884765625
400	OVA-C4-IPTM90-009	2	ai11_af3_bb3	AI11_AF3	0	1.364388108253479	1.3084684610366821	1.3060100078582764	1.262864112854004	1.580209732055664	0.31734561920166016
400	OVA-C4-IPTM90-009	2	ai11_af3_bb3	AI11_AF3	1	1.3737244606018066	1.3163589239120483	1.4122018814086914	1.407992959022522	1.3583441972732544	0.09584295749664307
400	OVA-C4-IPTM90-009	2	ai11_af3_bb3	AI11_AF3	2	1.3909071683883667	1.3735415935516357	1.3585706949234009	1.4797296524047852	1.3517869710922241	0.12794268131256104
400	OVA-C4-IPTM90-009	2	ai11_af3_bb3	AI11_AF3	3	1.3897660970687866	1.3596638441085815	1.5241020917892456	1.2736626863479614	1.401637077331543	0.2504394054412842
401	OVA-C4-IPTM90-123	2	ai11_af3_bb3	AI11_AF3	0	1.350260853767395	1.209245204925537	1.36631178855896	1.3814818859100342	1.4440046548843384	0.23475944995880127
401	OVA-C4-IPTM90-123	2	ai11_af3_bb3	AI11_AF3	1	1.3599766492843628	1.2843351364135742	1.4194175004959106	1.302878499031067	1.4332761764526367	0.1489410400390625
401	OVA-C4-IPTM90-123	2	ai11_af3_bb3	AI11_AF3	2	1.3747261762619019	1.3824738264083862	1.3189952373504639	1.374259114265442	1.423176646232605	0.10418140888214111
401	OVA-C4-IPTM90-123	2	ai11_af3_bb3	AI11_AF3	3	1.365556001663208	1.2969038486480713	1.5373214483261108	1.2932482957839966	1.3347508907318115	0.24407315254211426
402	OVA-C4-IPTM90-289	2	ai11_af3_bb3	AI11_AF3	0	1.3967117071151733	1.3325221538543701	1.3578299283981323	1.3423463106155396	1.5541489124298096	0.22162675857543945
402	OVA-C4-IPTM90-289	2	ai11_af3_bb3	AI11_AF3	1	1.3932865858078003	1.2961070537567139	1.460771083831787	1.4297256469726562	1.3865423202514648	0.16466403007507324
402	OVA-C4-IPTM90-289	2	ai11_af3_bb3	AI11_AF3	2	1.4165050983428955	1.4000718593597412	1.3587549924850464	1.4986780881881714	1.4085155725479126	0.139923095703125
402	OVA-C4-IPTM90-289	2	ai11_af3_bb3	AI11_AF3	3	1.4082530736923218	1.3444098234176636	1.549973726272583	1.2812855243682861	1.4573432207107544	0.2686882019042969
403	OVA-C4-IPTM90-068	2	ai11_af3_bb3	AI11_AF3	0	1.3988245725631714	1.3965296745300293	1.3252736330032349	1.2822203636169434	1.5912749767303467	0.3090546131134033
403	OVA-C4-IPTM90-068	2	ai11_af3_bb3	AI11_AF3	1	1.4140232801437378	1.363991141319275	1.4580498933792114	1.444252848625183	1.389799952507019	0.09405875205993652
403	OVA-C4-IPTM90-068	2	ai11_af3_bb3	AI11_AF3	2	1.4347515106201172	1.4428786039352417	1.3902313709259033	1.5324345827102661	1.3734614849090576	0.1589730978012085
403	OVA-C4-IPTM90-068	2	ai11_af3_bb3	AI11_AF3	3	1.425479769706726	1.3594452142715454	1.563603162765503	1.3102822303771973	1.4685888290405273	0.25332093238830566
404	OVA-C4-IPTM90-042	2	ai11_af3_bb3	AI11_AF3	0	1.3134852647781372	1.2872971296310425	1.2085206508636475	1.2378863096237183	1.5202375650405884	0.3117169141769409
404	OVA-C4-IPTM90-042	2	ai11_af3_bb3	AI11_AF3	1	1.3301247358322144	1.2911471128463745	1.3453782796859741	1.3345651626586914	1.349408507347107	0.05826139450073242
404	OVA-C4-IPTM90-042	2	ai11_af3_bb3	AI11_AF3	2	1.36014723777771	1.3579350709915161	1.309067964553833	1.4501081705093384	1.323478102684021	0.14104020595550537
404	OVA-C4-IPTM90-042	2	ai11_af3_bb3	AI11_AF3	3	1.3443344831466675	1.2983285188674927	1.4742761850357056	1.2229816913604736	1.3817518949508667	0.25129449367523193
405	OVA-C4-IPTM90-064	2	ai11_af3_bb3	AI11_AF3	0	1.3791509866714478	1.3326811790466309	1.2992066144943237	1.3322539329528809	1.5524626970291138	0.25325608253479004
405	OVA-C4-IPTM90-064	2	ai11_af3_bb3	AI11_AF3	1	1.3881016969680786	1.3151226043701172	1.4432872533798218	1.4192428588867188	1.374753475189209	0.1281646490097046
405	OVA-C4-IPTM90-064	2	ai11_af3_bb3	AI11_AF3	2	1.3894805908203125	1.3336857557296753	1.3852931261062622	1.4675545692443848	1.3713887929916382	0.13386881351470947
405	OVA-C4-IPTM90-064	2	ai11_af3_bb3	AI11_AF3	3	1.3976424932479858	1.3781541585922241	1.531952977180481	1.2870482206344604	1.3934139013290405	0.2449047565460205
406	OVA-C4-IPTM90-295	2	ai11_af3_bb3	AI11_AF3	0	1.4035688638687134	1.401639699935913	1.3193062543869019	1.3158823251724243	1.5774468183517456	0.2615644931793213
406	OVA-C4-IPTM90-295	2	ai11_af3_bb3	AI11_AF3	1	1.4135329723358154	1.3496904373168945	1.4355474710464478	1.4973300695419312	1.3715635538101196	0.14763963222503662
406	OVA-C4-IPTM90-295	2	ai11_af3_bb3	AI11_AF3	2	1.4274616241455078	1.3928683996200562	1.3781917095184326	1.54730224609375	1.3914844989776611	0.16911053657531738
406	OVA-C4-IPTM90-295	2	ai11_af3_bb3	AI11_AF3	3	1.4234566688537598	1.3803379535675049	1.550127625465393	1.3082067966461182	1.4551548957824707	0.2419208288192749
407	OVA-C4-IPTM90-025	2	ai11_af3_bb3	AI11_AF3	0	1.4361095428466797	1.433139681816101	1.3690121173858643	1.3127381801605225	1.6295480728149414	0.31680989265441895
407	OVA-C4-IPTM90-025	2	ai11_af3_bb3	AI11_AF3	1	1.4529483318328857	1.4271914958953857	1.4948266744613647	1.4344494342803955	1.4553254842758179	0.067635178565979
407	OVA-C4-IPTM90-025	2	ai11_af3_bb3	AI11_AF3	2	1.4426076412200928	1.5038325786590576	1.4067479372024536	1.4970203638076782	1.3628294467926025	0.14100313186645508
407	OVA-C4-IPTM90-025	2	ai11_af3_bb3	AI11_AF3	3	1.4358601570129395	1.3603346347808838	1.588302731513977	1.3093504905700684	1.4854536056518555	0.2789522409439087
408	OVA-C4-IPTM90-385	2	ai11_af3_bb3	AI11_AF3	0	1.380850911140442	1.3112391233444214	1.3645328283309937	1.3455240726470947	1.5021072626113892	0.19086813926696777
408	OVA-C4-IPTM90-385	2	ai11_af3_bb3	AI11_AF3	1	1.3839572668075562	1.3713109493255615	1.3649346828460693	1.3977466821670532	1.4018361568450928	0.03690147399902344
408	OVA-C4-IPTM90-385	2	ai11_af3_bb3	AI11_AF3	2	1.3991823196411133	1.4077216386795044	1.3018114566802979	1.4501392841339111	1.4370574951171875	0.14832782745361328
408	OVA-C4-IPTM90-385	2	ai11_af3_bb3	AI11_AF3	3	1.4012292623519897	1.3179538249969482	1.5857487916946411	1.3356993198394775	1.3655154705047607	0.26779496669769287
409	OVA-C4-IPTM90-316	2	ai11_af3_bb3	AI11_AF3	0	1.4529857635498047	1.4570688009262085	1.3431425094604492	1.3492536544799805	1.662477970123291	0.3193354606628418
409	OVA-C4-IPTM90-316	2	ai11_af3_bb3	AI11_AF3	1	1.467118263244629	1.4250432252883911	1.4782761335372925	1.5021271705627441	1.4630259275436401	0.07708394527435303
409	OVA-C4-IPTM90-316	2	ai11_af3_bb3	AI11_AF3	2	1.481425404548645	1.427343726158142	1.4538593292236328	1.575182557106018	1.469315767288208	0.14783883094787598
409	OVA-C4-IPTM90-316	2	ai11_af3_bb3	AI11_AF3	3	1.4718964099884033	1.4490718841552734	1.5825165510177612	1.347976803779602	1.5080206394195557	0.23453974723815918
410	OVA-C4-IPTM90-045	2	ai11_af3_bb3	AI11_AF3	0	1.4514164924621582	1.4142893552780151	1.394484281539917	1.3946274518966675	1.6022650003433228	0.20778071880340576
410	OVA-C4-IPTM90-045	2	ai11_af3_bb3	AI11_AF3	1	1.4348244667053223	1.3571264743804932	1.5160694122314453	1.4340195655822754	1.4320826530456543	0.15894293785095215
410	OVA-C4-IPTM90-045	2	ai11_af3_bb3	AI11_AF3	2	1.4458225965499878	1.4553781747817993	1.4195281267166138	1.5081536769866943	1.4002307653427124	0.10792291164398193
410	OVA-C4-IPTM90-045	2	ai11_af3_bb3	AI11_AF3	3	1.4583446979522705	1.3756017684936523	1.6345443725585938	1.317244291305542	1.5059887170791626	0.31730008125305176
411	OVA-C4-IPTM90-287	2	ai11_af3_bb3	AI11_AF3	0	1.3621710538864136	1.236302375793457	1.3908571004867554	1.3701064586639404	1.4514185190200806	0.21511614322662354
411	OVA-C4-IPTM90-287	2	ai11_af3_bb3	AI11_AF3	1	1.3580613136291504	1.3110142946243286	1.3941048383712769	1.3032249212265015	1.4239017963409424	0.12067687511444092
411	OVA-C4-IPTM90-287	2	ai11_af3_bb3	AI11_AF3	2	1.3747589588165283	1.398659348487854	1.2878007888793945	1.3838648796081543	1.4287104606628418	0.14090967178344727
411	OVA-C4-IPTM90-287	2	ai11_af3_bb3	AI11_AF3	3	1.3634527921676636	1.2831652164459229	1.5408493280410767	1.2797181606292725	1.3500783443450928	0.2611311674118042
412	OVA-C4-IPTM90-373	2	ai11_af3_bb3	AI11_AF3	0	1.4191328287124634	1.4133845567703247	1.3397810459136963	1.316367506980896	1.6069972515106201	0.2906297445297241
412	OVA-C4-IPTM90-373	2	ai11_af3_bb3	AI11_AF3	1	1.433860182762146	1.3796539306640625	1.496987223625183	1.4544826745986938	1.4043172597885132	0.1173332929611206
412	OVA-C4-IPTM90-373	2	ai11_af3_bb3	AI11_AF3	2	1.4437845945358276	1.446138620376587	1.400943398475647	1.5398751497268677	1.3881810903549194	0.15169405937194824
412	OVA-C4-IPTM90-373	2	ai11_af3_bb3	AI11_AF3	3	1.4424450397491455	1.3854494094848633	1.581860899925232	1.3155397176742554	1.4869307279586792	0.26632118225097656
413	OVA-C4-IPTM90-338	2	ai11_af3_bb3	AI11_AF3	0	1.436450719833374	1.4353104829788208	1.3606674671173096	1.323651671409607	1.6261730194091797	0.30252134799957275
413	OVA-C4-IPTM90-338	2	ai11_af3_bb3	AI11_AF3	1	1.4497480392456055	1.3838980197906494	1.522926688194275	1.4646413326263428	1.4275258779525757	0.1390286684036255
413	OVA-C4-IPTM90-338	2	ai11_af3_bb3	AI11_AF3	2	1.4595494270324707	1.4688714742660522	1.4323691129684448	1.5414122343063354	1.3955445289611816	0.1458677053451538
413	OVA-C4-IPTM90-338	2	ai11_af3_bb3	AI11_AF3	3	1.446043848991394	1.4022228717803955	1.5756444931030273	1.3063751459121704	1.4999327659606934	0.26926934719085693
414	OVA-C4-IPTM90-147	2	ai11_af3_bb3	AI11_AF3	0	1.4417892694473267	1.38649582862854	1.3994489908218384	1.3856613636016846	1.5955508947372437	0.20988953113555908
414	OVA-C4-IPTM90-147	2	ai11_af3_bb3	AI11_AF3	1	1.44045090675354	1.34569251537323	1.526544213294983	1.4730387926101685	1.4165291786193848	0.18085169792175293
414	OVA-C4-IPTM90-147	2	ai11_af3_bb3	AI11_AF3	2	1.4599440097808838	1.4335086345672607	1.3967407941818237	1.5449632406234741	1.4645631313323975	0.1482224464416504
414	OVA-C4-IPTM90-147	2	ai11_af3_bb3	AI11_AF3	3	1.4535198211669922	1.3991090059280396	1.5967042446136475	1.32062566280365	1.4976400136947632	0.27607858180999756
415	OVA-C4-IPTM90-187	2	ai11_af3_bb3	AI11_AF3	0	1.40220046043396	1.2406834363937378	1.4424229860305786	1.4587712287902832	1.4669245481491089	0.2262411117553711
415	OVA-C4-IPTM90-187	2	ai11_af3_bb3	AI11_AF3	1	1.4072840213775635	1.3795233964920044	1.4928102493286133	1.3288570642471313	1.4279453754425049	0.16395318508148193
415	OVA-C4-IPTM90-187	2	ai11_af3_bb3	AI11_AF3	2	1.4210081100463867	1.3955985307693481	1.3145420551300049	1.483281135559082	1.4906108379364014	0.17606878280639648
415	OVA-C4-IPTM90-187	2	ai11_af3_bb3	AI11_AF3	3	1.4118551015853882	1.288907527923584	1.6300169229507446	1.3684945106506348	1.3600014448165894	0.34110939502716064
416	OVA-C4-IPTM90-134	2	ai11_af3_bb3	AI11_AF3	0	1.4060842990875244	1.3912842273712158	1.3084053993225098	1.3296351432800293	1.5950130224227905	0.28660762310028076
416	OVA-C4-IPTM90-134	2	ai11_af3_bb3	AI11_AF3	1	1.4221067428588867	1.367653489112854	1.4644023180007935	1.466532826423645	1.3898377418518066	0.09887933731079102
416	OVA-C4-IPTM90-134	2	ai11_af3_bb3	AI11_AF3	2	1.425514578819275	1.3704224824905396	1.3867826461791992	1.5375717878341675	1.4072808027267456	0.16714930534362793
416	OVA-C4-IPTM90-134	2	ai11_af3_bb3	AI11_AF3	3	1.43471360206604	1.4047266244888306	1.5762577056884766	1.314476490020752	1.4433938264846802	0.2617812156677246
417	OVA-C4-IPTM90-310	2	ai11_af3_bb3	AI11_AF3	0	1.3804165124893188	1.2895305156707764	1.3822108507156372	1.3734409809112549	1.4764840602874756	0.18695354461669922
417	OVA-C4-IPTM90-310	2	ai11_af3_bb3	AI11_AF3	1	1.3798840045928955	1.379062533378601	1.3772835731506348	1.3082032203674316	1.4549874067306519	0.14678418636322021
417	OVA-C4-IPTM90-310	2	ai11_af3_bb3	AI11_AF3	2	1.3846921920776367	1.3922539949417114	1.322169303894043	1.3662550449371338	1.458089828491211	0.13592052459716797
417	OVA-C4-IPTM90-310	2	ai11_af3_bb3	AI11_AF3	3	1.3796380758285522	1.3098989725112915	1.5301405191421509	1.282183289527893	1.396329641342163	0.2479572296142578
418	OVA-C4-IPTM90-055	2	ai11_af3_bb3	AI11_AF3	0	1.4224824905395508	1.3246815204620361	1.4475511312484741	1.4038207530975342	1.5138766765594482	0.1891951560974121
418	OVA-C4-IPTM90-055	2	ai11_af3_bb3	AI11_AF3	1	1.4095559120178223	1.3818345069885254	1.4393173456192017	1.3743036985397339	1.4427682161331177	0.06846451759338379
418	OVA-C4-IPTM90-055	2	ai11_af3_bb3	AI11_AF3	2	1.4257781505584717	1.4650911092758179	1.3252193927764893	1.4438248872756958	1.4689769744873047	0.14375758171081543
418	OVA-C4-IPTM90-055	2	ai11_af3_bb3	AI11_AF3	3	1.435248851776123	1.309904932975769	1.6400102376937866	1.3590301275253296	1.432050108909607	0.3301053047180176
419	OVA-C4-IPTM90-099	2	ai11_af3_bb3	AI11_AF3	0	1.347451090812683	1.2082325220108032	1.3799262046813965	1.36273992061615	1.4389057159423828	0.2306731939315796
419	OVA-C4-IPTM90-099	2	ai11_af3_bb3	AI11_AF3	1	1.355224609375	1.2708553075790405	1.4108662605285645	1.3273237943649292	1.4118534326553345	0.14099812507629395
419	OVA-C4-IPTM90-099	2	ai11_af3_bb3	AI11_AF3	2	1.3698101043701172	1.374011754989624	1.2918004989624023	1.386521577835083	1.426906943321228	0.13510644435882568
419	OVA-C4-IPTM90-099	2	ai11_af3_bb3	AI11_AF3	3	1.3538061380386353	1.2794697284698486	1.5281264781951904	1.256691336631775	1.350936770439148	0.2714351415634155
420	OVA-C4-IPTM90-357	2	ai11_af3_bb3	AI11_AF3	0	1.401430368423462	1.4060128927230835	1.3173328638076782	1.2822800874710083	1.6000961065292358	0.31781601905822754
420	OVA-C4-IPTM90-357	2	ai11_af3_bb3	AI11_AF3	1	1.4095141887664795	1.3699188232421875	1.4415172338485718	1.4421491622924805	1.3844712972640991	0.07223033905029297
420	OVA-C4-IPTM90-357	2	ai11_af3_bb3	AI11_AF3	2	1.4235889911651611	1.3664714097976685	1.4197866916656494	1.495617151260376	1.4124811887741089	0.12914574146270752
420	OVA-C4-IPTM90-357	2	ai11_af3_bb3	AI11_AF3	3	1.4236799478530884	1.4184863567352295	1.5326117277145386	1.282302737236023	1.4613194465637207	0.2503089904785156
421	OVA-C4-IPTM90-180	2	ai11_af3_bb3	AI11_AF3	0	1.4484103918075562	1.4076244831085205	1.3906559944152832	1.3922016620635986	1.6031591892242432	0.21250319480895996
421	OVA-C4-IPTM90-180	2	ai11_af3_bb3	AI11_AF3	1	1.4554723501205444	1.3739787340164185	1.5299984216690063	1.4563413858413696	1.4615713357925415	0.1560196876525879
421	OVA-C4-IPTM90-180	2	ai11_af3_bb3	AI11_AF3	2	1.4680100679397583	1.4232451915740967	1.4361342191696167	1.509377360343933	1.5032835006713867	0.08613216876983643
421	OVA-C4-IPTM90-180	2	ai11_af3_bb3	AI11_AF3	3	1.4619626998901367	1.4372605085372925	1.5683618783950806	1.318637728691101	1.5235902070999146	0.2497241497039795
422	OVA-C4-IPTM90-108	2	ai11_af3_bb3	AI11_AF3	0	1.4157718420028687	1.3704121112823486	1.3235535621643066	1.3564932346343994	1.6126283407211304	0.28907477855682373
422	OVA-C4-IPTM90-108	2	ai11_af3_bb3	AI11_AF3	1	1.431588053703308	1.359139323234558	1.4767531156539917	1.4652338027954102	1.4252259731292725	0.1176137924194336
422	OVA-C4-IPTM90-108	2	ai11_af3_bb3	AI11_AF3	2	1.4441282749176025	1.3815248012542725	1.435091257095337	1.5464614629745483	1.413435459136963	0.16493666172027588
422	OVA-C4-IPTM90-108	2	ai11_af3_bb3	AI11_AF3	3	1.4312642812728882	1.4126511812210083	1.5655832290649414	1.315934658050537	1.4308881759643555	0.2496485710144043
423	OVA-C4-IPTM90-337	2	ai11_af3_bb3	AI11_AF3	0	1.3985861539840698	1.389134407043457	1.3235467672348022	1.3330498933792114	1.5486136674880981	0.2250669002532959
423	OVA-C4-IPTM90-337	2	ai11_af3_bb3	AI11_AF3	1	1.4218568801879883	1.452773094177246	1.4908716678619385	1.3758544921875	1.3679285049438477	0.12294316291809082
423	OVA-C4-IPTM90-337	2	ai11_af3_bb3	AI11_AF3	2	1.4189372062683105	1.362892746925354	1.3655551671981812	1.5319687128067017	1.4153321981430054	0.16907596588134766
423	OVA-C4-IPTM90-337	2	ai11_af3_bb3	AI11_AF3	3	1.409879446029663	1.3481806516647339	1.560683250427246	1.3096545934677124	1.4209997653961182	0.2510286569595337
424	OVA-C4-IPTM90-181	2	ai11_af3_bb3	AI11_AF3	0	1.3823086023330688	1.2922680377960205	1.4018723964691162	1.357657551765442	1.477436900138855	0.18516886234283447
424	OVA-C4-IPTM90-181	2	ai11_af3_bb3	AI11_AF3	1	1.3851619958877563	1.3461145162582397	1.4467365741729736	1.3151458501815796	1.4326516389846802	0.13159072399139404
424	OVA-C4-IPTM90-181	2	ai11_af3_bb3	AI11_AF3	2	1.4012888669967651	1.4665716886520386	1.3028810024261475	1.4121668338775635	1.4235353469848633	0.1636906862258911
424	OVA-C4-IPTM90-181	2	ai11_af3_bb3	AI11_AF3	3	1.4015957117080688	1.277955174446106	1.5976197719573975	1.3101125955581665	1.4206955432891846	0.3196645975112915
425	OVA-C4-IPTM90-138	2	ai11_af3_bb3	AI11_AF3	0	1.4345253705978394	1.454749584197998	1.3464919328689575	1.3258237838745117	1.611035704612732	0.2852119207382202
425	OVA-C4-IPTM90-138	2	ai11_af3_bb3	AI11_AF3	1	1.4377995729446411	1.42759108543396	1.5218275785446167	1.4196223020553589	1.3821572065353394	0.13967037200927734
425	OVA-C4-IPTM90-138	2	ai11_af3_bb3	AI11_AF3	2	1.4499791860580444	1.4138057231903076	1.4063518047332764	1.5425057411193848	1.4372538328170776	0.1361539363861084
425	OVA-C4-IPTM90-138	2	ai11_af3_bb3	AI11_AF3	3	1.4518260955810547	1.4033334255218506	1.5729950666427612	1.3359436988830566	1.4950323104858398	0.2370513677597046
426	OVA-C4-IPTM90-355	2	ai11_af3_bb3	AI11_AF3	0	1.4350504875183105	1.3944967985153198	1.3826298713684082	1.3562982082366943	1.6067769527435303	0.25047874450683594
426	OVA-C4-IPTM90-355	2	ai11_af3_bb3	AI11_AF3	1	1.4533884525299072	1.3311376571655273	1.5538212060928345	1.4593244791030884	1.469271183013916	0.22268354892730713
426	OVA-C4-IPTM90-355	2	ai11_af3_bb3	AI11_AF3	2	1.452437162399292	1.480879783630371	1.3994505405426025	1.5290088653564453	1.400409460067749	0.12955832481384277
426	OVA-C4-IPTM90-355	2	ai11_af3_bb3	AI11_AF3	3	1.4385666847229004	1.3678183555603027	1.578970193862915	1.271113634109497	1.5363647937774658	0.30785655975341797
427	OVA-C4-IPTM90-291	2	ai11_af3_bb3	AI11_AF3	0	1.4288523197174072	1.3461800813674927	1.4314614534378052	1.4301344156265259	1.5076335668563843	0.1614534854888916
427	OVA-C4-IPTM90-291	2	ai11_af3_bb3	AI11_AF3	1	1.413872241973877	1.3907694816589355	1.4333757162094116	1.356192708015442	1.4751516580581665	0.11895895004272461
427	OVA-C4-IPTM90-291	2	ai11_af3_bb3	AI11_AF3	2	1.4156787395477295	1.4794656038284302	1.3122162818908691	1.4418306350708008	1.4292017221450806	0.16724932193756104
427	OVA-C4-IPTM90-291	2	ai11_af3_bb3	AI11_AF3	3	1.4210983514785767	1.2868770360946655	1.626458764076233	1.3344453573226929	1.4366121292114258	0.3395817279815674
428	OVA-C4-IPTM90-210	2	ai11_af3_bb3	AI11_AF3	0	1.4306793212890625	1.334614634513855	1.4446507692337036	1.4137874841690063	1.5296634435653687	0.19504880905151367
428	OVA-C4-IPTM90-210	2	ai11_af3_bb3	AI11_AF3	1	1.4158333539962769	1.395790934562683	1.439429759979248	1.3543367385864258	1.473775863647461	0.11943912506103516
428	OVA-C4-IPTM90-210	2	ai11_af3_bb3	AI11_AF3	2	1.4284642934799194	1.4852019548416138	1.3333141803741455	1.4420527219772339	1.4532883167266846	0.15188777446746826
428	OVA-C4-IPTM90-210	2	ai11_af3_bb3	AI11_AF3	3	1.4267715215682983	1.3075814247131348	1.6320306062698364	1.3371572494506836	1.4303170442581177	0.32444918155670166
429	OVA-C4-IPTM90-328	2	ai11_af3_bb3	AI11_AF3	0	1.354343295097351	1.2487821578979492	1.3756318092346191	1.3315565586090088	1.4614030122756958	0.21262085437774658
429	OVA-C4-IPTM90-328	2	ai11_af3_bb3	AI11_AF3	1	1.3580776453018188	1.3393259048461914	1.3952915668487549	1.2720779180526733	1.4256154298782349	0.15353751182556152
429	OVA-C4-IPTM90-328	2	ai11_af3_bb3	AI11_AF3	2	1.359963297843933	1.3892618417739868	1.3099887371063232	1.3252111673355103	1.4153908491134644	0.10540211200714111
429	OVA-C4-IPTM90-328	2	ai11_af3_bb3	AI11_AF3	3	1.3716723918914795	1.284654140472412	1.5345458984375	1.2654595375061035	1.4020295143127441	0.2690863609313965
430	OVA-C4-IPTM90-369	2	ai11_af3_bb3	AI11_AF3	0	1.4542105197906494	1.4353646039962769	1.3556350469589233	1.3808282613754272	1.6450148820877075	0.2893798351287842
430	OVA-C4-IPTM90-369	2	ai11_af3_bb3	AI11_AF3	1	1.439083456993103	1.4206767082214355	1.4734734296798706	1.4309495687484741	1.4312347173690796	0.05279672145843506
430	OVA-C4-IPTM90-369	2	ai11_af3_bb3	AI11_AF3	2	1.4597980976104736	1.4522242546081543	1.4322078227996826	1.5421432256698608	1.4126166105270386	0.12952661514282227
430	OVA-C4-IPTM90-369	2	ai11_af3_bb3	AI11_AF3	3	1.473654866218567	1.3983638286590576	1.6292656660079956	1.376888632774353	1.4901015758514404	0.2523770332336426
431	OVA-C4-IPTM90-279	2	ai11_af3_bb3	AI11_AF3	0	1.3742390871047974	1.2954022884368896	1.3803927898406982	1.3413636684417725	1.4797974824905396	0.1843951940536499
431	OVA-C4-IPTM90-279	2	ai11_af3_bb3	AI11_AF3	1	1.3813800811767578	1.3460179567337036	1.4109889268875122	1.3110615015029907	1.4574520587921143	0.14639055728912354
431	OVA-C4-IPTM90-279	2	ai11_af3_bb3	AI11_AF3	2	1.4005416631698608	1.4942957162857056	1.2873249053955078	1.4161492586135864	1.4043961763381958	0.20697081089019775
431	OVA-C4-IPTM90-279	2	ai11_af3_bb3	AI11_AF3	3	1.3862725496292114	1.2499139308929443	1.5710102319717407	1.2913544178009033	1.4328111410140991	0.3210963010787964
432	OVA-C4-IPTM90-320	2	ai11_af3_bb3	AI11_AF3	0	1.4376529455184937	1.391282320022583	1.3854564428329468	1.371715784072876	1.6021572351455688	0.23044145107269287
432	OVA-C4-IPTM90-320	2	ai11_af3_bb3	AI11_AF3	1	1.4499655961990356	1.455732822418213	1.476668119430542	1.4576913118362427	1.4097707271575928	0.06689739227294922
432	OVA-C4-IPTM90-320	2	ai11_af3_bb3	AI11_AF3	2	1.4575002193450928	1.3786401748657227	1.3892091512680054	1.5780857801437378	1.4840657711029053	0.19944560527801514
432	OVA-C4-IPTM90-320	2	ai11_af3_bb3	AI11_AF3	3	1.4551138877868652	1.3971655368804932	1.597031831741333	1.3679168224334717	1.4583414793014526	0.22911500930786133
433	OVA-C4-IPTM90-288	2	ai11_af3_bb3	AI11_AF3	0	1.398800253868103	1.341160774230957	1.3479193449020386	1.3743712902069092	1.5317496061325073	0.1905888319015503
433	OVA-C4-IPTM90-288	2	ai11_af3_bb3	AI11_AF3	1	1.4048094749450684	1.3314199447631836	1.468055248260498	1.403638243675232	1.4161245822906494	0.13663530349731445
433	OVA-C4-IPTM90-288	2	ai11_af3_bb3	AI11_AF3	2	1.3847447633743286	1.3929330110549927	1.3574680089950562	1.450125813484192	1.3384523391723633	0.11167347431182861
433	OVA-C4-IPTM90-288	2	ai11_af3_bb3	AI11_AF3	3	1.3861775398254395	1.309613585472107	1.5483310222625732	1.2384876012802124	1.4482783079147339	0.30984342098236084
434	OVA-C4-IPTM90-091	2	ai11_af3_bb3	AI11_AF3	0	1.4489670991897583	1.3957315683364868	1.3749959468841553	1.348812460899353	1.6763290166854858	0.3275165557861328
434	OVA-C4-IPTM90-091	2	ai11_af3_bb3	AI11_AF3	1	1.4564638137817383	1.3813797235488892	1.5018996000289917	1.4970500469207764	1.445526123046875	0.12051987648010254
434	OVA-C4-IPTM90-091	2	ai11_af3_bb3	AI11_AF3	2	1.4715709686279297	1.4521658420562744	1.4608213901519775	1.5412728786468506	1.4320237636566162	0.10924911499023438
434	OVA-C4-IPTM90-091	2	ai11_af3_bb3	AI11_AF3	3	1.466965913772583	1.4218127727508545	1.6018484830856323	1.3663901090621948	1.477812647819519	0.2354583740234375
435	OVA-C4-IPTM90-122	2	ai11_af3_bb3	AI11_AF3	0	1.4418222904205322	1.403354525566101	1.3809034824371338	1.4059559106826782	1.5770756006240845	0.19617211818695068
435	OVA-C4-IPTM90-122	2	ai11_af3_bb3	AI11_AF3	1	1.443019151687622	1.3914623260498047	1.5001804828643799	1.4281717538833618	1.4522625207901	0.1087181568145752
435	OVA-C4-IPTM90-122	2	ai11_af3_bb3	AI11_AF3	2	1.4421679973602295	1.453262209892273	1.3972678184509277	1.5037670135498047	1.4143749475479126	0.10649919509887695
435	OVA-C4-IPTM90-122	2	ai11_af3_bb3	AI11_AF3	3	1.4420452117919922	1.3519086837768555	1.619144320487976	1.3165440559387207	1.4805840253829956	0.30260026454925537
436	OVA-C4-IPTM90-213	2	ai11_af3_bb3	AI11_AF3	0	1.4206384420394897	1.4404453039169312	1.3229619264602661	1.300082802772522	1.6190634965896606	0.31898069381713867
436	OVA-C4-IPTM90-213	2	ai11_af3_bb3	AI11_AF3	1	1.4380168914794922	1.4093576669692993	1.477779746055603	1.4403200149536133	1.4246104955673218	0.06842207908630371
436	OVA-C4-IPTM90-213	2	ai11_af3_bb3	AI11_AF3	2	1.4412717819213867	1.4297598600387573	1.428475022315979	1.5123584270477295	1.3944939374923706	0.11786448955535889
436	OVA-C4-IPTM90-213	2	ai11_af3_bb3	AI11_AF3	3	1.4430485963821411	1.4059942960739136	1.5544557571411133	1.303484559059143	1.5082590579986572	0.2509711980819702
437	OVA-C4-IPTM90-115	2	ai11_af3_bb3	AI11_AF3	0	1.3745064735412598	1.3086695671081543	1.3431718349456787	1.3163310289382935	1.5298527479171753	0.221183180809021
437	OVA-C4-IPTM90-115	2	ai11_af3_bb3	AI11_AF3	1	1.3982082605361938	1.3726195096969604	1.4794795513153076	1.3956137895584106	1.3451206684112549	0.13435888290405273
437	OVA-C4-IPTM90-115	2	ai11_af3_bb3	AI11_AF3	2	1.4154127836227417	1.3719844818115234	1.3293248414993286	1.5558842420578003	1.404457449913025	0.22655940055847168
437	OVA-C4-IPTM90-115	2	ai11_af3_bb3	AI11_AF3	3	1.4035557508468628	1.3240056037902832	1.5636953115463257	1.319382905960083	1.4071391820907593	0.24431240558624268
438	OVA-C4-IPTM90-249	2	ai11_af3_bb3	AI11_AF3	0	1.372479796409607	1.3672221899032593	1.2631653547286987	1.3152923583984375	1.54423987865448	0.28107452392578125
438	OVA-C4-IPTM90-249	2	ai11_af3_bb3	AI11_AF3	1	1.378425121307373	1.3939646482467651	1.3855210542678833	1.3481156826019287	1.3860987424850464	0.045848965644836426
438	OVA-C4-IPTM90-249	2	ai11_af3_bb3	AI11_AF3	2	1.372384786605835	1.3293933868408203	1.3769230842590332	1.4431051015853882	1.3401180505752563	0.11371171474456787
438	OVA-C4-IPTM90-249	2	ai11_af3_bb3	AI11_AF3	3	1.3788702487945557	1.3535633087158203	1.4927469491958618	1.271681785583496	1.397489309310913	0.22106516361236572
439	OVA-C4-IPTM90-349	2	ai11_af3_bb3	AI11_AF3	0	1.4082292318344116	1.3456355333328247	1.3749967813491821	1.3318380117416382	1.5804463624954224	0.24860835075378418
439	OVA-C4-IPTM90-349	2	ai11_af3_bb3	AI11_AF3	1	1.4063283205032349	1.3224210739135742	1.4982173442840576	1.389096975326538	1.4155787229537964	0.1757962703704834
439	OVA-C4-IPTM90-349	2	ai11_af3_bb3	AI11_AF3	2	1.4245483875274658	1.4350886344909668	1.3982712030410767	1.473476767539978	1.391357421875	0.08211934566497803
439	OVA-C4-IPTM90-349	2	ai11_af3_bb3	AI11_AF3	3	1.420092225074768	1.3512628078460693	1.561697006225586	1.278475046157837	1.4889339208602905	0.283221960067749
440	OVA-C4-IPTM90-340	2	ai11_af3_bb3	AI11_AF3	0	1.4820585250854492	1.4327616691589355	1.4732376337051392	1.424614429473877	1.5976200103759766	0.1730055809020996
440	OVA-C4-IPTM90-340	2	ai11_af3_bb3	AI11_AF3	1	1.477635145187378	1.467225193977356	1.469520092010498	1.480206847190857	1.4935886859893799	0.026363492012023926
440	OVA-C4-IPTM90-340	2	ai11_af3_bb3	AI11_AF3	2	1.4766101837158203	1.5174784660339355	1.4017610549926758	1.510108470916748	1.4770921468734741	0.11571741104125977
440	OVA-C4-IPTM90-340	2	ai11_af3_bb3	AI11_AF3	3	1.4856806993484497	1.37647545337677	1.67707359790802	1.4131457805633545	1.4760279655456543	0.30059814453125
441	OVA-C4-IPTM90-235	2	ai11_af3_bb3	AI11_AF3	0	1.4442453384399414	1.4991344213485718	1.3187881708145142	1.3255008459091187	1.6335577964782715	0.3147696256637573
441	OVA-C4-IPTM90-235	2	ai11_af3_bb3	AI11_AF3	1	1.4689981937408447	1.442355990409851	1.4930815696716309	1.4666492938995361	1.4739065170288086	0.050725579261779785
441	OVA-C4-IPTM90-235	2	ai11_af3_bb3	AI11_AF3	2	1.4697265625	1.4684468507766724	1.4471232891082764	1.542047142982483	1.421289086341858	0.120758056640625
441	OVA-C4-IPTM90-235	2	ai11_af3_bb3	AI11_AF3	3	1.4617751836776733	1.414548635482788	1.581602931022644	1.322762370109558	1.5281869173049927	0.25884056091308594
442	OVA-C4-IPTM90-160	2	ai11_af3_bb3	AI11_AF3	0	1.399123191833496	1.386081337928772	1.332890272140503	1.3086669445037842	1.5688551664352417	0.2601882219314575
442	OVA-C4-IPTM90-160	2	ai11_af3_bb3	AI11_AF3	1	1.4135050773620605	1.3436229228973389	1.497779369354248	1.4074878692626953	1.40513014793396	0.15415644645690918
442	OVA-C4-IPTM90-160	2	ai11_af3_bb3	AI11_AF3	2	1.431786060333252	1.4118846654891968	1.4003909826278687	1.490621566772461	1.4242466688156128	0.09023058414459229
442	OVA-C4-IPTM90-160	2	ai11_af3_bb3	AI11_AF3	3	1.418464183807373	1.380933165550232	1.5259318351745605	1.2543798685073853	1.512611746788025	0.2715519666671753
443	OVA-C4-IPTM90-051	2	ai11_af3_bb3	AI11_AF3	0	1.4001461267471313	1.3967376947402954	1.3030805587768555	1.3134865760803223	1.5872794389724731	0.2841988801956177
443	OVA-C4-IPTM90-051	2	ai11_af3_bb3	AI11_AF3	1	1.417695164680481	1.400789737701416	1.454010009765625	1.3972527980804443	1.4187284708023071	0.056757211685180664
443	OVA-C4-IPTM90-051	2	ai11_af3_bb3	AI11_AF3	2	1.4185653924942017	1.4272658824920654	1.383133888244629	1.51172935962677	1.3521320819854736	0.1595972776412964
443	OVA-C4-IPTM90-051	2	ai11_af3_bb3	AI11_AF3	3	1.4034234285354614	1.3456592559814453	1.5509352684020996	1.2791856527328491	1.437913417816162	0.2717496156692505
444	OVA-C4-IPTM90-097	2	ai11_af3_bb3	AI11_AF3	0	1.4422240257263184	1.4390431642532349	1.333303451538086	1.3687987327575684	1.6277498006820679	0.29444634914398193
444	OVA-C4-IPTM90-097	2	ai11_af3_bb3	AI11_AF3	1	1.451585054397583	1.4295583963394165	1.4725782871246338	1.4583576917648315	1.4458460807800293	0.043019890785217285
444	OVA-C4-IPTM90-097	2	ai11_af3_bb3	AI11_AF3	2	1.4499974250793457	1.4288876056671143	1.416541576385498	1.5569244623184204	1.39763605594635	0.1592884063720703
444	OVA-C4-IPTM90-097	2	ai11_af3_bb3	AI11_AF3	3	1.4517734050750732	1.401150107383728	1.6046106815338135	1.3381531238555908	1.463179111480713	0.26645755767822266
445	OVA-C4-IPTM90-263	2	ai11_af3_bb3	AI11_AF3	0	1.4086863994598389	1.304111123085022	1.4314478635787964	1.3936398029327393	1.5055465698242188	0.20143544673919678
445	OVA-C4-IPTM90-263	2	ai11_af3_bb3	AI11_AF3	1	1.3981894254684448	1.3552740812301636	1.4279829263687134	1.3628698587417603	1.4466309547424316	0.09135687351226807
445	OVA-C4-IPTM90-263	2	ai11_af3_bb3	AI11_AF3	2	1.4221287965774536	1.453582763671875	1.3133498430252075	1.4377222061157227	1.4838601350784302	0.17051029205322266
445	OVA-C4-IPTM90-263	2	ai11_af3_bb3	AI11_AF3	3	1.4196789264678955	1.3232295513153076	1.6003919839859009	1.3375828266143799	1.4175114631652832	0.27716243267059326
446	OVA-C4-IPTM90-113	2	ai11_af3_bb3	AI11_AF3	0	1.4462997913360596	1.4165421724319458	1.375795841217041	1.3922210931777954	1.6006401777267456	0.2248443365097046
446	OVA-C4-IPTM90-113	2	ai11_af3_bb3	AI11_AF3	1	1.4536819458007812	1.353346586227417	1.5353153944015503	1.486178994178772	1.4398874044418335	0.1819688081741333
446	OVA-C4-IPTM90-113	2	ai11_af3_bb3	AI11_AF3	2	1.4607294797897339	1.436977505683899	1.3975448608398438	1.5441735982894897	1.4642223119735718	0.146628737449646
446	OVA-C4-IPTM90-113	2	ai11_af3_bb3	AI11_AF3	3	1.466687560081482	1.4115949869155884	1.6214818954467773	1.3247630596160889	1.5089102983474731	0.2967188358306885
447	OVA-C4-IPTM90-125	2	ai11_af3_bb3	AI11_AF3	0	1.409071683883667	1.3860341310501099	1.3114957809448242	1.3401124477386475	1.5986446142196655	0.2871488332748413
447	OVA-C4-IPTM90-125	2	ai11_af3_bb3	AI11_AF3	1	1.404736876487732	1.38858962059021	1.4028030633926392	1.4187779426574707	1.4087773561477661	0.030188322067260742
447	OVA-C4-IPTM90-125	2	ai11_af3_bb3	AI11_AF3	2	1.4278137683868408	1.4216039180755615	1.3800939321517944	1.5137736797332764	1.3957844972610474	0.13367974758148193
447	OVA-C4-IPTM90-125	2	ai11_af3_bb3	AI11_AF3	3	1.4346911907196045	1.3619325160980225	1.5871572494506836	1.3370912075042725	1.45258367061615	0.25006604194641113
448	OVA-C4-IPTM90-153	2	ai11_af3_bb3	AI11_AF3	0	1.3763314485549927	1.3154246807098389	1.336693286895752	1.3090767860412598	1.5441310405731201	0.23505425453186035
448	OVA-C4-IPTM90-153	2	ai11_af3_bb3	AI11_AF3	1	1.3934208154678345	1.2916871309280396	1.4884029626846313	1.397047758102417	1.3965450525283813	0.1967158317565918
448	OVA-C4-IPTM90-153	2	ai11_af3_bb3	AI11_AF3	2	1.412760853767395	1.4241827726364136	1.3392043113708496	1.5015143156051636	1.3861421346664429	0.16231000423431396
448	OVA-C4-IPTM90-153	2	ai11_af3_bb3	AI11_AF3	3	1.3936330080032349	1.3341745138168335	1.5211222171783447	1.250449776649475	1.4687856435775757	0.27067244052886963
449	OVA-C4-IPTM90-348	2	ai11_af3_bb3	AI11_AF3	0	1.4158433675765991	1.3484058380126953	1.3763800859451294	1.3615586757659912	1.5770292282104492	0.2286233901977539
449	OVA-C4-IPTM90-348	2	ai11_af3_bb3	AI11_AF3	1	1.4190250635147095	1.3203459978103638	1.4793691635131836	1.4445937871932983	1.4317915439605713	0.15902316570281982
449	OVA-C4-IPTM90-348	2	ai11_af3_bb3	AI11_AF3	2	1.4412773847579956	1.431704044342041	1.375907063484192	1.5195163488388062	1.4379820823669434	0.14360928535461426
449	OVA-C4-IPTM90-348	2	ai11_af3_bb3	AI11_AF3	3	1.427147388458252	1.3680644035339355	1.564206600189209	1.3039634227752686	1.4723552465438843	0.26024317741394043
450	OVA-C4-IPTM90-059	2	ai11_af3_bb3	AI11_AF3	0	1.4161696434020996	1.3820744752883911	1.3480281829833984	1.3581229448318481	1.5764532089233398	0.2284250259399414
450	OVA-C4-IPTM90-059	2	ai11_af3_bb3	AI11_AF3	1	1.4270440340042114	1.3726675510406494	1.5017918348312378	1.393722414970398	1.43999445438385	0.12912428379058838
450	OVA-C4-IPTM90-059	2	ai11_af3_bb3	AI11_AF3	2	1.4392118453979492	1.4663238525390625	1.3792983293533325	1.5067005157470703	1.404524326324463	0.1274021863937378
450	OVA-C4-IPTM90-059	2	ai11_af3_bb3	AI11_AF3	3	1.4170821905136108	1.3401755094528198	1.5772149562835693	1.273593544960022	1.4773443937301636	0.30362141132354736
451	OVA-C4-IPTM90-256	2	ai11_af3_bb3	AI11_AF3	0	1.3530699014663696	1.3033473491668701	1.2980238199234009	1.284989356994629	1.5259186029434204	0.2409292459487915
451	OVA-C4-IPTM90-256	2	ai11_af3_bb3	AI11_AF3	1	1.3710240125656128	1.2594374418258667	1.4376260042190552	1.3979527950286865	1.3890806436538696	0.17818856239318848
451	OVA-C4-IPTM90-256	2	ai11_af3_bb3	AI11_AF3	2	1.3935643434524536	1.4089010953903198	1.3334132432937622	1.471678614616394	1.3602644205093384	0.13826537132263184
451	OVA-C4-IPTM90-256	2	ai11_af3_bb3	AI11_AF3	3	1.3626046180725098	1.298721432685852	1.4862945079803467	1.220158576965332	1.4452437162399292	0.26613593101501465
452	OVA-C4-IPTM90-156	2	ai11_af3_bb3	AI11_AF3	0	1.467374563217163	1.4190465211868286	1.4020075798034668	1.4194464683532715	1.6289972066879272	0.22698962688446045
452	OVA-C4-IPTM90-156	2	ai11_af3_bb3	AI11_AF3	1	1.4513744115829468	1.3982539176940918	1.5123246908187866	1.4202510118484497	1.4746689796447754	0.11407077312469482
452	OVA-C4-IPTM90-156	2	ai11_af3_bb3	AI11_AF3	2	1.4807381629943848	1.4818899631500244	1.4241697788238525	1.5370311737060547	1.4798612594604492	0.11286139488220215
452	OVA-C4-IPTM90-156	2	ai11_af3_bb3	AI11_AF3	3	1.4820432662963867	1.4038262367248535	1.6363780498504639	1.3579120635986328	1.5300567150115967	0.27846598625183105
453	OVA-C4-IPTM90-231	2	ai11_af3_bb3	AI11_AF3	0	1.480185627937317	1.4238591194152832	1.4434682130813599	1.4105656147003174	1.642849326133728	0.23228371143341064
453	OVA-C4-IPTM90-231	2	ai11_af3_bb3	AI11_AF3	1	1.473858118057251	1.396262288093567	1.5401462316513062	1.4739091396331787	1.4851149320602417	0.14388394355773926
453	OVA-C4-IPTM90-231	2	ai11_af3_bb3	AI11_AF3	2	1.4928776025772095	1.5050287246704102	1.4273720979690552	1.5628606081008911	1.4762492179870605	0.13548851013183594
453	OVA-C4-IPTM90-231	2	ai11_af3_bb3	AI11_AF3	3	1.4881292581558228	1.4061706066131592	1.6353473663330078	1.3620550632476807	1.548944115638733	0.27329230308532715
454	OVA-C4-IPTM90-129	2	ai11_af3_bb3	AI11_AF3	0	1.4648869037628174	1.3556621074676514	1.4984915256500244	1.500089168548584	1.5053045749664307	0.1496424674987793
454	OVA-C4-IPTM90-129	2	ai11_af3_bb3	AI11_AF3	1	1.455422043800354	1.4664825201034546	1.4960124492645264	1.368391990661621	1.4908006191253662	0.12762045860290527
454	OVA-C4-IPTM90-129	2	ai11_af3_bb3	AI11_AF3	2	1.4697558879852295	1.5016286373138428	1.3155618906021118	1.5381962060928345	1.523637294769287	0.22263431549072266
454	OVA-C4-IPTM90-129	2	ai11_af3_bb3	AI11_AF3	3	1.4595340490341187	1.2906951904296875	1.6956379413604736	1.4158930778503418	1.4359101057052612	0.40494275093078613
455	OVA-C4-IPTM90-292	2	ai11_af3_bb3	AI11_AF3	0	1.4116158485412598	1.3648736476898193	1.30836021900177	1.3455333709716797	1.6276956796646118	0.3193354606628418
455	OVA-C4-IPTM90-292	2	ai11_af3_bb3	AI11_AF3	1	1.4201017618179321	1.371456265449524	1.4175440073013306	1.4311333894729614	1.4602738618850708	0.08881759643554688
455	OVA-C4-IPTM90-292	2	ai11_af3_bb3	AI11_AF3	2	1.4538429975509644	1.4236165285110474	1.4114487171173096	1.535153865814209	1.445152759552002	0.12370514869689941
455	OVA-C4-IPTM90-292	2	ai11_af3_bb3	AI11_AF3	3	1.4470423460006714	1.4260646104812622	1.5867950916290283	1.3368169069290161	1.4384933710098267	0.2499781847000122
456	OVA-C4-IPTM90-196	2	ai11_af3_bb3	AI11_AF3	0	1.3729846477508545	1.2641172409057617	1.3881900310516357	1.3587605953216553	1.4808709621429443	0.21675372123718262
456	OVA-C4-IPTM90-196	2	ai11_af3_bb3	AI11_AF3	1	1.3673650026321411	1.3245002031326294	1.3981245756149292	1.3292840719223022	1.417550802230835	0.09305059909820557
456	OVA-C4-IPTM90-196	2	ai11_af3_bb3	AI11_AF3	2	1.3989955186843872	1.420487403869629	1.3085544109344482	1.4247716665267944	1.4421688318252563	0.1336144208908081
456	OVA-C4-IPTM90-196	2	ai11_af3_bb3	AI11_AF3	3	1.370869517326355	1.280333161354065	1.5468542575836182	1.2671704292297363	1.3891208171844482	0.27968382835388184
457	OVA-C4-IPTM90-037	2	ai11_af3_bb3	AI11_AF3	0	1.409019112586975	1.3682113885879517	1.3329644203186035	1.3640649318695068	1.570835828781128	0.23787140846252441
457	OVA-C4-IPTM90-037	2	ai11_af3_bb3	AI11_AF3	1	1.408913493156433	1.3345005512237549	1.46807861328125	1.4169079065322876	1.416167140007019	0.13357806205749512
457	OVA-C4-IPTM90-037	2	ai11_af3_bb3	AI11_AF3	2	1.4215011596679688	1.4103448390960693	1.3713114261627197	1.4995285272598267	1.4048198461532593	0.12821710109710693
457	OVA-C4-IPTM90-037	2	ai11_af3_bb3	AI11_AF3	3	1.413088083267212	1.3680857419967651	1.5566879510879517	1.267470359802246	1.4601088762283325	0.28921759128570557
458	OVA-C4-IPTM90-339	2	ai11_af3_bb3	AI11_AF3	0	1.355372667312622	1.3182861804962158	1.2847092151641846	1.3063024282455444	1.512192964553833	0.22748374938964844
458	OVA-C4-IPTM90-339	2	ai11_af3_bb3	AI11_AF3	1	1.380639672279358	1.333451271057129	1.4525716304779053	1.3348069190979004	1.401728868484497	0.11912035942077637
458	OVA-C4-IPTM90-339	2	ai11_af3_bb3	AI11_AF3	2	1.3824681043624878	1.3682671785354614	1.3546589612960815	1.4233908653259277	1.3835560083389282	0.06873190402984619
458	OVA-C4-IPTM90-339	2	ai11_af3_bb3	AI11_AF3	3	1.363478660583496	1.3397272825241089	1.4730920791625977	1.2022236585617065	1.4388720989227295	0.2708684206008911
459	OVA-C4-IPTM90-078	2	ai11_af3_bb3	AI11_AF3	0	1.370505690574646	1.4048092365264893	1.2320069074630737	1.2614034414291382	1.583803415298462	0.3517965078353882
459	OVA-C4-IPTM90-078	2	ai11_af3_bb3	AI11_AF3	1	1.4016714096069336	1.3821669816970825	1.411725401878357	1.4122763872146606	1.4005167484283447	0.030109405517578125
459	OVA-C4-IPTM90-078	2	ai11_af3_bb3	AI11_AF3	2	1.4032944440841675	1.3821930885314941	1.380938172340393	1.4898971319198608	1.3601486682891846	0.12974846363067627
459	OVA-C4-IPTM90-078	2	ai11_af3_bb3	AI11_AF3	3	1.3840566873550415	1.3803701400756836	1.492583155632019	1.2273073196411133	1.43596613407135	0.26527583599090576
460	OVA-C4-IPTM90-022	2	ai11_af3_bb3	AI11_AF3	0	1.3793023824691772	1.320657730102539	1.3312636613845825	1.3366515636444092	1.528637170791626	0.20797944068908691
460	OVA-C4-IPTM90-022	2	ai11_af3_bb3	AI11_AF3	1	1.386310338973999	1.3181090354919434	1.4503223896026611	1.3930214643478394	1.3837887048721313	0.13221335411071777
460	OVA-C4-IPTM90-022	2	ai11_af3_bb3	AI11_AF3	2	1.4011541604995728	1.4032564163208008	1.3564037084579468	1.4608256816864014	1.3841307163238525	0.10442197322845459
460	OVA-C4-IPTM90-022	2	ai11_af3_bb3	AI11_AF3	3	1.390670895576477	1.326425313949585	1.5560897588729858	1.2462801933288574	1.4338887929916382	0.3098095655441284
461	OVA-C4-IPTM90-100	2	ai11_af3_bb3	AI11_AF3	0	1.377219319343567	1.3347885608673096	1.325702428817749	1.302951693534851	1.5454355478286743	0.24248385429382324
461	OVA-C4-IPTM90-100	2	ai11_af3_bb3	AI11_AF3	1	1.4009525775909424	1.315005898475647	1.4811466932296753	1.3743871450424194	1.4332706928253174	0.16614079475402832
461	OVA-C4-IPTM90-100	2	ai11_af3_bb3	AI11_AF3	2	1.4187086820602417	1.4084392786026	1.387009859085083	1.454079508781433	1.4253053665161133	0.0670696496963501
461	OVA-C4-IPTM90-100	2	ai11_af3_bb3	AI11_AF3	3	1.3994678258895874	1.3709250688552856	1.4912440776824951	1.2491450309753418	1.4865566492080688	0.24209904670715332
462	OVA-C4-IPTM90-264	2	ai11_af3_bb3	AI11_AF3	0	1.393709421157837	1.3499584197998047	1.3252655267715454	1.3621824979782104	1.5374317169189453	0.2121661901473999
462	OVA-C4-IPTM90-264	2	ai11_af3_bb3	AI11_AF3	1	1.4076628684997559	1.362624168395996	1.4522324800491333	1.3844518661499023	1.4313430786132812	0.08960831165313721
462	OVA-C4-IPTM90-264	2	ai11_af3_bb3	AI11_AF3	2	1.4096063375473022	1.375282645225525	1.3910017013549805	1.4395147562026978	1.432626724243164	0.06423211097717285
462	OVA-C4-IPTM90-264	2	ai11_af3_bb3	AI11_AF3	3	1.399362564086914	1.3743908405303955	1.5202889442443848	1.2612128257751465	1.441557765007019	0.2590761184692383
463	OVA-C4-IPTM90-297	2	ai11_af3_bb3	AI11_AF3	0	1.4384195804595947	1.379239797592163	1.4044740200042725	1.3836469650268555	1.586317777633667	0.2070779800415039
463	OVA-C4-IPTM90-297	2	ai11_af3_bb3	AI11_AF3	1	1.4283030033111572	1.3223856687545776	1.5063186883926392	1.451235294342041	1.433273196220398	0.18393301963806152
463	OVA-C4-IPTM90-297	2	ai11_af3_bb3	AI11_AF3	2	1.424078345298767	1.427544116973877	1.380020260810852	1.4986367225646973	1.3901121616363525	0.11861646175384521
463	OVA-C4-IPTM90-297	2	ai11_af3_bb3	AI11_AF3	3	1.4305140972137451	1.357534646987915	1.5607751607894897	1.2941431999206543	1.5096038579940796	0.26663196086883545
464	OVA-C4-IPTM90-214	2	ai11_af3_bb3	AI11_AF3	0	1.4200741052627563	1.439082145690918	1.315875768661499	1.328077793121338	1.5972604751586914	0.2813847064971924
464	OVA-C4-IPTM90-214	2	ai11_af3_bb3	AI11_AF3	1	1.4405670166015625	1.4116296768188477	1.4760465621948242	1.4461690187454224	1.4284226894378662	0.06441688537597656
464	OVA-C4-IPTM90-214	2	ai11_af3_bb3	AI11_AF3	2	1.4469709396362305	1.4661720991134644	1.4018141031265259	1.5333750247955322	1.3865225315093994	0.1468524932861328
464	OVA-C4-IPTM90-214	2	ai11_af3_bb3	AI11_AF3	3	1.4306325912475586	1.3723928928375244	1.5840778350830078	1.3052672147750854	1.460792064666748	0.27881062030792236
465	OVA-C4-IPTM90-353	2	ai11_af3_bb3	AI11_AF3	0	1.3789958953857422	1.3240368366241455	1.3691562414169312	1.3269191980361938	1.4958714246749878	0.17183458805084229
465	OVA-C4-IPTM90-353	2	ai11_af3_bb3	AI11_AF3	1	1.3973842859268188	1.3673644065856934	1.42149817943573	1.3789474964141846	1.4217274188995361	0.05436301231384277
465	OVA-C4-IPTM90-353	2	ai11_af3_bb3	AI11_AF3	2	1.3948217630386353	1.4514139890670776	1.3125717639923096	1.4337937831878662	1.3815069198608398	0.13884222507476807
465	OVA-C4-IPTM90-353	2	ai11_af3_bb3	AI11_AF3	3	1.3913995027542114	1.301617980003357	1.5628808736801147	1.298670768737793	1.4024282693862915	0.2642101049423218
466	OVA-C4-IPTM90-275	2	ai11_af3_bb3	AI11_AF3	0	1.4020214080810547	1.3664406538009644	1.3360828161239624	1.3586217164993286	1.5469412803649902	0.21085846424102783
466	OVA-C4-IPTM90-275	2	ai11_af3_bb3	AI11_AF3	1	1.4110534191131592	1.3692069053649902	1.4602323770523071	1.3846327066421509	1.4301422834396362	0.0910254716873169
466	OVA-C4-IPTM90-275	2	ai11_af3_bb3	AI11_AF3	2	1.412931203842163	1.3644301891326904	1.3998901844024658	1.4504694938659668	1.436934232711792	0.08603930473327637
466	OVA-C4-IPTM90-275	2	ai11_af3_bb3	AI11_AF3	3	1.3991546630859375	1.3820631504058838	1.5093623399734497	1.2519659996032715	1.4532265663146973	0.2573963403701782
467	OVA-C4-IPTM90-269	2	ai11_af3_bb3	AI11_AF3	0	1.377176284790039	1.2673410177230835	1.4038532972335815	1.3617981672286987	1.4757126569747925	0.20837163925170898
467	OVA-C4-IPTM90-269	2	ai11_af3_bb3	AI11_AF3	1	1.3679585456848145	1.296950340270996	1.405953288078308	1.351395606994629	1.4175353050231934	0.12058496475219727
467	OVA-C4-IPTM90-269	2	ai11_af3_bb3	AI11_AF3	2	1.3849124908447266	1.4196794033050537	1.2862133979797363	1.4143773317337036	1.4193791151046753	0.13346600532531738
467	OVA-C4-IPTM90-269	2	ai11_af3_bb3	AI11_AF3	3	1.3852065801620483	1.2859163284301758	1.5706478357315063	1.2848491668701172	1.3994131088256836	0.28579866886138916
468	OVA-C4-IPTM90-226	2	ai11_af3_bb3	AI11_AF3	0	1.3706023693084717	1.3714351654052734	1.2654911279678345	1.2505605220794678	1.594922423362732	0.34436190128326416
468	OVA-C4-IPTM90-226	2	ai11_af3_bb3	AI11_AF3	1	1.3912954330444336	1.37099289894104	1.4068419933319092	1.3632532358169556	1.4240939617156982	0.060840725898742676
468	OVA-C4-IPTM90-226	2	ai11_af3_bb3	AI11_AF3	2	1.409147024154663	1.3530141115188599	1.3926459550857544	1.483497977256775	1.4074299335479736	0.13048386573791504
468	OVA-C4-IPTM90-226	2	ai11_af3_bb3	AI11_AF3	3	1.397029995918274	1.3726115226745605	1.4827572107315063	1.2410107851028442	1.4917404651641846	0.25072968006134033
469	OVA-C4-IPTM90-282	2	ai11_af3_bb3	AI11_AF3	0	1.4316658973693848	1.412131428718567	1.355478286743164	1.341032862663269	1.6180212497711182	0.2769883871078491
469	OVA-C4-IPTM90-282	2	ai11_af3_bb3	AI11_AF3	1	1.4381383657455444	1.3843821287155151	1.4652825593948364	1.5110254287719727	1.3918638229370117	0.12664330005645752
469	OVA-C4-IPTM90-282	2	ai11_af3_bb3	AI11_AF3	2	1.4599462747573853	1.4184813499450684	1.4106557369232178	1.572756290435791	1.4378914833068848	0.16210055351257324
469	OVA-C4-IPTM90-282	2	ai11_af3_bb3	AI11_AF3	3	1.4536429643630981	1.4181997776031494	1.5845915079116821	1.348260521888733	1.4635202884674072	0.23633098602294922
470	OVA-C4-IPTM90-362	2	ai11_af3_bb3	AI11_AF3	0	1.3713455200195312	1.3718465566635132	1.2781440019607544	1.2779872417449951	1.5574047565460205	0.2794175148010254
470	OVA-C4-IPTM90-362	2	ai11_af3_bb3	AI11_AF3	1	1.3976807594299316	1.3336622714996338	1.4411143064498901	1.4423097372055054	1.3736369609832764	0.10864746570587158
470	OVA-C4-IPTM90-362	2	ai11_af3_bb3	AI11_AF3	2	1.4066946506500244	1.3903188705444336	1.368227481842041	1.4948517084121704	1.3733806610107422	0.1266242265701294
470	OVA-C4-IPTM90-362	2	ai11_af3_bb3	AI11_AF3	3	1.3977978229522705	1.3576658964157104	1.5349831581115723	1.2743940353393555	1.4241489171981812	0.2605891227722168
471	OVA-C4-IPTM90-358	2	ai11_af3_bb3	AI11_AF3	0	1.4209181070327759	1.4012041091918945	1.3422929048538208	1.341184377670288	1.5989915132522583	0.2578071355819702
471	OVA-C4-IPTM90-358	2	ai11_af3_bb3	AI11_AF3	1	1.432266354560852	1.3658288717269897	1.4480024576187134	1.4974045753479004	1.4178303480148315	0.13157570362091064
471	OVA-C4-IPTM90-358	2	ai11_af3_bb3	AI11_AF3	2	1.4581468105316162	1.4397780895233154	1.40635085105896	1.5583938360214233	1.4280644655227661	0.15204298496246338
471	OVA-C4-IPTM90-358	2	ai11_af3_bb3	AI11_AF3	3	1.4440104961395264	1.3964719772338867	1.5768132209777832	1.3509329557418823	1.4518240690231323	0.22588026523590088
472	OVA-C4-IPTM90-062	2	ai11_af3_bb3	AI11_AF3	0	1.382155418395996	1.2533137798309326	1.4161465167999268	1.3958685398101807	1.4632930755615234	0.20997929573059082
472	OVA-C4-IPTM90-062	2	ai11_af3_bb3	AI11_AF3	1	1.3867120742797852	1.3204702138900757	1.4228969812393188	1.3502726554870605	1.4532088041305542	0.13273859024047852
472	OVA-C4-IPTM90-062	2	ai11_af3_bb3	AI11_AF3	2	1.4076348543167114	1.4463557004928589	1.2974298000335693	1.4155350923538208	1.4712189435958862	0.1737891435623169
472	OVA-C4-IPTM90-062	2	ai11_af3_bb3	AI11_AF3	3	1.396613597869873	1.3016252517700195	1.5674114227294922	1.3379888534545898	1.3794291019439697	0.26578617095947266
473	OVA-C4-IPTM90-207	2	ai11_af3_bb3	AI11_AF3	0	1.478659749031067	1.4275991916656494	1.4484707117080688	1.406935453414917	1.6316341161727905	0.22469866275787354
473	OVA-C4-IPTM90-207	2	ai11_af3_bb3	AI11_AF3	1	1.4972667694091797	1.4666385650634766	1.5793646574020386	1.4742255210876465	1.4688389301300049	0.11272609233856201
473	OVA-C4-IPTM90-207	2	ai11_af3_bb3	AI11_AF3	2	1.4970600605010986	1.4923920631408691	1.432375192642212	1.611763596534729	1.4517080783843994	0.1793884038925171
473	OVA-C4-IPTM90-207	2	ai11_af3_bb3	AI11_AF3	3	1.487943410873413	1.3854806423187256	1.6564942598342896	1.394709587097168	1.5150889158248901	0.27101361751556396
474	OVA-C4-IPTM90-332	2	ai11_af3_bb3	AI11_AF3	0	1.4284954071044922	1.3488224744796753	1.3702943325042725	1.3970307111740112	1.5978342294692993	0.24901175498962402
474	OVA-C4-IPTM90-332	2	ai11_af3_bb3	AI11_AF3	1	1.4354017972946167	1.310398817062378	1.5260286331176758	1.4619516134262085	1.4432284832000732	0.21562981605529785
474	OVA-C4-IPTM90-332	2	ai11_af3_bb3	AI11_AF3	2	1.4516209363937378	1.4124201536178589	1.4269901514053345	1.5315680503845215	1.4355055093765259	0.1191478967666626
474	OVA-C4-IPTM90-332	2	ai11_af3_bb3	AI11_AF3	3	1.4364147186279297	1.4027372598648071	1.570061206817627	1.3005248308181763	1.4723358154296875	0.2695363759994507
475	OVA-C4-IPTM90-360	2	ai11_af3_bb3	AI11_AF3	0	1.4026645421981812	1.3409336805343628	1.3623173236846924	1.3535414934158325	1.5538654327392578	0.21293175220489502
475	OVA-C4-IPTM90-360	2	ai11_af3_bb3	AI11_AF3	1	1.398911714553833	1.340718150138855	1.463491678237915	1.3935060501098633	1.3979305028915405	0.12277352809906006
475	OVA-C4-IPTM90-360	2	ai11_af3_bb3	AI11_AF3	2	1.4071427583694458	1.424920678138733	1.3720040321350098	1.465208888053894	1.3664371967315674	0.09877169132232666
475	OVA-C4-IPTM90-360	2	ai11_af3_bb3	AI11_AF3	3	1.40968918800354	1.3238744735717773	1.5841538906097412	1.265627145767212	1.465101957321167	0.3185267448425293
476	OVA-C4-IPTM90-163	2	ai11_af3_bb3	AI11_AF3	0	1.3967375755310059	1.2738271951675415	1.4143990278244019	1.3726383447647095	1.5260852575302124	0.2522580623626709
476	OVA-C4-IPTM90-163	2	ai11_af3_bb3	AI11_AF3	1	1.405380129814148	1.3536641597747803	1.5068960189819336	1.3937307596206665	1.367229700088501	0.15323185920715332
476	OVA-C4-IPTM90-163	2	ai11_af3_bb3	AI11_AF3	2	1.416893482208252	1.3779832124710083	1.308439016342163	1.5186113119125366	1.4625407457351685	0.21017229557037354
476	OVA-C4-IPTM90-163	2	ai11_af3_bb3	AI11_AF3	3	1.4007396697998047	1.3118643760681152	1.5808528661727905	1.3133305311203003	1.3969112634658813	0.2689884901046753
477	OVA-C4-IPTM90-326	2	ai11_af3_bb3	AI11_AF3	0	1.364997386932373	1.2739189863204956	1.3217971324920654	1.3293027877807617	1.5349702835083008	0.2610512971878052
477	OVA-C4-IPTM90-326	2	ai11_af3_bb3	AI11_AF3	1	1.366807222366333	1.3622411489486694	1.4057645797729492	1.3516372442245483	1.3475860357284546	0.05817854404449463
477	OVA-C4-IPTM90-326	2	ai11_af3_bb3	AI11_AF3	2	1.4021480083465576	1.3429937362670898	1.326756238937378	1.5263077020645142	1.412534236907959	0.19955146312713623
477	OVA-C4-IPTM90-326	2	ai11_af3_bb3	AI11_AF3	3	1.3933119773864746	1.316584825515747	1.556276798248291	1.3136770725250244	1.3867087364196777	0.2425997257232666
478	OVA-C4-IPTM90-342	2	ai11_af3_bb3	AI11_AF3	0	1.3872920274734497	1.3347196578979492	1.3226988315582275	1.338322639465332	1.5534272193908691	0.2307283878326416
478	OVA-C4-IPTM90-342	2	ai11_af3_bb3	AI11_AF3	1	1.3992761373519897	1.404828429222107	1.4504599571228027	1.3554493188858032	1.386366367340088	0.09501063823699951
478	OVA-C4-IPTM90-342	2	ai11_af3_bb3	AI11_AF3	2	1.442585825920105	1.416990041732788	1.351260781288147	1.559809684753418	1.4422825574874878	0.208548903465271
478	OVA-C4-IPTM90-342	2	ai11_af3_bb3	AI11_AF3	3	1.4192665815353394	1.3332607746124268	1.5796793699264526	1.3469672203063965	1.417159080505371	0.24641859531402588
479	OVA-C4-IPTM90-188	2	ai11_af3_bb3	AI11_AF3	0	1.4750746488571167	1.3736929893493652	1.4700194597244263	1.4573744535446167	1.5992110967636108	0.2255181074142456
479	OVA-C4-IPTM90-188	2	ai11_af3_bb3	AI11_AF3	1	1.481331706047058	1.414463758468628	1.5968005657196045	1.4773403406143188	1.436721682548523	0.18233680725097656
479	OVA-C4-IPTM90-188	2	ai11_af3_bb3	AI11_AF3	2	1.4975829124450684	1.4386910200119019	1.3917979001998901	1.6291214227676392	1.5307211875915527	0.23732352256774902
479	OVA-C4-IPTM90-188	2	ai11_af3_bb3	AI11_AF3	3	1.4878652095794678	1.3943101167678833	1.6642910242080688	1.3973262310028076	1.4955333471298218	0.26998090744018555
480	OVA-C4-IPTM90-090	2	ai11_af3_bb3	AI11_AF3	0	1.468004822731018	1.4113373756408691	1.4327243566513062	1.3948566913604736	1.633100986480713	0.23824429512023926
480	OVA-C4-IPTM90-090	2	ai11_af3_bb3	AI11_AF3	1	1.4699585437774658	1.3717639446258545	1.5387756824493408	1.4863765239715576	1.4829181432724	0.16701173782348633
480	OVA-C4-IPTM90-090	2	ai11_af3_bb3	AI11_AF3	2	1.4888683557510376	1.5101099014282227	1.425548791885376	1.5571908950805664	1.462624430656433	0.13164210319519043
480	OVA-C4-IPTM90-090	2	ai11_af3_bb3	AI11_AF3	3	1.4835498332977295	1.400288462638855	1.635554313659668	1.3514504432678223	1.546906590461731	0.2841038703918457
481	OVA-C4-IPTM90-104	2	ai11_af3_bb3	AI11_AF3	0	1.4419219493865967	1.3726797103881836	1.4058663845062256	1.3840954303741455	1.605046033859253	0.23236632347106934
481	OVA-C4-IPTM90-104	2	ai11_af3_bb3	AI11_AF3	1	1.43281090259552	1.3481650352478027	1.4935411214828491	1.4457494020462036	1.4437885284423828	0.1453760862350464
481	OVA-C4-IPTM90-104	2	ai11_af3_bb3	AI11_AF3	2	1.4473413228988647	1.4536612033843994	1.391592264175415	1.5237903594970703	1.4203215837478638	0.13219809532165527
481	OVA-C4-IPTM90-104	2	ai11_af3_bb3	AI11_AF3	3	1.447800874710083	1.3663326501846313	1.594796895980835	1.3263746500015259	1.5036991834640503	0.2684222459793091
482	OVA-C4-IPTM90-112	2	ai11_af3_bb3	AI11_AF3	0	1.4540125131607056	1.4386440515518188	1.3906550407409668	1.3561426401138306	1.630609154701233	0.27446651458740234
482	OVA-C4-IPTM90-112	2	ai11_af3_bb3	AI11_AF3	1	1.4599512815475464	1.4104726314544678	1.5447014570236206	1.415995717048645	1.4686356782913208	0.13422882556915283
482	OVA-C4-IPTM90-112	2	ai11_af3_bb3	AI11_AF3	2	1.4703140258789062	1.4771432876586914	1.4432172775268555	1.5143005847930908	1.446595311164856	0.07108330726623535
482	OVA-C4-IPTM90-112	2	ai11_af3_bb3	AI11_AF3	3	1.4661973714828491	1.4125711917877197	1.5767287015914917	1.2981648445129395	1.577325463294983	0.27916061878204346
483	OVA-C4-IPTM90-192	2	ai11_af3_bb3	AI11_AF3	0	1.425142526626587	1.4478332996368408	1.3109130859375	1.3283336162567139	1.6134898662567139	0.30257678031921387
483	OVA-C4-IPTM90-192	2	ai11_af3_bb3	AI11_AF3	1	1.4330239295959473	1.3948664665222168	1.4412986040115356	1.4527944326400757	1.4431359767913818	0.05792796611785889
483	OVA-C4-IPTM90-192	2	ai11_af3_bb3	AI11_AF3	2	1.4706778526306152	1.506178617477417	1.4017542600631714	1.5654100179672241	1.409368872642517	0.16365575790405273
483	OVA-C4-IPTM90-192	2	ai11_af3_bb3	AI11_AF3	3	1.4531599283218384	1.3779221773147583	1.5937633514404297	1.3483549356460571	1.4925988912582397	0.24540841579437256
484	OVA-C4-IPTM90-084	2	ai11_af3_bb3	AI11_AF3	0	1.4247156381607056	1.3778315782546997	1.3846091032028198	1.3469178676605225	1.5895044803619385	0.24258661270141602
484	OVA-C4-IPTM90-084	2	ai11_af3_bb3	AI11_AF3	1	1.4354897737503052	1.3442856073379517	1.5277271270751953	1.419456124305725	1.4504897594451904	0.18344151973724365
484	OVA-C4-IPTM90-084	2	ai11_af3_bb3	AI11_AF3	2	1.4569896459579468	1.4904727935791016	1.3949779272079468	1.5261812210083008	1.4163267612457275	0.131203293800354
484	OVA-C4-IPTM90-084	2	ai11_af3_bb3	AI11_AF3	3	1.442553162574768	1.3613591194152832	1.583204746246338	1.3106191158294678	1.5150294303894043	0.2725856304168701
485	OVA-C4-IPTM90-212	2	ai11_af3_bb3	AI11_AF3	0	1.4165467023849487	1.3389720916748047	1.4027822017669678	1.378867268562317	1.5455647706985474	0.20659267902374268
485	OVA-C4-IPTM90-212	2	ai11_af3_bb3	AI11_AF3	1	1.4352308511734009	1.3714802265167236	1.5496083498001099	1.3994193077087402	1.4204157590866089	0.17812812328338623
485	OVA-C4-IPTM90-212	2	ai11_af3_bb3	AI11_AF3	2	1.4611660242080688	1.450034260749817	1.348905324935913	1.5823060274124146	1.4634190797805786	0.23340070247650146
485	OVA-C4-IPTM90-212	2	ai11_af3_bb3	AI11_AF3	3	1.4335993528366089	1.330984354019165	1.58928382396698	1.3269544839859009	1.4871753454208374	0.2623293399810791
486	OVA-C4-IPTM90-308	2	ai11_af3_bb3	AI11_AF3	0	1.4177597761154175	1.3751438856124878	1.3499155044555664	1.3629891872406006	1.5829910039901733	0.23307549953460693
486	OVA-C4-IPTM90-308	2	ai11_af3_bb3	AI11_AF3	1	1.4179612398147583	1.3539119958877563	1.5083736181259155	1.371762752532959	1.43779718875885	0.15446162223815918
486	OVA-C4-IPTM90-308	2	ai11_af3_bb3	AI11_AF3	2	1.4441227912902832	1.4628676176071167	1.3817142248153687	1.512557029724121	1.4193525314331055	0.13084280490875244
486	OVA-C4-IPTM90-308	2	ai11_af3_bb3	AI11_AF3	3	1.4397571086883545	1.3624935150146484	1.5869635343551636	1.3034584522247314	1.5061126947402954	0.28350508213043213
487	OVA-C4-IPTM90-242	2	ai11_af3_bb3	AI11_AF3	0	1.4845530986785889	1.4278273582458496	1.4464025497436523	1.4275375604629517	1.636445164680481	0.2089076042175293
487	OVA-C4-IPTM90-242	2	ai11_af3_bb3	AI11_AF3	1	1.4795384407043457	1.3973661661148071	1.5660170316696167	1.4874464273452759	1.4673244953155518	0.16865086555480957
487	OVA-C4-IPTM90-242	2	ai11_af3_bb3	AI11_AF3	2	1.4899842739105225	1.4870463609695435	1.4300384521484375	1.5686284303665161	1.4742237329483032	0.1385899782180786
487	OVA-C4-IPTM90-242	2	ai11_af3_bb3	AI11_AF3	3	1.4944772720336914	1.4200801849365234	1.6445646286010742	1.369478464126587	1.5437862873077393	0.2750861644744873
488	OVA-C4-IPTM90-095	2	ai11_af3_bb3	AI11_AF3	0	1.3993277549743652	1.3727666139602661	1.33488929271698	1.3237119913101196	1.5659443140029907	0.2422323226928711
488	OVA-C4-IPTM90-095	2	ai11_af3_bb3	AI11_AF3	1	1.4185256958007812	1.321096658706665	1.5245205163955688	1.4362503290176392	1.3922349214553833	0.2034238576889038
488	OVA-C4-IPTM90-095	2	ai11_af3_bb3	AI11_AF3	2	1.4346767663955688	1.4278535842895508	1.3714284896850586	1.5225428342819214	1.4168822765350342	0.1511143445968628
488	OVA-C4-IPTM90-095	2	ai11_af3_bb3	AI11_AF3	3	1.426843285560608	1.3807255029678345	1.5621922016143799	1.2776060104370117	1.486849069595337	0.28458619117736816
489	OVA-C4-IPTM90-208	2	ai11_af3_bb3	AI11_AF3	0	1.4328924417495728	1.377558946609497	1.3868353366851807	1.371891975402832	1.59528386592865	0.22339189052581787
489	OVA-C4-IPTM90-208	2	ai11_af3_bb3	AI11_AF3	1	1.4390441179275513	1.3527222871780396	1.4947068691253662	1.4823507070541382	1.4263962507247925	0.14198458194732666
489	OVA-C4-IPTM90-208	2	ai11_af3_bb3	AI11_AF3	2	1.4539246559143066	1.4376600980758667	1.3759715557098389	1.5406980514526367	1.4613689184188843	0.16472649574279785
489	OVA-C4-IPTM90-208	2	ai11_af3_bb3	AI11_AF3	3	1.4417332410812378	1.3801076412200928	1.584646463394165	1.3183722496032715	1.4838067293167114	0.26627421379089355
490	OVA-C4-IPTM90-149	2	ai11_af3_bb3	AI11_AF3	0	1.417593002319336	1.361311912536621	1.3519965410232544	1.3846423625946045	1.5724208354949951	0.22042429447174072
490	OVA-C4-IPTM90-149	2	ai11_af3_bb3	AI11_AF3	1	1.4056661128997803	1.3337126970291138	1.4709951877593994	1.4165745973587036	1.401382327079773	0.13728249073028564
490	OVA-C4-IPTM90-149	2	ai11_af3_bb3	AI11_AF3	2	1.4386117458343506	1.4152257442474365	1.3730453252792358	1.5234415531158447	1.442734718322754	0.1503962278366089
490	OVA-C4-IPTM90-149	2	ai11_af3_bb3	AI11_AF3	3	1.4377902746200562	1.376818299293518	1.5806269645690918	1.3161163330078125	1.4775996208190918	0.2645106315612793
491	OVA-C4-IPTM90-251	2	ai11_af3_bb3	AI11_AF3	0	1.4770745038986206	1.4395085573196411	1.4204517602920532	1.422410249710083	1.625927209854126	0.20547544956207275
491	OVA-C4-IPTM90-251	2	ai11_af3_bb3	AI11_AF3	1	1.4721167087554932	1.4216573238372803	1.5263787508010864	1.4569308757781982	1.4835004806518555	0.10472142696380615
491	OVA-C4-IPTM90-251	2	ai11_af3_bb3	AI11_AF3	2	1.4801666736602783	1.499261498451233	1.4239307641983032	1.5414589643478394	1.4560155868530273	0.11752820014953613
491	OVA-C4-IPTM90-251	2	ai11_af3_bb3	AI11_AF3	3	1.4728994369506836	1.399065613746643	1.6296366453170776	1.346482753753662	1.5164128541946411	0.2831538915634155
492	OVA-C4-IPTM90-189	2	ai11_af3_bb3	AI11_AF3	0	1.4493682384490967	1.3913456201553345	1.402889609336853	1.3697932958602905	1.6334447860717773	0.2636514902114868
492	OVA-C4-IPTM90-189	2	ai11_af3_bb3	AI11_AF3	1	1.4495563507080078	1.351155161857605	1.5374882221221924	1.4642293453216553	1.445352554321289	0.1863330602645874
492	OVA-C4-IPTM90-189	2	ai11_af3_bb3	AI11_AF3	2	1.4724326133728027	1.4833927154541016	1.4223434925079346	1.549195408821106	1.434799075126648	0.1268519163131714
492	OVA-C4-IPTM90-189	2	ai11_af3_bb3	AI11_AF3	3	1.4584306478500366	1.38524329662323	1.5991302728652954	1.3254830837249756	1.5238659381866455	0.2736471891403198
493	OVA-C4-IPTM90-390	2	ai11_af3_bb3	AI11_AF3	0	1.389140248298645	1.3516281843185425	1.3150256872177124	1.2957438230514526	1.594162940979004	0.29841911792755127
493	OVA-C4-IPTM90-390	2	ai11_af3_bb3	AI11_AF3	1	1.4057015180587769	1.3237100839614868	1.440565824508667	1.4815316200256348	1.3769984245300293	0.15782153606414795
493	OVA-C4-IPTM90-390	2	ai11_af3_bb3	AI11_AF3	2	1.425288200378418	1.3844701051712036	1.3982428312301636	1.5315877199172974	1.3868516683578491	0.14711761474609375
493	OVA-C4-IPTM90-390	2	ai11_af3_bb3	AI11_AF3	3	1.4181020259857178	1.3891301155090332	1.5483297109603882	1.3041324615478516	1.4308165311813354	0.24419724941253662
494	OVA-C4-IPTM90-394	2	ai11_af3_bb3	AI11_AF3	0	1.5086922645568848	1.4624953269958496	1.4681639671325684	1.4414050579071045	1.6627041101455688	0.22129905223846436
494	OVA-C4-IPTM90-394	2	ai11_af3_bb3	AI11_AF3	1	1.5029537677764893	1.4196573495864868	1.5687204599380493	1.5265650749206543	1.496872901916504	0.1490631103515625
494	OVA-C4-IPTM90-394	2	ai11_af3_bb3	AI11_AF3	2	1.5287294387817383	1.5436811447143555	1.4513652324676514	1.612313985824585	1.50755774974823	0.1609487533569336
494	OVA-C4-IPTM90-394	2	ai11_af3_bb3	AI11_AF3	3	1.520687460899353	1.434300422668457	1.664936900138855	1.4132635593414307	1.5702486038208008	0.2516733407974243
495	OVA-C4-IPTM90-239	2	ai11_af3_bb3	AI11_AF3	0	1.4166499376296997	1.3323625326156616	1.3799452781677246	1.3698281049728394	1.584464192390442	0.2521016597747803
495	OVA-C4-IPTM90-239	2	ai11_af3_bb3	AI11_AF3	1	1.4323104619979858	1.3482903242111206	1.4969033002853394	1.4247040748596191	1.4593441486358643	0.14861297607421875
495	OVA-C4-IPTM90-239	2	ai11_af3_bb3	AI11_AF3	2	1.4387577772140503	1.4467319250106812	1.3686909675598145	1.4888261556625366	1.4507826566696167	0.12013518810272217
495	OVA-C4-IPTM90-239	2	ai11_af3_bb3	AI11_AF3	3	1.4296364784240723	1.3960729837417603	1.561476707458496	1.3125700950622559	1.4484261274337769	0.24890661239624023
496	OVA-C4-IPTM90-222	2	ai11_af3_bb3	AI11_AF3	0	1.504183053970337	1.4675140380859375	1.4719432592391968	1.4464536905288696	1.6308223009109497	0.18436861038208008
496	OVA-C4-IPTM90-222	2	ai11_af3_bb3	AI11_AF3	1	1.5129696130752563	1.4883248805999756	1.642669677734375	1.4457218647003174	1.475163221359253	0.19694781303405762
496	OVA-C4-IPTM90-222	2	ai11_af3_bb3	AI11_AF3	2	1.5225335359573364	1.4804733991622925	1.450423240661621	1.615578055381775	1.5436599254608154	0.1651548147201538
496	OVA-C4-IPTM90-222	2	ai11_af3_bb3	AI11_AF3	3	1.5150121450424194	1.423661231994629	1.668825626373291	1.3928756713867188	1.5746862888336182	0.27594995498657227
497	OVA-C4-IPTM90-317	2	ai11_af3_bb3	AI11_AF3	0	1.3745771646499634	1.3232975006103516	1.317718505859375	1.2736537456512451	1.583639144897461	0.3099853992462158
497	OVA-C4-IPTM90-317	2	ai11_af3_bb3	AI11_AF3	1	1.385271668434143	1.3204809427261353	1.4046698808670044	1.431282639503479	1.3846535682678223	0.11080169677734375
497	OVA-C4-IPTM90-317	2	ai11_af3_bb3	AI11_AF3	2	1.4090371131896973	1.387118935585022	1.371203064918518	1.5011200904846191	1.3767057657241821	0.12991702556610107
497	OVA-C4-IPTM90-317	2	ai11_af3_bb3	AI11_AF3	3	1.3946819305419922	1.368013858795166	1.5130194425582886	1.2742680311203003	1.423426866531372	0.23875141143798828
498	OVA-C4-IPTM90-185	2	ai11_af3_bb3	AI11_AF3	0	1.445984959602356	1.443049669265747	1.3539936542510986	1.3737293481826782	1.613167643547058	0.2591739892959595
498	OVA-C4-IPTM90-185	2	ai11_af3_bb3	AI11_AF3	1	1.4659286737442017	1.4134573936462402	1.5398271083831787	1.410995602607727	1.4994338750839233	0.12883150577545166
498	OVA-C4-IPTM90-185	2	ai11_af3_bb3	AI11_AF3	2	1.4702882766723633	1.4818583726882935	1.4425806999206543	1.5053880214691162	1.451325535774231	0.06280732154846191
498	OVA-C4-IPTM90-185	2	ai11_af3_bb3	AI11_AF3	3	1.4564599990844727	1.4244132041931152	1.5708107948303223	1.3001660108566284	1.5304498672485352	0.27064478397369385
499	OVA-C4-IPTM90-057	2	ai11_af3_bb3	AI11_AF3	0	1.3597131967544556	1.2397851943969727	1.3750028610229492	1.3485409021377563	1.4755234718322754	0.23573827743530273
499	OVA-C4-IPTM90-057	2	ai11_af3_bb3	AI11_AF3	1	1.3568897247314453	1.303468108177185	1.3868227005004883	1.3276904821395874	1.4095776081085205	0.10610949993133545
499	OVA-C4-IPTM90-057	2	ai11_af3_bb3	AI11_AF3	2	1.378420114517212	1.4075435400009155	1.2943183183670044	1.403834581375122	1.4079833030700684	0.11366498470306396
499	OVA-C4-IPTM90-057	2	ai11_af3_bb3	AI11_AF3	3	1.3646336793899536	1.281347393989563	1.5555874109268188	1.2652806043624878	1.3563188314437866	0.29030680656433105
500	OVA-C4-IPTM90-372	2	ai11_af3_bb3	AI11_AF3	0	1.396480917930603	1.2836546897888184	1.4338562488555908	1.3750934600830078	1.4933197498321533	0.20966506004333496
500	OVA-C4-IPTM90-372	2	ai11_af3_bb3	AI11_AF3	1	1.3961879014968872	1.3414359092712402	1.4351032972335815	1.3892874717712402	1.4189248085021973	0.09366738796234131
500	OVA-C4-IPTM90-372	2	ai11_af3_bb3	AI11_AF3	2	1.4188283681869507	1.4468313455581665	1.305829644203186	1.4571657180786133	1.4654866456985474	0.15965700149536133
500	OVA-C4-IPTM90-372	2	ai11_af3_bb3	AI11_AF3	3	1.4161829948425293	1.3246272802352905	1.5928709506988525	1.3279812335968018	1.4192523956298828	0.268243670463562
501	OVA-C4-IPTM90-190	2	ai11_af3_bb3	AI11_AF3	0	1.4155371189117432	1.2983249425888062	1.4488425254821777	1.3992940187454224	1.5156869888305664	0.21736204624176025
501	OVA-C4-IPTM90-190	2	ai11_af3_bb3	AI11_AF3	1	1.4177875518798828	1.3617461919784546	1.4551594257354736	1.3991141319274902	1.455129623413086	0.09341323375701904
501	OVA-C4-IPTM90-190	2	ai11_af3_bb3	AI11_AF3	2	1.4365016222000122	1.4696431159973145	1.3283803462982178	1.4656516313552856	1.4823315143585205	0.15395116806030273
501	OVA-C4-IPTM90-190	2	ai11_af3_bb3	AI11_AF3	3	1.433791160583496	1.3407297134399414	1.6100292205810547	1.3470323085784912	1.437373399734497	0.2692995071411133
502	OVA-C4-IPTM90-116	2	ai11_af3_bb3	AI11_AF3	0	1.4327846765518188	1.3871781826019287	1.3682259321212769	1.3309717178344727	1.6447631120681763	0.3137913942337036
502	OVA-C4-IPTM90-116	2	ai11_af3_bb3	AI11_AF3	1	1.4493062496185303	1.3838107585906982	1.4722900390625	1.5071227550506592	1.4340013265609741	0.12331199645996094
502	OVA-C4-IPTM90-116	2	ai11_af3_bb3	AI11_AF3	2	1.470677375793457	1.445253849029541	1.435099720954895	1.5749400854110718	1.4274159669876099	0.14752411842346191
502	OVA-C4-IPTM90-116	2	ai11_af3_bb3	AI11_AF3	3	1.4584463834762573	1.4282324314117432	1.57920241355896	1.3399091958999634	1.4864422082901	0.23929321765899658
503	OVA-C4-IPTM90-143	2	ai11_af3_bb3	AI11_AF3	0	1.454207181930542	1.3804931640625	1.4201816320419312	1.3966035842895508	1.6195504665374756	0.23905730247497559
503	OVA-C4-IPTM90-143	2	ai11_af3_bb3	AI11_AF3	1	1.455757975578308	1.3727675676345825	1.5173639059066772	1.4701064825057983	1.462794303894043	0.14459633827209473
503	OVA-C4-IPTM90-143	2	ai11_af3_bb3	AI11_AF3	2	1.4770479202270508	1.4797418117523193	1.41352379322052	1.5550686120986938	1.4598575830459595	0.14154481887817383
503	OVA-C4-IPTM90-143	2	ai11_af3_bb3	AI11_AF3	3	1.467940330505371	1.4047338962554932	1.5915899276733398	1.3493013381958008	1.5261366367340088	0.24228858947753906
504	OVA-C4-IPTM90-346	2	ai11_af3_bb3	AI11_AF3	0	1.4610556364059448	1.365817904472351	1.4685800075531006	1.4154475927352905	1.5943771600723267	0.22855925559997559
504	OVA-C4-IPTM90-346	2	ai11_af3_bb3	AI11_AF3	1	1.4692997932434082	1.4318207502365112	1.5989131927490234	1.4035390615463257	1.4429265260696411	0.19537413120269775
504	OVA-C4-IPTM90-346	2	ai11_af3_bb3	AI11_AF3	2	1.4861301183700562	1.4826915264129639	1.3812127113342285	1.599291443824768	1.481324315071106	0.21807873249053955
504	OVA-C4-IPTM90-346	2	ai11_af3_bb3	AI11_AF3	3	1.4776620864868164	1.3591241836547852	1.649688720703125	1.374153971672058	1.5276814699172974	0.29056453704833984
505	OVA-C4-IPTM90-220	2	ai11_af3_bb3	AI11_AF3	0	1.431656837463379	1.381735920906067	1.3606880903244019	1.3428614139556885	1.641342282295227	0.2984808683395386
505	OVA-C4-IPTM90-220	2	ai11_af3_bb3	AI11_AF3	1	1.441293478012085	1.3787416219711304	1.481859803199768	1.4665899276733398	1.4379830360412598	0.1031181812286377
505	OVA-C4-IPTM90-220	2	ai11_af3_bb3	AI11_AF3	2	1.4489818811416626	1.427611231803894	1.4269908666610718	1.5483226776123047	1.393003225326538	0.1553194522857666
505	OVA-C4-IPTM90-220	2	ai11_af3_bb3	AI11_AF3	3	1.4569032192230225	1.4065254926681519	1.5978260040283203	1.3476440906524658	1.475617527961731	0.2501819133758545
506	OVA-C4-IPTM90-171	2	ai11_af3_bb3	AI11_AF3	0	1.406192421913147	1.288888692855835	1.4275481700897217	1.388969898223877	1.5193625688552856	0.23047387599945068
506	OVA-C4-IPTM90-171	2	ai11_af3_bb3	AI11_AF3	1	1.3978328704833984	1.3621983528137207	1.4283289909362793	1.3315163850784302	1.4692881107330322	0.13777172565460205
506	OVA-C4-IPTM90-171	2	ai11_af3_bb3	AI11_AF3	2	1.4147838354110718	1.476849913597107	1.3405481576919556	1.415769100189209	1.4259682893753052	0.13630175590515137
506	OVA-C4-IPTM90-171	2	ai11_af3_bb3	AI11_AF3	3	1.4104092121124268	1.3059393167495728	1.6090397834777832	1.316449522972107	1.4102087020874023	0.30310046672821045
507	OVA-C4-IPTM90-126	2	ai11_af3_bb3	AI11_AF3	0	1.406052827835083	1.331024169921875	1.3508156538009644	1.3676599264144897	1.574711561203003	0.24368739128112793
507	OVA-C4-IPTM90-126	2	ai11_af3_bb3	AI11_AF3	1	1.4067740440368652	1.3229323625564575	1.4739607572555542	1.4089206457138062	1.421282410621643	0.15102839469909668
507	OVA-C4-IPTM90-126	2	ai11_af3_bb3	AI11_AF3	2	1.4384465217590332	1.416716456413269	1.3743174076080322	1.517158031463623	1.4455939531326294	0.14284062385559082
507	OVA-C4-IPTM90-126	2	ai11_af3_bb3	AI11_AF3	3	1.4281800985336304	1.3810374736785889	1.5651662349700928	1.2907642126083374	1.4757522344589233	0.27440202236175537
508	OVA-C4-IPTM90-119	2	ai11_af3_bb3	AI11_AF3	0	1.431496500968933	1.3819788694381714	1.355966567993164	1.3882349729537964	1.5998051166534424	0.24383854866027832
508	OVA-C4-IPTM90-119	2	ai11_af3_bb3	AI11_AF3	1	1.4393117427825928	1.371456265449524	1.4887480735778809	1.4484775066375732	1.4485656023025513	0.11729180812835693
508	OVA-C4-IPTM90-119	2	ai11_af3_bb3	AI11_AF3	2	1.4465795755386353	1.432584285736084	1.3901365995407104	1.5348176956176758	1.4287797212600708	0.14468109607696533
508	OVA-C4-IPTM90-119	2	ai11_af3_bb3	AI11_AF3	3	1.4378407001495361	1.3929564952850342	1.5795340538024902	1.3032149076461792	1.4756572246551514	0.27631914615631104
509	OVA-C4-IPTM90-325	2	ai11_af3_bb3	AI11_AF3	0	1.3740614652633667	1.2891186475753784	1.3238179683685303	1.3341128826141357	1.549196720123291	0.2600780725479126
509	OVA-C4-IPTM90-325	2	ai11_af3_bb3	AI11_AF3	1	1.3752124309539795	1.296435832977295	1.428239107131958	1.375382900238037	1.400792121887207	0.13180327415466309
509	OVA-C4-IPTM90-325	2	ai11_af3_bb3	AI11_AF3	2	1.4111231565475464	1.405625820159912	1.3482584953308105	1.4825339317321777	1.4080742597579956	0.1342754364013672
509	OVA-C4-IPTM90-325	2	ai11_af3_bb3	AI11_AF3	3	1.3970184326171875	1.3411717414855957	1.5296937227249146	1.2685450315475464	1.4486634731292725	0.26114869117736816
510	OVA-C4-IPTM90-247	2	ai11_af3_bb3	AI11_AF3	0	1.4574559926986694	1.3687435388565063	1.426292061805725	1.385312795639038	1.6494759321212769	0.2807323932647705
510	OVA-C4-IPTM90-247	2	ai11_af3_bb3	AI11_AF3	1	1.4640356302261353	1.3610948324203491	1.5336309671401978	1.4864444732666016	1.474972128868103	0.17253613471984863
510	OVA-C4-IPTM90-247	2	ai11_af3_bb3	AI11_AF3	2	1.4887615442276	1.4804282188415527	1.4354753494262695	1.5708608627319336	1.4682813882827759	0.13538551330566406
510	OVA-C4-IPTM90-247	2	ai11_af3_bb3	AI11_AF3	3	1.4723081588745117	1.428329586982727	1.5902140140533447	1.3373223543167114	1.533367395401001	0.2528916597366333
511	OVA-C4-IPTM90-166	2	ai11_af3_bb3	AI11_AF3	0	1.3869930505752563	1.304381251335144	1.3379288911819458	1.3399189710617065	1.5657434463500977	0.2613621950149536
511	OVA-C4-IPTM90-166	2	ai11_af3_bb3	AI11_AF3	1	1.3816564083099365	1.3036048412322998	1.4424488544464111	1.3653900623321533	1.4151816368103027	0.13884401321411133
511	OVA-C4-IPTM90-166	2	ai11_af3_bb3	AI11_AF3	2	1.4177825450897217	1.4044744968414307	1.3694050312042236	1.4768147468566895	1.420436143875122	0.10740971565246582
511	OVA-C4-IPTM90-166	2	ai11_af3_bb3	AI11_AF3	3	1.4053750038146973	1.3616561889648438	1.5312364101409912	1.2698184251785278	1.4587892293930054	0.2614179849624634
