candidate	source_model	replicate	seed	atomic_clash_count_2p4	severe_ca_overlap_count_2p5	effective_edges	effective_edge_count	min_chain_degree	valid_c4_network	contact_counts_json	design_interface_edges	background_edges	max_chain_ca_rmsd_to_input	weakest_sc	weakest_hbonds	worst_dG_dSASA_x100	worst_unsat_per_1000A2	all_weakest_sc	all_weakest_hbonds	all_worst_dG_dSASA_x100	all_worst_unsat_per_1000A2	pair_metrics_json
ova_body_c4_16_ms25_r01	AF3	1	7001	0	0	A-B,A-C,A-D,B-C,B-D,C-D	6	3	1	"{""A-B"": 28, ""A-C"": 67, ""A-D"": 35, ""B-C"": 39, ""B-D"": 64, ""C-D"": 28}"	A-D,B-C	A-B,A-C,B-D,C-D	0.24053838450744244	0.48712971806526184	0.0	-2.3453152179718018	7.742949371835799	0.48712971806526184	0.0	-2.3453152179718018	14.295141507417322	"{""A-B"": {""dG_dSASA_ratio"": -2.4797613620758057, ""dG_separated"": -24.43504524230957, ""dSASA_int"": 985.37890625, ""delta_unsatHbonds"": 2.0, ""hbonds_int"": 4.0, ""nres_int"": 48.0, ""packstat"": 0.5785094499588013, ""sc_value"": 0.7291857004165649}, ""A-C"": {""dG_dSASA_ratio"": -2.718628406524658, ""dG_separated"": -47.3616828918457, ""dSASA_int"": 1742.11669921875, ""delta_unsatHbonds"": 21.0, ""hbonds_int"": 5.0, ""nres_int"": 66.0, ""packstat"": 0.555304765701294, ""sc_value"": 0.7037651538848877}, ""A-D"": {""dG_dSASA_ratio"": -2.3453152179718018, ""dG_separated"": -27.26072120666504, ""dSASA_int"": 1162.3477783203125, ""delta_unsatHbonds"": 9.0, ""hbonds_int"": 0.0, ""nres_int"": 48.0, ""packstat"": 0.4954480528831482, ""sc_value"": 0.48712971806526184}, ""B-C"": {""dG_dSASA_ratio"": -2.7932546138763428, ""dG_separated"": -32.29208755493164, ""dSASA_int"": 1156.0738525390625, ""delta_unsatHbonds"": 4.0, ""hbonds_int"": 0.0, ""nres_int"": 48.0, ""packstat"": 0.4809451699256897, ""sc_value"": 0.6062496900558472}, ""B-D"": {""dG_dSASA_ratio"": -2.7162222862243652, ""dG_separated"": -45.602439880371094, ""dSASA_int"": 1678.89208984375, ""delta_unsatHbonds"": 24.0, ""hbonds_int"": 2.0, ""nres_int"": 66.0, ""packstat"": 0.5832376480102539, ""sc_value"": 0.6883794069290161}, ""C-D"": {""dG_dSASA_ratio"": -2.5459368228912354, ""dG_separated"": -24.409746170043945, ""dSASA_int"": 958.7726440429688, ""delta_unsatHbonds"": 2.0, ""hbonds_int"": 4.0, ""nres_int"": 49.0, ""packstat"": 0.610048234462738, ""sc_value"": 0.7183132171630859}}"
ova_body_c4_16_ms25_r01	AF3	2	7002	0	0	A-B,A-C,A-D,B-C,B-D,C-D	6	3	1	"{""A-B"": 25, ""A-C"": 68, ""A-D"": 38, ""B-C"": 38, ""B-D"": 66, ""C-D"": 27}"	A-D,B-C	A-B,A-C,B-D,C-D	0.22610960710232214	0.6271601915359497	0.0	-2.862851858139038	4.4667340093703265	0.6271601915359497	0.0	-2.34662127494812	13.327515183341397	"{""A-B"": {""dG_dSASA_ratio"": -2.34662127494812, ""dG_separated"": -21.564990997314453, ""dSASA_int"": 918.98046875, ""delta_unsatHbonds"": 5.0, ""hbonds_int"": 5.0, ""nres_int"": 47.0, ""packstat"": 0.573390543460846, ""sc_value"": 0.7249802350997925}, ""A-C"": {""dG_dSASA_ratio"": -2.607715368270874, ""dG_separated"": -45.00272750854492, ""dSASA_int"": 1725.7530517578125, ""delta_unsatHbonds"": 23.0, ""hbonds_int"": 4.0, ""nres_int"": 66.0, ""packstat"": 0.6159310340881348, ""sc_value"": 0.7238321900367737}, ""A-D"": {""dG_dSASA_ratio"": -3.0431156158447266, ""dG_separated"": -34.064212799072266, ""dSASA_int"": 1119.3861083984375, ""delta_unsatHbonds"": 5.0, ""hbonds_int"": 0.0, ""nres_int"": 48.0, ""packstat"": 0.5775226354598999, ""sc_value"": 0.6271601915359497}, ""B-C"": {""dG_dSASA_ratio"": -2.862851858139038, ""dG_separated"": -32.86674499511719, ""dSASA_int"": 1148.0421142578125, ""delta_unsatHbonds"": 4.0, ""hbonds_int"": 0.0, ""nres_int"": 48.0, ""packstat"": 0.5356161594390869, ""sc_value"": 0.6298176050186157}, ""B-D"": {""dG_dSASA_ratio"": -2.5923380851745605, ""dG_separated"": -43.60011291503906, ""dSASA_int"": 1681.8837890625, ""delta_unsatHbonds"": 20.0, ""hbonds_int"": 2.0, ""nres_int"": 68.0, ""packstat"": 0.5486637353897095, ""sc_value"": 0.6430988907814026}, ""C-D"": {""dG_dSASA_ratio"": -2.704490900039673, ""dG_separated"": -25.63974380493164, ""dSASA_int"": 948.0432739257812, ""delta_unsatHbonds"": 4.0, ""hbonds_int"": 4.0, ""nres_int"": 48.0, ""packstat"": 0.5617226362228394, ""sc_value"": 0.7326756119728088}}"
ova_body_c4_16_ms25_r01	AF3	3	7003	0	0	A-B,A-C,A-D,B-C,B-D,C-D	6	3	1	"{""A-B"": 28, ""A-C"": 69, ""A-D"": 38, ""B-C"": 38, ""B-D"": 67, ""C-D"": 28}"	A-D,B-C	A-B,A-C,B-D,C-D	0.20328794728255625	0.6288310885429382	0.0	-3.0393123626708984	3.5708163785483817	0.6288310885429382	0.0	-2.477617025375366	12.738672520115339	"{""A-B"": {""dG_dSASA_ratio"": -2.477617025375366, ""dG_separated"": -24.439245223999023, ""dSASA_int"": 986.4012451171875, ""delta_unsatHbonds"": 1.0, ""hbonds_int"": 4.0, ""nres_int"": 48.0, ""packstat"": 0.6538848280906677, ""sc_value"": 0.731704831123352}, ""A-C"": {""dG_dSASA_ratio"": -2.624438524246216, ""dG_separated"": -45.48474884033203, ""dSASA_int"": 1733.1229248046875, ""delta_unsatHbonds"": 22.0, ""hbonds_int"": 4.0, ""nres_int"": 67.0, ""packstat"": 0.5786805748939514, ""sc_value"": 0.706666111946106}, ""A-D"": {""dG_dSASA_ratio"": -3.0393123626708984, ""dG_separated"": -34.0461311340332, ""dSASA_int"": 1120.1920166015625, ""delta_unsatHbonds"": 4.0, ""hbonds_int"": 0.0, ""nres_int"": 48.0, ""packstat"": 0.5413559675216675, ""sc_value"": 0.6288310885429382}, ""B-C"": {""dG_dSASA_ratio"": -3.1134002208709717, ""dG_separated"": -35.11155700683594, ""dSASA_int"": 1127.7559814453125, ""delta_unsatHbonds"": 4.0, ""hbonds_int"": 0.0, ""nres_int"": 48.0, ""packstat"": 0.5202459096908569, ""sc_value"": 0.6576311588287354}, ""B-D"": {""dG_dSASA_ratio"": -2.5239291191101074, ""dG_separated"": -43.58887481689453, ""dSASA_int"": 1727.0245361328125, ""delta_unsatHbonds"": 22.0, ""hbonds_int"": 2.0, ""nres_int"": 66.0, ""packstat"": 0.596225380897522, ""sc_value"": 0.6621661186218262}, ""C-D"": {""dG_dSASA_ratio"": -2.7226693630218506, ""dG_separated"": -25.659095764160156, ""dSASA_int"": 942.4241943359375, ""delta_unsatHbonds"": 4.0, ""hbonds_int"": 4.0, ""nres_int"": 48.0, ""packstat"": 0.5827552080154419, ""sc_value"": 0.7376600503921509}}"
ova_body_c4_16_ms25_r01	AF3	4	7004	0	0	A-B,A-C,A-D,B-C,B-D,C-D	6	3	1	"{""A-B"": 26, ""A-C"": 63, ""A-D"": 38, ""B-C"": 38, ""B-D"": 66, ""C-D"": 27}"	A-D,B-C	A-B,A-C,B-D,C-D	0.23433446125690588	0.5954485535621643	0.0	-2.75121808052063	6.077462422037923	0.5954485535621643	0.0	-2.5166757106781006	14.287730474243123	"{""A-B"": {""dG_dSASA_ratio"": -2.6108574867248535, ""dG_separated"": -25.675325393676758, ""dSASA_int"": 983.4058837890625, ""delta_unsatHbonds"": 4.0, ""hbonds_int"": 4.0, ""nres_int"": 48.0, ""packstat"": 0.5929043292999268, ""sc_value"": 0.7321662306785583}, ""A-C"": {""dG_dSASA_ratio"": -2.773800849914551, ""dG_separated"": -47.252288818359375, ""dSASA_int"": 1703.5213623046875, ""delta_unsatHbonds"": 19.0, ""hbonds_int"": 6.0, ""nres_int"": 63.0, ""packstat"": 0.6256873607635498, ""sc_value"": 0.7189420461654663}, ""A-D"": {""dG_dSASA_ratio"": -2.75121808052063, ""dG_separated"": -31.688432693481445, ""dSASA_int"": 1151.7965087890625, ""delta_unsatHbonds"": 7.0, ""hbonds_int"": 0.0, ""nres_int"": 49.0, ""packstat"": 0.45457518100738525, ""sc_value"": 0.5954485535621643}, ""B-C"": {""dG_dSASA_ratio"": -3.1754472255706787, ""dG_separated"": -36.58832550048828, ""dSASA_int"": 1152.2259521484375, ""delta_unsatHbonds"": 5.0, ""hbonds_int"": 1.0, ""nres_int"": 49.0, ""packstat"": 0.571222186088562, ""sc_value"": 0.6970188617706299}, ""B-D"": {""dG_dSASA_ratio"": -2.5166757106781006, ""dG_separated"": -44.03561019897461, ""dSASA_int"": 1749.7530517578125, ""delta_unsatHbonds"": 25.0, ""hbonds_int"": 3.0, ""nres_int"": 68.0, ""packstat"": 0.5827732086181641, ""sc_value"": 0.6795559525489807}, ""C-D"": {""dG_dSASA_ratio"": -2.6879217624664307, ""dG_separated"": -25.764362335205078, ""dSASA_int"": 958.5234985351562, ""delta_unsatHbonds"": 4.0, ""hbonds_int"": 4.0, ""nres_int"": 48.0, ""packstat"": 0.5619721412658691, ""sc_value"": 0.727530837059021}}"
ova_body_c4_16_ms25_r01	AF3	5	7005	0	0	A-B,A-C,A-D,B-C,B-D,C-D	6	3	1	"{""A-B"": 27, ""A-C"": 66, ""A-D"": 38, ""B-C"": 39, ""B-D"": 67, ""C-D"": 28}"	A-D,B-C	A-B,A-C,B-D,C-D	0.2114424185263523	0.6305442452430725	0.0	-3.0048282146453857	3.601493749427787	0.6305442452430725	0.0	-2.522465229034424	14.7330837149931	"{""A-B"": {""dG_dSASA_ratio"": -2.6100144386291504, ""dG_separated"": -25.894939422607422, ""dSASA_int"": 992.1378173828125, ""delta_unsatHbonds"": 5.0, ""hbonds_int"": 4.0, ""nres_int"": 48.0, ""packstat"": 0.5685831308364868, ""sc_value"": 0.7417105436325073}, ""A-C"": {""dG_dSASA_ratio"": -2.5616066455841064, ""dG_separated"": -44.98941421508789, ""dSASA_int"": 1756.2967529296875, ""delta_unsatHbonds"": 22.0, ""hbonds_int"": 3.0, ""nres_int"": 68.0, ""packstat"": 0.6102078557014465, ""sc_value"": 0.667731761932373}, ""A-D"": {""dG_dSASA_ratio"": -3.085665464401245, ""dG_separated"": -34.27095031738281, ""dSASA_int"": 1110.6502685546875, ""delta_unsatHbonds"": 4.0, ""hbonds_int"": 0.0, ""nres_int"": 48.0, ""packstat"": 0.443714439868927, ""sc_value"": 0.6305442452430725}, ""B-C"": {""dG_dSASA_ratio"": -3.0048282146453857, ""dG_separated"": -33.72140884399414, ""dSASA_int"": 1122.24072265625, ""delta_unsatHbonds"": 4.0, ""hbonds_int"": 0.0, ""nres_int"": 48.0, ""packstat"": 0.4594991207122803, ""sc_value"": 0.6453591585159302}, ""B-D"": {""dG_dSASA_ratio"": -2.522465229034424, ""dG_separated"": -42.802738189697266, ""dSASA_int"": 1696.861328125, ""delta_unsatHbonds"": 25.0, ""hbonds_int"": 2.0, ""nres_int"": 68.0, ""packstat"": 0.5972910523414612, ""sc_value"": 0.6523517370223999}, ""C-D"": {""dG_dSASA_ratio"": -2.537828207015991, ""dG_separated"": -23.97685432434082, ""dSASA_int"": 944.7784423828125, ""delta_unsatHbonds"": 2.0, ""hbonds_int"": 4.0, ""nres_int"": 48.0, ""packstat"": 0.5767941474914551, ""sc_value"": 0.7371429204940796}}"
ova_body_c4_16_ms25_r01	AF3	6	7006	0	0	A-B,A-C,A-D,B-C,B-D,C-D	6	3	1	"{""A-B"": 27, ""A-C"": 64, ""A-D"": 38, ""B-C"": 36, ""B-D"": 67, ""C-D"": 28}"	A-D,B-C	A-B,A-C,B-D,C-D	0.2072575642740108	0.6428555250167847	0.0	-3.145443916320801	4.489585826938742	0.6428555250167847	0.0	-2.5211682319641113	14.531348404120205	"{""A-B"": {""dG_dSASA_ratio"": -2.5211682319641113, ""dG_separated"": -24.936744689941406, ""dSASA_int"": 989.0948486328125, ""delta_unsatHbonds"": 2.0, ""hbonds_int"": 4.0, ""nres_int"": 48.0, ""packstat"": 0.5394008159637451, ""sc_value"": 0.730802595615387}, ""A-C"": {""dG_dSASA_ratio"": -2.532111167907715, ""dG_separated"": -44.62600326538086, ""dSASA_int"": 1762.4029541015625, ""delta_unsatHbonds"": 22.0, ""hbonds_int"": 3.0, ""nres_int"": 66.0, ""packstat"": 0.5586963891983032, ""sc_value"": 0.6673579812049866}, ""A-D"": {""dG_dSASA_ratio"": -3.161257266998291, ""dG_separated"": -35.00476837158203, ""dSASA_int"": 1107.3052978515625, ""delta_unsatHbonds"": 2.0, ""hbonds_int"": 0.0, ""nres_int"": 48.0, ""packstat"": 0.5304734706878662, ""sc_value"": 0.6428555250167847}, ""B-C"": {""dG_dSASA_ratio"": -3.145443916320801, ""dG_separated"": -35.03044509887695, ""dSASA_int"": 1113.6884765625, ""delta_unsatHbonds"": 5.0, ""hbonds_int"": 0.0, ""nres_int"": 48.0, ""packstat"": 0.5444774627685547, ""sc_value"": 0.6518099308013916}, ""B-D"": {""dG_dSASA_ratio"": -2.5562527179718018, ""dG_separated"": -43.978240966796875, ""dSASA_int"": 1720.41845703125, ""delta_unsatHbonds"": 25.0, ""hbonds_int"": 2.0, ""nres_int"": 68.0, ""packstat"": 0.5217984318733215, ""sc_value"": 0.6701936721801758}, ""C-D"": {""dG_dSASA_ratio"": -2.5539495944976807, ""dG_separated"": -24.10785675048828, ""dSASA_int"": 943.9441528320312, ""delta_unsatHbonds"": 2.0, ""hbonds_int"": 4.0, ""nres_int"": 48.0, ""packstat"": 0.5617418885231018, ""sc_value"": 0.7380180954933167}}"
ova_body_c4_16_ms25_r01	AF3	7	7007	0	0	A-B,A-C,A-D,B-C,B-D,C-D	6	3	1	"{""A-B"": 28, ""A-C"": 68, ""A-D"": 39, ""B-C"": 37, ""B-D"": 65, ""C-D"": 27}"	A-D,B-C	A-B,A-C,B-D,C-D	0.21234035372566898	0.6245553493499756	0.0	-3.031892776489258	4.5094954825776705	0.6245553493499756	0.0	-2.488318681716919	13.592907932606256	"{""A-B"": {""dG_dSASA_ratio"": -2.514512062072754, ""dG_separated"": -25.29833984375, ""dSASA_int"": 1006.0933837890625, ""delta_unsatHbonds"": 4.0, ""hbonds_int"": 4.0, ""nres_int"": 48.0, ""packstat"": 0.5496500730514526, ""sc_value"": 0.741032600402832}, ""A-C"": {""dG_dSASA_ratio"": -2.488318681716919, ""dG_separated"": -44.2888298034668, ""dSASA_int"": 1779.86962890625, ""delta_unsatHbonds"": 16.0, ""hbonds_int"": 5.0, ""nres_int"": 66.0, ""packstat"": 0.6213865280151367, ""sc_value"": 0.6742770671844482}, ""A-D"": {""dG_dSASA_ratio"": -3.031892776489258, ""dG_separated"": -33.73446273803711, ""dSASA_int"": 1112.6534423828125, ""delta_unsatHbonds"": 4.0, ""hbonds_int"": 0.0, ""nres_int"": 48.0, ""packstat"": 0.49324744939804077, ""sc_value"": 0.6245553493499756}, ""B-C"": {""dG_dSASA_ratio"": -3.083010196685791, ""dG_separated"": -34.183536529541016, ""dSASA_int"": 1108.771484375, ""delta_unsatHbonds"": 5.0, ""hbonds_int"": 0.0, ""nres_int"": 48.0, ""packstat"": 0.5937528014183044, ""sc_value"": 0.648901104927063}, ""B-D"": {""dG_dSASA_ratio"": -2.5652501583099365, ""dG_separated"": -43.405540466308594, ""dSASA_int"": 1692.058837890625, ""delta_unsatHbonds"": 23.0, ""hbonds_int"": 2.0, ""nres_int"": 66.0, ""packstat"": 0.670700192451477, ""sc_value"": 0.6551936864852905}, ""C-D"": {""dG_dSASA_ratio"": -2.539412260055542, ""dG_separated"": -24.398517608642578, ""dSASA_int"": 960.7938232421875, ""delta_unsatHbonds"": 2.0, ""hbonds_int"": 4.0, ""nres_int"": 48.0, ""packstat"": 0.5981501936912537, ""sc_value"": 0.7258808612823486}}"
ova_body_c4_16_ms25_r01	AF3	8	7008	0	0	A-B,A-C,A-D,B-C,B-D,C-D	6	3	1	"{""A-B"": 29, ""A-C"": 68, ""A-D"": 39, ""B-C"": 39, ""B-D"": 68, ""C-D"": 26}"	A-D,B-C	A-B,A-C,B-D,C-D	0.21224637554021375	0.6282492876052856	0.0	-2.96823787689209	3.585829669588908	0.6282492876052856	0.0	-2.3277971744537354	10.705460756158454	"{""A-B"": {""dG_dSASA_ratio"": -2.5364465713500977, ""dG_separated"": -25.530258178710938, ""dSASA_int"": 1006.5364379882812, ""delta_unsatHbonds"": 4.0, ""hbonds_int"": 4.0, ""nres_int"": 49.0, ""packstat"": 0.617538332939148, ""sc_value"": 0.7423396706581116}, ""A-C"": {""dG_dSASA_ratio"": -2.6625773906707764, ""dG_separated"": -45.76524353027344, ""dSASA_int"": 1718.83251953125, ""delta_unsatHbonds"": 17.0, ""hbonds_int"": 5.0, ""nres_int"": 67.0, ""packstat"": 0.6250706911087036, ""sc_value"": 0.7148435115814209}, ""A-D"": {""dG_dSASA_ratio"": -3.0446369647979736, ""dG_separated"": -33.96298599243164, ""dSASA_int"": 1115.501953125, ""delta_unsatHbonds"": 4.0, ""hbonds_int"": 0.0, ""nres_int"": 48.0, ""packstat"": 0.6058916449546814, ""sc_value"": 0.6282492876052856}, ""B-C"": {""dG_dSASA_ratio"": -2.96823787689209, ""dG_separated"": -33.677284240722656, ""dSASA_int"": 1134.5885009765625, ""delta_unsatHbonds"": 4.0, ""hbonds_int"": 0.0, ""nres_int"": 48.0, ""packstat"": 0.5153281688690186, ""sc_value"": 0.6542335748672485}, ""B-D"": {""dG_dSASA_ratio"": -2.3277971744537354, ""dG_separated"": -41.31363296508789, ""dSASA_int"": 1774.795166015625, ""delta_unsatHbonds"": 19.0, ""hbonds_int"": 3.0, ""nres_int"": 70.0, ""packstat"": 0.6189311742782593, ""sc_value"": 0.664431095123291}, ""C-D"": {""dG_dSASA_ratio"": -2.6789627075195312, ""dG_separated"": -24.457860946655273, ""dSASA_int"": 912.9601440429688, ""delta_unsatHbonds"": 3.0, ""hbonds_int"": 4.0, ""nres_int"": 46.0, ""packstat"": 0.5797528624534607, ""sc_value"": 0.7452125549316406}}"
ova_body_c4_16_ms25_r01	AF3	9	7009	0	0	A-B,A-C,A-D,B-C,B-D,C-D	6	3	1	"{""A-B"": 26, ""A-C"": 64, ""A-D"": 38, ""B-C"": 39, ""B-D"": 67, ""C-D"": 26}"	A-D,B-C	A-B,A-C,B-D,C-D	0.22579136795423063	0.5815467834472656	0.0	-2.732574939727783	4.388502466389814	0.5815467834472656	0.0	-2.494631767272949	15.812822769758858	"{""A-B"": {""dG_dSASA_ratio"": -2.59515118598938, ""dG_separated"": -25.936912536621094, ""dSASA_int"": 999.4375, ""delta_unsatHbonds"": 4.0, ""hbonds_int"": 4.0, ""nres_int"": 48.0, ""packstat"": 0.6178876161575317, ""sc_value"": 0.741615355014801}, ""A-C"": {""dG_dSASA_ratio"": -2.747105360031128, ""dG_separated"": -46.262657165527344, ""dSASA_int"": 1684.051025390625, ""delta_unsatHbonds"": 21.0, ""hbonds_int"": 4.0, ""nres_int"": 66.0, ""packstat"": 0.55851811170578, ""sc_value"": 0.726128101348877}, ""A-D"": {""dG_dSASA_ratio"": -2.732574939727783, ""dG_separated"": -31.27621841430664, ""dSASA_int"": 1144.5694580078125, ""delta_unsatHbonds"": 5.0, ""hbonds_int"": 0.0, ""nres_int"": 49.0, ""packstat"": 0.5367190837860107, ""sc_value"": 0.5815467834472656}, ""B-C"": {""dG_dSASA_ratio"": -3.2168211936950684, ""dG_separated"": -36.65055465698242, ""dSASA_int"": 1139.3408203125, ""delta_unsatHbonds"": 5.0, ""hbonds_int"": 1.0, ""nres_int"": 49.0, ""packstat"": 0.5822614431381226, ""sc_value"": 0.7049450874328613}, ""B-D"": {""dG_dSASA_ratio"": -2.494631767272949, ""dG_separated"": -44.172813415527344, ""dSASA_int"": 1770.71484375, ""delta_unsatHbonds"": 28.0, ""hbonds_int"": 2.0, ""nres_int"": 70.0, ""packstat"": 0.5947253108024597, ""sc_value"": 0.6426035165786743}, ""C-D"": {""dG_dSASA_ratio"": -2.633613348007202, ""dG_separated"": -24.767629623413086, ""dSASA_int"": 940.44287109375, ""delta_unsatHbonds"": 4.0, ""hbonds_int"": 4.0, ""nres_int"": 48.0, ""packstat"": 0.5901587009429932, ""sc_value"": 0.7262324094772339}}"
ova_body_c4_16_ms25_r01	AF3	10	7010	0	0	A-B,A-C,A-D,B-C,B-D,C-D	6	3	1	"{""A-B"": 28, ""A-C"": 66, ""A-D"": 36, ""B-C"": 37, ""B-D"": 68, ""C-D"": 27}"	A-D,B-C	A-B,A-C,B-D,C-D	0.20725495648848855	0.6393004059791565	0.0	-2.996021270751953	5.342746910191807	0.6393004059791565	0.0	-2.1823947429656982	15.638431411255594	"{""A-B"": {""dG_dSASA_ratio"": -2.537763833999634, ""dG_separated"": -25.011940002441406, ""dSASA_int"": 985.5897827148438, ""delta_unsatHbonds"": 2.0, ""hbonds_int"": 4.0, ""nres_int"": 48.0, ""packstat"": 0.6372021436691284, ""sc_value"": 0.7409316301345825}, ""A-C"": {""dG_dSASA_ratio"": -2.4816555976867676, ""dG_separated"": -44.40388870239258, ""dSASA_int"": 1789.284912109375, ""delta_unsatHbonds"": 23.0, ""hbonds_int"": 4.0, ""nres_int"": 66.0, ""packstat"": 0.6016484498977661, ""sc_value"": 0.69154953956604}, ""A-D"": {""dG_dSASA_ratio"": -3.220308780670166, ""dG_separated"": -35.575843811035156, ""dSASA_int"": 1104.7340087890625, ""delta_unsatHbonds"": 4.0, ""hbonds_int"": 0.0, ""nres_int"": 48.0, ""packstat"": 0.5763431787490845, ""sc_value"": 0.6393004059791565}, ""B-C"": {""dG_dSASA_ratio"": -2.996021270751953, ""dG_separated"": -33.645851135253906, ""dSASA_int"": 1123.017822265625, ""delta_unsatHbonds"": 6.0, ""hbonds_int"": 0.0, ""nres_int"": 48.0, ""packstat"": 0.5723159909248352, ""sc_value"": 0.6508642435073853}, ""B-D"": {""dG_dSASA_ratio"": -2.534698247909546, ""dG_separated"": -43.761966705322266, ""dSASA_int"": 1726.515869140625, ""delta_unsatHbonds"": 27.0, ""hbonds_int"": 2.0, ""nres_int"": 68.0, ""packstat"": 0.5585033297538757, ""sc_value"": 0.662801206111908}, ""C-D"": {""dG_dSASA_ratio"": -2.1823947429656982, ""dG_separated"": -20.521923065185547, ""dSASA_int"": 940.3396606445312, ""delta_unsatHbonds"": 2.0, ""hbonds_int"": 4.0, ""nres_int"": 48.0, ""packstat"": 0.6149502992630005, ""sc_value"": 0.7412331104278564}}"
ova_body_c4_16_ms25_r01	AF3	11	7011	0	0	A-B,A-C,A-D,B-C,B-D,C-D	6	3	1	"{""A-B"": 28, ""A-C"": 69, ""A-D"": 38, ""B-C"": 38, ""B-D"": 65, ""C-D"": 27}"	A-D,B-C	A-B,A-C,B-D,C-D	0.22006802957840332	0.6018829345703125	0.0	-2.912543773651123	3.565730035018542	0.6018829345703125	0.0	-2.539684534072876	12.983035909882643	"{""A-B"": {""dG_dSASA_ratio"": -2.539684534072876, ""dG_separated"": -25.206214904785156, ""dSASA_int"": 992.4939575195312, ""delta_unsatHbonds"": 4.0, ""hbonds_int"": 4.0, ""nres_int"": 48.0, ""packstat"": 0.6088252663612366, ""sc_value"": 0.738228440284729}, ""A-C"": {""dG_dSASA_ratio"": -2.6702592372894287, ""dG_separated"": -45.50868225097656, ""dSASA_int"": 1704.2794189453125, ""delta_unsatHbonds"": 21.0, ""hbonds_int"": 4.0, ""nres_int"": 66.0, ""packstat"": 0.6040695905685425, ""sc_value"": 0.7174253463745117}, ""A-D"": {""dG_dSASA_ratio"": -2.912543773651123, ""dG_separated"": -32.67262268066406, ""dSASA_int"": 1121.7899169921875, ""delta_unsatHbonds"": 4.0, ""hbonds_int"": 0.0, ""nres_int"": 48.0, ""packstat"": 0.437447190284729, ""sc_value"": 0.6018829345703125}, ""B-C"": {""dG_dSASA_ratio"": -3.006199598312378, ""dG_separated"": -33.98756790161133, ""dSASA_int"": 1130.5826416015625, ""delta_unsatHbonds"": 4.0, ""hbonds_int"": 0.0, ""nres_int"": 48.0, ""packstat"": 0.5153866410255432, ""sc_value"": 0.6612300276756287}, ""B-D"": {""dG_dSASA_ratio"": -2.6167521476745605, ""dG_separated"": -44.34136199951172, ""dSASA_int"": 1694.5189208984375, ""delta_unsatHbonds"": 22.0, ""hbonds_int"": 2.0, ""nres_int"": 68.0, ""packstat"": 0.6070289015769958, ""sc_value"": 0.6586999297142029}, ""C-D"": {""dG_dSASA_ratio"": -2.560940742492676, ""dG_separated"": -24.082212448120117, ""dSASA_int"": 940.3659057617188, ""delta_unsatHbonds"": 2.0, ""hbonds_int"": 4.0, ""nres_int"": 48.0, ""packstat"": 0.5531646609306335, ""sc_value"": 0.7267005443572998}}"
ova_body_c4_16_ms25_r01	AF3	12	7012	0	0	A-B,A-C,A-D,B-C,B-D,C-D	6	3	1	"{""A-B"": 28, ""A-C"": 67, ""A-D"": 39, ""B-C"": 37, ""B-D"": 66, ""C-D"": 28}"	A-D,B-C	A-B,A-C,B-D,C-D	0.22131192189521107	0.6161394119262695	0.0	-2.8877625465393066	3.529643544564389	0.6161394119262695	0.0	-2.4815921783447266	14.683165535627971	"{""A-B"": {""dG_dSASA_ratio"": -2.4815921783447266, ""dG_separated"": -24.507732391357422, ""dSASA_int"": 987.5809936523438, ""delta_unsatHbonds"": 2.0, ""hbonds_int"": 4.0, ""nres_int"": 48.0, ""packstat"": 0.603937566280365, ""sc_value"": 0.737098217010498}, ""A-C"": {""dG_dSASA_ratio"": -2.6774516105651855, ""dG_separated"": -45.60523223876953, ""dSASA_int"": 1703.3074951171875, ""delta_unsatHbonds"": 22.0, ""hbonds_int"": 4.0, ""nres_int"": 69.0, ""packstat"": 0.5473034381866455, ""sc_value"": 0.7178246974945068}, ""A-D"": {""dG_dSASA_ratio"": -2.9970626831054688, ""dG_separated"": -34.114723205566406, ""dSASA_int"": 1138.27197265625, ""delta_unsatHbonds"": 4.0, ""hbonds_int"": 0.0, ""nres_int"": 48.0, ""packstat"": 0.5140749216079712, ""sc_value"": 0.6291921138763428}, ""B-C"": {""dG_dSASA_ratio"": -2.8877625465393066, ""dG_separated"": -32.725830078125, ""dSASA_int"": 1133.2589111328125, ""delta_unsatHbonds"": 4.0, ""hbonds_int"": 0.0, ""nres_int"": 48.0, ""packstat"": 0.5130685567855835, ""sc_value"": 0.6161394119262695}, ""B-D"": {""dG_dSASA_ratio"": -2.601055860519409, ""dG_separated"": -44.28636169433594, ""dSASA_int"": 1702.630126953125, ""delta_unsatHbonds"": 25.0, ""hbonds_int"": 2.0, ""nres_int"": 71.0, ""packstat"": 0.4722144603729248, ""sc_value"": 0.6748716831207275}, ""C-D"": {""dG_dSASA_ratio"": -2.5529401302337646, ""dG_separated"": -24.113685607910156, ""dSASA_int"": 944.545654296875, ""delta_unsatHbonds"": 2.0, ""hbonds_int"": 4.0, ""nres_int"": 48.0, ""packstat"": 0.5612480044364929, ""sc_value"": 0.7335100173950195}}"
ova_body_c4_16_ms25_r01	AF3	13	7013	0	0	A-B,A-C,A-D,B-C,B-D,C-D	6	3	1	"{""A-B"": 26, ""A-C"": 68, ""A-D"": 38, ""B-C"": 37, ""B-D"": 66, ""C-D"": 27}"	A-D,B-C	A-B,A-C,B-D,C-D	0.21685720452492913	0.6470767259597778	0.0	-3.0307424068450928	3.6582648339021833	0.6183352470397949	0.0	-2.5109543800354004	13.847403735054867	"{""A-B"": {""dG_dSASA_ratio"": -2.858407974243164, ""dG_separated"": -27.94104766845703, ""dSASA_int"": 977.5038452148438, ""delta_unsatHbonds"": 2.0, ""hbonds_int"": 4.0, ""nres_int"": 47.0, ""packstat"": 0.6392266750335693, ""sc_value"": 0.7276321649551392}, ""A-C"": {""dG_dSASA_ratio"": -2.535919666290283, ""dG_separated"": -43.27632141113281, ""dSASA_int"": 1706.5335693359375, ""delta_unsatHbonds"": 19.0, ""hbonds_int"": 5.0, ""nres_int"": 65.0, ""packstat"": 0.5856108069419861, ""sc_value"": 0.7051346302032471}, ""A-D"": {""dG_dSASA_ratio"": -3.0802600383758545, ""dG_separated"": -33.68001174926758, ""dSASA_int"": 1093.41455078125, ""delta_unsatHbonds"": 4.0, ""hbonds_int"": 0.0, ""nres_int"": 48.0, ""packstat"": 0.5128275156021118, ""sc_value"": 0.6508383750915527}, ""B-C"": {""dG_dSASA_ratio"": -3.0307424068450928, ""dG_separated"": -33.81730651855469, ""dSASA_int"": 1115.8092041015625, ""delta_unsatHbonds"": 4.0, ""hbonds_int"": 0.0, ""nres_int"": 48.0, ""packstat"": 0.4974900186061859, ""sc_value"": 0.6470767259597778}, ""B-D"": {""dG_dSASA_ratio"": -2.5109543800354004, ""dG_separated"": -43.519283294677734, ""dSASA_int"": 1733.1768798828125, ""delta_unsatHbonds"": 24.0, ""hbonds_int"": 2.0, ""nres_int"": 67.0, ""packstat"": 0.6079248189926147, ""sc_value"": 0.6183352470397949}, ""C-D"": {""dG_dSASA_ratio"": -2.611909866333008, ""dG_separated"": -24.938514709472656, ""dSASA_int"": 954.7999877929688, ""delta_unsatHbonds"": 2.0, ""hbonds_int"": 4.0, ""nres_int"": 48.0, ""packstat"": 0.5820916295051575, ""sc_value"": 0.7220187187194824}}"
ova_body_c4_16_ms25_r01	AF3	14	7014	0	0	A-B,A-C,A-D,B-C,B-D,C-D	6	3	1	"{""A-B"": 25, ""A-C"": 67, ""A-D"": 37, ""B-C"": 38, ""B-D"": 66, ""C-D"": 28}"	A-D,B-C	A-B,A-C,B-D,C-D	0.22679362722987376	0.5803848505020142	0.0	-2.1658689975738525	9.905987003448825	0.5803848505020142	0.0	-2.1658689975738525	12.794121791628548	"{""A-B"": {""dG_dSASA_ratio"": -2.597479820251465, ""dG_separated"": -24.718650817871094, ""dSASA_int"": 951.6397705078125, ""delta_unsatHbonds"": 2.0, ""hbonds_int"": 4.0, ""nres_int"": 47.0, ""packstat"": 0.6172859072685242, ""sc_value"": 0.7524466514587402}, ""A-C"": {""dG_dSASA_ratio"": -2.6728806495666504, ""dG_separated"": -45.904579162597656, ""dSASA_int"": 1717.4197998046875, ""delta_unsatHbonds"": 18.0, ""hbonds_int"": 5.0, ""nres_int"": 68.0, ""packstat"": 0.5858616232872009, ""sc_value"": 0.715552806854248}, ""A-D"": {""dG_dSASA_ratio"": -2.1658689975738525, ""dG_separated"": -24.05066680908203, ""dSASA_int"": 1110.4395751953125, ""delta_unsatHbonds"": 11.0, ""hbonds_int"": 0.0, ""nres_int"": 48.0, ""packstat"": 0.5096468925476074, ""sc_value"": 0.5803848505020142}, ""B-C"": {""dG_dSASA_ratio"": -2.920103073120117, ""dG_separated"": -33.180084228515625, ""dSASA_int"": 1136.26416015625, ""delta_unsatHbonds"": 6.0, ""hbonds_int"": 0.0, ""nres_int"": 48.0, ""packstat"": 0.5477288961410522, ""sc_value"": 0.6243304014205933}, ""B-D"": {""dG_dSASA_ratio"": -2.5385117530822754, ""dG_separated"": -43.650718688964844, ""dSASA_int"": 1719.5396728515625, ""delta_unsatHbonds"": 22.0, ""hbonds_int"": 2.0, ""nres_int"": 67.0, ""packstat"": 0.5262176394462585, ""sc_value"": 0.6192361116409302}, ""C-D"": {""dG_dSASA_ratio"": -2.649855375289917, ""dG_separated"": -24.96917724609375, ""dSASA_int"": 942.2845458984375, ""delta_unsatHbonds"": 2.0, ""hbonds_int"": 4.0, ""nres_int"": 48.0, ""packstat"": 0.5439167618751526, ""sc_value"": 0.7336580157279968}}"
ova_body_c4_16_ms25_r01	AF3	15	7015	0	0	A-B,A-C,A-D,B-C,B-D,C-D	6	3	1	"{""A-B"": 29, ""A-C"": 66, ""A-D"": 37, ""B-C"": 38, ""B-D"": 70, ""C-D"": 28}"	A-D,B-C	A-B,A-C,B-D,C-D	0.2259814580466321	0.6051857471466064	0.0	-2.929821729660034	4.382069845443241	0.6051857471466064	0.0	-2.2628157138824463	10.151653822656414	"{""A-B"": {""dG_dSASA_ratio"": -2.5480127334594727, ""dG_separated"": -25.3942813873291, ""dSASA_int"": 996.630859375, ""delta_unsatHbonds"": 3.0, ""hbonds_int"": 4.0, ""nres_int"": 48.0, ""packstat"": 0.613947331905365, ""sc_value"": 0.7347334027290344}, ""A-C"": {""dG_dSASA_ratio"": -2.557101249694824, ""dG_separated"": -44.49079132080078, ""dSASA_int"": 1739.8917236328125, ""delta_unsatHbonds"": 16.0, ""hbonds_int"": 6.0, ""nres_int"": 66.0, ""packstat"": 0.549344539642334, ""sc_value"": 0.7189635038375854}, ""A-D"": {""dG_dSASA_ratio"": -2.929821729660034, ""dG_separated"": -33.234214782714844, ""dSASA_int"": 1134.342529296875, ""delta_unsatHbonds"": 4.0, ""hbonds_int"": 0.0, ""nres_int"": 48.0, ""packstat"": 0.540280282497406, ""sc_value"": 0.6051857471466064}, ""B-C"": {""dG_dSASA_ratio"": -2.9731874465942383, ""dG_separated"": -33.924461364746094, ""dSASA_int"": 1141.0133056640625, ""delta_unsatHbonds"": 5.0, ""hbonds_int"": 0.0, ""nres_int"": 48.0, ""packstat"": 0.5243003368377686, ""sc_value"": 0.6612322330474854}, ""B-D"": {""dG_dSASA_ratio"": -2.2628157138824463, ""dG_separated"": -40.122215270996094, ""dSASA_int"": 1773.110107421875, ""delta_unsatHbonds"": 18.0, ""hbonds_int"": 5.0, ""nres_int"": 66.0, ""packstat"": 0.5480482578277588, ""sc_value"": 0.6567775011062622}, ""C-D"": {""dG_dSASA_ratio"": -2.5309033393859863, ""dG_separated"": -24.395721435546875, ""dSASA_int"": 963.9135131835938, ""delta_unsatHbonds"": 2.0, ""hbonds_int"": 4.0, ""nres_int"": 48.0, ""packstat"": 0.6072136163711548, ""sc_value"": 0.7208608984947205}}"
ova_body_c4_16_ms25_r01	AF3	16	7016	0	0	A-B,A-C,A-D,B-C,B-D,C-D	6	3	1	"{""A-B"": 27, ""A-C"": 61, ""A-D"": 40, ""B-C"": 37, ""B-D"": 67, ""C-D"": 27}"	A-D,B-C	A-B,A-C,B-D,C-D	0.2491211307370248	0.6525227427482605	0.0	-2.820683002471924	4.417041628137072	0.6525227427482605	0.0	-2.45463490486145	9.446439999769375	"{""A-B"": {""dG_dSASA_ratio"": -2.45463490486145, ""dG_separated"": -24.39043426513672, ""dSASA_int"": 993.648193359375, ""delta_unsatHbonds"": 2.0, ""hbonds_int"": 4.0, ""nres_int"": 50.0, ""packstat"": 0.6727871894836426, ""sc_value"": 0.7121225595474243}, ""A-C"": {""dG_dSASA_ratio"": -2.8052732944488525, ""dG_separated"": -47.85896301269531, ""dSASA_int"": 1706.0357666015625, ""delta_unsatHbonds"": 14.0, ""hbonds_int"": 7.0, ""nres_int"": 63.0, ""packstat"": 0.5974974632263184, ""sc_value"": 0.7412266731262207}, ""A-D"": {""dG_dSASA_ratio"": -2.820683002471924, ""dG_separated"": -33.09102249145508, ""dSASA_int"": 1173.1563720703125, ""delta_unsatHbonds"": 5.0, ""hbonds_int"": 1.0, ""nres_int"": 48.0, ""packstat"": 0.5732356905937195, ""sc_value"": 0.6603825092315674}, ""B-C"": {""dG_dSASA_ratio"": -3.017930269241333, ""dG_separated"": -34.162349700927734, ""dSASA_int"": 1131.9793701171875, ""delta_unsatHbonds"": 5.0, ""hbonds_int"": 0.0, ""nres_int"": 48.0, ""packstat"": 0.47749194502830505, ""sc_value"": 0.6525227427482605}, ""B-D"": {""dG_dSASA_ratio"": -2.64329195022583, ""dG_separated"": -44.77101516723633, ""dSASA_int"": 1693.759765625, ""delta_unsatHbonds"": 16.0, ""hbonds_int"": 5.0, ""nres_int"": 68.0, ""packstat"": 0.5515936613082886, ""sc_value"": 0.7022566199302673}, ""C-D"": {""dG_dSASA_ratio"": -2.6186392307281494, ""dG_separated"": -25.03993034362793, ""dSASA_int"": 956.2191772460938, ""delta_unsatHbonds"": 2.0, ""hbonds_int"": 4.0, ""nres_int"": 48.0, ""packstat"": 0.5962217450141907, ""sc_value"": 0.7118972539901733}}"
ova_body_c4_16_ms25_r01	AF3	17	7017	0	0	A-B,A-C,A-D,B-C,B-D,C-D	6	3	1	"{""A-B"": 26, ""A-C"": 68, ""A-D"": 38, ""B-C"": 38, ""B-D"": 67, ""C-D"": 27}"	A-D,B-C	A-B,A-C,B-D,C-D	0.21732316587866143	0.6271191835403442	0.0	-2.998767852783203	3.5601486727125162	0.6271191835403442	0.0	-2.2544076442718506	13.646422112743046	"{""A-B"": {""dG_dSASA_ratio"": -2.2544076442718506, ""dG_separated"": -20.73470115661621, ""dSASA_int"": 919.7405395507812, ""delta_unsatHbonds"": 3.0, ""hbonds_int"": 4.0, ""nres_int"": 46.0, ""packstat"": 0.6329152584075928, ""sc_value"": 0.7233874797821045}, ""A-C"": {""dG_dSASA_ratio"": -2.685255289077759, ""dG_separated"": -46.20447540283203, ""dSASA_int"": 1720.6734619140625, ""delta_unsatHbonds"": 22.0, ""hbonds_int"": 4.0, ""nres_int"": 67.0, ""packstat"": 0.6110106706619263, ""sc_value"": 0.7135387659072876}, ""A-D"": {""dG_dSASA_ratio"": -3.033055067062378, ""dG_separated"": -34.07784652709961, ""dSASA_int"": 1123.548583984375, ""delta_unsatHbonds"": 4.0, ""hbonds_int"": 0.0, ""nres_int"": 48.0, ""packstat"": 0.5483530163764954, ""sc_value"": 0.6271191835403442}, ""B-C"": {""dG_dSASA_ratio"": -2.998767852783203, ""dG_separated"": -34.090087890625, ""dSASA_int"": 1136.80322265625, ""delta_unsatHbonds"": 4.0, ""hbonds_int"": 0.0, ""nres_int"": 48.0, ""packstat"": 0.500242292881012, ""sc_value"": 0.6589564681053162}, ""B-D"": {""dG_dSASA_ratio"": -2.5978517532348633, ""dG_separated"": -43.7848014831543, ""dSASA_int"": 1685.4234619140625, ""delta_unsatHbonds"": 23.0, ""hbonds_int"": 2.0, ""nres_int"": 67.0, ""packstat"": 0.5948711037635803, ""sc_value"": 0.6534738540649414}, ""C-D"": {""dG_dSASA_ratio"": -2.5289058685302734, ""dG_separated"": -23.916711807250977, ""dSASA_int"": 945.7335205078125, ""delta_unsatHbonds"": 2.0, ""hbonds_int"": 4.0, ""nres_int"": 48.0, ""packstat"": 0.6671814322471619, ""sc_value"": 0.7539539337158203}}"
ova_body_c4_16_ms25_r01	AF3	18	7018	0	0	A-B,A-C,A-D,B-C,B-D,C-D	6	3	1	"{""A-B"": 26, ""A-C"": 66, ""A-D"": 36, ""B-C"": 37, ""B-D"": 62, ""C-D"": 27}"	A-D,B-C	A-B,A-C,B-D,C-D	0.21372732116239535	0.5923091769218445	0.0	-2.399928569793701	3.6395665130558124	0.5923091769218445	0.0	-2.1755149364471436	14.268845758311844	"{""A-B"": {""dG_dSASA_ratio"": -2.1755149364471436, ""dG_separated"": -21.56149673461914, ""dSASA_int"": 991.0985717773438, ""delta_unsatHbonds"": 3.0, ""hbonds_int"": 4.0, ""nres_int"": 48.0, ""packstat"": 0.625359058380127, ""sc_value"": 0.7256501913070679}, ""A-C"": {""dG_dSASA_ratio"": -2.724252223968506, ""dG_separated"": -46.75991439819336, ""dSASA_int"": 1716.43115234375, ""delta_unsatHbonds"": 21.0, ""hbonds_int"": 5.0, ""nres_int"": 66.0, ""packstat"": 0.5550382137298584, ""sc_value"": 0.6955543756484985}, ""A-D"": {""dG_dSASA_ratio"": -2.399928569793701, ""dG_separated"": -28.22651481628418, ""dSASA_int"": 1176.1397705078125, ""delta_unsatHbonds"": 3.0, ""hbonds_int"": 0.0, ""nres_int"": 48.0, ""packstat"": 0.5722063183784485, ""sc_value"": 0.5923091769218445}, ""B-C"": {""dG_dSASA_ratio"": -2.8409528732299805, ""dG_separated"": -31.22298240661621, ""dSASA_int"": 1099.031982421875, ""delta_unsatHbonds"": 4.0, ""hbonds_int"": 0.0, ""nres_int"": 48.0, ""packstat"": 0.5114409923553467, ""sc_value"": 0.6619462966918945}, ""B-D"": {""dG_dSASA_ratio"": -2.7087371349334717, ""dG_separated"": -45.560585021972656, ""dSASA_int"": 1681.986083984375, ""delta_unsatHbonds"": 24.0, ""hbonds_int"": 2.0, ""nres_int"": 67.0, ""packstat"": 0.5379678010940552, ""sc_value"": 0.69057297706604}, ""C-D"": {""dG_dSASA_ratio"": -2.6371281147003174, ""dG_separated"": -24.254539489746094, ""dSASA_int"": 919.7330932617188, ""delta_unsatHbonds"": 2.0, ""hbonds_int"": 4.0, ""nres_int"": 47.0, ""packstat"": 0.5988795161247253, ""sc_value"": 0.7306075096130371}}"
ova_body_c4_16_ms25_r01	AF3	19	7019	0	0	A-B,A-C,A-D,B-C,B-D,C-D	6	3	1	"{""A-B"": 29, ""A-C"": 67, ""A-D"": 38, ""B-C"": 38, ""B-D"": 67, ""C-D"": 28}"	A-D,B-C	A-B,A-C,B-D,C-D	0.2024157938536468	0.6358068585395813	0.0	-2.984363317489624	4.471621090374671	0.6358068585395813	0.0	-2.534625768661499	14.468967350224109	"{""A-B"": {""dG_dSASA_ratio"": -2.534625768661499, ""dG_separated"": -25.368072509765625, ""dSASA_int"": 1000.8606567382812, ""delta_unsatHbonds"": 4.0, ""hbonds_int"": 4.0, ""nres_int"": 49.0, ""packstat"": 0.5979471802711487, ""sc_value"": 0.7386836409568787}, ""A-C"": {""dG_dSASA_ratio"": -2.6845967769622803, ""dG_separated"": -45.83141326904297, ""dSASA_int"": 1707.1990966796875, ""delta_unsatHbonds"": 17.0, ""hbonds_int"": 3.0, ""nres_int"": 67.0, ""packstat"": 0.5713219046592712, ""sc_value"": 0.6940456032752991}, ""A-D"": {""dG_dSASA_ratio"": -3.0206830501556396, ""dG_separated"": -33.77614974975586, ""dSASA_int"": 1118.1627197265625, ""delta_unsatHbonds"": 5.0, ""hbonds_int"": 0.0, ""nres_int"": 48.0, ""packstat"": 0.5033208131790161, ""sc_value"": 0.6358068585395813}, ""B-C"": {""dG_dSASA_ratio"": -2.984363317489624, ""dG_separated"": -34.160465240478516, ""dSASA_int"": 1144.6483154296875, ""delta_unsatHbonds"": 4.0, ""hbonds_int"": 0.0, ""nres_int"": 48.0, ""packstat"": 0.5017678737640381, ""sc_value"": 0.662033200263977}, ""B-D"": {""dG_dSASA_ratio"": -2.5817816257476807, ""dG_separated"": -44.60894775390625, ""dSASA_int"": 1727.8358154296875, ""delta_unsatHbonds"": 25.0, ""hbonds_int"": 2.0, ""nres_int"": 66.0, ""packstat"": 0.5984283089637756, ""sc_value"": 0.6766737699508667}, ""C-D"": {""dG_dSASA_ratio"": -2.5513038635253906, ""dG_separated"": -24.17586898803711, ""dSASA_int"": 947.5887451171875, ""delta_unsatHbonds"": 2.0, ""hbonds_int"": 4.0, ""nres_int"": 48.0, ""packstat"": 0.6647725701332092, ""sc_value"": 0.732902467250824}}"
ova_body_c4_16_ms25_r01	AF3	20	7020	0	0	A-B,A-C,A-D,B-C,B-D,C-D	6	3	1	"{""A-B"": 28, ""A-C"": 67, ""A-D"": 39, ""B-C"": 37, ""B-D"": 66, ""C-D"": 28}"	A-D,B-C	A-B,A-C,B-D,C-D	0.22131192189521107	0.6161394119262695	0.0	-2.856710195541382	5.294465316846583	0.6161394119262695	0.0	-2.4815921783447266	14.683165535627971	"{""A-B"": {""dG_dSASA_ratio"": -2.4815921783447266, ""dG_separated"": -24.507732391357422, ""dSASA_int"": 987.5809936523438, ""delta_unsatHbonds"": 2.0, ""hbonds_int"": 4.0, ""nres_int"": 48.0, ""packstat"": 0.5733708739280701, ""sc_value"": 0.737098217010498}, ""A-C"": {""dG_dSASA_ratio"": -2.6774516105651855, ""dG_separated"": -45.60523223876953, ""dSASA_int"": 1703.3074951171875, ""delta_unsatHbonds"": 22.0, ""hbonds_int"": 4.0, ""nres_int"": 69.0, ""packstat"": 0.5561127066612244, ""sc_value"": 0.7178246974945068}, ""A-D"": {""dG_dSASA_ratio"": -2.9970626831054688, ""dG_separated"": -34.114723205566406, ""dSASA_int"": 1138.27197265625, ""delta_unsatHbonds"": 4.0, ""hbonds_int"": 0.0, ""nres_int"": 48.0, ""packstat"": 0.4994073212146759, ""sc_value"": 0.6291921138763428}, ""B-C"": {""dG_dSASA_ratio"": -2.856710195541382, ""dG_separated"": -32.373924255371094, ""dSASA_int"": 1133.2589111328125, ""delta_unsatHbonds"": 6.0, ""hbonds_int"": 0.0, ""nres_int"": 48.0, ""packstat"": 0.46805575489997864, ""sc_value"": 0.6161394119262695}, ""B-D"": {""dG_dSASA_ratio"": -2.601055860519409, ""dG_separated"": -44.28636169433594, ""dSASA_int"": 1702.630126953125, ""delta_unsatHbonds"": 25.0, ""hbonds_int"": 2.0, ""nres_int"": 71.0, ""packstat"": 0.5079822540283203, ""sc_value"": 0.6748716831207275}, ""C-D"": {""dG_dSASA_ratio"": -2.5529401302337646, ""dG_separated"": -24.113685607910156, ""dSASA_int"": 944.545654296875, ""delta_unsatHbonds"": 2.0, ""hbonds_int"": 4.0, ""nres_int"": 48.0, ""packstat"": 0.551008939743042, ""sc_value"": 0.7335100173950195}}"
ova_body_c4_16_ms25_r01	AF3	21	7021	0	0	A-B,A-C,A-D,B-C,B-D,C-D	6	3	1	"{""A-B"": 26, ""A-C"": 68, ""A-D"": 37, ""B-C"": 38, ""B-D"": 67, ""C-D"": 28}"	A-D,B-C	A-B,A-C,B-D,C-D	0.2168442764963223	0.6208844184875488	0.0	-2.9882054328918457	3.6213440924503684	0.6208844184875488	0.0	-2.2934939861297607	13.33907251761401	"{""A-B"": {""dG_dSASA_ratio"": -2.2934939861297607, ""dG_separated"": -21.45737648010254, ""dSASA_int"": 935.5758666992188, ""delta_unsatHbonds"": 1.0, ""hbonds_int"": 5.0, ""nres_int"": 47.0, ""packstat"": 0.5950114130973816, ""sc_value"": 0.7209714651107788}, ""A-C"": {""dG_dSASA_ratio"": -2.695274829864502, ""dG_separated"": -45.8951530456543, ""dSASA_int"": 1702.8006591796875, ""delta_unsatHbonds"": 17.0, ""hbonds_int"": 4.0, ""nres_int"": 66.0, ""packstat"": 0.600650429725647, ""sc_value"": 0.712801456451416}, ""A-D"": {""dG_dSASA_ratio"": -3.0832033157348633, ""dG_separated"": -34.0558967590332, ""dSASA_int"": 1104.562255859375, ""delta_unsatHbonds"": 4.0, ""hbonds_int"": 0.0, ""nres_int"": 48.0, ""packstat"": 0.4977125823497772, ""sc_value"": 0.6208844184875488}, ""B-C"": {""dG_dSASA_ratio"": -2.9882054328918457, ""dG_separated"": -33.97182846069336, ""dSASA_int"": 1136.8638916015625, ""delta_unsatHbonds"": 4.0, ""hbonds_int"": 0.0, ""nres_int"": 48.0, ""packstat"": 0.58383709192276, ""sc_value"": 0.6623445749282837}, ""B-D"": {""dG_dSASA_ratio"": -2.605787515640259, ""dG_separated"": -44.93049621582031, ""dSASA_int"": 1724.2578125, ""delta_unsatHbonds"": 23.0, ""hbonds_int"": 3.0, ""nres_int"": 67.0, ""packstat"": 0.6055606603622437, ""sc_value"": 0.6914531588554382}, ""C-D"": {""dG_dSASA_ratio"": -2.62469482421875, ""dG_separated"": -25.01980209350586, ""dSASA_int"": 953.2461547851562, ""delta_unsatHbonds"": 2.0, ""hbonds_int"": 4.0, ""nres_int"": 48.0, ""packstat"": 0.5053197145462036, ""sc_value"": 0.7338155508041382}}"
ova_body_c4_16_ms25_r01	AF3	22	7022	0	0	A-B,A-C,A-D,B-C,B-D,C-D	6	3	1	"{""A-B"": 28, ""A-C"": 67, ""A-D"": 38, ""B-C"": 38, ""B-D"": 63, ""C-D"": 28}"	A-D,B-C	A-B,A-C,B-D,C-D	0.2218633091648892	0.6539419889450073	0.0	-3.008451461791992	4.411731759815672	0.6539419889450073	0.0	-2.560621738433838	12.998859469522419	"{""A-B"": {""dG_dSASA_ratio"": -2.5652801990509033, ""dG_separated"": -25.129240036010742, ""dSASA_int"": 979.5904541015625, ""delta_unsatHbonds"": 4.0, ""hbonds_int"": 4.0, ""nres_int"": 48.0, ""packstat"": 0.612224817276001, ""sc_value"": 0.7319803833961487}, ""A-C"": {""dG_dSASA_ratio"": -2.6594605445861816, ""dG_separated"": -46.17134475708008, ""dSASA_int"": 1736.116943359375, ""delta_unsatHbonds"": 22.0, ""hbonds_int"": 4.0, ""nres_int"": 68.0, ""packstat"": 0.6005823016166687, ""sc_value"": 0.7084953188896179}, ""A-D"": {""dG_dSASA_ratio"": -3.239940881729126, ""dG_separated"": -36.63901901245117, ""dSASA_int"": 1130.8546142578125, ""delta_unsatHbonds"": 4.0, ""hbonds_int"": 1.0, ""nres_int"": 49.0, ""packstat"": 0.482620507478714, ""sc_value"": 0.6792194247245789}, ""B-C"": {""dG_dSASA_ratio"": -3.008451461791992, ""dG_separated"": -34.096038818359375, ""dSASA_int"": 1133.341796875, ""delta_unsatHbonds"": 5.0, ""hbonds_int"": 0.0, ""nres_int"": 48.0, ""packstat"": 0.5092417597770691, ""sc_value"": 0.6539419889450073}, ""B-D"": {""dG_dSASA_ratio"": -2.694817066192627, ""dG_separated"": -45.60859680175781, ""dSASA_int"": 1692.4561767578125, ""delta_unsatHbonds"": 22.0, ""hbonds_int"": 3.0, ""nres_int"": 66.0, ""packstat"": 0.6629358530044556, ""sc_value"": 0.6943385004997253}, ""C-D"": {""dG_dSASA_ratio"": -2.560621738433838, ""dG_separated"": -24.359859466552734, ""dSASA_int"": 951.325927734375, ""delta_unsatHbonds"": 2.0, ""hbonds_int"": 4.0, ""nres_int"": 48.0, ""packstat"": 0.5565392374992371, ""sc_value"": 0.7250980734825134}}"
ova_body_c4_16_ms25_r01	AF3	23	7023	0	0	A-B,A-C,A-D,B-C,B-D,C-D	6	3	1	"{""A-B"": 26, ""A-C"": 68, ""A-D"": 38, ""B-C"": 37, ""B-D"": 65, ""C-D"": 28}"	A-D,B-C	A-B,A-C,B-D,C-D	0.20960828087051775	0.5948086977005005	0.0	-2.55531907081604	4.298990597847273	0.5948086977005005	0.0	-2.5430240631103516	17.110493294073514	"{""A-B"": {""dG_dSASA_ratio"": -2.54649019241333, ""dG_separated"": -25.090730667114258, ""dSASA_int"": 985.306396484375, ""delta_unsatHbonds"": 2.0, ""hbonds_int"": 4.0, ""nres_int"": 48.0, ""packstat"": 0.5824679136276245, ""sc_value"": 0.7342000007629395}, ""A-C"": {""dG_dSASA_ratio"": -2.7409119606018066, ""dG_separated"": -47.0174674987793, ""dSASA_int"": 1715.3951416015625, ""delta_unsatHbonds"": 19.0, ""hbonds_int"": 4.0, ""nres_int"": 66.0, ""packstat"": 0.5936295390129089, ""sc_value"": 0.72660231590271}, ""A-D"": {""dG_dSASA_ratio"": -2.55531907081604, ""dG_separated"": -29.719987869262695, ""dSASA_int"": 1163.063720703125, ""delta_unsatHbonds"": 5.0, ""hbonds_int"": 0.0, ""nres_int"": 48.0, ""packstat"": 0.5571139454841614, ""sc_value"": 0.5948086977005005}, ""B-C"": {""dG_dSASA_ratio"": -3.0094075202941895, ""dG_separated"": -34.048240661621094, ""dSASA_int"": 1131.3935546875, ""delta_unsatHbonds"": 4.0, ""hbonds_int"": 0.0, ""nres_int"": 48.0, ""packstat"": 0.6066008806228638, ""sc_value"": 0.6430000066757202}, ""B-D"": {""dG_dSASA_ratio"": -2.5430240631103516, ""dG_separated"": -44.58709716796875, ""dSASA_int"": 1753.31005859375, ""delta_unsatHbonds"": 30.0, ""hbonds_int"": 2.0, ""nres_int"": 69.0, ""packstat"": 0.5593414902687073, ""sc_value"": 0.6557464599609375}, ""C-D"": {""dG_dSASA_ratio"": -2.56412672996521, ""dG_separated"": -24.183565139770508, ""dSASA_int"": 943.150146484375, ""delta_unsatHbonds"": 2.0, ""hbonds_int"": 4.0, ""nres_int"": 48.0, ""packstat"": 0.5668624043464661, ""sc_value"": 0.7312387228012085}}"
ova_body_c4_16_ms25_r01	AF3	24	7024	0	0	A-B,A-C,A-D,B-C,B-D,C-D	6	3	1	"{""A-B"": 28, ""A-C"": 62, ""A-D"": 38, ""B-C"": 37, ""B-D"": 69, ""C-D"": 26}"	A-D,B-C	A-B,A-C,B-D,C-D	0.208164294865553	0.5765143632888794	0.0	-2.667133092880249	4.3459494605123385	0.5765143632888794	0.0	-2.5491020679473877	13.295830608001843	"{""A-B"": {""dG_dSASA_ratio"": -2.5491020679473877, ""dG_separated"": -25.249595642089844, ""dSASA_int"": 990.5289916992188, ""delta_unsatHbonds"": 4.0, ""hbonds_int"": 4.0, ""nres_int"": 48.0, ""packstat"": 0.540704607963562, ""sc_value"": 0.737982451915741}, ""A-C"": {""dG_dSASA_ratio"": -2.813110828399658, ""dG_separated"": -46.732933044433594, ""dSASA_int"": 1661.2545166015625, ""delta_unsatHbonds"": 21.0, ""hbonds_int"": 3.0, ""nres_int"": 65.0, ""packstat"": 0.535556972026825, ""sc_value"": 0.7110375761985779}, ""A-D"": {""dG_dSASA_ratio"": -2.667133092880249, ""dG_separated"": -30.68527603149414, ""dSASA_int"": 1150.49658203125, ""delta_unsatHbonds"": 5.0, ""hbonds_int"": 0.0, ""nres_int"": 48.0, ""packstat"": 0.48830655217170715, ""sc_value"": 0.5765143632888794}, ""B-C"": {""dG_dSASA_ratio"": -2.8579630851745605, ""dG_separated"": -31.420583724975586, ""dSASA_int"": 1099.40478515625, ""delta_unsatHbonds"": 3.0, ""hbonds_int"": 0.0, ""nres_int"": 47.0, ""packstat"": 0.44850239157676697, ""sc_value"": 0.648682713508606}, ""B-D"": {""dG_dSASA_ratio"": -2.602206230163574, ""dG_separated"": -45.014671325683594, ""dSASA_int"": 1729.8656005859375, ""delta_unsatHbonds"": 23.0, ""hbonds_int"": 2.0, ""nres_int"": 68.0, ""packstat"": 0.5617021322250366, ""sc_value"": 0.6708999872207642}, ""C-D"": {""dG_dSASA_ratio"": -2.5541718006134033, ""dG_separated"": -24.099287033081055, ""dSASA_int"": 943.5264892578125, ""delta_unsatHbonds"": 2.0, ""hbonds_int"": 4.0, ""nres_int"": 48.0, ""packstat"": 0.6159958243370056, ""sc_value"": 0.7235594987869263}}"
ova_body_c4_16_ms25_r01	AF3	25	7025	0	0	A-B,A-C,A-D,B-C,B-D,C-D	6	3	1	"{""A-B"": 29, ""A-C"": 67, ""A-D"": 39, ""B-C"": 38, ""B-D"": 67, ""C-D"": 27}"	A-D,B-C	A-B,A-C,B-D,C-D	0.21320709757268658	0.6234853267669678	0.0	-3.0235533714294434	3.5790660896267266	0.6234853267669678	0.0	-2.5343475341796875	11.208961638573209	"{""A-B"": {""dG_dSASA_ratio"": -2.780622959136963, ""dG_separated"": -27.779556274414062, ""dSASA_int"": 999.040771484375, ""delta_unsatHbonds"": 1.0, ""hbonds_int"": 4.0, ""nres_int"": 48.0, ""packstat"": 0.48449498414993286, ""sc_value"": 0.7390277981758118}, ""A-C"": {""dG_dSASA_ratio"": -2.6302850246429443, ""dG_separated"": -45.159515380859375, ""dSASA_int"": 1716.90576171875, ""delta_unsatHbonds"": 18.0, ""hbonds_int"": 6.0, ""nres_int"": 67.0, ""packstat"": 0.6085909008979797, ""sc_value"": 0.7224853038787842}, ""A-D"": {""dG_dSASA_ratio"": -3.0695078372955322, ""dG_separated"": -35.04735565185547, ""dSASA_int"": 1141.7906494140625, ""delta_unsatHbonds"": 4.0, ""hbonds_int"": 0.0, ""nres_int"": 48.0, ""packstat"": 0.4929334819316864, ""sc_value"": 0.6234853267669678}, ""B-C"": {""dG_dSASA_ratio"": -3.0235533714294434, ""dG_separated"": -33.791534423828125, ""dSASA_int"": 1117.6099853515625, ""delta_unsatHbonds"": 4.0, ""hbonds_int"": 0.0, ""nres_int"": 48.0, ""packstat"": 0.5925193428993225, ""sc_value"": 0.6472949981689453}, ""B-D"": {""dG_dSASA_ratio"": -2.5343475341796875, ""dG_separated"": -42.959022521972656, ""dSASA_int"": 1695.072265625, ""delta_unsatHbonds"": 19.0, ""hbonds_int"": 4.0, ""nres_int"": 70.0, ""packstat"": 0.5764762759208679, ""sc_value"": 0.6788140535354614}, ""C-D"": {""dG_dSASA_ratio"": -2.635094404220581, ""dG_separated"": -24.790611267089844, ""dSASA_int"": 940.7864379882812, ""delta_unsatHbonds"": 2.0, ""hbonds_int"": 4.0, ""nres_int"": 48.0, ""packstat"": 0.5330508351325989, ""sc_value"": 0.7328007817268372}}"
ova_body_c4_16_ms25_r01	AF3	26	7026	0	0	A-B,A-C,A-D,B-C,B-D,C-D	6	3	1	"{""A-B"": 28, ""A-C"": 64, ""A-D"": 38, ""B-C"": 41, ""B-D"": 68, ""C-D"": 26}"	A-D,B-C	A-B,A-C,B-D,C-D	0.22713555490775664	0.632182776927948	0.0	-3.157256603240967	4.3861781417982	0.632182776927948	0.0	-2.5274486541748047	14.45389609427215	"{""A-B"": {""dG_dSASA_ratio"": -2.614022970199585, ""dG_separated"": -25.9650936126709, ""dSASA_int"": 993.3001098632812, ""delta_unsatHbonds"": 6.0, ""hbonds_int"": 4.0, ""nres_int"": 48.0, ""packstat"": 0.599564254283905, ""sc_value"": 0.738516628742218}, ""A-C"": {""dG_dSASA_ratio"": -2.723755121231079, ""dG_separated"": -45.871002197265625, ""dSASA_int"": 1684.10888671875, ""delta_unsatHbonds"": 21.0, ""hbonds_int"": 4.0, ""nres_int"": 64.0, ""packstat"": 0.6179097890853882, ""sc_value"": 0.7228996753692627}, ""A-D"": {""dG_dSASA_ratio"": -3.157256603240967, ""dG_separated"": -35.21715545654297, ""dSASA_int"": 1115.435302734375, ""delta_unsatHbonds"": 4.0, ""hbonds_int"": 0.0, ""nres_int"": 48.0, ""packstat"": 0.5456839799880981, ""sc_value"": 0.632182776927948}, ""B-C"": {""dG_dSASA_ratio"": -3.2087113857269287, ""dG_separated"": -36.57752990722656, ""dSASA_int"": 1139.944580078125, ""delta_unsatHbonds"": 5.0, ""hbonds_int"": 1.0, ""nres_int"": 49.0, ""packstat"": 0.504948079586029, ""sc_value"": 0.6989938020706177}, ""B-D"": {""dG_dSASA_ratio"": -2.5274486541748047, ""dG_separated"": -43.7156982421875, ""dSASA_int"": 1729.637451171875, ""delta_unsatHbonds"": 25.0, ""hbonds_int"": 2.0, ""nres_int"": 68.0, ""packstat"": 0.5837281346321106, ""sc_value"": 0.6433700919151306}, ""C-D"": {""dG_dSASA_ratio"": -2.6894359588623047, ""dG_separated"": -25.57775115966797, ""dSASA_int"": 951.045166015625, ""delta_unsatHbonds"": 4.0, ""hbonds_int"": 4.0, ""nres_int"": 48.0, ""packstat"": 0.5336263179779053, ""sc_value"": 0.7289780378341675}}"
ova_body_c4_16_ms25_r01	AF3	27	7027	0	0	A-B,A-C,A-D,B-C,B-D,C-D	6	3	1	"{""A-B"": 26, ""A-C"": 68, ""A-D"": 39, ""B-C"": 37, ""B-D"": 68, ""C-D"": 28}"	A-D,B-C	A-B,A-C,B-D,C-D	0.22363736488789357	0.6174083948135376	0.0	-2.83432674407959	5.139207251769399	0.6174083948135376	0.0	-2.3664941787719727	12.873610904853614	"{""A-B"": {""dG_dSASA_ratio"": -2.3664941787719727, ""dG_separated"": -21.943401336669922, ""dSASA_int"": 927.2535400390625, ""delta_unsatHbonds"": 5.0, ""hbonds_int"": 5.0, ""nres_int"": 47.0, ""packstat"": 0.5358638763427734, ""sc_value"": 0.738772988319397}, ""A-C"": {""dG_dSASA_ratio"": -2.65273380279541, ""dG_separated"": -45.937225341796875, ""dSASA_int"": 1731.69384765625, ""delta_unsatHbonds"": 22.0, ""hbonds_int"": 4.0, ""nres_int"": 65.0, ""packstat"": 0.594042956829071, ""sc_value"": 0.7109879851341248}, ""A-D"": {""dG_dSASA_ratio"": -3.02195143699646, ""dG_separated"": -34.04353713989258, ""dSASA_int"": 1126.54150390625, ""delta_unsatHbonds"": 4.0, ""hbonds_int"": 0.0, ""nres_int"": 48.0, ""packstat"": 0.538327157497406, ""sc_value"": 0.6330128908157349}, ""B-C"": {""dG_dSASA_ratio"": -2.83432674407959, ""dG_separated"": -33.09062957763672, ""dSASA_int"": 1167.4952392578125, ""delta_unsatHbonds"": 6.0, ""hbonds_int"": 0.0, ""nres_int"": 48.0, ""packstat"": 0.5284619331359863, ""sc_value"": 0.6174083948135376}, ""B-D"": {""dG_dSASA_ratio"": -2.636603355407715, ""dG_separated"": -45.05750274658203, ""dSASA_int"": 1708.9222412109375, ""delta_unsatHbonds"": 22.0, ""hbonds_int"": 2.0, ""nres_int"": 67.0, ""packstat"": 0.5830849409103394, ""sc_value"": 0.6774821281433105}, ""C-D"": {""dG_dSASA_ratio"": -2.567606210708618, ""dG_separated"": -24.1971492767334, ""dSASA_int"": 942.4010620117188, ""delta_unsatHbonds"": 2.0, ""hbonds_int"": 4.0, ""nres_int"": 48.0, ""packstat"": 0.5957382321357727, ""sc_value"": 0.7347173690795898}}"
ova_body_c4_16_ms25_r01	AF3	28	7028	0	0	A-B,A-C,A-D,B-C,B-D,C-D	6	3	1	"{""A-B"": 27, ""A-C"": 68, ""A-D"": 37, ""B-C"": 39, ""B-D"": 63, ""C-D"": 26}"	A-D,B-C	A-B,A-C,B-D,C-D	0.2399205287420869	0.6020212173461914	0.0	-2.837681531906128	4.512942647947063	0.6020212173461914	0.0	-2.1037185192108154	15.495434567960874	"{""A-B"": {""dG_dSASA_ratio"": -2.1037185192108154, ""dG_separated"": -20.544374465942383, ""dSASA_int"": 976.5742797851562, ""delta_unsatHbonds"": 3.0, ""hbonds_int"": 5.0, ""nres_int"": 46.0, ""packstat"": 0.656337559223175, ""sc_value"": 0.7163503170013428}, ""A-C"": {""dG_dSASA_ratio"": -2.654301404953003, ""dG_separated"": -45.804813385009766, ""dSASA_int"": 1725.6824951171875, ""delta_unsatHbonds"": 20.0, ""hbonds_int"": 6.0, ""nres_int"": 65.0, ""packstat"": 0.5841138958930969, ""sc_value"": 0.7037006616592407}, ""A-D"": {""dG_dSASA_ratio"": -2.837681531906128, ""dG_separated"": -31.43937110900879, ""dSASA_int"": 1107.924560546875, ""delta_unsatHbonds"": 5.0, ""hbonds_int"": 0.0, ""nres_int"": 47.0, ""packstat"": 0.5610584020614624, ""sc_value"": 0.6020212173461914}, ""B-C"": {""dG_dSASA_ratio"": -3.0153939723968506, ""dG_separated"": -33.733367919921875, ""dSASA_int"": 1118.7052001953125, ""delta_unsatHbonds"": 4.0, ""hbonds_int"": 0.0, ""nres_int"": 48.0, ""packstat"": 0.5171864032745361, ""sc_value"": 0.6549139022827148}, ""B-D"": {""dG_dSASA_ratio"": -2.6685919761657715, ""dG_separated"": -44.77666473388672, ""dSASA_int"": 1677.91357421875, ""delta_unsatHbonds"": 26.0, ""hbonds_int"": 2.0, ""nres_int"": 66.0, ""packstat"": 0.6614019870758057, ""sc_value"": 0.6622008085250854}, ""C-D"": {""dG_dSASA_ratio"": -2.7046921253204346, ""dG_separated"": -24.704517364501953, ""dSASA_int"": 913.394775390625, ""delta_unsatHbonds"": 4.0, ""hbonds_int"": 4.0, ""nres_int"": 47.0, ""packstat"": 0.5805653929710388, ""sc_value"": 0.7244877815246582}}"
ova_body_c4_16_ms25_r01	AF3	29	7029	0	0	A-B,A-C,A-D,B-C,B-D,C-D	6	3	1	"{""A-B"": 29, ""A-C"": 64, ""A-D"": 39, ""B-C"": 40, ""B-D"": 68, ""C-D"": 27}"	A-D,B-C	A-B,A-C,B-D,C-D	0.22510106653536227	0.6293871402740479	0.0	-3.030282974243164	4.351334572160552	0.6293871402740479	0.0	-2.4487874507904053	12.76156936770171	"{""A-B"": {""dG_dSASA_ratio"": -2.4487874507904053, ""dG_separated"": -24.40062141418457, ""dSASA_int"": 996.4368896484375, ""delta_unsatHbonds"": 2.0, ""hbonds_int"": 4.0, ""nres_int"": 48.0, ""packstat"": 0.5545647144317627, ""sc_value"": 0.739883303642273}, ""A-C"": {""dG_dSASA_ratio"": -2.73069167137146, ""dG_separated"": -45.840599060058594, ""dSASA_int"": 1678.7174072265625, ""delta_unsatHbonds"": 21.0, ""hbonds_int"": 4.0, ""nres_int"": 64.0, ""packstat"": 0.6602057218551636, ""sc_value"": 0.7226797938346863}, ""A-D"": {""dG_dSASA_ratio"": -3.030282974243164, ""dG_separated"": -33.797996520996094, ""dSASA_int"": 1115.3411865234375, ""delta_unsatHbonds"": 4.0, ""hbonds_int"": 0.0, ""nres_int"": 48.0, ""packstat"": 0.507148802280426, ""sc_value"": 0.6293871402740479}, ""B-C"": {""dG_dSASA_ratio"": -3.1623778343200684, ""dG_separated"": -36.33802032470703, ""dSASA_int"": 1149.07275390625, ""delta_unsatHbonds"": 5.0, ""hbonds_int"": 1.0, ""nres_int"": 49.0, ""packstat"": 0.47513243556022644, ""sc_value"": 0.6986775398254395}, ""B-D"": {""dG_dSASA_ratio"": -2.538757085800171, ""dG_separated"": -43.766292572021484, ""dSASA_int"": 1723.9259033203125, ""delta_unsatHbonds"": 22.0, ""hbonds_int"": 2.0, ""nres_int"": 68.0, ""packstat"": 0.5447137355804443, ""sc_value"": 0.6576931476593018}, ""C-D"": {""dG_dSASA_ratio"": -2.632816791534424, ""dG_separated"": -25.051528930664062, ""dSASA_int"": 951.5105590820312, ""delta_unsatHbonds"": 2.0, ""hbonds_int"": 4.0, ""nres_int"": 48.0, ""packstat"": 0.6207195520401001, ""sc_value"": 0.731887936592102}}"
ova_body_c4_16_ms25_r01	AF3	30	7030	0	0	A-B,A-C,A-D,B-C,B-D,C-D	6	3	1	"{""A-B"": 28, ""A-C"": 63, ""A-D"": 38, ""B-C"": 40, ""B-D"": 68, ""C-D"": 24}"	A-D,B-C	A-B,A-C,B-D,C-D	0.23049407639222275	0.6227948665618896	0.0	-3.0755558013916016	4.43199868425039	0.6227948665618896	0.0	-1.8754167556762695	11.615731687941496	"{""A-B"": {""dG_dSASA_ratio"": -2.5355277061462402, ""dG_separated"": -25.21190071105957, ""dSASA_int"": 994.3452758789062, ""delta_unsatHbonds"": 4.0, ""hbonds_int"": 4.0, ""nres_int"": 48.0, ""packstat"": 0.5802035927772522, ""sc_value"": 0.7316864728927612}, ""A-C"": {""dG_dSASA_ratio"": -2.7796621322631836, ""dG_separated"": -46.1883544921875, ""dSASA_int"": 1661.653564453125, ""delta_unsatHbonds"": 19.0, ""hbonds_int"": 4.0, ""nres_int"": 65.0, ""packstat"": 0.5984074473381042, ""sc_value"": 0.718190610408783}, ""A-D"": {""dG_dSASA_ratio"": -3.0755558013916016, ""dG_separated"": -34.057430267333984, ""dSASA_int"": 1107.3585205078125, ""delta_unsatHbonds"": 4.0, ""hbonds_int"": 0.0, ""nres_int"": 48.0, ""packstat"": 0.6056883931159973, ""sc_value"": 0.6227948665618896}, ""B-C"": {""dG_dSASA_ratio"": -3.213916063308716, ""dG_separated"": -36.258087158203125, ""dSASA_int"": 1128.1591796875, ""delta_unsatHbonds"": 5.0, ""hbonds_int"": 1.0, ""nres_int"": 49.0, ""packstat"": 0.5399165153503418, ""sc_value"": 0.6939942836761475}, ""B-D"": {""dG_dSASA_ratio"": -2.5670995712280273, ""dG_separated"": -44.20039367675781, ""dSASA_int"": 1721.8028564453125, ""delta_unsatHbonds"": 20.0, ""hbonds_int"": 2.0, ""nres_int"": 69.0, ""packstat"": 0.6111829876899719, ""sc_value"": 0.6854743957519531}, ""C-D"": {""dG_dSASA_ratio"": -1.8754167556762695, ""dG_separated"": -16.985754013061523, ""dSASA_int"": 905.70556640625, ""delta_unsatHbonds"": 3.0, ""hbonds_int"": 5.0, ""nres_int"": 47.0, ""packstat"": 0.5914229154586792, ""sc_value"": 0.7331559062004089}}"
ova_body_c4_16_ms25_r01	AF3	31	7031	0	0	A-B,A-C,A-D,B-C,B-D,C-D	6	3	1	"{""A-B"": 28, ""A-C"": 62, ""A-D"": 37, ""B-C"": 40, ""B-D"": 68, ""C-D"": 27}"	A-D,B-C	A-B,A-C,B-D,C-D	0.22770727791364886	0.6316958665847778	0.0	-3.044987201690674	4.398675028015243	0.6316958665847778	0.0	-2.4545764923095703	12.142163938128832	"{""A-B"": {""dG_dSASA_ratio"": -2.4545764923095703, ""dG_separated"": -24.392911911010742, ""dSASA_int"": 993.772705078125, ""delta_unsatHbonds"": 2.0, ""hbonds_int"": 4.0, ""nres_int"": 48.0, ""packstat"": 0.6234084963798523, ""sc_value"": 0.7247002720832825}, ""A-C"": {""dG_dSASA_ratio"": -2.7023210525512695, ""dG_separated"": -45.70500564575195, ""dSASA_int"": 1691.3238525390625, ""delta_unsatHbonds"": 17.0, ""hbonds_int"": 6.0, ""nres_int"": 64.0, ""packstat"": 0.5758073329925537, ""sc_value"": 0.7206562757492065}, ""A-D"": {""dG_dSASA_ratio"": -3.044987201690674, ""dG_separated"": -34.007354736328125, ""dSASA_int"": 1116.830810546875, ""delta_unsatHbonds"": 4.0, ""hbonds_int"": 0.0, ""nres_int"": 48.0, ""packstat"": 0.4500395953655243, ""sc_value"": 0.6316958665847778}, ""B-C"": {""dG_dSASA_ratio"": -3.1931169033050537, ""dG_separated"": -36.296348571777344, ""dSASA_int"": 1136.7059326171875, ""delta_unsatHbonds"": 5.0, ""hbonds_int"": 1.0, ""nres_int"": 49.0, ""packstat"": 0.514205813407898, ""sc_value"": 0.6917848587036133}, ""B-D"": {""dG_dSASA_ratio"": -2.4951820373535156, ""dG_separated"": -43.15443801879883, ""dSASA_int"": 1729.510498046875, ""delta_unsatHbonds"": 21.0, ""hbonds_int"": 2.0, ""nres_int"": 69.0, ""packstat"": 0.5711436867713928, ""sc_value"": 0.6519660949707031}, ""C-D"": {""dG_dSASA_ratio"": -2.6173996925354004, ""dG_separated"": -24.776851654052734, ""dSASA_int"": 946.620849609375, ""delta_unsatHbonds"": 2.0, ""hbonds_int"": 4.0, ""nres_int"": 48.0, ""packstat"": 0.6014635562896729, ""sc_value"": 0.7281028032302856}}"
ova_body_c4_16_ms25_r01	AF3	32	7032	0	0	A-B,A-C,A-D,B-C,B-D,C-D	6	3	1	"{""A-B"": 27, ""A-C"": 63, ""A-D"": 37, ""B-C"": 39, ""B-D"": 68, ""C-D"": 27}"	A-D,B-C	A-B,A-C,B-D,C-D	0.2191730626801337	0.6544286012649536	0.0	-2.953723430633545	4.347526123898126	0.6544286012649536	0.0	-2.143437623977661	13.345850734944023	"{""A-B"": {""dG_dSASA_ratio"": -2.143437623977661, ""dG_separated"": -21.189380645751953, ""dSASA_int"": 988.5699462890625, ""delta_unsatHbonds"": 2.0, ""hbonds_int"": 4.0, ""nres_int"": 49.0, ""packstat"": 0.602630078792572, ""sc_value"": 0.7419629096984863}, ""A-C"": {""dG_dSASA_ratio"": -2.7286276817321777, ""dG_separated"": -45.46868896484375, ""dSASA_int"": 1666.357421875, ""delta_unsatHbonds"": 15.0, ""hbonds_int"": 3.0, ""nres_int"": 65.0, ""packstat"": 0.5937652587890625, ""sc_value"": 0.698021411895752}, ""A-D"": {""dG_dSASA_ratio"": -3.1742491722106934, ""dG_separated"": -36.50638198852539, ""dSASA_int"": 1150.079345703125, ""delta_unsatHbonds"": 5.0, ""hbonds_int"": 1.0, ""nres_int"": 49.0, ""packstat"": 0.5920497179031372, ""sc_value"": 0.6835121512413025}, ""B-C"": {""dG_dSASA_ratio"": -2.953723430633545, ""dG_separated"": -33.80778503417969, ""dSASA_int"": 1144.5819091796875, ""delta_unsatHbonds"": 4.0, ""hbonds_int"": 0.0, ""nres_int"": 48.0, ""packstat"": 0.4913942217826843, ""sc_value"": 0.6544286012649536}, ""B-D"": {""dG_dSASA_ratio"": -2.6049084663391113, ""dG_separated"": -44.89252471923828, ""dSASA_int"": 1723.382080078125, ""delta_unsatHbonds"": 23.0, ""hbonds_int"": 2.0, ""nres_int"": 68.0, ""packstat"": 0.5788853764533997, ""sc_value"": 0.66676926612854}, ""C-D"": {""dG_dSASA_ratio"": -2.6159090995788574, ""dG_separated"": -24.713634490966797, ""dSASA_int"": 944.74365234375, ""delta_unsatHbonds"": 4.0, ""hbonds_int"": 4.0, ""nres_int"": 48.0, ""packstat"": 0.5865912437438965, ""sc_value"": 0.7310748100280762}}"
ova_body_c4_16_ms25_r01	AF3	33	7033	0	0	A-B,A-C,A-D,B-C,B-D,C-D	6	3	1	"{""A-B"": 26, ""A-C"": 66, ""A-D"": 38, ""B-C"": 38, ""B-D"": 66, ""C-D"": 28}"	A-D,B-C	A-B,A-C,B-D,C-D	0.22247339176896475	0.5751768350601196	0.0	-2.84336256980896	4.417844857498078	0.5751768350601196	0.0	-2.5194098949432373	14.050047147209703	"{""A-B"": {""dG_dSASA_ratio"": -2.533539056777954, ""dG_separated"": -24.81378173828125, ""dSASA_int"": 979.411865234375, ""delta_unsatHbonds"": 3.0, ""hbonds_int"": 4.0, ""nres_int"": 48.0, ""packstat"": 0.5710422396659851, ""sc_value"": 0.7253519296646118}, ""A-C"": {""dG_dSASA_ratio"": -2.556710720062256, ""dG_separated"": -44.788414001464844, ""dSASA_int"": 1751.79833984375, ""delta_unsatHbonds"": 21.0, ""hbonds_int"": 6.0, ""nres_int"": 65.0, ""packstat"": 0.6162660121917725, ""sc_value"": 0.7071323394775391}, ""A-D"": {""dG_dSASA_ratio"": -2.84336256980896, ""dG_separated"": -32.180423736572266, ""dSASA_int"": 1131.7735595703125, ""delta_unsatHbonds"": 5.0, ""hbonds_int"": 0.0, ""nres_int"": 49.0, ""packstat"": 0.5802633762359619, ""sc_value"": 0.5751768350601196}, ""B-C"": {""dG_dSASA_ratio"": -3.0136797428131104, ""dG_separated"": -33.37141036987305, ""dSASA_int"": 1107.3309326171875, ""delta_unsatHbonds"": 4.0, ""hbonds_int"": 0.0, ""nres_int"": 48.0, ""packstat"": 0.5266675353050232, ""sc_value"": 0.6603270769119263}, ""B-D"": {""dG_dSASA_ratio"": -2.5194098949432373, ""dG_separated"": -43.03603744506836, ""dSASA_int"": 1708.1793212890625, ""delta_unsatHbonds"": 24.0, ""hbonds_int"": 2.0, ""nres_int"": 68.0, ""packstat"": 0.5939019322395325, ""sc_value"": 0.652136504650116}, ""C-D"": {""dG_dSASA_ratio"": -2.631887197494507, ""dG_separated"": -24.95722770690918, ""dSASA_int"": 948.2636108398438, ""delta_unsatHbonds"": 2.0, ""hbonds_int"": 4.0, ""nres_int"": 48.0, ""packstat"": 0.6161389350891113, ""sc_value"": 0.728947639465332}}"
ova_body_c4_16_ms25_r01	AF3	34	7034	0	0	A-B,A-C,A-D,B-C,B-D,C-D	6	3	1	"{""A-B"": 26, ""A-C"": 68, ""A-D"": 38, ""B-C"": 39, ""B-D"": 67, ""C-D"": 27}"	A-D,B-C	A-B,A-C,B-D,C-D	0.20482693853568434	0.6184386014938354	0.0	-2.9927656650543213	3.5737211960885373	0.6184386014938354	0.0	-2.445688486099243	15.952795926117057	"{""A-B"": {""dG_dSASA_ratio"": -2.5897328853607178, ""dG_separated"": -25.751174926757812, ""dSASA_int"": 994.3563842773438, ""delta_unsatHbonds"": 4.0, ""hbonds_int"": 4.0, ""nres_int"": 48.0, ""packstat"": 0.5861462950706482, ""sc_value"": 0.7356412410736084}, ""A-C"": {""dG_dSASA_ratio"": -2.6290206909179688, ""dG_separated"": -44.67048645019531, ""dSASA_int"": 1699.13037109375, ""delta_unsatHbonds"": 16.0, ""hbonds_int"": 4.0, ""nres_int"": 66.0, ""packstat"": 0.608665943145752, ""sc_value"": 0.7140176892280579}, ""A-D"": {""dG_dSASA_ratio"": -3.0002052783966064, ""dG_separated"": -33.58074188232422, ""dSASA_int"": 1119.281494140625, ""delta_unsatHbonds"": 4.0, ""hbonds_int"": 0.0, ""nres_int"": 48.0, ""packstat"": 0.5799170732498169, ""sc_value"": 0.6184386014938354}, ""B-C"": {""dG_dSASA_ratio"": -2.9927656650543213, ""dG_separated"": -34.11616134643555, ""dSASA_int"": 1139.9542236328125, ""delta_unsatHbonds"": 4.0, ""hbonds_int"": 0.0, ""nres_int"": 48.0, ""packstat"": 0.5245932340621948, ""sc_value"": 0.6546231508255005}, ""B-D"": {""dG_dSASA_ratio"": -2.445688486099243, ""dG_separated"": -42.92619323730469, ""dSASA_int"": 1755.17822265625, ""delta_unsatHbonds"": 28.0, ""hbonds_int"": 2.0, ""nres_int"": 69.0, ""packstat"": 0.6908752918243408, ""sc_value"": 0.623207688331604}, ""C-D"": {""dG_dSASA_ratio"": -2.6293020248413086, ""dG_separated"": -24.762710571289062, ""dSASA_int"": 941.7978515625, ""delta_unsatHbonds"": 2.0, ""hbonds_int"": 4.0, ""nres_int"": 48.0, ""packstat"": 0.6603966951370239, ""sc_value"": 0.7332013845443726}}"
ova_body_c4_16_ms25_r01	AF3	35	7035	0	0	A-B,A-C,A-D,B-C,B-D,C-D	6	3	1	"{""A-B"": 26, ""A-C"": 66, ""A-D"": 37, ""B-C"": 37, ""B-D"": 66, ""C-D"": 28}"	A-D,B-C	A-B,A-C,B-D,C-D	0.21902325192285932	0.6369563341140747	0.0	-2.984678030014038	5.392375633729204	0.6369563341140747	0.0	-2.3211843967437744	9.922312363889178	"{""A-B"": {""dG_dSASA_ratio"": -2.3211843967437744, ""dG_separated"": -21.442861557006836, ""dSASA_int"": 923.7896728515625, ""delta_unsatHbonds"": 3.0, ""hbonds_int"": 5.0, ""nres_int"": 47.0, ""packstat"": 0.6186012625694275, ""sc_value"": 0.7350870370864868}, ""A-C"": {""dG_dSASA_ratio"": -2.5936880111694336, ""dG_separated"": -44.43792724609375, ""dSASA_int"": 1713.310302734375, ""delta_unsatHbonds"": 17.0, ""hbonds_int"": 4.0, ""nres_int"": 65.0, ""packstat"": 0.6103129386901855, ""sc_value"": 0.7038083076477051}, ""A-D"": {""dG_dSASA_ratio"": -3.1138458251953125, ""dG_separated"": -34.6472053527832, ""dSASA_int"": 1112.68212890625, ""delta_unsatHbonds"": 6.0, ""hbonds_int"": 0.0, ""nres_int"": 48.0, ""packstat"": 0.534490168094635, ""sc_value"": 0.6369563341140747}, ""B-C"": {""dG_dSASA_ratio"": -2.984678030014038, ""dG_separated"": -34.11371612548828, ""dSASA_int"": 1142.9613037109375, ""delta_unsatHbonds"": 5.0, ""hbonds_int"": 0.0, ""nres_int"": 48.0, ""packstat"": 0.5275158286094666, ""sc_value"": 0.6445007920265198}, ""B-D"": {""dG_dSASA_ratio"": -2.582725763320923, ""dG_separated"": -44.43276596069336, ""dSASA_int"": 1720.3826904296875, ""delta_unsatHbonds"": 17.0, ""hbonds_int"": 3.0, ""nres_int"": 67.0, ""packstat"": 0.5165339112281799, ""sc_value"": 0.676508367061615}, ""C-D"": {""dG_dSASA_ratio"": -2.549534320831299, ""dG_separated"": -24.167036056518555, ""dSASA_int"": 947.9000854492188, ""delta_unsatHbonds"": 2.0, ""hbonds_int"": 4.0, ""nres_int"": 48.0, ""packstat"": 0.5480414628982544, ""sc_value"": 0.7201550006866455}}"
ova_body_c4_16_ms25_r01	AF3	36	7036	0	0	A-B,A-C,A-D,B-C,B-D,C-D	6	3	1	"{""A-B"": 26, ""A-C"": 67, ""A-D"": 38, ""B-C"": 40, ""B-D"": 63, ""C-D"": 27}"	A-D,B-C	A-B,A-C,B-D,C-D	0.23127752323521125	0.5663074254989624	0.0	-2.602875232696533	4.354303372055025	0.5663074254989624	0.0	-2.1767148971557617	14.131698186522632	"{""A-B"": {""dG_dSASA_ratio"": -2.1767148971557617, ""dG_separated"": -20.517446517944336, ""dSASA_int"": 942.5877075195312, ""delta_unsatHbonds"": 1.0, ""hbonds_int"": 4.0, ""nres_int"": 47.0, ""packstat"": 0.6188428401947021, ""sc_value"": 0.728390097618103}, ""A-C"": {""dG_dSASA_ratio"": -2.6665265560150146, ""dG_separated"": -46.10862350463867, ""dSASA_int"": 1729.1641845703125, ""delta_unsatHbonds"": 22.0, ""hbonds_int"": 3.0, ""nres_int"": 67.0, ""packstat"": 0.5602043271064758, ""sc_value"": 0.700646162033081}, ""A-D"": {""dG_dSASA_ratio"": -2.602875232696533, ""dG_separated"": -30.077123641967773, ""dSASA_int"": 1155.53466796875, ""delta_unsatHbonds"": 5.0, ""hbonds_int"": 0.0, ""nres_int"": 48.0, ""packstat"": 0.5542697906494141, ""sc_value"": 0.5663074254989624}, ""B-C"": {""dG_dSASA_ratio"": -3.1948063373565674, ""dG_separated"": -36.68562316894531, ""dSASA_int"": 1148.289306640625, ""delta_unsatHbonds"": 5.0, ""hbonds_int"": 1.0, ""nres_int"": 49.0, ""packstat"": 0.5281612873077393, ""sc_value"": 0.6955856084823608}, ""B-D"": {""dG_dSASA_ratio"": -2.699220895767212, ""dG_separated"": -45.84113311767578, ""dSASA_int"": 1698.3096923828125, ""delta_unsatHbonds"": 24.0, ""hbonds_int"": 2.0, ""nres_int"": 66.0, ""packstat"": 0.5912750363349915, ""sc_value"": 0.6857390403747559}, ""C-D"": {""dG_dSASA_ratio"": -2.645312547683716, ""dG_separated"": -24.8514347076416, ""dSASA_int"": 939.4517211914062, ""delta_unsatHbonds"": 4.0, ""hbonds_int"": 4.0, ""nres_int"": 48.0, ""packstat"": 0.5808995366096497, ""sc_value"": 0.7346374988555908}}"
ova_body_c4_16_ms25_r01	AF3	37	7037	0	0	A-B,A-C,A-D,B-C,B-D,C-D	6	3	1	"{""A-B"": 28, ""A-C"": 66, ""A-D"": 38, ""B-C"": 38, ""B-D"": 66, ""C-D"": 27}"	A-D,B-C	A-B,A-C,B-D,C-D	0.21655254841286833	0.5838124752044678	0.0	-2.597940444946289	4.3667712587985745	0.5838124752044678	0.0	-2.4520461559295654	12.325708745090067	"{""A-B"": {""dG_dSASA_ratio"": -2.4520461559295654, ""dG_separated"": -24.47930145263672, ""dSASA_int"": 998.3214111328125, ""delta_unsatHbonds"": 2.0, ""hbonds_int"": 4.0, ""nres_int"": 48.0, ""packstat"": 0.6369040608406067, ""sc_value"": 0.7319145202636719}, ""A-C"": {""dG_dSASA_ratio"": -2.7566580772399902, ""dG_separated"": -47.08974838256836, ""dSASA_int"": 1708.2186279296875, ""delta_unsatHbonds"": 18.0, ""hbonds_int"": 5.0, ""nres_int"": 65.0, ""packstat"": 0.6129883527755737, ""sc_value"": 0.7241486310958862}, ""A-D"": {""dG_dSASA_ratio"": -2.597940444946289, ""dG_separated"": -29.74669647216797, ""dSASA_int"": 1145.0107421875, ""delta_unsatHbonds"": 5.0, ""hbonds_int"": 0.0, ""nres_int"": 48.0, ""packstat"": 0.5551338791847229, ""sc_value"": 0.5838124752044678}, ""B-C"": {""dG_dSASA_ratio"": -2.732924699783325, ""dG_separated"": -31.285703659057617, ""dSASA_int"": 1144.77001953125, ""delta_unsatHbonds"": 4.0, ""hbonds_int"": 0.0, ""nres_int"": 48.0, ""packstat"": 0.4951559007167816, ""sc_value"": 0.5983984470367432}, ""B-D"": {""dG_dSASA_ratio"": -2.621607542037964, ""dG_separated"": -44.66579818725586, ""dSASA_int"": 1703.7559814453125, ""delta_unsatHbonds"": 21.0, ""hbonds_int"": 2.0, ""nres_int"": 68.0, ""packstat"": 0.6254119277000427, ""sc_value"": 0.6591319441795349}, ""C-D"": {""dG_dSASA_ratio"": -2.5332865715026855, ""dG_separated"": -24.208969116210938, ""dSASA_int"": 955.6348266601562, ""delta_unsatHbonds"": 2.0, ""hbonds_int"": 4.0, ""nres_int"": 48.0, ""packstat"": 0.5800588726997375, ""sc_value"": 0.7247284650802612}}"
ova_body_c4_16_ms25_r01	AF3	38	7038	0	0	A-B,A-C,A-D,B-C,B-D,C-D	6	3	1	"{""A-B"": 28, ""A-C"": 65, ""A-D"": 39, ""B-C"": 41, ""B-D"": 68, ""C-D"": 28}"	A-D,B-C	A-B,A-C,B-D,C-D	0.22786751815689602	0.6323196887969971	0.0	-3.024113178253174	4.480494534584255	0.6323196887969971	0.0	-2.464442014694214	12.882136428675276	"{""A-B"": {""dG_dSASA_ratio"": -2.464442014694214, ""dG_separated"": -24.245574951171875, ""dSASA_int"": 983.8159790039062, ""delta_unsatHbonds"": 2.0, ""hbonds_int"": 4.0, ""nres_int"": 49.0, ""packstat"": 0.5719292759895325, ""sc_value"": 0.7362651824951172}, ""A-C"": {""dG_dSASA_ratio"": -2.7551491260528564, ""dG_separated"": -46.535484313964844, ""dSASA_int"": 1689.036865234375, ""delta_unsatHbonds"": 21.0, ""hbonds_int"": 4.0, ""nres_int"": 64.0, ""packstat"": 0.6339803338050842, ""sc_value"": 0.7260410785675049}, ""A-D"": {""dG_dSASA_ratio"": -3.024113178253174, ""dG_separated"": -33.747535705566406, ""dSASA_int"": 1115.9482421875, ""delta_unsatHbonds"": 5.0, ""hbonds_int"": 0.0, ""nres_int"": 48.0, ""packstat"": 0.5417211055755615, ""sc_value"": 0.6323196887969971}, ""B-C"": {""dG_dSASA_ratio"": -3.239987373352051, ""dG_separated"": -36.565189361572266, ""dSASA_int"": 1128.5595703125, ""delta_unsatHbonds"": 5.0, ""hbonds_int"": 1.0, ""nres_int"": 49.0, ""packstat"": 0.5257053971290588, ""sc_value"": 0.695502758026123}, ""B-D"": {""dG_dSASA_ratio"": -2.6332902908325195, ""dG_separated"": -44.971099853515625, ""dSASA_int"": 1707.791259765625, ""delta_unsatHbonds"": 22.0, ""hbonds_int"": 3.0, ""nres_int"": 67.0, ""packstat"": 0.6040756702423096, ""sc_value"": 0.6908499002456665}, ""C-D"": {""dG_dSASA_ratio"": -2.522639274597168, ""dG_separated"": -24.326475143432617, ""dSASA_int"": 964.3263549804688, ""delta_unsatHbonds"": 2.0, ""hbonds_int"": 4.0, ""nres_int"": 48.0, ""packstat"": 0.5847505331039429, ""sc_value"": 0.730421781539917}}"
ova_body_c4_16_ms25_r01	AF3	39	7039	0	0	A-B,A-C,A-D,B-C,B-D,C-D	6	3	1	"{""A-B"": 24, ""A-C"": 66, ""A-D"": 38, ""B-C"": 36, ""B-D"": 67, ""C-D"": 28}"	A-D,B-C	A-B,A-C,B-D,C-D	0.2060921410403706	0.5310819745063782	0.0	-2.9198014736175537	6.290964801468301	0.5310819745063782	0.0	-2.3570611476898193	14.083920849866283	"{""A-B"": {""dG_dSASA_ratio"": -2.3570611476898193, ""dG_separated"": -21.027589797973633, ""dSASA_int"": 892.1105346679688, ""delta_unsatHbonds"": 1.0, ""hbonds_int"": 5.0, ""nres_int"": 47.0, ""packstat"": 0.6105723977088928, ""sc_value"": 0.7163755893707275}, ""A-C"": {""dG_dSASA_ratio"": -2.785914897918701, ""dG_separated"": -47.402687072753906, ""dSASA_int"": 1701.512451171875, ""delta_unsatHbonds"": 20.0, ""hbonds_int"": 4.0, ""nres_int"": 66.0, ""packstat"": 0.6023278832435608, ""sc_value"": 0.7214459776878357}, ""A-D"": {""dG_dSASA_ratio"": -2.9469830989837646, ""dG_separated"": -34.00983428955078, ""dSASA_int"": 1154.0560302734375, ""delta_unsatHbonds"": 4.0, ""hbonds_int"": 0.0, ""nres_int"": 48.0, ""packstat"": 0.42508503794670105, ""sc_value"": 0.6264158487319946}, ""B-C"": {""dG_dSASA_ratio"": -2.9198014736175537, ""dG_separated"": -32.488834381103516, ""dSASA_int"": 1112.7069091796875, ""delta_unsatHbonds"": 7.0, ""hbonds_int"": 0.0, ""nres_int"": 47.0, ""packstat"": 0.5556448101997375, ""sc_value"": 0.5310819745063782}, ""B-D"": {""dG_dSASA_ratio"": -2.640739917755127, ""dG_separated"": -45.00008010864258, ""dSASA_int"": 1704.0709228515625, ""delta_unsatHbonds"": 24.0, ""hbonds_int"": 3.0, ""nres_int"": 66.0, ""packstat"": 0.6061128377914429, ""sc_value"": 0.7012021541595459}, ""C-D"": {""dG_dSASA_ratio"": -2.5514633655548096, ""dG_separated"": -24.426721572875977, ""dSASA_int"": 957.3612670898438, ""delta_unsatHbonds"": 2.0, ""hbonds_int"": 4.0, ""nres_int"": 48.0, ""packstat"": 0.5915716290473938, ""sc_value"": 0.7261292934417725}}"
ova_body_c4_16_ms25_r01	AF3	40	7040	0	0	A-B,A-C,A-D,B-C,B-D,C-D	6	3	1	"{""A-B"": 26, ""A-C"": 68, ""A-D"": 36, ""B-C"": 39, ""B-D"": 65, ""C-D"": 28}"	A-D,B-C	A-B,A-C,B-D,C-D	0.2664918716790702	0.6481902599334717	0.0	-2.9625632762908936	4.439075744547663	0.6481902599334717	0.0	-2.510103225708008	14.757912980889586	"{""A-B"": {""dG_dSASA_ratio"": -2.510103225708008, ""dG_separated"": -24.701021194458008, ""dSASA_int"": 984.06396484375, ""delta_unsatHbonds"": 2.0, ""hbonds_int"": 4.0, ""nres_int"": 47.0, ""packstat"": 0.6215159893035889, ""sc_value"": 0.7201127409934998}, ""A-C"": {""dG_dSASA_ratio"": -2.585097074508667, ""dG_separated"": -44.966941833496094, ""dSASA_int"": 1739.4681396484375, ""delta_unsatHbonds"": 16.0, ""hbonds_int"": 3.0, ""nres_int"": 66.0, ""packstat"": 0.558102011680603, ""sc_value"": 0.6764236688613892}, ""A-D"": {""dG_dSASA_ratio"": -2.9625632762908936, ""dG_separated"": -33.36914825439453, ""dSASA_int"": 1126.360595703125, ""delta_unsatHbonds"": 5.0, ""hbonds_int"": 0.0, ""nres_int"": 48.0, ""packstat"": 0.6163122653961182, ""sc_value"": 0.6481902599334717}, ""B-C"": {""dG_dSASA_ratio"": -3.1911449432373047, ""dG_separated"": -36.213043212890625, ""dSASA_int"": 1134.7978515625, ""delta_unsatHbonds"": 5.0, ""hbonds_int"": 1.0, ""nres_int"": 49.0, ""packstat"": 0.5161198973655701, ""sc_value"": 0.6974249482154846}, ""B-D"": {""dG_dSASA_ratio"": -2.5755345821380615, ""dG_separated"": -45.37491226196289, ""dSASA_int"": 1761.7667236328125, ""delta_unsatHbonds"": 26.0, ""hbonds_int"": 3.0, ""nres_int"": 66.0, ""packstat"": 0.568505585193634, ""sc_value"": 0.6770003437995911}, ""C-D"": {""dG_dSASA_ratio"": -2.5937483310699463, ""dG_separated"": -24.45751953125, ""dSASA_int"": 942.9411010742188, ""delta_unsatHbonds"": 4.0, ""hbonds_int"": 4.0, ""nres_int"": 48.0, ""packstat"": 0.5809020400047302, ""sc_value"": 0.7302992343902588}}"
ova_body_c4_16_ms25_r01	AF3	41	7041	0	0	A-B,A-C,A-D,B-C,B-D,C-D	6	3	1	"{""A-B"": 29, ""A-C"": 69, ""A-D"": 38, ""B-C"": 38, ""B-D"": 68, ""C-D"": 28}"	A-D,B-C	A-B,A-C,B-D,C-D	0.20123458573531053	0.6272987127304077	0.0	-3.0290634632110596	3.5546051923617643	0.6272987127304077	0.0	-2.4463353157043457	12.753010410009878	"{""A-B"": {""dG_dSASA_ratio"": -2.4463353157043457, ""dG_separated"": -24.601425170898438, ""dSASA_int"": 1005.6439819335938, ""delta_unsatHbonds"": 2.0, ""hbonds_int"": 4.0, ""nres_int"": 49.0, ""packstat"": 0.5936306118965149, ""sc_value"": 0.7382212281227112}, ""A-C"": {""dG_dSASA_ratio"": -2.6493945121765137, ""dG_separated"": -45.28593063354492, ""dSASA_int"": 1709.2935791015625, ""delta_unsatHbonds"": 19.0, ""hbonds_int"": 3.0, ""nres_int"": 67.0, ""packstat"": 0.5912938714027405, ""sc_value"": 0.6915746927261353}, ""A-D"": {""dG_dSASA_ratio"": -3.0290634632110596, ""dG_separated"": -34.08607482910156, ""dSASA_int"": 1125.30078125, ""delta_unsatHbonds"": 4.0, ""hbonds_int"": 0.0, ""nres_int"": 48.0, ""packstat"": 0.5283876657485962, ""sc_value"": 0.6272987127304077}, ""B-C"": {""dG_dSASA_ratio"": -3.0318048000335693, ""dG_separated"": -34.21541213989258, ""dSASA_int"": 1128.54931640625, ""delta_unsatHbonds"": 4.0, ""hbonds_int"": 0.0, ""nres_int"": 48.0, ""packstat"": 0.5392711758613586, ""sc_value"": 0.6574774980545044}, ""B-D"": {""dG_dSASA_ratio"": -2.5931503772735596, ""dG_separated"": -44.7339973449707, ""dSASA_int"": 1725.0828857421875, ""delta_unsatHbonds"": 22.0, ""hbonds_int"": 2.0, ""nres_int"": 66.0, ""packstat"": 0.593625009059906, ""sc_value"": 0.673674464225769}, ""C-D"": {""dG_dSASA_ratio"": -2.715219020843506, ""dG_separated"": -25.618207931518555, ""dSASA_int"": 943.5043334960938, ""delta_unsatHbonds"": 4.0, ""hbonds_int"": 4.0, ""nres_int"": 48.0, ""packstat"": 0.6299344301223755, ""sc_value"": 0.7353823184967041}}"
ova_body_c4_16_ms25_r01	AF3	42	7042	0	0	A-B,A-C,A-D,B-C,B-D,C-D	6	3	1	"{""A-B"": 26, ""A-C"": 69, ""A-D"": 36, ""B-C"": 40, ""B-D"": 61, ""C-D"": 26}"	A-D,B-C	A-B,A-C,B-D,C-D	0.23152613764010868	0.5203700065612793	0.0	-1.9607974290847778	8.941738873500265	0.5203700065612793	0.0	-1.9607974290847778	13.545650321124711	"{""A-B"": {""dG_dSASA_ratio"": -2.6261775493621826, ""dG_separated"": -25.46084976196289, ""dSASA_int"": 969.502197265625, ""delta_unsatHbonds"": 4.0, ""hbonds_int"": 4.0, ""nres_int"": 47.0, ""packstat"": 0.6080434918403625, ""sc_value"": 0.7289606332778931}, ""A-C"": {""dG_dSASA_ratio"": -2.7132835388183594, ""dG_separated"": -46.33147430419922, ""dSASA_int"": 1707.57958984375, ""delta_unsatHbonds"": 18.0, ""hbonds_int"": 5.0, ""nres_int"": 66.0, ""packstat"": 0.6150004267692566, ""sc_value"": 0.7118982076644897}, ""A-D"": {""dG_dSASA_ratio"": -1.9607974290847778, ""dG_separated"": -21.928592681884766, ""dSASA_int"": 1118.3507080078125, ""delta_unsatHbonds"": 10.0, ""hbonds_int"": 0.0, ""nres_int"": 47.0, ""packstat"": 0.5108703374862671, ""sc_value"": 0.5203700065612793}, ""B-C"": {""dG_dSASA_ratio"": -3.1831796169281006, ""dG_separated"": -36.67607498168945, ""dSASA_int"": 1152.1837158203125, ""delta_unsatHbonds"": 7.0, ""hbonds_int"": 1.0, ""nres_int"": 49.0, ""packstat"": 0.5358743071556091, ""sc_value"": 0.7051132917404175}, ""B-D"": {""dG_dSASA_ratio"": -2.689774751663208, ""dG_separated"": -45.671356201171875, ""dSASA_int"": 1697.9620361328125, ""delta_unsatHbonds"": 23.0, ""hbonds_int"": 4.0, ""nres_int"": 64.0, ""packstat"": 0.5486022233963013, ""sc_value"": 0.700812578201294}, ""C-D"": {""dG_dSASA_ratio"": -2.4955384731292725, ""dG_separated"": -23.36186408996582, ""dSASA_int"": 936.1452026367188, ""delta_unsatHbonds"": 4.0, ""hbonds_int"": 3.0, ""nres_int"": 48.0, ""packstat"": 0.5316492915153503, ""sc_value"": 0.7269525527954102}}"
ova_body_c4_16_ms25_r01	AF3	43	7043	0	0	A-B,A-C,A-D,B-C,B-D,C-D	6	3	1	"{""A-B"": 27, ""A-C"": 64, ""A-D"": 39, ""B-C"": 39, ""B-D"": 68, ""C-D"": 27}"	A-D,B-C	A-B,A-C,B-D,C-D	0.22488922308605208	0.6259031891822815	0.0	-2.952333927154541	4.380512068599503	0.6259031891822815	0.0	-2.4936530590057373	16.272897951585406	"{""A-B"": {""dG_dSASA_ratio"": -2.4936530590057373, ""dG_separated"": -24.179176330566406, ""dSASA_int"": 969.6287841796875, ""delta_unsatHbonds"": 2.0, ""hbonds_int"": 4.0, ""nres_int"": 48.0, ""packstat"": 0.5959636569023132, ""sc_value"": 0.7360262870788574}, ""A-C"": {""dG_dSASA_ratio"": -2.6815545558929443, ""dG_separated"": -45.613914489746094, ""dSASA_int"": 1701.025146484375, ""delta_unsatHbonds"": 22.0, ""hbonds_int"": 4.0, ""nres_int"": 67.0, ""packstat"": 0.6017892360687256, ""sc_value"": 0.7130622267723083}, ""A-D"": {""dG_dSASA_ratio"": -2.952333927154541, ""dG_separated"": -33.89875411987305, ""dSASA_int"": 1148.2017822265625, ""delta_unsatHbonds"": 4.0, ""hbonds_int"": 0.0, ""nres_int"": 48.0, ""packstat"": 0.5653942227363586, ""sc_value"": 0.6259031891822815}, ""B-C"": {""dG_dSASA_ratio"": -3.212486743927002, ""dG_separated"": -36.66793441772461, ""dSASA_int"": 1141.4190673828125, ""delta_unsatHbonds"": 5.0, ""hbonds_int"": 1.0, ""nres_int"": 49.0, ""packstat"": 0.5309736132621765, ""sc_value"": 0.698125958442688}, ""B-D"": {""dG_dSASA_ratio"": -2.583308219909668, ""dG_separated"": -44.44975280761719, ""dSASA_int"": 1720.65234375, ""delta_unsatHbonds"": 28.0, ""hbonds_int"": 2.0, ""nres_int"": 68.0, ""packstat"": 0.5974757075309753, ""sc_value"": 0.6643402576446533}, ""C-D"": {""dG_dSASA_ratio"": -2.6889004707336426, ""dG_separated"": -25.602170944213867, ""dSASA_int"": 952.1427001953125, ""delta_unsatHbonds"": 4.0, ""hbonds_int"": 4.0, ""nres_int"": 48.0, ""packstat"": 0.6274932026863098, ""sc_value"": 0.7287508249282837}}"
ova_body_c4_16_ms25_r01	AF3	44	7044	0	0	A-B,A-C,A-D,B-C,B-D,C-D	6	3	1	"{""A-B"": 26, ""A-C"": 63, ""A-D"": 39, ""B-C"": 39, ""B-D"": 65, ""C-D"": 27}"	A-D,B-C	A-B,A-C,B-D,C-D	0.24118673319400386	0.6856434345245361	1.0	-3.126450777053833	4.487310529995633	0.6846066117286682	1.0	-2.5139338970184326	14.303128431047032	"{""A-B"": {""dG_dSASA_ratio"": -2.5139338970184326, ""dG_separated"": -25.221952438354492, ""dSASA_int"": 1003.2861938476562, ""delta_unsatHbonds"": 2.0, ""hbonds_int"": 4.0, ""nres_int"": 49.0, ""packstat"": 0.6560660004615784, ""sc_value"": 0.7346185445785522}, ""A-C"": {""dG_dSASA_ratio"": -2.6640257835388184, ""dG_separated"": -46.01358413696289, ""dSASA_int"": 1727.2198486328125, ""delta_unsatHbonds"": 18.0, ""hbonds_int"": 3.0, ""nres_int"": 67.0, ""packstat"": 0.5562410950660706, ""sc_value"": 0.6846066117286682}, ""A-D"": {""dG_dSASA_ratio"": -3.311786651611328, ""dG_separated"": -36.90168762207031, ""dSASA_int"": 1114.253173828125, ""delta_unsatHbonds"": 5.0, ""hbonds_int"": 1.0, ""nres_int"": 49.0, ""packstat"": 0.557323157787323, ""sc_value"": 0.6933790445327759}, ""B-C"": {""dG_dSASA_ratio"": -3.126450777053833, ""dG_separated"": -36.042423248291016, ""dSASA_int"": 1152.822265625, ""delta_unsatHbonds"": 4.0, ""hbonds_int"": 1.0, ""nres_int"": 49.0, ""packstat"": 0.4997657239437103, ""sc_value"": 0.6856434345245361}, ""B-D"": {""dG_dSASA_ratio"": -2.6949470043182373, ""dG_separated"": -45.21998596191406, ""dSASA_int"": 1677.95458984375, ""delta_unsatHbonds"": 24.0, ""hbonds_int"": 3.0, ""nres_int"": 69.0, ""packstat"": 0.5580227971076965, ""sc_value"": 0.6930035948753357}, ""C-D"": {""dG_dSASA_ratio"": -2.548729658126831, ""dG_separated"": -23.802522659301758, ""dSASA_int"": 933.8975219726562, ""delta_unsatHbonds"": 2.0, ""hbonds_int"": 4.0, ""nres_int"": 48.0, ""packstat"": 0.567173421382904, ""sc_value"": 0.7303543090820312}}"
ova_body_c4_16_ms25_r01	AF3	45	7045	0	0	A-B,A-C,A-D,B-C,B-D,C-D	6	3	1	"{""A-B"": 27, ""A-C"": 68, ""A-D"": 37, ""B-C"": 39, ""B-D"": 64, ""C-D"": 27}"	A-D,B-C	A-B,A-C,B-D,C-D	0.22534870526128772	0.6073921322822571	0.0	-2.77545166015625	4.542743377809187	0.6073921322822571	0.0	-2.2512481212615967	15.41936790234497	"{""A-B"": {""dG_dSASA_ratio"": -2.501908779144287, ""dG_separated"": -24.488386154174805, ""dSASA_int"": 978.7880859375, ""delta_unsatHbonds"": 1.0, ""hbonds_int"": 4.0, ""nres_int"": 48.0, ""packstat"": 0.6656467318534851, ""sc_value"": 0.7288661003112793}, ""A-C"": {""dG_dSASA_ratio"": -2.5940237045288086, ""dG_separated"": -45.47824478149414, ""dSASA_int"": 1753.1932373046875, ""delta_unsatHbonds"": 20.0, ""hbonds_int"": 6.0, ""nres_int"": 65.0, ""packstat"": 0.6216177344322205, ""sc_value"": 0.7077964544296265}, ""A-D"": {""dG_dSASA_ratio"": -2.77545166015625, ""dG_separated"": -30.548189163208008, ""dSASA_int"": 1100.656494140625, ""delta_unsatHbonds"": 5.0, ""hbonds_int"": 0.0, ""nres_int"": 48.0, ""packstat"": 0.5129423141479492, ""sc_value"": 0.6073921322822571}, ""B-C"": {""dG_dSASA_ratio"": -3.014895439147949, ""dG_separated"": -33.53242874145508, ""dSASA_int"": 1112.2252197265625, ""delta_unsatHbonds"": 4.0, ""hbonds_int"": 0.0, ""nres_int"": 48.0, ""packstat"": 0.5670561790466309, ""sc_value"": 0.6514537930488586}, ""B-D"": {""dG_dSASA_ratio"": -2.63214373588562, ""dG_separated"": -44.382972717285156, ""dSASA_int"": 1686.1910400390625, ""delta_unsatHbonds"": 26.0, ""hbonds_int"": 2.0, ""nres_int"": 66.0, ""packstat"": 0.6244343519210815, ""sc_value"": 0.6599888801574707}, ""C-D"": {""dG_dSASA_ratio"": -2.2512481212615967, ""dG_separated"": -21.50436019897461, ""dSASA_int"": 955.2195434570312, ""delta_unsatHbonds"": 2.0, ""hbonds_int"": 4.0, ""nres_int"": 47.0, ""packstat"": 0.629951000213623, ""sc_value"": 0.7282695770263672}}"
ova_body_c4_16_ms25_r01	AF3	46	7046	0	0	A-B,A-C,A-D,B-C,B-D,C-D	6	3	1	"{""A-B"": 26, ""A-C"": 68, ""A-D"": 38, ""B-C"": 36, ""B-D"": 67, ""C-D"": 27}"	A-D,B-C	A-B,A-C,B-D,C-D	0.21231112944711916	0.5840530395507812	0.0	-2.754549026489258	4.2753219669194875	0.5840530395507812	0.0	-2.547823667526245	15.105399936512386	"{""A-B"": {""dG_dSASA_ratio"": -2.606098175048828, ""dG_separated"": -25.937374114990234, ""dSASA_int"": 995.2569580078125, ""delta_unsatHbonds"": 4.0, ""hbonds_int"": 4.0, ""nres_int"": 48.0, ""packstat"": 0.6067795157432556, ""sc_value"": 0.7297646999359131}, ""A-C"": {""dG_dSASA_ratio"": -2.5877883434295654, ""dG_separated"": -45.513545989990234, ""dSASA_int"": 1758.78173828125, ""delta_unsatHbonds"": 23.0, ""hbonds_int"": 4.0, ""nres_int"": 66.0, ""packstat"": 0.5421251654624939, ""sc_value"": 0.6906280517578125}, ""A-D"": {""dG_dSASA_ratio"": -2.754549026489258, ""dG_separated"": -32.21452331542969, ""dSASA_int"": 1169.5025634765625, ""delta_unsatHbonds"": 5.0, ""hbonds_int"": 0.0, ""nres_int"": 49.0, ""packstat"": 0.6215635538101196, ""sc_value"": 0.5840530395507812}, ""B-C"": {""dG_dSASA_ratio"": -2.9359095096588135, ""dG_separated"": -33.55868911743164, ""dSASA_int"": 1143.0423583984375, ""delta_unsatHbonds"": 4.0, ""hbonds_int"": 0.0, ""nres_int"": 48.0, ""packstat"": 0.5353125929832458, ""sc_value"": 0.6430108547210693}, ""B-D"": {""dG_dSASA_ratio"": -2.547823667526245, ""dG_separated"": -43.854129791259766, ""dSASA_int"": 1721.23876953125, ""delta_unsatHbonds"": 26.0, ""hbonds_int"": 2.0, ""nres_int"": 68.0, ""packstat"": 0.5796531438827515, ""sc_value"": 0.6664568185806274}, ""C-D"": {""dG_dSASA_ratio"": -2.5748789310455322, ""dG_separated"": -24.073413848876953, ""dSASA_int"": 934.933837890625, ""delta_unsatHbonds"": 2.0, ""hbonds_int"": 4.0, ""nres_int"": 48.0, ""packstat"": 0.5538018345832825, ""sc_value"": 0.7346667051315308}}"
ova_body_c4_16_ms25_r01	AF3	47	7047	0	0	A-B,A-C,A-D,B-C,B-D,C-D	6	3	1	"{""A-B"": 28, ""A-C"": 67, ""A-D"": 38, ""B-C"": 38, ""B-D"": 63, ""C-D"": 28}"	A-D,B-C	A-B,A-C,B-D,C-D	0.2218633091648892	0.6539419889450073	0.0	-3.008451461791992	4.411731759815672	0.6539419889450073	0.0	-2.481607437133789	12.998859469522419	"{""A-B"": {""dG_dSASA_ratio"": -2.481607437133789, ""dG_separated"": -24.309587478637695, ""dSASA_int"": 979.5904541015625, ""delta_unsatHbonds"": 2.0, ""hbonds_int"": 4.0, ""nres_int"": 48.0, ""packstat"": 0.6107080578804016, ""sc_value"": 0.7319803833961487}, ""A-C"": {""dG_dSASA_ratio"": -2.6594605445861816, ""dG_separated"": -46.17134475708008, ""dSASA_int"": 1736.116943359375, ""delta_unsatHbonds"": 22.0, ""hbonds_int"": 4.0, ""nres_int"": 68.0, ""packstat"": 0.5913220643997192, ""sc_value"": 0.7084953188896179}, ""A-D"": {""dG_dSASA_ratio"": -3.239940881729126, ""dG_separated"": -36.63901901245117, ""dSASA_int"": 1130.8546142578125, ""delta_unsatHbonds"": 4.0, ""hbonds_int"": 1.0, ""nres_int"": 49.0, ""packstat"": 0.47321343421936035, ""sc_value"": 0.6792194247245789}, ""B-C"": {""dG_dSASA_ratio"": -3.008451461791992, ""dG_separated"": -34.096038818359375, ""dSASA_int"": 1133.341796875, ""delta_unsatHbonds"": 5.0, ""hbonds_int"": 0.0, ""nres_int"": 48.0, ""packstat"": 0.5102270841598511, ""sc_value"": 0.6539419889450073}, ""B-D"": {""dG_dSASA_ratio"": -2.694817066192627, ""dG_separated"": -45.60859680175781, ""dSASA_int"": 1692.4561767578125, ""delta_unsatHbonds"": 22.0, ""hbonds_int"": 3.0, ""nres_int"": 66.0, ""packstat"": 0.6759396195411682, ""sc_value"": 0.6943385004997253}, ""C-D"": {""dG_dSASA_ratio"": -2.635396718978882, ""dG_separated"": -25.071212768554688, ""dSASA_int"": 951.325927734375, ""delta_unsatHbonds"": 4.0, ""hbonds_int"": 4.0, ""nres_int"": 48.0, ""packstat"": 0.5496876835823059, ""sc_value"": 0.7250980734825134}}"
ova_body_c4_16_ms25_r01	AF3	48	7048	0	0	A-B,A-C,A-D,B-C,B-D,C-D	6	3	1	"{""A-B"": 29, ""A-C"": 63, ""A-D"": 35, ""B-C"": 38, ""B-D"": 69, ""C-D"": 27}"	A-D,B-C	A-B,A-C,B-D,C-D	0.21609526207713825	0.49221324920654297	0.0	-2.5177254676818848	6.36566236679554	0.49221324920654297	0.0	-2.1877007484436035	13.056649007260223	"{""A-B"": {""dG_dSASA_ratio"": -2.5016520023345947, ""dG_separated"": -24.565902709960938, ""dSASA_int"": 981.9871826171875, ""delta_unsatHbonds"": 1.0, ""hbonds_int"": 4.0, ""nres_int"": 48.0, ""packstat"": 0.5649621486663818, ""sc_value"": 0.7422440648078918}, ""A-C"": {""dG_dSASA_ratio"": -2.769876480102539, ""dG_separated"": -46.71405029296875, ""dSASA_int"": 1686.5029296875, ""delta_unsatHbonds"": 22.0, ""hbonds_int"": 4.0, ""nres_int"": 66.0, ""packstat"": 0.5724097490310669, ""sc_value"": 0.7201633453369141}, ""A-D"": {""dG_dSASA_ratio"": -2.5177254676818848, ""dG_separated"": -27.68616485595703, ""dSASA_int"": 1099.64990234375, ""delta_unsatHbonds"": 7.0, ""hbonds_int"": 0.0, ""nres_int"": 48.0, ""packstat"": 0.5326744318008423, ""sc_value"": 0.49221324920654297}, ""B-C"": {""dG_dSASA_ratio"": -3.1854209899902344, ""dG_separated"": -36.625518798828125, ""dSASA_int"": 1149.7857666015625, ""delta_unsatHbonds"": 5.0, ""hbonds_int"": 1.0, ""nres_int"": 49.0, ""packstat"": 0.5594169497489929, ""sc_value"": 0.7033215761184692}, ""B-D"": {""dG_dSASA_ratio"": -2.1877007484436035, ""dG_separated"": -40.21308517456055, ""dSASA_int"": 1838.1439208984375, ""delta_unsatHbonds"": 24.0, ""hbonds_int"": 3.0, ""nres_int"": 69.0, ""packstat"": 0.5820308923721313, ""sc_value"": 0.6468433141708374}, ""C-D"": {""dG_dSASA_ratio"": -2.5547690391540527, ""dG_separated"": -24.28736114501953, ""dSASA_int"": 950.6676025390625, ""delta_unsatHbonds"": 2.0, ""hbonds_int"": 4.0, ""nres_int"": 48.0, ""packstat"": 0.609883725643158, ""sc_value"": 0.7294847965240479}}"
ova_body_c4_16_ms25_r01	AF3	49	7049	0	0	A-B,A-C,A-D,B-C,B-D,C-D	6	3	1	"{""A-B"": 23, ""A-C"": 63, ""A-D"": 38, ""B-C"": 41, ""B-D"": 65, ""C-D"": 27}"	A-D,B-C	A-B,A-C,B-D,C-D	0.2553679949858912	0.5775496959686279	0.0	-2.5788259506225586	4.460653032634207	0.5775496959686279	0.0	-1.9488484859466553	13.164478991513265	"{""A-B"": {""dG_dSASA_ratio"": -1.9488484859466553, ""dG_separated"": -17.400135040283203, ""dSASA_int"": 892.8419189453125, ""delta_unsatHbonds"": 0.0, ""hbonds_int"": 6.0, ""nres_int"": 44.0, ""packstat"": 0.6164166927337646, ""sc_value"": 0.702370285987854}, ""A-C"": {""dG_dSASA_ratio"": -2.791489601135254, ""dG_separated"": -47.13454818725586, ""dSASA_int"": 1688.5089111328125, ""delta_unsatHbonds"": 19.0, ""hbonds_int"": 4.0, ""nres_int"": 63.0, ""packstat"": 0.6700447797775269, ""sc_value"": 0.7244088053703308}, ""A-D"": {""dG_dSASA_ratio"": -2.5788259506225586, ""dG_separated"": -30.119415283203125, ""dSASA_int"": 1167.95068359375, ""delta_unsatHbonds"": 5.0, ""hbonds_int"": 0.0, ""nres_int"": 48.0, ""packstat"": 0.5296317934989929, ""sc_value"": 0.5775496959686279}, ""B-C"": {""dG_dSASA_ratio"": -3.278336524963379, ""dG_separated"": -36.74727249145508, ""dSASA_int"": 1120.912109375, ""delta_unsatHbonds"": 5.0, ""hbonds_int"": 1.0, ""nres_int"": 49.0, ""packstat"": 0.4982784390449524, ""sc_value"": 0.6937617063522339}, ""B-D"": {""dG_dSASA_ratio"": -2.585541009902954, ""dG_separated"": -45.17264938354492, ""dSASA_int"": 1747.125732421875, ""delta_unsatHbonds"": 23.0, ""hbonds_int"": 2.0, ""nres_int"": 68.0, ""packstat"": 0.5656893253326416, ""sc_value"": 0.6643017530441284}, ""C-D"": {""dG_dSASA_ratio"": -2.6030023097991943, ""dG_separated"": -24.753402709960938, ""dSASA_int"": 950.9558715820312, ""delta_unsatHbonds"": 2.0, ""hbonds_int"": 4.0, ""nres_int"": 48.0, ""packstat"": 0.5979545712471008, ""sc_value"": 0.735878586769104}}"
ova_body_c4_16_ms25_r01	AF3	50	7050	0	0	A-B,A-C,A-D,B-C,B-D,C-D	6	3	1	"{""A-B"": 27, ""A-C"": 68, ""A-D"": 38, ""B-C"": 39, ""B-D"": 64, ""C-D"": 27}"	A-D,B-C	A-B,A-C,B-D,C-D	0.21188978209255027	0.6320005059242249	0.0	-2.966573715209961	3.5601092195616526	0.6320005059242249	0.0	-2.576664447784424	15.515452149641012	"{""A-B"": {""dG_dSASA_ratio"": -2.576664447784424, ""dG_separated"": -25.23362922668457, ""dSASA_int"": 979.3137817382812, ""delta_unsatHbonds"": 3.0, ""hbonds_int"": 4.0, ""nres_int"": 48.0, ""packstat"": 0.5751168131828308, ""sc_value"": 0.736114501953125}, ""A-C"": {""dG_dSASA_ratio"": -2.606797218322754, ""dG_separated"": -45.68433380126953, ""dSASA_int"": 1752.508056640625, ""delta_unsatHbonds"": 18.0, ""hbonds_int"": 6.0, ""nres_int"": 67.0, ""packstat"": 0.6345182061195374, ""sc_value"": 0.7134018540382385}, ""A-D"": {""dG_dSASA_ratio"": -2.966573715209961, ""dG_separated"": -32.16177749633789, ""dSASA_int"": 1084.1387939453125, ""delta_unsatHbonds"": 3.0, ""hbonds_int"": 0.0, ""nres_int"": 48.0, ""packstat"": 0.5418951511383057, ""sc_value"": 0.6320005059242249}, ""B-C"": {""dG_dSASA_ratio"": -3.0108277797698975, ""dG_separated"": -33.828487396240234, ""dSASA_int"": 1123.56103515625, ""delta_unsatHbonds"": 4.0, ""hbonds_int"": 0.0, ""nres_int"": 48.0, ""packstat"": 0.5651150941848755, ""sc_value"": 0.6529090404510498}, ""B-D"": {""dG_dSASA_ratio"": -2.6734704971313477, ""dG_separated"": -44.8006477355957, ""dSASA_int"": 1675.748779296875, ""delta_unsatHbonds"": 26.0, ""hbonds_int"": 2.0, ""nres_int"": 66.0, ""packstat"": 0.6643791794776917, ""sc_value"": 0.6569919586181641}, ""C-D"": {""dG_dSASA_ratio"": -2.610827922821045, ""dG_separated"": -24.107351303100586, ""dSASA_int"": 923.3604736328125, ""delta_unsatHbonds"": 2.0, ""hbonds_int"": 4.0, ""nres_int"": 48.0, ""packstat"": 0.5908561944961548, ""sc_value"": 0.7376461029052734}}"
ova_body_c4_16_ms25_r01	AF3	51	7051	0	0	A-B,A-C,A-D,B-C,B-D,C-D	6	3	1	"{""A-B"": 28, ""A-C"": 62, ""A-D"": 38, ""B-C"": 39, ""B-D"": 68, ""C-D"": 28}"	A-D,B-C	A-B,A-C,B-D,C-D	0.23220676864694909	0.6305944919586182	0.0	-3.0576322078704834	4.306988151366238	0.6305944919586182	0.0	-2.470241069793701	11.681996434937613	"{""A-B"": {""dG_dSASA_ratio"": -2.470241069793701, ""dG_separated"": -24.576648712158203, ""dSASA_int"": 994.9089965820312, ""delta_unsatHbonds"": 2.0, ""hbonds_int"": 4.0, ""nres_int"": 49.0, ""packstat"": 0.4818424582481384, ""sc_value"": 0.730083703994751}, ""A-C"": {""dG_dSASA_ratio"": -2.756723403930664, ""dG_separated"": -46.52717971801758, ""dSASA_int"": 1687.77099609375, ""delta_unsatHbonds"": 17.0, ""hbonds_int"": 6.0, ""nres_int"": 65.0, ""packstat"": 0.5871029496192932, ""sc_value"": 0.7174042463302612}, ""A-D"": {""dG_dSASA_ratio"": -3.0576322078704834, ""dG_separated"": -33.891353607177734, ""dSASA_int"": 1108.418212890625, ""delta_unsatHbonds"": 4.0, ""hbonds_int"": 0.0, ""nres_int"": 48.0, ""packstat"": 0.520870566368103, ""sc_value"": 0.6305944919586182}, ""B-C"": {""dG_dSASA_ratio"": -3.121044158935547, ""dG_separated"": -36.23232650756836, ""dSASA_int"": 1160.904052734375, ""delta_unsatHbonds"": 5.0, ""hbonds_int"": 1.0, ""nres_int"": 49.0, ""packstat"": 0.48311200737953186, ""sc_value"": 0.694770336151123}, ""B-D"": {""dG_dSASA_ratio"": -2.6188976764678955, ""dG_separated"": -44.83647537231445, ""dSASA_int"": 1712.0361328125, ""delta_unsatHbonds"": 20.0, ""hbonds_int"": 4.0, ""nres_int"": 68.0, ""packstat"": 0.5394740104675293, ""sc_value"": 0.7111538648605347}, ""C-D"": {""dG_dSASA_ratio"": -2.6325042247772217, ""dG_separated"": -25.016990661621094, ""dSASA_int"": 950.3115234375, ""delta_unsatHbonds"": 4.0, ""hbonds_int"": 4.0, ""nres_int"": 48.0, ""packstat"": 0.633905827999115, ""sc_value"": 0.7195066213607788}}"
ova_body_c4_16_ms25_r01	AF3	52	7052	0	0	A-B,A-C,A-D,B-C,B-D,C-D	6	3	1	"{""A-B"": 27, ""A-C"": 68, ""A-D"": 37, ""B-C"": 38, ""B-D"": 65, ""C-D"": 28}"	A-D,B-C	A-B,A-C,B-D,C-D	0.2240629404057222	0.6045788526535034	0.0	-2.7424046993255615	4.516521581497082	0.6045788526535034	0.0	-2.5178210735321045	14.855893121714232	"{""A-B"": {""dG_dSASA_ratio"": -2.5178210735321045, ""dG_separated"": -24.4144287109375, ""dSASA_int"": 969.6649780273438, ""delta_unsatHbonds"": 2.0, ""hbonds_int"": 4.0, ""nres_int"": 48.0, ""packstat"": 0.6146154999732971, ""sc_value"": 0.7356746196746826}, ""A-C"": {""dG_dSASA_ratio"": -2.696429491043091, ""dG_separated"": -46.51225280761719, ""dSASA_int"": 1724.957275390625, ""delta_unsatHbonds"": 22.0, ""hbonds_int"": 4.0, ""nres_int"": 66.0, ""packstat"": 0.6565093994140625, ""sc_value"": 0.7014061212539673}, ""A-D"": {""dG_dSASA_ratio"": -2.7424046993255615, ""dG_separated"": -30.359699249267578, ""dSASA_int"": 1107.046630859375, ""delta_unsatHbonds"": 5.0, ""hbonds_int"": 0.0, ""nres_int"": 48.0, ""packstat"": 0.5437309145927429, ""sc_value"": 0.6045788526535034}, ""B-C"": {""dG_dSASA_ratio"": -3.0212912559509277, ""dG_separated"": -33.89470672607422, ""dSASA_int"": 1121.8616943359375, ""delta_unsatHbonds"": 4.0, ""hbonds_int"": 0.0, ""nres_int"": 48.0, ""packstat"": 0.5541071891784668, ""sc_value"": 0.6559274196624756}, ""B-D"": {""dG_dSASA_ratio"": -2.6663031578063965, ""dG_separated"": -44.86945343017578, ""dSASA_int"": 1682.8338623046875, ""delta_unsatHbonds"": 25.0, ""hbonds_int"": 2.0, ""nres_int"": 67.0, ""packstat"": 0.6410477757453918, ""sc_value"": 0.666053295135498}, ""C-D"": {""dG_dSASA_ratio"": -2.5682590007781982, ""dG_separated"": -24.265827178955078, ""dSASA_int"": 944.8356323242188, ""delta_unsatHbonds"": 2.0, ""hbonds_int"": 4.0, ""nres_int"": 48.0, ""packstat"": 0.555465042591095, ""sc_value"": 0.7252739667892456}}"
ova_body_c4_16_ms25_r01	AF3	53	7053	0	0	A-B,A-C,A-D,B-C,B-D,C-D	6	3	1	"{""A-B"": 27, ""A-C"": 68, ""A-D"": 37, ""B-C"": 39, ""B-D"": 66, ""C-D"": 27}"	A-D,B-C	A-B,A-C,B-D,C-D	0.22012586032215775	0.6047393083572388	0.0	-2.754535436630249	4.516523075562556	0.6047393083572388	0.0	-2.4339561462402344	13.281819663431742	"{""A-B"": {""dG_dSASA_ratio"": -2.5096206665039062, ""dG_separated"": -24.579524993896484, ""dSASA_int"": 979.4119873046875, ""delta_unsatHbonds"": 1.0, ""hbonds_int"": 4.0, ""nres_int"": 49.0, ""packstat"": 0.602562427520752, ""sc_value"": 0.7278650999069214}, ""A-C"": {""dG_dSASA_ratio"": -2.693551778793335, ""dG_separated"": -46.64397430419922, ""dSASA_int"": 1731.6904296875, ""delta_unsatHbonds"": 23.0, ""hbonds_int"": 4.0, ""nres_int"": 66.0, ""packstat"": 0.5764170289039612, ""sc_value"": 0.6985851526260376}, ""A-D"": {""dG_dSASA_ratio"": -2.754535436630249, ""dG_separated"": -30.49398422241211, ""dSASA_int"": 1107.0462646484375, ""delta_unsatHbonds"": 5.0, ""hbonds_int"": 0.0, ""nres_int"": 48.0, ""packstat"": 0.5752129554748535, ""sc_value"": 0.6047393083572388}, ""B-C"": {""dG_dSASA_ratio"": -3.0064656734466553, ""dG_separated"": -34.02812957763672, ""dSASA_int"": 1131.8316650390625, ""delta_unsatHbonds"": 4.0, ""hbonds_int"": 0.0, ""nres_int"": 48.0, ""packstat"": 0.5326135754585266, ""sc_value"": 0.650787353515625}, ""B-D"": {""dG_dSASA_ratio"": -2.4339561462402344, ""dG_separated"": -41.873870849609375, ""dSASA_int"": 1720.4036865234375, ""delta_unsatHbonds"": 18.0, ""hbonds_int"": 3.0, ""nres_int"": 66.0, ""packstat"": 0.613749623298645, ""sc_value"": 0.6486473083496094}, ""C-D"": {""dG_dSASA_ratio"": -2.699228286743164, ""dG_separated"": -25.457447052001953, ""dSASA_int"": 943.1380615234375, ""delta_unsatHbonds"": 4.0, ""hbonds_int"": 4.0, ""nres_int"": 48.0, ""packstat"": 0.6214367151260376, ""sc_value"": 0.7225767374038696}}"
ova_body_c4_16_ms25_r01	AF3	54	7054	0	0	A-B,A-C,A-D,B-C,B-D,C-D	6	3	1	"{""A-B"": 26, ""A-C"": 67, ""A-D"": 39, ""B-C"": 40, ""B-D"": 63, ""C-D"": 27}"	A-D,B-C	A-B,A-C,B-D,C-D	0.24383998605208054	0.6266434192657471	0.0	-2.9692819118499756	4.321853585603247	0.6266434192657471	0.0	-2.0881667137145996	14.163691463956782	"{""A-B"": {""dG_dSASA_ratio"": -2.0881667137145996, ""dG_separated"": -19.573137283325195, ""dSASA_int"": 937.3359985351562, ""delta_unsatHbonds"": 1.0, ""hbonds_int"": 4.0, ""nres_int"": 47.0, ""packstat"": 0.5359895825386047, ""sc_value"": 0.7371068596839905}, ""A-C"": {""dG_dSASA_ratio"": -2.587148666381836, ""dG_separated"": -44.9567985534668, ""dSASA_int"": 1737.69677734375, ""delta_unsatHbonds"": 20.0, ""hbonds_int"": 4.0, ""nres_int"": 68.0, ""packstat"": 0.5189926624298096, ""sc_value"": 0.6999081373214722}, ""A-D"": {""dG_dSASA_ratio"": -2.9692819118499756, ""dG_separated"": -33.92597961425781, ""dSASA_int"": 1142.565185546875, ""delta_unsatHbonds"": 4.0, ""hbonds_int"": 0.0, ""nres_int"": 48.0, ""packstat"": 0.5703580379486084, ""sc_value"": 0.6266434192657471}, ""B-C"": {""dG_dSASA_ratio"": -3.1430881023406982, ""dG_separated"": -36.36273193359375, ""dSASA_int"": 1156.9110107421875, ""delta_unsatHbonds"": 5.0, ""hbonds_int"": 1.0, ""nres_int"": 49.0, ""packstat"": 0.5401099920272827, ""sc_value"": 0.6638227701187134}, ""B-D"": {""dG_dSASA_ratio"": -2.6983280181884766, ""dG_separated"": -45.72245407104492, ""dSASA_int"": 1694.4735107421875, ""delta_unsatHbonds"": 24.0, ""hbonds_int"": 3.0, ""nres_int"": 65.0, ""packstat"": 0.6301242113113403, ""sc_value"": 0.6967648863792419}, ""C-D"": {""dG_dSASA_ratio"": -2.562281370162964, ""dG_separated"": -24.032106399536133, ""dSASA_int"": 937.9183349609375, ""delta_unsatHbonds"": 2.0, ""hbonds_int"": 4.0, ""nres_int"": 48.0, ""packstat"": 0.6607914566993713, ""sc_value"": 0.7286379933357239}}"
ova_body_c4_16_ms25_r01	AF3	55	7055	0	0	A-B,A-C,A-D,B-C,B-D,C-D	6	3	1	"{""A-B"": 29, ""A-C"": 67, ""A-D"": 38, ""B-C"": 34, ""B-D"": 65, ""C-D"": 27}"	A-D,B-C	A-B,A-C,B-D,C-D	0.24253855715663816	0.4998795986175537	0.0	-2.3266000747680664	6.890660807810537	0.4998795986175537	0.0	-2.3266000747680664	13.083649431024156	"{""A-B"": {""dG_dSASA_ratio"": -2.4946935176849365, ""dG_separated"": -24.85759735107422, ""dSASA_int"": 996.4189453125, ""delta_unsatHbonds"": 2.0, ""hbonds_int"": 4.0, ""nres_int"": 50.0, ""packstat"": 0.601088285446167, ""sc_value"": 0.7293395400047302}, ""A-C"": {""dG_dSASA_ratio"": -2.627619504928589, ""dG_separated"": -46.041053771972656, ""dSASA_int"": 1752.1964111328125, ""delta_unsatHbonds"": 19.0, ""hbonds_int"": 6.0, ""nres_int"": 66.0, ""packstat"": 0.6435544490814209, ""sc_value"": 0.7064412832260132}, ""A-D"": {""dG_dSASA_ratio"": -3.045039653778076, ""dG_separated"": -33.84734344482422, ""dSASA_int"": 1111.556640625, ""delta_unsatHbonds"": 4.0, ""hbonds_int"": 0.0, ""nres_int"": 48.0, ""packstat"": 0.5644534826278687, ""sc_value"": 0.624213457107544}, ""B-C"": {""dG_dSASA_ratio"": -2.3266000747680664, ""dG_separated"": -27.011634826660156, ""dSASA_int"": 1160.99169921875, ""delta_unsatHbonds"": 8.0, ""hbonds_int"": 0.0, ""nres_int"": 48.0, ""packstat"": 0.5011677742004395, ""sc_value"": 0.4998795986175537}, ""B-D"": {""dG_dSASA_ratio"": -2.6116700172424316, ""dG_separated"": -43.914920806884766, ""dSASA_int"": 1681.488037109375, ""delta_unsatHbonds"": 22.0, ""hbonds_int"": 2.0, ""nres_int"": 67.0, ""packstat"": 0.5589100122451782, ""sc_value"": 0.6452357769012451}, ""C-D"": {""dG_dSASA_ratio"": -2.5655100345611572, ""dG_separated"": -23.97635269165039, ""dSASA_int"": 934.5647583007812, ""delta_unsatHbonds"": 2.0, ""hbonds_int"": 4.0, ""nres_int"": 46.0, ""packstat"": 0.5981992483139038, ""sc_value"": 0.7166394591331482}}"
ova_body_c4_16_ms25_r01	AF3	56	7056	0	0	A-B,A-C,A-D,B-C,B-D,C-D	6	3	1	"{""A-B"": 28, ""A-C"": 63, ""A-D"": 40, ""B-C"": 39, ""B-D"": 63, ""C-D"": 25}"	A-D,B-C	A-B,A-C,B-D,C-D	0.24771637597766	0.6650474071502686	1.0	-3.064378499984741	4.414108464861228	0.6650474071502686	1.0	-2.3920669555664062	10.36966036085231	"{""A-B"": {""dG_dSASA_ratio"": -2.4892923831939697, ""dG_separated"": -24.267704010009766, ""dSASA_int"": 974.8836669921875, ""delta_unsatHbonds"": 2.0, ""hbonds_int"": 4.0, ""nres_int"": 47.0, ""packstat"": 0.6106272339820862, ""sc_value"": 0.729299783706665}, ""A-C"": {""dG_dSASA_ratio"": -2.6926941871643066, ""dG_separated"": -46.74068069458008, ""dSASA_int"": 1735.8331298828125, ""delta_unsatHbonds"": 18.0, ""hbonds_int"": 6.0, ""nres_int"": 65.0, ""packstat"": 0.5420450568199158, ""sc_value"": 0.7123056054115295}, ""A-D"": {""dG_dSASA_ratio"": -3.064378499984741, ""dG_separated"": -34.711181640625, ""dSASA_int"": 1132.7315673828125, ""delta_unsatHbonds"": 5.0, ""hbonds_int"": 1.0, ""nres_int"": 48.0, ""packstat"": 0.5194365382194519, ""sc_value"": 0.6650474071502686}, ""B-C"": {""dG_dSASA_ratio"": -3.1719038486480713, ""dG_separated"": -36.40427017211914, ""dSASA_int"": 1147.7103271484375, ""delta_unsatHbonds"": 5.0, ""hbonds_int"": 1.0, ""nres_int"": 49.0, ""packstat"": 0.5049376487731934, ""sc_value"": 0.6913271546363831}, ""B-D"": {""dG_dSASA_ratio"": -2.838925838470459, ""dG_separated"": -48.055912017822266, ""dSASA_int"": 1692.749755859375, ""delta_unsatHbonds"": 17.0, ""hbonds_int"": 4.0, ""nres_int"": 66.0, ""packstat"": 0.564132809638977, ""sc_value"": 0.7211803197860718}, ""C-D"": {""dG_dSASA_ratio"": -2.3920669555664062, ""dG_separated"": -21.673885345458984, ""dSASA_int"": 906.0735473632812, ""delta_unsatHbonds"": 1.0, ""hbonds_int"": 5.0, ""nres_int"": 46.0, ""packstat"": 0.6565657258033752, ""sc_value"": 0.703383207321167}}"
ova_body_c4_16_ms25_r01	AF3	57	7057	0	0	A-B,A-C,A-D,B-C,B-D,C-D	6	3	1	"{""A-B"": 29, ""A-C"": 65, ""A-D"": 38, ""B-C"": 38, ""B-D"": 68, ""C-D"": 27}"	A-D,B-C	A-B,A-C,B-D,C-D	0.21019164950599817	0.6249596476554871	0.0	-2.9911012649536133	5.314432958480127	0.6249596476554871	0.0	-2.226691722869873	10.99150977052907	"{""A-B"": {""dG_dSASA_ratio"": -2.459897518157959, ""dG_separated"": -24.91935157775879, ""dSASA_int"": 1013.0239868164062, ""delta_unsatHbonds"": 2.0, ""hbonds_int"": 4.0, ""nres_int"": 48.0, ""packstat"": 0.5297250151634216, ""sc_value"": 0.7433311939239502}, ""A-C"": {""dG_dSASA_ratio"": -2.597240686416626, ""dG_separated"": -44.90080261230469, ""dSASA_int"": 1728.7886962890625, ""delta_unsatHbonds"": 14.0, ""hbonds_int"": 6.0, ""nres_int"": 66.0, ""packstat"": 0.553085207939148, ""sc_value"": 0.7061518430709839}, ""A-D"": {""dG_dSASA_ratio"": -3.0578787326812744, ""dG_separated"": -33.82200241088867, ""dSASA_int"": 1106.06103515625, ""delta_unsatHbonds"": 4.0, ""hbonds_int"": 0.0, ""nres_int"": 48.0, ""packstat"": 0.6040032505989075, ""sc_value"": 0.6249596476554871}, ""B-C"": {""dG_dSASA_ratio"": -2.9911012649536133, ""dG_separated"": -33.769561767578125, ""dSASA_int"": 1129.0009765625, ""delta_unsatHbonds"": 6.0, ""hbonds_int"": 0.0, ""nres_int"": 48.0, ""packstat"": 0.5321442484855652, ""sc_value"": 0.6389694213867188}, ""B-D"": {""dG_dSASA_ratio"": -2.462198495864868, ""dG_separated"": -42.56173324584961, ""dSASA_int"": 1728.60693359375, ""delta_unsatHbonds"": 19.0, ""hbonds_int"": 2.0, ""nres_int"": 72.0, ""packstat"": 0.6145562529563904, ""sc_value"": 0.670454740524292}, ""C-D"": {""dG_dSASA_ratio"": -2.226691722869873, ""dG_separated"": -21.330190658569336, ""dSASA_int"": 957.931884765625, ""delta_unsatHbonds"": 4.0, ""hbonds_int"": 4.0, ""nres_int"": 48.0, ""packstat"": 0.5250145196914673, ""sc_value"": 0.7341426014900208}}"
ova_body_c4_16_ms25_r01	AF3	58	7058	0	0	A-B,A-C,A-D,B-C,B-D,C-D	6	3	1	"{""A-B"": 28, ""A-C"": 67, ""A-D"": 39, ""B-C"": 38, ""B-D"": 67, ""C-D"": 27}"	A-D,B-C	A-B,A-C,B-D,C-D	0.22192805105973992	0.5826138257980347	0.0	-2.793257236480713	6.075172848011664	0.5826138257980347	0.0	-2.1791694164276123	12.057839105872878	"{""A-B"": {""dG_dSASA_ratio"": -2.1791694164276123, ""dG_separated"": -21.914066314697266, ""dSASA_int"": 1005.615478515625, ""delta_unsatHbonds"": 4.0, ""hbonds_int"": 4.0, ""nres_int"": 50.0, ""packstat"": 0.6177501082420349, ""sc_value"": 0.7375237941741943}, ""A-C"": {""dG_dSASA_ratio"": -2.629757881164551, ""dG_separated"": -45.80000686645508, ""dSASA_int"": 1741.6055908203125, ""delta_unsatHbonds"": 21.0, ""hbonds_int"": 6.0, ""nres_int"": 65.0, ""packstat"": 0.531480073928833, ""sc_value"": 0.695486307144165}, ""A-D"": {""dG_dSASA_ratio"": -2.793257236480713, ""dG_separated"": -32.18476486206055, ""dSASA_int"": 1152.2305908203125, ""delta_unsatHbonds"": 7.0, ""hbonds_int"": 0.0, ""nres_int"": 48.0, ""packstat"": 0.4666486084461212, ""sc_value"": 0.5826138257980347}, ""B-C"": {""dG_dSASA_ratio"": -3.028127431869507, ""dG_separated"": -33.90127182006836, ""dSASA_int"": 1119.545654296875, ""delta_unsatHbonds"": 6.0, ""hbonds_int"": 0.0, ""nres_int"": 48.0, ""packstat"": 0.48161211609840393, ""sc_value"": 0.6429151296615601}, ""B-D"": {""dG_dSASA_ratio"": -2.643329620361328, ""dG_separated"": -44.57253646850586, ""dSASA_int"": 1686.2269287109375, ""delta_unsatHbonds"": 20.0, ""hbonds_int"": 4.0, ""nres_int"": 66.0, ""packstat"": 0.5862642526626587, ""sc_value"": 0.7173686027526855}, ""C-D"": {""dG_dSASA_ratio"": -2.6147682666778564, ""dG_separated"": -24.868406295776367, ""dSASA_int"": 951.0748901367188, ""delta_unsatHbonds"": 4.0, ""hbonds_int"": 4.0, ""nres_int"": 48.0, ""packstat"": 0.6190023422241211, ""sc_value"": 0.7176285982131958}}"
ova_body_c4_16_ms25_r01	AF3	59	7059	0	0	A-B,A-C,A-D,B-C,B-D,C-D	6	3	1	"{""A-B"": 27, ""A-C"": 63, ""A-D"": 39, ""B-C"": 40, ""B-D"": 69, ""C-D"": 27}"	A-D,B-C	A-B,A-C,B-D,C-D	0.22483385155912186	0.6197361946105957	0.0	-3.04763126373291	4.40339814190789	0.6197361946105957	0.0	-2.452660322189331	15.449161717309181	"{""A-B"": {""dG_dSASA_ratio"": -2.452660322189331, ""dG_separated"": -24.06177520751953, ""dSASA_int"": 981.0480346679688, ""delta_unsatHbonds"": 2.0, ""hbonds_int"": 4.0, ""nres_int"": 48.0, ""packstat"": 0.5633055567741394, ""sc_value"": 0.7347910404205322}, ""A-C"": {""dG_dSASA_ratio"": -2.6707918643951416, ""dG_separated"": -44.94780349731445, ""dSASA_int"": 1682.939208984375, ""delta_unsatHbonds"": 26.0, ""hbonds_int"": 4.0, ""nres_int"": 64.0, ""packstat"": 0.5856630206108093, ""sc_value"": 0.7211238145828247}, ""A-D"": {""dG_dSASA_ratio"": -3.04763126373291, ""dG_separated"": -34.11292266845703, ""dSASA_int"": 1119.3258056640625, ""delta_unsatHbonds"": 4.0, ""hbonds_int"": 0.0, ""nres_int"": 48.0, ""packstat"": 0.398062527179718, ""sc_value"": 0.6197361946105957}, ""B-C"": {""dG_dSASA_ratio"": -3.2091684341430664, ""dG_separated"": -36.43968200683594, ""dSASA_int"": 1135.4866943359375, ""delta_unsatHbonds"": 5.0, ""hbonds_int"": 1.0, ""nres_int"": 49.0, ""packstat"": 0.589574933052063, ""sc_value"": 0.7051345705986023}, ""B-D"": {""dG_dSASA_ratio"": -2.591470956802368, ""dG_separated"": -44.363059997558594, ""dSASA_int"": 1711.88720703125, ""delta_unsatHbonds"": 23.0, ""hbonds_int"": 3.0, ""nres_int"": 67.0, ""packstat"": 0.6033316254615784, ""sc_value"": 0.6989284753799438}, ""C-D"": {""dG_dSASA_ratio"": -2.613323926925659, ""dG_separated"": -24.814781188964844, ""dSASA_int"": 949.548583984375, ""delta_unsatHbonds"": 2.0, ""hbonds_int"": 4.0, ""nres_int"": 47.0, ""packstat"": 0.5874621868133545, ""sc_value"": 0.7224598526954651}}"
ova_body_c4_16_ms25_r01	AF3	60	7060	0	0	A-B,A-C,A-D,B-C,B-D,C-D	6	3	1	"{""A-B"": 28, ""A-C"": 65, ""A-D"": 38, ""B-C"": 39, ""B-D"": 68, ""C-D"": 27}"	A-D,B-C	A-B,A-C,B-D,C-D	0.21098655052591841	0.6177255511283875	0.0	-2.7708542346954346	3.5095009714103336	0.6177255511283875	0.0	-2.5361273288726807	11.725619082128214	"{""A-B"": {""dG_dSASA_ratio"": -2.5361273288726807, ""dG_separated"": -25.321762084960938, ""dSASA_int"": 998.4420166015625, ""delta_unsatHbonds"": 4.0, ""hbonds_int"": 4.0, ""nres_int"": 50.0, ""packstat"": 0.5831845998764038, ""sc_value"": 0.7322381138801575}, ""A-C"": {""dG_dSASA_ratio"": -2.7398078441619873, ""dG_separated"": -46.71834182739258, ""dSASA_int"": 1705.16845703125, ""delta_unsatHbonds"": 19.0, ""hbonds_int"": 5.0, ""nres_int"": 65.0, ""packstat"": 0.6443420648574829, ""sc_value"": 0.727095901966095}, ""A-D"": {""dG_dSASA_ratio"": -2.7708542346954346, ""dG_separated"": -31.721511840820312, ""dSASA_int"": 1144.827880859375, ""delta_unsatHbonds"": 3.0, ""hbonds_int"": 0.0, ""nres_int"": 47.0, ""packstat"": 0.5184762477874756, ""sc_value"": 0.6177255511283875}, ""B-C"": {""dG_dSASA_ratio"": -2.976248025894165, ""dG_separated"": -33.92218017578125, ""dSASA_int"": 1139.76318359375, ""delta_unsatHbonds"": 4.0, ""hbonds_int"": 0.0, ""nres_int"": 48.0, ""packstat"": 0.5592743754386902, ""sc_value"": 0.6604982614517212}, ""B-D"": {""dG_dSASA_ratio"": -2.6246659755706787, ""dG_separated"": -44.76805877685547, ""dSASA_int"": 1705.6668701171875, ""delta_unsatHbonds"": 20.0, ""hbonds_int"": 3.0, ""nres_int"": 67.0, ""packstat"": 0.5592288374900818, ""sc_value"": 0.6909912824630737}, ""C-D"": {""dG_dSASA_ratio"": -2.6653807163238525, ""dG_separated"": -24.81023597717285, ""dSASA_int"": 930.8327026367188, ""delta_unsatHbonds"": 2.0, ""hbonds_int"": 4.0, ""nres_int"": 48.0, ""packstat"": 0.6356927752494812, ""sc_value"": 0.7293229699134827}}"
ova_body_c4_16_ms25_r01	AF3	61	7061	0	0	A-B,A-C,A-D,B-C,B-D,C-D	6	3	1	"{""A-B"": 27, ""A-C"": 68, ""A-D"": 38, ""B-C"": 38, ""B-D"": 67, ""C-D"": 28}"	A-D,B-C	A-B,A-C,B-D,C-D	0.2183966278863466	0.6207811236381531	0.0	-2.986236095428467	3.5218987987195285	0.6207811236381531	0.0	-2.056434154510498	14.66589088305062	"{""A-B"": {""dG_dSASA_ratio"": -2.056434154510498, ""dG_separated"": -19.746248245239258, ""dSASA_int"": 960.2178344726562, ""delta_unsatHbonds"": 1.0, ""hbonds_int"": 5.0, ""nres_int"": 46.0, ""packstat"": 0.6084983348846436, ""sc_value"": 0.7067814469337463}, ""A-C"": {""dG_dSASA_ratio"": -2.670332193374634, ""dG_separated"": -46.009193420410156, ""dSASA_int"": 1722.976318359375, ""delta_unsatHbonds"": 20.0, ""hbonds_int"": 4.0, ""nres_int"": 66.0, ""packstat"": 0.6008076667785645, ""sc_value"": 0.7139941453933716}, ""A-D"": {""dG_dSASA_ratio"": -2.9891281127929688, ""dG_separated"": -33.94905471801758, ""dSASA_int"": 1135.7509765625, ""delta_unsatHbonds"": 4.0, ""hbonds_int"": 0.0, ""nres_int"": 48.0, ""packstat"": 0.5012118220329285, ""sc_value"": 0.6207811236381531}, ""B-C"": {""dG_dSASA_ratio"": -2.986236095428467, ""dG_separated"": -33.934879302978516, ""dSASA_int"": 1136.3763427734375, ""delta_unsatHbonds"": 4.0, ""hbonds_int"": 0.0, ""nres_int"": 48.0, ""packstat"": 0.5524405241012573, ""sc_value"": 0.6590151786804199}, ""B-D"": {""dG_dSASA_ratio"": -2.6407620906829834, ""dG_separated"": -45.0153694152832, ""dSASA_int"": 1704.6356201171875, ""delta_unsatHbonds"": 25.0, ""hbonds_int"": 3.0, ""nres_int"": 67.0, ""packstat"": 0.503520667552948, ""sc_value"": 0.6970868110656738}, ""C-D"": {""dG_dSASA_ratio"": -2.537447690963745, ""dG_separated"": -24.21381187438965, ""dSASA_int"": 954.2586059570312, ""delta_unsatHbonds"": 2.0, ""hbonds_int"": 4.0, ""nres_int"": 48.0, ""packstat"": 0.5779330134391785, ""sc_value"": 0.7264094352722168}}"
ova_body_c4_16_ms25_r01	AF3	62	7062	0	0	A-B,A-C,A-D,B-C,B-D,C-D	6	3	1	"{""A-B"": 27, ""A-C"": 63, ""A-D"": 38, ""B-C"": 40, ""B-D"": 66, ""C-D"": 23}"	A-D,B-C	A-B,A-C,B-D,C-D	0.22790194530234295	0.6289191842079163	0.0	-3.039179563522339	4.516722293145202	0.6289191842079163	0.0	-2.403822660446167	12.440357952440536	"{""A-B"": {""dG_dSASA_ratio"": -2.44387149810791, ""dG_separated"": -24.24519920349121, ""dSASA_int"": 992.08154296875, ""delta_unsatHbonds"": 4.0, ""hbonds_int"": 4.0, ""nres_int"": 48.0, ""packstat"": 0.6252540349960327, ""sc_value"": 0.7351037263870239}, ""A-C"": {""dG_dSASA_ratio"": -2.7819039821624756, ""dG_separated"": -47.45611572265625, ""dSASA_int"": 1705.8861083984375, ""delta_unsatHbonds"": 19.0, ""hbonds_int"": 5.0, ""nres_int"": 64.0, ""packstat"": 0.5374870896339417, ""sc_value"": 0.7239819169044495}, ""A-D"": {""dG_dSASA_ratio"": -3.039179563522339, ""dG_separated"": -33.643638610839844, ""dSASA_int"": 1106.9974365234375, ""delta_unsatHbonds"": 5.0, ""hbonds_int"": 0.0, ""nres_int"": 48.0, ""packstat"": 0.6179090738296509, ""sc_value"": 0.6289191842079163}, ""B-C"": {""dG_dSASA_ratio"": -3.195340633392334, ""dG_separated"": -36.33441925048828, ""dSASA_int"": 1137.106201171875, ""delta_unsatHbonds"": 5.0, ""hbonds_int"": 1.0, ""nres_int"": 49.0, ""packstat"": 0.5648333430290222, ""sc_value"": 0.7004279494285583}, ""B-D"": {""dG_dSASA_ratio"": -2.577219009399414, ""dG_separated"": -43.50485610961914, ""dSASA_int"": 1688.0543212890625, ""delta_unsatHbonds"": 21.0, ""hbonds_int"": 2.0, ""nres_int"": 67.0, ""packstat"": 0.6059204936027527, ""sc_value"": 0.6527552604675293}, ""C-D"": {""dG_dSASA_ratio"": -2.403822660446167, ""dG_separated"": -21.0135555267334, ""dSASA_int"": 874.1724853515625, ""delta_unsatHbonds"": 1.0, ""hbonds_int"": 5.0, ""nres_int"": 46.0, ""packstat"": 0.5992025136947632, ""sc_value"": 0.7413636445999146}}"
ova_body_c4_16_ms25_r01	AF3	63	7063	0	0	A-B,A-C,A-D,B-C,B-D,C-D	6	3	1	"{""A-B"": 27, ""A-C"": 67, ""A-D"": 37, ""B-C"": 38, ""B-D"": 66, ""C-D"": 25}"	A-D,B-C	A-B,A-C,B-D,C-D	0.23550760311169686	0.6142157316207886	0.0	-2.678337574005127	4.494422461227377	0.6142157316207886	0.0	-2.399811267852783	12.323375128547577	"{""A-B"": {""dG_dSASA_ratio"": -2.5500941276550293, ""dG_separated"": -25.21837043762207, ""dSASA_int"": 988.9191284179688, ""delta_unsatHbonds"": 4.0, ""hbonds_int"": 4.0, ""nres_int"": 48.0, ""packstat"": 0.5774416923522949, ""sc_value"": 0.731176495552063}, ""A-C"": {""dG_dSASA_ratio"": -2.628734588623047, ""dG_separated"": -44.833953857421875, ""dSASA_int"": 1705.5338134765625, ""delta_unsatHbonds"": 21.0, ""hbonds_int"": 4.0, ""nres_int"": 66.0, ""packstat"": 0.53553706407547, ""sc_value"": 0.7132058143615723}, ""A-D"": {""dG_dSASA_ratio"": -3.0800671577453613, ""dG_separated"": -34.26544189453125, ""dSASA_int"": 1112.489990234375, ""delta_unsatHbonds"": 5.0, ""hbonds_int"": 0.0, ""nres_int"": 48.0, ""packstat"": 0.5410892367362976, ""sc_value"": 0.6307194828987122}, ""B-C"": {""dG_dSASA_ratio"": -2.678337574005127, ""dG_separated"": -30.812532424926758, ""dSASA_int"": 1150.43505859375, ""delta_unsatHbonds"": 5.0, ""hbonds_int"": 0.0, ""nres_int"": 48.0, ""packstat"": 0.5199304223060608, ""sc_value"": 0.6142157316207886}, ""B-D"": {""dG_dSASA_ratio"": -2.565735101699829, ""dG_separated"": -43.72214126586914, ""dSASA_int"": 1704.07861328125, ""delta_unsatHbonds"": 21.0, ""hbonds_int"": 2.0, ""nres_int"": 66.0, ""packstat"": 0.6283416748046875, ""sc_value"": 0.6697679758071899}, ""C-D"": {""dG_dSASA_ratio"": -2.399811267852783, ""dG_separated"": -21.561798095703125, ""dSASA_int"": 898.4788818359375, ""delta_unsatHbonds"": 5.0, ""hbonds_int"": 5.0, ""nres_int"": 46.0, ""packstat"": 0.5837571620941162, ""sc_value"": 0.7242045402526855}}"
ova_body_c4_16_ms25_r01	AF3	64	7064	0	0	A-B,A-C,A-D,B-C,B-D,C-D	6	3	1	"{""A-B"": 26, ""A-C"": 66, ""A-D"": 39, ""B-C"": 39, ""B-D"": 63, ""C-D"": 28}"	A-D,B-C	A-B,A-C,B-D,C-D	0.23537517574025402	0.6592251062393188	0.0	-3.011162281036377	3.5738162987748816	0.6561686992645264	0.0	-2.1923887729644775	11.818838784662113	"{""A-B"": {""dG_dSASA_ratio"": -2.1923887729644775, ""dG_separated"": -20.39545249938965, ""dSASA_int"": 930.2844848632812, ""delta_unsatHbonds"": 1.0, ""hbonds_int"": 4.0, ""nres_int"": 46.0, ""packstat"": 0.6222752928733826, ""sc_value"": 0.7244126796722412}, ""A-C"": {""dG_dSASA_ratio"": -2.6078035831451416, ""dG_separated"": -45.355674743652344, ""dSASA_int"": 1739.2288818359375, ""delta_unsatHbonds"": 19.0, ""hbonds_int"": 6.0, ""nres_int"": 66.0, ""packstat"": 0.5979952216148376, ""sc_value"": 0.7136672735214233}, ""A-D"": {""dG_dSASA_ratio"": -3.2255160808563232, ""dG_separated"": -36.61537551879883, ""dSASA_int"": 1135.1788330078125, ""delta_unsatHbonds"": 4.0, ""hbonds_int"": 1.0, ""nres_int"": 49.0, ""packstat"": 0.491811603307724, ""sc_value"": 0.6863091588020325}, ""B-C"": {""dG_dSASA_ratio"": -3.011162281036377, ""dG_separated"": -33.702484130859375, ""dSASA_int"": 1119.251708984375, ""delta_unsatHbonds"": 4.0, ""hbonds_int"": 0.0, ""nres_int"": 48.0, ""packstat"": 0.5823543071746826, ""sc_value"": 0.6592251062393188}, ""B-D"": {""dG_dSASA_ratio"": -2.5911598205566406, ""dG_separated"": -43.84796142578125, ""dSASA_int"": 1692.213623046875, ""delta_unsatHbonds"": 20.0, ""hbonds_int"": 2.0, ""nres_int"": 66.0, ""packstat"": 0.594836950302124, ""sc_value"": 0.6561686992645264}, ""C-D"": {""dG_dSASA_ratio"": -2.2525362968444824, ""dG_separated"": -21.66358757019043, ""dSASA_int"": 961.741943359375, ""delta_unsatHbonds"": 4.0, ""hbonds_int"": 4.0, ""nres_int"": 48.0, ""packstat"": 0.6155248880386353, ""sc_value"": 0.736076831817627}}"
ova_body_c4_16_ms25_r01	AF3	65	7065	0	0	A-B,A-C,A-D,B-C,B-D,C-D	6	3	1	"{""A-B"": 26, ""A-C"": 69, ""A-D"": 37, ""B-C"": 39, ""B-D"": 63, ""C-D"": 27}"	A-D,B-C	A-B,A-C,B-D,C-D	0.2323634093091231	0.5896046161651611	0.0	-2.750152587890625	6.1433735952994795	0.5896046161651611	0.0	-2.512319326400757	15.182898424376523	"{""A-B"": {""dG_dSASA_ratio"": -2.512319326400757, ""dG_separated"": -25.06162452697754, ""dSASA_int"": 997.54931640625, ""delta_unsatHbonds"": 3.0, ""hbonds_int"": 4.0, ""nres_int"": 49.0, ""packstat"": 0.6177963018417358, ""sc_value"": 0.7349258065223694}, ""A-C"": {""dG_dSASA_ratio"": -2.7156190872192383, ""dG_separated"": -46.4755973815918, ""dSASA_int"": 1711.4180908203125, ""delta_unsatHbonds"": 19.0, ""hbonds_int"": 5.0, ""nres_int"": 67.0, ""packstat"": 0.6422356367111206, ""sc_value"": 0.729114294052124}, ""A-D"": {""dG_dSASA_ratio"": -2.750152587890625, ""dG_separated"": -31.336313247680664, ""dSASA_int"": 1139.4390869140625, ""delta_unsatHbonds"": 7.0, ""hbonds_int"": 0.0, ""nres_int"": 48.0, ""packstat"": 0.49136972427368164, ""sc_value"": 0.5896046161651611}, ""B-C"": {""dG_dSASA_ratio"": -3.2128655910491943, ""dG_separated"": -36.766868591308594, ""dSASA_int"": 1144.36376953125, ""delta_unsatHbonds"": 7.0, ""hbonds_int"": 1.0, ""nres_int"": 49.0, ""packstat"": 0.5882931351661682, ""sc_value"": 0.7027190923690796}, ""B-D"": {""dG_dSASA_ratio"": -2.6760478019714355, ""dG_separated"": -45.8260612487793, ""dSASA_int"": 1712.4530029296875, ""delta_unsatHbonds"": 26.0, ""hbonds_int"": 3.0, ""nres_int"": 67.0, ""packstat"": 0.6021633744239807, ""sc_value"": 0.6775853633880615}, ""C-D"": {""dG_dSASA_ratio"": -2.5684239864349365, ""dG_separated"": -24.048357009887695, ""dSASA_int"": 936.3079223632812, ""delta_unsatHbonds"": 2.0, ""hbonds_int"": 4.0, ""nres_int"": 48.0, ""packstat"": 0.5993570685386658, ""sc_value"": 0.7303671836853027}}"
ova_body_c4_16_ms25_r01	AF3	66	7066	0	0	A-B,A-C,A-D,B-C,B-D,C-D	6	3	1	"{""A-B"": 29, ""A-C"": 65, ""A-D"": 38, ""B-C"": 38, ""B-D"": 68, ""C-D"": 27}"	A-D,B-C	A-B,A-C,B-D,C-D	0.21019164950599817	0.6249596476554871	0.0	-2.9911012649536133	5.314432958480127	0.6249596476554871	0.0	-2.4907286167144775	10.99150977052907	"{""A-B"": {""dG_dSASA_ratio"": -2.4907286167144775, ""dG_separated"": -25.231678009033203, ""dSASA_int"": 1013.0239868164062, ""delta_unsatHbonds"": 4.0, ""hbonds_int"": 4.0, ""nres_int"": 48.0, ""packstat"": 0.6357545852661133, ""sc_value"": 0.7591605186462402}, ""A-C"": {""dG_dSASA_ratio"": -2.597240686416626, ""dG_separated"": -44.90080261230469, ""dSASA_int"": 1728.7886962890625, ""delta_unsatHbonds"": 14.0, ""hbonds_int"": 6.0, ""nres_int"": 66.0, ""packstat"": 0.5741419196128845, ""sc_value"": 0.7061518430709839}, ""A-D"": {""dG_dSASA_ratio"": -3.0578787326812744, ""dG_separated"": -33.82200241088867, ""dSASA_int"": 1106.06103515625, ""delta_unsatHbonds"": 4.0, ""hbonds_int"": 0.0, ""nres_int"": 48.0, ""packstat"": 0.6108008623123169, ""sc_value"": 0.6249596476554871}, ""B-C"": {""dG_dSASA_ratio"": -2.9911012649536133, ""dG_separated"": -33.769561767578125, ""dSASA_int"": 1129.0009765625, ""delta_unsatHbonds"": 6.0, ""hbonds_int"": 0.0, ""nres_int"": 48.0, ""packstat"": 0.5734162926673889, ""sc_value"": 0.6389694213867188}, ""B-D"": {""dG_dSASA_ratio"": -2.522486686706543, ""dG_separated"": -43.6038818359375, ""dSASA_int"": 1728.60693359375, ""delta_unsatHbonds"": 19.0, ""hbonds_int"": 2.0, ""nres_int"": 72.0, ""packstat"": 0.5820500254631042, ""sc_value"": 0.670454740524292}, ""C-D"": {""dG_dSASA_ratio"": -2.5960819721221924, ""dG_separated"": -24.868696212768555, ""dSASA_int"": 957.931884765625, ""delta_unsatHbonds"": 2.0, ""hbonds_int"": 4.0, ""nres_int"": 48.0, ""packstat"": 0.5031545758247375, ""sc_value"": 0.7310166358947754}}"
ova_body_c4_16_ms25_r01	AF3	67	7067	0	0	A-B,A-C,A-D,B-C,B-D,C-D	6	3	1	"{""A-B"": 29, ""A-C"": 67, ""A-D"": 38, ""B-C"": 38, ""B-D"": 68, ""C-D"": 28}"	A-D,B-C	A-B,A-C,B-D,C-D	0.2120374249451495	0.6248323917388916	0.0	-3.040156841278076	4.484667768344574	0.6248323917388916	0.0	-2.3503072261810303	9.607932284167513	"{""A-B"": {""dG_dSASA_ratio"": -2.640591621398926, ""dG_separated"": -26.277265548706055, ""dSASA_int"": 995.1279296875, ""delta_unsatHbonds"": 6.0, ""hbonds_int"": 4.0, ""nres_int"": 48.0, ""packstat"": 0.5768721699714661, ""sc_value"": 0.7338809967041016}, ""A-C"": {""dG_dSASA_ratio"": -2.576580286026001, ""dG_separated"": -44.79337692260742, ""dSASA_int"": 1738.4818115234375, ""delta_unsatHbonds"": 13.0, ""hbonds_int"": 6.0, ""nres_int"": 66.0, ""packstat"": 0.5574108958244324, ""sc_value"": 0.7051281929016113}, ""A-D"": {""dG_dSASA_ratio"": -3.042544364929199, ""dG_separated"": -33.943580627441406, ""dSASA_int"": 1115.63134765625, ""delta_unsatHbonds"": 4.0, ""hbonds_int"": 0.0, ""nres_int"": 48.0, ""packstat"": 0.5981178283691406, ""sc_value"": 0.6248323917388916}, ""B-C"": {""dG_dSASA_ratio"": -3.040156841278076, ""dG_separated"": -33.8950080871582, ""dSASA_int"": 1114.9097900390625, ""delta_unsatHbonds"": 5.0, ""hbonds_int"": 0.0, ""nres_int"": 48.0, ""packstat"": 0.48582789301872253, ""sc_value"": 0.6427314281463623}, ""B-D"": {""dG_dSASA_ratio"": -2.3503072261810303, ""dG_separated"": -41.585662841796875, ""dSASA_int"": 1769.371337890625, ""delta_unsatHbonds"": 17.0, ""hbonds_int"": 3.0, ""nres_int"": 67.0, ""packstat"": 0.5606023073196411, ""sc_value"": 0.6694077253341675}, ""C-D"": {""dG_dSASA_ratio"": -2.679356575012207, ""dG_separated"": -25.771427154541016, ""dSASA_int"": 961.8513793945312, ""delta_unsatHbonds"": 4.0, ""hbonds_int"": 4.0, ""nres_int"": 48.0, ""packstat"": 0.6360938549041748, ""sc_value"": 0.7166484594345093}}"
ova_body_c4_16_ms25_r01	AF3	68	7068	0	0	A-B,A-C,A-D,B-C,B-D,C-D	6	3	1	"{""A-B"": 28, ""A-C"": 66, ""A-D"": 38, ""B-C"": 38, ""B-D"": 65, ""C-D"": 28}"	A-D,B-C	A-B,A-C,B-D,C-D	0.2097383024290818	0.573305070400238	0.0	-2.6256191730499268	4.375075103141648	0.573305070400238	0.0	-2.529944896697998	11.764414441421883	"{""A-B"": {""dG_dSASA_ratio"": -2.529944896697998, ""dG_separated"": -25.259326934814453, ""dSASA_int"": 998.4141235351562, ""delta_unsatHbonds"": 4.0, ""hbonds_int"": 4.0, ""nres_int"": 48.0, ""packstat"": 0.6404621601104736, ""sc_value"": 0.7347162961959839}, ""A-C"": {""dG_dSASA_ratio"": -2.7321267127990723, ""dG_separated"": -46.63337707519531, ""dSASA_int"": 1706.8526611328125, ""delta_unsatHbonds"": 20.0, ""hbonds_int"": 4.0, ""nres_int"": 68.0, ""packstat"": 0.6227471232414246, ""sc_value"": 0.720387876033783}, ""A-D"": {""dG_dSASA_ratio"": -2.625694990158081, ""dG_separated"": -30.007429122924805, ""dSASA_int"": 1142.8375244140625, ""delta_unsatHbonds"": 5.0, ""hbonds_int"": 0.0, ""nres_int"": 48.0, ""packstat"": 0.5378617644309998, ""sc_value"": 0.573305070400238}, ""B-C"": {""dG_dSASA_ratio"": -2.6256191730499268, ""dG_separated"": -30.58713150024414, ""dSASA_int"": 1164.9493408203125, ""delta_unsatHbonds"": 5.0, ""hbonds_int"": 0.0, ""nres_int"": 48.0, ""packstat"": 0.529309093952179, ""sc_value"": 0.6139456629753113}, ""B-D"": {""dG_dSASA_ratio"": -2.6369681358337402, ""dG_separated"": -44.82957077026367, ""dSASA_int"": 1700.0421142578125, ""delta_unsatHbonds"": 20.0, ""hbonds_int"": 2.0, ""nres_int"": 68.0, ""packstat"": 0.5861456990242004, ""sc_value"": 0.6765602827072144}, ""C-D"": {""dG_dSASA_ratio"": -2.6883513927459717, ""dG_separated"": -25.562816619873047, ""dSASA_int"": 950.873291015625, ""delta_unsatHbonds"": 4.0, ""hbonds_int"": 4.0, ""nres_int"": 48.0, ""packstat"": 0.6432585120201111, ""sc_value"": 0.722832441329956}}"
ova_body_c4_16_ms25_r01	AF3	69	7069	0	0	A-B,A-C,A-D,B-C,B-D,C-D	6	3	1	"{""A-B"": 28, ""A-C"": 67, ""A-D"": 39, ""B-C"": 37, ""B-D"": 66, ""C-D"": 28}"	A-D,B-C	A-B,A-C,B-D,C-D	0.22131192189521107	0.6161394119262695	0.0	-2.8877625465393066	3.529643544564389	0.6161394119262695	0.0	-2.1644880771636963	14.683165535627971	"{""A-B"": {""dG_dSASA_ratio"": -2.4815921783447266, ""dG_separated"": -24.507732391357422, ""dSASA_int"": 987.5809936523438, ""delta_unsatHbonds"": 2.0, ""hbonds_int"": 4.0, ""nres_int"": 48.0, ""packstat"": 0.6268009543418884, ""sc_value"": 0.737098217010498}, ""A-C"": {""dG_dSASA_ratio"": -2.6774516105651855, ""dG_separated"": -45.60523223876953, ""dSASA_int"": 1703.3074951171875, ""delta_unsatHbonds"": 22.0, ""hbonds_int"": 4.0, ""nres_int"": 69.0, ""packstat"": 0.5707342624664307, ""sc_value"": 0.7178246974945068}, ""A-D"": {""dG_dSASA_ratio"": -2.9970626831054688, ""dG_separated"": -34.114723205566406, ""dSASA_int"": 1138.27197265625, ""delta_unsatHbonds"": 4.0, ""hbonds_int"": 0.0, ""nres_int"": 48.0, ""packstat"": 0.4885382354259491, ""sc_value"": 0.6291921138763428}, ""B-C"": {""dG_dSASA_ratio"": -2.8877625465393066, ""dG_separated"": -32.725830078125, ""dSASA_int"": 1133.2589111328125, ""delta_unsatHbonds"": 4.0, ""hbonds_int"": 0.0, ""nres_int"": 48.0, ""packstat"": 0.4875102639198303, ""sc_value"": 0.6161394119262695}, ""B-D"": {""dG_dSASA_ratio"": -2.601055860519409, ""dG_separated"": -44.28636169433594, ""dSASA_int"": 1702.630126953125, ""delta_unsatHbonds"": 25.0, ""hbonds_int"": 2.0, ""nres_int"": 71.0, ""packstat"": 0.5284528136253357, ""sc_value"": 0.6748716831207275}, ""C-D"": {""dG_dSASA_ratio"": -2.1644880771636963, ""dG_separated"": -20.444578170776367, ""dSASA_int"": 944.545654296875, ""delta_unsatHbonds"": 2.0, ""hbonds_int"": 4.0, ""nres_int"": 48.0, ""packstat"": 0.4977824091911316, ""sc_value"": 0.738099217414856}}"
ova_body_c4_16_ms25_r01	AF3	70	7070	0	0	A-B,A-C,A-D,B-C,B-D,C-D	6	3	1	"{""A-B"": 26, ""A-C"": 68, ""A-D"": 37, ""B-C"": 38, ""B-D"": 64, ""C-D"": 27}"	A-D,B-C	A-B,A-C,B-D,C-D	0.21730124381851657	0.6054866313934326	0.0	-2.8582301139831543	5.298391887613553	0.6054866313934326	0.0	-2.5081138610839844	13.053001091540414	"{""A-B"": {""dG_dSASA_ratio"": -2.5081138610839844, ""dG_separated"": -24.33856773376465, ""dSASA_int"": 970.3932495117188, ""delta_unsatHbonds"": 2.0, ""hbonds_int"": 4.0, ""nres_int"": 49.0, ""packstat"": 0.5980432629585266, ""sc_value"": 0.753238320350647}, ""A-C"": {""dG_dSASA_ratio"": -2.670058012008667, ""dG_separated"": -46.271305084228516, ""dSASA_int"": 1732.969970703125, ""delta_unsatHbonds"": 20.0, ""hbonds_int"": 6.0, ""nres_int"": 65.0, ""packstat"": 0.6669443845748901, ""sc_value"": 0.7047780752182007}, ""A-D"": {""dG_dSASA_ratio"": -2.946354389190674, ""dG_separated"": -33.365081787109375, ""dSASA_int"": 1132.4190673828125, ""delta_unsatHbonds"": 6.0, ""hbonds_int"": 0.0, ""nres_int"": 48.0, ""packstat"": 0.5418861508369446, ""sc_value"": 0.6066193580627441}, ""B-C"": {""dG_dSASA_ratio"": -2.8582301139831543, ""dG_separated"": -32.202392578125, ""dSASA_int"": 1126.655029296875, ""delta_unsatHbonds"": 4.0, ""hbonds_int"": 0.0, ""nres_int"": 48.0, ""packstat"": 0.5972103476524353, ""sc_value"": 0.6054866313934326}, ""B-D"": {""dG_dSASA_ratio"": -2.57653546333313, ""dG_separated"": -43.42586135864258, ""dSASA_int"": 1685.4361572265625, ""delta_unsatHbonds"": 22.0, ""hbonds_int"": 2.0, ""nres_int"": 66.0, ""packstat"": 0.5707210302352905, ""sc_value"": 0.6645492315292358}, ""C-D"": {""dG_dSASA_ratio"": -2.5416319370269775, ""dG_separated"": -24.34651756286621, ""dSASA_int"": 957.9088745117188, ""delta_unsatHbonds"": 2.0, ""hbonds_int"": 4.0, ""nres_int"": 48.0, ""packstat"": 0.5770867466926575, ""sc_value"": 0.7285533547401428}}"
ova_body_c4_16_ms25_r01	AF3	71	7071	0	0	A-B,A-C,A-D,B-C,B-D,C-D	6	3	1	"{""A-B"": 28, ""A-C"": 67, ""A-D"": 39, ""B-C"": 38, ""B-D"": 67, ""C-D"": 27}"	A-D,B-C	A-B,A-C,B-D,C-D	0.22192805105973992	0.5826138257980347	0.0	-2.793257236480713	6.075172848011664	0.5826138257980347	0.0	-2.1145131587982178	12.057839105872878	"{""A-B"": {""dG_dSASA_ratio"": -2.1145131587982178, ""dG_separated"": -21.263872146606445, ""dSASA_int"": 1005.615478515625, ""delta_unsatHbonds"": 2.0, ""hbonds_int"": 4.0, ""nres_int"": 50.0, ""packstat"": 0.6201989650726318, ""sc_value"": 0.7380084991455078}, ""A-C"": {""dG_dSASA_ratio"": -2.629757881164551, ""dG_separated"": -45.80000686645508, ""dSASA_int"": 1741.6055908203125, ""delta_unsatHbonds"": 21.0, ""hbonds_int"": 6.0, ""nres_int"": 65.0, ""packstat"": 0.5466212034225464, ""sc_value"": 0.695486307144165}, ""A-D"": {""dG_dSASA_ratio"": -2.793257236480713, ""dG_separated"": -32.18476486206055, ""dSASA_int"": 1152.2305908203125, ""delta_unsatHbonds"": 7.0, ""hbonds_int"": 0.0, ""nres_int"": 48.0, ""packstat"": 0.535792350769043, ""sc_value"": 0.5826138257980347}, ""B-C"": {""dG_dSASA_ratio"": -3.028127431869507, ""dG_separated"": -33.90127182006836, ""dSASA_int"": 1119.545654296875, ""delta_unsatHbonds"": 6.0, ""hbonds_int"": 0.0, ""nres_int"": 48.0, ""packstat"": 0.4975931644439697, ""sc_value"": 0.6429151296615601}, ""B-D"": {""dG_dSASA_ratio"": -2.643329620361328, ""dG_separated"": -44.57253646850586, ""dSASA_int"": 1686.2269287109375, ""delta_unsatHbonds"": 20.0, ""hbonds_int"": 4.0, ""nres_int"": 66.0, ""packstat"": 0.5696840882301331, ""sc_value"": 0.7173686027526855}, ""C-D"": {""dG_dSASA_ratio"": -2.6147682666778564, ""dG_separated"": -24.868406295776367, ""dSASA_int"": 951.0748901367188, ""delta_unsatHbonds"": 4.0, ""hbonds_int"": 4.0, ""nres_int"": 48.0, ""packstat"": 0.6304954886436462, ""sc_value"": 0.7176285982131958}}"
ova_body_c4_16_ms25_r01	AF3	72	7072	0	0	A-B,A-C,A-D,B-C,B-D,C-D	6	3	1	"{""A-B"": 27, ""A-C"": 64, ""A-D"": 37, ""B-C"": 40, ""B-D"": 68, ""C-D"": 28}"	A-D,B-C	A-B,A-C,B-D,C-D	0.22645187927913046	0.6222395896911621	0.0	-3.063119888305664	4.463401307942218	0.6222395896911621	0.0	-2.543463706970215	14.538821208278268	"{""A-B"": {""dG_dSASA_ratio"": -2.5576679706573486, ""dG_separated"": -24.91704750061035, ""dSASA_int"": 974.2095947265625, ""delta_unsatHbonds"": 4.0, ""hbonds_int"": 4.0, ""nres_int"": 48.0, ""packstat"": 0.6329314112663269, ""sc_value"": 0.7332587242126465}, ""A-C"": {""dG_dSASA_ratio"": -2.7428765296936035, ""dG_separated"": -46.58141326904297, ""dSASA_int"": 1698.2686767578125, ""delta_unsatHbonds"": 15.0, ""hbonds_int"": 6.0, ""nres_int"": 64.0, ""packstat"": 0.5847969651222229, ""sc_value"": 0.7181452512741089}, ""A-D"": {""dG_dSASA_ratio"": -3.063119888305664, ""dG_separated"": -33.868953704833984, ""dSASA_int"": 1105.701171875, ""delta_unsatHbonds"": 4.0, ""hbonds_int"": 0.0, ""nres_int"": 48.0, ""packstat"": 0.4640343189239502, ""sc_value"": 0.6222395896911621}, ""B-C"": {""dG_dSASA_ratio"": -3.2683868408203125, ""dG_separated"": -36.61318588256836, ""dSASA_int"": 1120.221923828125, ""delta_unsatHbonds"": 5.0, ""hbonds_int"": 1.0, ""nres_int"": 49.0, ""packstat"": 0.5137940049171448, ""sc_value"": 0.7006773948669434}, ""B-D"": {""dG_dSASA_ratio"": -2.5607187747955322, ""dG_separated"": -44.032432556152344, ""dSASA_int"": 1719.5341796875, ""delta_unsatHbonds"": 25.0, ""hbonds_int"": 4.0, ""nres_int"": 68.0, ""packstat"": 0.6469885110855103, ""sc_value"": 0.6859564185142517}, ""C-D"": {""dG_dSASA_ratio"": -2.543463706970215, ""dG_separated"": -24.258094787597656, ""dSASA_int"": 953.7425537109375, ""delta_unsatHbonds"": 2.0, ""hbonds_int"": 4.0, ""nres_int"": 47.0, ""packstat"": 0.5717764496803284, ""sc_value"": 0.7220734357833862}}"
ova_body_c4_16_ms25_r01	AF3	73	7073	0	0	A-B,A-C,A-D,B-C,B-D,C-D	6	3	1	"{""A-B"": 29, ""A-C"": 68, ""A-D"": 38, ""B-C"": 39, ""B-D"": 68, ""C-D"": 28}"	A-D,B-C	A-B,A-C,B-D,C-D	0.20781809509266091	0.6292095184326172	0.0	-3.0196940898895264	3.619480466259954	0.6292095184326172	0.0	-2.2124955654144287	13.58836519308408	"{""A-B"": {""dG_dSASA_ratio"": -2.2124955654144287, ""dG_separated"": -22.013174057006836, ""dSASA_int"": 994.9476928710938, ""delta_unsatHbonds"": 4.0, ""hbonds_int"": 4.0, ""nres_int"": 49.0, ""packstat"": 0.5994230508804321, ""sc_value"": 0.7502074241638184}, ""A-C"": {""dG_dSASA_ratio"": -2.646425485610962, ""dG_separated"": -45.93781661987305, ""dSASA_int"": 1735.843994140625, ""delta_unsatHbonds"": 22.0, ""hbonds_int"": 5.0, ""nres_int"": 66.0, ""packstat"": 0.6415766477584839, ""sc_value"": 0.7087396383285522}, ""A-D"": {""dG_dSASA_ratio"": -3.0875673294067383, ""dG_separated"": -34.12166213989258, ""dSASA_int"": 1105.1309814453125, ""delta_unsatHbonds"": 4.0, ""hbonds_int"": 0.0, ""nres_int"": 48.0, ""packstat"": 0.4916917085647583, ""sc_value"": 0.6292095184326172}, ""B-C"": {""dG_dSASA_ratio"": -3.0196940898895264, ""dG_separated"": -33.86883544921875, ""dSASA_int"": 1121.5982666015625, ""delta_unsatHbonds"": 4.0, ""hbonds_int"": 0.0, ""nres_int"": 48.0, ""packstat"": 0.5496861338615417, ""sc_value"": 0.6487342119216919}, ""B-D"": {""dG_dSASA_ratio"": -2.603259563446045, ""dG_separated"": -44.06340789794922, ""dSASA_int"": 1692.62451171875, ""delta_unsatHbonds"": 23.0, ""hbonds_int"": 3.0, ""nres_int"": 67.0, ""packstat"": 0.5307939648628235, ""sc_value"": 0.6703089475631714}, ""C-D"": {""dG_dSASA_ratio"": -2.542053699493408, ""dG_separated"": -24.101362228393555, ""dSASA_int"": 948.10595703125, ""delta_unsatHbonds"": 2.0, ""hbonds_int"": 4.0, ""nres_int"": 48.0, ""packstat"": 0.5585447549819946, ""sc_value"": 0.7371071577072144}}"
ova_body_c4_16_ms25_r01	AF3	74	7074	0	0	A-B,A-C,A-D,B-C,B-D,C-D	6	3	1	"{""A-B"": 24, ""A-C"": 69, ""A-D"": 39, ""B-C"": 40, ""B-D"": 62, ""C-D"": 27}"	A-D,B-C	A-B,A-C,B-D,C-D	0.2288372203752022	0.6282901763916016	0.0	-3.0126917362213135	4.292159860739532	0.6282901763916016	0.0	-2.3832242488861084	11.87166974266866	"{""A-B"": {""dG_dSASA_ratio"": -2.3832242488861084, ""dG_separated"": -21.734996795654297, ""dSASA_int"": 911.9996337890625, ""delta_unsatHbonds"": 3.0, ""hbonds_int"": 5.0, ""nres_int"": 47.0, ""packstat"": 0.5991294980049133, ""sc_value"": 0.7251458168029785}, ""A-C"": {""dG_dSASA_ratio"": -2.6475446224212646, ""dG_separated"": -45.70775604248047, ""dSASA_int"": 1726.4205322265625, ""delta_unsatHbonds"": 20.0, ""hbonds_int"": 4.0, ""nres_int"": 67.0, ""packstat"": 0.5857826471328735, ""sc_value"": 0.7137081623077393}, ""A-D"": {""dG_dSASA_ratio"": -3.0126917362213135, ""dG_separated"": -34.013877868652344, ""dSASA_int"": 1129.01953125, ""delta_unsatHbonds"": 4.0, ""hbonds_int"": 0.0, ""nres_int"": 48.0, ""packstat"": 0.5007551312446594, ""sc_value"": 0.6282901763916016}, ""B-C"": {""dG_dSASA_ratio"": -3.158867120742798, ""dG_separated"": -36.7981071472168, ""dSASA_int"": 1164.9146728515625, ""delta_unsatHbonds"": 5.0, ""hbonds_int"": 1.0, ""nres_int"": 49.0, ""packstat"": 0.5075568556785583, ""sc_value"": 0.6838666200637817}, ""B-D"": {""dG_dSASA_ratio"": -2.6045734882354736, ""dG_separated"": -43.878807067871094, ""dSASA_int"": 1684.6829833984375, ""delta_unsatHbonds"": 20.0, ""hbonds_int"": 2.0, ""nres_int"": 68.0, ""packstat"": 0.6063811779022217, ""sc_value"": 0.6774008870124817}, ""C-D"": {""dG_dSASA_ratio"": -2.549886703491211, ""dG_separated"": -24.034515380859375, ""dSASA_int"": 942.5718994140625, ""delta_unsatHbonds"": 2.0, ""hbonds_int"": 4.0, ""nres_int"": 48.0, ""packstat"": 0.637738823890686, ""sc_value"": 0.7372331619262695}}"
ova_body_c4_16_ms25_r01	AF3	75	7075	0	0	A-B,A-C,A-D,B-C,B-D,C-D	6	3	1	"{""A-B"": 29, ""A-C"": 66, ""A-D"": 38, ""B-C"": 39, ""B-D"": 67, ""C-D"": 26}"	A-D,B-C	A-B,A-C,B-D,C-D	0.22091742844692483	0.6158287525177002	0.0	-2.966195583343506	5.346970544993498	0.6158287525177002	0.0	-2.4507672786712646	13.735968538506304	"{""A-B"": {""dG_dSASA_ratio"": -2.8296456336975098, ""dG_separated"": -28.53793716430664, ""dSASA_int"": 1008.533935546875, ""delta_unsatHbonds"": 3.0, ""hbonds_int"": 4.0, ""nres_int"": 48.0, ""packstat"": 0.6005746722221375, ""sc_value"": 0.7358109951019287}, ""A-C"": {""dG_dSASA_ratio"": -2.6153416633605957, ""dG_separated"": -45.683006286621094, ""dSASA_int"": 1746.7318115234375, ""delta_unsatHbonds"": 18.0, ""hbonds_int"": 6.0, ""nres_int"": 66.0, ""packstat"": 0.5835395455360413, ""sc_value"": 0.715985894203186}, ""A-D"": {""dG_dSASA_ratio"": -2.966195583343506, ""dG_separated"": -33.28459167480469, ""dSASA_int"": 1122.1307373046875, ""delta_unsatHbonds"": 6.0, ""hbonds_int"": 0.0, ""nres_int"": 49.0, ""packstat"": 0.5152977108955383, ""sc_value"": 0.6158287525177002}, ""B-C"": {""dG_dSASA_ratio"": -3.033097982406616, ""dG_separated"": -34.35051727294922, ""dSASA_int"": 1132.5224609375, ""delta_unsatHbonds"": 4.0, ""hbonds_int"": 0.0, ""nres_int"": 48.0, ""packstat"": 0.5870944261550903, ""sc_value"": 0.6592088937759399}, ""B-D"": {""dG_dSASA_ratio"": -2.4507672786712646, ""dG_separated"": -42.82072448730469, ""dSASA_int"": 1747.237548828125, ""delta_unsatHbonds"": 24.0, ""hbonds_int"": 2.0, ""nres_int"": 69.0, ""packstat"": 0.49279171228408813, ""sc_value"": 0.6527296304702759}, ""C-D"": {""dG_dSASA_ratio"": -2.524742603302002, ""dG_separated"": -23.80609130859375, ""dSASA_int"": 942.91162109375, ""delta_unsatHbonds"": 2.0, ""hbonds_int"": 4.0, ""nres_int"": 48.0, ""packstat"": 0.5857120752334595, ""sc_value"": 0.7514868974685669}}"
ova_body_c4_16_ms25_r01	AF3	76	7076	0	0	A-B,A-C,A-D,B-C,B-D,C-D	6	3	1	"{""A-B"": 26, ""A-C"": 67, ""A-D"": 38, ""B-C"": 40, ""B-D"": 62, ""C-D"": 27}"	A-D,B-C	A-B,A-C,B-D,C-D	0.24128673937171188	0.5944730043411255	0.0	-2.7975502014160156	5.317159728875914	0.5944730043411255	0.0	-2.568545341491699	14.97775263108522	"{""A-B"": {""dG_dSASA_ratio"": -2.568545341491699, ""dG_separated"": -25.11884117126465, ""dSASA_int"": 977.9403076171875, ""delta_unsatHbonds"": 3.0, ""hbonds_int"": 4.0, ""nres_int"": 49.0, ""packstat"": 0.583423376083374, ""sc_value"": 0.7231193780899048}, ""A-C"": {""dG_dSASA_ratio"": -2.592034101486206, ""dG_separated"": -45.21582794189453, ""dSASA_int"": 1744.414794921875, ""delta_unsatHbonds"": 19.0, ""hbonds_int"": 3.0, ""nres_int"": 68.0, ""packstat"": 0.5890201330184937, ""sc_value"": 0.7106737494468689}, ""A-D"": {""dG_dSASA_ratio"": -2.7975502014160156, ""dG_separated"": -31.585412979125977, ""dSASA_int"": 1129.038330078125, ""delta_unsatHbonds"": 5.0, ""hbonds_int"": 0.0, ""nres_int"": 48.0, ""packstat"": 0.44211310148239136, ""sc_value"": 0.5944730043411255}, ""B-C"": {""dG_dSASA_ratio"": -3.2287752628326416, ""dG_separated"": -36.43421173095703, ""dSASA_int"": 1128.4219970703125, ""delta_unsatHbonds"": 6.0, ""hbonds_int"": 1.0, ""nres_int"": 49.0, ""packstat"": 0.5399797558784485, ""sc_value"": 0.7070636749267578}, ""B-D"": {""dG_dSASA_ratio"": -2.6124422550201416, ""dG_separated"": -45.34959030151367, ""dSASA_int"": 1735.907958984375, ""delta_unsatHbonds"": 26.0, ""hbonds_int"": 3.0, ""nres_int"": 67.0, ""packstat"": 0.5813198685646057, ""sc_value"": 0.6581156253814697}, ""C-D"": {""dG_dSASA_ratio"": -2.651616096496582, ""dG_separated"": -24.637685775756836, ""dSASA_int"": 929.1573486328125, ""delta_unsatHbonds"": 2.0, ""hbonds_int"": 4.0, ""nres_int"": 48.0, ""packstat"": 0.5692407488822937, ""sc_value"": 0.7347098588943481}}"
ova_body_c4_16_ms25_r01	AF3	77	7077	0	0	A-B,A-C,A-D,B-C,B-D,C-D	6	3	1	"{""A-B"": 29, ""A-C"": 68, ""A-D"": 39, ""B-C"": 39, ""B-D"": 67, ""C-D"": 27}"	A-D,B-C	A-B,A-C,B-D,C-D	0.20415056044575294	0.6261013746261597	0.0	-2.9604969024658203	3.5763844246537397	0.6261013746261597	0.0	-2.4720170497894287	13.742960339681959	"{""A-B"": {""dG_dSASA_ratio"": -2.4720170497894287, ""dG_separated"": -24.58519172668457, ""dSASA_int"": 994.5396728515625, ""delta_unsatHbonds"": 1.0, ""hbonds_int"": 4.0, ""nres_int"": 48.0, ""packstat"": 0.6141139268875122, ""sc_value"": 0.7373214364051819}, ""A-C"": {""dG_dSASA_ratio"": -2.6920454502105713, ""dG_separated"": -46.09610366821289, ""dSASA_int"": 1712.3076171875, ""delta_unsatHbonds"": 20.0, ""hbonds_int"": 4.0, ""nres_int"": 68.0, ""packstat"": 0.6178834438323975, ""sc_value"": 0.7120606303215027}, ""A-D"": {""dG_dSASA_ratio"": -3.061544179916382, ""dG_separated"": -34.24177932739258, ""dSASA_int"": 1118.447998046875, ""delta_unsatHbonds"": 4.0, ""hbonds_int"": 0.0, ""nres_int"": 48.0, ""packstat"": 0.5263886451721191, ""sc_value"": 0.6261013746261597}, ""B-C"": {""dG_dSASA_ratio"": -2.9604969024658203, ""dG_separated"": -33.966880798339844, ""dSASA_int"": 1147.337158203125, ""delta_unsatHbonds"": 4.0, ""hbonds_int"": 0.0, ""nres_int"": 48.0, ""packstat"": 0.550023078918457, ""sc_value"": 0.6600214242935181}, ""B-D"": {""dG_dSASA_ratio"": -2.5032012462615967, ""dG_separated"": -43.71461868286133, ""dSASA_int"": 1746.3486328125, ""delta_unsatHbonds"": 24.0, ""hbonds_int"": 2.0, ""nres_int"": 67.0, ""packstat"": 0.5369872450828552, ""sc_value"": 0.6778532862663269}, ""C-D"": {""dG_dSASA_ratio"": -2.7384045124053955, ""dG_separated"": -25.608570098876953, ""dSASA_int"": 935.163818359375, ""delta_unsatHbonds"": 4.0, ""hbonds_int"": 4.0, ""nres_int"": 48.0, ""packstat"": 0.5347200632095337, ""sc_value"": 0.739291250705719}}"
ova_body_c4_16_ms25_r01	AF3	78	7078	0	0	A-B,A-C,A-D,B-C,B-D,C-D	6	3	1	"{""A-B"": 28, ""A-C"": 64, ""A-D"": 39, ""B-C"": 38, ""B-D"": 68, ""C-D"": 27}"	A-D,B-C	A-B,A-C,B-D,C-D	0.22343801204545635	0.659838080406189	0.0	-2.980651378631592	4.448685563298518	0.659838080406189	0.0	-2.5394067764282227	12.664998135991459	"{""A-B"": {""dG_dSASA_ratio"": -2.5588088035583496, ""dG_separated"": -25.404678344726562, ""dSASA_int"": 992.8322143554688, ""delta_unsatHbonds"": 4.0, ""hbonds_int"": 4.0, ""nres_int"": 49.0, ""packstat"": 0.616208016872406, ""sc_value"": 0.7382543087005615}, ""A-C"": {""dG_dSASA_ratio"": -2.710923910140991, ""dG_separated"": -45.515689849853516, ""dSASA_int"": 1678.973388671875, ""delta_unsatHbonds"": 15.0, ""hbonds_int"": 3.0, ""nres_int"": 65.0, ""packstat"": 0.559316873550415, ""sc_value"": 0.6986444592475891}, ""A-D"": {""dG_dSASA_ratio"": -3.2596311569213867, ""dG_separated"": -36.63589096069336, ""dSASA_int"": 1123.927490234375, ""delta_unsatHbonds"": 5.0, ""hbonds_int"": 1.0, ""nres_int"": 49.0, ""packstat"": 0.49924328923225403, ""sc_value"": 0.6877245903015137}, ""B-C"": {""dG_dSASA_ratio"": -2.980651378631592, ""dG_separated"": -33.94367218017578, ""dSASA_int"": 1138.8004150390625, ""delta_unsatHbonds"": 4.0, ""hbonds_int"": 0.0, ""nres_int"": 48.0, ""packstat"": 0.496168315410614, ""sc_value"": 0.659838080406189}, ""B-D"": {""dG_dSASA_ratio"": -2.577958583831787, ""dG_separated"": -44.780967712402344, ""dSASA_int"": 1737.0709228515625, ""delta_unsatHbonds"": 22.0, ""hbonds_int"": 2.0, ""nres_int"": 68.0, ""packstat"": 0.6234554052352905, ""sc_value"": 0.6778955459594727}, ""C-D"": {""dG_dSASA_ratio"": -2.5394067764282227, ""dG_separated"": -23.969572067260742, ""dSASA_int"": 943.9043579101562, ""delta_unsatHbonds"": 2.0, ""hbonds_int"": 4.0, ""nres_int"": 48.0, ""packstat"": 0.592738926410675, ""sc_value"": 0.7345584630966187}}"
ova_body_c4_16_ms25_r01	AF3	79	7079	0	0	A-B,A-C,A-D,B-C,B-D,C-D	6	3	1	"{""A-B"": 27, ""A-C"": 65, ""A-D"": 38, ""B-C"": 37, ""B-D"": 68, ""C-D"": 28}"	A-D,B-C	A-B,A-C,B-D,C-D	0.2096467960015205	0.5702713131904602	0.0	-2.6096699237823486	4.406197635390803	0.5702713131904602	0.0	-2.464203119277954	14.553301751910547	"{""A-B"": {""dG_dSASA_ratio"": -2.464203119277954, ""dG_separated"": -24.387962341308594, ""dSASA_int"": 989.6896362304688, ""delta_unsatHbonds"": 3.0, ""hbonds_int"": 4.0, ""nres_int"": 49.0, ""packstat"": 0.5848168730735779, ""sc_value"": 0.7302046418190002}, ""A-C"": {""dG_dSASA_ratio"": -2.6437630653381348, ""dG_separated"": -46.11359405517578, ""dSASA_int"": 1744.2408447265625, ""delta_unsatHbonds"": 20.0, ""hbonds_int"": 3.0, ""nres_int"": 67.0, ""packstat"": 0.6126044392585754, ""sc_value"": 0.6907904148101807}, ""A-D"": {""dG_dSASA_ratio"": -2.6096699237823486, ""dG_separated"": -30.196407318115234, ""dSASA_int"": 1157.0968017578125, ""delta_unsatHbonds"": 5.0, ""hbonds_int"": 0.0, ""nres_int"": 48.0, ""packstat"": 0.5638921856880188, ""sc_value"": 0.5702713131904602}, ""B-C"": {""dG_dSASA_ratio"": -2.9962565898895264, ""dG_separated"": -34.0004768371582, ""dSASA_int"": 1134.7652587890625, ""delta_unsatHbonds"": 5.0, ""hbonds_int"": 0.0, ""nres_int"": 48.0, ""packstat"": 0.6144890189170837, ""sc_value"": 0.6514092087745667}, ""B-D"": {""dG_dSASA_ratio"": -2.618237018585205, ""dG_separated"": -44.9766845703125, ""dSASA_int"": 1717.8232421875, ""delta_unsatHbonds"": 25.0, ""hbonds_int"": 2.0, ""nres_int"": 67.0, ""packstat"": 0.6084526181221008, ""sc_value"": 0.6758180856704712}, ""C-D"": {""dG_dSASA_ratio"": -2.5590808391571045, ""dG_separated"": -24.365352630615234, ""dSASA_int"": 952.1134643554688, ""delta_unsatHbonds"": 2.0, ""hbonds_int"": 4.0, ""nres_int"": 48.0, ""packstat"": 0.5925390720367432, ""sc_value"": 0.7294150590896606}}"
ova_body_c4_16_ms25_r01	AF3	80	7080	0	0	A-B,A-C,A-D,B-C,B-D,C-D	6	3	1	"{""A-B"": 25, ""A-C"": 69, ""A-D"": 37, ""B-C"": 39, ""B-D"": 62, ""C-D"": 26}"	A-D,B-C	A-B,A-C,B-D,C-D	0.22622864449769936	0.5817465782165527	0.0	-2.5928592681884766	5.199164317265378	0.5817465782165527	0.0	-2.178370475769043	14.43549666073411	"{""A-B"": {""dG_dSASA_ratio"": -2.178370475769043, ""dG_separated"": -20.423032760620117, ""dSASA_int"": 937.5371704101562, ""delta_unsatHbonds"": 1.0, ""hbonds_int"": 5.0, ""nres_int"": 48.0, ""packstat"": 0.580988347530365, ""sc_value"": 0.7223448753356934}, ""A-C"": {""dG_dSASA_ratio"": -2.7098336219787598, ""dG_separated"": -46.715049743652344, ""dSASA_int"": 1723.9083251953125, ""delta_unsatHbonds"": 20.0, ""hbonds_int"": 4.0, ""nres_int"": 68.0, ""packstat"": 0.6352592706680298, ""sc_value"": 0.7167425751686096}, ""A-D"": {""dG_dSASA_ratio"": -2.5928592681884766, ""dG_separated"": -29.92241668701172, ""dSASA_int"": 1154.0316162109375, ""delta_unsatHbonds"": 6.0, ""hbonds_int"": 0.0, ""nres_int"": 48.0, ""packstat"": 0.5390786528587341, ""sc_value"": 0.5817465782165527}, ""B-C"": {""dG_dSASA_ratio"": -3.281235933303833, ""dG_separated"": -37.01850509643555, ""dSASA_int"": 1128.1878662109375, ""delta_unsatHbonds"": 5.0, ""hbonds_int"": 1.0, ""nres_int"": 49.0, ""packstat"": 0.5740340948104858, ""sc_value"": 0.7019321918487549}, ""B-D"": {""dG_dSASA_ratio"": -2.659623384475708, ""dG_separated"": -46.06047821044922, ""dSASA_int"": 1731.842041015625, ""delta_unsatHbonds"": 25.0, ""hbonds_int"": 3.0, ""nres_int"": 66.0, ""packstat"": 0.5761963725090027, ""sc_value"": 0.6802396774291992}, ""C-D"": {""dG_dSASA_ratio"": -2.661400556564331, ""dG_separated"": -23.90154266357422, ""dSASA_int"": 898.081298828125, ""delta_unsatHbonds"": 2.0, ""hbonds_int"": 4.0, ""nres_int"": 47.0, ""packstat"": 0.6293801665306091, ""sc_value"": 0.7323856949806213}}"
ova_body_c4_16_ms25_r01	AF3	81	7081	0	0	A-B,A-C,A-D,B-C,B-D,C-D	6	3	1	"{""A-B"": 28, ""A-C"": 67, ""A-D"": 39, ""B-C"": 37, ""B-D"": 66, ""C-D"": 28}"	A-D,B-C	A-B,A-C,B-D,C-D	0.22131192189521107	0.6161394119262695	0.0	-2.8877625465393066	3.529643544564389	0.6161394119262695	0.0	-2.4815921783447266	14.683165535627971	"{""A-B"": {""dG_dSASA_ratio"": -2.4815921783447266, ""dG_separated"": -24.507732391357422, ""dSASA_int"": 987.5809936523438, ""delta_unsatHbonds"": 2.0, ""hbonds_int"": 4.0, ""nres_int"": 48.0, ""packstat"": 0.648457407951355, ""sc_value"": 0.737098217010498}, ""A-C"": {""dG_dSASA_ratio"": -2.6774516105651855, ""dG_separated"": -45.60523223876953, ""dSASA_int"": 1703.3074951171875, ""delta_unsatHbonds"": 22.0, ""hbonds_int"": 4.0, ""nres_int"": 69.0, ""packstat"": 0.5613681077957153, ""sc_value"": 0.7178246974945068}, ""A-D"": {""dG_dSASA_ratio"": -3.056579113006592, ""dG_separated"": -34.79218292236328, ""dSASA_int"": 1138.27197265625, ""delta_unsatHbonds"": 4.0, ""hbonds_int"": 0.0, ""nres_int"": 48.0, ""packstat"": 0.47594937682151794, ""sc_value"": 0.6291921138763428}, ""B-C"": {""dG_dSASA_ratio"": -2.8877625465393066, ""dG_separated"": -32.725830078125, ""dSASA_int"": 1133.2589111328125, ""delta_unsatHbonds"": 4.0, ""hbonds_int"": 0.0, ""nres_int"": 48.0, ""packstat"": 0.476755827665329, ""sc_value"": 0.6161394119262695}, ""B-D"": {""dG_dSASA_ratio"": -2.601055860519409, ""dG_separated"": -44.28636169433594, ""dSASA_int"": 1702.630126953125, ""delta_unsatHbonds"": 25.0, ""hbonds_int"": 2.0, ""nres_int"": 71.0, ""packstat"": 0.5015401840209961, ""sc_value"": 0.6748716831207275}, ""C-D"": {""dG_dSASA_ratio"": -2.5529401302337646, ""dG_separated"": -24.113685607910156, ""dSASA_int"": 944.545654296875, ""delta_unsatHbonds"": 2.0, ""hbonds_int"": 4.0, ""nres_int"": 48.0, ""packstat"": 0.5482159852981567, ""sc_value"": 0.7335100173950195}}"
ova_body_c4_16_ms25_r01	AF3	82	7082	0	0	A-B,A-C,A-D,B-C,B-D,C-D	6	3	1	"{""A-B"": 27, ""A-C"": 62, ""A-D"": 37, ""B-C"": 39, ""B-D"": 65, ""C-D"": 27}"	A-D,B-C	A-B,A-C,B-D,C-D	0.22779951660307135	0.6301639676094055	0.0	-2.903846502304077	4.503292647945972	0.6301639676094055	0.0	-2.270918607711792	15.512550856022314	"{""A-B"": {""dG_dSASA_ratio"": -2.50970196723938, ""dG_separated"": -25.159412384033203, ""dSASA_int"": 1002.4860229492188, ""delta_unsatHbonds"": 2.0, ""hbonds_int"": 4.0, ""nres_int"": 49.0, ""packstat"": 0.582575798034668, ""sc_value"": 0.7398473024368286}, ""A-C"": {""dG_dSASA_ratio"": -2.7562763690948486, ""dG_separated"": -46.49422836303711, ""dSASA_int"": 1686.8492431640625, ""delta_unsatHbonds"": 18.0, ""hbonds_int"": 4.0, ""nres_int"": 65.0, ""packstat"": 0.6361504793167114, ""sc_value"": 0.7062290906906128}, ""A-D"": {""dG_dSASA_ratio"": -2.903846502304077, ""dG_separated"": -32.487998962402344, ""dSASA_int"": 1118.7918701171875, ""delta_unsatHbonds"": 3.0, ""hbonds_int"": 0.0, ""nres_int"": 47.0, ""packstat"": 0.4790741205215454, ""sc_value"": 0.6301639676094055}, ""B-C"": {""dG_dSASA_ratio"": -3.111781597137451, ""dG_separated"": -34.55006790161133, ""dSASA_int"": 1110.2987060546875, ""delta_unsatHbonds"": 5.0, ""hbonds_int"": 0.0, ""nres_int"": 48.0, ""packstat"": 0.5623059272766113, ""sc_value"": 0.6494399309158325}, ""B-D"": {""dG_dSASA_ratio"": -2.60675048828125, ""dG_separated"": -45.37117004394531, ""dSASA_int"": 1740.526123046875, ""delta_unsatHbonds"": 27.0, ""hbonds_int"": 2.0, ""nres_int"": 68.0, ""packstat"": 0.5584779381752014, ""sc_value"": 0.6497849822044373}, ""C-D"": {""dG_dSASA_ratio"": -2.270918607711792, ""dG_separated"": -21.164064407348633, ""dSASA_int"": 931.9605102539062, ""delta_unsatHbonds"": 2.0, ""hbonds_int"": 4.0, ""nres_int"": 48.0, ""packstat"": 0.5735817551612854, ""sc_value"": 0.7346116900444031}}"
ova_body_c4_16_ms25_r01	AF3	83	7083	0	0	A-B,A-C,A-D,B-C,B-D,C-D	6	3	1	"{""A-B"": 28, ""A-C"": 67, ""A-D"": 39, ""B-C"": 39, ""B-D"": 68, ""C-D"": 28}"	A-D,B-C	A-B,A-C,B-D,C-D	0.2191418000190158	0.624308705329895	0.0	-2.9949419498443604	4.482626048413018	0.624308705329895	0.0	-2.4442451000213623	14.565437539556221	"{""A-B"": {""dG_dSASA_ratio"": -2.4442451000213623, ""dG_separated"": -24.633132934570312, ""dSASA_int"": 1007.8012084960938, ""delta_unsatHbonds"": 2.0, ""hbonds_int"": 4.0, ""nres_int"": 50.0, ""packstat"": 0.6078140735626221, ""sc_value"": 0.7332541942596436}, ""A-C"": {""dG_dSASA_ratio"": -2.5901546478271484, ""dG_separated"": -44.62786102294922, ""dSASA_int"": 1722.98046875, ""delta_unsatHbonds"": 18.0, ""hbonds_int"": 5.0, ""nres_int"": 65.0, ""packstat"": 0.663797914981842, ""sc_value"": 0.7072767615318298}, ""A-D"": {""dG_dSASA_ratio"": -3.054553747177124, ""dG_separated"": -34.07102966308594, ""dSASA_int"": 1115.4176025390625, ""delta_unsatHbonds"": 5.0, ""hbonds_int"": 0.0, ""nres_int"": 48.0, ""packstat"": 0.5142933130264282, ""sc_value"": 0.624308705329895}, ""B-C"": {""dG_dSASA_ratio"": -2.9949419498443604, ""dG_separated"": -33.8945198059082, ""dSASA_int"": 1131.7254638671875, ""delta_unsatHbonds"": 5.0, ""hbonds_int"": 0.0, ""nres_int"": 48.0, ""packstat"": 0.5124079585075378, ""sc_value"": 0.6502184867858887}, ""B-D"": {""dG_dSASA_ratio"": -2.5297157764434814, ""dG_separated"": -43.419837951660156, ""dSASA_int"": 1716.3919677734375, ""delta_unsatHbonds"": 25.0, ""hbonds_int"": 2.0, ""nres_int"": 67.0, ""packstat"": 0.5556945204734802, ""sc_value"": 0.6505922079086304}, ""C-D"": {""dG_dSASA_ratio"": -2.632882833480835, ""dG_separated"": -24.943538665771484, ""dSASA_int"": 947.3851318359375, ""delta_unsatHbonds"": 2.0, ""hbonds_int"": 4.0, ""nres_int"": 47.0, ""packstat"": 0.5818250179290771, ""sc_value"": 0.7244535684585571}}"
ova_body_c4_16_ms25_r01	AF3	84	7084	0	0	A-B,A-C,A-D,B-C,B-D,C-D	6	3	1	"{""A-B"": 28, ""A-C"": 67, ""A-D"": 39, ""B-C"": 38, ""B-D"": 62, ""C-D"": 28}"	A-D,B-C	A-B,A-C,B-D,C-D	0.2284417458025526	0.5999128818511963	0.0	-2.822157859802246	4.408448809363649	0.5999128818511963	0.0	-2.541585922241211	14.221890954218225	"{""A-B"": {""dG_dSASA_ratio"": -2.548945665359497, ""dG_separated"": -25.08722686767578, ""dSASA_int"": 984.2197875976562, ""delta_unsatHbonds"": 4.0, ""hbonds_int"": 4.0, ""nres_int"": 48.0, ""packstat"": 0.624281644821167, ""sc_value"": 0.7278153896331787}, ""A-C"": {""dG_dSASA_ratio"": -2.642961263656616, ""dG_separated"": -45.85075759887695, ""dSASA_int"": 1734.8253173828125, ""delta_unsatHbonds"": 16.0, ""hbonds_int"": 6.0, ""nres_int"": 67.0, ""packstat"": 0.5760324001312256, ""sc_value"": 0.7176342606544495}, ""A-D"": {""dG_dSASA_ratio"": -3.2213239669799805, ""dG_separated"": -36.53580093383789, ""dSASA_int"": 1134.185791015625, ""delta_unsatHbonds"": 5.0, ""hbonds_int"": 1.0, ""nres_int"": 49.0, ""packstat"": 0.5170117616653442, ""sc_value"": 0.6827924251556396}, ""B-C"": {""dG_dSASA_ratio"": -2.822157859802246, ""dG_separated"": -31.93943977355957, ""dSASA_int"": 1131.73828125, ""delta_unsatHbonds"": 4.0, ""hbonds_int"": 0.0, ""nres_int"": 48.0, ""packstat"": 0.494977205991745, ""sc_value"": 0.5999128818511963}, ""B-D"": {""dG_dSASA_ratio"": -2.6025376319885254, ""dG_separated"": -43.91884231567383, ""dSASA_int"": 1687.539306640625, ""delta_unsatHbonds"": 24.0, ""hbonds_int"": 2.0, ""nres_int"": 65.0, ""packstat"": 0.5757241249084473, ""sc_value"": 0.6626731753349304}, ""C-D"": {""dG_dSASA_ratio"": -2.541585922241211, ""dG_separated"": -24.372879028320312, ""dSASA_int"": 958.96337890625, ""delta_unsatHbonds"": 2.0, ""hbonds_int"": 4.0, ""nres_int"": 48.0, ""packstat"": 0.5480896830558777, ""sc_value"": 0.7291516065597534}}"
ova_body_c4_16_ms25_r01	AF3	85	7085	0	0	A-B,A-C,A-D,B-C,B-D,C-D	6	3	1	"{""A-B"": 28, ""A-C"": 64, ""A-D"": 38, ""B-C"": 37, ""B-D"": 69, ""C-D"": 28}"	A-D,B-C	A-B,A-C,B-D,C-D	0.21651893981578887	0.5923484563827515	0.0	-2.8196768760681152	5.368620830668246	0.5923484563827515	0.0	-2.451270818710327	12.240965837478893	"{""A-B"": {""dG_dSASA_ratio"": -2.451270818710327, ""dG_separated"": -24.53972816467285, ""dSASA_int"": 1001.102294921875, ""delta_unsatHbonds"": 2.0, ""hbonds_int"": 4.0, ""nres_int"": 49.0, ""packstat"": 0.6425260305404663, ""sc_value"": 0.7301657199859619}, ""A-C"": {""dG_dSASA_ratio"": -2.6700007915496826, ""dG_separated"": -45.690425872802734, ""dSASA_int"": 1711.25146484375, ""delta_unsatHbonds"": 19.0, ""hbonds_int"": 4.0, ""nres_int"": 64.0, ""packstat"": 0.5746438503265381, ""sc_value"": 0.7115679383277893}, ""A-D"": {""dG_dSASA_ratio"": -2.8196768760681152, ""dG_separated"": -32.57420349121094, ""dSASA_int"": 1155.24609375, ""delta_unsatHbonds"": 5.0, ""hbonds_int"": 0.0, ""nres_int"": 48.0, ""packstat"": 0.48353248834609985, ""sc_value"": 0.5923484563827515}, ""B-C"": {""dG_dSASA_ratio"": -3.0144150257110596, ""dG_separated"": -33.689266204833984, ""dSASA_int"": 1117.60546875, ""delta_unsatHbonds"": 6.0, ""hbonds_int"": 0.0, ""nres_int"": 48.0, ""packstat"": 0.5415871143341064, ""sc_value"": 0.6470099687576294}, ""B-D"": {""dG_dSASA_ratio"": -2.659026622772217, ""dG_separated"": -45.6169548034668, ""dSASA_int"": 1715.5509033203125, ""delta_unsatHbonds"": 21.0, ""hbonds_int"": 2.0, ""nres_int"": 67.0, ""packstat"": 0.6499735713005066, ""sc_value"": 0.6907392144203186}, ""C-D"": {""dG_dSASA_ratio"": -2.5380141735076904, ""dG_separated"": -24.208677291870117, ""dSASA_int"": 953.84326171875, ""delta_unsatHbonds"": 2.0, ""hbonds_int"": 4.0, ""nres_int"": 48.0, ""packstat"": 0.5151926279067993, ""sc_value"": 0.7235273122787476}}"
ova_body_c4_16_ms25_r01	AF3	86	7086	0	0	A-B,A-C,A-D,B-C,B-D,C-D	6	3	1	"{""A-B"": 28, ""A-C"": 61, ""A-D"": 38, ""B-C"": 41, ""B-D"": 67, ""C-D"": 25}"	A-D,B-C	A-B,A-C,B-D,C-D	0.23797356210352855	0.6267350912094116	0.0	-3.066678047180176	4.4055938565198325	0.6267350912094116	0.0	-2.3202013969421387	12.322543610466884	"{""A-B"": {""dG_dSASA_ratio"": -2.468932867050171, ""dG_separated"": -24.16583251953125, ""dSASA_int"": 978.7966918945312, ""delta_unsatHbonds"": 2.0, ""hbonds_int"": 4.0, ""nres_int"": 47.0, ""packstat"": 0.6058933138847351, ""sc_value"": 0.733618438243866}, ""A-C"": {""dG_dSASA_ratio"": -2.7322163581848145, ""dG_separated"": -46.078983306884766, ""dSASA_int"": 1686.5057373046875, ""delta_unsatHbonds"": 17.0, ""hbonds_int"": 6.0, ""nres_int"": 64.0, ""packstat"": 0.6380030512809753, ""sc_value"": 0.722728431224823}, ""A-D"": {""dG_dSASA_ratio"": -3.066678047180176, ""dG_separated"": -33.987789154052734, ""dSASA_int"": 1108.2933349609375, ""delta_unsatHbonds"": 4.0, ""hbonds_int"": 0.0, ""nres_int"": 48.0, ""packstat"": 0.5432119369506836, ""sc_value"": 0.6267350912094116}, ""B-C"": {""dG_dSASA_ratio"": -3.2091331481933594, ""dG_separated"": -36.421119689941406, ""dSASA_int"": 1134.9207763671875, ""delta_unsatHbonds"": 5.0, ""hbonds_int"": 1.0, ""nres_int"": 49.0, ""packstat"": 0.46550557017326355, ""sc_value"": 0.6978337168693542}, ""B-D"": {""dG_dSASA_ratio"": -2.512547731399536, ""dG_separated"": -42.81867599487305, ""dSASA_int"": 1704.193603515625, ""delta_unsatHbonds"": 21.0, ""hbonds_int"": 2.0, ""nres_int"": 68.0, ""packstat"": 0.5917059183120728, ""sc_value"": 0.6460500955581665}, ""C-D"": {""dG_dSASA_ratio"": -2.3202013969421387, ""dG_separated"": -21.579437255859375, ""dSASA_int"": 930.0673828125, ""delta_unsatHbonds"": 5.0, ""hbonds_int"": 5.0, ""nres_int"": 46.0, ""packstat"": 0.6128960847854614, ""sc_value"": 0.7211644053459167}}"
ova_body_c4_16_ms25_r01	AF3	87	7087	0	0	A-B,A-C,A-D,B-C,B-D,C-D	6	3	1	"{""A-B"": 27, ""A-C"": 63, ""A-D"": 40, ""B-C"": 39, ""B-D"": 63, ""C-D"": 27}"	A-D,B-C	A-B,A-C,B-D,C-D	0.2449579389767838	0.6645779609680176	1.0	-3.0445103645324707	4.386997436562583	0.6645779609680176	1.0	-2.5150201320648193	14.083690825565114	"{""A-B"": {""dG_dSASA_ratio"": -2.5150201320648193, ""dG_separated"": -24.278488159179688, ""dSASA_int"": 965.3397216796875, ""delta_unsatHbonds"": 4.0, ""hbonds_int"": 4.0, ""nres_int"": 47.0, ""packstat"": 0.5571368932723999, ""sc_value"": 0.7229925990104675}, ""A-C"": {""dG_dSASA_ratio"": -2.7084529399871826, ""dG_separated"": -46.15471267700195, ""dSASA_int"": 1704.0987548828125, ""delta_unsatHbonds"": 24.0, ""hbonds_int"": 4.0, ""nres_int"": 65.0, ""packstat"": 0.5083640217781067, ""sc_value"": 0.7062550783157349}, ""A-D"": {""dG_dSASA_ratio"": -3.0445103645324707, ""dG_separated"": -34.714691162109375, ""dSASA_int"": 1140.2388916015625, ""delta_unsatHbonds"": 3.0, ""hbonds_int"": 1.0, ""nres_int"": 48.0, ""packstat"": 0.58076012134552, ""sc_value"": 0.6645779609680176}, ""B-C"": {""dG_dSASA_ratio"": -3.2108259201049805, ""dG_separated"": -36.59479904174805, ""dSASA_int"": 1139.731689453125, ""delta_unsatHbonds"": 5.0, ""hbonds_int"": 1.0, ""nres_int"": 49.0, ""packstat"": 0.5327019095420837, ""sc_value"": 0.7039501667022705}, ""B-D"": {""dG_dSASA_ratio"": -2.84566068649292, ""dG_separated"": -48.24715042114258, ""dSASA_int"": 1695.4638671875, ""delta_unsatHbonds"": 20.0, ""hbonds_int"": 3.0, ""nres_int"": 67.0, ""packstat"": 0.523914635181427, ""sc_value"": 0.7035353183746338}, ""C-D"": {""dG_dSASA_ratio"": -2.5695178508758545, ""dG_separated"": -24.27396583557129, ""dSASA_int"": 944.689453125, ""delta_unsatHbonds"": 2.0, ""hbonds_int"": 4.0, ""nres_int"": 48.0, ""packstat"": 0.6238813996315002, ""sc_value"": 0.7179985046386719}}"
ova_body_c4_16_ms25_r01	AF3	88	7088	0	0	A-B,A-C,A-D,B-C,B-D,C-D	6	3	1	"{""A-B"": 28, ""A-C"": 65, ""A-D"": 39, ""B-C"": 40, ""B-D"": 68, ""C-D"": 27}"	A-D,B-C	A-B,A-C,B-D,C-D	0.22855271571394978	0.6334950923919678	0.0	-3.0066099166870117	4.463033638154754	0.6334950923919678	0.0	-2.122340202331543	13.50358638845143	"{""A-B"": {""dG_dSASA_ratio"": -2.122340202331543, ""dG_separated"": -20.84386444091797, ""dSASA_int"": 982.1170654296875, ""delta_unsatHbonds"": 2.0, ""hbonds_int"": 4.0, ""nres_int"": 49.0, ""packstat"": 0.5605854392051697, ""sc_value"": 0.746515154838562}, ""A-C"": {""dG_dSASA_ratio"": -2.7354342937469482, ""dG_separated"": -45.923500061035156, ""dSASA_int"": 1678.837646484375, ""delta_unsatHbonds"": 21.0, ""hbonds_int"": 4.0, ""nres_int"": 64.0, ""packstat"": 0.6623278260231018, ""sc_value"": 0.7261416912078857}, ""A-D"": {""dG_dSASA_ratio"": -3.0066099166870117, ""dG_separated"": -33.68347930908203, ""dSASA_int"": 1120.314208984375, ""delta_unsatHbonds"": 5.0, ""hbonds_int"": 0.0, ""nres_int"": 48.0, ""packstat"": 0.506059467792511, ""sc_value"": 0.6334950923919678}, ""B-C"": {""dG_dSASA_ratio"": -3.2441885471343994, ""dG_separated"": -36.73668670654297, ""dSASA_int"": 1132.384521484375, ""delta_unsatHbonds"": 5.0, ""hbonds_int"": 1.0, ""nres_int"": 49.0, ""packstat"": 0.5702611207962036, ""sc_value"": 0.6924793124198914}, ""B-D"": {""dG_dSASA_ratio"": -2.6391749382019043, ""dG_separated"": -44.9517822265625, ""dSASA_int"": 1703.251220703125, ""delta_unsatHbonds"": 23.0, ""hbonds_int"": 3.0, ""nres_int"": 68.0, ""packstat"": 0.6432704925537109, ""sc_value"": 0.685029149055481}, ""C-D"": {""dG_dSASA_ratio"": -2.60418438911438, ""dG_separated"": -24.984607696533203, ""dSASA_int"": 959.4024047851562, ""delta_unsatHbonds"": 4.0, ""hbonds_int"": 4.0, ""nres_int"": 48.0, ""packstat"": 0.6087163090705872, ""sc_value"": 0.7257738709449768}}"
ova_body_c4_16_ms25_r01	AF3	89	7089	0	0	A-B,A-C,A-D,B-C,B-D,C-D	6	3	1	"{""A-B"": 29, ""A-C"": 68, ""A-D"": 38, ""B-C"": 38, ""B-D"": 68, ""C-D"": 28}"	A-D,B-C	A-B,A-C,B-D,C-D	0.20380117412393675	0.6283783912658691	0.0	-2.975909471511841	3.559379880596535	0.6283783912658691	0.0	-2.4492909908294678	13.87402278916634	"{""A-B"": {""dG_dSASA_ratio"": -2.4492909908294678, ""dG_separated"": -24.619699478149414, ""dSASA_int"": 1005.1766357421875, ""delta_unsatHbonds"": 2.0, ""hbonds_int"": 4.0, ""nres_int"": 49.0, ""packstat"": 0.620052695274353, ""sc_value"": 0.7361886501312256}, ""A-C"": {""dG_dSASA_ratio"": -2.6380066871643066, ""dG_separated"": -45.32438659667969, ""dSASA_int"": 1718.130126953125, ""delta_unsatHbonds"": 17.0, ""hbonds_int"": 3.0, ""nres_int"": 67.0, ""packstat"": 0.6163572669029236, ""sc_value"": 0.6909453272819519}, ""A-D"": {""dG_dSASA_ratio"": -3.0990562438964844, ""dG_separated"": -34.82692337036133, ""dSASA_int"": 1123.791259765625, ""delta_unsatHbonds"": 4.0, ""hbonds_int"": 0.0, ""nres_int"": 48.0, ""packstat"": 0.49895143508911133, ""sc_value"": 0.6283783912658691}, ""B-C"": {""dG_dSASA_ratio"": -2.975909471511841, ""dG_separated"": -34.027835845947266, ""dSASA_int"": 1143.4432373046875, ""delta_unsatHbonds"": 4.0, ""hbonds_int"": 0.0, ""nres_int"": 48.0, ""packstat"": 0.6358872652053833, ""sc_value"": 0.6577920913696289}, ""B-D"": {""dG_dSASA_ratio"": -2.584852933883667, ""dG_separated"": -44.71411895751953, ""dSASA_int"": 1729.8515625, ""delta_unsatHbonds"": 24.0, ""hbonds_int"": 2.0, ""nres_int"": 66.0, ""packstat"": 0.5141026377677917, ""sc_value"": 0.6718769073486328}, ""C-D"": {""dG_dSASA_ratio"": -2.619373321533203, ""dG_separated"": -24.908775329589844, ""dSASA_int"": 950.944091796875, ""delta_unsatHbonds"": 2.0, ""hbonds_int"": 4.0, ""nres_int"": 48.0, ""packstat"": 0.6451032161712646, ""sc_value"": 0.7323147058486938}}"
ova_body_c4_16_ms25_r01	AF3	90	7090	0	0	A-B,A-C,A-D,B-C,B-D,C-D	6	3	1	"{""A-B"": 28, ""A-C"": 68, ""A-D"": 39, ""B-C"": 38, ""B-D"": 67, ""C-D"": 29}"	A-D,B-C	A-B,A-C,B-D,C-D	0.2209408519483127	0.6253066658973694	0.0	-2.8890631198883057	4.507588342293669	0.6253066658973694	0.0	-2.5457451343536377	13.472899961343783	"{""A-B"": {""dG_dSASA_ratio"": -2.5457451343536377, ""dG_separated"": -24.58156394958496, ""dSASA_int"": 965.593994140625, ""delta_unsatHbonds"": 5.0, ""hbonds_int"": 4.0, ""nres_int"": 49.0, ""packstat"": 0.5542328357696533, ""sc_value"": 0.7518014907836914}, ""A-C"": {""dG_dSASA_ratio"": -2.6615614891052246, ""dG_separated"": -45.740089416503906, ""dSASA_int"": 1718.5433349609375, ""delta_unsatHbonds"": 20.0, ""hbonds_int"": 4.0, ""nres_int"": 68.0, ""packstat"": 0.62557452917099, ""sc_value"": 0.715422511100769}, ""A-D"": {""dG_dSASA_ratio"": -3.0665998458862305, ""dG_separated"": -34.01597213745117, ""dSASA_int"": 1109.2406005859375, ""delta_unsatHbonds"": 5.0, ""hbonds_int"": 0.0, ""nres_int"": 48.0, ""packstat"": 0.5438268184661865, ""sc_value"": 0.6280626654624939}, ""B-C"": {""dG_dSASA_ratio"": -2.8890631198883057, ""dG_separated"": -33.17412185668945, ""dSASA_int"": 1148.2657470703125, ""delta_unsatHbonds"": 4.0, ""hbonds_int"": 0.0, ""nres_int"": 48.0, ""packstat"": 0.44699910283088684, ""sc_value"": 0.6253066658973694}, ""B-D"": {""dG_dSASA_ratio"": -2.592686891555786, ""dG_separated"": -44.260555267333984, ""dSASA_int"": 1707.130615234375, ""delta_unsatHbonds"": 23.0, ""hbonds_int"": 2.0, ""nres_int"": 68.0, ""packstat"": 0.5363066792488098, ""sc_value"": 0.6426312923431396}, ""C-D"": {""dG_dSASA_ratio"": -2.5459518432617188, ""dG_separated"": -24.356239318847656, ""dSASA_int"": 956.6654052734375, ""delta_unsatHbonds"": 2.0, ""hbonds_int"": 4.0, ""nres_int"": 48.0, ""packstat"": 0.614021897315979, ""sc_value"": 0.7309046983718872}}"
ova_body_c4_16_ms25_r01	AF3	91	7091	0	0	A-B,A-C,A-D,B-C,B-D,C-D	6	3	1	"{""A-B"": 29, ""A-C"": 68, ""A-D"": 38, ""B-C"": 38, ""B-D"": 68, ""C-D"": 28}"	A-D,B-C	A-B,A-C,B-D,C-D	0.20103640081945823	0.6252895593643188	0.0	-3.0139122009277344	3.55080188870412	0.6252895593643188	0.0	-2.446343421936035	12.15001917509653	"{""A-B"": {""dG_dSASA_ratio"": -2.446343421936035, ""dG_separated"": -24.62871742248535, ""dSASA_int"": 1006.75634765625, ""delta_unsatHbonds"": 2.0, ""hbonds_int"": 4.0, ""nres_int"": 49.0, ""packstat"": 0.5599711537361145, ""sc_value"": 0.7329832315444946}, ""A-C"": {""dG_dSASA_ratio"": -2.649515390396118, ""dG_separated"": -45.65232849121094, ""dSASA_int"": 1723.0443115234375, ""delta_unsatHbonds"": 19.0, ""hbonds_int"": 3.0, ""nres_int"": 67.0, ""packstat"": 0.6133534908294678, ""sc_value"": 0.697269082069397}, ""A-D"": {""dG_dSASA_ratio"": -3.0139122009277344, ""dG_separated"": -33.951900482177734, ""dSASA_int"": 1126.506103515625, ""delta_unsatHbonds"": 4.0, ""hbonds_int"": 0.0, ""nres_int"": 48.0, ""packstat"": 0.5770705342292786, ""sc_value"": 0.6252895593643188}, ""B-C"": {""dG_dSASA_ratio"": -3.020455837249756, ""dG_separated"": -34.17793655395508, ""dSASA_int"": 1131.548828125, ""delta_unsatHbonds"": 4.0, ""hbonds_int"": 0.0, ""nres_int"": 48.0, ""packstat"": 0.5453001856803894, ""sc_value"": 0.6529480218887329}, ""B-D"": {""dG_dSASA_ratio"": -2.5749351978302, ""dG_separated"": -44.504981994628906, ""dSASA_int"": 1728.392333984375, ""delta_unsatHbonds"": 21.0, ""hbonds_int"": 2.0, ""nres_int"": 67.0, ""packstat"": 0.5724919438362122, ""sc_value"": 0.6769437789916992}, ""C-D"": {""dG_dSASA_ratio"": -2.559508800506592, ""dG_separated"": -24.321266174316406, ""dSASA_int"": 950.2318115234375, ""delta_unsatHbonds"": 2.0, ""hbonds_int"": 4.0, ""nres_int"": 48.0, ""packstat"": 0.6836711168289185, ""sc_value"": 0.7349377870559692}}"
ova_body_c4_16_ms25_r01	AF3	92	7092	0	0	A-B,A-C,A-D,B-C,B-D,C-D	6	3	1	"{""A-B"": 28, ""A-C"": 65, ""A-D"": 39, ""B-C"": 40, ""B-D"": 68, ""C-D"": 27}"	A-D,B-C	A-B,A-C,B-D,C-D	0.22855271571394978	0.6334950923919678	0.0	-3.0066099166870117	4.463033638154754	0.6334950923919678	0.0	-2.467705488204956	13.50358638845143	"{""A-B"": {""dG_dSASA_ratio"": -2.467705488204956, ""dG_separated"": -24.23575782775879, ""dSASA_int"": 982.1170654296875, ""delta_unsatHbonds"": 2.0, ""hbonds_int"": 4.0, ""nres_int"": 49.0, ""packstat"": 0.5343878865242004, ""sc_value"": 0.7358636856079102}, ""A-C"": {""dG_dSASA_ratio"": -2.7354342937469482, ""dG_separated"": -45.923500061035156, ""dSASA_int"": 1678.837646484375, ""delta_unsatHbonds"": 21.0, ""hbonds_int"": 4.0, ""nres_int"": 64.0, ""packstat"": 0.6458573341369629, ""sc_value"": 0.7261416912078857}, ""A-D"": {""dG_dSASA_ratio"": -3.0066099166870117, ""dG_separated"": -33.68347930908203, ""dSASA_int"": 1120.314208984375, ""delta_unsatHbonds"": 5.0, ""hbonds_int"": 0.0, ""nres_int"": 48.0, ""packstat"": 0.5079696178436279, ""sc_value"": 0.6334950923919678}, ""B-C"": {""dG_dSASA_ratio"": -3.2441885471343994, ""dG_separated"": -36.73668670654297, ""dSASA_int"": 1132.384521484375, ""delta_unsatHbonds"": 5.0, ""hbonds_int"": 1.0, ""nres_int"": 49.0, ""packstat"": 0.5346303582191467, ""sc_value"": 0.6924793124198914}, ""B-D"": {""dG_dSASA_ratio"": -2.6391749382019043, ""dG_separated"": -44.9517822265625, ""dSASA_int"": 1703.251220703125, ""delta_unsatHbonds"": 23.0, ""hbonds_int"": 3.0, ""nres_int"": 68.0, ""packstat"": 0.6256718039512634, ""sc_value"": 0.685029149055481}, ""C-D"": {""dG_dSASA_ratio"": -2.5323598384857178, ""dG_separated"": -24.295522689819336, ""dSASA_int"": 959.4024047851562, ""delta_unsatHbonds"": 2.0, ""hbonds_int"": 4.0, ""nres_int"": 48.0, ""packstat"": 0.5731525421142578, ""sc_value"": 0.7257738709449768}}"
ova_body_c4_16_ms25_r01	AF3	93	7093	0	0	A-B,A-C,A-D,B-C,B-D,C-D	6	3	1	"{""A-B"": 27, ""A-C"": 64, ""A-D"": 37, ""B-C"": 40, ""B-D"": 68, ""C-D"": 28}"	A-D,B-C	A-B,A-C,B-D,C-D	0.22645187927913046	0.6222395896911621	0.0	-3.063119888305664	4.463401307942218	0.6222395896911621	0.0	-2.543463706970215	14.538821208278268	"{""A-B"": {""dG_dSASA_ratio"": -2.5576679706573486, ""dG_separated"": -24.91704750061035, ""dSASA_int"": 974.2095947265625, ""delta_unsatHbonds"": 4.0, ""hbonds_int"": 4.0, ""nres_int"": 48.0, ""packstat"": 0.6008976101875305, ""sc_value"": 0.7332587242126465}, ""A-C"": {""dG_dSASA_ratio"": -2.7428765296936035, ""dG_separated"": -46.58141326904297, ""dSASA_int"": 1698.2686767578125, ""delta_unsatHbonds"": 15.0, ""hbonds_int"": 6.0, ""nres_int"": 64.0, ""packstat"": 0.565514862537384, ""sc_value"": 0.7181452512741089}, ""A-D"": {""dG_dSASA_ratio"": -3.063119888305664, ""dG_separated"": -33.868953704833984, ""dSASA_int"": 1105.701171875, ""delta_unsatHbonds"": 4.0, ""hbonds_int"": 0.0, ""nres_int"": 48.0, ""packstat"": 0.49451377987861633, ""sc_value"": 0.6222395896911621}, ""B-C"": {""dG_dSASA_ratio"": -3.2683868408203125, ""dG_separated"": -36.61318588256836, ""dSASA_int"": 1120.221923828125, ""delta_unsatHbonds"": 5.0, ""hbonds_int"": 1.0, ""nres_int"": 49.0, ""packstat"": 0.5197466611862183, ""sc_value"": 0.7006773948669434}, ""B-D"": {""dG_dSASA_ratio"": -2.5607187747955322, ""dG_separated"": -44.032432556152344, ""dSASA_int"": 1719.5341796875, ""delta_unsatHbonds"": 25.0, ""hbonds_int"": 4.0, ""nres_int"": 68.0, ""packstat"": 0.6384067535400391, ""sc_value"": 0.6859564185142517}, ""C-D"": {""dG_dSASA_ratio"": -2.543463706970215, ""dG_separated"": -24.258094787597656, ""dSASA_int"": 953.7425537109375, ""delta_unsatHbonds"": 2.0, ""hbonds_int"": 4.0, ""nres_int"": 47.0, ""packstat"": 0.5586221814155579, ""sc_value"": 0.7220734357833862}}"
ova_body_c4_16_ms25_r01	AF3	94	7094	0	0	A-B,A-C,A-D,B-C,B-D,C-D	6	3	1	"{""A-B"": 27, ""A-C"": 64, ""A-D"": 39, ""B-C"": 40, ""B-D"": 64, ""C-D"": 25}"	A-D,B-C	A-B,A-C,B-D,C-D	0.23624310116254452	0.6832756996154785	1.0	-3.262834072113037	4.437354114941772	0.6832756996154785	1.0	-2.283458709716797	14.144321023598545	"{""A-B"": {""dG_dSASA_ratio"": -2.4996862411499023, ""dG_separated"": -24.14640998840332, ""dSASA_int"": 965.9776611328125, ""delta_unsatHbonds"": 4.0, ""hbonds_int"": 4.0, ""nres_int"": 48.0, ""packstat"": 0.5842572450637817, ""sc_value"": 0.7301290035247803}, ""A-C"": {""dG_dSASA_ratio"": -2.7522799968719482, ""dG_separated"": -46.788414001464844, ""dSASA_int"": 1699.9874267578125, ""delta_unsatHbonds"": 21.0, ""hbonds_int"": 4.0, ""nres_int"": 66.0, ""packstat"": 0.6130875945091248, ""sc_value"": 0.7177815437316895}, ""A-D"": {""dG_dSASA_ratio"": -3.262834072113037, ""dG_separated"": -36.765533447265625, ""dSASA_int"": 1126.797607421875, ""delta_unsatHbonds"": 5.0, ""hbonds_int"": 1.0, ""nres_int"": 49.0, ""packstat"": 0.47657352685928345, ""sc_value"": 0.6832756996154785}, ""B-C"": {""dG_dSASA_ratio"": -3.391584873199463, ""dG_separated"": -38.27784729003906, ""dSASA_int"": 1128.6123046875, ""delta_unsatHbonds"": 5.0, ""hbonds_int"": 1.0, ""nres_int"": 49.0, ""packstat"": 0.45704561471939087, ""sc_value"": 0.710964560508728}, ""B-D"": {""dG_dSASA_ratio"": -2.6934070587158203, ""dG_separated"": -45.70157241821289, ""dSASA_int"": 1696.7940673828125, ""delta_unsatHbonds"": 24.0, ""hbonds_int"": 3.0, ""nres_int"": 65.0, ""packstat"": 0.6483153700828552, ""sc_value"": 0.6957153081893921}, ""C-D"": {""dG_dSASA_ratio"": -2.283458709716797, ""dG_separated"": -21.227312088012695, ""dSASA_int"": 929.6123046875, ""delta_unsatHbonds"": 5.0, ""hbonds_int"": 5.0, ""nres_int"": 47.0, ""packstat"": 0.5628410577774048, ""sc_value"": 0.7259838581085205}}"
ova_body_c4_16_ms25_r01	AF3	95	7095	0	0	A-B,A-C,A-D,B-C,B-D,C-D	6	3	1	"{""A-B"": 28, ""A-C"": 67, ""A-D"": 39, ""B-C"": 37, ""B-D"": 66, ""C-D"": 28}"	A-D,B-C	A-B,A-C,B-D,C-D	0.22131192189521107	0.6161394119262695	0.0	-2.8877625465393066	3.529643544564389	0.6161394119262695	0.0	-2.4815921783447266	14.683165535627971	"{""A-B"": {""dG_dSASA_ratio"": -2.4815921783447266, ""dG_separated"": -24.507732391357422, ""dSASA_int"": 987.5809936523438, ""delta_unsatHbonds"": 2.0, ""hbonds_int"": 4.0, ""nres_int"": 48.0, ""packstat"": 0.6573643684387207, ""sc_value"": 0.737098217010498}, ""A-C"": {""dG_dSASA_ratio"": -2.6774516105651855, ""dG_separated"": -45.60523223876953, ""dSASA_int"": 1703.3074951171875, ""delta_unsatHbonds"": 22.0, ""hbonds_int"": 4.0, ""nres_int"": 69.0, ""packstat"": 0.5723018646240234, ""sc_value"": 0.7178246974945068}, ""A-D"": {""dG_dSASA_ratio"": -2.9970626831054688, ""dG_separated"": -34.114723205566406, ""dSASA_int"": 1138.27197265625, ""delta_unsatHbonds"": 4.0, ""hbonds_int"": 0.0, ""nres_int"": 48.0, ""packstat"": 0.47707825899124146, ""sc_value"": 0.6291921138763428}, ""B-C"": {""dG_dSASA_ratio"": -2.8877625465393066, ""dG_separated"": -32.725830078125, ""dSASA_int"": 1133.2589111328125, ""delta_unsatHbonds"": 4.0, ""hbonds_int"": 0.0, ""nres_int"": 48.0, ""packstat"": 0.5386657118797302, ""sc_value"": 0.6161394119262695}, ""B-D"": {""dG_dSASA_ratio"": -2.601055860519409, ""dG_separated"": -44.28636169433594, ""dSASA_int"": 1702.630126953125, ""delta_unsatHbonds"": 25.0, ""hbonds_int"": 2.0, ""nres_int"": 71.0, ""packstat"": 0.5245331525802612, ""sc_value"": 0.6748716831207275}, ""C-D"": {""dG_dSASA_ratio"": -2.6970808506011963, ""dG_separated"": -25.475160598754883, ""dSASA_int"": 944.545654296875, ""delta_unsatHbonds"": 4.0, ""hbonds_int"": 4.0, ""nres_int"": 48.0, ""packstat"": 0.5336596369743347, ""sc_value"": 0.7335100173950195}}"
ova_body_c4_16_ms25_r01	AF3	96	7096	0	0	A-B,A-C,A-D,B-C,B-D,C-D	6	3	1	"{""A-B"": 28, ""A-C"": 62, ""A-D"": 37, ""B-C"": 38, ""B-D"": 69, ""C-D"": 27}"	A-D,B-C	A-B,A-C,B-D,C-D	0.22602429198509483	0.5816507935523987	0.0	-2.5671441555023193	4.387171294189826	0.5816507935523987	0.0	-2.455467700958252	13.99986798220195	"{""A-B"": {""dG_dSASA_ratio"": -2.455467700958252, ""dG_separated"": -24.53037452697754, ""dSASA_int"": 999.01025390625, ""delta_unsatHbonds"": 1.0, ""hbonds_int"": 4.0, ""nres_int"": 49.0, ""packstat"": 0.5608610510826111, ""sc_value"": 0.7354061603546143}, ""A-C"": {""dG_dSASA_ratio"": -2.751497983932495, ""dG_separated"": -46.66697692871094, ""dSASA_int"": 1696.0570068359375, ""delta_unsatHbonds"": 19.0, ""hbonds_int"": 4.0, ""nres_int"": 66.0, ""packstat"": 0.5969605445861816, ""sc_value"": 0.7172515392303467}, ""A-D"": {""dG_dSASA_ratio"": -2.5671441555023193, ""dG_separated"": -29.932613372802734, ""dSASA_int"": 1165.98876953125, ""delta_unsatHbonds"": 5.0, ""hbonds_int"": 0.0, ""nres_int"": 48.0, ""packstat"": 0.5469833612442017, ""sc_value"": 0.5816507935523987}, ""B-C"": {""dG_dSASA_ratio"": -3.203385591506958, ""dG_separated"": -36.50855255126953, ""dSASA_int"": 1139.6865234375, ""delta_unsatHbonds"": 5.0, ""hbonds_int"": 1.0, ""nres_int"": 49.0, ""packstat"": 0.5507766008377075, ""sc_value"": 0.7086678743362427}, ""B-D"": {""dG_dSASA_ratio"": -2.6185879707336426, ""dG_separated"": -44.890506744384766, ""dSASA_int"": 1714.3018798828125, ""delta_unsatHbonds"": 24.0, ""hbonds_int"": 2.0, ""nres_int"": 70.0, ""packstat"": 0.5474764704704285, ""sc_value"": 0.6762775778770447}, ""C-D"": {""dG_dSASA_ratio"": -2.6378540992736816, ""dG_separated"": -24.976795196533203, ""dSASA_int"": 946.8604125976562, ""delta_unsatHbonds"": 4.0, ""hbonds_int"": 4.0, ""nres_int"": 48.0, ""packstat"": 0.6079069972038269, ""sc_value"": 0.7234761714935303}}"
ova_body_c4_16_ms25_r01	AF3	97	7097	0	0	A-B,A-C,A-D,B-C,B-D,C-D	6	3	1	"{""A-B"": 28, ""A-C"": 67, ""A-D"": 39, ""B-C"": 39, ""B-D"": 68, ""C-D"": 27}"	A-D,B-C	A-B,A-C,B-D,C-D	0.20390185991271265	0.62458336353302	0.0	-2.974677324295044	3.5041536968350973	0.62458336353302	0.0	-2.123872995376587	14.04476784036192	"{""A-B"": {""dG_dSASA_ratio"": -2.123872995376587, ""dG_separated"": -21.176647186279297, ""dSASA_int"": 997.076904296875, ""delta_unsatHbonds"": 2.0, ""hbonds_int"": 4.0, ""nres_int"": 48.0, ""packstat"": 0.5103166699409485, ""sc_value"": 0.7548948526382446}, ""A-C"": {""dG_dSASA_ratio"": -2.66465163230896, ""dG_separated"": -46.008338928222656, ""dSASA_int"": 1726.6173095703125, ""delta_unsatHbonds"": 23.0, ""hbonds_int"": 4.0, ""nres_int"": 67.0, ""packstat"": 0.6001230478286743, ""sc_value"": 0.7178250551223755}, ""A-D"": {""dG_dSASA_ratio"": -2.9899423122406006, ""dG_separated"": -34.13026809692383, ""dSASA_int"": 1141.50244140625, ""delta_unsatHbonds"": 4.0, ""hbonds_int"": 0.0, ""nres_int"": 48.0, ""packstat"": 0.5974171757698059, ""sc_value"": 0.62458336353302}, ""B-C"": {""dG_dSASA_ratio"": -2.974677324295044, ""dG_separated"": -33.985233306884766, ""dSASA_int"": 1142.4847412109375, ""delta_unsatHbonds"": 4.0, ""hbonds_int"": 0.0, ""nres_int"": 48.0, ""packstat"": 0.5080180168151855, ""sc_value"": 0.6577465534210205}, ""B-D"": {""dG_dSASA_ratio"": -2.4805593490600586, ""dG_separated"": -42.388328552246094, ""dSASA_int"": 1708.8214111328125, ""delta_unsatHbonds"": 24.0, ""hbonds_int"": 2.0, ""nres_int"": 71.0, ""packstat"": 0.5982735753059387, ""sc_value"": 0.6521727442741394}, ""C-D"": {""dG_dSASA_ratio"": -2.564849376678467, ""dG_separated"": -24.17213249206543, ""dSASA_int"": 942.438720703125, ""delta_unsatHbonds"": 2.0, ""hbonds_int"": 4.0, ""nres_int"": 48.0, ""packstat"": 0.5671156048774719, ""sc_value"": 0.7402056455612183}}"
ova_body_c4_16_ms25_r01	AF3	98	7098	0	0	A-B,A-C,A-D,B-C,B-D,C-D	6	3	1	"{""A-B"": 28, ""A-C"": 66, ""A-D"": 36, ""B-C"": 38, ""B-D"": 67, ""C-D"": 27}"	A-D,B-C	A-B,A-C,B-D,C-D	0.2152196185884569	0.6030896902084351	0.0	-2.559875965118408	5.254326304652792	0.6030896902084351	0.0	-2.559875965118408	13.527629308379705	"{""A-B"": {""dG_dSASA_ratio"": -2.757676124572754, ""dG_separated"": -27.732091903686523, ""dSASA_int"": 1005.632568359375, ""delta_unsatHbonds"": 2.0, ""hbonds_int"": 4.0, ""nres_int"": 48.0, ""packstat"": 0.5845504403114319, ""sc_value"": 0.7272742986679077}, ""A-C"": {""dG_dSASA_ratio"": -2.7722387313842773, ""dG_separated"": -46.765769958496094, ""dSASA_int"": 1686.9315185546875, ""delta_unsatHbonds"": 17.0, ""hbonds_int"": 5.0, ""nres_int"": 67.0, ""packstat"": 0.5188197493553162, ""sc_value"": 0.7234704494476318}, ""A-D"": {""dG_dSASA_ratio"": -2.559875965118408, ""dG_separated"": -29.778980255126953, ""dSASA_int"": 1163.2978515625, ""delta_unsatHbonds"": 5.0, ""hbonds_int"": 0.0, ""nres_int"": 48.0, ""packstat"": 0.48904508352279663, ""sc_value"": 0.6229575276374817}, ""B-C"": {""dG_dSASA_ratio"": -2.7255868911743164, ""dG_separated"": -31.123916625976562, ""dSASA_int"": 1141.9161376953125, ""delta_unsatHbonds"": 6.0, ""hbonds_int"": 0.0, ""nres_int"": 48.0, ""packstat"": 0.49415892362594604, ""sc_value"": 0.6030896902084351}, ""B-D"": {""dG_dSASA_ratio"": -2.6269750595092773, ""dG_separated"": -44.664459228515625, ""dSASA_int"": 1700.2239990234375, ""delta_unsatHbonds"": 23.0, ""hbonds_int"": 2.0, ""nres_int"": 68.0, ""packstat"": 0.5916355848312378, ""sc_value"": 0.6709902286529541}, ""C-D"": {""dG_dSASA_ratio"": -2.6316683292388916, ""dG_separated"": -24.874589920043945, ""dSASA_int"": 945.2022705078125, ""delta_unsatHbonds"": 2.0, ""hbonds_int"": 4.0, ""nres_int"": 48.0, ""packstat"": 0.6398958563804626, ""sc_value"": 0.7206889986991882}}"
ova_body_c4_16_ms25_r01	AF3	99	7099	0	0	A-B,A-C,A-D,B-C,B-D,C-D	6	3	1	"{""A-B"": 28, ""A-C"": 66, ""A-D"": 36, ""B-C"": 38, ""B-D"": 67, ""C-D"": 27}"	A-D,B-C	A-B,A-C,B-D,C-D	0.2152196185884569	0.6030896902084351	0.0	-2.559875965118408	4.298125362549393	0.6030896902084351	0.0	-2.4337821006774902	13.527629308379705	"{""A-B"": {""dG_dSASA_ratio"": -2.4337821006774902, ""dG_separated"": -24.47490692138672, ""dSASA_int"": 1005.632568359375, ""delta_unsatHbonds"": 2.0, ""hbonds_int"": 4.0, ""nres_int"": 48.0, ""packstat"": 0.589906632900238, ""sc_value"": 0.7272742986679077}, ""A-C"": {""dG_dSASA_ratio"": -2.7722387313842773, ""dG_separated"": -46.765769958496094, ""dSASA_int"": 1686.9315185546875, ""delta_unsatHbonds"": 17.0, ""hbonds_int"": 5.0, ""nres_int"": 67.0, ""packstat"": 0.6072939038276672, ""sc_value"": 0.7234704494476318}, ""A-D"": {""dG_dSASA_ratio"": -2.559875965118408, ""dG_separated"": -29.778980255126953, ""dSASA_int"": 1163.2978515625, ""delta_unsatHbonds"": 5.0, ""hbonds_int"": 0.0, ""nres_int"": 48.0, ""packstat"": 0.525932788848877, ""sc_value"": 0.6229575276374817}, ""B-C"": {""dG_dSASA_ratio"": -2.742173433303833, ""dG_separated"": -31.31332015991211, ""dSASA_int"": 1141.9161376953125, ""delta_unsatHbonds"": 4.0, ""hbonds_int"": 0.0, ""nres_int"": 48.0, ""packstat"": 0.48279109597206116, ""sc_value"": 0.6030896902084351}, ""B-D"": {""dG_dSASA_ratio"": -2.6269750595092773, ""dG_separated"": -44.664459228515625, ""dSASA_int"": 1700.2239990234375, ""delta_unsatHbonds"": 23.0, ""hbonds_int"": 2.0, ""nres_int"": 68.0, ""packstat"": 0.6092352271080017, ""sc_value"": 0.6709902286529541}, ""C-D"": {""dG_dSASA_ratio"": -2.6333975791931152, ""dG_separated"": -24.89093589782715, ""dSASA_int"": 945.2022705078125, ""delta_unsatHbonds"": 4.0, ""hbonds_int"": 4.0, ""nres_int"": 48.0, ""packstat"": 0.6396263241767883, ""sc_value"": 0.7206889986991882}}"
ova_body_c4_16_ms25_r01	AF3	100	7100	0	0	A-B,A-C,A-D,B-C,B-D,C-D	6	3	1	"{""A-B"": 28, ""A-C"": 67, ""A-D"": 38, ""B-C"": 38, ""B-D"": 68, ""C-D"": 27}"	A-D,B-C	A-B,A-C,B-D,C-D	0.20543434009270023	0.6290253400802612	0.0	-3.0122525691986084	3.5866040426570334	0.6290253400802612	0.0	-2.1864311695098877	13.343125959531129	"{""A-B"": {""dG_dSASA_ratio"": -2.19875168800354, ""dG_separated"": -21.99474334716797, ""dSASA_int"": 1000.32861328125, ""delta_unsatHbonds"": 4.0, ""hbonds_int"": 4.0, ""nres_int"": 49.0, ""packstat"": 0.5996323823928833, ""sc_value"": 0.7517272233963013}, ""A-C"": {""dG_dSASA_ratio"": -2.6582796573638916, ""dG_separated"": -45.82594299316406, ""dSASA_int"": 1723.894775390625, ""delta_unsatHbonds"": 20.0, ""hbonds_int"": 4.0, ""nres_int"": 66.0, ""packstat"": 0.6062445044517517, ""sc_value"": 0.71640944480896}, ""A-D"": {""dG_dSASA_ratio"": -3.0122525691986084, ""dG_separated"": -34.05696105957031, ""dSASA_int"": 1130.6143798828125, ""delta_unsatHbonds"": 4.0, ""hbonds_int"": 0.0, ""nres_int"": 48.0, ""packstat"": 0.48286500573158264, ""sc_value"": 0.6290253400802612}, ""B-C"": {""dG_dSASA_ratio"": -3.075596809387207, ""dG_separated"": -34.300933837890625, ""dSASA_int"": 1115.2611083984375, ""delta_unsatHbonds"": 4.0, ""hbonds_int"": 0.0, ""nres_int"": 48.0, ""packstat"": 0.45368924736976624, ""sc_value"": 0.6510941982269287}, ""B-D"": {""dG_dSASA_ratio"": -2.5740244388580322, ""dG_separated"": -44.36933517456055, ""dSASA_int"": 1723.7340087890625, ""delta_unsatHbonds"": 23.0, ""hbonds_int"": 2.0, ""nres_int"": 66.0, ""packstat"": 0.6253707408905029, ""sc_value"": 0.6664712429046631}, ""C-D"": {""dG_dSASA_ratio"": -2.1864311695098877, ""dG_separated"": -20.747419357299805, ""dSASA_int"": 948.9171142578125, ""delta_unsatHbonds"": 2.0, ""hbonds_int"": 4.0, ""nres_int"": 48.0, ""packstat"": 0.5991513133049011, ""sc_value"": 0.7445768117904663}}"
ova_body_c4_16_ms25_r01	AF3	101	7101	0	0	A-B,A-C,A-D,B-C,B-D,C-D	6	3	1	"{""A-B"": 29, ""A-C"": 68, ""A-D"": 38, ""B-C"": 38, ""B-D"": 68, ""C-D"": 28}"	A-D,B-C	A-B,A-C,B-D,C-D	0.20380117412393675	0.6283783912658691	0.0	-2.975909471511841	3.559379880596535	0.6283783912658691	0.0	-2.4492909908294678	13.87402278916634	"{""A-B"": {""dG_dSASA_ratio"": -2.4492909908294678, ""dG_separated"": -24.619699478149414, ""dSASA_int"": 1005.1766357421875, ""delta_unsatHbonds"": 2.0, ""hbonds_int"": 4.0, ""nres_int"": 49.0, ""packstat"": 0.6160629391670227, ""sc_value"": 0.7361886501312256}, ""A-C"": {""dG_dSASA_ratio"": -2.6380066871643066, ""dG_separated"": -45.32438659667969, ""dSASA_int"": 1718.130126953125, ""delta_unsatHbonds"": 17.0, ""hbonds_int"": 3.0, ""nres_int"": 67.0, ""packstat"": 0.577411949634552, ""sc_value"": 0.6909453272819519}, ""A-D"": {""dG_dSASA_ratio"": -3.0320849418640137, ""dG_separated"": -34.07430648803711, ""dSASA_int"": 1123.791259765625, ""delta_unsatHbonds"": 4.0, ""hbonds_int"": 0.0, ""nres_int"": 48.0, ""packstat"": 0.43362849950790405, ""sc_value"": 0.6283783912658691}, ""B-C"": {""dG_dSASA_ratio"": -2.975909471511841, ""dG_separated"": -34.027835845947266, ""dSASA_int"": 1143.4432373046875, ""delta_unsatHbonds"": 4.0, ""hbonds_int"": 0.0, ""nres_int"": 48.0, ""packstat"": 0.6231706738471985, ""sc_value"": 0.6577920913696289}, ""B-D"": {""dG_dSASA_ratio"": -2.5767247676849365, ""dG_separated"": -44.57351303100586, ""dSASA_int"": 1729.8515625, ""delta_unsatHbonds"": 24.0, ""hbonds_int"": 2.0, ""nres_int"": 66.0, ""packstat"": 0.5212661623954773, ""sc_value"": 0.6718769073486328}, ""C-D"": {""dG_dSASA_ratio"": -2.5486526489257812, ""dG_separated"": -24.23626136779785, ""dSASA_int"": 950.944091796875, ""delta_unsatHbonds"": 2.0, ""hbonds_int"": 4.0, ""nres_int"": 48.0, ""packstat"": 0.6437642574310303, ""sc_value"": 0.7323147058486938}}"
ova_body_c4_16_ms25_r01	AF3	102	7102	0	0	A-B,A-C,A-D,B-C,B-D,C-D	6	3	1	"{""A-B"": 23, ""A-C"": 64, ""A-D"": 38, ""B-C"": 38, ""B-D"": 67, ""C-D"": 28}"	A-D,B-C	A-B,A-C,B-D,C-D	0.21735584877753264	0.6085889339447021	0.0	-2.9407036304473877	4.431708571882995	0.6085889339447021	0.0	-2.332052230834961	15.930986468773945	"{""A-B"": {""dG_dSASA_ratio"": -2.332052230834961, ""dG_separated"": -21.07933807373047, ""dSASA_int"": 903.896484375, ""delta_unsatHbonds"": 1.0, ""hbonds_int"": 5.0, ""nres_int"": 46.0, ""packstat"": 0.578382134437561, ""sc_value"": 0.720515251159668}, ""A-C"": {""dG_dSASA_ratio"": -2.5686583518981934, ""dG_separated"": -44.75471496582031, ""dSASA_int"": 1742.338134765625, ""delta_unsatHbonds"": 21.0, ""hbonds_int"": 3.0, ""nres_int"": 67.0, ""packstat"": 0.6027414202690125, ""sc_value"": 0.6742777824401855}, ""A-D"": {""dG_dSASA_ratio"": -2.955110549926758, ""dG_separated"": -33.34053421020508, ""dSASA_int"": 1128.2330322265625, ""delta_unsatHbonds"": 5.0, ""hbonds_int"": 0.0, ""nres_int"": 48.0, ""packstat"": 0.530628502368927, ""sc_value"": 0.6085889339447021}, ""B-C"": {""dG_dSASA_ratio"": -2.9407036304473877, ""dG_separated"": -33.665260314941406, ""dSASA_int"": 1144.802978515625, ""delta_unsatHbonds"": 4.0, ""hbonds_int"": 0.0, ""nres_int"": 48.0, ""packstat"": 0.5428426861763, ""sc_value"": 0.6478798389434814}, ""B-D"": {""dG_dSASA_ratio"": -2.4774959087371826, ""dG_separated"": -43.54399871826172, ""dSASA_int"": 1757.5810546875, ""delta_unsatHbonds"": 28.0, ""hbonds_int"": 2.0, ""nres_int"": 67.0, ""packstat"": 0.6028215289115906, ""sc_value"": 0.6854783296585083}, ""C-D"": {""dG_dSASA_ratio"": -2.571413278579712, ""dG_separated"": -24.074796676635742, ""dSASA_int"": 936.2476806640625, ""delta_unsatHbonds"": 2.0, ""hbonds_int"": 4.0, ""nres_int"": 48.0, ""packstat"": 0.5838569402694702, ""sc_value"": 0.7402796745300293}}"
ova_body_c4_16_ms25_r01	AF3	103	7103	0	0	A-B,A-C,A-D,B-C,B-D,C-D	6	3	1	"{""A-B"": 27, ""A-C"": 67, ""A-D"": 39, ""B-C"": 39, ""B-D"": 66, ""C-D"": 26}"	A-D,B-C	A-B,A-C,B-D,C-D	0.21958529149973838	0.6338611245155334	0.0	-3.016752243041992	3.597194170982209	0.6338611245155334	0.0	-2.4209604263305664	13.61978031367218	"{""A-B"": {""dG_dSASA_ratio"": -2.494276523590088, ""dG_separated"": -24.363126754760742, ""dSASA_int"": 976.76123046875, ""delta_unsatHbonds"": 2.0, ""hbonds_int"": 4.0, ""nres_int"": 47.0, ""packstat"": 0.6069653630256653, ""sc_value"": 0.7374066114425659}, ""A-C"": {""dG_dSASA_ratio"": -2.6803693771362305, ""dG_separated"": -46.36214065551758, ""dSASA_int"": 1729.692138671875, ""delta_unsatHbonds"": 15.0, ""hbonds_int"": 6.0, ""nres_int"": 66.0, ""packstat"": 0.5581998229026794, ""sc_value"": 0.7144007682800293}, ""A-D"": {""dG_dSASA_ratio"": -3.0600779056549072, ""dG_separated"": -34.02738571166992, ""dSASA_int"": 1111.977783203125, ""delta_unsatHbonds"": 4.0, ""hbonds_int"": 0.0, ""nres_int"": 48.0, ""packstat"": 0.5244004130363464, ""sc_value"": 0.6338611245155334}, ""B-C"": {""dG_dSASA_ratio"": -3.016752243041992, ""dG_separated"": -33.921905517578125, ""dSASA_int"": 1124.451171875, ""delta_unsatHbonds"": 4.0, ""hbonds_int"": 0.0, ""nres_int"": 48.0, ""packstat"": 0.5505843162536621, ""sc_value"": 0.6437802314758301}, ""B-D"": {""dG_dSASA_ratio"": -2.571308135986328, ""dG_separated"": -43.422203063964844, ""dSASA_int"": 1688.7203369140625, ""delta_unsatHbonds"": 23.0, ""hbonds_int"": 2.0, ""nres_int"": 67.0, ""packstat"": 0.5407365560531616, ""sc_value"": 0.6481871604919434}, ""C-D"": {""dG_dSASA_ratio"": -2.4209604263305664, ""dG_separated"": -21.740938186645508, ""dSASA_int"": 898.0294189453125, ""delta_unsatHbonds"": 1.0, ""hbonds_int"": 5.0, ""nres_int"": 46.0, ""packstat"": 0.622692883014679, ""sc_value"": 0.7168580889701843}}"
ova_body_c4_16_ms25_r01	AF3	104	7104	0	0	A-B,A-C,A-D,B-C,B-D,C-D	6	3	1	"{""A-B"": 26, ""A-C"": 68, ""A-D"": 37, ""B-C"": 38, ""B-D"": 67, ""C-D"": 27}"	A-D,B-C	A-B,A-C,B-D,C-D	0.2069638195169343	0.6180670857429504	0.0	-2.99454402923584	3.5837950517204797	0.6180670857429504	0.0	-2.4319589138031006	17.57102109972761	"{""A-B"": {""dG_dSASA_ratio"": -2.604463577270508, ""dG_separated"": -25.764741897583008, ""dSASA_int"": 989.2532958984375, ""delta_unsatHbonds"": 4.0, ""hbonds_int"": 4.0, ""nres_int"": 48.0, ""packstat"": 0.590388834476471, ""sc_value"": 0.7393187284469604}, ""A-C"": {""dG_dSASA_ratio"": -2.6158931255340576, ""dG_separated"": -44.516109466552734, ""dSASA_int"": 1701.755615234375, ""delta_unsatHbonds"": 16.0, ""hbonds_int"": 4.0, ""nres_int"": 66.0, ""packstat"": 0.606297492980957, ""sc_value"": 0.7155895233154297}, ""A-D"": {""dG_dSASA_ratio"": -2.9974474906921387, ""dG_separated"": -33.455570220947266, ""dSASA_int"": 1116.13525390625, ""delta_unsatHbonds"": 4.0, ""hbonds_int"": 0.0, ""nres_int"": 48.0, ""packstat"": 0.5852890014648438, ""sc_value"": 0.6180670857429504}, ""B-C"": {""dG_dSASA_ratio"": -2.99454402923584, ""dG_separated"": -34.092369079589844, ""dSASA_int"": 1138.4827880859375, ""delta_unsatHbonds"": 4.0, ""hbonds_int"": 0.0, ""nres_int"": 48.0, ""packstat"": 0.5204453468322754, ""sc_value"": 0.6540052890777588}, ""B-D"": {""dG_dSASA_ratio"": -2.4319589138031006, ""dG_separated"": -42.906288146972656, ""dSASA_int"": 1764.2685546875, ""delta_unsatHbonds"": 31.0, ""hbonds_int"": 2.0, ""nres_int"": 68.0, ""packstat"": 0.5876243710517883, ""sc_value"": 0.626441478729248}, ""C-D"": {""dG_dSASA_ratio"": -2.636336088180542, ""dG_separated"": -24.799026489257812, ""dSASA_int"": 940.6625366210938, ""delta_unsatHbonds"": 4.0, ""hbonds_int"": 4.0, ""nres_int"": 48.0, ""packstat"": 0.6321050524711609, ""sc_value"": 0.7365841865539551}}"
ova_body_c4_16_ms25_r01	AF3	105	7105	0	0	A-B,A-C,A-D,B-C,B-D,C-D	6	3	1	"{""A-B"": 26, ""A-C"": 68, ""A-D"": 38, ""B-C"": 34, ""B-D"": 66, ""C-D"": 29}"	A-D,B-C	A-B,A-C,B-D,C-D	0.21372417761204887	0.49310940504074097	0.0	-2.4166176319122314	7.159506140902087	0.49310940504074097	0.0	-2.297358751296997	14.435982023536996	"{""A-B"": {""dG_dSASA_ratio"": -2.297358751296997, ""dG_separated"": -21.25105094909668, ""dSASA_int"": 925.02099609375, ""delta_unsatHbonds"": 3.0, ""hbonds_int"": 5.0, ""nres_int"": 47.0, ""packstat"": 0.5873684883117676, ""sc_value"": 0.7154258489608765}, ""A-C"": {""dG_dSASA_ratio"": -2.695950984954834, ""dG_separated"": -46.12294387817383, ""dSASA_int"": 1710.8228759765625, ""delta_unsatHbonds"": 23.0, ""hbonds_int"": 4.0, ""nres_int"": 66.0, ""packstat"": 0.6266154646873474, ""sc_value"": 0.7150005102157593}, ""A-D"": {""dG_dSASA_ratio"": -3.0125346183776855, ""dG_separated"": -33.86927795410156, ""dSASA_int"": 1124.2784423828125, ""delta_unsatHbonds"": 4.0, ""hbonds_int"": 0.0, ""nres_int"": 48.0, ""packstat"": 0.5917319655418396, ""sc_value"": 0.6189546585083008}, ""B-C"": {""dG_dSASA_ratio"": -2.4166176319122314, ""dG_separated"": -27.003177642822266, ""dSASA_int"": 1117.3955078125, ""delta_unsatHbonds"": 8.0, ""hbonds_int"": 0.0, ""nres_int"": 48.0, ""packstat"": 0.5224146246910095, ""sc_value"": 0.49310940504074097}, ""B-D"": {""dG_dSASA_ratio"": -2.5876710414886475, ""dG_separated"": -44.8128662109375, ""dSASA_int"": 1731.7838134765625, ""delta_unsatHbonds"": 25.0, ""hbonds_int"": 3.0, ""nres_int"": 66.0, ""packstat"": 0.5867761373519897, ""sc_value"": 0.6818289756774902}, ""C-D"": {""dG_dSASA_ratio"": -2.5843396186828613, ""dG_separated"": -24.67486000061035, ""dSASA_int"": 954.783935546875, ""delta_unsatHbonds"": 2.0, ""hbonds_int"": 4.0, ""nres_int"": 48.0, ""packstat"": 0.6233221888542175, ""sc_value"": 0.726921558380127}}"
ova_body_c4_16_ms25_r01	AF3	106	7106	0	0	A-B,A-C,A-D,B-C,B-D,C-D	6	3	1	"{""A-B"": 26, ""A-C"": 65, ""A-D"": 37, ""B-C"": 36, ""B-D"": 67, ""C-D"": 27}"	A-D,B-C	A-B,A-C,B-D,C-D	0.21157273107744573	0.6459124088287354	0.0	-3.004232883453369	4.419854686486521	0.6459124088287354	0.0	-2.4042892456054688	14.53287246339994	"{""A-B"": {""dG_dSASA_ratio"": -2.5382559299468994, ""dG_separated"": -24.780006408691406, ""dSASA_int"": 976.2611083984375, ""delta_unsatHbonds"": 2.0, ""hbonds_int"": 4.0, ""nres_int"": 48.0, ""packstat"": 0.6232661604881287, ""sc_value"": 0.7339860200881958}, ""A-C"": {""dG_dSASA_ratio"": -2.4042892456054688, ""dG_separated"": -43.117313385009766, ""dSASA_int"": 1793.349853515625, ""delta_unsatHbonds"": 23.0, ""hbonds_int"": 4.0, ""nres_int"": 67.0, ""packstat"": 0.5757802128791809, ""sc_value"": 0.6877454519271851}, ""A-D"": {""dG_dSASA_ratio"": -3.1216583251953125, ""dG_separated"": -34.83949661254883, ""dSASA_int"": 1116.057373046875, ""delta_unsatHbonds"": 4.0, ""hbonds_int"": 0.0, ""nres_int"": 48.0, ""packstat"": 0.44868090748786926, ""sc_value"": 0.6459124088287354}, ""B-C"": {""dG_dSASA_ratio"": -3.004232883453369, ""dG_separated"": -33.98564910888672, ""dSASA_int"": 1131.2589111328125, ""delta_unsatHbonds"": 5.0, ""hbonds_int"": 0.0, ""nres_int"": 48.0, ""packstat"": 0.5565708875656128, ""sc_value"": 0.6554094552993774}, ""B-D"": {""dG_dSASA_ratio"": -2.5519914627075195, ""dG_separated"": -43.90032958984375, ""dSASA_int"": 1720.238037109375, ""delta_unsatHbonds"": 25.0, ""hbonds_int"": 2.0, ""nres_int"": 69.0, ""packstat"": 0.6051007509231567, ""sc_value"": 0.6734832525253296}, ""C-D"": {""dG_dSASA_ratio"": -2.5564351081848145, ""dG_separated"": -23.99920082092285, ""dSASA_int"": 938.7760009765625, ""delta_unsatHbonds"": 2.0, ""hbonds_int"": 4.0, ""nres_int"": 48.0, ""packstat"": 0.5472675561904907, ""sc_value"": 0.738663375377655}}"
ova_body_c4_16_ms25_r01	AF3	107	7107	0	0	A-B,A-C,A-D,B-C,B-D,C-D	6	3	1	"{""A-B"": 29, ""A-C"": 66, ""A-D"": 39, ""B-C"": 39, ""B-D"": 66, ""C-D"": 27}"	A-D,B-C	A-B,A-C,B-D,C-D	0.21497098521972885	0.6192761659622192	0.0	-3.0148508548736572	4.471140295780776	0.6192761659622192	0.0	-2.4385266304016113	12.596635021544577	"{""A-B"": {""dG_dSASA_ratio"": -2.4385266304016113, ""dG_separated"": -24.586336135864258, ""dSASA_int"": 1008.2455444335938, ""delta_unsatHbonds"": 2.0, ""hbonds_int"": 4.0, ""nres_int"": 49.0, ""packstat"": 0.611832857131958, ""sc_value"": 0.7359623312950134}, ""A-C"": {""dG_dSASA_ratio"": -2.6252079010009766, ""dG_separated"": -45.97917175292969, ""dSASA_int"": 1751.4486083984375, ""delta_unsatHbonds"": 20.0, ""hbonds_int"": 6.0, ""nres_int"": 66.0, ""packstat"": 0.6166066527366638, ""sc_value"": 0.7166098952293396}, ""A-D"": {""dG_dSASA_ratio"": -3.0148508548736572, ""dG_separated"": -33.71456527709961, ""dSASA_int"": 1118.282958984375, ""delta_unsatHbonds"": 5.0, ""hbonds_int"": 0.0, ""nres_int"": 49.0, ""packstat"": 0.5987805128097534, ""sc_value"": 0.6192761659622192}, ""B-C"": {""dG_dSASA_ratio"": -3.099024772644043, ""dG_separated"": -35.109832763671875, ""dSASA_int"": 1132.931640625, ""delta_unsatHbonds"": 4.0, ""hbonds_int"": 0.0, ""nres_int"": 48.0, ""packstat"": 0.6331794261932373, ""sc_value"": 0.6564520597457886}, ""B-D"": {""dG_dSASA_ratio"": -2.454902410507202, ""dG_separated"": -42.87482452392578, ""dSASA_int"": 1746.4981689453125, ""delta_unsatHbonds"": 22.0, ""hbonds_int"": 2.0, ""nres_int"": 69.0, ""packstat"": 0.6059010624885559, ""sc_value"": 0.6545895934104919}, ""C-D"": {""dG_dSASA_ratio"": -2.57997465133667, ""dG_separated"": -24.648143768310547, ""dSASA_int"": 955.3638305664062, ""delta_unsatHbonds"": 2.0, ""hbonds_int"": 4.0, ""nres_int"": 48.0, ""packstat"": 0.6078070402145386, ""sc_value"": 0.7524126768112183}}"
ova_body_c4_16_ms25_r01	AF3	108	7108	0	0	A-B,A-C,A-D,B-C,B-D,C-D	6	3	1	"{""A-B"": 28, ""A-C"": 66, ""A-D"": 36, ""B-C"": 38, ""B-D"": 67, ""C-D"": 26}"	A-D,B-C	A-B,A-C,B-D,C-D	0.21407565605283446	0.604094386100769	0.0	-2.5471994876861572	5.259144922440666	0.604094386100769	0.0	-2.423858642578125	13.670466985288229	"{""A-B"": {""dG_dSASA_ratio"": -2.423858642578125, ""dG_separated"": -24.513235092163086, ""dSASA_int"": 1011.3310546875, ""delta_unsatHbonds"": 2.0, ""hbonds_int"": 4.0, ""nres_int"": 49.0, ""packstat"": 0.584287703037262, ""sc_value"": 0.7298778295516968}, ""A-C"": {""dG_dSASA_ratio"": -2.750715970993042, ""dG_separated"": -46.736000061035156, ""dSASA_int"": 1699.0484619140625, ""delta_unsatHbonds"": 18.0, ""hbonds_int"": 4.0, ""nres_int"": 65.0, ""packstat"": 0.6172937154769897, ""sc_value"": 0.7253996133804321}, ""A-D"": {""dG_dSASA_ratio"": -2.5471994876861572, ""dG_separated"": -29.884023666381836, ""dSASA_int"": 1173.2110595703125, ""delta_unsatHbonds"": 5.0, ""hbonds_int"": 0.0, ""nres_int"": 48.0, ""packstat"": 0.5324816703796387, ""sc_value"": 0.6221110224723816}, ""B-C"": {""dG_dSASA_ratio"": -2.7271411418914795, ""dG_separated"": -31.11313247680664, ""dSASA_int"": 1140.869873046875, ""delta_unsatHbonds"": 6.0, ""hbonds_int"": 0.0, ""nres_int"": 48.0, ""packstat"": 0.5649259686470032, ""sc_value"": 0.604094386100769}, ""B-D"": {""dG_dSASA_ratio"": -2.672057867050171, ""dG_separated"": -44.956275939941406, ""dSASA_int"": 1682.458984375, ""delta_unsatHbonds"": 23.0, ""hbonds_int"": 2.0, ""nres_int"": 68.0, ""packstat"": 0.5716357827186584, ""sc_value"": 0.6722245216369629}, ""C-D"": {""dG_dSASA_ratio"": -2.7189955711364746, ""dG_separated"": -25.00974464416504, ""dSASA_int"": 919.8155517578125, ""delta_unsatHbonds"": 4.0, ""hbonds_int"": 4.0, ""nres_int"": 48.0, ""packstat"": 0.6125595569610596, ""sc_value"": 0.7445555329322815}}"
ova_body_c4_16_ms25_r01	AF3	109	7109	0	0	A-B,A-C,A-D,B-C,B-D,C-D	6	3	1	"{""A-B"": 28, ""A-C"": 64, ""A-D"": 37, ""B-C"": 41, ""B-D"": 65, ""C-D"": 25}"	A-D,B-C	A-B,A-C,B-D,C-D	0.2290172823585495	0.6148849725723267	0.0	-2.9532787799835205	4.378298688904775	0.6148849725723267	0.0	-2.550208330154419	14.595425217901575	"{""A-B"": {""dG_dSASA_ratio"": -2.795114755630493, ""dG_separated"": -27.564468383789062, ""dSASA_int"": 986.1658325195312, ""delta_unsatHbonds"": 2.0, ""hbonds_int"": 4.0, ""nres_int"": 48.0, ""packstat"": 0.5658935308456421, ""sc_value"": 0.7378537058830261}, ""A-C"": {""dG_dSASA_ratio"": -2.7498152256011963, ""dG_separated"": -46.56133270263672, ""dSASA_int"": 1693.253173828125, ""delta_unsatHbonds"": 20.0, ""hbonds_int"": 5.0, ""nres_int"": 65.0, ""packstat"": 0.6310415863990784, ""sc_value"": 0.7219381332397461}, ""A-D"": {""dG_dSASA_ratio"": -2.9532787799835205, ""dG_separated"": -33.16627502441406, ""dSASA_int"": 1123.0322265625, ""delta_unsatHbonds"": 4.0, ""hbonds_int"": 0.0, ""nres_int"": 48.0, ""packstat"": 0.496387243270874, ""sc_value"": 0.6148849725723267}, ""B-C"": {""dG_dSASA_ratio"": -3.192225217819214, ""dG_separated"": -36.45508575439453, ""dSASA_int"": 1141.99609375, ""delta_unsatHbonds"": 5.0, ""hbonds_int"": 1.0, ""nres_int"": 49.0, ""packstat"": 0.528525173664093, ""sc_value"": 0.6970760226249695}, ""B-D"": {""dG_dSASA_ratio"": -2.550208330154419, ""dG_separated"": -43.681636810302734, ""dSASA_int"": 1712.865478515625, ""delta_unsatHbonds"": 25.0, ""hbonds_int"": 2.0, ""nres_int"": 68.0, ""packstat"": 0.6394810676574707, ""sc_value"": 0.6472817063331604}, ""C-D"": {""dG_dSASA_ratio"": -2.609114408493042, ""dG_separated"": -24.211994171142578, ""dSASA_int"": 927.9774780273438, ""delta_unsatHbonds"": 2.0, ""hbonds_int"": 4.0, ""nres_int"": 48.0, ""packstat"": 0.6134942173957825, ""sc_value"": 0.743322491645813}}"
ova_body_c4_16_ms25_r01	AF3	110	7110	0	0	A-B,A-C,A-D,B-C,B-D,C-D	6	3	1	"{""A-B"": 28, ""A-C"": 67, ""A-D"": 38, ""B-C"": 38, ""B-D"": 67, ""C-D"": 27}"	A-D,B-C	A-B,A-C,B-D,C-D	0.21843937148310352	0.6033959984779358	0.0	-2.9526000022888184	3.5822690364070175	0.6033959984779358	0.0	-2.5507216453552246	13.60695530798071	"{""A-B"": {""dG_dSASA_ratio"": -2.5507216453552246, ""dG_separated"": -25.12725067138672, ""dSASA_int"": 985.1035766601562, ""delta_unsatHbonds"": 4.0, ""hbonds_int"": 4.0, ""nres_int"": 48.0, ""packstat"": 0.63702392578125, ""sc_value"": 0.7375807762145996}, ""A-C"": {""dG_dSASA_ratio"": -2.6579601764678955, ""dG_separated"": -44.92782211303711, ""dSASA_int"": 1690.31201171875, ""delta_unsatHbonds"": 23.0, ""hbonds_int"": 4.0, ""nres_int"": 66.0, ""packstat"": 0.6085349917411804, ""sc_value"": 0.7218566536903381}, ""A-D"": {""dG_dSASA_ratio"": -3.0119636058807373, ""dG_separated"": -33.63190841674805, ""dSASA_int"": 1116.6107177734375, ""delta_unsatHbonds"": 4.0, ""hbonds_int"": 0.0, ""nres_int"": 48.0, ""packstat"": 0.5688520073890686, ""sc_value"": 0.6033959984779358}, ""B-C"": {""dG_dSASA_ratio"": -2.9526000022888184, ""dG_separated"": -33.924312591552734, ""dSASA_int"": 1148.9639892578125, ""delta_unsatHbonds"": 4.0, ""hbonds_int"": 0.0, ""nres_int"": 48.0, ""packstat"": 0.539768397808075, ""sc_value"": 0.6532856225967407}, ""B-D"": {""dG_dSASA_ratio"": -2.583585739135742, ""dG_separated"": -43.79698944091797, ""dSASA_int"": 1695.20166015625, ""delta_unsatHbonds"": 23.0, ""hbonds_int"": 2.0, ""nres_int"": 67.0, ""packstat"": 0.5744611620903015, ""sc_value"": 0.6416314840316772}, ""C-D"": {""dG_dSASA_ratio"": -2.724520444869995, ""dG_separated"": -25.573749542236328, ""dSASA_int"": 938.6513671875, ""delta_unsatHbonds"": 4.0, ""hbonds_int"": 4.0, ""nres_int"": 48.0, ""packstat"": 0.5303093194961548, ""sc_value"": 0.7286585569381714}}"
ova_body_c4_16_ms25_r01	AF3	111	7111	0	0	A-B,A-C,A-D,B-C,B-D,C-D	6	3	1	"{""A-B"": 28, ""A-C"": 69, ""A-D"": 39, ""B-C"": 37, ""B-D"": 64, ""C-D"": 27}"	A-D,B-C	A-B,A-C,B-D,C-D	0.20574947168947358	0.6341969966888428	0.0	-2.823265790939331	3.5942514791406612	0.6341969966888428	0.0	-2.138347864151001	11.48624945071555	"{""A-B"": {""dG_dSASA_ratio"": -2.138347864151001, ""dG_separated"": -21.044666290283203, ""dSASA_int"": 984.1553955078125, ""delta_unsatHbonds"": 1.0, ""hbonds_int"": 4.0, ""nres_int"": 48.0, ""packstat"": 0.6160260438919067, ""sc_value"": 0.7425611019134521}, ""A-C"": {""dG_dSASA_ratio"": -2.5916380882263184, ""dG_separated"": -45.12592315673828, ""dSASA_int"": 1741.21240234375, ""delta_unsatHbonds"": 20.0, ""hbonds_int"": 4.0, ""nres_int"": 68.0, ""packstat"": 0.5536178350448608, ""sc_value"": 0.7109290361404419}, ""A-D"": {""dG_dSASA_ratio"": -3.025397300720215, ""dG_separated"": -34.064266204833984, ""dSASA_int"": 1125.943603515625, ""delta_unsatHbonds"": 4.0, ""hbonds_int"": 0.0, ""nres_int"": 48.0, ""packstat"": 0.5586534142494202, ""sc_value"": 0.6341969966888428}, ""B-C"": {""dG_dSASA_ratio"": -2.823265790939331, ""dG_separated"": -31.41979217529297, ""dSASA_int"": 1112.88818359375, ""delta_unsatHbonds"": 4.0, ""hbonds_int"": 0.0, ""nres_int"": 48.0, ""packstat"": 0.4246102273464203, ""sc_value"": 0.6576293706893921}, ""B-D"": {""dG_dSASA_ratio"": -2.676053762435913, ""dG_separated"": -45.227760314941406, ""dSASA_int"": 1690.091552734375, ""delta_unsatHbonds"": 19.0, ""hbonds_int"": 2.0, ""nres_int"": 69.0, ""packstat"": 0.5588171482086182, ""sc_value"": 0.6926380395889282}, ""C-D"": {""dG_dSASA_ratio"": -2.6282901763916016, ""dG_separated"": -24.214963912963867, ""dSASA_int"": 921.320068359375, ""delta_unsatHbonds"": 2.0, ""hbonds_int"": 4.0, ""nres_int"": 48.0, ""packstat"": 0.5879662036895752, ""sc_value"": 0.7402408123016357}}"
ova_body_c4_16_ms25_r01	AF3	112	7112	0	0	A-B,A-C,A-D,B-C,B-D,C-D	6	3	1	"{""A-B"": 28, ""A-C"": 66, ""A-D"": 36, ""B-C"": 38, ""B-D"": 67, ""C-D"": 27}"	A-D,B-C	A-B,A-C,B-D,C-D	0.2152196185884569	0.6030896902084351	0.0	-2.582669973373413	4.298125362549393	0.6030896902084351	0.0	-2.4337821006774902	13.527629308379705	"{""A-B"": {""dG_dSASA_ratio"": -2.4337821006774902, ""dG_separated"": -24.47490692138672, ""dSASA_int"": 1005.632568359375, ""delta_unsatHbonds"": 2.0, ""hbonds_int"": 4.0, ""nres_int"": 48.0, ""packstat"": 0.5664293169975281, ""sc_value"": 0.7272742986679077}, ""A-C"": {""dG_dSASA_ratio"": -2.7722387313842773, ""dG_separated"": -46.765769958496094, ""dSASA_int"": 1686.9315185546875, ""delta_unsatHbonds"": 17.0, ""hbonds_int"": 5.0, ""nres_int"": 67.0, ""packstat"": 0.5654234290122986, ""sc_value"": 0.7234704494476318}, ""A-D"": {""dG_dSASA_ratio"": -2.582669973373413, ""dG_separated"": -30.044143676757812, ""dSASA_int"": 1163.2978515625, ""delta_unsatHbonds"": 5.0, ""hbonds_int"": 0.0, ""nres_int"": 48.0, ""packstat"": 0.5036264657974243, ""sc_value"": 0.6229575276374817}, ""B-C"": {""dG_dSASA_ratio"": -2.742173433303833, ""dG_separated"": -31.31332015991211, ""dSASA_int"": 1141.9161376953125, ""delta_unsatHbonds"": 4.0, ""hbonds_int"": 0.0, ""nres_int"": 48.0, ""packstat"": 0.5155196189880371, ""sc_value"": 0.6030896902084351}, ""B-D"": {""dG_dSASA_ratio"": -2.6269750595092773, ""dG_separated"": -44.664459228515625, ""dSASA_int"": 1700.2239990234375, ""delta_unsatHbonds"": 23.0, ""hbonds_int"": 2.0, ""nres_int"": 68.0, ""packstat"": 0.601443886756897, ""sc_value"": 0.6709902286529541}, ""C-D"": {""dG_dSASA_ratio"": -2.6333975791931152, ""dG_separated"": -24.89093589782715, ""dSASA_int"": 945.2022705078125, ""delta_unsatHbonds"": 4.0, ""hbonds_int"": 4.0, ""nres_int"": 48.0, ""packstat"": 0.6339688301086426, ""sc_value"": 0.7206889986991882}}"
ova_body_c4_16_ms25_r01	AF3	113	7113	0	0	A-B,A-C,A-D,B-C,B-D,C-D	6	3	1	"{""A-B"": 27, ""A-C"": 67, ""A-D"": 35, ""B-C"": 39, ""B-D"": 65, ""C-D"": 27}"	A-D,B-C	A-B,A-C,B-D,C-D	0.21775442608001475	0.5589398145675659	0.0	-2.3564093112945557	4.4477097660891225	0.5589398145675659	0.0	-2.3564093112945557	13.018282761776565	"{""A-B"": {""dG_dSASA_ratio"": -2.4669103622436523, ""dG_separated"": -24.163658142089844, ""dSASA_int"": 979.5109252929688, ""delta_unsatHbonds"": 1.0, ""hbonds_int"": 4.0, ""nres_int"": 48.0, ""packstat"": 0.623119056224823, ""sc_value"": 0.7291011214256287}, ""A-C"": {""dG_dSASA_ratio"": -2.5665535926818848, ""dG_separated"": -44.7644157409668, ""dSASA_int"": 1744.1448974609375, ""delta_unsatHbonds"": 14.0, ""hbonds_int"": 5.0, ""nres_int"": 66.0, ""packstat"": 0.604866623878479, ""sc_value"": 0.7197108268737793}, ""A-D"": {""dG_dSASA_ratio"": -2.3564093112945557, ""dG_separated"": -27.132150650024414, ""dSASA_int"": 1151.419189453125, ""delta_unsatHbonds"": 4.0, ""hbonds_int"": 0.0, ""nres_int"": 48.0, ""packstat"": 0.5287752747535706, ""sc_value"": 0.5589398145675659}, ""B-C"": {""dG_dSASA_ratio"": -2.7824113368988037, ""dG_separated"": -31.279146194458008, ""dSASA_int"": 1124.174072265625, ""delta_unsatHbonds"": 5.0, ""hbonds_int"": 0.0, ""nres_int"": 49.0, ""packstat"": 0.46186164021492004, ""sc_value"": 0.6189290881156921}, ""B-D"": {""dG_dSASA_ratio"": -2.640665054321289, ""dG_separated"": -44.62541961669922, ""dSASA_int"": 1689.9310302734375, ""delta_unsatHbonds"": 22.0, ""hbonds_int"": 4.0, ""nres_int"": 65.0, ""packstat"": 0.5713515281677246, ""sc_value"": 0.7062981128692627}, ""C-D"": {""dG_dSASA_ratio"": -2.5441689491271973, ""dG_separated"": -24.138341903686523, ""dSASA_int"": 948.7711791992188, ""delta_unsatHbonds"": 3.0, ""hbonds_int"": 4.0, ""nres_int"": 48.0, ""packstat"": 0.6659782528877258, ""sc_value"": 0.7157911062240601}}"
ova_body_c4_16_ms25_r01	AF3	114	7114	0	0	A-B,A-C,A-D,B-C,B-D,C-D	6	3	1	"{""A-B"": 28, ""A-C"": 64, ""A-D"": 39, ""B-C"": 40, ""B-D"": 67, ""C-D"": 27}"	A-D,B-C	A-B,A-C,B-D,C-D	0.22357125338397893	0.6258741021156311	0.0	-3.049300193786621	4.368508429536151	0.6258741021156311	0.0	-2.2189064025878906	13.54370294654753	"{""A-B"": {""dG_dSASA_ratio"": -2.2189064025878906, ""dG_separated"": -21.66107749938965, ""dSASA_int"": 976.2051391601562, ""delta_unsatHbonds"": 3.0, ""hbonds_int"": 4.0, ""nres_int"": 48.0, ""packstat"": 0.6010376811027527, ""sc_value"": 0.7468708753585815}, ""A-C"": {""dG_dSASA_ratio"": -2.743154525756836, ""dG_separated"": -46.58442306518555, ""dSASA_int"": 1698.2061767578125, ""delta_unsatHbonds"": 23.0, ""hbonds_int"": 4.0, ""nres_int"": 66.0, ""packstat"": 0.6013491153717041, ""sc_value"": 0.7177635431289673}, ""A-D"": {""dG_dSASA_ratio"": -3.049300193786621, ""dG_separated"": -33.95329666137695, ""dSASA_int"": 1113.478271484375, ""delta_unsatHbonds"": 4.0, ""hbonds_int"": 0.0, ""nres_int"": 48.0, ""packstat"": 0.606982946395874, ""sc_value"": 0.6258741021156311}, ""B-C"": {""dG_dSASA_ratio"": -3.193068265914917, ""dG_separated"": -36.54643630981445, ""dSASA_int"": 1144.555419921875, ""delta_unsatHbonds"": 5.0, ""hbonds_int"": 1.0, ""nres_int"": 49.0, ""packstat"": 0.5437844395637512, ""sc_value"": 0.6981175541877747}, ""B-D"": {""dG_dSASA_ratio"": -2.517836093902588, ""dG_separated"": -43.850582122802734, ""dSASA_int"": 1741.597900390625, ""delta_unsatHbonds"": 23.0, ""hbonds_int"": 2.0, ""nres_int"": 68.0, ""packstat"": 0.5897517800331116, ""sc_value"": 0.6837244033813477}, ""C-D"": {""dG_dSASA_ratio"": -2.635194778442383, ""dG_separated"": -24.918651580810547, ""dSASA_int"": 945.6094360351562, ""delta_unsatHbonds"": 4.0, ""hbonds_int"": 4.0, ""nres_int"": 48.0, ""packstat"": 0.5847143530845642, ""sc_value"": 0.7320108413696289}}"
ova_body_c4_16_ms25_r01	AF3	115	7115	0	0	A-B,A-C,A-D,B-C,B-D,C-D	6	3	1	"{""A-B"": 28, ""A-C"": 67, ""A-D"": 38, ""B-C"": 39, ""B-D"": 66, ""C-D"": 25}"	A-D,B-C	A-B,A-C,B-D,C-D	0.22513580940608469	0.6181831955909729	0.0	-3.0373291969299316	3.625399169526024	0.6181831955909729	0.0	-2.299067258834839	11.300369421192213	"{""A-B"": {""dG_dSASA_ratio"": -2.530421257019043, ""dG_separated"": -25.033693313598633, ""dSASA_int"": 989.3092651367188, ""delta_unsatHbonds"": 4.0, ""hbonds_int"": 4.0, ""nres_int"": 48.0, ""packstat"": 0.6166432499885559, ""sc_value"": 0.737390398979187}, ""A-C"": {""dG_dSASA_ratio"": -2.703651189804077, ""dG_separated"": -46.04874038696289, ""dSASA_int"": 1703.2056884765625, ""delta_unsatHbonds"": 16.0, ""hbonds_int"": 5.0, ""nres_int"": 66.0, ""packstat"": 0.5726925730705261, ""sc_value"": 0.716846227645874}, ""A-D"": {""dG_dSASA_ratio"": -3.093334913253784, ""dG_separated"": -34.12959289550781, ""dSASA_int"": 1103.3267822265625, ""delta_unsatHbonds"": 4.0, ""hbonds_int"": 0.0, ""nres_int"": 48.0, ""packstat"": 0.49850383400917053, ""sc_value"": 0.6181831955909729}, ""B-C"": {""dG_dSASA_ratio"": -3.0373291969299316, ""dG_separated"": -34.63603973388672, ""dSASA_int"": 1140.3453369140625, ""delta_unsatHbonds"": 4.0, ""hbonds_int"": 0.0, ""nres_int"": 48.0, ""packstat"": 0.623647153377533, ""sc_value"": 0.6500324606895447}, ""B-D"": {""dG_dSASA_ratio"": -2.5570998191833496, ""dG_separated"": -42.99407958984375, ""dSASA_int"": 1681.3609619140625, ""delta_unsatHbonds"": 19.0, ""hbonds_int"": 2.0, ""nres_int"": 66.0, ""packstat"": 0.6452435255050659, ""sc_value"": 0.6465960741043091}, ""C-D"": {""dG_dSASA_ratio"": -2.299067258834839, ""dG_separated"": -20.848669052124023, ""dSASA_int"": 906.8316650390625, ""delta_unsatHbonds"": 3.0, ""hbonds_int"": 5.0, ""nres_int"": 46.0, ""packstat"": 0.6121885180473328, ""sc_value"": 0.7182769179344177}}"
ova_body_c4_16_ms25_r01	AF3	116	7116	0	0	A-B,A-C,A-D,B-C,B-D,C-D	6	3	1	"{""A-B"": 27, ""A-C"": 64, ""A-D"": 38, ""B-C"": 38, ""B-D"": 66, ""C-D"": 25}"	A-D,B-C	A-B,A-C,B-D,C-D	0.24073605122490802	0.6224086284637451	0.0	-3.013718605041504	3.577582766811762	0.6224086284637451	0.0	-2.3021583557128906	12.288053540804714	"{""A-B"": {""dG_dSASA_ratio"": -2.548476219177246, ""dG_separated"": -24.918701171875, ""dSASA_int"": 977.7882690429688, ""delta_unsatHbonds"": 3.0, ""hbonds_int"": 4.0, ""nres_int"": 48.0, ""packstat"": 0.6031668782234192, ""sc_value"": 0.7290109992027283}, ""A-C"": {""dG_dSASA_ratio"": -2.4932329654693604, ""dG_separated"": -43.96809387207031, ""dSASA_int"": 1763.4971923828125, ""delta_unsatHbonds"": 21.0, ""hbonds_int"": 5.0, ""nres_int"": 65.0, ""packstat"": 0.5984533429145813, ""sc_value"": 0.6927347779273987}, ""A-D"": {""dG_dSASA_ratio"": -3.02980637550354, ""dG_separated"": -34.14280700683594, ""dSASA_int"": 1126.8973388671875, ""delta_unsatHbonds"": 4.0, ""hbonds_int"": 0.0, ""nres_int"": 48.0, ""packstat"": 0.5235489010810852, ""sc_value"": 0.6224086284637451}, ""B-C"": {""dG_dSASA_ratio"": -3.013718605041504, ""dG_separated"": -33.69558334350586, ""dSASA_int"": 1118.0733642578125, ""delta_unsatHbonds"": 4.0, ""hbonds_int"": 0.0, ""nres_int"": 48.0, ""packstat"": 0.5412954688072205, ""sc_value"": 0.6632875204086304}, ""B-D"": {""dG_dSASA_ratio"": -2.519455909729004, ""dG_separated"": -43.056922912597656, ""dSASA_int"": 1708.9769287109375, ""delta_unsatHbonds"": 21.0, ""hbonds_int"": 2.0, ""nres_int"": 69.0, ""packstat"": 0.6520395874977112, ""sc_value"": 0.6494582295417786}, ""C-D"": {""dG_dSASA_ratio"": -2.3021583557128906, ""dG_separated"": -20.658641815185547, ""dSASA_int"": 897.3597412109375, ""delta_unsatHbonds"": 3.0, ""hbonds_int"": 5.0, ""nres_int"": 45.0, ""packstat"": 0.5854665040969849, ""sc_value"": 0.7141578793525696}}"
ova_body_c4_16_ms25_r01	AF3	117	7117	0	0	A-B,A-C,A-D,B-C,B-D,C-D	6	3	1	"{""A-B"": 25, ""A-C"": 68, ""A-D"": 37, ""B-C"": 40, ""B-D"": 63, ""C-D"": 27}"	A-D,B-C	A-B,A-C,B-D,C-D	0.24073759080969537	0.5732212066650391	0.0	-2.7272746562957764	4.295420479822377	0.5732212066650391	0.0	-2.448178768157959	13.758223545520687	"{""A-B"": {""dG_dSASA_ratio"": -2.5271403789520264, ""dG_separated"": -25.220582962036133, ""dSASA_int"": 997.989013671875, ""delta_unsatHbonds"": 2.0, ""hbonds_int"": 4.0, ""nres_int"": 48.0, ""packstat"": 0.6570867896080017, ""sc_value"": 0.7284069657325745}, ""A-C"": {""dG_dSASA_ratio"": -2.591235637664795, ""dG_separated"": -46.03006362915039, ""dSASA_int"": 1776.3751220703125, ""delta_unsatHbonds"": 21.0, ""hbonds_int"": 3.0, ""nres_int"": 68.0, ""packstat"": 0.5666617751121521, ""sc_value"": 0.6761395931243896}, ""A-D"": {""dG_dSASA_ratio"": -2.7272746562957764, ""dG_separated"": -31.746307373046875, ""dSASA_int"": 1164.0303955078125, ""delta_unsatHbonds"": 5.0, ""hbonds_int"": 0.0, ""nres_int"": 48.0, ""packstat"": 0.4843076765537262, ""sc_value"": 0.5732212066650391}, ""B-C"": {""dG_dSASA_ratio"": -3.0897953510284424, ""dG_separated"": -36.10496139526367, ""dSASA_int"": 1168.522705078125, ""delta_unsatHbonds"": 4.0, ""hbonds_int"": 1.0, ""nres_int"": 49.0, ""packstat"": 0.5523892641067505, ""sc_value"": 0.7023123502731323}, ""B-D"": {""dG_dSASA_ratio"": -2.448178768157959, ""dG_separated"": -42.70630645751953, ""dSASA_int"": 1744.4112548828125, ""delta_unsatHbonds"": 24.0, ""hbonds_int"": 3.0, ""nres_int"": 66.0, ""packstat"": 0.5916446447372437, ""sc_value"": 0.7095045447349548}, ""C-D"": {""dG_dSASA_ratio"": -2.5637528896331787, ""dG_separated"": -23.961999893188477, ""dSASA_int"": 934.6453857421875, ""delta_unsatHbonds"": 2.0, ""hbonds_int"": 4.0, ""nres_int"": 48.0, ""packstat"": 0.5830446481704712, ""sc_value"": 0.7302337884902954}}"
ova_body_c4_16_ms25_r01	AF3	118	7118	0	0	A-B,A-C,A-D,B-C,B-D,C-D	6	3	1	"{""A-B"": 26, ""A-C"": 68, ""A-D"": 36, ""B-C"": 38, ""B-D"": 66, ""C-D"": 29}"	A-D,B-C	A-B,A-C,B-D,C-D	0.2163426966720009	0.5916571617126465	0.0	-2.9095876216888428	5.353736320208155	0.5916571617126465	0.0	-2.2054221630096436	18.046522495546853	"{""A-B"": {""dG_dSASA_ratio"": -2.2054221630096436, ""dG_separated"": -21.783414840698242, ""dSASA_int"": 987.7208862304688, ""delta_unsatHbonds"": 2.0, ""hbonds_int"": 4.0, ""nres_int"": 48.0, ""packstat"": 0.668947696685791, ""sc_value"": 0.7456495761871338}, ""A-C"": {""dG_dSASA_ratio"": -2.710817575454712, ""dG_separated"": -46.46194076538086, ""dSASA_int"": 1713.9456787109375, ""delta_unsatHbonds"": 20.0, ""hbonds_int"": 4.0, ""nres_int"": 66.0, ""packstat"": 0.6178918480873108, ""sc_value"": 0.7153629064559937}, ""A-D"": {""dG_dSASA_ratio"": -2.9095876216888428, ""dG_separated"": -32.608116149902344, ""dSASA_int"": 1120.712646484375, ""delta_unsatHbonds"": 6.0, ""hbonds_int"": 0.0, ""nres_int"": 48.0, ""packstat"": 0.5476884841918945, ""sc_value"": 0.5916571617126465}, ""B-C"": {""dG_dSASA_ratio"": -3.0087356567382812, ""dG_separated"": -33.902400970458984, ""dSASA_int"": 1126.798828125, ""delta_unsatHbonds"": 4.0, ""hbonds_int"": 0.0, ""nres_int"": 48.0, ""packstat"": 0.5342333912849426, ""sc_value"": 0.6509408950805664}, ""B-D"": {""dG_dSASA_ratio"": -2.641322374343872, ""dG_separated"": -45.37217330932617, ""dSASA_int"": 1717.782470703125, ""delta_unsatHbonds"": 31.0, ""hbonds_int"": 2.0, ""nres_int"": 69.0, ""packstat"": 0.5990535616874695, ""sc_value"": 0.64759361743927}, ""C-D"": {""dG_dSASA_ratio"": -2.5553839206695557, ""dG_separated"": -24.312889099121094, ""dSASA_int"": 951.4378051757812, ""delta_unsatHbonds"": 2.0, ""hbonds_int"": 4.0, ""nres_int"": 48.0, ""packstat"": 0.6221616268157959, ""sc_value"": 0.7286393046379089}}"
ova_body_c4_16_ms25_r01	AF3	119	7119	0	0	A-B,A-C,A-D,B-C,B-D,C-D	6	3	1	"{""A-B"": 28, ""A-C"": 67, ""A-D"": 38, ""B-C"": 38, ""B-D"": 63, ""C-D"": 28}"	A-D,B-C	A-B,A-C,B-D,C-D	0.2218633091648892	0.6539419889450073	0.0	-3.008451461791992	4.411731759815672	0.6539419889450073	0.0	-2.2431466579437256	12.998859469522419	"{""A-B"": {""dG_dSASA_ratio"": -2.481607437133789, ""dG_separated"": -24.309587478637695, ""dSASA_int"": 979.5904541015625, ""delta_unsatHbonds"": 2.0, ""hbonds_int"": 4.0, ""nres_int"": 48.0, ""packstat"": 0.5752456784248352, ""sc_value"": 0.7319803833961487}, ""A-C"": {""dG_dSASA_ratio"": -2.6594605445861816, ""dG_separated"": -46.17134475708008, ""dSASA_int"": 1736.116943359375, ""delta_unsatHbonds"": 22.0, ""hbonds_int"": 4.0, ""nres_int"": 68.0, ""packstat"": 0.6474974751472473, ""sc_value"": 0.7084953188896179}, ""A-D"": {""dG_dSASA_ratio"": -3.239940881729126, ""dG_separated"": -36.63901901245117, ""dSASA_int"": 1130.8546142578125, ""delta_unsatHbonds"": 4.0, ""hbonds_int"": 1.0, ""nres_int"": 49.0, ""packstat"": 0.4906192421913147, ""sc_value"": 0.6792194247245789}, ""B-C"": {""dG_dSASA_ratio"": -3.008451461791992, ""dG_separated"": -34.096038818359375, ""dSASA_int"": 1133.341796875, ""delta_unsatHbonds"": 5.0, ""hbonds_int"": 0.0, ""nres_int"": 48.0, ""packstat"": 0.5270917415618896, ""sc_value"": 0.6539419889450073}, ""B-D"": {""dG_dSASA_ratio"": -2.694817066192627, ""dG_separated"": -45.60859680175781, ""dSASA_int"": 1692.4561767578125, ""delta_unsatHbonds"": 22.0, ""hbonds_int"": 3.0, ""nres_int"": 66.0, ""packstat"": 0.6946390271186829, ""sc_value"": 0.6943385004997253}, ""C-D"": {""dG_dSASA_ratio"": -2.2431466579437256, ""dG_separated"": -21.339635848999023, ""dSASA_int"": 951.325927734375, ""delta_unsatHbonds"": 2.0, ""hbonds_int"": 4.0, ""nres_int"": 48.0, ""packstat"": 0.5670410990715027, ""sc_value"": 0.7315965890884399}}"
ova_body_c4_16_ms25_r01	AF3	120	7120	0	0	A-B,A-C,A-D,B-C,B-D,C-D	6	3	1	"{""A-B"": 28, ""A-C"": 66, ""A-D"": 36, ""B-C"": 38, ""B-D"": 67, ""C-D"": 27}"	A-D,B-C	A-B,A-C,B-D,C-D	0.2152196185884569	0.6030896902084351	0.0	-2.559875965118408	5.254326304652792	0.6030896902084351	0.0	-2.506500005722046	13.527629308379705	"{""A-B"": {""dG_dSASA_ratio"": -2.506500005722046, ""dG_separated"": -25.206180572509766, ""dSASA_int"": 1005.632568359375, ""delta_unsatHbonds"": 4.0, ""hbonds_int"": 4.0, ""nres_int"": 48.0, ""packstat"": 0.6115662455558777, ""sc_value"": 0.7272742986679077}, ""A-C"": {""dG_dSASA_ratio"": -2.7722387313842773, ""dG_separated"": -46.765769958496094, ""dSASA_int"": 1686.9315185546875, ""delta_unsatHbonds"": 17.0, ""hbonds_int"": 5.0, ""nres_int"": 67.0, ""packstat"": 0.5949419140815735, ""sc_value"": 0.7234704494476318}, ""A-D"": {""dG_dSASA_ratio"": -2.559875965118408, ""dG_separated"": -29.778980255126953, ""dSASA_int"": 1163.2978515625, ""delta_unsatHbonds"": 5.0, ""hbonds_int"": 0.0, ""nres_int"": 48.0, ""packstat"": 0.5203602910041809, ""sc_value"": 0.6229575276374817}, ""B-C"": {""dG_dSASA_ratio"": -2.7255868911743164, ""dG_separated"": -31.123916625976562, ""dSASA_int"": 1141.9161376953125, ""delta_unsatHbonds"": 6.0, ""hbonds_int"": 0.0, ""nres_int"": 48.0, ""packstat"": 0.4846377372741699, ""sc_value"": 0.6030896902084351}, ""B-D"": {""dG_dSASA_ratio"": -2.6269750595092773, ""dG_separated"": -44.664459228515625, ""dSASA_int"": 1700.2239990234375, ""delta_unsatHbonds"": 23.0, ""hbonds_int"": 2.0, ""nres_int"": 68.0, ""packstat"": 0.5918812155723572, ""sc_value"": 0.6709902286529541}, ""C-D"": {""dG_dSASA_ratio"": -2.7033214569091797, ""dG_separated"": -25.551855087280273, ""dSASA_int"": 945.2022705078125, ""delta_unsatHbonds"": 4.0, ""hbonds_int"": 4.0, ""nres_int"": 48.0, ""packstat"": 0.6427568197250366, ""sc_value"": 0.7206889986991882}}"
ova_body_c4_16_ms25_r01	AF3	121	7121	0	0	A-B,A-C,A-D,B-C,B-D,C-D	6	3	1	"{""A-B"": 28, ""A-C"": 68, ""A-D"": 39, ""B-C"": 38, ""B-D"": 66, ""C-D"": 27}"	A-D,B-C	A-B,A-C,B-D,C-D	0.22019100897527963	0.5925266742706299	0.0	-2.8508143424987793	6.1519329174971125	0.5925266742706299	0.0	-2.1291778087615967	15.869405719512214	"{""A-B"": {""dG_dSASA_ratio"": -2.1291778087615967, ""dG_separated"": -21.117700576782227, ""dSASA_int"": 991.8241577148438, ""delta_unsatHbonds"": 2.0, ""hbonds_int"": 4.0, ""nres_int"": 50.0, ""packstat"": 0.6203428506851196, ""sc_value"": 0.7453417778015137}, ""A-C"": {""dG_dSASA_ratio"": -2.6725990772247314, ""dG_separated"": -46.0047492980957, ""dSASA_int"": 1721.3487548828125, ""delta_unsatHbonds"": 23.0, ""hbonds_int"": 4.0, ""nres_int"": 66.0, ""packstat"": 0.5652315020561218, ""sc_value"": 0.7026587128639221}, ""A-D"": {""dG_dSASA_ratio"": -2.8508143424987793, ""dG_separated"": -32.4380989074707, ""dSASA_int"": 1137.853759765625, ""delta_unsatHbonds"": 7.0, ""hbonds_int"": 0.0, ""nres_int"": 48.0, ""packstat"": 0.5423952341079712, ""sc_value"": 0.5925266742706299}, ""B-C"": {""dG_dSASA_ratio"": -2.993036985397339, ""dG_separated"": -34.00789260864258, ""dSASA_int"": 1136.233642578125, ""delta_unsatHbonds"": 4.0, ""hbonds_int"": 0.0, ""nres_int"": 48.0, ""packstat"": 0.47753670811653137, ""sc_value"": 0.6558120250701904}, ""B-D"": {""dG_dSASA_ratio"": -2.6485064029693604, ""dG_separated"": -45.061344146728516, ""dSASA_int"": 1701.386962890625, ""delta_unsatHbonds"": 27.0, ""hbonds_int"": 2.0, ""nres_int"": 67.0, ""packstat"": 0.6055843830108643, ""sc_value"": 0.6845439076423645}, ""C-D"": {""dG_dSASA_ratio"": -2.5647361278533936, ""dG_separated"": -24.047609329223633, ""dSASA_int"": 937.6251220703125, ""delta_unsatHbonds"": 2.0, ""hbonds_int"": 4.0, ""nres_int"": 48.0, ""packstat"": 0.5429381132125854, ""sc_value"": 0.729722261428833}}"
ova_body_c4_16_ms25_r01	AF3	122	7122	0	0	A-B,A-C,A-D,B-C,B-D,C-D	6	3	1	"{""A-B"": 27, ""A-C"": 66, ""A-D"": 38, ""B-C"": 39, ""B-D"": 67, ""C-D"": 26}"	A-D,B-C	A-B,A-C,B-D,C-D	0.22603069895473052	0.6377471685409546	0.0	-3.11285662651062	3.6408981934064943	0.6377471685409546	0.0	-2.372443437576294	14.610174088642237	"{""A-B"": {""dG_dSASA_ratio"": -2.5046780109405518, ""dG_separated"": -24.81873321533203, ""dSASA_int"": 990.8952026367188, ""delta_unsatHbonds"": 2.0, ""hbonds_int"": 4.0, ""nres_int"": 48.0, ""packstat"": 0.606232225894928, ""sc_value"": 0.7427561283111572}, ""A-C"": {""dG_dSASA_ratio"": -2.6204164028167725, ""dG_separated"": -45.68865203857422, ""dSASA_int"": 1743.5645751953125, ""delta_unsatHbonds"": 22.0, ""hbonds_int"": 3.0, ""nres_int"": 66.0, ""packstat"": 0.607071578502655, ""sc_value"": 0.6694227457046509}, ""A-D"": {""dG_dSASA_ratio"": -3.11285662651062, ""dG_separated"": -34.19877624511719, ""dSASA_int"": 1098.6300048828125, ""delta_unsatHbonds"": 4.0, ""hbonds_int"": 0.0, ""nres_int"": 48.0, ""packstat"": 0.5396937727928162, ""sc_value"": 0.6377471685409546}, ""B-C"": {""dG_dSASA_ratio"": -3.1219284534454346, ""dG_separated"": -34.81988525390625, ""dSASA_int"": 1115.33251953125, ""delta_unsatHbonds"": 4.0, ""hbonds_int"": 0.0, ""nres_int"": 48.0, ""packstat"": 0.5680386424064636, ""sc_value"": 0.6465123891830444}, ""B-D"": {""dG_dSASA_ratio"": -2.545271158218384, ""dG_separated"": -43.55305862426758, ""dSASA_int"": 1711.1363525390625, ""delta_unsatHbonds"": 25.0, ""hbonds_int"": 3.0, ""nres_int"": 70.0, ""packstat"": 0.6485210657119751, ""sc_value"": 0.6874321699142456}, ""C-D"": {""dG_dSASA_ratio"": -2.372443437576294, ""dG_separated"": -20.70435905456543, ""dSASA_int"": 872.701904296875, ""delta_unsatHbonds"": 3.0, ""hbonds_int"": 5.0, ""nres_int"": 46.0, ""packstat"": 0.5743443369865417, ""sc_value"": 0.7239434123039246}}"
ova_body_c4_16_ms25_r01	AF3	123	7123	0	0	A-B,A-C,A-D,B-C,B-D,C-D	6	3	1	"{""A-B"": 28, ""A-C"": 64, ""A-D"": 39, ""B-C"": 40, ""B-D"": 67, ""C-D"": 27}"	A-D,B-C	A-B,A-C,B-D,C-D	0.22370830200310687	0.6297913789749146	0.0	-3.042379856109619	4.3857197709232345	0.6297913789749146	0.0	-2.4747262001037598	13.548212945440572	"{""A-B"": {""dG_dSASA_ratio"": -2.4747262001037598, ""dG_separated"": -24.149669647216797, ""dSASA_int"": 975.8521728515625, ""delta_unsatHbonds"": 2.0, ""hbonds_int"": 4.0, ""nres_int"": 48.0, ""packstat"": 0.5468974709510803, ""sc_value"": 0.735031008720398}, ""A-C"": {""dG_dSASA_ratio"": -2.7585465908050537, ""dG_separated"": -46.83021545410156, ""dSASA_int"": 1697.640869140625, ""delta_unsatHbonds"": 23.0, ""hbonds_int"": 4.0, ""nres_int"": 66.0, ""packstat"": 0.6352657675743103, ""sc_value"": 0.7157922983169556}, ""A-D"": {""dG_dSASA_ratio"": -3.042379856109619, ""dG_separated"": -33.92308807373047, ""dSASA_int"": 1115.01806640625, ""delta_unsatHbonds"": 4.0, ""hbonds_int"": 0.0, ""nres_int"": 48.0, ""packstat"": 0.5790009498596191, ""sc_value"": 0.6297913789749146}, ""B-C"": {""dG_dSASA_ratio"": -3.208787202835083, ""dG_separated"": -36.582218170166016, ""dSASA_int"": 1140.063720703125, ""delta_unsatHbonds"": 5.0, ""hbonds_int"": 1.0, ""nres_int"": 49.0, ""packstat"": 0.5427022576332092, ""sc_value"": 0.6960663199424744}, ""B-D"": {""dG_dSASA_ratio"": -2.5448484420776367, ""dG_separated"": -44.15524673461914, ""dSASA_int"": 1735.0836181640625, ""delta_unsatHbonds"": 21.0, ""hbonds_int"": 2.0, ""nres_int"": 68.0, ""packstat"": 0.5460661053657532, ""sc_value"": 0.670484721660614}, ""C-D"": {""dG_dSASA_ratio"": -2.5483317375183105, ""dG_separated"": -24.210819244384766, ""dSASA_int"": 950.0654296875, ""delta_unsatHbonds"": 2.0, ""hbonds_int"": 4.0, ""nres_int"": 48.0, ""packstat"": 0.5866792798042297, ""sc_value"": 0.7336801886558533}}"
ova_body_c4_16_ms25_r01	AF3	124	7124	0	0	A-B,A-C,A-D,B-C,B-D,C-D	6	3	1	"{""A-B"": 26, ""A-C"": 64, ""A-D"": 37, ""B-C"": 37, ""B-D"": 68, ""C-D"": 26}"	A-D,B-C	A-B,A-C,B-D,C-D	0.21335249591246225	0.6225302815437317	0.0	-2.781015157699585	4.411639101641214	0.6225302815437317	0.0	-2.5219197273254395	15.77835204734647	"{""A-B"": {""dG_dSASA_ratio"": -2.5219197273254395, ""dG_separated"": -25.099302291870117, ""dSASA_int"": 995.2459106445312, ""delta_unsatHbonds"": 3.0, ""hbonds_int"": 4.0, ""nres_int"": 48.0, ""packstat"": 0.6102429628372192, ""sc_value"": 0.7320646047592163}, ""A-C"": {""dG_dSASA_ratio"": -2.667537212371826, ""dG_separated"": -46.089866638183594, ""dSASA_int"": 1727.8060302734375, ""delta_unsatHbonds"": 22.0, ""hbonds_int"": 3.0, ""nres_int"": 65.0, ""packstat"": 0.5802359580993652, ""sc_value"": 0.6806353330612183}, ""A-D"": {""dG_dSASA_ratio"": -2.781015157699585, ""dG_separated"": -31.519067764282227, ""dSASA_int"": 1133.3656005859375, ""delta_unsatHbonds"": 5.0, ""hbonds_int"": 0.0, ""nres_int"": 47.0, ""packstat"": 0.5591455101966858, ""sc_value"": 0.6225302815437317}, ""B-C"": {""dG_dSASA_ratio"": -3.006312847137451, ""dG_separated"": -33.986663818359375, ""dSASA_int"": 1130.509765625, ""delta_unsatHbonds"": 4.0, ""hbonds_int"": 0.0, ""nres_int"": 48.0, ""packstat"": 0.5508733987808228, ""sc_value"": 0.6596230268478394}, ""B-D"": {""dG_dSASA_ratio"": -2.589876413345337, ""dG_separated"": -44.3181037902832, ""dSASA_int"": 1711.205322265625, ""delta_unsatHbonds"": 27.0, ""hbonds_int"": 2.0, ""nres_int"": 68.0, ""packstat"": 0.5504934787750244, ""sc_value"": 0.6730140447616577}, ""C-D"": {""dG_dSASA_ratio"": -2.587980270385742, ""dG_separated"": -24.081876754760742, ""dSASA_int"": 930.52783203125, ""delta_unsatHbonds"": 2.0, ""hbonds_int"": 4.0, ""nres_int"": 47.0, ""packstat"": 0.6108590364456177, ""sc_value"": 0.733514130115509}}"
ova_body_c4_16_ms25_r01	AF3	125	7125	0	0	A-B,A-C,A-D,B-C,B-D,C-D	6	3	1	"{""A-B"": 28, ""A-C"": 62, ""A-D"": 39, ""B-C"": 37, ""B-D"": 67, ""C-D"": 27}"	A-D,B-C	A-B,A-C,B-D,C-D	0.22628753344469263	0.6549636721611023	0.0	-2.9956982135772705	4.381492345278284	0.6549636721611023	0.0	-2.5352187156677246	10.430004994457008	"{""A-B"": {""dG_dSASA_ratio"": -2.5409960746765137, ""dG_separated"": -25.279043197631836, ""dSASA_int"": 994.8477783203125, ""delta_unsatHbonds"": 4.0, ""hbonds_int"": 4.0, ""nres_int"": 49.0, ""packstat"": 0.5462973713874817, ""sc_value"": 0.727546215057373}, ""A-C"": {""dG_dSASA_ratio"": -2.6962661743164062, ""dG_separated"": -46.234981536865234, ""dSASA_int"": 1714.7781982421875, ""delta_unsatHbonds"": 14.0, ""hbonds_int"": 4.0, ""nres_int"": 64.0, ""packstat"": 0.6302475333213806, ""sc_value"": 0.7144567966461182}, ""A-D"": {""dG_dSASA_ratio"": -3.2103614807128906, ""dG_separated"": -36.66743087768555, ""dSASA_int"": 1142.1590576171875, ""delta_unsatHbonds"": 5.0, ""hbonds_int"": 1.0, ""nres_int"": 49.0, ""packstat"": 0.5607340931892395, ""sc_value"": 0.6906748414039612}, ""B-C"": {""dG_dSASA_ratio"": -2.9956982135772705, ""dG_separated"": -34.185821533203125, ""dSASA_int"": 1141.1636962890625, ""delta_unsatHbonds"": 5.0, ""hbonds_int"": 0.0, ""nres_int"": 48.0, ""packstat"": 0.586721658706665, ""sc_value"": 0.6549636721611023}, ""B-D"": {""dG_dSASA_ratio"": -2.556713104248047, ""dG_separated"": -44.123504638671875, ""dSASA_int"": 1725.7901611328125, ""delta_unsatHbonds"": 18.0, ""hbonds_int"": 3.0, ""nres_int"": 69.0, ""packstat"": 0.6122488975524902, ""sc_value"": 0.6854805946350098}, ""C-D"": {""dG_dSASA_ratio"": -2.5352187156677246, ""dG_separated"": -24.059816360473633, ""dSASA_int"": 949.0233764648438, ""delta_unsatHbonds"": 2.0, ""hbonds_int"": 4.0, ""nres_int"": 48.0, ""packstat"": 0.5131045579910278, ""sc_value"": 0.7262144088745117}}"
ova_body_c4_16_ms25_r01	AF3	126	7126	0	0	A-B,A-C,A-D,B-C,B-D,C-D	6	3	1	"{""A-B"": 28, ""A-C"": 64, ""A-D"": 33, ""B-C"": 38, ""B-D"": 66, ""C-D"": 27}"	A-D,B-C	A-B,A-C,B-D,C-D	0.24236421532743407	0.5166047811508179	0.0	-2.416581392288208	6.102121791940675	0.5166047811508179	0.0	-2.2071714401245117	10.450606574733891	"{""A-B"": {""dG_dSASA_ratio"": -2.2071714401245117, ""dG_separated"": -22.045442581176758, ""dSASA_int"": 998.8096923828125, ""delta_unsatHbonds"": 3.0, ""hbonds_int"": 4.0, ""nres_int"": 50.0, ""packstat"": 0.6299768686294556, ""sc_value"": 0.7162268161773682}, ""A-C"": {""dG_dSASA_ratio"": -2.7134974002838135, ""dG_separated"": -46.73695373535156, ""dSASA_int"": 1722.3880615234375, ""delta_unsatHbonds"": 18.0, ""hbonds_int"": 6.0, ""nres_int"": 63.0, ""packstat"": 0.6031304597854614, ""sc_value"": 0.73378586769104}, ""A-D"": {""dG_dSASA_ratio"": -2.416581392288208, ""dG_separated"": -27.72161865234375, ""dSASA_int"": 1147.1419677734375, ""delta_unsatHbonds"": 7.0, ""hbonds_int"": 0.0, ""nres_int"": 47.0, ""packstat"": 0.4542001783847809, ""sc_value"": 0.5166047811508179}, ""B-C"": {""dG_dSASA_ratio"": -2.9516677856445312, ""dG_separated"": -34.01991653442383, ""dSASA_int"": 1152.56591796875, ""delta_unsatHbonds"": 5.0, ""hbonds_int"": 0.0, ""nres_int"": 48.0, ""packstat"": 0.5472885966300964, ""sc_value"": 0.6470768451690674}, ""B-D"": {""dG_dSASA_ratio"": -2.602607488632202, ""dG_separated"": -44.55857467651367, ""dSASA_int"": 1712.0743408203125, ""delta_unsatHbonds"": 12.0, ""hbonds_int"": 6.0, ""nres_int"": 67.0, ""packstat"": 0.554694414138794, ""sc_value"": 0.6951268911361694}, ""C-D"": {""dG_dSASA_ratio"": -2.52298903465271, ""dG_separated"": -24.463687896728516, ""dSASA_int"": 969.6312255859375, ""delta_unsatHbonds"": 2.0, ""hbonds_int"": 4.0, ""nres_int"": 48.0, ""packstat"": 0.6067670583724976, ""sc_value"": 0.7115533947944641}}"
ova_body_c4_16_ms25_r01	AF3	127	7127	0	0	A-B,A-C,A-D,B-C,B-D,C-D	6	3	1	"{""A-B"": 27, ""A-C"": 67, ""A-D"": 37, ""B-C"": 39, ""B-D"": 62, ""C-D"": 27}"	A-D,B-C	A-B,A-C,B-D,C-D	0.22828632349750144	0.5791544914245605	0.0	-2.654672145843506	4.339345275855654	0.5791544914245605	0.0	-2.0279834270477295	14.800280090186426	"{""A-B"": {""dG_dSASA_ratio"": -2.500563621520996, ""dG_separated"": -25.010805130004883, ""dSASA_int"": 1000.2067260742188, ""delta_unsatHbonds"": 2.0, ""hbonds_int"": 4.0, ""nres_int"": 49.0, ""packstat"": 0.6546548008918762, ""sc_value"": 0.7345762252807617}, ""A-C"": {""dG_dSASA_ratio"": -2.668612003326416, ""dG_separated"": -45.7269287109375, ""dSASA_int"": 1713.5098876953125, ""delta_unsatHbonds"": 18.0, ""hbonds_int"": 5.0, ""nres_int"": 67.0, ""packstat"": 0.5754895806312561, ""sc_value"": 0.7289639115333557}, ""A-D"": {""dG_dSASA_ratio"": -2.654672145843506, ""dG_separated"": -31.075477600097656, ""dSASA_int"": 1170.595703125, ""delta_unsatHbonds"": 5.0, ""hbonds_int"": 0.0, ""nres_int"": 49.0, ""packstat"": 0.6160612106323242, ""sc_value"": 0.5791544914245605}, ""B-C"": {""dG_dSASA_ratio"": -3.2024121284484863, ""dG_separated"": -36.89971923828125, ""dSASA_int"": 1152.24755859375, ""delta_unsatHbonds"": 5.0, ""hbonds_int"": 1.0, ""nres_int"": 49.0, ""packstat"": 0.5553385019302368, ""sc_value"": 0.7040157318115234}, ""B-D"": {""dG_dSASA_ratio"": -2.561307668685913, ""dG_separated"": -44.995094299316406, ""dSASA_int"": 1756.7235107421875, ""delta_unsatHbonds"": 26.0, ""hbonds_int"": 3.0, ""nres_int"": 69.0, ""packstat"": 0.5632215142250061, ""sc_value"": 0.6780290603637695}, ""C-D"": {""dG_dSASA_ratio"": -2.0279834270477295, ""dG_separated"": -18.742284774780273, ""dSASA_int"": 924.183349609375, ""delta_unsatHbonds"": 2.0, ""hbonds_int"": 3.0, ""nres_int"": 48.0, ""packstat"": 0.5610116124153137, ""sc_value"": 0.7493091821670532}}"
ova_body_c4_16_ms25_r01	AF3	128	7128	0	0	A-B,A-C,A-D,B-C,B-D,C-D	6	3	1	"{""A-B"": 29, ""A-C"": 67, ""A-D"": 38, ""B-C"": 39, ""B-D"": 67, ""C-D"": 27}"	A-D,B-C	A-B,A-C,B-D,C-D	0.2074743491031993	0.6317216157913208	0.0	-2.9775030612945557	3.5988681050204363	0.6317216157913208	0.0	-2.5277528762817383	12.844977491497572	"{""A-B"": {""dG_dSASA_ratio"": -2.537461757659912, ""dG_separated"": -25.307695388793945, ""dSASA_int"": 997.3626098632812, ""delta_unsatHbonds"": 4.0, ""hbonds_int"": 4.0, ""nres_int"": 48.0, ""packstat"": 0.5844243168830872, ""sc_value"": 0.7339965105056763}, ""A-C"": {""dG_dSASA_ratio"": -2.6365814208984375, ""dG_separated"": -45.404090881347656, ""dSASA_int"": 1722.0819091796875, ""delta_unsatHbonds"": 15.0, ""hbonds_int"": 6.0, ""nres_int"": 66.0, ""packstat"": 0.6490378379821777, ""sc_value"": 0.7112705707550049}, ""A-D"": {""dG_dSASA_ratio"": -3.06256103515625, ""dG_separated"": -34.039161682128906, ""dSASA_int"": 1111.4605712890625, ""delta_unsatHbonds"": 4.0, ""hbonds_int"": 0.0, ""nres_int"": 48.0, ""packstat"": 0.5259305238723755, ""sc_value"": 0.6317216157913208}, ""B-C"": {""dG_dSASA_ratio"": -2.9775030612945557, ""dG_separated"": -33.70829391479492, ""dSASA_int"": 1132.099365234375, ""delta_unsatHbonds"": 4.0, ""hbonds_int"": 0.0, ""nres_int"": 48.0, ""packstat"": 0.6060400605201721, ""sc_value"": 0.6464312076568604}, ""B-D"": {""dG_dSASA_ratio"": -2.5277528762817383, ""dG_separated"": -43.29362487792969, ""dSASA_int"": 1712.731689453125, ""delta_unsatHbonds"": 22.0, ""hbonds_int"": 2.0, ""nres_int"": 66.0, ""packstat"": 0.5183175206184387, ""sc_value"": 0.6486638188362122}, ""C-D"": {""dG_dSASA_ratio"": -2.5816285610198975, ""dG_separated"": -24.275800704956055, ""dSASA_int"": 940.3289794921875, ""delta_unsatHbonds"": 2.0, ""hbonds_int"": 4.0, ""nres_int"": 48.0, ""packstat"": 0.5629908442497253, ""sc_value"": 0.7285493612289429}}"
ova_body_c4_16_ms25_r01	AF3	129	7129	0	0	A-B,A-C,A-D,B-C,B-D,C-D	6	3	1	"{""A-B"": 26, ""A-C"": 67, ""A-D"": 38, ""B-C"": 36, ""B-D"": 67, ""C-D"": 26}"	A-D,B-C	A-B,A-C,B-D,C-D	0.23252338316395127	0.5801804065704346	0.0	-2.8701698780059814	4.444996692839985	0.5801804065704346	0.0	-2.546649694442749	11.89709592934008	"{""A-B"": {""dG_dSASA_ratio"": -2.5813848972320557, ""dG_separated"": -25.538419723510742, ""dSASA_int"": 989.3302001953125, ""delta_unsatHbonds"": 4.0, ""hbonds_int"": 4.0, ""nres_int"": 48.0, ""packstat"": 0.6279615163803101, ""sc_value"": 0.7203420996665955}, ""A-C"": {""dG_dSASA_ratio"": -2.546649694442749, ""dG_separated"": -44.86388397216797, ""dSASA_int"": 1761.6824951171875, ""delta_unsatHbonds"": 19.0, ""hbonds_int"": 7.0, ""nres_int"": 64.0, ""packstat"": 0.587955117225647, ""sc_value"": 0.7214687466621399}, ""A-D"": {""dG_dSASA_ratio"": -2.8701698780059814, ""dG_separated"": -32.285400390625, ""dSASA_int"": 1124.8602294921875, ""delta_unsatHbonds"": 5.0, ""hbonds_int"": 0.0, ""nres_int"": 49.0, ""packstat"": 0.49870145320892334, ""sc_value"": 0.5801804065704346}, ""B-C"": {""dG_dSASA_ratio"": -2.933533191680908, ""dG_separated"": -33.798824310302734, ""dSASA_int"": 1152.154052734375, ""delta_unsatHbonds"": 5.0, ""hbonds_int"": 0.0, ""nres_int"": 48.0, ""packstat"": 0.5052354335784912, ""sc_value"": 0.6526690721511841}, ""B-D"": {""dG_dSASA_ratio"": -2.6258022785186768, ""dG_separated"": -44.141902923583984, ""dSASA_int"": 1681.08251953125, ""delta_unsatHbonds"": 20.0, ""hbonds_int"": 4.0, ""nres_int"": 66.0, ""packstat"": 0.607326090335846, ""sc_value"": 0.6801903247833252}, ""C-D"": {""dG_dSASA_ratio"": -2.7120285034179688, ""dG_separated"": -25.26839256286621, ""dSASA_int"": 931.715576171875, ""delta_unsatHbonds"": 4.0, ""hbonds_int"": 4.0, ""nres_int"": 47.0, ""packstat"": 0.607246994972229, ""sc_value"": 0.7171323299407959}}"
ova_body_c4_16_ms25_r01	AF3	130	7130	0	0	A-B,A-C,A-D,B-C,B-D,C-D	6	3	1	"{""A-B"": 26, ""A-C"": 67, ""A-D"": 37, ""B-C"": 37, ""B-D"": 63, ""C-D"": 26}"	A-D,B-C	A-B,A-C,B-D,C-D	0.2295568745730554	0.6306300163269043	0.0	-2.728417158126831	4.429946176586566	0.6306300163269043	0.0	-2.200305700302124	17.462980991307614	"{""A-B"": {""dG_dSASA_ratio"": -2.200305700302124, ""dG_separated"": -21.46375846862793, ""dSASA_int"": 975.4898071289062, ""delta_unsatHbonds"": 2.0, ""hbonds_int"": 4.0, ""nres_int"": 48.0, ""packstat"": 0.6520854830741882, ""sc_value"": 0.7334636449813843}, ""A-C"": {""dG_dSASA_ratio"": -2.620636463165283, ""dG_separated"": -46.02556228637695, ""dSASA_int"": 1756.274169921875, ""delta_unsatHbonds"": 21.0, ""hbonds_int"": 5.0, ""nres_int"": 65.0, ""packstat"": 0.5308777093887329, ""sc_value"": 0.7000817060470581}, ""A-D"": {""dG_dSASA_ratio"": -2.728417158126831, ""dG_separated"": -31.10832405090332, ""dSASA_int"": 1140.1600341796875, ""delta_unsatHbonds"": 5.0, ""hbonds_int"": 0.0, ""nres_int"": 48.0, ""packstat"": 0.45311832427978516, ""sc_value"": 0.6306300163269043}, ""B-C"": {""dG_dSASA_ratio"": -2.990478515625, ""dG_separated"": -33.752986907958984, ""dSASA_int"": 1128.681884765625, ""delta_unsatHbonds"": 5.0, ""hbonds_int"": 0.0, ""nres_int"": 48.0, ""packstat"": 0.596454918384552, ""sc_value"": 0.6572164297103882}, ""B-D"": {""dG_dSASA_ratio"": -2.7766995429992676, ""dG_separated"": -46.111419677734375, ""dSASA_int"": 1660.65576171875, ""delta_unsatHbonds"": 29.0, ""hbonds_int"": 2.0, ""nres_int"": 66.0, ""packstat"": 0.6848730444908142, ""sc_value"": 0.675959587097168}, ""C-D"": {""dG_dSASA_ratio"": -2.363581657409668, ""dG_separated"": -21.065635681152344, ""dSASA_int"": 891.259033203125, ""delta_unsatHbonds"": 3.0, ""hbonds_int"": 5.0, ""nres_int"": 46.0, ""packstat"": 0.5933603644371033, ""sc_value"": 0.707976222038269}}"
ova_body_c4_16_ms25_r01	AF3	131	7131	0	0	A-B,A-C,A-D,B-C,B-D,C-D	6	3	1	"{""A-B"": 26, ""A-C"": 63, ""A-D"": 38, ""B-C"": 40, ""B-D"": 68, ""C-D"": 28}"	A-D,B-C	A-B,A-C,B-D,C-D	0.2421358634742895	0.6221228241920471	0.0	-3.05118727684021	4.375199412851657	0.6221228241920471	0.0	-2.137119770050049	12.871806947464666	"{""A-B"": {""dG_dSASA_ratio"": -2.137119770050049, ""dG_separated"": -19.864294052124023, ""dSASA_int"": 929.489013671875, ""delta_unsatHbonds"": 3.0, ""hbonds_int"": 4.0, ""nres_int"": 46.0, ""packstat"": 0.6449229121208191, ""sc_value"": 0.7069607973098755}, ""A-C"": {""dG_dSASA_ratio"": -2.7480618953704834, ""dG_separated"": -46.56377029418945, ""dSASA_int"": 1694.422119140625, ""delta_unsatHbonds"": 21.0, ""hbonds_int"": 4.0, ""nres_int"": 64.0, ""packstat"": 0.637440025806427, ""sc_value"": 0.7109779715538025}, ""A-D"": {""dG_dSASA_ratio"": -3.05118727684021, ""dG_separated"": -33.95185852050781, ""dSASA_int"": 1112.7425537109375, ""delta_unsatHbonds"": 4.0, ""hbonds_int"": 0.0, ""nres_int"": 48.0, ""packstat"": 0.5244678258895874, ""sc_value"": 0.6221228241920471}, ""B-C"": {""dG_dSASA_ratio"": -3.20415997505188, ""dG_separated"": -36.61730194091797, ""dSASA_int"": 1142.8050537109375, ""delta_unsatHbonds"": 5.0, ""hbonds_int"": 1.0, ""nres_int"": 49.0, ""packstat"": 0.5115070939064026, ""sc_value"": 0.7034703493118286}, ""B-D"": {""dG_dSASA_ratio"": -2.606351613998413, ""dG_separated"": -44.5467643737793, ""dSASA_int"": 1709.1617431640625, ""delta_unsatHbonds"": 22.0, ""hbonds_int"": 3.0, ""nres_int"": 69.0, ""packstat"": 0.5599949359893799, ""sc_value"": 0.6942362189292908}, ""C-D"": {""dG_dSASA_ratio"": -2.5560948848724365, ""dG_separated"": -24.351627349853516, ""dSASA_int"": 952.6886596679688, ""delta_unsatHbonds"": 2.0, ""hbonds_int"": 4.0, ""nres_int"": 48.0, ""packstat"": 0.6274346709251404, ""sc_value"": 0.7297267913818359}}"
ova_body_c4_16_ms25_r01	AF3	132	7132	0	0	A-B,A-C,A-D,B-C,B-D,C-D	6	3	1	"{""A-B"": 28, ""A-C"": 65, ""A-D"": 39, ""B-C"": 40, ""B-D"": 65, ""C-D"": 26}"	A-D,B-C	A-B,A-C,B-D,C-D	0.22850521324758918	0.6846734285354614	1.0	-3.2279834747314453	4.413796432820585	0.6846734285354614	1.0	-2.513446092605591	13.425036693052984	"{""A-B"": {""dG_dSASA_ratio"": -2.513446092605591, ""dG_separated"": -24.321704864501953, ""dSASA_int"": 967.6636352539062, ""delta_unsatHbonds"": 2.0, ""hbonds_int"": 4.0, ""nres_int"": 48.0, ""packstat"": 0.523952066898346, ""sc_value"": 0.7365881204605103}, ""A-C"": {""dG_dSASA_ratio"": -2.7396905422210693, ""dG_separated"": -46.742881774902344, ""dSASA_int"": 1706.1373291015625, ""delta_unsatHbonds"": 21.0, ""hbonds_int"": 4.0, ""nres_int"": 67.0, ""packstat"": 0.552885115146637, ""sc_value"": 0.7174718976020813}, ""A-D"": {""dG_dSASA_ratio"": -3.2279834747314453, ""dG_separated"": -36.68922424316406, ""dSASA_int"": 1136.598876953125, ""delta_unsatHbonds"": 4.0, ""hbonds_int"": 1.0, ""nres_int"": 49.0, ""packstat"": 0.4288754165172577, ""sc_value"": 0.6846734285354614}, ""B-C"": {""dG_dSASA_ratio"": -3.232377529144287, ""dG_separated"": -36.61674880981445, ""dSASA_int"": 1132.8116455078125, ""delta_unsatHbonds"": 5.0, ""hbonds_int"": 1.0, ""nres_int"": 49.0, ""packstat"": 0.5151408314704895, ""sc_value"": 0.69758141040802}, ""B-D"": {""dG_dSASA_ratio"": -2.6482861042022705, ""dG_separated"": -45.37088394165039, ""dSASA_int"": 1713.2169189453125, ""delta_unsatHbonds"": 23.0, ""hbonds_int"": 3.0, ""nres_int"": 67.0, ""packstat"": 0.5646845698356628, ""sc_value"": 0.6940716505050659}, ""C-D"": {""dG_dSASA_ratio"": -2.623884439468384, ""dG_separated"": -24.892717361450195, ""dSASA_int"": 948.6970825195312, ""delta_unsatHbonds"": 2.0, ""hbonds_int"": 4.0, ""nres_int"": 48.0, ""packstat"": 0.5965429544448853, ""sc_value"": 0.7248759865760803}}"
ova_body_c4_16_ms25_r01	AF3	133	7133	0	0	A-B,A-C,A-D,B-C,B-D,C-D	6	3	1	"{""A-B"": 26, ""A-C"": 64, ""A-D"": 38, ""B-C"": 38, ""B-D"": 68, ""C-D"": 27}"	A-D,B-C	A-B,A-C,B-D,C-D	0.22254832442477204	0.6011241674423218	0.0	-2.6476430892944336	5.322966947615473	0.6011241674423218	0.0	-2.5837159156799316	14.0952416730156	"{""A-B"": {""dG_dSASA_ratio"": -2.5837159156799316, ""dG_separated"": -25.05915641784668, ""dSASA_int"": 969.88818359375, ""delta_unsatHbonds"": 5.0, ""hbonds_int"": 4.0, ""nres_int"": 48.0, ""packstat"": 0.5508852601051331, ""sc_value"": 0.7303409576416016}, ""A-C"": {""dG_dSASA_ratio"": -2.751255512237549, ""dG_separated"": -46.56590270996094, ""dSASA_int"": 1692.532958984375, ""delta_unsatHbonds"": 21.0, ""hbonds_int"": 6.0, ""nres_int"": 64.0, ""packstat"": 0.580456018447876, ""sc_value"": 0.7427334785461426}, ""A-D"": {""dG_dSASA_ratio"": -2.965242624282837, ""dG_separated"": -33.423946380615234, ""dSASA_int"": 1127.19091796875, ""delta_unsatHbonds"": 6.0, ""hbonds_int"": 0.0, ""nres_int"": 48.0, ""packstat"": 0.5971946120262146, ""sc_value"": 0.6011241674423218}, ""B-C"": {""dG_dSASA_ratio"": -2.6476430892944336, ""dG_separated"": -29.899778366088867, ""dSASA_int"": 1129.2978515625, ""delta_unsatHbonds"": 3.0, ""hbonds_int"": 0.0, ""nres_int"": 47.0, ""packstat"": 0.5416785478591919, ""sc_value"": 0.6487236022949219}, ""B-D"": {""dG_dSASA_ratio"": -2.5959887504577637, ""dG_separated"": -44.201961517333984, ""dSASA_int"": 1702.7022705078125, ""delta_unsatHbonds"": 24.0, ""hbonds_int"": 4.0, ""nres_int"": 68.0, ""packstat"": 0.499231219291687, ""sc_value"": 0.6848302483558655}, ""C-D"": {""dG_dSASA_ratio"": -2.606942653656006, ""dG_separated"": -25.022762298583984, ""dSASA_int"": 959.8508911132812, ""delta_unsatHbonds"": 2.0, ""hbonds_int"": 4.0, ""nres_int"": 48.0, ""packstat"": 0.6064819693565369, ""sc_value"": 0.7264696359634399}}"
ova_body_c4_16_ms25_r01	AF3	134	7134	0	0	A-B,A-C,A-D,B-C,B-D,C-D	6	3	1	"{""A-B"": 26, ""A-C"": 66, ""A-D"": 36, ""B-C"": 39, ""B-D"": 62, ""C-D"": 27}"	A-D,B-C	A-B,A-C,B-D,C-D	0.23409009099687614	0.607896625995636	0.0	-2.692242383956909	5.423497208971148	0.607896625995636	0.0	-2.5156426429748535	13.866511691546851	"{""A-B"": {""dG_dSASA_ratio"": -2.5156426429748535, ""dG_separated"": -24.657743453979492, ""dSASA_int"": 980.1766967773438, ""delta_unsatHbonds"": 4.0, ""hbonds_int"": 4.0, ""nres_int"": 47.0, ""packstat"": 0.5669292211532593, ""sc_value"": 0.7188095450401306}, ""A-C"": {""dG_dSASA_ratio"": -2.6857364177703857, ""dG_separated"": -45.967044830322266, ""dSASA_int"": 1711.52490234375, ""delta_unsatHbonds"": 18.0, ""hbonds_int"": 3.0, ""nres_int"": 65.0, ""packstat"": 0.640260636806488, ""sc_value"": 0.6777143478393555}, ""A-D"": {""dG_dSASA_ratio"": -2.692242383956909, ""dG_separated"": -30.00594711303711, ""dSASA_int"": 1114.53369140625, ""delta_unsatHbonds"": 5.0, ""hbonds_int"": 0.0, ""nres_int"": 47.0, ""packstat"": 0.46176761388778687, ""sc_value"": 0.607896625995636}, ""B-C"": {""dG_dSASA_ratio"": -3.1159517765045166, ""dG_separated"": -34.47168731689453, ""dSASA_int"": 1106.2972412109375, ""delta_unsatHbonds"": 6.0, ""hbonds_int"": 0.0, ""nres_int"": 48.0, ""packstat"": 0.42755523324012756, ""sc_value"": 0.6534217596054077}, ""B-D"": {""dG_dSASA_ratio"": -2.593522071838379, ""dG_separated"": -44.88838195800781, ""dSASA_int"": 1730.78857421875, ""delta_unsatHbonds"": 24.0, ""hbonds_int"": 2.0, ""nres_int"": 66.0, ""packstat"": 0.6035904288291931, ""sc_value"": 0.7064683437347412}, ""C-D"": {""dG_dSASA_ratio"": -2.56669545173645, ""dG_separated"": -24.238914489746094, ""dSASA_int"": 944.3626708984375, ""delta_unsatHbonds"": 2.0, ""hbonds_int"": 4.0, ""nres_int"": 48.0, ""packstat"": 0.548276960849762, ""sc_value"": 0.718214213848114}}"
ova_body_c4_16_ms25_r01	AF3	135	7135	0	0	A-B,A-C,A-D,B-C,B-D,C-D	6	3	1	"{""A-B"": 28, ""A-C"": 67, ""A-D"": 39, ""B-C"": 38, ""B-D"": 67, ""C-D"": 27}"	A-D,B-C	A-B,A-C,B-D,C-D	0.2022449196615669	0.6254987716674805	0.0	-2.9311554431915283	4.333008181409173	0.6254987716674805	0.0	-2.482414960861206	13.97457384970339	"{""A-B"": {""dG_dSASA_ratio"": -2.482414960861206, ""dG_separated"": -24.18000602722168, ""dSASA_int"": 974.0516967773438, ""delta_unsatHbonds"": 2.0, ""hbonds_int"": 4.0, ""nres_int"": 48.0, ""packstat"": 0.6238971948623657, ""sc_value"": 0.7359845638275146}, ""A-C"": {""dG_dSASA_ratio"": -2.6488513946533203, ""dG_separated"": -45.97535705566406, ""dSASA_int"": 1735.67138671875, ""delta_unsatHbonds"": 24.0, ""hbonds_int"": 4.0, ""nres_int"": 66.0, ""packstat"": 0.566570520401001, ""sc_value"": 0.7097777128219604}, ""A-D"": {""dG_dSASA_ratio"": -2.9311554431915283, ""dG_separated"": -33.96660614013672, ""dSASA_int"": 1158.81298828125, ""delta_unsatHbonds"": 4.0, ""hbonds_int"": 0.0, ""nres_int"": 48.0, ""packstat"": 0.5024700164794922, ""sc_value"": 0.6254987716674805}, ""B-C"": {""dG_dSASA_ratio"": -2.998547077178955, ""dG_separated"": -34.601219177246094, ""dSASA_int"": 1153.9327392578125, ""delta_unsatHbonds"": 5.0, ""hbonds_int"": 0.0, ""nres_int"": 48.0, ""packstat"": 0.49783000349998474, ""sc_value"": 0.6531544923782349}, ""B-D"": {""dG_dSASA_ratio"": -2.623018741607666, ""dG_separated"": -45.0478515625, ""dSASA_int"": 1717.40478515625, ""delta_unsatHbonds"": 24.0, ""hbonds_int"": 2.0, ""nres_int"": 67.0, ""packstat"": 0.619184136390686, ""sc_value"": 0.6770285367965698}, ""C-D"": {""dG_dSASA_ratio"": -2.5592572689056396, ""dG_separated"": -24.182100296020508, ""dSASA_int"": 944.887451171875, ""delta_unsatHbonds"": 2.0, ""hbonds_int"": 4.0, ""nres_int"": 48.0, ""packstat"": 0.5480256676673889, ""sc_value"": 0.7275187373161316}}"
ova_body_c4_16_ms25_r01	AF3	136	7136	0	0	A-B,A-C,A-D,B-C,B-D,C-D	6	3	1	"{""A-B"": 29, ""A-C"": 68, ""A-D"": 40, ""B-C"": 38, ""B-D"": 68, ""C-D"": 27}"	A-D,B-C	A-B,A-C,B-D,C-D	0.20493512773941272	0.634552538394928	0.0	-2.9733922481536865	3.491620558194706	0.634552538394928	0.0	-2.5087473392486572	15.161888783866916	"{""A-B"": {""dG_dSASA_ratio"": -2.5087473392486572, ""dG_separated"": -24.558401107788086, ""dSASA_int"": 978.910888671875, ""delta_unsatHbonds"": 2.0, ""hbonds_int"": 4.0, ""nres_int"": 48.0, ""packstat"": 0.6017758846282959, ""sc_value"": 0.7460377216339111}, ""A-C"": {""dG_dSASA_ratio"": -2.648935079574585, ""dG_separated"": -45.318206787109375, ""dSASA_int"": 1710.808349609375, ""delta_unsatHbonds"": 23.0, ""hbonds_int"": 4.0, ""nres_int"": 67.0, ""packstat"": 0.5910996794700623, ""sc_value"": 0.7096391320228577}, ""A-D"": {""dG_dSASA_ratio"": -2.982588291168213, ""dG_separated"": -34.28932189941406, ""dSASA_int"": 1149.6497802734375, ""delta_unsatHbonds"": 4.0, ""hbonds_int"": 0.0, ""nres_int"": 48.0, ""packstat"": 0.5089762210845947, ""sc_value"": 0.634552538394928}, ""B-C"": {""dG_dSASA_ratio"": -2.9733922481536865, ""dG_separated"": -34.06317901611328, ""dSASA_int"": 1145.599853515625, ""delta_unsatHbonds"": 4.0, ""hbonds_int"": 0.0, ""nres_int"": 48.0, ""packstat"": 0.4364282786846161, ""sc_value"": 0.6498410701751709}, ""B-D"": {""dG_dSASA_ratio"": -2.5503573417663574, ""dG_separated"": -43.73419189453125, ""dSASA_int"": 1714.825927734375, ""delta_unsatHbonds"": 26.0, ""hbonds_int"": 2.0, ""nres_int"": 71.0, ""packstat"": 0.5849658250808716, ""sc_value"": 0.6671650409698486}, ""C-D"": {""dG_dSASA_ratio"": -2.7166638374328613, ""dG_separated"": -25.48871612548828, ""dSASA_int"": 938.2359619140625, ""delta_unsatHbonds"": 4.0, ""hbonds_int"": 4.0, ""nres_int"": 48.0, ""packstat"": 0.6024099588394165, ""sc_value"": 0.7354241609573364}}"
ova_body_c4_16_ms25_r01	AF3	137	7137	0	0	A-B,A-C,A-D,B-C,B-D,C-D	6	3	1	"{""A-B"": 27, ""A-C"": 64, ""A-D"": 37, ""B-C"": 40, ""B-D"": 68, ""C-D"": 28}"	A-D,B-C	A-B,A-C,B-D,C-D	0.22645187927913046	0.6222395896911621	0.0	-3.063119888305664	4.463401307942218	0.6222395896911621	0.0	-2.5576679706573486	14.538821208278268	"{""A-B"": {""dG_dSASA_ratio"": -2.5576679706573486, ""dG_separated"": -24.91704750061035, ""dSASA_int"": 974.2095947265625, ""delta_unsatHbonds"": 4.0, ""hbonds_int"": 4.0, ""nres_int"": 48.0, ""packstat"": 0.6154229044914246, ""sc_value"": 0.7332587242126465}, ""A-C"": {""dG_dSASA_ratio"": -2.7428765296936035, ""dG_separated"": -46.58141326904297, ""dSASA_int"": 1698.2686767578125, ""delta_unsatHbonds"": 15.0, ""hbonds_int"": 6.0, ""nres_int"": 64.0, ""packstat"": 0.5798279643058777, ""sc_value"": 0.7181452512741089}, ""A-D"": {""dG_dSASA_ratio"": -3.063119888305664, ""dG_separated"": -33.868953704833984, ""dSASA_int"": 1105.701171875, ""delta_unsatHbonds"": 4.0, ""hbonds_int"": 0.0, ""nres_int"": 48.0, ""packstat"": 0.4819506108760834, ""sc_value"": 0.6222395896911621}, ""B-C"": {""dG_dSASA_ratio"": -3.2683868408203125, ""dG_separated"": -36.61318588256836, ""dSASA_int"": 1120.221923828125, ""delta_unsatHbonds"": 5.0, ""hbonds_int"": 1.0, ""nres_int"": 49.0, ""packstat"": 0.5172187685966492, ""sc_value"": 0.7006773948669434}, ""B-D"": {""dG_dSASA_ratio"": -2.5607187747955322, ""dG_separated"": -44.032432556152344, ""dSASA_int"": 1719.5341796875, ""delta_unsatHbonds"": 25.0, ""hbonds_int"": 4.0, ""nres_int"": 68.0, ""packstat"": 0.622243344783783, ""sc_value"": 0.6859564185142517}, ""C-D"": {""dG_dSASA_ratio"": -2.9696621894836426, ""dG_separated"": -28.322933197021484, ""dSASA_int"": 953.7425537109375, ""delta_unsatHbonds"": 2.0, ""hbonds_int"": 4.0, ""nres_int"": 47.0, ""packstat"": 0.6413800120353699, ""sc_value"": 0.7220734357833862}}"
ova_body_c4_16_ms25_r01	AF3	138	7138	0	0	A-B,A-C,A-D,B-C,B-D,C-D	6	3	1	"{""A-B"": 26, ""A-C"": 65, ""A-D"": 41, ""B-C"": 38, ""B-D"": 66, ""C-D"": 27}"	A-D,B-C	A-B,A-C,B-D,C-D	0.2409805706075335	0.6058229207992554	0.0	-2.572441577911377	4.221639799921483	0.6058229207992554	0.0	-2.495790481567383	18.57377616626476	"{""A-B"": {""dG_dSASA_ratio"": -2.5283102989196777, ""dG_separated"": -25.01691246032715, ""dSASA_int"": 989.4716186523438, ""delta_unsatHbonds"": 2.0, ""hbonds_int"": 4.0, ""nres_int"": 48.0, ""packstat"": 0.5608700513839722, ""sc_value"": 0.7309841513633728}, ""A-C"": {""dG_dSASA_ratio"": -2.681087017059326, ""dG_separated"": -46.2161750793457, ""dSASA_int"": 1723.7850341796875, ""delta_unsatHbonds"": 19.0, ""hbonds_int"": 4.0, ""nres_int"": 64.0, ""packstat"": 0.5763387084007263, ""sc_value"": 0.7057222127914429}, ""A-D"": {""dG_dSASA_ratio"": -2.572441577911377, ""dG_separated"": -30.46732521057129, ""dSASA_int"": 1184.3739013671875, ""delta_unsatHbonds"": 5.0, ""hbonds_int"": 1.0, ""nres_int"": 49.0, ""packstat"": 0.5400539636611938, ""sc_value"": 0.6058229207992554}, ""B-C"": {""dG_dSASA_ratio"": -3.034818410873413, ""dG_separated"": -34.680419921875, ""dSASA_int"": 1142.7510986328125, ""delta_unsatHbonds"": 4.0, ""hbonds_int"": 0.0, ""nres_int"": 48.0, ""packstat"": 0.4133552312850952, ""sc_value"": 0.657217800617218}, ""B-D"": {""dG_dSASA_ratio"": -2.495790481567383, ""dG_separated"": -44.34267044067383, ""dSASA_int"": 1776.698486328125, ""delta_unsatHbonds"": 33.0, ""hbonds_int"": 2.0, ""nres_int"": 69.0, ""packstat"": 0.5230487585067749, ""sc_value"": 0.6618138551712036}, ""C-D"": {""dG_dSASA_ratio"": -2.5295145511627197, ""dG_separated"": -23.731454849243164, ""dSASA_int"": 938.1821899414062, ""delta_unsatHbonds"": 2.0, ""hbonds_int"": 4.0, ""nres_int"": 47.0, ""packstat"": 0.6151711940765381, ""sc_value"": 0.729912281036377}}"
ova_body_c4_16_ms25_r01	AF3	139	7139	0	0	A-B,A-C,A-D,B-C,B-D,C-D	6	3	1	"{""A-B"": 29, ""A-C"": 68, ""A-D"": 38, ""B-C"": 39, ""B-D"": 67, ""C-D"": 27}"	A-D,B-C	A-B,A-C,B-D,C-D	0.20507303835290888	0.6174124479293823	0.0	-3.002427577972412	3.539500678508713	0.6174124479293823	0.0	-2.4568846225738525	12.836624494260187	"{""A-B"": {""dG_dSASA_ratio"": -2.4568846225738525, ""dG_separated"": -24.48883056640625, ""dSASA_int"": 996.7432250976562, ""delta_unsatHbonds"": 2.0, ""hbonds_int"": 4.0, ""nres_int"": 48.0, ""packstat"": 0.6291161179542542, ""sc_value"": 0.7401779890060425}, ""A-C"": {""dG_dSASA_ratio"": -2.670398712158203, ""dG_separated"": -45.76652908325195, ""dSASA_int"": 1713.84619140625, ""delta_unsatHbonds"": 22.0, ""hbonds_int"": 4.0, ""nres_int"": 67.0, ""packstat"": 0.5896610021591187, ""sc_value"": 0.7156614065170288}, ""A-D"": {""dG_dSASA_ratio"": -3.002427577972412, ""dG_separated"": -33.93052291870117, ""dSASA_int"": 1130.1029052734375, ""delta_unsatHbonds"": 4.0, ""hbonds_int"": 0.0, ""nres_int"": 48.0, ""packstat"": 0.5758129358291626, ""sc_value"": 0.6174124479293823}, ""B-C"": {""dG_dSASA_ratio"": -3.034921646118164, ""dG_separated"": -34.527870178222656, ""dSASA_int"": 1137.6856689453125, ""delta_unsatHbonds"": 4.0, ""hbonds_int"": 0.0, ""nres_int"": 48.0, ""packstat"": 0.44238531589508057, ""sc_value"": 0.6536746025085449}, ""B-D"": {""dG_dSASA_ratio"": -2.622016668319702, ""dG_separated"": -44.97093200683594, ""dSASA_int"": 1715.127685546875, ""delta_unsatHbonds"": 22.0, ""hbonds_int"": 2.0, ""nres_int"": 67.0, ""packstat"": 0.6385291814804077, ""sc_value"": 0.6632080078125}, ""C-D"": {""dG_dSASA_ratio"": -2.548391819000244, ""dG_separated"": -24.214393615722656, ""dSASA_int"": 950.1832885742188, ""delta_unsatHbonds"": 2.0, ""hbonds_int"": 4.0, ""nres_int"": 48.0, ""packstat"": 0.6283227801322937, ""sc_value"": 0.7316234111785889}}"
ova_body_c4_16_ms25_r01	AF3	140	7140	0	0	A-B,A-C,A-D,B-C,B-D,C-D	6	3	1	"{""A-B"": 28, ""A-C"": 67, ""A-D"": 38, ""B-C"": 38, ""B-D"": 68, ""C-D"": 27}"	A-D,B-C	A-B,A-C,B-D,C-D	0.20543434009270023	0.6290253400802612	0.0	-3.069420099258423	3.5866040426570334	0.6290253400802612	0.0	-2.4625322818756104	13.343125959531129	"{""A-B"": {""dG_dSASA_ratio"": -2.4625322818756104, ""dG_separated"": -24.633413314819336, ""dSASA_int"": 1000.32861328125, ""delta_unsatHbonds"": 2.0, ""hbonds_int"": 4.0, ""nres_int"": 49.0, ""packstat"": 0.6003558039665222, ""sc_value"": 0.7413404583930969}, ""A-C"": {""dG_dSASA_ratio"": -2.6582796573638916, ""dG_separated"": -45.82594299316406, ""dSASA_int"": 1723.894775390625, ""delta_unsatHbonds"": 20.0, ""hbonds_int"": 4.0, ""nres_int"": 66.0, ""packstat"": 0.6274287104606628, ""sc_value"": 0.71640944480896}, ""A-D"": {""dG_dSASA_ratio"": -3.069420099258423, ""dG_separated"": -34.703304290771484, ""dSASA_int"": 1130.6143798828125, ""delta_unsatHbonds"": 4.0, ""hbonds_int"": 0.0, ""nres_int"": 48.0, ""packstat"": 0.4745280146598816, ""sc_value"": 0.6290253400802612}, ""B-C"": {""dG_dSASA_ratio"": -3.075596809387207, ""dG_separated"": -34.300933837890625, ""dSASA_int"": 1115.2611083984375, ""delta_unsatHbonds"": 4.0, ""hbonds_int"": 0.0, ""nres_int"": 48.0, ""packstat"": 0.5546700358390808, ""sc_value"": 0.6510941982269287}, ""B-D"": {""dG_dSASA_ratio"": -2.5740244388580322, ""dG_separated"": -44.36933517456055, ""dSASA_int"": 1723.7340087890625, ""delta_unsatHbonds"": 23.0, ""hbonds_int"": 2.0, ""nres_int"": 66.0, ""packstat"": 0.6552574634552002, ""sc_value"": 0.6664712429046631}, ""C-D"": {""dG_dSASA_ratio"": -2.559095621109009, ""dG_separated"": -24.283695220947266, ""dSASA_int"": 948.9171142578125, ""delta_unsatHbonds"": 2.0, ""hbonds_int"": 4.0, ""nres_int"": 48.0, ""packstat"": 0.6068060398101807, ""sc_value"": 0.7352192997932434}}"
ova_body_c4_16_ms25_r01	AF3	141	7141	0	0	A-B,A-C,A-D,B-C,B-D,C-D	6	3	1	"{""A-B"": 28, ""A-C"": 67, ""A-D"": 34, ""B-C"": 38, ""B-D"": 68, ""C-D"": 28}"	A-D,B-C	A-B,A-C,B-D,C-D	0.20547945016106892	0.48226243257522583	0.0	-2.5175461769104004	5.511045412305848	0.48226243257522583	0.0	-2.157547950744629	14.497614477000681	"{""A-B"": {""dG_dSASA_ratio"": -2.157547950744629, ""dG_separated"": -21.352691650390625, ""dSASA_int"": 989.674072265625, ""delta_unsatHbonds"": 2.0, ""hbonds_int"": 4.0, ""nres_int"": 49.0, ""packstat"": 0.6683201193809509, ""sc_value"": 0.7399599552154541}, ""A-C"": {""dG_dSASA_ratio"": -2.739452362060547, ""dG_separated"": -46.472713470458984, ""dSASA_int"": 1696.4234619140625, ""delta_unsatHbonds"": 20.0, ""hbonds_int"": 4.0, ""nres_int"": 67.0, ""packstat"": 0.6427200436592102, ""sc_value"": 0.7231667041778564}, ""A-D"": {""dG_dSASA_ratio"": -2.5175461769104004, ""dG_separated"": -27.40909767150879, ""dSASA_int"": 1088.72265625, ""delta_unsatHbonds"": 6.0, ""hbonds_int"": 0.0, ""nres_int"": 48.0, ""packstat"": 0.4863967299461365, ""sc_value"": 0.48226243257522583}, ""B-C"": {""dG_dSASA_ratio"": -3.0263736248016357, ""dG_separated"": -33.94504928588867, ""dSASA_int"": 1121.6409912109375, ""delta_unsatHbonds"": 4.0, ""hbonds_int"": 0.0, ""nres_int"": 48.0, ""packstat"": 0.5739405751228333, ""sc_value"": 0.654290497303009}, ""B-D"": {""dG_dSASA_ratio"": -2.5914149284362793, ""dG_separated"": -44.686920166015625, ""dSASA_int"": 1724.421630859375, ""delta_unsatHbonds"": 25.0, ""hbonds_int"": 3.0, ""nres_int"": 66.0, ""packstat"": 0.6489608287811279, ""sc_value"": 0.6780920028686523}, ""C-D"": {""dG_dSASA_ratio"": -2.56357741355896, ""dG_separated"": -24.26416778564453, ""dSASA_int"": 946.4963989257812, ""delta_unsatHbonds"": 2.0, ""hbonds_int"": 4.0, ""nres_int"": 47.0, ""packstat"": 0.5218321084976196, ""sc_value"": 0.7253905534744263}}"
ova_body_c4_16_ms25_r01	AF3	142	7142	0	0	A-B,A-C,A-D,B-C,B-D,C-D	6	3	1	"{""A-B"": 27, ""A-C"": 65, ""A-D"": 39, ""B-C"": 37, ""B-D"": 65, ""C-D"": 27}"	A-D,B-C	A-B,A-C,B-D,C-D	0.21495683829274725	0.6316852569580078	0.0	-3.0546398162841797	3.642985224497519	0.6303396224975586	0.0	-2.4778878688812256	10.879864896414528	"{""A-B"": {""dG_dSASA_ratio"": -2.533444404602051, ""dG_separated"": -24.93218994140625, ""dSASA_int"": 984.1222534179688, ""delta_unsatHbonds"": 2.0, ""hbonds_int"": 4.0, ""nres_int"": 48.0, ""packstat"": 0.6314889192581177, ""sc_value"": 0.7433333396911621}, ""A-C"": {""dG_dSASA_ratio"": -2.584169626235962, ""dG_separated"": -44.54667663574219, ""dSASA_int"": 1723.8294677734375, ""delta_unsatHbonds"": 17.0, ""hbonds_int"": 3.0, ""nres_int"": 68.0, ""packstat"": 0.5724514722824097, ""sc_value"": 0.6856971979141235}, ""A-D"": {""dG_dSASA_ratio"": -3.0831336975097656, ""dG_separated"": -33.85282516479492, ""dSASA_int"": 1098.0006103515625, ""delta_unsatHbonds"": 4.0, ""hbonds_int"": 0.0, ""nres_int"": 48.0, ""packstat"": 0.5214682221412659, ""sc_value"": 0.6316852569580078}, ""B-C"": {""dG_dSASA_ratio"": -3.0546398162841797, ""dG_separated"": -34.321510314941406, ""dSASA_int"": 1123.586181640625, ""delta_unsatHbonds"": 4.0, ""hbonds_int"": 0.0, ""nres_int"": 48.0, ""packstat"": 0.45390820503234863, ""sc_value"": 0.6529157161712646}, ""B-D"": {""dG_dSASA_ratio"": -2.4778878688812256, ""dG_separated"": -43.27247619628906, ""dSASA_int"": 1746.34521484375, ""delta_unsatHbonds"": 19.0, ""hbonds_int"": 2.0, ""nres_int"": 67.0, ""packstat"": 0.5624876618385315, ""sc_value"": 0.6303396224975586}, ""C-D"": {""dG_dSASA_ratio"": -3.0963034629821777, ""dG_separated"": -29.147985458374023, ""dSASA_int"": 941.380126953125, ""delta_unsatHbonds"": 4.0, ""hbonds_int"": 4.0, ""nres_int"": 48.0, ""packstat"": 0.5687956809997559, ""sc_value"": 0.7341626882553101}}"
ova_body_c4_16_ms25_r01	AF3	143	7143	0	0	A-B,A-C,A-D,B-C,B-D,C-D	6	3	1	"{""A-B"": 29, ""A-C"": 67, ""A-D"": 37, ""B-C"": 38, ""B-D"": 66, ""C-D"": 28}"	A-D,B-C	A-B,A-C,B-D,C-D	0.2185523913950059	0.624312162399292	0.0	-2.948774576187134	4.3940666797473105	0.624312162399292	0.0	-2.4625966548919678	12.890136660882135	"{""A-B"": {""dG_dSASA_ratio"": -2.4625966548919678, ""dG_separated"": -24.463302612304688, ""dSASA_int"": 993.3946533203125, ""delta_unsatHbonds"": 4.0, ""hbonds_int"": 4.0, ""nres_int"": 48.0, ""packstat"": 0.5903546810150146, ""sc_value"": 0.7281696796417236}, ""A-C"": {""dG_dSASA_ratio"": -2.704366683959961, ""dG_separated"": -46.33563232421875, ""dSASA_int"": 1713.363525390625, ""delta_unsatHbonds"": 18.0, ""hbonds_int"": 4.0, ""nres_int"": 68.0, ""packstat"": 0.5909922122955322, ""sc_value"": 0.7070826292037964}, ""A-D"": {""dG_dSASA_ratio"": -2.9752542972564697, ""dG_separated"": -33.85536193847656, ""dSASA_int"": 1137.8980712890625, ""delta_unsatHbonds"": 5.0, ""hbonds_int"": 0.0, ""nres_int"": 48.0, ""packstat"": 0.5553717613220215, ""sc_value"": 0.624312162399292}, ""B-C"": {""dG_dSASA_ratio"": -2.948774576187134, ""dG_separated"": -33.23030090332031, ""dSASA_int"": 1126.9189453125, ""delta_unsatHbonds"": 4.0, ""hbonds_int"": 0.0, ""nres_int"": 48.0, ""packstat"": 0.4709469974040985, ""sc_value"": 0.6259608268737793}, ""B-D"": {""dG_dSASA_ratio"": -2.643855333328247, ""dG_separated"": -45.12350845336914, ""dSASA_int"": 1706.7313232421875, ""delta_unsatHbonds"": 22.0, ""hbonds_int"": 2.0, ""nres_int"": 68.0, ""packstat"": 0.5721397399902344, ""sc_value"": 0.6581071615219116}, ""C-D"": {""dG_dSASA_ratio"": -2.537121057510376, ""dG_separated"": -24.26108169555664, ""dSASA_int"": 956.2445678710938, ""delta_unsatHbonds"": 2.0, ""hbonds_int"": 4.0, ""nres_int"": 48.0, ""packstat"": 0.6082427501678467, ""sc_value"": 0.7302966117858887}}"
ova_body_c4_16_ms25_r01	AF3	144	7144	0	0	A-B,A-C,A-D,B-C,B-D,C-D	6	3	1	"{""A-B"": 28, ""A-C"": 68, ""A-D"": 38, ""B-C"": 37, ""B-D"": 65, ""C-D"": 28}"	A-D,B-C	A-B,A-C,B-D,C-D	0.2117038072418112	0.531649112701416	0.0	-2.4839372634887695	4.41099962879112	0.531649112701416	0.0	-2.4839372634887695	12.356324295190253	"{""A-B"": {""dG_dSASA_ratio"": -2.6376523971557617, ""dG_separated"": -25.575546264648438, ""dSASA_int"": 969.6329345703125, ""delta_unsatHbonds"": 4.0, ""hbonds_int"": 4.0, ""nres_int"": 50.0, ""packstat"": 0.5927613973617554, ""sc_value"": 0.7287147045135498}, ""A-C"": {""dG_dSASA_ratio"": -2.587463617324829, ""dG_separated"": -45.639495849609375, ""dSASA_int"": 1763.8699951171875, ""delta_unsatHbonds"": 20.0, ""hbonds_int"": 4.0, ""nres_int"": 66.0, ""packstat"": 0.5940759181976318, ""sc_value"": 0.6923671960830688}, ""A-D"": {""dG_dSASA_ratio"": -3.04254412651062, ""dG_separated"": -33.96516799926758, ""dSASA_int"": 1116.341064453125, ""delta_unsatHbonds"": 4.0, ""hbonds_int"": 0.0, ""nres_int"": 48.0, ""packstat"": 0.5245904326438904, ""sc_value"": 0.629194974899292}, ""B-C"": {""dG_dSASA_ratio"": -2.4839372634887695, ""dG_separated"": -28.156173706054688, ""dSASA_int"": 1133.5299072265625, ""delta_unsatHbonds"": 5.0, ""hbonds_int"": 0.0, ""nres_int"": 48.0, ""packstat"": 0.5370062589645386, ""sc_value"": 0.531649112701416}, ""B-D"": {""dG_dSASA_ratio"": -2.6521823406219482, ""dG_separated"": -45.07475280761719, ""dSASA_int"": 1699.5345458984375, ""delta_unsatHbonds"": 21.0, ""hbonds_int"": 2.0, ""nres_int"": 66.0, ""packstat"": 0.5771881341934204, ""sc_value"": 0.6690824031829834}, ""C-D"": {""dG_dSASA_ratio"": -2.570850372314453, ""dG_separated"": -24.29305648803711, ""dSASA_int"": 944.9424438476562, ""delta_unsatHbonds"": 2.0, ""hbonds_int"": 4.0, ""nres_int"": 48.0, ""packstat"": 0.6088700294494629, ""sc_value"": 0.731036365032196}}"
ova_body_c4_16_ms25_r01	AF3	145	7145	0	0	A-B,A-C,A-D,B-C,B-D,C-D	6	3	1	"{""A-B"": 27, ""A-C"": 64, ""A-D"": 39, ""B-C"": 39, ""B-D"": 62, ""C-D"": 27}"	A-D,B-C	A-B,A-C,B-D,C-D	0.22947355089352817	0.5858619213104248	1.0	-2.665719747543335	6.979747804211343	0.5858619213104248	1.0	-2.508988618850708	14.624807629864971	"{""A-B"": {""dG_dSASA_ratio"": -2.508988618850708, ""dG_separated"": -24.140169143676758, ""dSASA_int"": 962.1474609375, ""delta_unsatHbonds"": 4.0, ""hbonds_int"": 4.0, ""nres_int"": 48.0, ""packstat"": 0.6012409925460815, ""sc_value"": 0.7329119443893433}, ""A-C"": {""dG_dSASA_ratio"": -2.782723903656006, ""dG_separated"": -47.56855392456055, ""dSASA_int"": 1709.4241943359375, ""delta_unsatHbonds"": 25.0, ""hbonds_int"": 4.0, ""nres_int"": 66.0, ""packstat"": 0.57265704870224, ""sc_value"": 0.7219997644424438}, ""A-D"": {""dG_dSASA_ratio"": -3.262479066848755, ""dG_separated"": -36.807891845703125, ""dSASA_int"": 1128.218505859375, ""delta_unsatHbonds"": 5.0, ""hbonds_int"": 1.0, ""nres_int"": 49.0, ""packstat"": 0.4628767967224121, ""sc_value"": 0.6877262592315674}, ""B-C"": {""dG_dSASA_ratio"": -2.665719747543335, ""dG_separated"": -30.55376625061035, ""dSASA_int"": 1146.1732177734375, ""delta_unsatHbonds"": 8.0, ""hbonds_int"": 1.0, ""nres_int"": 49.0, ""packstat"": 0.48842376470565796, ""sc_value"": 0.5858619213104248}, ""B-D"": {""dG_dSASA_ratio"": -2.581376552581787, ""dG_separated"": -44.17812728881836, ""dSASA_int"": 1711.4173583984375, ""delta_unsatHbonds"": 23.0, ""hbonds_int"": 2.0, ""nres_int"": 68.0, ""packstat"": 0.5854462385177612, ""sc_value"": 0.6511439085006714}, ""C-D"": {""dG_dSASA_ratio"": -2.6395153999328613, ""dG_separated"": -25.22727394104004, ""dSASA_int"": 955.7540283203125, ""delta_unsatHbonds"": 2.0, ""hbonds_int"": 4.0, ""nres_int"": 48.0, ""packstat"": 0.6045693755149841, ""sc_value"": 0.7285990715026855}}"
ova_body_c4_16_ms25_r01	AF3	146	7146	0	0	A-B,A-C,A-D,B-C,B-D,C-D	6	3	1	"{""A-B"": 29, ""A-C"": 66, ""A-D"": 38, ""B-C"": 39, ""B-D"": 68, ""C-D"": 28}"	A-D,B-C	A-B,A-C,B-D,C-D	0.21166717263890225	0.6254072189331055	0.0	-3.0560901165008545	3.5838632532177446	0.6254072189331055	0.0	-2.520226240158081	13.268296035616293	"{""A-B"": {""dG_dSASA_ratio"": -2.520226240158081, ""dG_separated"": -25.345016479492188, ""dSASA_int"": 1005.664306640625, ""delta_unsatHbonds"": 4.0, ""hbonds_int"": 4.0, ""nres_int"": 49.0, ""packstat"": 0.5451061129570007, ""sc_value"": 0.7395538091659546}, ""A-C"": {""dG_dSASA_ratio"": -2.6841001510620117, ""dG_separated"": -46.172584533691406, ""dSASA_int"": 1720.225830078125, ""delta_unsatHbonds"": 18.0, ""hbonds_int"": 4.0, ""nres_int"": 66.0, ""packstat"": 0.5997360348701477, ""sc_value"": 0.7143892645835876}, ""A-D"": {""dG_dSASA_ratio"": -3.0560901165008545, ""dG_separated"": -34.10945129394531, ""dSASA_int"": 1116.114013671875, ""delta_unsatHbonds"": 4.0, ""hbonds_int"": 0.0, ""nres_int"": 48.0, ""packstat"": 0.5712282061576843, ""sc_value"": 0.6254072189331055}, ""B-C"": {""dG_dSASA_ratio"": -3.159965753555298, ""dG_separated"": -35.32347106933594, ""dSASA_int"": 1117.843505859375, ""delta_unsatHbonds"": 4.0, ""hbonds_int"": 0.0, ""nres_int"": 48.0, ""packstat"": 0.5205843448638916, ""sc_value"": 0.6624076962471008}, ""B-D"": {""dG_dSASA_ratio"": -2.556797981262207, ""dG_separated"": -44.320953369140625, ""dSASA_int"": 1733.4554443359375, ""delta_unsatHbonds"": 23.0, ""hbonds_int"": 2.0, ""nres_int"": 68.0, ""packstat"": 0.6466004848480225, ""sc_value"": 0.6665987968444824}, ""C-D"": {""dG_dSASA_ratio"": -2.5556888580322266, ""dG_separated"": -24.234817504882812, ""dSASA_int"": 948.2694702148438, ""delta_unsatHbonds"": 2.0, ""hbonds_int"": 4.0, ""nres_int"": 48.0, ""packstat"": 0.6161187291145325, ""sc_value"": 0.7301629781723022}}"
ova_body_c4_16_ms25_r01	AF3	147	7147	0	0	A-B,A-C,A-D,B-C,B-D,C-D	6	3	1	"{""A-B"": 29, ""A-C"": 66, ""A-D"": 38, ""B-C"": 39, ""B-D"": 68, ""C-D"": 28}"	A-D,B-C	A-B,A-C,B-D,C-D	0.21166717263890225	0.6254072189331055	0.0	-3.0560901165008545	3.5838632532177446	0.6254072189331055	0.0	-2.442100763320923	13.268296035616293	"{""A-B"": {""dG_dSASA_ratio"": -2.442100763320923, ""dG_separated"": -24.55933380126953, ""dSASA_int"": 1005.664306640625, ""delta_unsatHbonds"": 2.0, ""hbonds_int"": 4.0, ""nres_int"": 49.0, ""packstat"": 0.5845280885696411, ""sc_value"": 0.7395538091659546}, ""A-C"": {""dG_dSASA_ratio"": -2.6841001510620117, ""dG_separated"": -46.172584533691406, ""dSASA_int"": 1720.225830078125, ""delta_unsatHbonds"": 18.0, ""hbonds_int"": 4.0, ""nres_int"": 66.0, ""packstat"": 0.6252232193946838, ""sc_value"": 0.7143892645835876}, ""A-D"": {""dG_dSASA_ratio"": -3.0560901165008545, ""dG_separated"": -34.10945129394531, ""dSASA_int"": 1116.114013671875, ""delta_unsatHbonds"": 4.0, ""hbonds_int"": 0.0, ""nres_int"": 48.0, ""packstat"": 0.5513969659805298, ""sc_value"": 0.6254072189331055}, ""B-C"": {""dG_dSASA_ratio"": -3.0899789333343506, ""dG_separated"": -34.54113006591797, ""dSASA_int"": 1117.843505859375, ""delta_unsatHbonds"": 4.0, ""hbonds_int"": 0.0, ""nres_int"": 48.0, ""packstat"": 0.5574532151222229, ""sc_value"": 0.6624076962471008}, ""B-D"": {""dG_dSASA_ratio"": -2.556797981262207, ""dG_separated"": -44.320953369140625, ""dSASA_int"": 1733.4554443359375, ""delta_unsatHbonds"": 23.0, ""hbonds_int"": 2.0, ""nres_int"": 68.0, ""packstat"": 0.6119102239608765, ""sc_value"": 0.6665987968444824}, ""C-D"": {""dG_dSASA_ratio"": -2.5556888580322266, ""dG_separated"": -24.234817504882812, ""dSASA_int"": 948.2694702148438, ""delta_unsatHbonds"": 2.0, ""hbonds_int"": 4.0, ""nres_int"": 48.0, ""packstat"": 0.5904580950737, ""sc_value"": 0.7301629781723022}}"
ova_body_c4_16_ms25_r01	AF3	148	7148	0	0	A-B,A-C,A-D,B-C,B-D,C-D	6	3	1	"{""A-B"": 27, ""A-C"": 68, ""A-D"": 39, ""B-C"": 38, ""B-D"": 67, ""C-D"": 28}"	A-D,B-C	A-B,A-C,B-D,C-D	0.20521354190015345	0.6261829733848572	0.0	-2.95989727973938	3.571627491721918	0.6261829733848572	0.0	-2.5285935401916504	13.967032892089668	"{""A-B"": {""dG_dSASA_ratio"": -2.5285935401916504, ""dG_separated"": -24.33590316772461, ""dSASA_int"": 962.4284057617188, ""delta_unsatHbonds"": 2.0, ""hbonds_int"": 4.0, ""nres_int"": 49.0, ""packstat"": 0.6606870293617249, ""sc_value"": 0.7549817562103271}, ""A-C"": {""dG_dSASA_ratio"": -2.651338577270508, ""dG_separated"": -45.479896545410156, ""dSASA_int"": 1715.3560791015625, ""delta_unsatHbonds"": 18.0, ""hbonds_int"": 3.0, ""nres_int"": 69.0, ""packstat"": 0.5823938846588135, ""sc_value"": 0.6937690377235413}, ""A-D"": {""dG_dSASA_ratio"": -3.0351881980895996, ""dG_separated"": -33.99221420288086, ""dSASA_int"": 1119.9376220703125, ""delta_unsatHbonds"": 4.0, ""hbonds_int"": 0.0, ""nres_int"": 48.0, ""packstat"": 0.4716919958591461, ""sc_value"": 0.6261829733848572}, ""B-C"": {""dG_dSASA_ratio"": -2.95989727973938, ""dG_separated"": -33.96718978881836, ""dSASA_int"": 1147.580078125, ""delta_unsatHbonds"": 4.0, ""hbonds_int"": 0.0, ""nres_int"": 48.0, ""packstat"": 0.48376020789146423, ""sc_value"": 0.6600277423858643}, ""B-D"": {""dG_dSASA_ratio"": -2.6017606258392334, ""dG_separated"": -44.70688247680664, ""dSASA_int"": 1718.33203125, ""delta_unsatHbonds"": 24.0, ""hbonds_int"": 2.0, ""nres_int"": 66.0, ""packstat"": 0.6032416224479675, ""sc_value"": 0.6709761619567871}, ""C-D"": {""dG_dSASA_ratio"": -2.5737016201019287, ""dG_separated"": -24.1137752532959, ""dSASA_int"": 936.9296875, ""delta_unsatHbonds"": 2.0, ""hbonds_int"": 4.0, ""nres_int"": 48.0, ""packstat"": 0.6315646767616272, ""sc_value"": 0.7350516319274902}}"
ova_body_c4_16_ms25_r01	AF3	149	7149	0	0	A-B,A-C,A-D,B-C,B-D,C-D	6	3	1	"{""A-B"": 28, ""A-C"": 66, ""A-D"": 39, ""B-C"": 34, ""B-D"": 65, ""C-D"": 26}"	A-D,B-C	A-B,A-C,B-D,C-D	0.22227981948351463	0.49636054039001465	0.0	-2.451619863510132	7.173783638878107	0.49636054039001465	0.0	-2.3917057514190674	12.202617414336359	"{""A-B"": {""dG_dSASA_ratio"": -2.4398112297058105, ""dG_separated"": -24.734359741210938, ""dSASA_int"": 1013.7816162109375, ""delta_unsatHbonds"": 1.0, ""hbonds_int"": 4.0, ""nres_int"": 48.0, ""packstat"": 0.5610175132751465, ""sc_value"": 0.7339733242988586}, ""A-C"": {""dG_dSASA_ratio"": -2.6537864208221436, ""dG_separated"": -46.2297248840332, ""dSASA_int"": 1742.02880859375, ""delta_unsatHbonds"": 17.0, ""hbonds_int"": 6.0, ""nres_int"": 64.0, ""packstat"": 0.5980231165885925, ""sc_value"": 0.724073052406311}, ""A-D"": {""dG_dSASA_ratio"": -3.0113883018493652, ""dG_separated"": -33.63936996459961, ""dSASA_int"": 1117.0718994140625, ""delta_unsatHbonds"": 5.0, ""hbonds_int"": 0.0, ""nres_int"": 48.0, ""packstat"": 0.5569330453872681, ""sc_value"": 0.6264384984970093}, ""B-C"": {""dG_dSASA_ratio"": -2.451619863510132, ""dG_separated"": -27.33976936340332, ""dSASA_int"": 1115.171630859375, ""delta_unsatHbonds"": 8.0, ""hbonds_int"": 0.0, ""nres_int"": 48.0, ""packstat"": 0.4657744765281677, ""sc_value"": 0.49636054039001465}, ""B-D"": {""dG_dSASA_ratio"": -2.5143392086029053, ""dG_separated"": -43.27032470703125, ""dSASA_int"": 1720.9422607421875, ""delta_unsatHbonds"": 21.0, ""hbonds_int"": 2.0, ""nres_int"": 67.0, ""packstat"": 0.633379340171814, ""sc_value"": 0.6409717202186584}, ""C-D"": {""dG_dSASA_ratio"": -2.3917057514190674, ""dG_separated"": -21.307294845581055, ""dSASA_int"": 890.8828125, ""delta_unsatHbonds"": 1.0, ""hbonds_int"": 5.0, ""nres_int"": 46.0, ""packstat"": 0.6082648634910583, ""sc_value"": 0.7191025018692017}}"
ova_body_c4_16_ms25_r01	AF3	150	7150	0	0	A-B,A-C,A-D,B-C,B-D,C-D	6	3	1	"{""A-B"": 28, ""A-C"": 68, ""A-D"": 38, ""B-C"": 38, ""B-D"": 67, ""C-D"": 28}"	A-D,B-C	A-B,A-C,B-D,C-D	0.20491569050970884	0.6282599568367004	0.0	-2.97200083732605	3.571906250977647	0.6282599568367004	0.0	-2.306225538253784	15.11822756044253	"{""A-B"": {""dG_dSASA_ratio"": -2.468139886856079, ""dG_separated"": -24.569414138793945, ""dSASA_int"": 995.4627685546875, ""delta_unsatHbonds"": 2.0, ""hbonds_int"": 4.0, ""nres_int"": 49.0, ""packstat"": 0.6306064128875732, ""sc_value"": 0.7354183197021484}, ""A-C"": {""dG_dSASA_ratio"": -2.6304495334625244, ""dG_separated"": -45.16409683227539, ""dSASA_int"": 1716.972412109375, ""delta_unsatHbonds"": 19.0, ""hbonds_int"": 3.0, ""nres_int"": 68.0, ""packstat"": 0.60446697473526, ""sc_value"": 0.6926113367080688}, ""A-D"": {""dG_dSASA_ratio"": -3.03460431098938, ""dG_separated"": -33.98302459716797, ""dSASA_int"": 1119.8502197265625, ""delta_unsatHbonds"": 4.0, ""hbonds_int"": 0.0, ""nres_int"": 48.0, ""packstat"": 0.601807713508606, ""sc_value"": 0.6282599568367004}, ""B-C"": {""dG_dSASA_ratio"": -2.97200083732605, ""dG_separated"": -34.00701141357422, ""dSASA_int"": 1144.246337890625, ""delta_unsatHbonds"": 4.0, ""hbonds_int"": 0.0, ""nres_int"": 48.0, ""packstat"": 0.5128176212310791, ""sc_value"": 0.6611265540122986}, ""B-D"": {""dG_dSASA_ratio"": -2.306225538253784, ""dG_separated"": -39.661964416503906, ""dSASA_int"": 1719.7783203125, ""delta_unsatHbonds"": 26.0, ""hbonds_int"": 2.0, ""nres_int"": 66.0, ""packstat"": 0.6226464509963989, ""sc_value"": 0.6765766143798828}, ""C-D"": {""dG_dSASA_ratio"": -2.5571274757385254, ""dG_separated"": -24.107589721679688, ""dSASA_int"": 942.7606201171875, ""delta_unsatHbonds"": 2.0, ""hbonds_int"": 4.0, ""nres_int"": 47.0, ""packstat"": 0.6183825731277466, ""sc_value"": 0.7332013845443726}}"
ova_body_c4_16_ms25_r01	AF3	151	7151	0	0	A-B,A-C,A-D,B-C,B-D,C-D	6	3	1	"{""A-B"": 28, ""A-C"": 67, ""A-D"": 38, ""B-C"": 38, ""B-D"": 67, ""C-D"": 28}"	A-D,B-C	A-B,A-C,B-D,C-D	0.20616797000286474	0.6273849606513977	0.0	-2.9854979515075684	3.561819271368388	0.6273849606513977	0.0	-2.47918963432312	13.349554546047766	"{""A-B"": {""dG_dSASA_ratio"": -2.47918963432312, ""dG_separated"": -24.506887435913086, ""dSASA_int"": 988.5039672851562, ""delta_unsatHbonds"": 2.0, ""hbonds_int"": 4.0, ""nres_int"": 48.0, ""packstat"": 0.6156414151191711, ""sc_value"": 0.7333536148071289}, ""A-C"": {""dG_dSASA_ratio"": -2.6662533283233643, ""dG_separated"": -45.722740173339844, ""dSASA_int"": 1714.86865234375, ""delta_unsatHbonds"": 20.0, ""hbonds_int"": 3.0, ""nres_int"": 67.0, ""packstat"": 0.5805661082267761, ""sc_value"": 0.6936259865760803}, ""A-D"": {""dG_dSASA_ratio"": -3.0208795070648193, ""dG_separated"": -33.92512893676758, ""dSASA_int"": 1123.0216064453125, ""delta_unsatHbonds"": 4.0, ""hbonds_int"": 0.0, ""nres_int"": 48.0, ""packstat"": 0.5075470209121704, ""sc_value"": 0.6273849606513977}, ""B-C"": {""dG_dSASA_ratio"": -2.9854979515075684, ""dG_separated"": -33.99214553833008, ""dSASA_int"": 1138.575439453125, ""delta_unsatHbonds"": 4.0, ""hbonds_int"": 0.0, ""nres_int"": 48.0, ""packstat"": 0.5273197889328003, ""sc_value"": 0.6545954346656799}, ""B-D"": {""dG_dSASA_ratio"": -2.5967860221862793, ""dG_separated"": -44.74013137817383, ""dSASA_int"": 1722.9039306640625, ""delta_unsatHbonds"": 23.0, ""hbonds_int"": 2.0, ""nres_int"": 66.0, ""packstat"": 0.5980461835861206, ""sc_value"": 0.6813718676567078}, ""C-D"": {""dG_dSASA_ratio"": -2.6299643516540527, ""dG_separated"": -24.820615768432617, ""dSASA_int"": 943.762451171875, ""delta_unsatHbonds"": 4.0, ""hbonds_int"": 4.0, ""nres_int"": 47.0, ""packstat"": 0.6234884262084961, ""sc_value"": 0.7325531244277954}}"
ova_body_c4_16_ms25_r01	AF3	152	7152	0	0	A-B,A-C,A-D,B-C,B-D,C-D	6	3	1	"{""A-B"": 25, ""A-C"": 65, ""A-D"": 39, ""B-C"": 37, ""B-D"": 68, ""C-D"": 28}"	A-D,B-C	A-B,A-C,B-D,C-D	0.2272604804132373	0.6233987808227539	0.0	-2.9183313846588135	3.597927634089179	0.6233987808227539	0.0	-2.1789865493774414	12.496172850940034	"{""A-B"": {""dG_dSASA_ratio"": -2.1789865493774414, ""dG_separated"": -20.00788116455078, ""dSASA_int"": 918.2196044921875, ""delta_unsatHbonds"": 3.0, ""hbonds_int"": 4.0, ""nres_int"": 46.0, ""packstat"": 0.609002947807312, ""sc_value"": 0.7027145624160767}, ""A-C"": {""dG_dSASA_ratio"": -2.7945611476898193, ""dG_separated"": -46.96300506591797, ""dSASA_int"": 1680.5145263671875, ""delta_unsatHbonds"": 21.0, ""hbonds_int"": 3.0, ""nres_int"": 65.0, ""packstat"": 0.6011666655540466, ""sc_value"": 0.728005051612854}, ""A-D"": {""dG_dSASA_ratio"": -3.042660713195801, ""dG_separated"": -33.82681655883789, ""dSASA_int"": 1111.7510986328125, ""delta_unsatHbonds"": 4.0, ""hbonds_int"": 0.0, ""nres_int"": 48.0, ""packstat"": 0.48901671171188354, ""sc_value"": 0.6233987808227539}, ""B-C"": {""dG_dSASA_ratio"": -2.9183313846588135, ""dG_separated"": -31.926931381225586, ""dSASA_int"": 1094.01318359375, ""delta_unsatHbonds"": 3.0, ""hbonds_int"": 0.0, ""nres_int"": 47.0, ""packstat"": 0.48800531029701233, ""sc_value"": 0.662804126739502}, ""B-D"": {""dG_dSASA_ratio"": -2.5772132873535156, ""dG_separated"": -44.53166580200195, ""dSASA_int"": 1727.89990234375, ""delta_unsatHbonds"": 21.0, ""hbonds_int"": 3.0, ""nres_int"": 67.0, ""packstat"": 0.5458118915557861, ""sc_value"": 0.6864602565765381}, ""C-D"": {""dG_dSASA_ratio"": -2.626406669616699, ""dG_separated"": -25.024677276611328, ""dSASA_int"": 952.8104248046875, ""delta_unsatHbonds"": 2.0, ""hbonds_int"": 4.0, ""nres_int"": 48.0, ""packstat"": 0.6052955389022827, ""sc_value"": 0.728595495223999}}"
ova_body_c4_16_ms25_r01	AF3	153	7153	0	0	A-B,A-C,A-D,B-C,B-D,C-D	6	3	1	"{""A-B"": 27, ""A-C"": 64, ""A-D"": 37, ""B-C"": 38, ""B-D"": 68, ""C-D"": 26}"	A-D,B-C	A-B,A-C,B-D,C-D	0.22571166333217788	0.6144957542419434	0.0	-2.67830491065979	4.361579172777954	0.6144957542419434	0.0	-2.5172407627105713	12.705813644353542	"{""A-B"": {""dG_dSASA_ratio"": -2.5172407627105713, ""dG_separated"": -25.41846466064453, ""dSASA_int"": 1009.7748413085938, ""delta_unsatHbonds"": 4.0, ""hbonds_int"": 4.0, ""nres_int"": 49.0, ""packstat"": 0.572695255279541, ""sc_value"": 0.7281343936920166}, ""A-C"": {""dG_dSASA_ratio"": -2.7370970249176025, ""dG_separated"": -46.67044448852539, ""dSASA_int"": 1705.107421875, ""delta_unsatHbonds"": 17.0, ""hbonds_int"": 4.0, ""nres_int"": 64.0, ""packstat"": 0.6542885303497314, ""sc_value"": 0.7081809639930725}, ""A-D"": {""dG_dSASA_ratio"": -2.67830491065979, ""dG_separated"": -30.703384399414062, ""dSASA_int"": 1146.373779296875, ""delta_unsatHbonds"": 5.0, ""hbonds_int"": 0.0, ""nres_int"": 47.0, ""packstat"": 0.5060145258903503, ""sc_value"": 0.6144957542419434}, ""B-C"": {""dG_dSASA_ratio"": -2.9570043087005615, ""dG_separated"": -33.67426681518555, ""dSASA_int"": 1138.796630859375, ""delta_unsatHbonds"": 4.0, ""hbonds_int"": 0.0, ""nres_int"": 48.0, ""packstat"": 0.6212201118469238, ""sc_value"": 0.6506805419921875}, ""B-D"": {""dG_dSASA_ratio"": -2.536734104156494, ""dG_separated"": -43.923316955566406, ""dSASA_int"": 1731.4908447265625, ""delta_unsatHbonds"": 22.0, ""hbonds_int"": 3.0, ""nres_int"": 67.0, ""packstat"": 0.5855482816696167, ""sc_value"": 0.6716973185539246}, ""C-D"": {""dG_dSASA_ratio"": -2.5709357261657715, ""dG_separated"": -23.959583282470703, ""dSASA_int"": 931.940185546875, ""delta_unsatHbonds"": 2.0, ""hbonds_int"": 4.0, ""nres_int"": 47.0, ""packstat"": 0.5828058123588562, ""sc_value"": 0.7278932332992554}}"
ova_body_c4_16_ms25_r01	AF3	154	7154	0	0	A-B,A-C,A-D,B-C,B-D,C-D	6	3	1	"{""A-B"": 29, ""A-C"": 68, ""A-D"": 39, ""B-C"": 38, ""B-D"": 65, ""C-D"": 27}"	A-D,B-C	A-B,A-C,B-D,C-D	0.2028303853062141	0.6313481330871582	0.0	-2.9735701084136963	3.530526969506754	0.6313481330871582	0.0	-2.5427098274230957	13.557717042668283	"{""A-B"": {""dG_dSASA_ratio"": -2.863286256790161, ""dG_separated"": -28.539506912231445, ""dSASA_int"": 996.739501953125, ""delta_unsatHbonds"": 4.0, ""hbonds_int"": 4.0, ""nres_int"": 48.0, ""packstat"": 0.617168664932251, ""sc_value"": 0.7377188205718994}, ""A-C"": {""dG_dSASA_ratio"": -2.6519289016723633, ""dG_separated"": -45.60483169555664, ""dSASA_int"": 1719.685302734375, ""delta_unsatHbonds"": 19.0, ""hbonds_int"": 3.0, ""nres_int"": 66.0, ""packstat"": 0.5841711163520813, ""sc_value"": 0.6962405443191528}, ""A-D"": {""dG_dSASA_ratio"": -2.9902992248535156, ""dG_separated"": -34.06629180908203, ""dSASA_int"": 1139.226806640625, ""delta_unsatHbonds"": 4.0, ""hbonds_int"": 0.0, ""nres_int"": 48.0, ""packstat"": 0.5292147994041443, ""sc_value"": 0.6313481330871582}, ""B-C"": {""dG_dSASA_ratio"": -2.9735701084136963, ""dG_separated"": -33.6898193359375, ""dSASA_int"": 1132.975341796875, ""delta_unsatHbonds"": 4.0, ""hbonds_int"": 0.0, ""nres_int"": 48.0, ""packstat"": 0.4900001287460327, ""sc_value"": 0.6479389667510986}, ""B-D"": {""dG_dSASA_ratio"": -2.58120059967041, ""dG_separated"": -43.78879928588867, ""dSASA_int"": 1696.4508056640625, ""delta_unsatHbonds"": 23.0, ""hbonds_int"": 2.0, ""nres_int"": 66.0, ""packstat"": 0.6103034615516663, ""sc_value"": 0.6589677333831787}, ""C-D"": {""dG_dSASA_ratio"": -2.5427098274230957, ""dG_separated"": -24.09911346435547, ""dSASA_int"": 947.7728271484375, ""delta_unsatHbonds"": 2.0, ""hbonds_int"": 4.0, ""nres_int"": 48.0, ""packstat"": 0.6422614455223083, ""sc_value"": 0.7319376468658447}}"
ova_body_c4_16_ms25_r01	AF3	155	7155	0	0	A-B,A-C,A-D,B-C,B-D,C-D	6	3	1	"{""A-B"": 25, ""A-C"": 68, ""A-D"": 38, ""B-C"": 37, ""B-D"": 64, ""C-D"": 28}"	A-D,B-C	A-B,A-C,B-D,C-D	0.2248800410151029	0.5736839771270752	0.0	-2.654096841812134	5.928064533036213	0.5736839771270752	0.0	-2.268202066421509	16.71647453852692	"{""A-B"": {""dG_dSASA_ratio"": -2.268202066421509, ""dG_separated"": -20.787879943847656, ""dSASA_int"": 916.4915161132812, ""delta_unsatHbonds"": 1.0, ""hbonds_int"": 4.0, ""nres_int"": 46.0, ""packstat"": 0.6011524796485901, ""sc_value"": 0.7029517889022827}, ""A-C"": {""dG_dSASA_ratio"": -2.7604541778564453, ""dG_separated"": -47.13327407836914, ""dSASA_int"": 1707.4464111328125, ""delta_unsatHbonds"": 22.0, ""hbonds_int"": 4.0, ""nres_int"": 67.0, ""packstat"": 0.5890234708786011, ""sc_value"": 0.7258622646331787}, ""A-D"": {""dG_dSASA_ratio"": -2.654096841812134, ""dG_separated"": -31.340208053588867, ""dSASA_int"": 1180.8238525390625, ""delta_unsatHbonds"": 7.0, ""hbonds_int"": 0.0, ""nres_int"": 48.0, ""packstat"": 0.5467262864112854, ""sc_value"": 0.5736839771270752}, ""B-C"": {""dG_dSASA_ratio"": -2.8932042121887207, ""dG_separated"": -33.271209716796875, ""dSASA_int"": 1149.9779052734375, ""delta_unsatHbonds"": 6.0, ""hbonds_int"": 0.0, ""nres_int"": 48.0, ""packstat"": 0.47950756549835205, ""sc_value"": 0.6319745779037476}, ""B-D"": {""dG_dSASA_ratio"": -2.5768320560455322, ""dG_separated"": -44.70328140258789, ""dSASA_int"": 1734.8155517578125, ""delta_unsatHbonds"": 29.0, ""hbonds_int"": 2.0, ""nres_int"": 68.0, ""packstat"": 0.6707991361618042, ""sc_value"": 0.6483663320541382}, ""C-D"": {""dG_dSASA_ratio"": -2.4658265113830566, ""dG_separated"": -22.722652435302734, ""dSASA_int"": 921.5025024414062, ""delta_unsatHbonds"": 2.0, ""hbonds_int"": 3.0, ""nres_int"": 48.0, ""packstat"": 0.5512605905532837, ""sc_value"": 0.7344030141830444}}"
ova_body_c4_16_ms25_r01	AF3	156	7156	0	0	A-B,A-C,A-D,B-C,B-D,C-D	6	3	1	"{""A-B"": 27, ""A-C"": 66, ""A-D"": 38, ""B-C"": 36, ""B-D"": 67, ""C-D"": 26}"	A-D,B-C	A-B,A-C,B-D,C-D	0.23403767304839135	0.5767168402671814	0.0	-2.9053313732147217	6.295524506095441	0.5767168402671814	0.0	-2.492415189743042	12.12194391470129	"{""A-B"": {""dG_dSASA_ratio"": -2.492415189743042, ""dG_separated"": -24.829208374023438, ""dSASA_int"": 996.190673828125, ""delta_unsatHbonds"": 2.0, ""hbonds_int"": 4.0, ""nres_int"": 50.0, ""packstat"": 0.6197223663330078, ""sc_value"": 0.7165378332138062}, ""A-C"": {""dG_dSASA_ratio"": -2.5653247833251953, ""dG_separated"": -44.96225357055664, ""dSASA_int"": 1752.6923828125, ""delta_unsatHbonds"": 21.0, ""hbonds_int"": 7.0, ""nres_int"": 64.0, ""packstat"": 0.5496172308921814, ""sc_value"": 0.7069132328033447}, ""A-D"": {""dG_dSASA_ratio"": -2.9053313732147217, ""dG_separated"": -32.30440902709961, ""dSASA_int"": 1111.9010009765625, ""delta_unsatHbonds"": 7.0, ""hbonds_int"": 0.0, ""nres_int"": 48.0, ""packstat"": 0.47779160737991333, ""sc_value"": 0.5767168402671814}, ""B-C"": {""dG_dSASA_ratio"": -2.9740633964538574, ""dG_separated"": -33.47331237792969, ""dSASA_int"": 1125.5076904296875, ""delta_unsatHbonds"": 5.0, ""hbonds_int"": 0.0, ""nres_int"": 48.0, ""packstat"": 0.5587181448936462, ""sc_value"": 0.6551997661590576}, ""B-D"": {""dG_dSASA_ratio"": -2.706233024597168, ""dG_separated"": -44.650150299072266, ""dSASA_int"": 1649.900390625, ""delta_unsatHbonds"": 20.0, ""hbonds_int"": 4.0, ""nres_int"": 66.0, ""packstat"": 0.5908918976783752, ""sc_value"": 0.685332715511322}, ""C-D"": {""dG_dSASA_ratio"": -2.5832958221435547, ""dG_separated"": -24.90509033203125, ""dSASA_int"": 964.08203125, ""delta_unsatHbonds"": 2.0, ""hbonds_int"": 4.0, ""nres_int"": 48.0, ""packstat"": 0.6025001406669617, ""sc_value"": 0.7175025939941406}}"
ova_body_c4_16_ms25_r01	AF3	157	7157	0	0	A-B,A-C,A-D,B-C,B-D,C-D	6	3	1	"{""A-B"": 28, ""A-C"": 67, ""A-D"": 38, ""B-C"": 38, ""B-D"": 68, ""C-D"": 27}"	A-D,B-C	A-B,A-C,B-D,C-D	0.20543434009270023	0.6290253400802612	0.0	-3.0122525691986084	3.5866040426570334	0.6290253400802612	0.0	-2.4625322818756104	13.343125959531129	"{""A-B"": {""dG_dSASA_ratio"": -2.4625322818756104, ""dG_separated"": -24.633413314819336, ""dSASA_int"": 1000.32861328125, ""delta_unsatHbonds"": 2.0, ""hbonds_int"": 4.0, ""nres_int"": 49.0, ""packstat"": 0.6086174249649048, ""sc_value"": 0.7413404583930969}, ""A-C"": {""dG_dSASA_ratio"": -2.6582796573638916, ""dG_separated"": -45.82594299316406, ""dSASA_int"": 1723.894775390625, ""delta_unsatHbonds"": 20.0, ""hbonds_int"": 4.0, ""nres_int"": 66.0, ""packstat"": 0.592054009437561, ""sc_value"": 0.71640944480896}, ""A-D"": {""dG_dSASA_ratio"": -3.0122525691986084, ""dG_separated"": -34.05696105957031, ""dSASA_int"": 1130.6143798828125, ""delta_unsatHbonds"": 4.0, ""hbonds_int"": 0.0, ""nres_int"": 48.0, ""packstat"": 0.45181724429130554, ""sc_value"": 0.6290253400802612}, ""B-C"": {""dG_dSASA_ratio"": -3.075596809387207, ""dG_separated"": -34.300933837890625, ""dSASA_int"": 1115.2611083984375, ""delta_unsatHbonds"": 4.0, ""hbonds_int"": 0.0, ""nres_int"": 48.0, ""packstat"": 0.5552791357040405, ""sc_value"": 0.6510941982269287}, ""B-D"": {""dG_dSASA_ratio"": -2.5740244388580322, ""dG_separated"": -44.36933517456055, ""dSASA_int"": 1723.7340087890625, ""delta_unsatHbonds"": 23.0, ""hbonds_int"": 2.0, ""nres_int"": 66.0, ""packstat"": 0.6470920443534851, ""sc_value"": 0.6664712429046631}, ""C-D"": {""dG_dSASA_ratio"": -2.559095621109009, ""dG_separated"": -24.283695220947266, ""dSASA_int"": 948.9171142578125, ""delta_unsatHbonds"": 2.0, ""hbonds_int"": 4.0, ""nres_int"": 48.0, ""packstat"": 0.5970006585121155, ""sc_value"": 0.7352192997932434}}"
ova_body_c4_16_ms25_r01	AF3	158	7158	0	0	A-B,A-C,A-D,B-C,B-D,C-D	6	3	1	"{""A-B"": 29, ""A-C"": 66, ""A-D"": 37, ""B-C"": 38, ""B-D"": 70, ""C-D"": 28}"	A-D,B-C	A-B,A-C,B-D,C-D	0.2259814580466321	0.6051857471466064	0.0	-2.932105541229248	5.2894076039969296	0.6051857471466064	0.0	-2.2628157138824463	10.151653822656414	"{""A-B"": {""dG_dSASA_ratio"": -2.4774680137634277, ""dG_separated"": -24.691211700439453, ""dSASA_int"": 996.630859375, ""delta_unsatHbonds"": 1.0, ""hbonds_int"": 4.0, ""nres_int"": 48.0, ""packstat"": 0.5894372463226318, ""sc_value"": 0.7347334027290344}, ""A-C"": {""dG_dSASA_ratio"": -2.557101249694824, ""dG_separated"": -44.49079132080078, ""dSASA_int"": 1739.8917236328125, ""delta_unsatHbonds"": 16.0, ""hbonds_int"": 6.0, ""nres_int"": 66.0, ""packstat"": 0.5697751045227051, ""sc_value"": 0.7189635038375854}, ""A-D"": {""dG_dSASA_ratio"": -2.932105541229248, ""dG_separated"": -33.2601203918457, ""dSASA_int"": 1134.342529296875, ""delta_unsatHbonds"": 6.0, ""hbonds_int"": 0.0, ""nres_int"": 48.0, ""packstat"": 0.5363184213638306, ""sc_value"": 0.6051857471466064}, ""B-C"": {""dG_dSASA_ratio"": -2.9912760257720947, ""dG_separated"": -34.130855560302734, ""dSASA_int"": 1141.0133056640625, ""delta_unsatHbonds"": 5.0, ""hbonds_int"": 0.0, ""nres_int"": 48.0, ""packstat"": 0.5603579878807068, ""sc_value"": 0.6613831520080566}, ""B-D"": {""dG_dSASA_ratio"": -2.2628157138824463, ""dG_separated"": -40.122215270996094, ""dSASA_int"": 1773.110107421875, ""delta_unsatHbonds"": 18.0, ""hbonds_int"": 5.0, ""nres_int"": 66.0, ""packstat"": 0.5687471032142639, ""sc_value"": 0.6567775011062622}, ""C-D"": {""dG_dSASA_ratio"": -2.5309033393859863, ""dG_separated"": -24.395721435546875, ""dSASA_int"": 963.9135131835938, ""delta_unsatHbonds"": 2.0, ""hbonds_int"": 4.0, ""nres_int"": 48.0, ""packstat"": 0.5895805358886719, ""sc_value"": 0.7208608984947205}}"
ova_body_c4_16_ms25_r01	AF3	159	7159	0	0	A-B,A-C,A-D,B-C,B-D,C-D	6	3	1	"{""A-B"": 28, ""A-C"": 67, ""A-D"": 39, ""B-C"": 38, ""B-D"": 67, ""C-D"": 27}"	A-D,B-C	A-B,A-C,B-D,C-D	0.21379965644833573	0.6257264614105225	0.0	-2.9566617012023926	3.6138389031610725	0.6257264614105225	0.0	-2.493778705596924	15.872196896072145	"{""A-B"": {""dG_dSASA_ratio"": -2.5291216373443604, ""dG_separated"": -25.448610305786133, ""dSASA_int"": 1006.2232055664062, ""delta_unsatHbonds"": 4.0, ""hbonds_int"": 4.0, ""nres_int"": 48.0, ""packstat"": 0.5410472750663757, ""sc_value"": 0.7432679533958435}, ""A-C"": {""dG_dSASA_ratio"": -2.602858543395996, ""dG_separated"": -44.94575119018555, ""dSASA_int"": 1726.7841796875, ""delta_unsatHbonds"": 19.0, ""hbonds_int"": 5.0, ""nres_int"": 67.0, ""packstat"": 0.6445952653884888, ""sc_value"": 0.7266659736633301}, ""A-D"": {""dG_dSASA_ratio"": -3.0745272636413574, ""dG_separated"": -34.03059768676758, ""dSASA_int"": 1106.856201171875, ""delta_unsatHbonds"": 4.0, ""hbonds_int"": 0.0, ""nres_int"": 48.0, ""packstat"": 0.5768799185752869, ""sc_value"": 0.6257264614105225}, ""B-C"": {""dG_dSASA_ratio"": -2.9566617012023926, ""dG_separated"": -33.599021911621094, ""dSASA_int"": 1136.3836669921875, ""delta_unsatHbonds"": 4.0, ""hbonds_int"": 0.0, ""nres_int"": 48.0, ""packstat"": 0.5399056673049927, ""sc_value"": 0.6471526622772217}, ""B-D"": {""dG_dSASA_ratio"": -2.493778705596924, ""dG_separated"": -42.421363830566406, ""dSASA_int"": 1701.0877685546875, ""delta_unsatHbonds"": 27.0, ""hbonds_int"": 2.0, ""nres_int"": 71.0, ""packstat"": 0.5760084986686707, ""sc_value"": 0.6557799577713013}, ""C-D"": {""dG_dSASA_ratio"": -2.5519661903381348, ""dG_separated"": -23.742597579956055, ""dSASA_int"": 930.3649291992188, ""delta_unsatHbonds"": 2.0, ""hbonds_int"": 4.0, ""nres_int"": 46.0, ""packstat"": 0.6350867748260498, ""sc_value"": 0.7293006181716919}}"
ova_body_c4_16_ms25_r01	AF3	160	7160	0	0	A-B,A-C,A-D,B-C,B-D,C-D	6	3	1	"{""A-B"": 26, ""A-C"": 66, ""A-D"": 38, ""B-C"": 39, ""B-D"": 61, ""C-D"": 27}"	A-D,B-C	A-B,A-C,B-D,C-D	0.23344464630374037	0.5938856601715088	0.0	-2.5200655460357666	5.2458691661958206	0.5938856601715088	0.0	-2.502457857131958	14.82410710283751	"{""A-B"": {""dG_dSASA_ratio"": -2.502457857131958, ""dG_separated"": -25.087020874023438, ""dSASA_int"": 1002.4953002929688, ""delta_unsatHbonds"": 1.0, ""hbonds_int"": 4.0, ""nres_int"": 49.0, ""packstat"": 0.6093149781227112, ""sc_value"": 0.7359838485717773}, ""A-C"": {""dG_dSASA_ratio"": -2.5854649543762207, ""dG_separated"": -45.398929595947266, ""dSASA_int"": 1755.928955078125, ""delta_unsatHbonds"": 18.0, ""hbonds_int"": 3.0, ""nres_int"": 65.0, ""packstat"": 0.5831460356712341, ""sc_value"": 0.6959543824195862}, ""A-D"": {""dG_dSASA_ratio"": -2.5200655460357666, ""dG_separated"": -29.421518325805664, ""dSASA_int"": 1167.490234375, ""delta_unsatHbonds"": 6.0, ""hbonds_int"": 0.0, ""nres_int"": 48.0, ""packstat"": 0.4795670509338379, ""sc_value"": 0.5938856601715088}, ""B-C"": {""dG_dSASA_ratio"": -3.2353532314300537, ""dG_separated"": -37.00457763671875, ""dSASA_int"": 1143.757080078125, ""delta_unsatHbonds"": 6.0, ""hbonds_int"": 1.0, ""nres_int"": 49.0, ""packstat"": 0.5635896325111389, ""sc_value"": 0.7063242197036743}, ""B-D"": {""dG_dSASA_ratio"": -2.5761289596557617, ""dG_separated"": -45.18272399902344, ""dSASA_int"": 1753.89990234375, ""delta_unsatHbonds"": 26.0, ""hbonds_int"": 3.0, ""nres_int"": 69.0, ""packstat"": 0.5544960498809814, ""sc_value"": 0.6718748807907104}, ""C-D"": {""dG_dSASA_ratio"": -2.569851875305176, ""dG_separated"": -24.020917892456055, ""dSASA_int"": 934.719970703125, ""delta_unsatHbonds"": 2.0, ""hbonds_int"": 4.0, ""nres_int"": 48.0, ""packstat"": 0.5995855927467346, ""sc_value"": 0.7373925447463989}}"
ova_body_c4_16_ms25_r01	AF3	161	7161	0	0	A-B,A-C,A-D,B-C,B-D,C-D	6	3	1	"{""A-B"": 26, ""A-C"": 67, ""A-D"": 32, ""B-C"": 39, ""B-D"": 62, ""C-D"": 28}"	A-D,B-C	A-B,A-C,B-D,C-D	0.22866174524667404	0.4161534905433655	0.0	-2.255350351333618	4.321987658488268	0.4161534905433655	0.0	-2.255350351333618	12.477975392787274	"{""A-B"": {""dG_dSASA_ratio"": -2.315722942352295, ""dG_separated"": -21.561094284057617, ""dSASA_int"": 931.073974609375, ""delta_unsatHbonds"": 1.0, ""hbonds_int"": 5.0, ""nres_int"": 47.0, ""packstat"": 0.6278939247131348, ""sc_value"": 0.705967128276825}, ""A-C"": {""dG_dSASA_ratio"": -2.6431405544281006, ""dG_separated"": -46.520042419433594, ""dSASA_int"": 1760.029052734375, ""delta_unsatHbonds"": 21.0, ""hbonds_int"": 4.0, ""nres_int"": 66.0, ""packstat"": 0.5426627993583679, ""sc_value"": 0.7020865678787231}, ""A-D"": {""dG_dSASA_ratio"": -2.255350351333618, ""dG_separated"": -26.091588973999023, ""dSASA_int"": 1156.8751220703125, ""delta_unsatHbonds"": 5.0, ""hbonds_int"": 0.0, ""nres_int"": 48.0, ""packstat"": 0.5064617395401001, ""sc_value"": 0.4161534905433655}, ""B-C"": {""dG_dSASA_ratio"": -3.1444485187530518, ""dG_separated"": -36.535892486572266, ""dSASA_int"": 1161.9173583984375, ""delta_unsatHbonds"": 4.0, ""hbonds_int"": 1.0, ""nres_int"": 49.0, ""packstat"": 0.5053737759590149, ""sc_value"": 0.6944511532783508}, ""B-D"": {""dG_dSASA_ratio"": -2.698964834213257, ""dG_separated"": -45.42264175415039, ""dSASA_int"": 1682.96533203125, ""delta_unsatHbonds"": 21.0, ""hbonds_int"": 2.0, ""nres_int"": 66.0, ""packstat"": 0.6700348258018494, ""sc_value"": 0.6786813735961914}, ""C-D"": {""dG_dSASA_ratio"": -2.651726722717285, ""dG_separated"": -25.176267623901367, ""dSASA_int"": 949.42919921875, ""delta_unsatHbonds"": 4.0, ""hbonds_int"": 4.0, ""nres_int"": 48.0, ""packstat"": 0.549348771572113, ""sc_value"": 0.7318518757820129}}"
ova_body_c4_16_ms25_r01	AF3	162	7162	0	0	A-B,A-C,A-D,B-C,B-D,C-D	6	3	1	"{""A-B"": 29, ""A-C"": 67, ""A-D"": 35, ""B-C"": 36, ""B-D"": 67, ""C-D"": 27}"	A-D,B-C	A-B,A-C,B-D,C-D	0.2282918034170172	0.49441927671432495	0.0	-2.3655152320861816	7.756109245758141	0.49441927671432495	0.0	-2.3655152320861816	14.712102543354726	"{""A-B"": {""dG_dSASA_ratio"": -2.4694581031799316, ""dG_separated"": -24.698043823242188, ""dSASA_int"": 1000.1402587890625, ""delta_unsatHbonds"": 2.0, ""hbonds_int"": 4.0, ""nres_int"": 50.0, ""packstat"": 0.5753963589668274, ""sc_value"": 0.7323616743087769}, ""A-C"": {""dG_dSASA_ratio"": -2.614182710647583, ""dG_separated"": -46.23000717163086, ""dSASA_int"": 1768.4306640625, ""delta_unsatHbonds"": 25.0, ""hbonds_int"": 4.0, ""nres_int"": 64.0, ""packstat"": 0.5975589156150818, ""sc_value"": 0.7029438018798828}, ""A-D"": {""dG_dSASA_ratio"": -2.3655152320861816, ""dG_separated"": -27.448862075805664, ""dSASA_int"": 1160.3756103515625, ""delta_unsatHbonds"": 9.0, ""hbonds_int"": 0.0, ""nres_int"": 48.0, ""packstat"": 0.45689237117767334, ""sc_value"": 0.49441927671432495}, ""B-C"": {""dG_dSASA_ratio"": -3.0038561820983887, ""dG_separated"": -33.779178619384766, ""dSASA_int"": 1124.5272216796875, ""delta_unsatHbonds"": 5.0, ""hbonds_int"": 0.0, ""nres_int"": 48.0, ""packstat"": 0.5237476825714111, ""sc_value"": 0.6522648930549622}, ""B-D"": {""dG_dSASA_ratio"": -2.630042552947998, ""dG_separated"": -44.69181823730469, ""dSASA_int"": 1699.28125, ""delta_unsatHbonds"": 25.0, ""hbonds_int"": 2.0, ""nres_int"": 66.0, ""packstat"": 0.6494171023368835, ""sc_value"": 0.6678833961486816}, ""C-D"": {""dG_dSASA_ratio"": -2.581681966781616, ""dG_separated"": -24.374755859375, ""dSASA_int"": 944.1424560546875, ""delta_unsatHbonds"": 2.0, ""hbonds_int"": 4.0, ""nres_int"": 48.0, ""packstat"": 0.5632445216178894, ""sc_value"": 0.7180337309837341}}"
ova_body_c4_16_ms25_r01	AF3	163	7163	0	0	A-B,A-C,A-D,B-C,B-D,C-D	6	3	1	"{""A-B"": 28, ""A-C"": 68, ""A-D"": 39, ""B-C"": 38, ""B-D"": 67, ""C-D"": 28}"	A-D,B-C	A-B,A-C,B-D,C-D	0.22591456430455495	0.6203274726867676	0.0	-2.896949529647827	4.5017444809392995	0.6203274726867676	0.0	-2.469160795211792	13.422067224599221	"{""A-B"": {""dG_dSASA_ratio"": -2.469160795211792, ""dG_separated"": -24.568212509155273, ""dSASA_int"": 995.0025634765625, ""delta_unsatHbonds"": 2.0, ""hbonds_int"": 4.0, ""nres_int"": 49.0, ""packstat"": 0.6145018339157104, ""sc_value"": 0.7366969585418701}, ""A-C"": {""dG_dSASA_ratio"": -2.7117161750793457, ""dG_separated"": -46.444183349609375, ""dSASA_int"": 1712.722900390625, ""delta_unsatHbonds"": 20.0, ""hbonds_int"": 4.0, ""nres_int"": 67.0, ""packstat"": 0.5489699840545654, ""sc_value"": 0.7182102799415588}, ""A-D"": {""dG_dSASA_ratio"": -3.0579397678375244, ""dG_separated"": -33.96394348144531, ""dSASA_int"": 1110.6805419921875, ""delta_unsatHbonds"": 5.0, ""hbonds_int"": 0.0, ""nres_int"": 48.0, ""packstat"": 0.5646170973777771, ""sc_value"": 0.6261661648750305}, ""B-C"": {""dG_dSASA_ratio"": -2.896949529647827, ""dG_separated"": -33.12754440307617, ""dSASA_int"": 1143.531982421875, ""delta_unsatHbonds"": 4.0, ""hbonds_int"": 0.0, ""nres_int"": 48.0, ""packstat"": 0.5071022510528564, ""sc_value"": 0.6203274726867676}, ""B-D"": {""dG_dSASA_ratio"": -2.5834810733795166, ""dG_separated"": -44.27042770385742, ""dSASA_int"": 1713.595947265625, ""delta_unsatHbonds"": 23.0, ""hbonds_int"": 2.0, ""nres_int"": 68.0, ""packstat"": 0.57685786485672, ""sc_value"": 0.643059253692627}, ""C-D"": {""dG_dSASA_ratio"": -2.61681866645813, ""dG_separated"": -25.16426658630371, ""dSASA_int"": 961.6359252929688, ""delta_unsatHbonds"": 4.0, ""hbonds_int"": 4.0, ""nres_int"": 48.0, ""packstat"": 0.6032395362854004, ""sc_value"": 0.7339237928390503}}"
ova_body_c4_16_ms25_r01	AF3	164	7164	0	0	A-B,A-C,A-D,B-C,B-D,C-D	6	3	1	"{""A-B"": 27, ""A-C"": 69, ""A-D"": 36, ""B-C"": 39, ""B-D"": 61, ""C-D"": 27}"	A-D,B-C	A-B,A-C,B-D,C-D	0.2292644068765078	0.5936586856842041	0.0	-2.83968186378479	5.248532179294096	0.5936586856842041	0.0	-2.5781028270721436	14.891442202953511	"{""A-B"": {""dG_dSASA_ratio"": -2.588620185852051, ""dG_separated"": -25.07002067565918, ""dSASA_int"": 968.4703369140625, ""delta_unsatHbonds"": 1.0, ""hbonds_int"": 4.0, ""nres_int"": 48.0, ""packstat"": 0.5914744734764099, ""sc_value"": 0.7264365553855896}, ""A-C"": {""dG_dSASA_ratio"": -2.6294727325439453, ""dG_separated"": -45.52955627441406, ""dSASA_int"": 1731.509033203125, ""delta_unsatHbonds"": 21.0, ""hbonds_int"": 3.0, ""nres_int"": 69.0, ""packstat"": 0.584374725818634, ""sc_value"": 0.6893788576126099}, ""A-D"": {""dG_dSASA_ratio"": -2.83968186378479, ""dG_separated"": -32.041297912597656, ""dSASA_int"": 1128.341064453125, ""delta_unsatHbonds"": 4.0, ""hbonds_int"": 0.0, ""nres_int"": 48.0, ""packstat"": 0.5012726187705994, ""sc_value"": 0.5936586856842041}, ""B-C"": {""dG_dSASA_ratio"": -3.221313714981079, ""dG_separated"": -36.8253059387207, ""dSASA_int"": 1143.1767578125, ""delta_unsatHbonds"": 6.0, ""hbonds_int"": 1.0, ""nres_int"": 49.0, ""packstat"": 0.5877079367637634, ""sc_value"": 0.6928005814552307}, ""B-D"": {""dG_dSASA_ratio"": -2.5825676918029785, ""dG_separated"": -45.09083938598633, ""dSASA_int"": 1745.96923828125, ""delta_unsatHbonds"": 26.0, ""hbonds_int"": 3.0, ""nres_int"": 69.0, ""packstat"": 0.6169953346252441, ""sc_value"": 0.6602032780647278}, ""C-D"": {""dG_dSASA_ratio"": -2.5781028270721436, ""dG_separated"": -23.983959197998047, ""dSASA_int"": 930.2948608398438, ""delta_unsatHbonds"": 2.0, ""hbonds_int"": 4.0, ""nres_int"": 48.0, ""packstat"": 0.6027883887290955, ""sc_value"": 0.7385845184326172}}"
ova_body_c4_16_ms25_r01	AF3	165	7165	0	0	A-B,A-C,A-D,B-C,B-D,C-D	6	3	1	"{""A-B"": 28, ""A-C"": 64, ""A-D"": 38, ""B-C"": 37, ""B-D"": 69, ""C-D"": 28}"	A-D,B-C	A-B,A-C,B-D,C-D	0.21651893981578887	0.5923484563827515	0.0	-2.787271499633789	5.368620830668246	0.5923484563827515	0.0	-2.451270818710327	12.240965837478893	"{""A-B"": {""dG_dSASA_ratio"": -2.451270818710327, ""dG_separated"": -24.53972816467285, ""dSASA_int"": 1001.102294921875, ""delta_unsatHbonds"": 2.0, ""hbonds_int"": 4.0, ""nres_int"": 49.0, ""packstat"": 0.6365498304367065, ""sc_value"": 0.7301657199859619}, ""A-C"": {""dG_dSASA_ratio"": -2.6700007915496826, ""dG_separated"": -45.690425872802734, ""dSASA_int"": 1711.25146484375, ""delta_unsatHbonds"": 19.0, ""hbonds_int"": 4.0, ""nres_int"": 64.0, ""packstat"": 0.6024288535118103, ""sc_value"": 0.7115679383277893}, ""A-D"": {""dG_dSASA_ratio"": -2.787271499633789, ""dG_separated"": -32.19984436035156, ""dSASA_int"": 1155.24609375, ""delta_unsatHbonds"": 5.0, ""hbonds_int"": 0.0, ""nres_int"": 48.0, ""packstat"": 0.4861380457878113, ""sc_value"": 0.5923484563827515}, ""B-C"": {""dG_dSASA_ratio"": -3.0144150257110596, ""dG_separated"": -33.689266204833984, ""dSASA_int"": 1117.60546875, ""delta_unsatHbonds"": 6.0, ""hbonds_int"": 0.0, ""nres_int"": 48.0, ""packstat"": 0.5289775729179382, ""sc_value"": 0.6470099687576294}, ""B-D"": {""dG_dSASA_ratio"": -2.659026622772217, ""dG_separated"": -45.6169548034668, ""dSASA_int"": 1715.5509033203125, ""delta_unsatHbonds"": 21.0, ""hbonds_int"": 2.0, ""nres_int"": 67.0, ""packstat"": 0.6731308102607727, ""sc_value"": 0.6907392144203186}, ""C-D"": {""dG_dSASA_ratio"": -2.5380141735076904, ""dG_separated"": -24.208677291870117, ""dSASA_int"": 953.84326171875, ""delta_unsatHbonds"": 2.0, ""hbonds_int"": 4.0, ""nres_int"": 48.0, ""packstat"": 0.5617493987083435, ""sc_value"": 0.7235273122787476}}"
ova_body_c4_16_ms25_r01	AF3	166	7166	0	0	A-B,A-C,A-D,B-C,B-D,C-D	6	3	1	"{""A-B"": 26, ""A-C"": 68, ""A-D"": 39, ""B-C"": 36, ""B-D"": 66, ""C-D"": 27}"	A-D,B-C	A-B,A-C,B-D,C-D	0.2200196717541763	0.6029471755027771	0.0	-2.989881753921509	3.5517860222348654	0.6029471755027771	0.0	-2.244471788406372	13.82196417585463	"{""A-B"": {""dG_dSASA_ratio"": -2.244471788406372, ""dG_separated"": -20.656675338745117, ""dSASA_int"": 920.335693359375, ""delta_unsatHbonds"": 3.0, ""hbonds_int"": 4.0, ""nres_int"": 46.0, ""packstat"": 0.5866682529449463, ""sc_value"": 0.7006320953369141}, ""A-C"": {""dG_dSASA_ratio"": -2.6201584339141846, ""dG_separated"": -45.19738006591797, ""dSASA_int"": 1724.9864501953125, ""delta_unsatHbonds"": 22.0, ""hbonds_int"": 4.0, ""nres_int"": 66.0, ""packstat"": 0.6258449554443359, ""sc_value"": 0.708019495010376}, ""A-D"": {""dG_dSASA_ratio"": -2.989881753921509, ""dG_separated"": -33.83128356933594, ""dSASA_int"": 1131.52587890625, ""delta_unsatHbonds"": 4.0, ""hbonds_int"": 0.0, ""nres_int"": 48.0, ""packstat"": 0.5144957304000854, ""sc_value"": 0.6029471755027771}, ""B-C"": {""dG_dSASA_ratio"": -3.011843204498291, ""dG_separated"": -33.91919708251953, ""dSASA_int"": 1126.1939697265625, ""delta_unsatHbonds"": 4.0, ""hbonds_int"": 0.0, ""nres_int"": 48.0, ""packstat"": 0.5903012752532959, ""sc_value"": 0.6581640839576721}, ""B-D"": {""dG_dSASA_ratio"": -2.5691614151000977, ""dG_separated"": -44.61006546020508, ""dSASA_int"": 1736.3668212890625, ""delta_unsatHbonds"": 24.0, ""hbonds_int"": 2.0, ""nres_int"": 66.0, ""packstat"": 0.5891427397727966, ""sc_value"": 0.6870846748352051}, ""C-D"": {""dG_dSASA_ratio"": -2.441784381866455, ""dG_separated"": -22.605337142944336, ""dSASA_int"": 925.771240234375, ""delta_unsatHbonds"": 2.0, ""hbonds_int"": 3.0, ""nres_int"": 48.0, ""packstat"": 0.6075272560119629, ""sc_value"": 0.734345555305481}}"
ova_body_c4_16_ms25_r01	AF3	167	7167	0	0	A-B,A-C,A-D,B-C,B-D,C-D	6	3	1	"{""A-B"": 29, ""A-C"": 68, ""A-D"": 38, ""B-C"": 38, ""B-D"": 68, ""C-D"": 28}"	A-D,B-C	A-B,A-C,B-D,C-D	0.20380117412393675	0.6283783912658691	0.0	-2.975909471511841	3.559379880596535	0.6283783912658691	0.0	-2.4492909908294678	13.87402278916634	"{""A-B"": {""dG_dSASA_ratio"": -2.4492909908294678, ""dG_separated"": -24.619699478149414, ""dSASA_int"": 1005.1766357421875, ""delta_unsatHbonds"": 2.0, ""hbonds_int"": 4.0, ""nres_int"": 49.0, ""packstat"": 0.6205631494522095, ""sc_value"": 0.7361886501312256}, ""A-C"": {""dG_dSASA_ratio"": -2.6380066871643066, ""dG_separated"": -45.32438659667969, ""dSASA_int"": 1718.130126953125, ""delta_unsatHbonds"": 17.0, ""hbonds_int"": 3.0, ""nres_int"": 67.0, ""packstat"": 0.638826847076416, ""sc_value"": 0.6909453272819519}, ""A-D"": {""dG_dSASA_ratio"": -3.0320849418640137, ""dG_separated"": -34.07430648803711, ""dSASA_int"": 1123.791259765625, ""delta_unsatHbonds"": 4.0, ""hbonds_int"": 0.0, ""nres_int"": 48.0, ""packstat"": 0.4829884469509125, ""sc_value"": 0.6283783912658691}, ""B-C"": {""dG_dSASA_ratio"": -2.975909471511841, ""dG_separated"": -34.027835845947266, ""dSASA_int"": 1143.4432373046875, ""delta_unsatHbonds"": 4.0, ""hbonds_int"": 0.0, ""nres_int"": 48.0, ""packstat"": 0.6265813708305359, ""sc_value"": 0.6577920913696289}, ""B-D"": {""dG_dSASA_ratio"": -2.5767247676849365, ""dG_separated"": -44.57351303100586, ""dSASA_int"": 1729.8515625, ""delta_unsatHbonds"": 24.0, ""hbonds_int"": 2.0, ""nres_int"": 66.0, ""packstat"": 0.5228134393692017, ""sc_value"": 0.6718769073486328}, ""C-D"": {""dG_dSASA_ratio"": -2.5486526489257812, ""dG_separated"": -24.23626136779785, ""dSASA_int"": 950.944091796875, ""delta_unsatHbonds"": 2.0, ""hbonds_int"": 4.0, ""nres_int"": 48.0, ""packstat"": 0.621399998664856, ""sc_value"": 0.7323147058486938}}"
ova_body_c4_16_ms25_r01	AF3	168	7168	0	0	A-B,A-C,A-D,B-C,B-D,C-D	6	3	1	"{""A-B"": 26, ""A-C"": 68, ""A-D"": 34, ""B-C"": 38, ""B-D"": 63, ""C-D"": 26}"	A-D,B-C	A-B,A-C,B-D,C-D	0.23733953867146418	0.4805402159690857	0.0	-2.332094430923462	7.701140432689861	0.4805402159690857	0.0	-2.332094430923462	15.784103515813719	"{""A-B"": {""dG_dSASA_ratio"": -2.6529245376586914, ""dG_separated"": -25.820554733276367, ""dSASA_int"": 973.2864379882812, ""delta_unsatHbonds"": 4.0, ""hbonds_int"": 4.0, ""nres_int"": 48.0, ""packstat"": 0.6144548654556274, ""sc_value"": 0.7314521074295044}, ""A-C"": {""dG_dSASA_ratio"": -2.42026686668396, ""dG_separated"": -41.844932556152344, ""dSASA_int"": 1728.938720703125, ""delta_unsatHbonds"": 19.0, ""hbonds_int"": 4.0, ""nres_int"": 65.0, ""packstat"": 0.5711427330970764, ""sc_value"": 0.6894721984863281}, ""A-D"": {""dG_dSASA_ratio"": -2.332094430923462, ""dG_separated"": -27.254209518432617, ""dSASA_int"": 1168.6580810546875, ""delta_unsatHbonds"": 9.0, ""hbonds_int"": 0.0, ""nres_int"": 48.0, ""packstat"": 0.4777209162712097, ""sc_value"": 0.4805402159690857}, ""B-C"": {""dG_dSASA_ratio"": -2.908114194869995, ""dG_separated"": -33.376365661621094, ""dSASA_int"": 1147.6978759765625, ""delta_unsatHbonds"": 6.0, ""hbonds_int"": 0.0, ""nres_int"": 48.0, ""packstat"": 0.5905225276947021, ""sc_value"": 0.6241409778594971}, ""B-D"": {""dG_dSASA_ratio"": -2.635646343231201, ""dG_separated"": -45.08488845825195, ""dSASA_int"": 1710.581787109375, ""delta_unsatHbonds"": 27.0, ""hbonds_int"": 2.0, ""nres_int"": 67.0, ""packstat"": 0.6639499664306641, ""sc_value"": 0.6485624313354492}, ""C-D"": {""dG_dSASA_ratio"": -2.3519086837768555, ""dG_separated"": -21.452043533325195, ""dSASA_int"": 912.1121215820312, ""delta_unsatHbonds"": 3.0, ""hbonds_int"": 5.0, ""nres_int"": 46.0, ""packstat"": 0.537222146987915, ""sc_value"": 0.7252304553985596}}"
ova_body_c4_16_ms25_r01	AF3	169	7169	0	0	A-B,A-C,A-D,B-C,B-D,C-D	6	3	1	"{""A-B"": 27, ""A-C"": 69, ""A-D"": 36, ""B-C"": 39, ""B-D"": 61, ""C-D"": 27}"	A-D,B-C	A-B,A-C,B-D,C-D	0.2292644068765078	0.5936586856842041	0.0	-2.867788314819336	5.317541113251985	0.5936586856842041	0.0	-2.5825676918029785	14.891442202953511	"{""A-B"": {""dG_dSASA_ratio"": -2.664698839187622, ""dG_separated"": -25.80681800842285, ""dSASA_int"": 968.4703369140625, ""delta_unsatHbonds"": 3.0, ""hbonds_int"": 4.0, ""nres_int"": 48.0, ""packstat"": 0.6449442505836487, ""sc_value"": 0.7264365553855896}, ""A-C"": {""dG_dSASA_ratio"": -2.6294727325439453, ""dG_separated"": -45.52955627441406, ""dSASA_int"": 1731.509033203125, ""delta_unsatHbonds"": 21.0, ""hbonds_int"": 3.0, ""nres_int"": 69.0, ""packstat"": 0.6046046614646912, ""sc_value"": 0.6893788576126099}, ""A-D"": {""dG_dSASA_ratio"": -2.867788314819336, ""dG_separated"": -32.358436584472656, ""dSASA_int"": 1128.341064453125, ""delta_unsatHbonds"": 6.0, ""hbonds_int"": 0.0, ""nres_int"": 48.0, ""packstat"": 0.5144743919372559, ""sc_value"": 0.5936586856842041}, ""B-C"": {""dG_dSASA_ratio"": -3.221313714981079, ""dG_separated"": -36.8253059387207, ""dSASA_int"": 1143.1767578125, ""delta_unsatHbonds"": 6.0, ""hbonds_int"": 1.0, ""nres_int"": 49.0, ""packstat"": 0.5874640941619873, ""sc_value"": 0.6928005814552307}, ""B-D"": {""dG_dSASA_ratio"": -2.5825676918029785, ""dG_separated"": -45.09083938598633, ""dSASA_int"": 1745.96923828125, ""delta_unsatHbonds"": 26.0, ""hbonds_int"": 3.0, ""nres_int"": 69.0, ""packstat"": 0.6135018467903137, ""sc_value"": 0.6602032780647278}, ""C-D"": {""dG_dSASA_ratio"": -2.6500463485717773, ""dG_separated"": -24.65324592590332, ""dSASA_int"": 930.2948608398438, ""delta_unsatHbonds"": 2.0, ""hbonds_int"": 4.0, ""nres_int"": 48.0, ""packstat"": 0.622859001159668, ""sc_value"": 0.7385845184326172}}"
ova_body_c4_16_ms25_r01	AF3	170	7170	0	0	A-B,A-C,A-D,B-C,B-D,C-D	6	3	1	"{""A-B"": 24, ""A-C"": 67, ""A-D"": 38, ""B-C"": 39, ""B-D"": 66, ""C-D"": 27}"	A-D,B-C	A-B,A-C,B-D,C-D	0.2209990043160714	0.6250947713851929	0.0	-3.0091450214385986	3.6326532603196044	0.6250947713851929	0.0	-2.2722623348236084	12.95691859077406	"{""A-B"": {""dG_dSASA_ratio"": -2.2722623348236084, ""dG_separated"": -20.648218154907227, ""dSASA_int"": 908.70751953125, ""delta_unsatHbonds"": 1.0, ""hbonds_int"": 5.0, ""nres_int"": 47.0, ""packstat"": 0.6146446466445923, ""sc_value"": 0.7009378671646118}, ""A-C"": {""dG_dSASA_ratio"": -2.6339802742004395, ""dG_separated"": -45.29753875732422, ""dSASA_int"": 1719.7371826171875, ""delta_unsatHbonds"": 17.0, ""hbonds_int"": 6.0, ""nres_int"": 66.0, ""packstat"": 0.5682819485664368, ""sc_value"": 0.7101777791976929}, ""A-D"": {""dG_dSASA_ratio"": -3.0905113220214844, ""dG_separated"": -34.03034591674805, ""dSASA_int"": 1101.12353515625, ""delta_unsatHbonds"": 4.0, ""hbonds_int"": 0.0, ""nres_int"": 48.0, ""packstat"": 0.5610012412071228, ""sc_value"": 0.6250947713851929}, ""B-C"": {""dG_dSASA_ratio"": -3.0091450214385986, ""dG_separated"": -33.963260650634766, ""dSASA_int"": 1128.6680908203125, ""delta_unsatHbonds"": 4.0, ""hbonds_int"": 0.0, ""nres_int"": 48.0, ""packstat"": 0.5844264626502991, ""sc_value"": 0.6455161571502686}, ""B-D"": {""dG_dSASA_ratio"": -2.5061843395233154, ""dG_separated"": -42.55337142944336, ""dSASA_int"": 1697.9345703125, ""delta_unsatHbonds"": 22.0, ""hbonds_int"": 2.0, ""nres_int"": 66.0, ""packstat"": 0.5888013243675232, ""sc_value"": 0.6433252096176147}, ""C-D"": {""dG_dSASA_ratio"": -2.6588478088378906, ""dG_separated"": -24.973285675048828, ""dSASA_int"": 939.2520751953125, ""delta_unsatHbonds"": 2.0, ""hbonds_int"": 4.0, ""nres_int"": 48.0, ""packstat"": 0.5311636328697205, ""sc_value"": 0.7312702536582947}}"
ova_body_c4_16_ms25_r01	AF3	171	7171	0	0	A-B,A-C,A-D,B-C,B-D,C-D	6	3	1	"{""A-B"": 28, ""A-C"": 68, ""A-D"": 39, ""B-C"": 39, ""B-D"": 63, ""C-D"": 28}"	A-D,B-C	A-B,A-C,B-D,C-D	0.2216896356844298	0.6503577828407288	0.0	-3.017094850540161	3.5338676697697293	0.6503577828407288	0.0	-2.1212756633758545	12.948501284834697	"{""A-B"": {""dG_dSASA_ratio"": -2.1212756633758545, ""dG_separated"": -20.962278366088867, ""dSASA_int"": 988.192138671875, ""delta_unsatHbonds"": 2.0, ""hbonds_int"": 4.0, ""nres_int"": 48.0, ""packstat"": 0.5766942501068115, ""sc_value"": 0.748944878578186}, ""A-C"": {""dG_dSASA_ratio"": -2.6749470233917236, ""dG_separated"": -45.91501235961914, ""dSASA_int"": 1716.483154296875, ""delta_unsatHbonds"": 18.0, ""hbonds_int"": 4.0, ""nres_int"": 68.0, ""packstat"": 0.5832787156105042, ""sc_value"": 0.7128987312316895}, ""A-D"": {""dG_dSASA_ratio"": -3.243621349334717, ""dG_separated"": -36.71468734741211, ""dSASA_int"": 1131.904296875, ""delta_unsatHbonds"": 4.0, ""hbonds_int"": 1.0, ""nres_int"": 49.0, ""packstat"": 0.5457741618156433, ""sc_value"": 0.6891565322875977}, ""B-C"": {""dG_dSASA_ratio"": -3.017094850540161, ""dG_separated"": -34.15177917480469, ""dSASA_int"": 1131.942626953125, ""delta_unsatHbonds"": 4.0, ""hbonds_int"": 0.0, ""nres_int"": 48.0, ""packstat"": 0.5644136071205139, ""sc_value"": 0.6503577828407288}, ""B-D"": {""dG_dSASA_ratio"": -2.5886363983154297, ""dG_separated"": -43.9819221496582, ""dSASA_int"": 1699.038330078125, ""delta_unsatHbonds"": 22.0, ""hbonds_int"": 2.0, ""nres_int"": 67.0, ""packstat"": 0.5379080772399902, ""sc_value"": 0.6573793888092041}, ""C-D"": {""dG_dSASA_ratio"": -2.1696975231170654, ""dG_separated"": -20.739364624023438, ""dSASA_int"": 955.8643188476562, ""delta_unsatHbonds"": 2.0, ""hbonds_int"": 4.0, ""nres_int"": 48.0, ""packstat"": 0.6468968391418457, ""sc_value"": 0.739019513130188}}"
ova_body_c4_16_ms25_r01	AF3	172	7172	0	0	A-B,A-C,A-D,B-C,B-D,C-D	6	3	1	"{""A-B"": 28, ""A-C"": 62, ""A-D"": 37, ""B-C"": 40, ""B-D"": 69, ""C-D"": 26}"	A-D,B-C	A-B,A-C,B-D,C-D	0.23074661948165084	0.5682334303855896	0.0	-2.512014865875244	4.405483924017018	0.5682334303855896	0.0	-2.163792133331299	14.565260403102116	"{""A-B"": {""dG_dSASA_ratio"": -2.559359073638916, ""dG_separated"": -25.213436126708984, ""dSASA_int"": 985.1465454101562, ""delta_unsatHbonds"": 3.0, ""hbonds_int"": 4.0, ""nres_int"": 48.0, ""packstat"": 0.5789396166801453, ""sc_value"": 0.7358756065368652}, ""A-C"": {""dG_dSASA_ratio"": -2.7683260440826416, ""dG_separated"": -46.768985748291016, ""dSASA_int"": 1689.4320068359375, ""delta_unsatHbonds"": 21.0, ""hbonds_int"": 4.0, ""nres_int"": 66.0, ""packstat"": 0.5954654812812805, ""sc_value"": 0.715514063835144}, ""A-D"": {""dG_dSASA_ratio"": -2.512014865875244, ""dG_separated"": -29.49482536315918, ""dSASA_int"": 1174.150146484375, ""delta_unsatHbonds"": 5.0, ""hbonds_int"": 0.0, ""nres_int"": 48.0, ""packstat"": 0.5535708069801331, ""sc_value"": 0.5682334303855896}, ""B-C"": {""dG_dSASA_ratio"": -3.217764377593994, ""dG_separated"": -36.519989013671875, ""dSASA_int"": 1134.9490966796875, ""delta_unsatHbonds"": 5.0, ""hbonds_int"": 1.0, ""nres_int"": 49.0, ""packstat"": 0.5315700769424438, ""sc_value"": 0.7082422971725464}, ""B-D"": {""dG_dSASA_ratio"": -2.622394323348999, ""dG_separated"": -45.01111602783203, ""dSASA_int"": 1716.412841796875, ""delta_unsatHbonds"": 25.0, ""hbonds_int"": 3.0, ""nres_int"": 67.0, ""packstat"": 0.5718348026275635, ""sc_value"": 0.6937143802642822}, ""C-D"": {""dG_dSASA_ratio"": -2.163792133331299, ""dG_separated"": -20.16889762878418, ""dSASA_int"": 932.1088256835938, ""delta_unsatHbonds"": 3.0, ""hbonds_int"": 5.0, ""nres_int"": 46.0, ""packstat"": 0.5655343532562256, ""sc_value"": 0.7298257350921631}}"
ova_body_c4_16_ms25_r01	AF3	173	7173	0	0	A-B,A-C,A-D,B-C,B-D,C-D	6	3	1	"{""A-B"": 28, ""A-C"": 67, ""A-D"": 37, ""B-C"": 35, ""B-D"": 67, ""C-D"": 27}"	A-D,B-C	A-B,A-C,B-D,C-D	0.22155605300339679	0.5430117845535278	0.0	-2.2032008171081543	9.563766705309328	0.5430117845535278	0.0	-2.2032008171081543	13.549827380221679	"{""A-B"": {""dG_dSASA_ratio"": -2.4762654304504395, ""dG_separated"": -24.78445816040039, ""dSASA_int"": 1000.8804321289062, ""delta_unsatHbonds"": 2.0, ""hbonds_int"": 4.0, ""nres_int"": 50.0, ""packstat"": 0.6485884785652161, ""sc_value"": 0.7246208190917969}, ""A-C"": {""dG_dSASA_ratio"": -2.6581733226776123, ""dG_separated"": -46.240196228027344, ""dSASA_int"": 1739.5477294921875, ""delta_unsatHbonds"": 16.0, ""hbonds_int"": 5.0, ""nres_int"": 66.0, ""packstat"": 0.6331364512443542, ""sc_value"": 0.7107053995132446}, ""A-D"": {""dG_dSASA_ratio"": -2.604306221008301, ""dG_separated"": -29.9962100982666, ""dSASA_int"": 1151.792724609375, ""delta_unsatHbonds"": 5.0, ""hbonds_int"": 0.0, ""nres_int"": 48.0, ""packstat"": 0.568065345287323, ""sc_value"": 0.6233514547348022}, ""B-C"": {""dG_dSASA_ratio"": -2.2032008171081543, ""dG_separated"": -25.34065055847168, ""dSASA_int"": 1150.1744384765625, ""delta_unsatHbonds"": 11.0, ""hbonds_int"": 0.0, ""nres_int"": 48.0, ""packstat"": 0.5312086343765259, ""sc_value"": 0.5430117845535278}, ""B-D"": {""dG_dSASA_ratio"": -2.6375844478607178, ""dG_separated"": -44.7713737487793, ""dSASA_int"": 1697.4385986328125, ""delta_unsatHbonds"": 23.0, ""hbonds_int"": 2.0, ""nres_int"": 68.0, ""packstat"": 0.5589247941970825, ""sc_value"": 0.6627793312072754}, ""C-D"": {""dG_dSASA_ratio"": -2.5640640258789062, ""dG_separated"": -24.23765754699707, ""dSASA_int"": 945.2828979492188, ""delta_unsatHbonds"": 2.0, ""hbonds_int"": 4.0, ""nres_int"": 48.0, ""packstat"": 0.658890962600708, ""sc_value"": 0.7204819917678833}}"
ova_body_c4_16_ms25_r01	AF3	174	7174	0	0	A-B,A-C,A-D,B-C,B-D,C-D	6	3	1	"{""A-B"": 28, ""A-C"": 67, ""A-D"": 39, ""B-C"": 38, ""B-D"": 67, ""C-D"": 27}"	A-D,B-C	A-B,A-C,B-D,C-D	0.21379965644833573	0.6257264614105225	0.0	-2.9566617012023926	3.6138389031610725	0.6257264614105225	0.0	-2.460139036178589	15.872196896072145	"{""A-B"": {""dG_dSASA_ratio"": -2.460139036178589, ""dG_separated"": -24.754491806030273, ""dSASA_int"": 1006.2232055664062, ""delta_unsatHbonds"": 2.0, ""hbonds_int"": 4.0, ""nres_int"": 48.0, ""packstat"": 0.5673651099205017, ""sc_value"": 0.7432679533958435}, ""A-C"": {""dG_dSASA_ratio"": -2.602858543395996, ""dG_separated"": -44.94575119018555, ""dSASA_int"": 1726.7841796875, ""delta_unsatHbonds"": 19.0, ""hbonds_int"": 5.0, ""nres_int"": 67.0, ""packstat"": 0.6290111541748047, ""sc_value"": 0.7266659736633301}, ""A-D"": {""dG_dSASA_ratio"": -3.0745272636413574, ""dG_separated"": -34.03059768676758, ""dSASA_int"": 1106.856201171875, ""delta_unsatHbonds"": 4.0, ""hbonds_int"": 0.0, ""nres_int"": 48.0, ""packstat"": 0.5921963453292847, ""sc_value"": 0.6257264614105225}, ""B-C"": {""dG_dSASA_ratio"": -2.9566617012023926, ""dG_separated"": -33.599021911621094, ""dSASA_int"": 1136.3836669921875, ""delta_unsatHbonds"": 4.0, ""hbonds_int"": 0.0, ""nres_int"": 48.0, ""packstat"": 0.5625277757644653, ""sc_value"": 0.6471526622772217}, ""B-D"": {""dG_dSASA_ratio"": -2.493778705596924, ""dG_separated"": -42.421363830566406, ""dSASA_int"": 1701.0877685546875, ""delta_unsatHbonds"": 27.0, ""hbonds_int"": 2.0, ""nres_int"": 71.0, ""packstat"": 0.6188228726387024, ""sc_value"": 0.6557799577713013}, ""C-D"": {""dG_dSASA_ratio"": -2.5519661903381348, ""dG_separated"": -23.742597579956055, ""dSASA_int"": 930.3649291992188, ""delta_unsatHbonds"": 2.0, ""hbonds_int"": 4.0, ""nres_int"": 46.0, ""packstat"": 0.5924405455589294, ""sc_value"": 0.7293006181716919}}"
ova_body_c4_16_ms25_r01	AF3	175	7175	0	0	A-B,A-C,A-D,B-C,B-D,C-D	6	3	1	"{""A-B"": 27, ""A-C"": 69, ""A-D"": 34, ""B-C"": 38, ""B-D"": 67, ""C-D"": 27}"	A-D,B-C	A-B,A-C,B-D,C-D	0.20757673911714383	0.496584951877594	0.0	-2.5219027996063232	5.4672239634192525	0.496584951877594	0.0	-2.1780731678009033	12.834596895637572	"{""A-B"": {""dG_dSASA_ratio"": -2.611093759536743, ""dG_separated"": -25.473690032958984, ""dSASA_int"": 975.5946044921875, ""delta_unsatHbonds"": 4.0, ""hbonds_int"": 4.0, ""nres_int"": 50.0, ""packstat"": 0.6082406044006348, ""sc_value"": 0.7251110076904297}, ""A-C"": {""dG_dSASA_ratio"": -2.6835579872131348, ""dG_separated"": -45.96279525756836, ""dSASA_int"": 1712.755859375, ""delta_unsatHbonds"": 18.0, ""hbonds_int"": 4.0, ""nres_int"": 67.0, ""packstat"": 0.6643783450126648, ""sc_value"": 0.7117516398429871}, ""A-D"": {""dG_dSASA_ratio"": -2.5219027996063232, ""dG_separated"": -27.676597595214844, ""dSASA_int"": 1097.4490966796875, ""delta_unsatHbonds"": 6.0, ""hbonds_int"": 0.0, ""nres_int"": 48.0, ""packstat"": 0.511094868183136, ""sc_value"": 0.496584951877594}, ""B-C"": {""dG_dSASA_ratio"": -3.035212516784668, ""dG_separated"": -34.168800354003906, ""dSASA_int"": 1125.74658203125, ""delta_unsatHbonds"": 4.0, ""hbonds_int"": 0.0, ""nres_int"": 48.0, ""packstat"": 0.5421668291091919, ""sc_value"": 0.6659951210021973}, ""B-D"": {""dG_dSASA_ratio"": -2.6026549339294434, ""dG_separated"": -44.612552642822266, ""dSASA_int"": 1714.116943359375, ""delta_unsatHbonds"": 22.0, ""hbonds_int"": 3.0, ""nres_int"": 66.0, ""packstat"": 0.6146084666252136, ""sc_value"": 0.6701656579971313}, ""C-D"": {""dG_dSASA_ratio"": -2.1780731678009033, ""dG_separated"": -20.603689193725586, ""dSASA_int"": 945.95947265625, ""delta_unsatHbonds"": 2.0, ""hbonds_int"": 4.0, ""nres_int"": 48.0, ""packstat"": 0.5897709131240845, ""sc_value"": 0.7381759881973267}}"
ova_body_c4_16_ms25_r01	AF3	176	7176	0	0	A-B,A-C,A-D,B-C,B-D,C-D	6	3	1	"{""A-B"": 28, ""A-C"": 67, ""A-D"": 38, ""B-C"": 35, ""B-D"": 65, ""C-D"": 27}"	A-D,B-C	A-B,A-C,B-D,C-D	0.22524434037746038	0.5798418521881104	0.0	-2.8358702659606934	4.41700447512863	0.5798418521881104	0.0	-2.1597609519958496	13.999403447458482	"{""A-B"": {""dG_dSASA_ratio"": -2.1597609519958496, ""dG_separated"": -21.523147583007812, ""dSASA_int"": 996.5523071289062, ""delta_unsatHbonds"": 3.0, ""hbonds_int"": 4.0, ""nres_int"": 48.0, ""packstat"": 0.5278435945510864, ""sc_value"": 0.7389644384384155}, ""A-C"": {""dG_dSASA_ratio"": -2.5977728366851807, ""dG_separated"": -45.82659912109375, ""dSASA_int"": 1764.072509765625, ""delta_unsatHbonds"": 22.0, ""hbonds_int"": 5.0, ""nres_int"": 64.0, ""packstat"": 0.6756145358085632, ""sc_value"": 0.7020847201347351}, ""A-D"": {""dG_dSASA_ratio"": -2.8358702659606934, ""dG_separated"": -32.126644134521484, ""dSASA_int"": 1132.8671875, ""delta_unsatHbonds"": 5.0, ""hbonds_int"": 0.0, ""nres_int"": 49.0, ""packstat"": 0.5616779327392578, ""sc_value"": 0.5798418521881104}, ""B-C"": {""dG_dSASA_ratio"": -3.0115416049957275, ""dG_separated"": -34.09031677246094, ""dSASA_int"": 1131.9888916015625, ""delta_unsatHbonds"": 5.0, ""hbonds_int"": 0.0, ""nres_int"": 48.0, ""packstat"": 0.603510856628418, ""sc_value"": 0.663621187210083}, ""B-D"": {""dG_dSASA_ratio"": -2.6150014400482178, ""dG_separated"": -44.83050537109375, ""dSASA_int"": 1714.3587646484375, ""delta_unsatHbonds"": 24.0, ""hbonds_int"": 2.0, ""nres_int"": 65.0, ""packstat"": 0.5946146249771118, ""sc_value"": 0.6758651733398438}, ""C-D"": {""dG_dSASA_ratio"": -2.5531563758850098, ""dG_separated"": -24.08889389038086, ""dSASA_int"": 943.49462890625, ""delta_unsatHbonds"": 2.0, ""hbonds_int"": 4.0, ""nres_int"": 48.0, ""packstat"": 0.4975048005580902, ""sc_value"": 0.7308148741722107}}"
ova_body_c4_16_ms25_r01	AF3	177	7177	0	0	A-B,A-C,A-D,B-C,B-D,C-D	6	3	1	"{""A-B"": 28, ""A-C"": 64, ""A-D"": 38, ""B-C"": 35, ""B-D"": 67, ""C-D"": 27}"	A-D,B-C	A-B,A-C,B-D,C-D	0.21592070355121284	0.6370323896408081	0.0	-3.0146358013153076	4.51257969726936	0.6370323896408081	0.0	-2.507868528366089	14.615432155064026	"{""A-B"": {""dG_dSASA_ratio"": -2.507868528366089, ""dG_separated"": -24.97218132019043, ""dSASA_int"": 995.7532348632812, ""delta_unsatHbonds"": 3.0, ""hbonds_int"": 4.0, ""nres_int"": 49.0, ""packstat"": 0.5983093976974487, ""sc_value"": 0.7349655032157898}, ""A-C"": {""dG_dSASA_ratio"": -2.568800449371338, ""dG_separated"": -45.27686309814453, ""dSASA_int"": 1762.5684814453125, ""delta_unsatHbonds"": 21.0, ""hbonds_int"": 4.0, ""nres_int"": 65.0, ""packstat"": 0.6539156436920166, ""sc_value"": 0.6865197420120239}, ""A-D"": {""dG_dSASA_ratio"": -3.0486676692962646, ""dG_separated"": -33.7796516418457, ""dSASA_int"": 1108.013671875, ""delta_unsatHbonds"": 5.0, ""hbonds_int"": 0.0, ""nres_int"": 48.0, ""packstat"": 0.518942654132843, ""sc_value"": 0.6370323896408081}, ""B-C"": {""dG_dSASA_ratio"": -3.0146358013153076, ""dG_separated"": -33.882293701171875, ""dSASA_int"": 1123.9266357421875, ""delta_unsatHbonds"": 5.0, ""hbonds_int"": 0.0, ""nres_int"": 48.0, ""packstat"": 0.5221042633056641, ""sc_value"": 0.663823664188385}, ""B-D"": {""dG_dSASA_ratio"": -2.6272337436676025, ""dG_separated"": -44.93938064575195, ""dSASA_int"": 1710.520751953125, ""delta_unsatHbonds"": 25.0, ""hbonds_int"": 2.0, ""nres_int"": 66.0, ""packstat"": 0.5477890968322754, ""sc_value"": 0.6639273762702942}, ""C-D"": {""dG_dSASA_ratio"": -2.523624897003174, ""dG_separated"": -24.24603271484375, ""dSASA_int"": 960.7620849609375, ""delta_unsatHbonds"": 2.0, ""hbonds_int"": 4.0, ""nres_int"": 48.0, ""packstat"": 0.5442596673965454, ""sc_value"": 0.7277837991714478}}"
ova_body_c4_16_ms25_r01	AF3	178	7178	0	0	A-B,A-C,A-D,B-C,B-D,C-D	6	3	1	"{""A-B"": 26, ""A-C"": 67, ""A-D"": 38, ""B-C"": 38, ""B-D"": 65, ""C-D"": 27}"	A-D,B-C	A-B,A-C,B-D,C-D	0.22188715292033778	0.5786665081977844	0.0	-2.7728917598724365	5.276835805186075	0.5786665081977844	0.0	-2.4956583976745605	15.695236073213495	"{""A-B"": {""dG_dSASA_ratio"": -2.6007070541381836, ""dG_separated"": -25.611055374145508, ""dSASA_int"": 984.7727661132812, ""delta_unsatHbonds"": 4.0, ""hbonds_int"": 4.0, ""nres_int"": 47.0, ""packstat"": 0.6264634132385254, ""sc_value"": 0.7295371294021606}, ""A-C"": {""dG_dSASA_ratio"": -2.595890522003174, ""dG_separated"": -45.529747009277344, ""dSASA_int"": 1753.916259765625, ""delta_unsatHbonds"": 14.0, ""hbonds_int"": 6.0, ""nres_int"": 66.0, ""packstat"": 0.5722376704216003, ""sc_value"": 0.715774416923523}, ""A-D"": {""dG_dSASA_ratio"": -2.7728917598724365, ""dG_separated"": -31.52902603149414, ""dSASA_int"": 1137.0450439453125, ""delta_unsatHbonds"": 6.0, ""hbonds_int"": 0.0, ""nres_int"": 48.0, ""packstat"": 0.5419020056724548, ""sc_value"": 0.5786665081977844}, ""B-C"": {""dG_dSASA_ratio"": -3.0972001552581787, ""dG_separated"": -34.98351287841797, ""dSASA_int"": 1129.5205078125, ""delta_unsatHbonds"": 5.0, ""hbonds_int"": 0.0, ""nres_int"": 48.0, ""packstat"": 0.6492330431938171, ""sc_value"": 0.6468698978424072}, ""B-D"": {""dG_dSASA_ratio"": -2.4956583976745605, ""dG_separated"": -42.93199157714844, ""dSASA_int"": 1720.2672119140625, ""delta_unsatHbonds"": 27.0, ""hbonds_int"": 2.0, ""nres_int"": 67.0, ""packstat"": 0.5138441324234009, ""sc_value"": 0.6387730836868286}, ""C-D"": {""dG_dSASA_ratio"": -2.617605447769165, ""dG_separated"": -24.881860733032227, ""dSASA_int"": 950.55810546875, ""delta_unsatHbonds"": 4.0, ""hbonds_int"": 4.0, ""nres_int"": 48.0, ""packstat"": 0.6185258626937866, ""sc_value"": 0.7373174428939819}}"
ova_body_c4_16_ms25_r01	AF3	179	7179	0	0	A-B,A-C,A-D,B-C,B-D,C-D	6	3	1	"{""A-B"": 29, ""A-C"": 68, ""A-D"": 39, ""B-C"": 38, ""B-D"": 68, ""C-D"": 28}"	A-D,B-C	A-B,A-C,B-D,C-D	0.22516217146522324	0.6276857256889343	0.0	-2.9080848693847656	4.498915196876417	0.6276857256889343	0.0	-2.3534421920776367	12.004002450593878	"{""A-B"": {""dG_dSASA_ratio"": -2.7581863403320312, ""dG_separated"": -27.826309204101562, ""dSASA_int"": 1008.862548828125, ""delta_unsatHbonds"": 2.0, ""hbonds_int"": 4.0, ""nres_int"": 49.0, ""packstat"": 0.6267902851104736, ""sc_value"": 0.733296275138855}, ""A-C"": {""dG_dSASA_ratio"": -2.556912422180176, ""dG_separated"": -44.731048583984375, ""dSASA_int"": 1749.41650390625, ""delta_unsatHbonds"": 21.0, ""hbonds_int"": 5.0, ""nres_int"": 68.0, ""packstat"": 0.5340443253517151, ""sc_value"": 0.7203862071037292}, ""A-D"": {""dG_dSASA_ratio"": -3.0585081577301025, ""dG_separated"": -33.99161911010742, ""dSASA_int"": 1111.3790283203125, ""delta_unsatHbonds"": 5.0, ""hbonds_int"": 0.0, ""nres_int"": 48.0, ""packstat"": 0.5692533254623413, ""sc_value"": 0.6290045976638794}, ""B-C"": {""dG_dSASA_ratio"": -2.9080848693847656, ""dG_separated"": -33.675594329833984, ""dSASA_int"": 1157.9990234375, ""delta_unsatHbonds"": 4.0, ""hbonds_int"": 0.0, ""nres_int"": 48.0, ""packstat"": 0.4424031376838684, ""sc_value"": 0.6276857256889343}, ""B-D"": {""dG_dSASA_ratio"": -2.3534421920776367, ""dG_separated"": -40.94047927856445, ""dSASA_int"": 1739.5999755859375, ""delta_unsatHbonds"": 18.0, ""hbonds_int"": 3.0, ""nres_int"": 67.0, ""packstat"": 0.6056635975837708, ""sc_value"": 0.6282855272293091}, ""C-D"": {""dG_dSASA_ratio"": -2.6169867515563965, ""dG_separated"": -25.020816802978516, ""dSASA_int"": 956.0925903320312, ""delta_unsatHbonds"": 2.0, ""hbonds_int"": 4.0, ""nres_int"": 48.0, ""packstat"": 0.5754331946372986, ""sc_value"": 0.7312474250793457}}"
ova_body_c4_16_ms25_r01	AF3	180	7180	0	0	A-B,A-C,A-D,B-C,B-D,C-D	6	3	1	"{""A-B"": 28, ""A-C"": 64, ""A-D"": 38, ""B-C"": 40, ""B-D"": 65, ""C-D"": 25}"	A-D,B-C	A-B,A-C,B-D,C-D	0.23084463995876964	0.673210859298706	1.0	-3.070580005645752	4.422157557284808	0.673210859298706	1.0	-2.2890005111694336	13.509628090871638	"{""A-B"": {""dG_dSASA_ratio"": -2.464630603790283, ""dG_separated"": -24.226051330566406, ""dSASA_int"": 982.9486083984375, ""delta_unsatHbonds"": 2.0, ""hbonds_int"": 4.0, ""nres_int"": 49.0, ""packstat"": 0.6388040781021118, ""sc_value"": 0.7361792325973511}, ""A-C"": {""dG_dSASA_ratio"": -2.773017168045044, ""dG_separated"": -47.652069091796875, ""dSASA_int"": 1718.4195556640625, ""delta_unsatHbonds"": 20.0, ""hbonds_int"": 4.0, ""nres_int"": 67.0, ""packstat"": 0.6464858055114746, ""sc_value"": 0.7212603092193604}, ""A-D"": {""dG_dSASA_ratio"": -3.070580005645752, ""dG_separated"": -36.00357437133789, ""dSASA_int"": 1172.5333251953125, ""delta_unsatHbonds"": 5.0, ""hbonds_int"": 1.0, ""nres_int"": 49.0, ""packstat"": 0.5520315766334534, ""sc_value"": 0.673210859298706}, ""B-C"": {""dG_dSASA_ratio"": -3.2563438415527344, ""dG_separated"": -36.81849670410156, ""dSASA_int"": 1130.6697998046875, ""delta_unsatHbonds"": 5.0, ""hbonds_int"": 1.0, ""nres_int"": 49.0, ""packstat"": 0.5476871132850647, ""sc_value"": 0.6969380974769592}, ""B-D"": {""dG_dSASA_ratio"": -2.6778247356414795, ""dG_separated"": -45.58968734741211, ""dSASA_int"": 1702.489501953125, ""delta_unsatHbonds"": 23.0, ""hbonds_int"": 3.0, ""nres_int"": 67.0, ""packstat"": 0.592867374420166, ""sc_value"": 0.6952801942825317}, ""C-D"": {""dG_dSASA_ratio"": -2.2890005111694336, ""dG_separated"": -20.423080444335938, ""dSASA_int"": 892.2269287109375, ""delta_unsatHbonds"": 3.0, ""hbonds_int"": 4.0, ""nres_int"": 46.0, ""packstat"": 0.6407270431518555, ""sc_value"": 0.7140466570854187}}"
ova_body_c4_16_ms25_r01	AF3	181	7181	0	0	A-B,A-C,A-D,B-C,B-D,C-D	6	3	1	"{""A-B"": 29, ""A-C"": 65, ""A-D"": 39, ""B-C"": 41, ""B-D"": 68, ""C-D"": 28}"	A-D,B-C	A-B,A-C,B-D,C-D	0.22822957958666684	0.6224136352539062	0.0	-3.0088608264923096	4.4357284498157865	0.6224136352539062	0.0	-2.4432435035705566	13.865053665658893	"{""A-B"": {""dG_dSASA_ratio"": -2.4432435035705566, ""dG_separated"": -24.388858795166016, ""dSASA_int"": 998.2164916992188, ""delta_unsatHbonds"": 2.0, ""hbonds_int"": 4.0, ""nres_int"": 48.0, ""packstat"": 0.5876155495643616, ""sc_value"": 0.7359350919723511}, ""A-C"": {""dG_dSASA_ratio"": -2.7755701541900635, ""dG_separated"": -46.68323516845703, ""dSASA_int"": 1681.93310546875, ""delta_unsatHbonds"": 21.0, ""hbonds_int"": 4.0, ""nres_int"": 64.0, ""packstat"": 0.5998459458351135, ""sc_value"": 0.7204248905181885}, ""A-D"": {""dG_dSASA_ratio"": -3.0088608264923096, ""dG_separated"": -33.738704681396484, ""dSASA_int"": 1121.3115234375, ""delta_unsatHbonds"": 4.0, ""hbonds_int"": 0.0, ""nres_int"": 48.0, ""packstat"": 0.5356002449989319, ""sc_value"": 0.6224136352539062}, ""B-C"": {""dG_dSASA_ratio"": -3.246774196624756, ""dG_separated"": -36.597984313964844, ""dSASA_int"": 1127.2105712890625, ""delta_unsatHbonds"": 5.0, ""hbonds_int"": 1.0, ""nres_int"": 49.0, ""packstat"": 0.5119858384132385, ""sc_value"": 0.6928160190582275}, ""B-D"": {""dG_dSASA_ratio"": -2.508577585220337, ""dG_separated"": -43.4227409362793, ""dSASA_int"": 1730.9705810546875, ""delta_unsatHbonds"": 24.0, ""hbonds_int"": 2.0, ""nres_int"": 68.0, ""packstat"": 0.5263612270355225, ""sc_value"": 0.6485202312469482}, ""C-D"": {""dG_dSASA_ratio"": -2.7096903324127197, ""dG_separated"": -25.743196487426758, ""dSASA_int"": 950.0420532226562, ""delta_unsatHbonds"": 4.0, ""hbonds_int"": 4.0, ""nres_int"": 48.0, ""packstat"": 0.580685019493103, ""sc_value"": 0.7280049324035645}}"
ova_body_c4_16_ms25_r01	AF3	182	7182	0	0	A-B,A-C,A-D,B-C,B-D,C-D	6	3	1	"{""A-B"": 28, ""A-C"": 69, ""A-D"": 35, ""B-C"": 40, ""B-D"": 63, ""C-D"": 28}"	A-D,B-C	A-B,A-C,B-D,C-D	0.22557596083454	0.44741299748420715	0.0	-2.380962371826172	8.884448592641307	0.44741299748420715	0.0	-2.380962371826172	14.551741352460725	"{""A-B"": {""dG_dSASA_ratio"": -2.4790823459625244, ""dG_separated"": -25.174922943115234, ""dSASA_int"": 1015.4935913085938, ""delta_unsatHbonds"": 2.0, ""hbonds_int"": 4.0, ""nres_int"": 49.0, ""packstat"": 0.5624386072158813, ""sc_value"": 0.7349975109100342}, ""A-C"": {""dG_dSASA_ratio"": -2.686018228530884, ""dG_separated"": -46.14223861694336, ""dSASA_int"": 1717.86767578125, ""delta_unsatHbonds"": 23.0, ""hbonds_int"": 4.0, ""nres_int"": 68.0, ""packstat"": 0.5659717917442322, ""sc_value"": 0.6953103542327881}, ""A-D"": {""dG_dSASA_ratio"": -2.380962371826172, ""dG_separated"": -26.799213409423828, ""dSASA_int"": 1125.562255859375, ""delta_unsatHbonds"": 10.0, ""hbonds_int"": 0.0, ""nres_int"": 48.0, ""packstat"": 0.5477190017700195, ""sc_value"": 0.44741299748420715}, ""B-C"": {""dG_dSASA_ratio"": -3.21867036819458, ""dG_separated"": -36.75186538696289, ""dSASA_int"": 1141.8338623046875, ""delta_unsatHbonds"": 5.0, ""hbonds_int"": 1.0, ""nres_int"": 49.0, ""packstat"": 0.5246877670288086, ""sc_value"": 0.7049951553344727}, ""B-D"": {""dG_dSASA_ratio"": -2.665518045425415, ""dG_separated"": -45.79379653930664, ""dSASA_int"": 1718.0074462890625, ""delta_unsatHbonds"": 25.0, ""hbonds_int"": 3.0, ""nres_int"": 66.0, ""packstat"": 0.5222334861755371, ""sc_value"": 0.6827495098114014}, ""C-D"": {""dG_dSASA_ratio"": -2.5718748569488525, ""dG_separated"": -24.151968002319336, ""dSASA_int"": 939.0802612304688, ""delta_unsatHbonds"": 2.0, ""hbonds_int"": 4.0, ""nres_int"": 48.0, ""packstat"": 0.5529782772064209, ""sc_value"": 0.7252507209777832}}"
ova_body_c4_16_ms25_r01	AF3	183	7183	0	0	A-B,A-C,A-D,B-C,B-D,C-D	6	3	1	"{""A-B"": 27, ""A-C"": 68, ""A-D"": 34, ""B-C"": 41, ""B-D"": 62, ""C-D"": 27}"	A-D,B-C	A-B,A-C,B-D,C-D	0.26003993972822503	0.43405479192733765	0.0	-2.338474750518799	7.057844146095737	0.43405479192733765	0.0	-2.1110167503356934	13.308384820660374	"{""A-B"": {""dG_dSASA_ratio"": -2.6357035636901855, ""dG_separated"": -26.409656524658203, ""dSASA_int"": 1001.9964599609375, ""delta_unsatHbonds"": 6.0, ""hbonds_int"": 4.0, ""nres_int"": 49.0, ""packstat"": 0.5420514345169067, ""sc_value"": 0.7312148213386536}, ""A-C"": {""dG_dSASA_ratio"": -2.651407241821289, ""dG_separated"": -46.43403625488281, ""dSASA_int"": 1751.2977294921875, ""delta_unsatHbonds"": 19.0, ""hbonds_int"": 5.0, ""nres_int"": 65.0, ""packstat"": 0.5611839890480042, ""sc_value"": 0.7069059014320374}, ""A-D"": {""dG_dSASA_ratio"": -2.338474750518799, ""dG_separated"": -26.506393432617188, ""dSASA_int"": 1133.4906005859375, ""delta_unsatHbonds"": 8.0, ""hbonds_int"": 0.0, ""nres_int"": 48.0, ""packstat"": 0.541634202003479, ""sc_value"": 0.43405479192733765}, ""B-C"": {""dG_dSASA_ratio"": -3.2581593990325928, ""dG_separated"": -36.388633728027344, ""dSASA_int"": 1116.8463134765625, ""delta_unsatHbonds"": 7.0, ""hbonds_int"": 1.0, ""nres_int"": 49.0, ""packstat"": 0.5276041626930237, ""sc_value"": 0.6874446272850037}, ""B-D"": {""dG_dSASA_ratio"": -2.5651042461395264, ""dG_separated"": -44.330997467041016, ""dSASA_int"": 1728.2337646484375, ""delta_unsatHbonds"": 23.0, ""hbonds_int"": 3.0, ""nres_int"": 67.0, ""packstat"": 0.5828394293785095, ""sc_value"": 0.6775763034820557}, ""C-D"": {""dG_dSASA_ratio"": -2.1110167503356934, ""dG_separated"": -19.326549530029297, ""dSASA_int"": 915.509033203125, ""delta_unsatHbonds"": 4.0, ""hbonds_int"": 4.0, ""nres_int"": 47.0, ""packstat"": 0.591003954410553, ""sc_value"": 0.7164378762245178}}"
ova_body_c4_16_ms25_r01	AF3	184	7184	0	0	A-B,A-C,A-D,B-C,B-D,C-D	6	3	1	"{""A-B"": 28, ""A-C"": 64, ""A-D"": 37, ""B-C"": 38, ""B-D"": 68, ""C-D"": 27}"	A-D,B-C	A-B,A-C,B-D,C-D	0.21412530626393003	0.6368433237075806	0.0	-2.9915194511413574	6.371898930109012	0.6368433237075806	0.0	-2.5186829566955566	16.381002276583388	"{""A-B"": {""dG_dSASA_ratio"": -2.5186829566955566, ""dG_separated"": -25.144607543945312, ""dSASA_int"": 998.3236694335938, ""delta_unsatHbonds"": 3.0, ""hbonds_int"": 4.0, ""nres_int"": 48.0, ""packstat"": 0.5643850564956665, ""sc_value"": 0.7341929078102112}, ""A-C"": {""dG_dSASA_ratio"": -2.553164482116699, ""dG_separated"": -44.61660385131836, ""dSASA_int"": 1747.5020751953125, ""delta_unsatHbonds"": 20.0, ""hbonds_int"": 3.0, ""nres_int"": 65.0, ""packstat"": 0.611181378364563, ""sc_value"": 0.6649789810180664}, ""A-D"": {""dG_dSASA_ratio"": -3.0652427673339844, ""dG_separated"": -33.673946380615234, ""dSASA_int"": 1098.5736083984375, ""delta_unsatHbonds"": 7.0, ""hbonds_int"": 0.0, ""nres_int"": 48.0, ""packstat"": 0.5708276033401489, ""sc_value"": 0.6368433237075806}, ""B-C"": {""dG_dSASA_ratio"": -2.9915194511413574, ""dG_separated"": -33.74058151245117, ""dSASA_int"": 1127.8743896484375, ""delta_unsatHbonds"": 5.0, ""hbonds_int"": 0.0, ""nres_int"": 48.0, ""packstat"": 0.5491417646408081, ""sc_value"": 0.6588265895843506}, ""B-D"": {""dG_dSASA_ratio"": -2.537980794906616, ""dG_separated"": -43.38163375854492, ""dSASA_int"": 1709.297119140625, ""delta_unsatHbonds"": 28.0, ""hbonds_int"": 2.0, ""nres_int"": 71.0, ""packstat"": 0.6490824818611145, ""sc_value"": 0.66999351978302}, ""C-D"": {""dG_dSASA_ratio"": -2.531961679458618, ""dG_separated"": -24.052627563476562, ""dSASA_int"": 949.9601440429688, ""delta_unsatHbonds"": 2.0, ""hbonds_int"": 4.0, ""nres_int"": 48.0, ""packstat"": 0.582168698310852, ""sc_value"": 0.7371905446052551}}"
ova_body_c4_16_ms25_r01	AF3	185	7185	0	0	A-B,A-C,A-D,B-C,B-D,C-D	6	3	1	"{""A-B"": 28, ""A-C"": 67, ""A-D"": 37, ""B-C"": 39, ""B-D"": 67, ""C-D"": 28}"	A-D,B-C	A-B,A-C,B-D,C-D	0.20885798833494906	0.6184877157211304	0.0	-2.980848789215088	3.6562655166450018	0.6184877157211304	0.0	-2.5420894622802734	12.884421327383363	"{""A-B"": {""dG_dSASA_ratio"": -2.5616018772125244, ""dG_separated"": -24.921489715576172, ""dSASA_int"": 972.8870239257812, ""delta_unsatHbonds"": 4.0, ""hbonds_int"": 4.0, ""nres_int"": 48.0, ""packstat"": 0.6375872492790222, ""sc_value"": 0.7331619262695312}, ""A-C"": {""dG_dSASA_ratio"": -2.6628198623657227, ""dG_separated"": -45.755149841308594, ""dSASA_int"": 1718.296875, ""delta_unsatHbonds"": 18.0, ""hbonds_int"": 5.0, ""nres_int"": 67.0, ""packstat"": 0.577085554599762, ""sc_value"": 0.7075983881950378}, ""A-D"": {""dG_dSASA_ratio"": -3.101332902908325, ""dG_separated"": -33.9289665222168, ""dSASA_int"": 1094.012451171875, ""delta_unsatHbonds"": 4.0, ""hbonds_int"": 0.0, ""nres_int"": 48.0, ""packstat"": 0.5777122378349304, ""sc_value"": 0.6184877157211304}, ""B-C"": {""dG_dSASA_ratio"": -2.980848789215088, ""dG_separated"": -34.02906036376953, ""dSASA_int"": 1141.589599609375, ""delta_unsatHbonds"": 4.0, ""hbonds_int"": 0.0, ""nres_int"": 48.0, ""packstat"": 0.6065434813499451, ""sc_value"": 0.6599617004394531}, ""B-D"": {""dG_dSASA_ratio"": -2.5420894622802734, ""dG_separated"": -43.4058837890625, ""dSASA_int"": 1707.4884033203125, ""delta_unsatHbonds"": 22.0, ""hbonds_int"": 2.0, ""nres_int"": 67.0, ""packstat"": 0.6287825107574463, ""sc_value"": 0.6763952374458313}, ""C-D"": {""dG_dSASA_ratio"": -2.5549185276031494, ""dG_separated"": -24.331039428710938, ""dSASA_int"": 952.3214721679688, ""delta_unsatHbonds"": 2.0, ""hbonds_int"": 4.0, ""nres_int"": 48.0, ""packstat"": 0.6038788557052612, ""sc_value"": 0.7326664924621582}}"
ova_body_c4_16_ms25_r01	AF3	186	7186	0	0	A-B,A-C,A-D,B-C,B-D,C-D	6	3	1	"{""A-B"": 29, ""A-C"": 67, ""A-D"": 39, ""B-C"": 38, ""B-D"": 67, ""C-D"": 26}"	A-D,B-C	A-B,A-C,B-D,C-D	0.21664556842321392	0.6255301237106323	0.0	-2.947430372238159	3.5819729950630905	0.6255301237106323	0.0	-2.36185622215271	11.600197056081827	"{""A-B"": {""dG_dSASA_ratio"": -2.489354372024536, ""dG_separated"": -24.4191837310791, ""dSASA_int"": 980.9443969726562, ""delta_unsatHbonds"": 4.0, ""hbonds_int"": 4.0, ""nres_int"": 48.0, ""packstat"": 0.6052150726318359, ""sc_value"": 0.7330954074859619}, ""A-C"": {""dG_dSASA_ratio"": -2.6386842727661133, ""dG_separated"": -45.644447326660156, ""dSASA_int"": 1729.8184814453125, ""delta_unsatHbonds"": 18.0, ""hbonds_int"": 4.0, ""nres_int"": 65.0, ""packstat"": 0.6208861470222473, ""sc_value"": 0.7186402082443237}, ""A-D"": {""dG_dSASA_ratio"": -3.054661512374878, ""dG_separated"": -34.11149597167969, ""dSASA_int"": 1116.7030029296875, ""delta_unsatHbonds"": 4.0, ""hbonds_int"": 0.0, ""nres_int"": 48.0, ""packstat"": 0.5286009907722473, ""sc_value"": 0.6255301237106323}, ""B-C"": {""dG_dSASA_ratio"": -2.947430372238159, ""dG_separated"": -33.7962760925293, ""dSASA_int"": 1146.63525390625, ""delta_unsatHbonds"": 4.0, ""hbonds_int"": 0.0, ""nres_int"": 48.0, ""packstat"": 0.5352408289909363, ""sc_value"": 0.6398124098777771}, ""B-D"": {""dG_dSASA_ratio"": -2.562425374984741, ""dG_separated"": -44.17899703979492, ""dSASA_int"": 1724.108642578125, ""delta_unsatHbonds"": 20.0, ""hbonds_int"": 3.0, ""nres_int"": 67.0, ""packstat"": 0.6366521716117859, ""sc_value"": 0.6913259029388428}, ""C-D"": {""dG_dSASA_ratio"": -2.36185622215271, ""dG_separated"": -20.901832580566406, ""dSASA_int"": 884.974853515625, ""delta_unsatHbonds"": 1.0, ""hbonds_int"": 5.0, ""nres_int"": 46.0, ""packstat"": 0.5818106532096863, ""sc_value"": 0.7206310033798218}}"
ova_body_c4_16_ms25_r01	AF3	187	7187	0	0	A-B,A-C,A-D,B-C,B-D,C-D	6	3	1	"{""A-B"": 26, ""A-C"": 68, ""A-D"": 38, ""B-C"": 36, ""B-D"": 67, ""C-D"": 27}"	A-D,B-C	A-B,A-C,B-D,C-D	0.21231112944711916	0.5840530395507812	0.0	-2.754549026489258	4.2753219669194875	0.5840530395507812	0.0	-2.526308298110962	15.105399936512386	"{""A-B"": {""dG_dSASA_ratio"": -2.526308298110962, ""dG_separated"": -25.143259048461914, ""dSASA_int"": 995.2569580078125, ""delta_unsatHbonds"": 2.0, ""hbonds_int"": 4.0, ""nres_int"": 48.0, ""packstat"": 0.6070540547370911, ""sc_value"": 0.7297646999359131}, ""A-C"": {""dG_dSASA_ratio"": -2.58744478225708, ""dG_separated"": -45.507503509521484, ""dSASA_int"": 1758.78173828125, ""delta_unsatHbonds"": 23.0, ""hbonds_int"": 4.0, ""nres_int"": 66.0, ""packstat"": 0.5895980000495911, ""sc_value"": 0.6906280517578125}, ""A-D"": {""dG_dSASA_ratio"": -2.754549026489258, ""dG_separated"": -32.21452331542969, ""dSASA_int"": 1169.5025634765625, ""delta_unsatHbonds"": 5.0, ""hbonds_int"": 0.0, ""nres_int"": 49.0, ""packstat"": 0.5911370515823364, ""sc_value"": 0.5840530395507812}, ""B-C"": {""dG_dSASA_ratio"": -2.9346017837524414, ""dG_separated"": -33.543739318847656, ""dSASA_int"": 1143.0423583984375, ""delta_unsatHbonds"": 4.0, ""hbonds_int"": 0.0, ""nres_int"": 48.0, ""packstat"": 0.5366869568824768, ""sc_value"": 0.6407675743103027}, ""B-D"": {""dG_dSASA_ratio"": -2.547823667526245, ""dG_separated"": -43.854129791259766, ""dSASA_int"": 1721.23876953125, ""delta_unsatHbonds"": 26.0, ""hbonds_int"": 2.0, ""nres_int"": 68.0, ""packstat"": 0.6111714243888855, ""sc_value"": 0.6664568185806274}, ""C-D"": {""dG_dSASA_ratio"": -2.5748789310455322, ""dG_separated"": -24.073413848876953, ""dSASA_int"": 934.933837890625, ""delta_unsatHbonds"": 2.0, ""hbonds_int"": 4.0, ""nres_int"": 48.0, ""packstat"": 0.5792922973632812, ""sc_value"": 0.7346667051315308}}"
ova_body_c4_16_ms25_r01	AF3	188	7188	0	0	A-B,A-C,A-D,B-C,B-D,C-D	6	3	1	"{""A-B"": 29, ""A-C"": 65, ""A-D"": 39, ""B-C"": 36, ""B-D"": 69, ""C-D"": 28}"	A-D,B-C	A-B,A-C,B-D,C-D	0.2153318850669783	0.6334679126739502	0.0	-2.996934652328491	4.40647683243167	0.6334679126739502	0.0	-2.4879062175750732	13.52159284616339	"{""A-B"": {""dG_dSASA_ratio"": -2.4879062175750732, ""dG_separated"": -24.613643646240234, ""dSASA_int"": 989.3316040039062, ""delta_unsatHbonds"": 2.0, ""hbonds_int"": 4.0, ""nres_int"": 49.0, ""packstat"": 0.5472399592399597, ""sc_value"": 0.7354923486709595}, ""A-C"": {""dG_dSASA_ratio"": -2.5872368812561035, ""dG_separated"": -44.84123992919922, ""dSASA_int"": 1733.1710205078125, ""delta_unsatHbonds"": 22.0, ""hbonds_int"": 4.0, ""nres_int"": 66.0, ""packstat"": 0.5528022050857544, ""sc_value"": 0.7087010145187378}, ""A-D"": {""dG_dSASA_ratio"": -2.996934652328491, ""dG_separated"": -33.92782211303711, ""dSASA_int"": 1132.084228515625, ""delta_unsatHbonds"": 4.0, ""hbonds_int"": 0.0, ""nres_int"": 48.0, ""packstat"": 0.49942266941070557, ""sc_value"": 0.6334679126739502}, ""B-C"": {""dG_dSASA_ratio"": -3.013923168182373, ""dG_separated"": -34.19878387451172, ""dSASA_int"": 1134.693359375, ""delta_unsatHbonds"": 5.0, ""hbonds_int"": 0.0, ""nres_int"": 48.0, ""packstat"": 0.5849196910858154, ""sc_value"": 0.6507396697998047}, ""B-D"": {""dG_dSASA_ratio"": -2.5846407413482666, ""dG_separated"": -43.964298248291016, ""dSASA_int"": 1700.9830322265625, ""delta_unsatHbonds"": 23.0, ""hbonds_int"": 3.0, ""nres_int"": 67.0, ""packstat"": 0.6357668042182922, ""sc_value"": 0.6664466857910156}, ""C-D"": {""dG_dSASA_ratio"": -2.541465997695923, ""dG_separated"": -24.089515686035156, ""dSASA_int"": 947.8590698242188, ""delta_unsatHbonds"": 2.0, ""hbonds_int"": 4.0, ""nres_int"": 48.0, ""packstat"": 0.4971144199371338, ""sc_value"": 0.7258449792861938}}"
ova_body_c4_16_ms25_r01	AF3	189	7189	0	0	A-B,A-C,A-D,B-C,B-D,C-D	6	3	1	"{""A-B"": 29, ""A-C"": 68, ""A-D"": 38, ""B-C"": 38, ""B-D"": 68, ""C-D"": 28}"	A-D,B-C	A-B,A-C,B-D,C-D	0.20380117412393675	0.6283783912658691	0.0	-2.975909471511841	3.559379880596535	0.6283783912658691	0.0	-2.112830400466919	13.87402278916634	"{""A-B"": {""dG_dSASA_ratio"": -2.112830400466919, ""dG_separated"": -21.23767852783203, ""dSASA_int"": 1005.1766357421875, ""delta_unsatHbonds"": 2.0, ""hbonds_int"": 4.0, ""nres_int"": 49.0, ""packstat"": 0.633188784122467, ""sc_value"": 0.7467204332351685}, ""A-C"": {""dG_dSASA_ratio"": -2.6380066871643066, ""dG_separated"": -45.32438659667969, ""dSASA_int"": 1718.130126953125, ""delta_unsatHbonds"": 17.0, ""hbonds_int"": 3.0, ""nres_int"": 67.0, ""packstat"": 0.6053812503814697, ""sc_value"": 0.6909453272819519}, ""A-D"": {""dG_dSASA_ratio"": -3.0990562438964844, ""dG_separated"": -34.82692337036133, ""dSASA_int"": 1123.791259765625, ""delta_unsatHbonds"": 4.0, ""hbonds_int"": 0.0, ""nres_int"": 48.0, ""packstat"": 0.4952685534954071, ""sc_value"": 0.6283783912658691}, ""B-C"": {""dG_dSASA_ratio"": -2.975909471511841, ""dG_separated"": -34.027835845947266, ""dSASA_int"": 1143.4432373046875, ""delta_unsatHbonds"": 4.0, ""hbonds_int"": 0.0, ""nres_int"": 48.0, ""packstat"": 0.6029821038246155, ""sc_value"": 0.6577920913696289}, ""B-D"": {""dG_dSASA_ratio"": -2.5767247676849365, ""dG_separated"": -44.57351303100586, ""dSASA_int"": 1729.8515625, ""delta_unsatHbonds"": 24.0, ""hbonds_int"": 2.0, ""nres_int"": 66.0, ""packstat"": 0.5605181455612183, ""sc_value"": 0.6718769073486328}, ""C-D"": {""dG_dSASA_ratio"": -2.5486526489257812, ""dG_separated"": -24.23626136779785, ""dSASA_int"": 950.944091796875, ""delta_unsatHbonds"": 2.0, ""hbonds_int"": 4.0, ""nres_int"": 48.0, ""packstat"": 0.6195264458656311, ""sc_value"": 0.7323147058486938}}"
ova_body_c4_16_ms25_r01	AF3	190	7190	0	0	A-B,A-C,A-D,B-C,B-D,C-D	6	3	1	"{""A-B"": 28, ""A-C"": 63, ""A-D"": 35, ""B-C"": 40, ""B-D"": 68, ""C-D"": 28}"	A-D,B-C	A-B,A-C,B-D,C-D	0.22971567001909246	0.47907888889312744	0.0	-2.4329397678375244	6.243338200053785	0.47907888889312744	0.0	-2.4329397678375244	13.087599059822622	"{""A-B"": {""dG_dSASA_ratio"": -2.49664306640625, ""dG_separated"": -24.401592254638672, ""dSASA_int"": 977.3760986328125, ""delta_unsatHbonds"": 1.0, ""hbonds_int"": 4.0, ""nres_int"": 49.0, ""packstat"": 0.5883229970932007, ""sc_value"": 0.7293541431427002}, ""A-C"": {""dG_dSASA_ratio"": -2.806527853012085, ""dG_separated"": -47.17719268798828, ""dSASA_int"": 1680.9805908203125, ""delta_unsatHbonds"": 22.0, ""hbonds_int"": 4.0, ""nres_int"": 65.0, ""packstat"": 0.6911823153495789, ""sc_value"": 0.7179984450340271}, ""A-D"": {""dG_dSASA_ratio"": -2.4329397678375244, ""dG_separated"": -27.27800178527832, ""dSASA_int"": 1121.195068359375, ""delta_unsatHbonds"": 7.0, ""hbonds_int"": 0.0, ""nres_int"": 49.0, ""packstat"": 0.5085776448249817, ""sc_value"": 0.47907888889312744}, ""B-C"": {""dG_dSASA_ratio"": -3.2008302211761475, ""dG_separated"": -36.53175735473633, ""dSASA_int"": 1141.3214111328125, ""delta_unsatHbonds"": 5.0, ""hbonds_int"": 1.0, ""nres_int"": 49.0, ""packstat"": 0.5070496797561646, ""sc_value"": 0.7016712427139282}, ""B-D"": {""dG_dSASA_ratio"": -2.5263514518737793, ""dG_separated"": -44.633697509765625, ""dSASA_int"": 1766.7255859375, ""delta_unsatHbonds"": 21.0, ""hbonds_int"": 3.0, ""nres_int"": 67.0, ""packstat"": 0.5400996804237366, ""sc_value"": 0.6780526041984558}, ""C-D"": {""dG_dSASA_ratio"": -2.5679240226745605, ""dG_separated"": -24.44452476501465, ""dSASA_int"": 951.9177856445312, ""delta_unsatHbonds"": 2.0, ""hbonds_int"": 4.0, ""nres_int"": 48.0, ""packstat"": 0.5460318922996521, ""sc_value"": 0.7264814376831055}}"
ova_body_c4_16_ms25_r01	AF3	191	7191	0	0	A-B,A-C,A-D,B-C,B-D,C-D	6	3	1	"{""A-B"": 28, ""A-C"": 59, ""A-D"": 38, ""B-C"": 42, ""B-D"": 68, ""C-D"": 27}"	A-D,B-C	A-B,A-C,B-D,C-D	0.24409135904467216	0.68643718957901	1.0	-3.0765810012817383	6.040060906194517	0.6707589626312256	1.0	-2.1084556579589844	14.942598971952672	"{""A-B"": {""dG_dSASA_ratio"": -2.1084556579589844, ""dG_separated"": -20.87807846069336, ""dSASA_int"": 990.2070922851562, ""delta_unsatHbonds"": 2.0, ""hbonds_int"": 4.0, ""nres_int"": 48.0, ""packstat"": 0.567650556564331, ""sc_value"": 0.7411180138587952}, ""A-C"": {""dG_dSASA_ratio"": -2.7723426818847656, ""dG_separated"": -47.16883850097656, ""dSASA_int"": 1701.4071044921875, ""delta_unsatHbonds"": 16.0, ""hbonds_int"": 5.0, ""nres_int"": 63.0, ""packstat"": 0.6562901735305786, ""sc_value"": 0.7233262062072754}, ""A-D"": {""dG_dSASA_ratio"": -3.2501697540283203, ""dG_separated"": -36.7274284362793, ""dSASA_int"": 1130.0157470703125, ""delta_unsatHbonds"": 5.0, ""hbonds_int"": 1.0, ""nres_int"": 49.0, ""packstat"": 0.47128260135650635, ""sc_value"": 0.68643718957901}, ""B-C"": {""dG_dSASA_ratio"": -3.0765810012817383, ""dG_separated"": -35.65538024902344, ""dSASA_int"": 1158.9287109375, ""delta_unsatHbonds"": 7.0, ""hbonds_int"": 1.0, ""nres_int"": 49.0, ""packstat"": 0.5129696130752563, ""sc_value"": 0.691588282585144}, ""B-D"": {""dG_dSASA_ratio"": -2.5829975605010986, ""dG_separated"": -44.943946838378906, ""dSASA_int"": 1739.9918212890625, ""delta_unsatHbonds"": 26.0, ""hbonds_int"": 2.0, ""nres_int"": 70.0, ""packstat"": 0.557049036026001, ""sc_value"": 0.6707589626312256}, ""C-D"": {""dG_dSASA_ratio"": -2.534270763397217, ""dG_separated"": -24.082902908325195, ""dSASA_int"": 950.289306640625, ""delta_unsatHbonds"": 2.0, ""hbonds_int"": 4.0, ""nres_int"": 48.0, ""packstat"": 0.548016369342804, ""sc_value"": 0.7290674448013306}}"
ova_body_c4_16_ms25_r01	AF3	192	7192	0	0	A-B,A-C,A-D,B-C,B-D,C-D	6	3	1	"{""A-B"": 26, ""A-C"": 70, ""A-D"": 39, ""B-C"": 40, ""B-D"": 63, ""C-D"": 28}"	A-D,B-C	A-B,A-C,B-D,C-D	0.2391889462523965	0.6531126499176025	0.0	-3.1533877849578857	4.395021436459536	0.6531126499176025	0.0	-2.540149688720703	13.126741182928972	"{""A-B"": {""dG_dSASA_ratio"": -2.6436829566955566, ""dG_separated"": -25.6275634765625, ""dSASA_int"": 969.3886108398438, ""delta_unsatHbonds"": 5.0, ""hbonds_int"": 4.0, ""nres_int"": 48.0, ""packstat"": 0.6039710640907288, ""sc_value"": 0.7411787509918213}, ""A-C"": {""dG_dSASA_ratio"": -2.606207847595215, ""dG_separated"": -46.040653228759766, ""dSASA_int"": 1766.5762939453125, ""delta_unsatHbonds"": 23.0, ""hbonds_int"": 5.0, ""nres_int"": 68.0, ""packstat"": 0.5708523392677307, ""sc_value"": 0.7108355760574341}, ""A-D"": {""dG_dSASA_ratio"": -3.373155355453491, ""dG_separated"": -38.374732971191406, ""dSASA_int"": 1137.65087890625, ""delta_unsatHbonds"": 5.0, ""hbonds_int"": 1.0, ""nres_int"": 49.0, ""packstat"": 0.5575259327888489, ""sc_value"": 0.6826578378677368}, ""B-C"": {""dG_dSASA_ratio"": -3.1533877849578857, ""dG_separated"": -34.885372161865234, ""dSASA_int"": 1106.2823486328125, ""delta_unsatHbonds"": 4.0, ""hbonds_int"": 0.0, ""nres_int"": 48.0, ""packstat"": 0.5979177355766296, ""sc_value"": 0.6531126499176025}, ""B-D"": {""dG_dSASA_ratio"": -2.644728899002075, ""dG_separated"": -44.32481384277344, ""dSASA_int"": 1675.9681396484375, ""delta_unsatHbonds"": 22.0, ""hbonds_int"": 2.0, ""nres_int"": 66.0, ""packstat"": 0.6473394632339478, ""sc_value"": 0.6611611843109131}, ""C-D"": {""dG_dSASA_ratio"": -2.540149688720703, ""dG_separated"": -24.356327056884766, ""dSASA_int"": 958.8539428710938, ""delta_unsatHbonds"": 2.0, ""hbonds_int"": 4.0, ""nres_int"": 48.0, ""packstat"": 0.5699955821037292, ""sc_value"": 0.7331122159957886}}"
ova_body_c4_16_ms25_r01	AF3	193	7193	0	0	A-B,A-C,A-D,B-C,B-D,C-D	6	3	1	"{""A-B"": 27, ""A-C"": 69, ""A-D"": 38, ""B-C"": 38, ""B-D"": 67, ""C-D"": 28}"	A-D,B-C	A-B,A-C,B-D,C-D	0.20725774209663048	0.6254789233207703	0.0	-3.0098726749420166	3.5325068681644463	0.6254789233207703	0.0	-2.4738290309906006	13.383391300610974	"{""A-B"": {""dG_dSASA_ratio"": -2.4738290309906006, ""dG_separated"": -24.374290466308594, ""dSASA_int"": 985.2859497070312, ""delta_unsatHbonds"": 2.0, ""hbonds_int"": 4.0, ""nres_int"": 48.0, ""packstat"": 0.5884758234024048, ""sc_value"": 0.7345319986343384}, ""A-C"": {""dG_dSASA_ratio"": -2.659027338027954, ""dG_separated"": -45.9088249206543, ""dSASA_int"": 1726.527099609375, ""delta_unsatHbonds"": 20.0, ""hbonds_int"": 4.0, ""nres_int"": 67.0, ""packstat"": 0.5803240537643433, ""sc_value"": 0.7114319801330566}, ""A-D"": {""dG_dSASA_ratio"": -3.0098726749420166, ""dG_separated"": -34.08200454711914, ""dSASA_int"": 1132.34033203125, ""delta_unsatHbonds"": 4.0, ""hbonds_int"": 0.0, ""nres_int"": 48.0, ""packstat"": 0.5630149245262146, ""sc_value"": 0.6254789233207703}, ""B-C"": {""dG_dSASA_ratio"": -3.056314468383789, ""dG_separated"": -34.687076568603516, ""dSASA_int"": 1134.9315185546875, ""delta_unsatHbonds"": 4.0, ""hbonds_int"": 0.0, ""nres_int"": 48.0, ""packstat"": 0.5706850290298462, ""sc_value"": 0.6567492485046387}, ""B-D"": {""dG_dSASA_ratio"": -2.5994622707366943, ""dG_separated"": -44.67300796508789, ""dSASA_int"": 1718.5479736328125, ""delta_unsatHbonds"": 23.0, ""hbonds_int"": 2.0, ""nres_int"": 66.0, ""packstat"": 0.6380529999732971, ""sc_value"": 0.6680511236190796}, ""C-D"": {""dG_dSASA_ratio"": -2.546281337738037, ""dG_separated"": -24.272802352905273, ""dSASA_int"": 953.2647705078125, ""delta_unsatHbonds"": 2.0, ""hbonds_int"": 4.0, ""nres_int"": 48.0, ""packstat"": 0.6406341791152954, ""sc_value"": 0.7367680072784424}}"
ova_body_c4_16_ms25_r01	AF3	194	7194	0	0	A-B,A-C,A-D,B-C,B-D,C-D	6	3	1	"{""A-B"": 28, ""A-C"": 64, ""A-D"": 38, ""B-C"": 42, ""B-D"": 70, ""C-D"": 30}"	A-D,B-C	A-B,A-C,B-D,C-D	0.23390880554430207	0.6297791600227356	0.0	-3.0763041973114014	4.265245362508889	0.6297791600227356	0.0	-2.3947513103485107	11.482228581147938	"{""A-B"": {""dG_dSASA_ratio"": -2.440023899078369, ""dG_separated"": -24.552186965942383, ""dSASA_int"": 1006.2273559570312, ""delta_unsatHbonds"": 2.0, ""hbonds_int"": 4.0, ""nres_int"": 49.0, ""packstat"": 0.5485098958015442, ""sc_value"": 0.7331861853599548}, ""A-C"": {""dG_dSASA_ratio"": -2.587411403656006, ""dG_separated"": -45.0681037902832, ""dSASA_int"": 1741.8221435546875, ""delta_unsatHbonds"": 20.0, ""hbonds_int"": 6.0, ""nres_int"": 66.0, ""packstat"": 0.5712313055992126, ""sc_value"": 0.713166356086731}, ""A-D"": {""dG_dSASA_ratio"": -3.114375591278076, ""dG_separated"": -34.86145782470703, ""dSASA_int"": 1119.372314453125, ""delta_unsatHbonds"": 4.0, ""hbonds_int"": 0.0, ""nres_int"": 48.0, ""packstat"": 0.516472578048706, ""sc_value"": 0.6297791600227356}, ""B-C"": {""dG_dSASA_ratio"": -3.0763041973114014, ""dG_separated"": -36.06245040893555, ""dSASA_int"": 1172.2655029296875, ""delta_unsatHbonds"": 5.0, ""hbonds_int"": 1.0, ""nres_int"": 49.0, ""packstat"": 0.5338391065597534, ""sc_value"": 0.6907269358634949}, ""B-D"": {""dG_dSASA_ratio"": -2.3947513103485107, ""dG_separated"": -42.36107635498047, ""dSASA_int"": 1768.913330078125, ""delta_unsatHbonds"": 17.0, ""hbonds_int"": 3.0, ""nres_int"": 68.0, ""packstat"": 0.5700701475143433, ""sc_value"": 0.6819767951965332}, ""C-D"": {""dG_dSASA_ratio"": -2.5198452472686768, ""dG_separated"": -24.78281593322754, ""dSASA_int"": 983.5054931640625, ""delta_unsatHbonds"": 2.0, ""hbonds_int"": 5.0, ""nres_int"": 50.0, ""packstat"": 0.606109619140625, ""sc_value"": 0.7534793615341187}}"
ova_body_c4_16_ms25_r01	AF3	195	7195	0	0	A-B,A-C,A-D,B-C,B-D,C-D	6	3	1	"{""A-B"": 28, ""A-C"": 67, ""A-D"": 38, ""B-C"": 38, ""B-D"": 68, ""C-D"": 27}"	A-D,B-C	A-B,A-C,B-D,C-D	0.20543434009270023	0.6290253400802612	0.0	-3.0122525691986084	3.5866040426570334	0.6290253400802612	0.0	-1.7979830503463745	13.343125959531129	"{""A-B"": {""dG_dSASA_ratio"": -2.4625322818756104, ""dG_separated"": -24.633413314819336, ""dSASA_int"": 1000.32861328125, ""delta_unsatHbonds"": 2.0, ""hbonds_int"": 4.0, ""nres_int"": 49.0, ""packstat"": 0.5964641571044922, ""sc_value"": 0.7413404583930969}, ""A-C"": {""dG_dSASA_ratio"": -2.6582796573638916, ""dG_separated"": -45.82594299316406, ""dSASA_int"": 1723.894775390625, ""delta_unsatHbonds"": 20.0, ""hbonds_int"": 4.0, ""nres_int"": 66.0, ""packstat"": 0.5870559215545654, ""sc_value"": 0.71640944480896}, ""A-D"": {""dG_dSASA_ratio"": -3.0122525691986084, ""dG_separated"": -34.05696105957031, ""dSASA_int"": 1130.6143798828125, ""delta_unsatHbonds"": 4.0, ""hbonds_int"": 0.0, ""nres_int"": 48.0, ""packstat"": 0.4970436692237854, ""sc_value"": 0.6290253400802612}, ""B-C"": {""dG_dSASA_ratio"": -3.075596809387207, ""dG_separated"": -34.300933837890625, ""dSASA_int"": 1115.2611083984375, ""delta_unsatHbonds"": 4.0, ""hbonds_int"": 0.0, ""nres_int"": 48.0, ""packstat"": 0.5072256326675415, ""sc_value"": 0.6510941982269287}, ""B-D"": {""dG_dSASA_ratio"": -2.5740244388580322, ""dG_separated"": -44.36933517456055, ""dSASA_int"": 1723.7340087890625, ""delta_unsatHbonds"": 23.0, ""hbonds_int"": 2.0, ""nres_int"": 66.0, ""packstat"": 0.6411219239234924, ""sc_value"": 0.6664712429046631}, ""C-D"": {""dG_dSASA_ratio"": -1.7979830503463745, ""dG_separated"": -17.061368942260742, ""dSASA_int"": 948.9171142578125, ""delta_unsatHbonds"": 2.0, ""hbonds_int"": 4.0, ""nres_int"": 48.0, ""packstat"": 0.6031820178031921, ""sc_value"": 0.7527856826782227}}"
ova_body_c4_16_ms25_r01	AF3	196	7196	0	0	A-B,A-C,A-D,B-C,B-D,C-D	6	3	1	"{""A-B"": 26, ""A-C"": 67, ""A-D"": 38, ""B-C"": 38, ""B-D"": 66, ""C-D"": 26}"	A-D,B-C	A-B,A-C,B-D,C-D	0.21206338359880023	0.5807304382324219	0.0	-2.5937917232513428	4.331224927722155	0.5807304382324219	0.0	-2.493748903274536	14.280034545411695	"{""A-B"": {""dG_dSASA_ratio"": -2.5987708568573, ""dG_separated"": -25.90792465209961, ""dSASA_int"": 996.9299926757812, ""delta_unsatHbonds"": 4.0, ""hbonds_int"": 4.0, ""nres_int"": 48.0, ""packstat"": 0.6157591938972473, ""sc_value"": 0.7414000034332275}, ""A-C"": {""dG_dSASA_ratio"": -2.6557815074920654, ""dG_separated"": -45.9786491394043, ""dSASA_int"": 1731.2662353515625, ""delta_unsatHbonds"": 21.0, ""hbonds_int"": 3.0, ""nres_int"": 65.0, ""packstat"": 0.6569158434867859, ""sc_value"": 0.6948460340499878}, ""A-D"": {""dG_dSASA_ratio"": -2.5937917232513428, ""dG_separated"": -29.942935943603516, ""dSASA_int"": 1154.4078369140625, ""delta_unsatHbonds"": 5.0, ""hbonds_int"": 0.0, ""nres_int"": 48.0, ""packstat"": 0.49728164076805115, ""sc_value"": 0.5807304382324219}, ""B-C"": {""dG_dSASA_ratio"": -2.991442918777466, ""dG_separated"": -33.95817184448242, ""dSASA_int"": 1135.1768798828125, ""delta_unsatHbonds"": 4.0, ""hbonds_int"": 0.0, ""nres_int"": 48.0, ""packstat"": 0.5106020569801331, ""sc_value"": 0.6568508148193359}, ""B-D"": {""dG_dSASA_ratio"": -2.5607478618621826, ""dG_separated"": -44.83091354370117, ""dSASA_int"": 1750.696044921875, ""delta_unsatHbonds"": 25.0, ""hbonds_int"": 2.0, ""nres_int"": 68.0, ""packstat"": 0.5415274500846863, ""sc_value"": 0.6474292278289795}, ""C-D"": {""dG_dSASA_ratio"": -2.493748903274536, ""dG_separated"": -23.728200912475586, ""dSASA_int"": 951.5072021484375, ""delta_unsatHbonds"": 2.0, ""hbonds_int"": 4.0, ""nres_int"": 48.0, ""packstat"": 0.5308114290237427, ""sc_value"": 0.7436303496360779}}"
ova_body_c4_16_ms25_r01	AF3	197	7197	0	0	A-B,A-C,A-D,B-C,B-D,C-D	6	3	1	"{""A-B"": 28, ""A-C"": 62, ""A-D"": 37, ""B-C"": 38, ""B-D"": 69, ""C-D"": 27}"	A-D,B-C	A-B,A-C,B-D,C-D	0.22602429198509483	0.5816507935523987	0.0	-2.306117296218872	10.52921110605558	0.5816507935523987	0.0	-2.306117296218872	13.99986798220195	"{""A-B"": {""dG_dSASA_ratio"": -2.5283844470977783, ""dG_separated"": -25.258819580078125, ""dSASA_int"": 999.01025390625, ""delta_unsatHbonds"": 3.0, ""hbonds_int"": 4.0, ""nres_int"": 49.0, ""packstat"": 0.5607268214225769, ""sc_value"": 0.7354061603546143}, ""A-C"": {""dG_dSASA_ratio"": -2.751497983932495, ""dG_separated"": -46.66697692871094, ""dSASA_int"": 1696.0570068359375, ""delta_unsatHbonds"": 19.0, ""hbonds_int"": 4.0, ""nres_int"": 66.0, ""packstat"": 0.6308649182319641, ""sc_value"": 0.7172515392303467}, ""A-D"": {""dG_dSASA_ratio"": -2.5671441555023193, ""dG_separated"": -29.932613372802734, ""dSASA_int"": 1165.98876953125, ""delta_unsatHbonds"": 5.0, ""hbonds_int"": 0.0, ""nres_int"": 48.0, ""packstat"": 0.5201230049133301, ""sc_value"": 0.5816507935523987}, ""B-C"": {""dG_dSASA_ratio"": -2.306117296218872, ""dG_separated"": -26.282506942749023, ""dSASA_int"": 1139.6865234375, ""delta_unsatHbonds"": 12.0, ""hbonds_int"": 1.0, ""nres_int"": 49.0, ""packstat"": 0.5329165458679199, ""sc_value"": 0.6089267730712891}, ""B-D"": {""dG_dSASA_ratio"": -2.6185879707336426, ""dG_separated"": -44.890506744384766, ""dSASA_int"": 1714.3018798828125, ""delta_unsatHbonds"": 24.0, ""hbonds_int"": 2.0, ""nres_int"": 70.0, ""packstat"": 0.5702565908432007, ""sc_value"": 0.6762775778770447}, ""C-D"": {""dG_dSASA_ratio"": -2.5663418769836426, ""dG_separated"": -24.29967498779297, ""dSASA_int"": 946.8604125976562, ""delta_unsatHbonds"": 2.0, ""hbonds_int"": 4.0, ""nres_int"": 48.0, ""packstat"": 0.6065317392349243, ""sc_value"": 0.7234761714935303}}"
ova_body_c4_16_ms25_r01	AF3	198	7198	0	0	A-B,A-C,A-D,B-C,B-D,C-D	6	3	1	"{""A-B"": 26, ""A-C"": 63, ""A-D"": 38, ""B-C"": 40, ""B-D"": 68, ""C-D"": 28}"	A-D,B-C	A-B,A-C,B-D,C-D	0.2421358634742895	0.6221228241920471	0.0	-3.05118727684021	4.375199412851657	0.6221228241920471	0.0	-2.2109475135803223	12.871806947464666	"{""A-B"": {""dG_dSASA_ratio"": -2.2109475135803223, ""dG_separated"": -20.550514221191406, ""dSASA_int"": 929.489013671875, ""delta_unsatHbonds"": 5.0, ""hbonds_int"": 4.0, ""nres_int"": 46.0, ""packstat"": 0.6025705337524414, ""sc_value"": 0.7069607973098755}, ""A-C"": {""dG_dSASA_ratio"": -2.7480618953704834, ""dG_separated"": -46.56377029418945, ""dSASA_int"": 1694.422119140625, ""delta_unsatHbonds"": 21.0, ""hbonds_int"": 4.0, ""nres_int"": 64.0, ""packstat"": 0.651091456413269, ""sc_value"": 0.7109779715538025}, ""A-D"": {""dG_dSASA_ratio"": -3.05118727684021, ""dG_separated"": -33.95185852050781, ""dSASA_int"": 1112.7425537109375, ""delta_unsatHbonds"": 4.0, ""hbonds_int"": 0.0, ""nres_int"": 48.0, ""packstat"": 0.5121204257011414, ""sc_value"": 0.6221228241920471}, ""B-C"": {""dG_dSASA_ratio"": -3.20415997505188, ""dG_separated"": -36.61730194091797, ""dSASA_int"": 1142.8050537109375, ""delta_unsatHbonds"": 5.0, ""hbonds_int"": 1.0, ""nres_int"": 49.0, ""packstat"": 0.4959222376346588, ""sc_value"": 0.7034703493118286}, ""B-D"": {""dG_dSASA_ratio"": -2.606351613998413, ""dG_separated"": -44.5467643737793, ""dSASA_int"": 1709.1617431640625, ""delta_unsatHbonds"": 22.0, ""hbonds_int"": 3.0, ""nres_int"": 69.0, ""packstat"": 0.571178674697876, ""sc_value"": 0.6942362189292908}, ""C-D"": {""dG_dSASA_ratio"": -2.6233062744140625, ""dG_separated"": -24.991941452026367, ""dSASA_int"": 952.6886596679688, ""delta_unsatHbonds"": 2.0, ""hbonds_int"": 4.0, ""nres_int"": 48.0, ""packstat"": 0.6143364906311035, ""sc_value"": 0.7297267913818359}}"
ova_body_c4_16_ms25_r01	AF3	199	7199	0	0	A-B,A-C,A-D,B-C,B-D,C-D	6	3	1	"{""A-B"": 29, ""A-C"": 66, ""A-D"": 38, ""B-C"": 39, ""B-D"": 68, ""C-D"": 28}"	A-D,B-C	A-B,A-C,B-D,C-D	0.2095671372090309	0.6292747855186462	0.0	-3.0538055896759033	3.583532852897004	0.6292747855186462	0.0	-1.7825335264205933	11.659147830437108	"{""A-B"": {""dG_dSASA_ratio"": -1.7825335264205933, ""dG_separated"": -17.891952514648438, ""dSASA_int"": 1003.7372436523438, ""delta_unsatHbonds"": 2.0, ""hbonds_int"": 4.0, ""nres_int"": 49.0, ""packstat"": 0.604693591594696, ""sc_value"": 0.7577947378158569}, ""A-C"": {""dG_dSASA_ratio"": -2.673339366912842, ""dG_separated"": -45.85823059082031, ""dSASA_int"": 1715.3912353515625, ""delta_unsatHbonds"": 20.0, ""hbonds_int"": 4.0, ""nres_int"": 66.0, ""packstat"": 0.5952414274215698, ""sc_value"": 0.7180605530738831}, ""A-D"": {""dG_dSASA_ratio"": -3.0570757389068604, ""dG_separated"": -34.123600006103516, ""dSASA_int"": 1116.2169189453125, ""delta_unsatHbonds"": 4.0, ""hbonds_int"": 0.0, ""nres_int"": 48.0, ""packstat"": 0.524612307548523, ""sc_value"": 0.6292747855186462}, ""B-C"": {""dG_dSASA_ratio"": -3.0538055896759033, ""dG_separated"": -34.13777542114258, ""dSASA_int"": 1117.87646484375, ""delta_unsatHbonds"": 4.0, ""hbonds_int"": 0.0, ""nres_int"": 48.0, ""packstat"": 0.505513072013855, ""sc_value"": 0.6568788290023804}, ""B-D"": {""dG_dSASA_ratio"": -2.3865787982940674, ""dG_separated"": -42.973052978515625, ""dSASA_int"": 1800.61328125, ""delta_unsatHbonds"": 20.0, ""hbonds_int"": 2.0, ""nres_int"": 68.0, ""packstat"": 0.5531324744224548, ""sc_value"": 0.6611320972442627}, ""C-D"": {""dG_dSASA_ratio"": -2.636709213256836, ""dG_separated"": -24.819154739379883, ""dSASA_int"": 941.2928466796875, ""delta_unsatHbonds"": 4.0, ""hbonds_int"": 4.0, ""nres_int"": 48.0, ""packstat"": 0.6076011061668396, ""sc_value"": 0.729906439781189}}"
ova_body_c4_16_ms25_r01	AF3	200	7200	0	0	A-B,A-C,A-D,B-C,B-D,C-D	6	3	1	"{""A-B"": 28, ""A-C"": 69, ""A-D"": 39, ""B-C"": 38, ""B-D"": 63, ""C-D"": 28}"	A-D,B-C	A-B,A-C,B-D,C-D	0.2230614711061622	0.6589451432228088	0.0	-2.9748263359069824	3.5688959305459393	0.6589451432228088	0.0	-2.538135528564453	14.08584810299073	"{""A-B"": {""dG_dSASA_ratio"": -2.538135528564453, ""dG_separated"": -24.340402603149414, ""dSASA_int"": 958.9874877929688, ""delta_unsatHbonds"": 2.0, ""hbonds_int"": 4.0, ""nres_int"": 48.0, ""packstat"": 0.6091433763504028, ""sc_value"": 0.7318865656852722}, ""A-C"": {""dG_dSASA_ratio"": -2.6532576084136963, ""dG_separated"": -45.56589889526367, ""dSASA_int"": 1717.356689453125, ""delta_unsatHbonds"": 20.0, ""hbonds_int"": 4.0, ""nres_int"": 68.0, ""packstat"": 0.638496458530426, ""sc_value"": 0.7074447870254517}, ""A-D"": {""dG_dSASA_ratio"": -3.2846038341522217, ""dG_separated"": -36.81366729736328, ""dSASA_int"": 1120.7947998046875, ""delta_unsatHbonds"": 4.0, ""hbonds_int"": 1.0, ""nres_int"": 49.0, ""packstat"": 0.47976425290107727, ""sc_value"": 0.6908813714981079}, ""B-C"": {""dG_dSASA_ratio"": -2.9748263359069824, ""dG_separated"": -33.884029388427734, ""dSASA_int"": 1139.0255126953125, ""delta_unsatHbonds"": 4.0, ""hbonds_int"": 0.0, ""nres_int"": 48.0, ""packstat"": 0.5372461080551147, ""sc_value"": 0.6589451432228088}, ""B-D"": {""dG_dSASA_ratio"": -2.658149242401123, ""dG_separated"": -45.290550231933594, ""dSASA_int"": 1703.8377685546875, ""delta_unsatHbonds"": 24.0, ""hbonds_int"": 3.0, ""nres_int"": 66.0, ""packstat"": 0.5428116917610168, ""sc_value"": 0.6880811452865601}, ""C-D"": {""dG_dSASA_ratio"": -2.554124116897583, ""dG_separated"": -24.371265411376953, ""dSASA_int"": 954.1926879882812, ""delta_unsatHbonds"": 2.0, ""hbonds_int"": 4.0, ""nres_int"": 48.0, ""packstat"": 0.5079671740531921, ""sc_value"": 0.7273209095001221}}"
