system	model	n_chains	iptm	ptm	min_ova_plddt	min_module_plddt	min_binder_plddt	ranking_score	has_clash	contact_edges	largest_component	full_connected	module_full_connected	total_contacts	ova_contacts	module_contacts	min_incident_iptm	contact_pair_iptm_median	contact_pair_pae_median	contacts_json	interface_residues_json	summary_path	cif_path
ova_body_c4_01	seed-1_sample-0	4	0.66	0.73	88.61784972551573	nan	nan	0.68	0.0	6	4	1	0	237	237	0	0.66	0.61	6.17	"{""A-B"": 12, ""A-C"": 45, ""A-D"": 62, ""B-C"": 61, ""B-D"": 45, ""C-D"": 12}"	[83, 86, 87, 90, 96, 97, 98, 99, 182, 184, 187, 190, 191, 192, 193, 214, 215, 216, 217, 236, 271, 272, 278, 337, 338, 339, 340, 341, 342, 343, 344, 345, 346, 347, 348, 349, 350, 351, 354, 373, 374]	experiments/e117_c4_iptm80_af2traj_af3/out_s0/ova_body_c4_01/seed-1_sample-0/ova_body_c4_01_seed-1_sample-0_summary_confidences.json	experiments/e117_c4_iptm80_af2traj_af3/out_s0/ova_body_c4_01/seed-1_sample-0/ova_body_c4_01_seed-1_sample-0_model.cif
ova_body_c4_01	seed-1_sample-1	4	0.64	0.72	88.50979263424256	nan	nan	0.66	0.0	6	4	1	0	262	262	0	0.64	0.58	6.87	"{""A-B"": 12, ""A-C"": 45, ""A-D"": 72, ""B-C"": 72, ""B-D"": 49, ""C-D"": 12}"	[86, 87, 90, 94, 95, 96, 97, 98, 99, 182, 184, 187, 190, 191, 192, 193, 215, 216, 217, 218, 236, 238, 271, 272, 278, 337, 338, 339, 340, 341, 342, 343, 344, 345, 346, 347, 348, 349, 350, 351, 353, 354, 355, 373, 374]	experiments/e117_c4_iptm80_af2traj_af3/out_s0/ova_body_c4_01/seed-1_sample-1/ova_body_c4_01_seed-1_sample-1_summary_confidences.json	experiments/e117_c4_iptm80_af2traj_af3/out_s0/ova_body_c4_01/seed-1_sample-1/ova_body_c4_01_seed-1_sample-1_model.cif
ova_body_c4_01	seed-1_sample-2	4	0.7	0.76	88.88660608795641	nan	nan	0.71	0.0	6	4	1	0	216	216	0	0.7	0.63	5.6850000000000005	"{""A-B"": 15, ""A-C"": 51, ""A-D"": 42, ""B-C"": 43, ""B-D"": 52, ""C-D"": 13}"	[82, 83, 86, 87, 90, 94, 95, 96, 97, 98, 99, 182, 184, 187, 190, 191, 192, 193, 215, 216, 217, 236, 238, 271, 272, 278, 337, 338, 339, 340, 342, 343, 344, 345, 346, 347, 348, 350, 351, 353, 354, 355, 373, 374]	experiments/e117_c4_iptm80_af2traj_af3/out_s0/ova_body_c4_01/seed-1_sample-2/ova_body_c4_01_seed-1_sample-2_summary_confidences.json	experiments/e117_c4_iptm80_af2traj_af3/out_s0/ova_body_c4_01/seed-1_sample-2/ova_body_c4_01_seed-1_sample-2_model.cif
ova_body_c4_01	seed-1_sample-3	4	0.67	0.74	88.88121756123755	nan	nan	0.69	0.0	6	4	1	0	251	251	0	0.67	0.615	6.035	"{""A-B"": 12, ""A-C"": 49, ""A-D"": 65, ""B-C"": 65, ""B-D"": 49, ""C-D"": 11}"	[86, 87, 90, 94, 95, 96, 97, 98, 99, 182, 184, 187, 190, 191, 192, 193, 215, 216, 217, 236, 238, 271, 272, 278, 337, 338, 339, 340, 341, 342, 343, 344, 345, 346, 347, 348, 349, 350, 351, 353, 354, 355, 373, 374]	experiments/e117_c4_iptm80_af2traj_af3/out_s0/ova_body_c4_01/seed-1_sample-3/ova_body_c4_01_seed-1_sample-3_summary_confidences.json	experiments/e117_c4_iptm80_af2traj_af3/out_s0/ova_body_c4_01/seed-1_sample-3/ova_body_c4_01_seed-1_sample-3_model.cif
ova_body_c4_01	seed-1_sample-4	4	0.7	0.76	88.68668390185104	nan	nan	0.71	0.0	6	4	1	0	262	262	0	0.7	0.635	5.635	"{""A-B"": 14, ""A-C"": 47, ""A-D"": 71, ""B-C"": 71, ""B-D"": 45, ""C-D"": 14}"	[82, 83, 86, 90, 94, 95, 96, 97, 98, 99, 182, 184, 187, 190, 191, 192, 193, 215, 216, 217, 236, 238, 271, 272, 278, 337, 338, 339, 340, 341, 342, 343, 344, 345, 346, 347, 348, 349, 350, 351, 353, 354, 355, 373, 374]	experiments/e117_c4_iptm80_af2traj_af3/out_s0/ova_body_c4_01/seed-1_sample-4/ova_body_c4_01_seed-1_sample-4_summary_confidences.json	experiments/e117_c4_iptm80_af2traj_af3/out_s0/ova_body_c4_01/seed-1_sample-4/ova_body_c4_01_seed-1_sample-4_model.cif
ova_body_c4_02	seed-1_sample-0	4	0.29	0.45	85.94111394141005	nan	nan	0.32	0.0	4	4	1	0	347	347	0	0.38	0.27	18.880000000000003	"{""A-B"": 123, ""A-C"": 50, ""A-D"": 1, ""B-C"": 1, ""B-D"": 52, ""C-D"": 120}"	[1, 2, 3, 4, 64, 65, 68, 69, 70, 71, 72, 73, 74, 78, 79, 82, 83, 85, 86, 90, 94, 95, 96, 97, 124, 125, 131, 145, 148, 149, 152, 153, 155, 156, 182, 184, 186, 191, 192, 194, 210, 216, 217, 219, 234, 236, 237, 238, 239, 241, 266, 271, 275, 276, 277, 278, 334, 336, 337, 338, 340, 346, 347, 348, 349, 350, 351, 354, 355, 372, 373, 375]	experiments/e117_c4_iptm80_af2traj_af3/out_s1/ova_body_c4_02/seed-1_sample-0/ova_body_c4_02_seed-1_sample-0_summary_confidences.json	experiments/e117_c4_iptm80_af2traj_af3/out_s1/ova_body_c4_02/seed-1_sample-0/ova_body_c4_02_seed-1_sample-0_model.cif
ova_body_c4_02	seed-1_sample-1	4	0.29	0.45	85.85461147585063	nan	nan	0.32	0.0	4	4	1	0	318	318	0	0.36	0.265	18.735	"{""A-B"": 115, ""A-C"": 39, ""A-D"": 0, ""B-C"": 0, ""B-D"": 46, ""C-D"": 118}"	[1, 2, 3, 4, 64, 65, 68, 69, 70, 71, 72, 73, 78, 79, 82, 83, 86, 89, 90, 94, 95, 96, 97, 131, 145, 148, 149, 152, 153, 155, 156, 182, 184, 186, 191, 192, 194, 210, 216, 217, 219, 234, 237, 238, 239, 241, 266, 271, 275, 276, 277, 278, 334, 336, 337, 338, 341, 343, 348, 349, 350, 351, 354, 355, 372, 373, 375]	experiments/e117_c4_iptm80_af2traj_af3/out_s1/ova_body_c4_02/seed-1_sample-1/ova_body_c4_02_seed-1_sample-1_summary_confidences.json	experiments/e117_c4_iptm80_af2traj_af3/out_s1/ova_body_c4_02/seed-1_sample-1/ova_body_c4_02_seed-1_sample-1_model.cif
ova_body_c4_02	seed-1_sample-2	4	0.29	0.45	85.84888581784895	nan	nan	0.32	0.0	4	4	1	0	303	303	0	0.35	0.26	18.715	"{""A-B"": 115, ""A-C"": 39, ""A-D"": 0, ""B-C"": 0, ""B-D"": 35, ""C-D"": 114}"	[1, 2, 3, 4, 64, 65, 68, 69, 70, 71, 72, 73, 74, 78, 79, 82, 83, 86, 90, 93, 94, 95, 96, 97, 124, 145, 148, 149, 152, 153, 155, 156, 182, 184, 186, 191, 192, 194, 216, 217, 219, 234, 237, 238, 239, 241, 266, 270, 271, 275, 276, 277, 278, 336, 337, 338, 341, 346, 347, 348, 349, 350, 351, 354, 355, 372, 373, 375]	experiments/e117_c4_iptm80_af2traj_af3/out_s1/ova_body_c4_02/seed-1_sample-2/ova_body_c4_02_seed-1_sample-2_summary_confidences.json	experiments/e117_c4_iptm80_af2traj_af3/out_s1/ova_body_c4_02/seed-1_sample-2/ova_body_c4_02_seed-1_sample-2_model.cif
ova_body_c4_02	seed-1_sample-3	4	0.29	0.45	85.7741451065775	nan	nan	0.32	0.0	4	4	1	0	322	322	0	0.36	0.265	19.135	"{""A-B"": 123, ""A-C"": 39, ""A-D"": 0, ""B-C"": 1, ""B-D"": 42, ""C-D"": 117}"	[1, 2, 3, 4, 64, 65, 68, 69, 70, 71, 72, 73, 74, 78, 79, 82, 83, 85, 86, 89, 90, 93, 94, 95, 96, 97, 124, 131, 145, 148, 149, 152, 153, 155, 156, 182, 186, 191, 192, 194, 210, 217, 234, 237, 238, 239, 241, 266, 270, 271, 275, 276, 277, 278, 334, 336, 337, 338, 340, 341, 343, 347, 348, 349, 350, 351, 354, 355, 372, 373, 375]	experiments/e117_c4_iptm80_af2traj_af3/out_s1/ova_body_c4_02/seed-1_sample-3/ova_body_c4_02_seed-1_sample-3_summary_confidences.json	experiments/e117_c4_iptm80_af2traj_af3/out_s1/ova_body_c4_02/seed-1_sample-3/ova_body_c4_02_seed-1_sample-3_model.cif
ova_body_c4_02	seed-1_sample-4	4	0.29	0.45	85.74911909152807	nan	nan	0.32	0.0	4	4	1	0	337	337	0	0.36	0.26	18.91	"{""A-B"": 110, ""A-C"": 54, ""A-D"": 1, ""B-C"": 1, ""B-D"": 58, ""C-D"": 113}"	[1, 2, 3, 4, 64, 65, 68, 70, 71, 72, 73, 74, 78, 79, 82, 83, 86, 89, 90, 93, 94, 95, 96, 97, 124, 131, 144, 145, 148, 149, 151, 152, 153, 155, 156, 182, 184, 186, 189, 191, 192, 194, 196, 210, 217, 234, 237, 238, 239, 241, 266, 271, 275, 276, 277, 278, 334, 336, 337, 338, 340, 341, 348, 349, 350, 351, 354, 355, 372, 373, 375]	experiments/e117_c4_iptm80_af2traj_af3/out_s1/ova_body_c4_02/seed-1_sample-4/ova_body_c4_02_seed-1_sample-4_summary_confidences.json	experiments/e117_c4_iptm80_af2traj_af3/out_s1/ova_body_c4_02/seed-1_sample-4/ova_body_c4_02_seed-1_sample-4_model.cif
ova_body_c4_03	seed-1_sample-0	4	0.77	0.81	89.36598427925703	nan	nan	0.78	0.0	6	4	1	0	176	176	0	0.73	0.73	3.545	"{""A-B"": 8, ""A-C"": 50, ""A-D"": 31, ""B-C"": 31, ""B-D"": 48, ""C-D"": 8}"	[86, 90, 94, 95, 96, 97, 98, 99, 182, 184, 190, 191, 192, 193, 216, 217, 236, 271, 272, 276, 277, 278, 337, 338, 339, 340, 342, 343, 344, 345, 346, 347, 348, 349, 350, 351, 354, 373, 374]	experiments/e117_c4_iptm80_af2traj_af3/out_s2/ova_body_c4_03/seed-1_sample-0/ova_body_c4_03_seed-1_sample-0_summary_confidences.json	experiments/e117_c4_iptm80_af2traj_af3/out_s2/ova_body_c4_03/seed-1_sample-0/ova_body_c4_03_seed-1_sample-0_model.cif
ova_body_c4_03	seed-1_sample-1	4	0.78	0.82	89.40393789815161	nan	nan	0.78	0.0	6	4	1	0	185	185	0	0.74	0.735	3.44	"{""A-B"": 8, ""A-C"": 51, ""A-D"": 32, ""B-C"": 33, ""B-D"": 52, ""C-D"": 9}"	[86, 90, 94, 95, 96, 97, 98, 99, 182, 184, 190, 191, 192, 193, 216, 217, 236, 271, 272, 276, 277, 278, 337, 338, 339, 340, 342, 343, 344, 345, 346, 347, 348, 349, 350, 351, 354, 373, 374]	experiments/e117_c4_iptm80_af2traj_af3/out_s2/ova_body_c4_03/seed-1_sample-1/ova_body_c4_03_seed-1_sample-1_summary_confidences.json	experiments/e117_c4_iptm80_af2traj_af3/out_s2/ova_body_c4_03/seed-1_sample-1/ova_body_c4_03_seed-1_sample-1_model.cif
ova_body_c4_03	seed-1_sample-2	4	0.78	0.82	89.53038845161082	nan	nan	0.79	0.0	6	4	1	0	195	195	0	0.74	0.73	3.57	"{""A-B"": 21, ""A-C"": 50, ""A-D"": 24, ""B-C"": 26, ""B-D"": 51, ""C-D"": 23}"	[1, 2, 82, 83, 86, 90, 95, 96, 97, 98, 99, 182, 184, 190, 191, 192, 193, 216, 217, 236, 266, 270, 271, 272, 276, 277, 278, 337, 338, 339, 340, 342, 343, 344, 345, 346, 347, 348, 349, 350, 351, 354, 373, 374, 375]	experiments/e117_c4_iptm80_af2traj_af3/out_s2/ova_body_c4_03/seed-1_sample-2/ova_body_c4_03_seed-1_sample-2_summary_confidences.json	experiments/e117_c4_iptm80_af2traj_af3/out_s2/ova_body_c4_03/seed-1_sample-2/ova_body_c4_03_seed-1_sample-2_model.cif
ova_body_c4_03	seed-1_sample-3	4	0.78	0.82	89.40367883474715	nan	nan	0.79	0.0	6	4	1	0	194	194	0	0.73	0.73	3.4400000000000004	"{""A-B"": 10, ""A-C"": 58, ""A-D"": 28, ""B-C"": 29, ""B-D"": 59, ""C-D"": 10}"	[86, 87, 90, 95, 96, 97, 98, 99, 182, 184, 190, 191, 192, 193, 216, 217, 236, 271, 272, 277, 278, 337, 338, 339, 340, 341, 342, 343, 344, 345, 346, 347, 348, 349, 350, 351, 354, 373, 374]	experiments/e117_c4_iptm80_af2traj_af3/out_s2/ova_body_c4_03/seed-1_sample-3/ova_body_c4_03_seed-1_sample-3_summary_confidences.json	experiments/e117_c4_iptm80_af2traj_af3/out_s2/ova_body_c4_03/seed-1_sample-3/ova_body_c4_03_seed-1_sample-3_model.cif
ova_body_c4_03	seed-1_sample-4	4	0.79	0.83	89.05204638545378	nan	nan	0.8	0.0	6	4	1	0	192	192	0	0.74	0.74	3.31	"{""A-B"": 16, ""A-C"": 50, ""A-D"": 30, ""B-C"": 29, ""B-D"": 51, ""C-D"": 16}"	[1, 82, 83, 86, 90, 95, 96, 97, 98, 99, 182, 184, 190, 191, 192, 193, 216, 217, 236, 270, 271, 272, 277, 278, 337, 338, 339, 340, 341, 342, 343, 344, 345, 346, 347, 348, 349, 350, 351, 354, 373, 374]	experiments/e117_c4_iptm80_af2traj_af3/out_s2/ova_body_c4_03/seed-1_sample-4/ova_body_c4_03_seed-1_sample-4_summary_confidences.json	experiments/e117_c4_iptm80_af2traj_af3/out_s2/ova_body_c4_03/seed-1_sample-4/ova_body_c4_03_seed-1_sample-4_model.cif
ova_body_c4_04	seed-1_sample-0	4	0.79	0.83	89.53919685442831	nan	nan	0.8	0.0	6	4	1	0	178	178	0	0.75	0.75	3.0999999999999996	"{""A-B"": 9, ""A-C"": 48, ""A-D"": 31, ""B-C"": 33, ""B-D"": 49, ""C-D"": 8}"	[86, 87, 90, 95, 96, 97, 98, 99, 182, 184, 190, 191, 192, 193, 216, 217, 236, 271, 272, 276, 278, 337, 338, 339, 340, 342, 343, 344, 345, 346, 347, 348, 349, 350, 351, 354, 373, 374]	experiments/e117_c4_iptm80_af2traj_af3/out_s3/ova_body_c4_04/seed-1_sample-0/ova_body_c4_04_seed-1_sample-0_summary_confidences.json	experiments/e117_c4_iptm80_af2traj_af3/out_s3/ova_body_c4_04/seed-1_sample-0/ova_body_c4_04_seed-1_sample-0_model.cif
ova_body_c4_04	seed-1_sample-1	4	0.8	0.84	89.82834179537284	nan	nan	0.81	0.0	6	4	1	0	182	182	0	0.77	0.76	2.895	"{""A-B"": 8, ""A-C"": 58, ""A-D"": 22, ""B-C"": 27, ""B-D"": 59, ""C-D"": 8}"	[86, 90, 95, 96, 97, 98, 99, 182, 184, 190, 191, 192, 193, 216, 217, 236, 271, 272, 276, 277, 278, 337, 338, 339, 340, 341, 342, 343, 344, 345, 346, 347, 348, 349, 350, 351, 354, 373, 374]	experiments/e117_c4_iptm80_af2traj_af3/out_s3/ova_body_c4_04/seed-1_sample-1/ova_body_c4_04_seed-1_sample-1_summary_confidences.json	experiments/e117_c4_iptm80_af2traj_af3/out_s3/ova_body_c4_04/seed-1_sample-1/ova_body_c4_04_seed-1_sample-1_model.cif
ova_body_c4_04	seed-1_sample-2	4	0.8	0.83	89.84831595544371	nan	nan	0.8	0.0	6	4	1	0	195	195	0	0.76	0.75	3.0549999999999997	"{""A-B"": 11, ""A-C"": 52, ""A-D"": 34, ""B-C"": 35, ""B-D"": 52, ""C-D"": 11}"	[82, 83, 86, 90, 95, 96, 97, 98, 99, 182, 184, 190, 191, 192, 193, 216, 217, 236, 271, 272, 276, 277, 278, 337, 338, 339, 340, 341, 342, 343, 344, 345, 346, 347, 348, 349, 350, 351, 354, 373, 374]	experiments/e117_c4_iptm80_af2traj_af3/out_s3/ova_body_c4_04/seed-1_sample-2/ova_body_c4_04_seed-1_sample-2_summary_confidences.json	experiments/e117_c4_iptm80_af2traj_af3/out_s3/ova_body_c4_04/seed-1_sample-2/ova_body_c4_04_seed-1_sample-2_model.cif
ova_body_c4_04	seed-1_sample-3	4	0.8	0.84	89.70077724160308	nan	nan	0.81	0.0	6	4	1	0	160	160	0	0.77	0.75	3.065	"{""A-B"": 8, ""A-C"": 50, ""A-D"": 21, ""B-C"": 21, ""B-D"": 52, ""C-D"": 8}"	[86, 90, 95, 96, 97, 98, 99, 182, 184, 188, 190, 191, 192, 193, 216, 217, 236, 271, 272, 278, 337, 338, 339, 340, 341, 342, 343, 344, 345, 346, 347, 348, 349, 350, 351, 354, 373, 374]	experiments/e117_c4_iptm80_af2traj_af3/out_s3/ova_body_c4_04/seed-1_sample-3/ova_body_c4_04_seed-1_sample-3_summary_confidences.json	experiments/e117_c4_iptm80_af2traj_af3/out_s3/ova_body_c4_04/seed-1_sample-3/ova_body_c4_04_seed-1_sample-3_model.cif
ova_body_c4_04	seed-1_sample-4	4	0.8	0.84	89.58603625717558	nan	nan	0.81	0.0	6	4	1	0	175	175	0	0.76	0.76	2.9699999999999998	"{""A-B"": 12, ""A-C"": 53, ""A-D"": 23, ""B-C"": 23, ""B-D"": 52, ""C-D"": 12}"	[86, 87, 90, 95, 96, 97, 98, 99, 182, 184, 188, 190, 191, 192, 193, 216, 217, 236, 271, 272, 278, 337, 338, 339, 340, 341, 342, 343, 344, 345, 346, 347, 348, 349, 350, 351, 354, 373, 374]	experiments/e117_c4_iptm80_af2traj_af3/out_s3/ova_body_c4_04/seed-1_sample-4/ova_body_c4_04_seed-1_sample-4_summary_confidences.json	experiments/e117_c4_iptm80_af2traj_af3/out_s3/ova_body_c4_04/seed-1_sample-4/ova_body_c4_04_seed-1_sample-4_model.cif
ova_body_c4_05	seed-1_sample-0	4	0.82	0.85	89.81639885778871	nan	nan	0.82	0.0	6	4	1	0	172	172	0	0.78	0.77	2.705	"{""A-B"": 9, ""A-C"": 53, ""A-D"": 25, ""B-C"": 25, ""B-D"": 51, ""C-D"": 9}"	[83, 86, 90, 95, 96, 97, 98, 99, 182, 184, 188, 190, 191, 192, 193, 216, 217, 236, 271, 272, 278, 337, 338, 339, 340, 341, 342, 343, 344, 345, 346, 347, 348, 349, 350, 351, 354, 373, 374]	experiments/e117_c4_iptm80_af2traj_af3/out_s4/ova_body_c4_05/seed-1_sample-0/ova_body_c4_05_seed-1_sample-0_summary_confidences.json	experiments/e117_c4_iptm80_af2traj_af3/out_s4/ova_body_c4_05/seed-1_sample-0/ova_body_c4_05_seed-1_sample-0_model.cif
ova_body_c4_05	seed-1_sample-1	4	0.82	0.85	90.06388604949792	nan	nan	0.82	0.0	6	4	1	0	174	174	0	0.78	0.775	2.7649999999999997	"{""A-B"": 8, ""A-C"": 52, ""A-D"": 27, ""B-C"": 26, ""B-D"": 53, ""C-D"": 8}"	[86, 90, 95, 96, 97, 98, 99, 182, 184, 190, 191, 192, 193, 216, 217, 236, 271, 272, 278, 337, 338, 339, 340, 341, 342, 343, 344, 345, 346, 347, 348, 349, 350, 351, 354, 373, 374]	experiments/e117_c4_iptm80_af2traj_af3/out_s4/ova_body_c4_05/seed-1_sample-1/ova_body_c4_05_seed-1_sample-1_summary_confidences.json	experiments/e117_c4_iptm80_af2traj_af3/out_s4/ova_body_c4_05/seed-1_sample-1/ova_body_c4_05_seed-1_sample-1_model.cif
ova_body_c4_05	seed-1_sample-2	4	0.82	0.85	90.14974082195697	nan	nan	0.82	0.0	6	4	1	0	176	176	0	0.78	0.78	2.755	"{""A-B"": 11, ""A-C"": 54, ""A-D"": 23, ""B-C"": 23, ""B-D"": 54, ""C-D"": 11}"	[82, 83, 86, 90, 95, 96, 97, 98, 99, 182, 184, 190, 191, 192, 193, 216, 217, 236, 271, 272, 278, 337, 338, 339, 340, 341, 342, 343, 344, 345, 346, 347, 348, 349, 350, 351, 354, 373, 374]	experiments/e117_c4_iptm80_af2traj_af3/out_s4/ova_body_c4_05/seed-1_sample-2/ova_body_c4_05_seed-1_sample-2_summary_confidences.json	experiments/e117_c4_iptm80_af2traj_af3/out_s4/ova_body_c4_05/seed-1_sample-2/ova_body_c4_05_seed-1_sample-2_model.cif
ova_body_c4_05	seed-1_sample-3	4	0.82	0.85	89.97531108164416	nan	nan	0.83	0.0	6	4	1	0	168	168	0	0.79	0.78	2.73	"{""A-B"": 8, ""A-C"": 54, ""A-D"": 22, ""B-C"": 23, ""B-D"": 53, ""C-D"": 8}"	[86, 90, 95, 96, 97, 98, 99, 182, 184, 190, 191, 192, 193, 216, 217, 236, 271, 272, 278, 337, 338, 339, 340, 341, 342, 343, 344, 345, 346, 347, 348, 349, 350, 351, 354, 373, 374]	experiments/e117_c4_iptm80_af2traj_af3/out_s4/ova_body_c4_05/seed-1_sample-3/ova_body_c4_05_seed-1_sample-3_summary_confidences.json	experiments/e117_c4_iptm80_af2traj_af3/out_s4/ova_body_c4_05/seed-1_sample-3/ova_body_c4_05_seed-1_sample-3_model.cif
ova_body_c4_05	seed-1_sample-4	4	0.83	0.86	89.549559598142	nan	nan	0.84	0.0	6	4	1	0	185	185	0	0.79	0.785	2.685	"{""A-B"": 18, ""A-C"": 50, ""A-D"": 25, ""B-C"": 25, ""B-D"": 51, ""C-D"": 16}"	[1, 82, 83, 86, 87, 90, 95, 96, 97, 98, 99, 182, 184, 190, 191, 192, 193, 216, 217, 236, 270, 271, 272, 278, 337, 338, 339, 340, 341, 342, 343, 344, 345, 346, 347, 348, 349, 350, 351, 354, 373, 374]	experiments/e117_c4_iptm80_af2traj_af3/out_s4/ova_body_c4_05/seed-1_sample-4/ova_body_c4_05_seed-1_sample-4_summary_confidences.json	experiments/e117_c4_iptm80_af2traj_af3/out_s4/ova_body_c4_05/seed-1_sample-4/ova_body_c4_05_seed-1_sample-4_model.cif
ova_body_c4_06	seed-1_sample-0	4	0.81	0.84	89.65989645528052	nan	nan	0.82	0.0	6	4	1	0	186	186	0	0.77	0.77	2.885	"{""A-B"": 27, ""A-C"": 54, ""A-D"": 10, ""B-C"": 9, ""B-D"": 58, ""C-D"": 28}"	[86, 87, 90, 95, 96, 97, 98, 99, 182, 184, 190, 191, 192, 193, 216, 217, 236, 271, 272, 278, 337, 338, 339, 340, 341, 342, 343, 344, 345, 346, 347, 348, 349, 350, 351, 354, 373, 374]	experiments/e117_c4_iptm80_af2traj_af3/out_s5/ova_body_c4_06/seed-1_sample-0/ova_body_c4_06_seed-1_sample-0_summary_confidences.json	experiments/e117_c4_iptm80_af2traj_af3/out_s5/ova_body_c4_06/seed-1_sample-0/ova_body_c4_06_seed-1_sample-0_model.cif
ova_body_c4_06	seed-1_sample-1	4	0.81	0.84	89.72544053428531	nan	nan	0.81	0.0	6	4	1	0	177	177	0	0.77	0.76	2.8499999999999996	"{""A-B"": 23, ""A-C"": 53, ""A-D"": 13, ""B-C"": 12, ""B-D"": 52, ""C-D"": 24}"	[83, 86, 87, 90, 95, 96, 97, 98, 99, 182, 184, 190, 191, 192, 193, 216, 217, 236, 271, 272, 278, 337, 338, 339, 340, 341, 342, 343, 344, 345, 346, 347, 348, 349, 350, 351, 354, 373, 374]	experiments/e117_c4_iptm80_af2traj_af3/out_s5/ova_body_c4_06/seed-1_sample-1/ova_body_c4_06_seed-1_sample-1_summary_confidences.json	experiments/e117_c4_iptm80_af2traj_af3/out_s5/ova_body_c4_06/seed-1_sample-1/ova_body_c4_06_seed-1_sample-1_model.cif
ova_body_c4_06	seed-1_sample-2	4	0.81	0.84	89.87585498631927	nan	nan	0.82	0.0	6	4	1	0	187	187	0	0.77	0.77	2.87	"{""A-B"": 33, ""A-C"": 50, ""A-D"": 10, ""B-C"": 10, ""B-D"": 51, ""C-D"": 33}"	[83, 86, 90, 95, 96, 97, 98, 99, 182, 184, 190, 191, 192, 193, 216, 217, 236, 271, 272, 278, 337, 338, 339, 340, 342, 343, 344, 345, 346, 347, 348, 349, 350, 351, 354, 373, 374]	experiments/e117_c4_iptm80_af2traj_af3/out_s5/ova_body_c4_06/seed-1_sample-2/ova_body_c4_06_seed-1_sample-2_summary_confidences.json	experiments/e117_c4_iptm80_af2traj_af3/out_s5/ova_body_c4_06/seed-1_sample-2/ova_body_c4_06_seed-1_sample-2_model.cif
ova_body_c4_06	seed-1_sample-3	4	0.83	0.86	89.50803109401248	nan	nan	0.84	0.0	6	4	1	0	205	205	0	0.79	0.79	2.59	"{""A-B"": 31, ""A-C"": 55, ""A-D"": 18, ""B-C"": 18, ""B-D"": 53, ""C-D"": 30}"	[1, 82, 83, 86, 90, 95, 96, 97, 98, 99, 182, 184, 190, 191, 192, 193, 216, 217, 236, 266, 270, 271, 272, 278, 337, 338, 339, 340, 341, 342, 343, 344, 345, 346, 347, 348, 349, 350, 352, 353, 354, 355, 373, 374]	experiments/e117_c4_iptm80_af2traj_af3/out_s5/ova_body_c4_06/seed-1_sample-3/ova_body_c4_06_seed-1_sample-3_summary_confidences.json	experiments/e117_c4_iptm80_af2traj_af3/out_s5/ova_body_c4_06/seed-1_sample-3/ova_body_c4_06_seed-1_sample-3_model.cif
ova_body_c4_06	seed-1_sample-4	4	0.81	0.85	89.9790672440603	nan	nan	0.82	0.0	6	4	1	0	178	178	0	0.78	0.77	2.815	"{""A-B"": 28, ""A-C"": 53, ""A-D"": 8, ""B-C"": 8, ""B-D"": 53, ""C-D"": 28}"	[86, 90, 95, 96, 97, 98, 99, 182, 184, 190, 191, 192, 193, 215, 216, 217, 236, 271, 272, 278, 337, 338, 339, 340, 341, 342, 343, 344, 345, 346, 347, 348, 349, 350, 351, 354, 373, 374]	experiments/e117_c4_iptm80_af2traj_af3/out_s5/ova_body_c4_06/seed-1_sample-4/ova_body_c4_06_seed-1_sample-4_summary_confidences.json	experiments/e117_c4_iptm80_af2traj_af3/out_s5/ova_body_c4_06/seed-1_sample-4/ova_body_c4_06_seed-1_sample-4_model.cif
ova_body_c4_07	seed-1_sample-0	4	0.53	0.63	87.64308290036848	nan	nan	0.55	0.0	6	4	1	0	266	266	0	0.58	0.41	11.225	"{""A-B"": 26, ""A-C"": 66, ""A-D"": 38, ""B-C"": 39, ""B-D"": 67, ""C-D"": 30}"	[1, 64, 82, 83, 86, 87, 90, 94, 95, 96, 97, 98, 99, 182, 184, 186, 187, 190, 191, 192, 216, 217, 236, 237, 238, 239, 266, 270, 271, 272, 276, 278, 337, 338, 339, 340, 341, 342, 343, 344, 345, 346, 347, 348, 349, 350, 351, 354, 372, 373, 374]	experiments/e117_c4_iptm80_af2traj_af3/out_s6/ova_body_c4_07/seed-1_sample-0/ova_body_c4_07_seed-1_sample-0_summary_confidences.json	experiments/e117_c4_iptm80_af2traj_af3/out_s6/ova_body_c4_07/seed-1_sample-0/ova_body_c4_07_seed-1_sample-0_model.cif
ova_body_c4_07	seed-1_sample-1	4	0.51	0.61	87.09523310686022	nan	nan	0.53	0.0	6	4	1	0	247	247	0	0.55	0.38	11.48	"{""A-B"": 18, ""A-C"": 60, ""A-D"": 44, ""B-C"": 45, ""B-D"": 63, ""C-D"": 17}"	[86, 89, 90, 94, 95, 96, 97, 98, 99, 155, 182, 184, 186, 187, 190, 191, 192, 195, 216, 217, 236, 237, 238, 239, 271, 272, 276, 277, 278, 337, 338, 339, 340, 341, 342, 343, 344, 345, 346, 347, 348, 349, 350, 351, 354, 372, 373]	experiments/e117_c4_iptm80_af2traj_af3/out_s6/ova_body_c4_07/seed-1_sample-1/ova_body_c4_07_seed-1_sample-1_summary_confidences.json	experiments/e117_c4_iptm80_af2traj_af3/out_s6/ova_body_c4_07/seed-1_sample-1/ova_body_c4_07_seed-1_sample-1_model.cif
ova_body_c4_07	seed-1_sample-2	4	0.53	0.64	87.92740943394794	nan	nan	0.55	0.0	6	4	1	0	252	252	0	0.6	0.415	10.77	"{""A-B"": 24, ""A-C"": 65, ""A-D"": 35, ""B-C"": 39, ""B-D"": 65, ""C-D"": 24}"	[82, 83, 86, 87, 90, 94, 95, 96, 97, 98, 99, 182, 184, 186, 187, 188, 190, 191, 192, 216, 217, 236, 237, 238, 271, 272, 276, 278, 337, 338, 339, 340, 341, 342, 343, 344, 345, 346, 347, 348, 349, 350, 351, 354, 372, 373, 374]	experiments/e117_c4_iptm80_af2traj_af3/out_s6/ova_body_c4_07/seed-1_sample-2/ova_body_c4_07_seed-1_sample-2_summary_confidences.json	experiments/e117_c4_iptm80_af2traj_af3/out_s6/ova_body_c4_07/seed-1_sample-2/ova_body_c4_07_seed-1_sample-2_model.cif
ova_body_c4_07	seed-1_sample-3	4	0.52	0.62	87.52334198432882	nan	nan	0.54	0.0	6	4	1	0	226	226	0	0.6	0.39	11.219999999999999	"{""A-B"": 18, ""A-C"": 60, ""A-D"": 36, ""B-C"": 37, ""B-D"": 59, ""C-D"": 16}"	[82, 86, 90, 94, 95, 96, 97, 98, 99, 155, 182, 184, 186, 187, 188, 190, 191, 192, 193, 195, 216, 217, 236, 237, 238, 271, 272, 278, 337, 338, 339, 340, 341, 342, 343, 344, 345, 346, 347, 348, 349, 350, 353, 354, 372, 373, 374]	experiments/e117_c4_iptm80_af2traj_af3/out_s6/ova_body_c4_07/seed-1_sample-3/ova_body_c4_07_seed-1_sample-3_summary_confidences.json	experiments/e117_c4_iptm80_af2traj_af3/out_s6/ova_body_c4_07/seed-1_sample-3/ova_body_c4_07_seed-1_sample-3_model.cif
ova_body_c4_07	seed-1_sample-4	4	0.5	0.61	86.81450763761688	nan	nan	0.52	0.0	6	4	1	0	247	247	0	0.57	0.37	11.645	"{""A-B"": 21, ""A-C"": 60, ""A-D"": 42, ""B-C"": 44, ""B-D"": 59, ""C-D"": 21}"	[1, 2, 86, 89, 90, 94, 95, 96, 97, 98, 99, 155, 182, 183, 184, 186, 187, 190, 191, 192, 195, 216, 217, 236, 237, 238, 239, 271, 276, 278, 337, 338, 339, 340, 341, 342, 343, 344, 345, 346, 347, 348, 349, 350, 353, 354, 372, 373, 375]	experiments/e117_c4_iptm80_af2traj_af3/out_s6/ova_body_c4_07/seed-1_sample-4/ova_body_c4_07_seed-1_sample-4_summary_confidences.json	experiments/e117_c4_iptm80_af2traj_af3/out_s6/ova_body_c4_07/seed-1_sample-4/ova_body_c4_07_seed-1_sample-4_model.cif
ova_body_c4_08	seed-1_sample-0	4	0.33	0.48	86.63266827281893	nan	nan	0.36	0.0	4	4	1	0	336	336	0	0.49	0.32	15.45	"{""A-B"": 123, ""A-C"": 42, ""A-D"": 1, ""B-C"": 1, ""B-D"": 44, ""C-D"": 125}"	[1, 2, 3, 4, 5, 6, 63, 64, 65, 68, 69, 70, 71, 72, 73, 78, 79, 82, 83, 86, 89, 90, 93, 94, 95, 96, 97, 99, 124, 131, 148, 149, 152, 153, 155, 156, 182, 184, 191, 192, 210, 217, 219, 234, 236, 237, 238, 239, 241, 263, 266, 270, 271, 272, 274, 275, 276, 277, 278, 285, 334, 336, 337, 338, 340, 342, 343, 344, 345, 346, 349, 350, 351, 354, 355, 372, 373, 375]	experiments/e117_c4_iptm80_af2traj_af3/out_s7/ova_body_c4_08/seed-1_sample-0/ova_body_c4_08_seed-1_sample-0_summary_confidences.json	experiments/e117_c4_iptm80_af2traj_af3/out_s7/ova_body_c4_08/seed-1_sample-0/ova_body_c4_08_seed-1_sample-0_model.cif
ova_body_c4_08	seed-1_sample-1	4	0.31	0.47	86.5432383779417	nan	nan	0.34	0.0	4	4	1	0	290	290	0	0.47	0.305	16.145	"{""A-B"": 126, ""A-C"": 15, ""A-D"": 1, ""B-C"": 1, ""B-D"": 19, ""C-D"": 128}"	[1, 2, 3, 4, 5, 6, 63, 64, 65, 68, 69, 70, 71, 72, 73, 79, 82, 83, 86, 89, 90, 94, 95, 96, 97, 124, 152, 155, 156, 157, 182, 184, 186, 217, 219, 234, 237, 238, 239, 241, 263, 266, 270, 271, 272, 274, 275, 276, 277, 278, 334, 336, 342, 344, 345, 346, 349, 350, 351, 354, 355, 372, 373, 374, 375]	experiments/e117_c4_iptm80_af2traj_af3/out_s7/ova_body_c4_08/seed-1_sample-1/ova_body_c4_08_seed-1_sample-1_summary_confidences.json	experiments/e117_c4_iptm80_af2traj_af3/out_s7/ova_body_c4_08/seed-1_sample-1/ova_body_c4_08_seed-1_sample-1_model.cif
ova_body_c4_08	seed-1_sample-2	4	0.37	0.52	86.87603619432203	nan	nan	0.4	0.0	6	4	1	0	387	387	0	0.53	0.2	20.39	"{""A-B"": 116, ""A-C"": 25, ""A-D"": 52, ""B-C"": 50, ""B-D"": 26, ""C-D"": 118}"	[1, 2, 3, 4, 5, 6, 63, 64, 65, 68, 69, 70, 72, 73, 78, 79, 82, 83, 86, 89, 90, 93, 94, 95, 96, 97, 101, 110, 113, 114, 116, 117, 119, 120, 123, 124, 131, 132, 133, 134, 138, 141, 142, 145, 148, 149, 152, 153, 155, 156, 184, 217, 219, 234, 236, 237, 238, 239, 241, 263, 266, 270, 271, 272, 274, 275, 276, 277, 278, 341, 342, 343, 344, 345, 346, 347, 349, 350, 351, 354, 372, 373, 375]	experiments/e117_c4_iptm80_af2traj_af3/out_s7/ova_body_c4_08/seed-1_sample-2/ova_body_c4_08_seed-1_sample-2_summary_confidences.json	experiments/e117_c4_iptm80_af2traj_af3/out_s7/ova_body_c4_08/seed-1_sample-2/ova_body_c4_08_seed-1_sample-2_model.cif
ova_body_c4_08	seed-1_sample-3	4	0.36	0.51	86.50577713170817	nan	nan	0.39	0.0	6	4	1	0	396	396	0	0.5	0.195	20.805	"{""A-B"": 123, ""A-C"": 27, ""A-D"": 50, ""B-C"": 50, ""B-D"": 27, ""C-D"": 119}"	[1, 2, 3, 4, 5, 6, 64, 65, 68, 69, 70, 72, 73, 78, 79, 82, 83, 85, 86, 89, 90, 93, 94, 95, 96, 97, 101, 110, 113, 114, 116, 117, 119, 120, 123, 124, 131, 132, 133, 134, 138, 141, 142, 145, 148, 149, 152, 153, 155, 156, 184, 217, 219, 234, 236, 237, 238, 239, 241, 266, 270, 271, 272, 275, 276, 277, 278, 341, 342, 343, 344, 345, 346, 349, 350, 351, 354, 355, 372, 373, 375]	experiments/e117_c4_iptm80_af2traj_af3/out_s7/ova_body_c4_08/seed-1_sample-3/ova_body_c4_08_seed-1_sample-3_summary_confidences.json	experiments/e117_c4_iptm80_af2traj_af3/out_s7/ova_body_c4_08/seed-1_sample-3/ova_body_c4_08_seed-1_sample-3_model.cif
ova_body_c4_08	seed-1_sample-4	4	0.34	0.49	86.18886023605425	nan	nan	0.37	0.0	6	4	1	0	413	413	0	0.49	0.165	21.865	"{""A-B"": 117, ""A-C"": 76, ""A-D"": 11, ""B-C"": 8, ""B-D"": 81, ""C-D"": 120}"	[1, 2, 3, 4, 5, 6, 63, 64, 65, 68, 69, 70, 72, 73, 78, 79, 82, 83, 85, 86, 89, 90, 92, 93, 94, 95, 96, 97, 98, 99, 101, 116, 119, 120, 123, 124, 131, 132, 148, 149, 151, 152, 153, 154, 155, 156, 157, 159, 180, 182, 184, 188, 190, 191, 192, 217, 219, 234, 236, 237, 238, 239, 241, 266, 270, 271, 272, 274, 275, 276, 277, 278, 338, 339, 340, 341, 342, 343, 344, 345, 346, 347, 348, 349, 350, 351, 354, 372, 373, 375]	experiments/e117_c4_iptm80_af2traj_af3/out_s7/ova_body_c4_08/seed-1_sample-4/ova_body_c4_08_seed-1_sample-4_summary_confidences.json	experiments/e117_c4_iptm80_af2traj_af3/out_s7/ova_body_c4_08/seed-1_sample-4/ova_body_c4_08_seed-1_sample-4_model.cif
ova_body_c4_09	seed-1_sample-0	4	0.8	0.83	89.77028481083212	nan	nan	0.81	0.0	6	4	1	0	190	190	0	0.76	0.75	3.49	"{""A-B"": 8, ""A-C"": 56, ""A-D"": 31, ""B-C"": 32, ""B-D"": 55, ""C-D"": 8}"	[86, 90, 95, 96, 97, 98, 99, 182, 184, 190, 191, 192, 193, 216, 217, 236, 237, 271, 272, 276, 277, 278, 338, 339, 340, 341, 342, 343, 344, 345, 346, 347, 348, 349, 350, 351, 354, 373, 374]	experiments/e117_c4_iptm80_af2traj_af3/out_s0/ova_body_c4_09/seed-1_sample-0/ova_body_c4_09_seed-1_sample-0_summary_confidences.json	experiments/e117_c4_iptm80_af2traj_af3/out_s0/ova_body_c4_09/seed-1_sample-0/ova_body_c4_09_seed-1_sample-0_model.cif
ova_body_c4_09	seed-1_sample-1	4	0.79	0.83	89.63528488831199	nan	nan	0.8	0.0	6	4	1	0	208	208	0	0.75	0.745	3.55	"{""A-B"": 8, ""A-C"": 57, ""A-D"": 35, ""B-C"": 36, ""B-D"": 64, ""C-D"": 8}"	[86, 90, 95, 96, 97, 98, 99, 182, 184, 190, 191, 192, 193, 216, 217, 236, 237, 271, 272, 276, 277, 278, 337, 338, 339, 340, 341, 342, 343, 344, 345, 346, 347, 348, 349, 350, 351, 354, 373, 374]	experiments/e117_c4_iptm80_af2traj_af3/out_s0/ova_body_c4_09/seed-1_sample-1/ova_body_c4_09_seed-1_sample-1_summary_confidences.json	experiments/e117_c4_iptm80_af2traj_af3/out_s0/ova_body_c4_09/seed-1_sample-1/ova_body_c4_09_seed-1_sample-1_model.cif
ova_body_c4_09	seed-1_sample-2	4	0.8	0.83	89.89134712416892	nan	nan	0.8	0.0	6	4	1	0	214	214	0	0.76	0.75	3.425	"{""A-B"": 10, ""A-C"": 65, ""A-D"": 31, ""B-C"": 32, ""B-D"": 66, ""C-D"": 10}"	[82, 86, 90, 94, 95, 96, 97, 98, 99, 182, 184, 190, 191, 192, 193, 216, 217, 236, 237, 271, 272, 276, 277, 278, 337, 338, 339, 340, 341, 342, 343, 344, 345, 346, 347, 348, 349, 350, 351, 354, 373, 374]	experiments/e117_c4_iptm80_af2traj_af3/out_s0/ova_body_c4_09/seed-1_sample-2/ova_body_c4_09_seed-1_sample-2_summary_confidences.json	experiments/e117_c4_iptm80_af2traj_af3/out_s0/ova_body_c4_09/seed-1_sample-2/ova_body_c4_09_seed-1_sample-2_model.cif
ova_body_c4_09	seed-1_sample-3	4	0.79	0.83	89.60284963420018	nan	nan	0.8	0.0	6	4	1	0	207	207	0	0.75	0.74	3.545	"{""A-B"": 8, ""A-C"": 59, ""A-D"": 36, ""B-C"": 36, ""B-D"": 60, ""C-D"": 8}"	[86, 90, 95, 96, 97, 98, 99, 182, 184, 187, 190, 191, 192, 193, 216, 217, 236, 237, 238, 271, 272, 276, 277, 278, 337, 338, 339, 340, 341, 342, 343, 344, 345, 346, 347, 348, 349, 350, 351, 354, 373, 374]	experiments/e117_c4_iptm80_af2traj_af3/out_s0/ova_body_c4_09/seed-1_sample-3/ova_body_c4_09_seed-1_sample-3_summary_confidences.json	experiments/e117_c4_iptm80_af2traj_af3/out_s0/ova_body_c4_09/seed-1_sample-3/ova_body_c4_09_seed-1_sample-3_model.cif
ova_body_c4_09	seed-1_sample-4	4	0.8	0.84	89.61906736502375	nan	nan	0.81	0.0	6	4	1	0	228	228	0	0.76	0.76	3.29	"{""A-B"": 13, ""A-C"": 67, ""A-D"": 34, ""B-C"": 34, ""B-D"": 68, ""C-D"": 12}"	[1, 86, 90, 95, 96, 97, 98, 99, 182, 184, 190, 191, 192, 193, 216, 217, 236, 237, 270, 271, 272, 276, 277, 278, 337, 338, 339, 340, 341, 342, 343, 344, 345, 346, 347, 348, 349, 350, 351, 354, 373, 374]	experiments/e117_c4_iptm80_af2traj_af3/out_s0/ova_body_c4_09/seed-1_sample-4/ova_body_c4_09_seed-1_sample-4_summary_confidences.json	experiments/e117_c4_iptm80_af2traj_af3/out_s0/ova_body_c4_09/seed-1_sample-4/ova_body_c4_09_seed-1_sample-4_model.cif
ova_body_c4_10	seed-1_sample-0	4	0.39	0.53	86.50310877073615	nan	nan	0.41	0.0	4	4	1	0	360	360	0	0.53	0.37	13.495	"{""A-B"": 144, ""A-C"": 1, ""A-D"": 33, ""B-C"": 38, ""B-D"": 1, ""C-D"": 143}"	[1, 2, 3, 4, 64, 65, 68, 69, 70, 71, 72, 73, 74, 78, 79, 82, 83, 85, 86, 89, 90, 93, 94, 95, 96, 97, 99, 123, 124, 125, 127, 128, 151, 152, 155, 156, 157, 182, 184, 186, 191, 192, 217, 234, 237, 238, 239, 241, 271, 272, 275, 276, 277, 278, 285, 287, 334, 336, 338, 340, 342, 343, 345, 346, 349, 350, 351, 354, 355, 371, 372, 373, 374, 375]	experiments/e117_c4_iptm80_af2traj_af3/out_s1/ova_body_c4_10/seed-1_sample-0/ova_body_c4_10_seed-1_sample-0_summary_confidences.json	experiments/e117_c4_iptm80_af2traj_af3/out_s1/ova_body_c4_10/seed-1_sample-0/ova_body_c4_10_seed-1_sample-0_model.cif
ova_body_c4_10	seed-1_sample-1	4	0.4	0.54	86.70860116592961	nan	nan	0.43	0.0	4	4	1	0	364	364	0	0.54	0.385	12.985000000000001	"{""A-B"": 130, ""A-C"": 1, ""A-D"": 51, ""B-C"": 48, ""B-D"": 1, ""C-D"": 133}"	[1, 2, 3, 4, 64, 65, 68, 69, 70, 71, 72, 73, 74, 78, 79, 82, 83, 85, 86, 89, 90, 93, 94, 95, 96, 97, 124, 125, 131, 141, 145, 148, 149, 152, 153, 155, 156, 182, 184, 186, 191, 192, 194, 196, 210, 217, 234, 237, 238, 239, 241, 271, 275, 276, 277, 278, 285, 287, 334, 336, 337, 338, 340, 342, 344, 345, 346, 349, 350, 351, 354, 355, 371, 372, 373, 374, 375]	experiments/e117_c4_iptm80_af2traj_af3/out_s1/ova_body_c4_10/seed-1_sample-1/ova_body_c4_10_seed-1_sample-1_summary_confidences.json	experiments/e117_c4_iptm80_af2traj_af3/out_s1/ova_body_c4_10/seed-1_sample-1/ova_body_c4_10_seed-1_sample-1_model.cif
ova_body_c4_10	seed-1_sample-2	4	0.41	0.54	86.95292759435782	nan	nan	0.43	0.0	4	4	1	0	354	354	0	0.56	0.395	12.675	"{""A-B"": 136, ""A-C"": 1, ""A-D"": 39, ""B-C"": 39, ""B-D"": 1, ""C-D"": 138}"	[1, 2, 3, 64, 65, 68, 69, 70, 71, 72, 73, 74, 78, 79, 82, 83, 85, 86, 89, 90, 93, 94, 95, 96, 97, 124, 125, 131, 141, 145, 148, 149, 152, 155, 156, 182, 184, 186, 191, 192, 196, 210, 217, 234, 237, 238, 239, 241, 271, 275, 276, 277, 278, 285, 287, 334, 336, 337, 338, 340, 342, 343, 345, 346, 349, 350, 351, 354, 355, 371, 372, 373, 374]	experiments/e117_c4_iptm80_af2traj_af3/out_s1/ova_body_c4_10/seed-1_sample-2/ova_body_c4_10_seed-1_sample-2_summary_confidences.json	experiments/e117_c4_iptm80_af2traj_af3/out_s1/ova_body_c4_10/seed-1_sample-2/ova_body_c4_10_seed-1_sample-2_model.cif
ova_body_c4_10	seed-1_sample-3	4	0.4	0.54	86.57041450362131	nan	nan	0.43	0.0	4	4	1	0	397	397	0	0.55	0.395	13.21	"{""A-B"": 146, ""A-C"": 1, ""A-D"": 50, ""B-C"": 52, ""B-D"": 1, ""C-D"": 147}"	[1, 2, 3, 64, 65, 68, 69, 70, 71, 72, 73, 74, 78, 79, 82, 83, 85, 86, 89, 90, 93, 94, 95, 96, 97, 124, 125, 131, 141, 144, 145, 148, 149, 151, 152, 153, 155, 156, 182, 186, 191, 192, 194, 196, 210, 217, 219, 234, 236, 237, 238, 239, 241, 271, 275, 276, 277, 278, 285, 287, 334, 336, 337, 338, 340, 342, 343, 344, 345, 346, 349, 350, 351, 354, 355, 371, 372, 373, 374]	experiments/e117_c4_iptm80_af2traj_af3/out_s1/ova_body_c4_10/seed-1_sample-3/ova_body_c4_10_seed-1_sample-3_summary_confidences.json	experiments/e117_c4_iptm80_af2traj_af3/out_s1/ova_body_c4_10/seed-1_sample-3/ova_body_c4_10_seed-1_sample-3_model.cif
ova_body_c4_10	seed-1_sample-4	4	0.41	0.54	86.787797858678	nan	nan	0.44	0.0	4	4	1	0	365	365	0	0.57	0.40499999999999997	12.889999999999999	"{""A-B"": 126, ""A-C"": 1, ""A-D"": 58, ""B-C"": 53, ""B-D"": 1, ""C-D"": 126}"	[1, 2, 3, 64, 65, 68, 69, 70, 71, 72, 73, 74, 78, 79, 82, 83, 85, 86, 89, 90, 93, 94, 95, 96, 97, 124, 125, 131, 141, 144, 145, 148, 149, 151, 152, 153, 155, 156, 182, 184, 186, 191, 192, 194, 196, 210, 217, 219, 234, 237, 238, 239, 241, 271, 275, 276, 277, 278, 285, 287, 334, 336, 337, 338, 340, 342, 343, 345, 346, 349, 350, 351, 354, 371, 372, 373, 374]	experiments/e117_c4_iptm80_af2traj_af3/out_s1/ova_body_c4_10/seed-1_sample-4/ova_body_c4_10_seed-1_sample-4_summary_confidences.json	experiments/e117_c4_iptm80_af2traj_af3/out_s1/ova_body_c4_10/seed-1_sample-4/ova_body_c4_10_seed-1_sample-4_model.cif
ova_body_c4_11	seed-1_sample-0	4	0.79	0.82	89.40696893207767	nan	nan	0.79	0.0	6	4	1	0	195	195	0	0.74	0.74	3.335	"{""A-B"": 9, ""A-C"": 59, ""A-D"": 30, ""B-C"": 30, ""B-D"": 59, ""C-D"": 8}"	[86, 87, 90, 95, 96, 97, 98, 99, 182, 184, 190, 191, 192, 193, 216, 217, 236, 237, 271, 272, 276, 277, 278, 337, 338, 339, 340, 341, 342, 343, 344, 345, 346, 347, 348, 349, 350, 351, 354, 373, 374]	experiments/e117_c4_iptm80_af2traj_af3/out_s2/ova_body_c4_11/seed-1_sample-0/ova_body_c4_11_seed-1_sample-0_summary_confidences.json	experiments/e117_c4_iptm80_af2traj_af3/out_s2/ova_body_c4_11/seed-1_sample-0/ova_body_c4_11_seed-1_sample-0_model.cif
ova_body_c4_11	seed-1_sample-1	4	0.79	0.83	89.45813467589068	nan	nan	0.8	0.0	6	4	1	0	207	207	0	0.75	0.75	3.325	"{""A-B"": 8, ""A-C"": 61, ""A-D"": 33, ""B-C"": 33, ""B-D"": 64, ""C-D"": 8}"	[86, 90, 94, 95, 96, 97, 98, 99, 182, 184, 190, 191, 192, 193, 216, 217, 236, 237, 271, 272, 276, 277, 278, 337, 338, 339, 340, 341, 342, 343, 344, 345, 346, 347, 348, 349, 350, 351, 354, 373, 374]	experiments/e117_c4_iptm80_af2traj_af3/out_s2/ova_body_c4_11/seed-1_sample-1/ova_body_c4_11_seed-1_sample-1_summary_confidences.json	experiments/e117_c4_iptm80_af2traj_af3/out_s2/ova_body_c4_11/seed-1_sample-1/ova_body_c4_11_seed-1_sample-1_model.cif
ova_body_c4_11	seed-1_sample-2	4	0.79	0.83	89.71365292208182	nan	nan	0.8	0.0	6	4	1	0	213	213	0	0.75	0.75	3.175	"{""A-B"": 12, ""A-C"": 63, ""A-D"": 31, ""B-C"": 31, ""B-D"": 64, ""C-D"": 12}"	[82, 83, 86, 90, 94, 95, 96, 97, 98, 99, 182, 184, 190, 191, 192, 193, 216, 217, 236, 237, 271, 272, 276, 277, 278, 337, 338, 339, 340, 341, 342, 343, 344, 345, 346, 347, 348, 349, 350, 351, 354, 373, 374]	experiments/e117_c4_iptm80_af2traj_af3/out_s2/ova_body_c4_11/seed-1_sample-2/ova_body_c4_11_seed-1_sample-2_summary_confidences.json	experiments/e117_c4_iptm80_af2traj_af3/out_s2/ova_body_c4_11/seed-1_sample-2/ova_body_c4_11_seed-1_sample-2_model.cif
ova_body_c4_11	seed-1_sample-3	4	0.79	0.83	89.48427456277639	nan	nan	0.8	0.0	6	4	1	0	219	219	0	0.75	0.75	3.17	"{""A-B"": 10, ""A-C"": 64, ""A-D"": 36, ""B-C"": 36, ""B-D"": 65, ""C-D"": 8}"	[86, 87, 90, 95, 96, 97, 98, 99, 182, 184, 190, 191, 192, 193, 216, 217, 236, 237, 271, 272, 276, 277, 278, 337, 338, 339, 340, 341, 342, 343, 344, 345, 346, 347, 348, 349, 350, 351, 354, 373, 374]	experiments/e117_c4_iptm80_af2traj_af3/out_s2/ova_body_c4_11/seed-1_sample-3/ova_body_c4_11_seed-1_sample-3_summary_confidences.json	experiments/e117_c4_iptm80_af2traj_af3/out_s2/ova_body_c4_11/seed-1_sample-3/ova_body_c4_11_seed-1_sample-3_model.cif
ova_body_c4_11	seed-1_sample-4	4	0.8	0.84	89.49191697273848	nan	nan	0.81	0.0	6	4	1	0	218	218	0	0.76	0.76	3.02	"{""A-B"": 15, ""A-C"": 64, ""A-D"": 31, ""B-C"": 31, ""B-D"": 63, ""C-D"": 14}"	[1, 86, 87, 90, 94, 95, 96, 97, 98, 99, 182, 184, 190, 191, 192, 193, 216, 217, 236, 237, 270, 271, 272, 276, 277, 278, 337, 338, 339, 340, 341, 342, 343, 344, 345, 346, 347, 348, 349, 350, 351, 354, 373, 374]	experiments/e117_c4_iptm80_af2traj_af3/out_s2/ova_body_c4_11/seed-1_sample-4/ova_body_c4_11_seed-1_sample-4_summary_confidences.json	experiments/e117_c4_iptm80_af2traj_af3/out_s2/ova_body_c4_11/seed-1_sample-4/ova_body_c4_11_seed-1_sample-4_model.cif
ova_body_c4_12	seed-1_sample-0	4	0.37	0.51	85.98354924651625	nan	nan	0.39	0.0	6	4	1	0	420	420	0	0.42	0.24	19.055	"{""A-B"": 146, ""A-C"": 43, ""A-D"": 28, ""B-C"": 21, ""B-D"": 42, ""C-D"": 140}"	[1, 2, 3, 64, 65, 68, 69, 70, 72, 75, 76, 77, 79, 82, 83, 85, 86, 89, 90, 93, 94, 95, 96, 97, 110, 116, 119, 120, 123, 124, 125, 127, 131, 132, 133, 134, 145, 148, 149, 152, 153, 155, 156, 159, 186, 188, 190, 191, 192, 217, 234, 236, 237, 238, 239, 241, 271, 275, 276, 277, 278, 339, 340, 341, 342, 343, 344, 345, 346, 347, 349, 350, 354, 371, 372, 373, 374]	experiments/e117_c4_iptm80_af2traj_af3/out_s3/ova_body_c4_12/seed-1_sample-0/ova_body_c4_12_seed-1_sample-0_summary_confidences.json	experiments/e117_c4_iptm80_af2traj_af3/out_s3/ova_body_c4_12/seed-1_sample-0/ova_body_c4_12_seed-1_sample-0_model.cif
ova_body_c4_12	seed-1_sample-1	4	0.38	0.52	86.20453358190665	nan	nan	0.41	0.0	6	4	1	0	368	368	0	0.44	0.24	18.805	"{""A-B"": 126, ""A-C"": 36, ""A-D"": 19, ""B-C"": 20, ""B-D"": 43, ""C-D"": 124}"	[1, 2, 3, 64, 65, 68, 69, 70, 72, 78, 79, 82, 83, 85, 86, 89, 90, 93, 94, 95, 96, 97, 110, 116, 119, 120, 123, 124, 125, 127, 131, 132, 133, 134, 145, 148, 149, 152, 153, 155, 156, 157, 159, 186, 188, 190, 191, 192, 217, 234, 236, 237, 238, 239, 241, 271, 275, 276, 277, 278, 339, 340, 341, 342, 343, 344, 345, 346, 347, 349, 350, 354, 371, 372, 373, 374]	experiments/e117_c4_iptm80_af2traj_af3/out_s3/ova_body_c4_12/seed-1_sample-1/ova_body_c4_12_seed-1_sample-1_summary_confidences.json	experiments/e117_c4_iptm80_af2traj_af3/out_s3/ova_body_c4_12/seed-1_sample-1/ova_body_c4_12_seed-1_sample-1_model.cif
ova_body_c4_12	seed-1_sample-2	4	0.36	0.51	86.23209859423069	nan	nan	0.39	0.0	6	4	1	0	374	374	0	0.42	0.225	18.744999999999997	"{""A-B"": 126, ""A-C"": 17, ""A-D"": 46, ""B-C"": 47, ""B-D"": 17, ""C-D"": 121}"	[1, 2, 3, 4, 64, 65, 68, 70, 72, 78, 79, 82, 83, 85, 86, 89, 90, 93, 94, 95, 96, 97, 110, 113, 116, 119, 120, 123, 124, 125, 127, 131, 132, 134, 138, 141, 142, 144, 145, 148, 149, 152, 153, 155, 156, 186, 217, 234, 237, 238, 239, 241, 271, 275, 276, 277, 278, 340, 341, 342, 343, 344, 345, 346, 347, 350, 354, 371, 372, 373, 374, 375]	experiments/e117_c4_iptm80_af2traj_af3/out_s3/ova_body_c4_12/seed-1_sample-2/ova_body_c4_12_seed-1_sample-2_summary_confidences.json	experiments/e117_c4_iptm80_af2traj_af3/out_s3/ova_body_c4_12/seed-1_sample-2/ova_body_c4_12_seed-1_sample-2_model.cif
ova_body_c4_12	seed-1_sample-3	4	0.36	0.51	86.16510349728283	nan	nan	0.39	0.0	6	4	1	0	341	341	0	0.42	0.22	19.115000000000002	"{""A-B"": 118, ""A-C"": 15, ""A-D"": 35, ""B-C"": 39, ""B-D"": 18, ""C-D"": 116}"	[1, 2, 3, 64, 65, 68, 70, 72, 78, 79, 82, 83, 85, 86, 89, 90, 93, 94, 95, 96, 97, 110, 116, 119, 120, 123, 124, 127, 131, 132, 134, 138, 141, 142, 144, 145, 148, 149, 152, 153, 155, 156, 186, 217, 234, 237, 238, 239, 241, 271, 275, 276, 277, 278, 340, 341, 342, 343, 344, 345, 346, 350, 354, 371, 372, 373, 374]	experiments/e117_c4_iptm80_af2traj_af3/out_s3/ova_body_c4_12/seed-1_sample-3/ova_body_c4_12_seed-1_sample-3_summary_confidences.json	experiments/e117_c4_iptm80_af2traj_af3/out_s3/ova_body_c4_12/seed-1_sample-3/ova_body_c4_12_seed-1_sample-3_model.cif
ova_body_c4_12	seed-1_sample-4	4	0.37	0.51	85.19334194203115	nan	nan	0.4	0.0	6	4	1	0	378	378	0	0.41	0.255	19.564999999999998	"{""A-B"": 100, ""A-C"": 72, ""A-D"": 10, ""B-C"": 10, ""B-D"": 76, ""C-D"": 110}"	[1, 2, 3, 64, 65, 68, 70, 72, 73, 74, 78, 79, 81, 82, 83, 85, 86, 90, 93, 94, 95, 96, 97, 116, 119, 120, 123, 124, 125, 141, 144, 145, 147, 148, 149, 151, 152, 153, 155, 156, 157, 159, 160, 184, 186, 188, 190, 191, 192, 193, 216, 217, 234, 237, 238, 239, 275, 276, 277, 278, 336, 337, 338, 339, 340, 341, 342, 343, 344, 345, 346, 348, 349, 350, 351, 354, 372, 373, 374]	experiments/e117_c4_iptm80_af2traj_af3/out_s3/ova_body_c4_12/seed-1_sample-4/ova_body_c4_12_seed-1_sample-4_summary_confidences.json	experiments/e117_c4_iptm80_af2traj_af3/out_s3/ova_body_c4_12/seed-1_sample-4/ova_body_c4_12_seed-1_sample-4_model.cif
ova_body_c4_13	seed-1_sample-0	4	0.37	0.52	86.1120207396196	nan	nan	0.4	0.0	6	4	1	0	417	417	0	0.42	0.25	18.42	"{""A-B"": 104, ""A-C"": 35, ""A-D"": 72, ""B-C"": 69, ""B-D"": 34, ""C-D"": 103}"	[1, 2, 3, 4, 5, 6, 63, 64, 65, 68, 69, 70, 71, 72, 78, 79, 82, 83, 86, 89, 92, 93, 94, 95, 96, 98, 99, 105, 110, 119, 123, 124, 127, 128, 129, 130, 131, 132, 133, 134, 138, 141, 144, 145, 148, 149, 151, 152, 153, 155, 156, 182, 183, 184, 188, 190, 191, 192, 217, 219, 234, 237, 238, 239, 263, 266, 270, 271, 272, 274, 275, 276, 277, 278, 338, 339, 340, 341, 343, 344, 345, 350, 351, 354, 355, 356, 372, 373, 374, 375]	experiments/e117_c4_iptm80_af2traj_af3/out_s4/ova_body_c4_13/seed-1_sample-0/ova_body_c4_13_seed-1_sample-0_summary_confidences.json	experiments/e117_c4_iptm80_af2traj_af3/out_s4/ova_body_c4_13/seed-1_sample-0/ova_body_c4_13_seed-1_sample-0_model.cif
ova_body_c4_13	seed-1_sample-1	4	0.35	0.5	85.78468906817659	nan	nan	0.38	0.0	6	4	1	0	374	374	0	0.4	0.23	16.735	"{""A-B"": 122, ""A-C"": 16, ""A-D"": 50, ""B-C"": 49, ""B-D"": 20, ""C-D"": 117}"	[1, 2, 3, 4, 5, 6, 63, 64, 65, 68, 69, 70, 71, 72, 79, 82, 83, 86, 89, 90, 93, 94, 95, 96, 97, 99, 110, 116, 119, 120, 123, 124, 127, 128, 129, 131, 132, 134, 138, 141, 144, 145, 148, 149, 151, 152, 155, 156, 182, 191, 217, 219, 234, 236, 237, 238, 239, 241, 263, 266, 270, 271, 272, 274, 275, 276, 277, 278, 338, 340, 341, 342, 343, 344, 345, 347, 350, 351, 354, 355, 356, 371, 372, 373, 374, 375]	experiments/e117_c4_iptm80_af2traj_af3/out_s4/ova_body_c4_13/seed-1_sample-1/ova_body_c4_13_seed-1_sample-1_summary_confidences.json	experiments/e117_c4_iptm80_af2traj_af3/out_s4/ova_body_c4_13/seed-1_sample-1/ova_body_c4_13_seed-1_sample-1_model.cif
ova_body_c4_13	seed-1_sample-2	4	0.34	0.49	85.29183926359977	nan	nan	0.37	0.0	6	4	1	0	371	371	0	0.36	0.23	17.845	"{""A-B"": 104, ""A-C"": 25, ""A-D"": 57, ""B-C"": 57, ""B-D"": 24, ""C-D"": 104}"	[1, 2, 3, 4, 5, 6, 64, 65, 69, 75, 76, 78, 79, 82, 83, 86, 89, 93, 94, 95, 96, 98, 99, 105, 110, 123, 127, 128, 129, 131, 132, 133, 134, 137, 138, 141, 144, 145, 148, 149, 151, 152, 155, 156, 182, 183, 184, 190, 191, 192, 217, 219, 234, 237, 238, 239, 241, 266, 270, 271, 272, 274, 275, 276, 277, 278, 338, 339, 340, 341, 342, 343, 344, 345, 349, 350, 351, 354, 355, 371, 372, 373, 374, 375]	experiments/e117_c4_iptm80_af2traj_af3/out_s4/ova_body_c4_13/seed-1_sample-2/ova_body_c4_13_seed-1_sample-2_summary_confidences.json	experiments/e117_c4_iptm80_af2traj_af3/out_s4/ova_body_c4_13/seed-1_sample-2/ova_body_c4_13_seed-1_sample-2_model.cif
ova_body_c4_13	seed-1_sample-3	4	0.33	0.48	85.38515547520139	nan	nan	0.36	0.0	6	4	1	0	367	367	0	0.36	0.21	18.01	"{""A-B"": 113, ""A-C"": 22, ""A-D"": 50, ""B-C"": 52, ""B-D"": 22, ""C-D"": 108}"	[1, 2, 3, 4, 5, 6, 63, 64, 65, 68, 70, 71, 72, 79, 82, 83, 86, 89, 90, 93, 94, 95, 96, 97, 99, 110, 119, 123, 124, 127, 128, 129, 131, 132, 134, 138, 141, 145, 148, 149, 151, 152, 155, 156, 182, 186, 191, 192, 217, 219, 234, 236, 237, 238, 239, 241, 266, 271, 274, 275, 276, 277, 278, 337, 338, 340, 341, 342, 343, 344, 345, 350, 351, 354, 356, 371, 372, 373, 374, 375]	experiments/e117_c4_iptm80_af2traj_af3/out_s4/ova_body_c4_13/seed-1_sample-3/ova_body_c4_13_seed-1_sample-3_summary_confidences.json	experiments/e117_c4_iptm80_af2traj_af3/out_s4/ova_body_c4_13/seed-1_sample-3/ova_body_c4_13_seed-1_sample-3_model.cif
ova_body_c4_13	seed-1_sample-4	4	0.35	0.5	85.74437829249881	nan	nan	0.38	0.0	6	4	1	0	402	402	0	0.38	0.23	18.72	"{""A-B"": 110, ""A-C"": 27, ""A-D"": 64, ""B-C"": 64, ""B-D"": 26, ""C-D"": 111}"	[1, 2, 3, 4, 5, 6, 64, 65, 68, 70, 78, 79, 82, 83, 86, 89, 92, 93, 94, 95, 96, 98, 99, 100, 110, 119, 123, 124, 127, 128, 129, 131, 132, 134, 138, 141, 145, 148, 149, 151, 152, 153, 155, 156, 182, 183, 184, 186, 190, 191, 192, 217, 219, 234, 236, 237, 238, 239, 241, 263, 266, 270, 271, 272, 274, 275, 276, 277, 278, 338, 339, 340, 341, 343, 344, 345, 350, 354, 356, 372, 373, 374, 375]	experiments/e117_c4_iptm80_af2traj_af3/out_s4/ova_body_c4_13/seed-1_sample-4/ova_body_c4_13_seed-1_sample-4_summary_confidences.json	experiments/e117_c4_iptm80_af2traj_af3/out_s4/ova_body_c4_13/seed-1_sample-4/ova_body_c4_13_seed-1_sample-4_model.cif
ova_body_c4_14	seed-1_sample-0	4	0.33	0.49	86.22352329313446	nan	nan	0.36	0.0	4	4	1	0	371	371	0	0.4	0.30000000000000004	17.525	"{""A-B"": 140, ""A-C"": 1, ""A-D"": 41, ""B-C"": 51, ""B-D"": 1, ""C-D"": 137}"	[1, 2, 3, 4, 64, 65, 68, 69, 70, 71, 72, 73, 74, 78, 79, 82, 83, 85, 86, 89, 90, 93, 94, 95, 96, 97, 99, 124, 125, 131, 141, 145, 148, 149, 151, 152, 153, 155, 156, 157, 182, 184, 186, 191, 192, 196, 208, 210, 216, 217, 234, 237, 238, 239, 241, 271, 275, 276, 277, 278, 285, 287, 334, 336, 337, 340, 342, 343, 344, 345, 346, 349, 350, 351, 354, 355, 372, 373, 375]	experiments/e117_c4_iptm80_af2traj_af3/out_s5/ova_body_c4_14/seed-1_sample-0/ova_body_c4_14_seed-1_sample-0_summary_confidences.json	experiments/e117_c4_iptm80_af2traj_af3/out_s5/ova_body_c4_14/seed-1_sample-0/ova_body_c4_14_seed-1_sample-0_model.cif
ova_body_c4_14	seed-1_sample-1	4	0.36	0.51	86.46114000508204	nan	nan	0.39	0.0	4	4	1	0	348	348	0	0.43	0.33	16.175	"{""A-B"": 112, ""A-C"": 1, ""A-D"": 56, ""B-C"": 55, ""B-D"": 1, ""C-D"": 123}"	[1, 2, 3, 4, 64, 65, 68, 70, 72, 73, 74, 78, 79, 82, 83, 85, 86, 89, 90, 93, 94, 95, 96, 97, 124, 125, 131, 141, 144, 145, 148, 149, 151, 152, 153, 155, 156, 182, 186, 191, 192, 194, 196, 210, 216, 217, 234, 237, 238, 239, 241, 271, 275, 276, 277, 278, 285, 287, 334, 336, 337, 338, 340, 342, 344, 345, 346, 347, 349, 350, 351, 354, 355, 372, 373, 375]	experiments/e117_c4_iptm80_af2traj_af3/out_s5/ova_body_c4_14/seed-1_sample-1/ova_body_c4_14_seed-1_sample-1_summary_confidences.json	experiments/e117_c4_iptm80_af2traj_af3/out_s5/ova_body_c4_14/seed-1_sample-1/ova_body_c4_14_seed-1_sample-1_model.cif
ova_body_c4_14	seed-1_sample-2	4	0.36	0.51	86.51696893958848	nan	nan	0.39	0.0	4	4	1	0	366	366	0	0.42	0.325	16.38	"{""A-B"": 130, ""A-C"": 1, ""A-D"": 52, ""B-C"": 52, ""B-D"": 1, ""C-D"": 130}"	[1, 2, 3, 64, 65, 68, 69, 70, 72, 73, 74, 78, 79, 82, 83, 86, 89, 90, 93, 94, 95, 96, 97, 121, 124, 125, 131, 141, 144, 145, 148, 149, 152, 153, 155, 156, 182, 186, 187, 191, 192, 194, 196, 210, 216, 217, 234, 236, 237, 238, 239, 241, 271, 275, 276, 277, 278, 285, 287, 334, 336, 337, 338, 340, 341, 344, 345, 346, 347, 349, 350, 351, 354, 372, 373, 375]	experiments/e117_c4_iptm80_af2traj_af3/out_s5/ova_body_c4_14/seed-1_sample-2/ova_body_c4_14_seed-1_sample-2_summary_confidences.json	experiments/e117_c4_iptm80_af2traj_af3/out_s5/ova_body_c4_14/seed-1_sample-2/ova_body_c4_14_seed-1_sample-2_model.cif
ova_body_c4_14	seed-1_sample-3	4	0.36	0.51	86.16103631844793	nan	nan	0.39	0.0	4	4	1	0	391	391	0	0.43	0.33	16.615000000000002	"{""A-B"": 138, ""A-C"": 2, ""A-D"": 57, ""B-C"": 57, ""B-D"": 2, ""C-D"": 135}"	[1, 3, 64, 65, 68, 69, 70, 71, 72, 73, 74, 78, 79, 81, 82, 83, 85, 86, 89, 90, 93, 94, 95, 96, 97, 121, 124, 125, 131, 141, 144, 145, 148, 149, 151, 152, 153, 155, 156, 182, 186, 187, 191, 192, 194, 196, 210, 216, 217, 234, 236, 237, 238, 239, 241, 271, 275, 276, 277, 278, 285, 287, 334, 336, 337, 338, 340, 342, 344, 345, 346, 347, 349, 350, 351, 354, 372, 373]	experiments/e117_c4_iptm80_af2traj_af3/out_s5/ova_body_c4_14/seed-1_sample-3/ova_body_c4_14_seed-1_sample-3_summary_confidences.json	experiments/e117_c4_iptm80_af2traj_af3/out_s5/ova_body_c4_14/seed-1_sample-3/ova_body_c4_14_seed-1_sample-3_model.cif
ova_body_c4_14	seed-1_sample-4	4	0.35	0.5	86.18981870344884	nan	nan	0.38	0.0	4	4	1	0	370	370	0	0.42	0.325	16.84	"{""A-B"": 126, ""A-C"": 1, ""A-D"": 59, ""B-C"": 59, ""B-D"": 1, ""C-D"": 124}"	[1, 2, 3, 64, 65, 68, 69, 70, 71, 72, 73, 74, 78, 79, 81, 82, 83, 85, 86, 89, 90, 94, 95, 96, 97, 124, 125, 131, 141, 144, 145, 148, 149, 151, 152, 153, 155, 156, 182, 186, 191, 192, 194, 195, 196, 210, 217, 234, 236, 237, 238, 239, 241, 271, 275, 276, 277, 278, 285, 287, 334, 336, 337, 338, 340, 342, 343, 344, 345, 346, 347, 349, 350, 351, 354, 372, 373, 375]	experiments/e117_c4_iptm80_af2traj_af3/out_s5/ova_body_c4_14/seed-1_sample-4/ova_body_c4_14_seed-1_sample-4_summary_confidences.json	experiments/e117_c4_iptm80_af2traj_af3/out_s5/ova_body_c4_14/seed-1_sample-4/ova_body_c4_14_seed-1_sample-4_model.cif
ova_body_c4_15	seed-1_sample-0	4	0.74	0.79	89.14300525250212	nan	nan	0.75	0.0	6	4	1	0	238	238	0	0.71	0.7	4.0649999999999995	"{""A-B"": 14, ""A-C"": 45, ""A-D"": 60, ""B-C"": 61, ""B-D"": 45, ""C-D"": 13}"	[82, 83, 86, 87, 90, 96, 97, 98, 99, 182, 184, 187, 190, 191, 192, 193, 215, 216, 217, 236, 271, 272, 278, 337, 338, 339, 340, 341, 342, 343, 344, 345, 346, 347, 348, 349, 350, 351, 354, 373, 374]	experiments/e117_c4_iptm80_af2traj_af3/out_s6/ova_body_c4_15/seed-1_sample-0/ova_body_c4_15_seed-1_sample-0_summary_confidences.json	experiments/e117_c4_iptm80_af2traj_af3/out_s6/ova_body_c4_15/seed-1_sample-0/ova_body_c4_15_seed-1_sample-0_model.cif
ova_body_c4_15	seed-1_sample-1	4	0.74	0.79	88.8275130573332	nan	nan	0.75	0.0	6	4	1	0	251	251	0	0.7	0.7	4.33	"{""A-B"": 14, ""A-C"": 43, ""A-D"": 62, ""B-C"": 71, ""B-D"": 45, ""C-D"": 16}"	[82, 83, 86, 87, 90, 96, 97, 98, 99, 182, 184, 187, 190, 191, 192, 193, 215, 216, 217, 218, 236, 271, 272, 278, 337, 338, 339, 340, 341, 342, 343, 344, 345, 346, 347, 348, 349, 350, 351, 353, 354, 355, 373, 374]	experiments/e117_c4_iptm80_af2traj_af3/out_s6/ova_body_c4_15/seed-1_sample-1/ova_body_c4_15_seed-1_sample-1_summary_confidences.json	experiments/e117_c4_iptm80_af2traj_af3/out_s6/ova_body_c4_15/seed-1_sample-1/ova_body_c4_15_seed-1_sample-1_model.cif
ova_body_c4_15	seed-1_sample-2	4	0.74	0.79	89.1680569031078	nan	nan	0.75	0.0	6	4	1	0	243	243	0	0.7	0.7	4.2	"{""A-B"": 26, ""A-C"": 49, ""A-D"": 46, ""B-C"": 48, ""B-D"": 49, ""C-D"": 25}"	[1, 2, 82, 83, 86, 87, 90, 95, 96, 97, 98, 99, 182, 184, 187, 190, 191, 192, 193, 215, 216, 217, 236, 266, 270, 271, 272, 278, 337, 338, 339, 340, 341, 342, 343, 344, 345, 346, 347, 348, 349, 350, 351, 354, 373, 374, 375]	experiments/e117_c4_iptm80_af2traj_af3/out_s6/ova_body_c4_15/seed-1_sample-2/ova_body_c4_15_seed-1_sample-2_summary_confidences.json	experiments/e117_c4_iptm80_af2traj_af3/out_s6/ova_body_c4_15/seed-1_sample-2/ova_body_c4_15_seed-1_sample-2_model.cif
ova_body_c4_15	seed-1_sample-3	4	0.74	0.79	89.28968936544626	nan	nan	0.75	0.0	6	4	1	0	243	243	0	0.71	0.71	4.199999999999999	"{""A-B"": 12, ""A-C"": 45, ""A-D"": 65, ""B-C"": 65, ""B-D"": 45, ""C-D"": 11}"	[86, 87, 90, 96, 97, 98, 99, 182, 184, 187, 190, 191, 192, 193, 215, 216, 217, 236, 271, 272, 278, 337, 338, 339, 340, 341, 342, 343, 344, 345, 346, 347, 348, 349, 350, 351, 354, 373, 374]	experiments/e117_c4_iptm80_af2traj_af3/out_s6/ova_body_c4_15/seed-1_sample-3/ova_body_c4_15_seed-1_sample-3_summary_confidences.json	experiments/e117_c4_iptm80_af2traj_af3/out_s6/ova_body_c4_15/seed-1_sample-3/ova_body_c4_15_seed-1_sample-3_model.cif
ova_body_c4_15	seed-1_sample-4	4	0.75	0.8	88.9991192397676	nan	nan	0.76	0.0	6	4	1	0	253	253	0	0.72	0.715	4.055	"{""A-B"": 16, ""A-C"": 47, ""A-D"": 62, ""B-C"": 64, ""B-D"": 48, ""C-D"": 16}"	[82, 83, 86, 87, 90, 96, 97, 98, 99, 182, 183, 184, 187, 190, 191, 192, 193, 215, 216, 217, 236, 271, 272, 278, 337, 338, 339, 340, 341, 342, 343, 344, 345, 346, 347, 348, 349, 350, 351, 354, 373, 374]	experiments/e117_c4_iptm80_af2traj_af3/out_s6/ova_body_c4_15/seed-1_sample-4/ova_body_c4_15_seed-1_sample-4_summary_confidences.json	experiments/e117_c4_iptm80_af2traj_af3/out_s6/ova_body_c4_15/seed-1_sample-4/ova_body_c4_15_seed-1_sample-4_model.cif
ova_body_c4_16	seed-1_sample-0	4	0.25	0.42	83.47106221549869	nan	nan	0.29	0.0	6	4	1	0	446	446	0	0.2	0.195	22.244999999999997	"{""A-B"": 137, ""A-C"": 50, ""A-D"": 29, ""B-C"": 31, ""B-D"": 48, ""C-D"": 151}"	[1, 2, 3, 4, 5, 6, 64, 65, 67, 68, 69, 70, 71, 72, 82, 83, 85, 86, 87, 89, 90, 93, 94, 95, 96, 97, 99, 110, 116, 119, 120, 123, 124, 125, 127, 128, 131, 132, 138, 141, 144, 145, 148, 149, 151, 152, 153, 155, 156, 182, 184, 186, 217, 219, 232, 234, 237, 238, 239, 241, 266, 267, 269, 270, 271, 272, 275, 276, 277, 278, 334, 336, 339, 341, 342, 343, 344, 345, 346, 348, 349, 350, 351, 353, 354, 355, 372, 373, 374, 375]	experiments/e117_c4_iptm80_af2traj_af3/out_s7/ova_body_c4_16/seed-1_sample-0/ova_body_c4_16_seed-1_sample-0_summary_confidences.json	experiments/e117_c4_iptm80_af2traj_af3/out_s7/ova_body_c4_16/seed-1_sample-0/ova_body_c4_16_seed-1_sample-0_model.cif
ova_body_c4_16	seed-1_sample-1	4	0.23	0.4	83.2739897021358	nan	nan	0.26	0.0	6	4	1	0	465	465	0	0.18	0.16	23.119999999999997	"{""A-B"": 57, ""A-C"": 55, ""A-D"": 116, ""B-C"": 124, ""B-D"": 56, ""C-D"": 57}"	[1, 2, 3, 4, 5, 6, 64, 65, 68, 69, 70, 71, 79, 82, 83, 86, 87, 89, 90, 93, 94, 95, 96, 97, 98, 99, 110, 116, 119, 120, 123, 124, 125, 127, 128, 131, 132, 138, 141, 144, 145, 148, 149, 151, 152, 153, 155, 156, 157, 182, 184, 191, 217, 219, 234, 236, 237, 238, 239, 241, 266, 270, 271, 272, 274, 275, 276, 277, 278, 334, 336, 337, 338, 339, 340, 342, 343, 344, 345, 346, 348, 349, 350, 351, 354, 355, 372, 373, 374, 375]	experiments/e117_c4_iptm80_af2traj_af3/out_s7/ova_body_c4_16/seed-1_sample-1/ova_body_c4_16_seed-1_sample-1_summary_confidences.json	experiments/e117_c4_iptm80_af2traj_af3/out_s7/ova_body_c4_16/seed-1_sample-1/ova_body_c4_16_seed-1_sample-1_model.cif
ova_body_c4_16	seed-1_sample-2	4	0.21	0.39	83.56233154059692	nan	nan	0.25	0.0	4	4	1	0	309	309	0	0.18	0.155	23.035	"{""A-B"": 129, ""A-C"": 1, ""A-D"": 26, ""B-C"": 28, ""B-D"": 1, ""C-D"": 124}"	[1, 2, 3, 4, 5, 6, 64, 65, 69, 73, 78, 79, 80, 81, 82, 83, 86, 89, 90, 92, 93, 94, 95, 96, 97, 99, 101, 127, 152, 155, 156, 157, 182, 184, 215, 216, 217, 219, 234, 237, 238, 239, 241, 263, 266, 267, 269, 270, 271, 272, 275, 276, 277, 278, 334, 336, 338, 339, 340, 343, 344, 345, 346, 347, 348, 349, 350, 372, 373, 374, 375]	experiments/e117_c4_iptm80_af2traj_af3/out_s7/ova_body_c4_16/seed-1_sample-2/ova_body_c4_16_seed-1_sample-2_summary_confidences.json	experiments/e117_c4_iptm80_af2traj_af3/out_s7/ova_body_c4_16/seed-1_sample-2/ova_body_c4_16_seed-1_sample-2_model.cif
ova_body_c4_16	seed-1_sample-3	4	0.25	0.42	83.42049221177176	nan	nan	0.28	0.0	6	4	1	0	480	480	0	0.2	0.185	21.85	"{""A-B"": 141, ""A-C"": 86, ""A-D"": 17, ""B-C"": 21, ""B-D"": 82, ""C-D"": 133}"	[1, 2, 3, 4, 5, 64, 65, 68, 69, 70, 71, 72, 79, 82, 83, 85, 86, 87, 89, 90, 92, 93, 94, 95, 96, 97, 99, 110, 111, 113, 114, 116, 119, 120, 122, 123, 124, 126, 127, 128, 129, 130, 131, 132, 133, 134, 137, 138, 141, 142, 144, 145, 147, 148, 149, 151, 152, 153, 155, 156, 157, 180, 182, 184, 186, 187, 216, 217, 219, 232, 234, 236, 237, 238, 239, 241, 266, 270, 271, 272, 275, 276, 277, 278, 336, 339, 340, 341, 342, 343, 344, 345, 346, 349, 350, 351, 354, 355, 372, 373, 374, 375]	experiments/e117_c4_iptm80_af2traj_af3/out_s7/ova_body_c4_16/seed-1_sample-3/ova_body_c4_16_seed-1_sample-3_summary_confidences.json	experiments/e117_c4_iptm80_af2traj_af3/out_s7/ova_body_c4_16/seed-1_sample-3/ova_body_c4_16_seed-1_sample-3_model.cif
ova_body_c4_16	seed-1_sample-4	4	0.21	0.39	83.25295370724535	nan	nan	0.24	0.0	6	4	1	0	315	315	0	0.16	0.14	23.83	"{""A-B"": 88, ""A-C"": 6, ""A-D"": 64, ""B-C"": 62, ""B-D"": 10, ""C-D"": 85}"	[1, 2, 3, 64, 65, 69, 73, 75, 76, 77, 78, 79, 80, 81, 83, 86, 90, 92, 93, 94, 95, 96, 97, 99, 101, 102, 120, 124, 127, 128, 131, 141, 145, 148, 149, 152, 153, 155, 156, 157, 182, 191, 192, 194, 196, 210, 217, 234, 237, 238, 239, 241, 266, 267, 270, 271, 272, 275, 276, 277, 278, 285, 334, 336, 337, 339, 340, 342, 343, 344, 345, 346, 349, 372, 373, 375]	experiments/e117_c4_iptm80_af2traj_af3/out_s7/ova_body_c4_16/seed-1_sample-4/ova_body_c4_16_seed-1_sample-4_summary_confidences.json	experiments/e117_c4_iptm80_af2traj_af3/out_s7/ova_body_c4_16/seed-1_sample-4/ova_body_c4_16_seed-1_sample-4_model.cif
ova_body_c4_17	seed-1_sample-0	4	0.22	0.4	84.36253875771952	nan	nan	0.25	0.0	6	4	1	0	237	237	0	0.16	0.15	21.395	"{""A-B"": 71, ""A-C"": 25, ""A-D"": 10, ""B-C"": 18, ""B-D"": 32, ""C-D"": 81}"	[82, 86, 90, 93, 94, 95, 96, 97, 98, 99, 155, 156, 182, 183, 184, 188, 190, 191, 192, 195, 196, 215, 216, 217, 234, 236, 237, 238, 271, 272, 276, 278, 334, 336, 337, 338, 339, 340, 341, 342, 343, 344, 345, 346, 347, 348, 349, 350, 351, 354, 355, 373, 374]	experiments/e117_c4_iptm80_af2traj_af3/out_s0/ova_body_c4_17/seed-1_sample-0/ova_body_c4_17_seed-1_sample-0_summary_confidences.json	experiments/e117_c4_iptm80_af2traj_af3/out_s0/ova_body_c4_17/seed-1_sample-0/ova_body_c4_17_seed-1_sample-0_model.cif
ova_body_c4_17	seed-1_sample-1	4	0.21	0.4	83.74629512846161	nan	nan	0.25	0.0	6	4	1	0	464	464	0	0.15	0.15	22.975	"{""A-B"": 40, ""A-C"": 131, ""A-D"": 63, ""B-C"": 64, ""B-D"": 127, ""C-D"": 39}"	[1, 2, 3, 4, 5, 6, 64, 65, 68, 70, 72, 73, 80, 82, 83, 85, 86, 90, 93, 94, 95, 96, 97, 99, 101, 116, 117, 119, 120, 124, 125, 131, 133, 134, 145, 148, 149, 151, 152, 153, 154, 155, 156, 157, 182, 184, 186, 188, 191, 217, 219, 232, 234, 236, 237, 238, 239, 241, 266, 267, 269, 270, 271, 272, 274, 275, 276, 277, 278, 336, 337, 338, 339, 340, 341, 342, 343, 344, 345, 346, 347, 348, 349, 350, 351, 354, 355, 372, 373, 374, 375]	experiments/e117_c4_iptm80_af2traj_af3/out_s0/ova_body_c4_17/seed-1_sample-1/ova_body_c4_17_seed-1_sample-1_summary_confidences.json	experiments/e117_c4_iptm80_af2traj_af3/out_s0/ova_body_c4_17/seed-1_sample-1/ova_body_c4_17_seed-1_sample-1_model.cif
ova_body_c4_17	seed-1_sample-2	4	0.18	0.37	83.90792744888543	nan	nan	0.22	0.0	6	4	1	0	389	389	0	0.12	0.12	26.14	"{""A-B"": 89, ""A-C"": 32, ""A-D"": 78, ""B-C"": 76, ""B-D"": 31, ""C-D"": 83}"	[1, 2, 3, 6, 64, 65, 67, 68, 69, 70, 71, 72, 73, 74, 78, 79, 82, 86, 89, 90, 92, 93, 94, 95, 96, 98, 99, 100, 101, 116, 117, 119, 120, 121, 123, 124, 125, 127, 128, 131, 132, 133, 134, 145, 148, 149, 152, 153, 155, 156, 157, 182, 187, 191, 192, 194, 217, 238, 239, 266, 267, 269, 270, 271, 272, 276, 278, 334, 336, 337, 338, 340, 341, 342, 343, 344, 345, 346, 348, 349, 372, 373, 374, 375]	experiments/e117_c4_iptm80_af2traj_af3/out_s0/ova_body_c4_17/seed-1_sample-2/ova_body_c4_17_seed-1_sample-2_summary_confidences.json	experiments/e117_c4_iptm80_af2traj_af3/out_s0/ova_body_c4_17/seed-1_sample-2/ova_body_c4_17_seed-1_sample-2_model.cif
ova_body_c4_17	seed-1_sample-3	4	0.23	0.4	83.84577720523498	nan	nan	0.26	0.0	6	4	1	0	497	497	0	0.17	0.165	22.11	"{""A-B"": 49, ""A-C"": 53, ""A-D"": 142, ""B-C"": 150, ""B-D"": 53, ""C-D"": 50}"	[1, 2, 3, 4, 5, 6, 64, 65, 67, 68, 69, 70, 71, 73, 79, 82, 83, 85, 86, 89, 92, 93, 94, 95, 96, 97, 99, 101, 110, 116, 119, 120, 123, 124, 127, 128, 131, 132, 133, 134, 145, 148, 149, 152, 153, 155, 156, 157, 182, 186, 217, 219, 232, 234, 236, 237, 238, 239, 241, 263, 266, 267, 269, 270, 271, 272, 275, 276, 277, 278, 338, 340, 341, 342, 343, 344, 345, 346, 348, 349, 350, 351, 353, 354, 355, 357, 372, 373, 374, 375]	experiments/e117_c4_iptm80_af2traj_af3/out_s0/ova_body_c4_17/seed-1_sample-3/ova_body_c4_17_seed-1_sample-3_summary_confidences.json	experiments/e117_c4_iptm80_af2traj_af3/out_s0/ova_body_c4_17/seed-1_sample-3/ova_body_c4_17_seed-1_sample-3_model.cif
ova_body_c4_17	seed-1_sample-4	4	0.21	0.39	84.90880842653581	nan	nan	0.24	0.0	6	4	1	0	217	217	0	0.17	0.14	22.3	"{""A-B"": 47, ""A-C"": 18, ""A-D"": 46, ""B-C"": 44, ""B-D"": 22, ""C-D"": 40}"	[82, 83, 86, 87, 90, 93, 94, 95, 96, 97, 99, 182, 183, 184, 186, 188, 190, 191, 192, 216, 217, 234, 238, 271, 272, 275, 276, 278, 334, 336, 337, 338, 339, 340, 341, 342, 343, 345, 346, 347, 348, 349, 350, 351, 354, 372, 373, 374]	experiments/e117_c4_iptm80_af2traj_af3/out_s0/ova_body_c4_17/seed-1_sample-4/ova_body_c4_17_seed-1_sample-4_summary_confidences.json	experiments/e117_c4_iptm80_af2traj_af3/out_s0/ova_body_c4_17/seed-1_sample-4/ova_body_c4_17_seed-1_sample-4_model.cif
ova_body_c4_18	seed-1_sample-0	4	0.23	0.41	84.36520697045202	nan	nan	0.27	0.0	6	4	1	0	499	499	0	0.2	0.16	21.98	"{""A-B"": 118, ""A-C"": 66, ""A-D"": 59, ""B-C"": 62, ""B-D"": 72, ""C-D"": 122}"	[1, 2, 3, 4, 5, 6, 64, 65, 68, 69, 70, 71, 72, 73, 78, 79, 82, 83, 85, 86, 89, 90, 92, 93, 94, 95, 96, 97, 99, 110, 116, 119, 120, 123, 124, 125, 127, 128, 131, 132, 138, 141, 144, 145, 148, 149, 151, 152, 153, 155, 156, 157, 182, 183, 184, 188, 191, 217, 219, 234, 236, 237, 238, 239, 241, 266, 270, 271, 272, 274, 275, 276, 277, 278, 334, 336, 337, 338, 339, 340, 341, 342, 343, 344, 345, 346, 348, 349, 350, 351, 354, 355, 372, 373, 374, 375]	experiments/e117_c4_iptm80_af2traj_af3/out_s1/ova_body_c4_18/seed-1_sample-0/ova_body_c4_18_seed-1_sample-0_summary_confidences.json	experiments/e117_c4_iptm80_af2traj_af3/out_s1/ova_body_c4_18/seed-1_sample-0/ova_body_c4_18_seed-1_sample-0_model.cif
ova_body_c4_18	seed-1_sample-1	4	0.23	0.41	84.64797919278318	nan	nan	0.27	0.0	6	4	1	0	350	350	0	0.2	0.16	22.424999999999997	"{""A-B"": 111, ""A-C"": 23, ""A-D"": 36, ""B-C"": 39, ""B-D"": 26, ""C-D"": 115}"	[1, 2, 3, 4, 5, 6, 64, 65, 68, 69, 70, 72, 73, 78, 79, 82, 83, 86, 93, 94, 96, 97, 116, 117, 119, 120, 123, 124, 131, 132, 133, 134, 138, 141, 142, 145, 148, 149, 152, 155, 156, 157, 182, 184, 217, 219, 234, 236, 237, 238, 239, 241, 266, 270, 271, 272, 274, 275, 276, 277, 278, 338, 340, 342, 343, 345, 346, 348, 349, 350, 351, 354, 355, 372, 373, 374, 375]	experiments/e117_c4_iptm80_af2traj_af3/out_s1/ova_body_c4_18/seed-1_sample-1/ova_body_c4_18_seed-1_sample-1_summary_confidences.json	experiments/e117_c4_iptm80_af2traj_af3/out_s1/ova_body_c4_18/seed-1_sample-1/ova_body_c4_18_seed-1_sample-1_model.cif
ova_body_c4_18	seed-1_sample-2	4	0.24	0.41	84.77489641416877	nan	nan	0.27	0.0	6	4	1	0	405	405	0	0.21	0.15	22.805	"{""A-B"": 125, ""A-C"": 26, ""A-D"": 53, ""B-C"": 53, ""B-D"": 25, ""C-D"": 123}"	[1, 2, 3, 4, 5, 6, 64, 65, 68, 69, 70, 72, 73, 78, 79, 82, 83, 86, 90, 93, 95, 96, 97, 110, 113, 114, 116, 117, 119, 120, 123, 124, 131, 132, 133, 134, 138, 141, 142, 145, 148, 149, 151, 152, 153, 155, 156, 217, 219, 234, 236, 237, 238, 239, 241, 266, 267, 269, 270, 271, 272, 274, 275, 276, 277, 278, 338, 340, 341, 342, 344, 345, 346, 348, 349, 350, 351, 354, 355, 356, 372, 373, 374, 375]	experiments/e117_c4_iptm80_af2traj_af3/out_s1/ova_body_c4_18/seed-1_sample-2/ova_body_c4_18_seed-1_sample-2_summary_confidences.json	experiments/e117_c4_iptm80_af2traj_af3/out_s1/ova_body_c4_18/seed-1_sample-2/ova_body_c4_18_seed-1_sample-2_model.cif
ova_body_c4_18	seed-1_sample-3	4	0.24	0.41	84.76227968838549	nan	nan	0.28	0.0	6	4	1	0	414	414	0	0.2	0.165	22.765	"{""A-B"": 119, ""A-C"": 36, ""A-D"": 58, ""B-C"": 57, ""B-D"": 35, ""C-D"": 109}"	[1, 2, 3, 4, 64, 65, 68, 69, 70, 72, 73, 78, 79, 82, 83, 85, 86, 90, 93, 94, 95, 96, 97, 99, 110, 113, 114, 116, 117, 119, 120, 123, 124, 131, 132, 133, 134, 138, 142, 145, 148, 149, 152, 153, 155, 156, 157, 182, 217, 219, 234, 236, 237, 238, 239, 241, 266, 270, 271, 272, 275, 276, 277, 278, 338, 340, 341, 342, 343, 344, 345, 346, 347, 348, 349, 350, 351, 354, 355, 356, 372, 373, 374, 375]	experiments/e117_c4_iptm80_af2traj_af3/out_s1/ova_body_c4_18/seed-1_sample-3/ova_body_c4_18_seed-1_sample-3_summary_confidences.json	experiments/e117_c4_iptm80_af2traj_af3/out_s1/ova_body_c4_18/seed-1_sample-3/ova_body_c4_18_seed-1_sample-3_model.cif
ova_body_c4_18	seed-1_sample-4	4	0.24	0.41	84.79531088517737	nan	nan	0.27	0.0	6	4	1	0	382	382	0	0.2	0.16	22.689999999999998	"{""A-B"": 105, ""A-C"": 44, ""A-D"": 35, ""B-C"": 34, ""B-D"": 51, ""C-D"": 113}"	[1, 2, 3, 4, 6, 64, 65, 68, 69, 70, 72, 78, 79, 82, 83, 86, 89, 90, 93, 94, 95, 96, 97, 99, 110, 116, 119, 120, 123, 124, 127, 131, 132, 133, 134, 145, 149, 151, 152, 155, 156, 157, 182, 184, 217, 219, 234, 236, 237, 238, 239, 241, 266, 270, 271, 272, 275, 276, 277, 278, 334, 338, 340, 341, 342, 343, 344, 345, 346, 348, 349, 350, 351, 354, 355, 372, 373, 374, 375]	experiments/e117_c4_iptm80_af2traj_af3/out_s1/ova_body_c4_18/seed-1_sample-4/ova_body_c4_18_seed-1_sample-4_summary_confidences.json	experiments/e117_c4_iptm80_af2traj_af3/out_s1/ova_body_c4_18/seed-1_sample-4/ova_body_c4_18_seed-1_sample-4_model.cif
ova_body_c4_19	seed-1_sample-0	4	0.43	0.56	85.4051814598123	nan	nan	0.45	0.0	6	4	1	0	377	377	0	0.38	0.37	14.025	"{""A-B"": 69, ""A-C"": 64, ""A-D"": 54, ""B-C"": 53, ""B-D"": 71, ""C-D"": 66}"	[1, 3, 64, 65, 68, 70, 71, 72, 79, 82, 83, 86, 90, 93, 94, 95, 96, 97, 99, 110, 116, 119, 120, 123, 124, 127, 128, 131, 132, 138, 141, 144, 145, 148, 149, 151, 152, 153, 155, 156, 157, 159, 182, 184, 186, 191, 192, 217, 234, 236, 237, 238, 239, 241, 271, 275, 276, 277, 278, 285, 287, 334, 336, 337, 338, 339, 340, 341, 342, 343, 344, 345, 346, 348, 349, 350, 351, 354, 372, 373, 375]	experiments/e117_c4_iptm80_af2traj_af3/out_s2/ova_body_c4_19/seed-1_sample-0/ova_body_c4_19_seed-1_sample-0_summary_confidences.json	experiments/e117_c4_iptm80_af2traj_af3/out_s2/ova_body_c4_19/seed-1_sample-0/ova_body_c4_19_seed-1_sample-0_model.cif
ova_body_c4_19	seed-1_sample-1	4	0.42	0.55	85.45678749479778	nan	nan	0.45	0.0	6	4	1	0	433	433	0	0.38	0.36	15.440000000000001	"{""A-B"": 72, ""A-C"": 97, ""A-D"": 46, ""B-C"": 49, ""B-D"": 95, ""C-D"": 74}"	[1, 2, 3, 4, 5, 6, 64, 65, 68, 70, 71, 72, 78, 79, 82, 83, 86, 90, 93, 94, 95, 96, 97, 99, 110, 116, 119, 120, 123, 124, 127, 128, 131, 132, 138, 141, 144, 145, 148, 149, 151, 152, 153, 155, 156, 157, 159, 182, 184, 186, 191, 192, 217, 234, 236, 237, 238, 239, 241, 271, 275, 276, 277, 278, 287, 334, 336, 337, 338, 339, 340, 341, 342, 343, 344, 345, 346, 347, 348, 349, 350, 351, 354, 355, 372, 373, 375]	experiments/e117_c4_iptm80_af2traj_af3/out_s2/ova_body_c4_19/seed-1_sample-1/ova_body_c4_19_seed-1_sample-1_summary_confidences.json	experiments/e117_c4_iptm80_af2traj_af3/out_s2/ova_body_c4_19/seed-1_sample-1/ova_body_c4_19_seed-1_sample-1_model.cif
ova_body_c4_19	seed-1_sample-2	4	0.38	0.52	85.82308288929994	nan	nan	0.41	0.0	6	4	1	0	363	363	0	0.37	0.295	15.435	"{""A-B"": 9, ""A-C"": 109, ""A-D"": 66, ""B-C"": 65, ""B-D"": 108, ""C-D"": 6}"	[1, 3, 4, 64, 65, 68, 70, 71, 72, 73, 74, 78, 79, 82, 83, 86, 89, 90, 93, 94, 95, 96, 97, 110, 111, 113, 114, 116, 119, 120, 123, 124, 127, 128, 131, 132, 133, 134, 137, 138, 141, 142, 144, 145, 148, 149, 151, 152, 155, 156, 186, 217, 234, 237, 238, 239, 241, 271, 275, 276, 277, 278, 340, 341, 342, 345, 346, 349, 350, 351, 354, 355, 372, 373, 375]	experiments/e117_c4_iptm80_af2traj_af3/out_s2/ova_body_c4_19/seed-1_sample-2/ova_body_c4_19_seed-1_sample-2_summary_confidences.json	experiments/e117_c4_iptm80_af2traj_af3/out_s2/ova_body_c4_19/seed-1_sample-2/ova_body_c4_19_seed-1_sample-2_model.cif
ova_body_c4_19	seed-1_sample-3	4	0.4	0.53	85.42655433891969	nan	nan	0.43	0.0	6	4	1	0	420	420	0	0.36	0.335	15.8	"{""A-B"": 52, ""A-C"": 88, ""A-D"": 75, ""B-C"": 68, ""B-D"": 89, ""C-D"": 48}"	[1, 2, 3, 64, 65, 68, 70, 71, 72, 79, 82, 83, 86, 89, 90, 93, 94, 95, 96, 97, 99, 110, 113, 114, 116, 119, 120, 123, 124, 127, 128, 129, 131, 132, 133, 134, 138, 141, 142, 144, 145, 148, 149, 151, 152, 153, 155, 156, 157, 182, 184, 186, 191, 192, 194, 210, 217, 234, 236, 237, 238, 239, 241, 271, 272, 275, 276, 277, 278, 285, 334, 336, 337, 338, 339, 340, 341, 342, 343, 345, 346, 348, 349, 350, 351, 354, 355, 372, 373]	experiments/e117_c4_iptm80_af2traj_af3/out_s2/ova_body_c4_19/seed-1_sample-3/ova_body_c4_19_seed-1_sample-3_summary_confidences.json	experiments/e117_c4_iptm80_af2traj_af3/out_s2/ova_body_c4_19/seed-1_sample-3/ova_body_c4_19_seed-1_sample-3_model.cif
ova_body_c4_19	seed-1_sample-4	4	0.44	0.57	85.73673580347565	nan	nan	0.46	0.0	6	4	1	0	421	421	0	0.41	0.375	13.99	"{""A-B"": 76, ""A-C"": 78, ""A-D"": 55, ""B-C"": 55, ""B-D"": 81, ""C-D"": 76}"	[1, 3, 4, 64, 65, 70, 71, 72, 73, 74, 78, 79, 82, 83, 86, 90, 93, 94, 95, 96, 97, 99, 101, 110, 116, 119, 120, 123, 124, 125, 127, 128, 131, 132, 138, 141, 144, 145, 148, 149, 151, 152, 153, 154, 155, 156, 157, 159, 180, 182, 183, 184, 186, 191, 192, 217, 234, 236, 237, 238, 239, 241, 271, 275, 276, 277, 278, 285, 287, 334, 336, 337, 338, 339, 340, 342, 343, 344, 346, 347, 348, 349, 350, 351, 354, 372, 373]	experiments/e117_c4_iptm80_af2traj_af3/out_s2/ova_body_c4_19/seed-1_sample-4/ova_body_c4_19_seed-1_sample-4_summary_confidences.json	experiments/e117_c4_iptm80_af2traj_af3/out_s2/ova_body_c4_19/seed-1_sample-4/ova_body_c4_19_seed-1_sample-4_model.cif
ova_body_c4_20	seed-1_sample-0	4	0.81	0.85	89.69821238147162	nan	nan	0.82	0.0	6	4	1	0	197	197	0	0.77	0.77	2.865	"{""A-B"": 10, ""A-C"": 58, ""A-D"": 30, ""B-C"": 30, ""B-D"": 59, ""C-D"": 10}"	[86, 87, 90, 94, 95, 96, 97, 98, 99, 182, 184, 190, 191, 192, 193, 216, 217, 236, 237, 271, 272, 277, 278, 337, 338, 339, 340, 341, 342, 343, 344, 345, 346, 347, 348, 349, 350, 351, 354, 373, 374]	experiments/e117_c4_iptm80_af2traj_af3/out_s3/ova_body_c4_20/seed-1_sample-0/ova_body_c4_20_seed-1_sample-0_summary_confidences.json	experiments/e117_c4_iptm80_af2traj_af3/out_s3/ova_body_c4_20/seed-1_sample-0/ova_body_c4_20_seed-1_sample-0_model.cif
ova_body_c4_20	seed-1_sample-1	4	0.81	0.84	89.5995596060481	nan	nan	0.82	0.0	6	4	1	0	202	202	0	0.77	0.77	2.955	"{""A-B"": 8, ""A-C"": 56, ""A-D"": 36, ""B-C"": 36, ""B-D"": 58, ""C-D"": 8}"	[86, 90, 94, 95, 96, 97, 98, 99, 182, 184, 190, 191, 192, 193, 216, 217, 236, 271, 272, 276, 277, 278, 337, 338, 339, 340, 341, 342, 343, 344, 345, 346, 347, 348, 349, 350, 351, 354, 355, 373, 374]	experiments/e117_c4_iptm80_af2traj_af3/out_s3/ova_body_c4_20/seed-1_sample-1/ova_body_c4_20_seed-1_sample-1_summary_confidences.json	experiments/e117_c4_iptm80_af2traj_af3/out_s3/ova_body_c4_20/seed-1_sample-1/ova_body_c4_20_seed-1_sample-1_model.cif
ova_body_c4_20	seed-1_sample-2	4	0.81	0.85	89.94204667442203	nan	nan	0.82	0.0	6	4	1	0	207	207	0	0.78	0.77	2.83	"{""A-B"": 12, ""A-C"": 62, ""A-D"": 29, ""B-C"": 30, ""B-D"": 62, ""C-D"": 12}"	[82, 83, 86, 90, 95, 96, 97, 98, 99, 182, 184, 190, 191, 192, 193, 216, 217, 236, 237, 271, 272, 276, 277, 278, 337, 338, 339, 340, 341, 342, 343, 344, 345, 346, 347, 348, 349, 350, 351, 354, 373, 374]	experiments/e117_c4_iptm80_af2traj_af3/out_s3/ova_body_c4_20/seed-1_sample-2/ova_body_c4_20_seed-1_sample-2_summary_confidences.json	experiments/e117_c4_iptm80_af2traj_af3/out_s3/ova_body_c4_20/seed-1_sample-2/ova_body_c4_20_seed-1_sample-2_model.cif
ova_body_c4_20	seed-1_sample-3	4	0.81	0.85	89.626528487922	nan	nan	0.82	0.0	6	4	1	0	218	218	0	0.78	0.77	2.83	"{""A-B"": 11, ""A-C"": 62, ""A-D"": 36, ""B-C"": 37, ""B-D"": 62, ""C-D"": 10}"	[86, 87, 90, 94, 95, 96, 97, 98, 99, 182, 184, 190, 191, 192, 193, 215, 216, 217, 236, 271, 272, 276, 277, 278, 337, 338, 339, 340, 341, 342, 343, 344, 345, 346, 347, 348, 349, 350, 354, 355, 373, 374]	experiments/e117_c4_iptm80_af2traj_af3/out_s3/ova_body_c4_20/seed-1_sample-3/ova_body_c4_20_seed-1_sample-3_summary_confidences.json	experiments/e117_c4_iptm80_af2traj_af3/out_s3/ova_body_c4_20/seed-1_sample-3/ova_body_c4_20_seed-1_sample-3_model.cif
ova_body_c4_20	seed-1_sample-4	4	0.84	0.87	89.58134719374266	nan	nan	0.84	0.0	6	4	1	0	213	213	0	0.8	0.8	2.43	"{""A-B"": 18, ""A-C"": 62, ""A-D"": 27, ""B-C"": 27, ""B-D"": 61, ""C-D"": 18}"	[1, 82, 83, 86, 87, 90, 95, 96, 97, 98, 99, 182, 184, 190, 191, 192, 193, 216, 217, 236, 237, 270, 271, 272, 277, 278, 337, 338, 339, 340, 341, 342, 343, 344, 345, 346, 347, 348, 349, 350, 351, 354, 373, 374]	experiments/e117_c4_iptm80_af2traj_af3/out_s3/ova_body_c4_20/seed-1_sample-4/ova_body_c4_20_seed-1_sample-4_summary_confidences.json	experiments/e117_c4_iptm80_af2traj_af3/out_s3/ova_body_c4_20/seed-1_sample-4/ova_body_c4_20_seed-1_sample-4_model.cif
ova_body_c4_21	seed-1_sample-0	4	0.27	0.43	86.28665810421958	nan	nan	0.3	0.0	6	4	1	0	197	197	0	0.32	0.14	22.835	"{""A-B"": 59, ""A-C"": 6, ""A-D"": 31, ""B-C"": 30, ""B-D"": 9, ""C-D"": 62}"	[86, 90, 93, 95, 96, 97, 184, 188, 190, 191, 192, 193, 217, 219, 234, 236, 237, 238, 239, 271, 272, 275, 276, 278, 337, 338, 339, 340, 341, 342, 343, 344, 345, 346, 347, 348, 349, 350, 351, 352, 353, 354, 371, 373, 374]	experiments/e117_c4_iptm80_af2traj_af3/out_s4/ova_body_c4_21/seed-1_sample-0/ova_body_c4_21_seed-1_sample-0_summary_confidences.json	experiments/e117_c4_iptm80_af2traj_af3/out_s4/ova_body_c4_21/seed-1_sample-0/ova_body_c4_21_seed-1_sample-0_model.cif
ova_body_c4_21	seed-1_sample-1	4	0.22	0.4	85.4432383917774	nan	nan	0.25	0.0	4	4	1	0	283	283	0	0.18	0.16999999999999998	21.43	"{""A-B"": 70, ""A-C"": 69, ""A-D"": 0, ""B-C"": 0, ""B-D"": 74, ""C-D"": 70}"	[1, 2, 3, 64, 65, 68, 69, 70, 71, 72, 73, 74, 78, 79, 82, 86, 90, 93, 94, 95, 96, 99, 131, 132, 133, 134, 141, 144, 145, 148, 149, 151, 152, 153, 155, 156, 157, 180, 182, 186, 191, 192, 194, 196, 210, 216, 217, 237, 238, 239, 271, 275, 276, 278, 285, 287, 334, 336, 337, 338, 341, 344, 345, 346, 347, 349, 350, 354, 371, 372, 373, 374]	experiments/e117_c4_iptm80_af2traj_af3/out_s4/ova_body_c4_21/seed-1_sample-1/ova_body_c4_21_seed-1_sample-1_summary_confidences.json	experiments/e117_c4_iptm80_af2traj_af3/out_s4/ova_body_c4_21/seed-1_sample-1/ova_body_c4_21_seed-1_sample-1_model.cif
ova_body_c4_21	seed-1_sample-2	4	0.37	0.51	86.54235752876558	nan	nan	0.4	0.0	6	4	1	0	233	233	0	0.4	0.245	18.555	"{""A-B"": 30, ""A-C"": 49, ""A-D"": 38, ""B-C"": 40, ""B-D"": 46, ""C-D"": 30}"	[1, 86, 90, 94, 95, 96, 97, 98, 99, 182, 183, 184, 190, 191, 192, 215, 216, 217, 234, 237, 238, 239, 270, 271, 272, 276, 278, 336, 337, 338, 339, 340, 341, 342, 343, 344, 345, 346, 347, 348, 349, 350, 351, 353, 354, 355, 373, 374, 375]	experiments/e117_c4_iptm80_af2traj_af3/out_s4/ova_body_c4_21/seed-1_sample-2/ova_body_c4_21_seed-1_sample-2_summary_confidences.json	experiments/e117_c4_iptm80_af2traj_af3/out_s4/ova_body_c4_21/seed-1_sample-2/ova_body_c4_21_seed-1_sample-2_model.cif
ova_body_c4_21	seed-1_sample-3	4	0.32	0.48	86.23406754132998	nan	nan	0.36	0.0	6	4	1	0	205	205	0	0.36	0.215	19.83	"{""A-B"": 28, ""A-C"": 55, ""A-D"": 21, ""B-C"": 24, ""B-D"": 52, ""C-D"": 25}"	[86, 90, 94, 95, 96, 97, 98, 99, 182, 183, 184, 188, 190, 191, 192, 217, 234, 237, 238, 239, 271, 272, 276, 278, 334, 336, 337, 338, 339, 340, 341, 342, 343, 344, 345, 346, 347, 348, 350, 353, 354, 355, 373, 374]	experiments/e117_c4_iptm80_af2traj_af3/out_s4/ova_body_c4_21/seed-1_sample-3/ova_body_c4_21_seed-1_sample-3_summary_confidences.json	experiments/e117_c4_iptm80_af2traj_af3/out_s4/ova_body_c4_21/seed-1_sample-3/ova_body_c4_21_seed-1_sample-3_model.cif
ova_body_c4_21	seed-1_sample-4	4	0.32	0.47	86.24891207996427	nan	nan	0.35	0.0	6	4	1	0	249	249	0	0.34	0.2	20.54	"{""A-B"": 15, ""A-C"": 80, ""A-D"": 28, ""B-C"": 28, ""B-D"": 84, ""C-D"": 14}"	[1, 86, 90, 94, 95, 96, 97, 98, 99, 182, 183, 184, 188, 190, 191, 192, 193, 215, 216, 217, 236, 270, 271, 272, 278, 336, 337, 338, 339, 340, 341, 342, 343, 344, 345, 346, 347, 348, 349, 350, 351, 354, 355, 373, 374]	experiments/e117_c4_iptm80_af2traj_af3/out_s4/ova_body_c4_21/seed-1_sample-4/ova_body_c4_21_seed-1_sample-4_summary_confidences.json	experiments/e117_c4_iptm80_af2traj_af3/out_s4/ova_body_c4_21/seed-1_sample-4/ova_body_c4_21_seed-1_sample-4_model.cif
ova_body_c4_22	seed-1_sample-0	4	0.63	0.71	88.43484461492825	nan	nan	0.65	0.0	6	4	1	0	228	228	0	0.65	0.555	7.83	"{""A-B"": 64, ""A-C"": 39, ""A-D"": 8, ""B-C"": 7, ""B-D"": 41, ""C-D"": 69}"	[82, 86, 96, 97, 98, 99, 182, 184, 187, 190, 191, 192, 193, 215, 216, 217, 236, 271, 272, 278, 337, 338, 339, 340, 341, 342, 343, 344, 345, 346, 347, 348, 349, 350, 351, 353, 354, 373, 374]	experiments/e117_c4_iptm80_af2traj_af3/out_s5/ova_body_c4_22/seed-1_sample-0/ova_body_c4_22_seed-1_sample-0_summary_confidences.json	experiments/e117_c4_iptm80_af2traj_af3/out_s5/ova_body_c4_22/seed-1_sample-0/ova_body_c4_22_seed-1_sample-0_model.cif
ova_body_c4_22	seed-1_sample-1	4	0.64	0.71	88.51310870313891	nan	nan	0.65	0.0	6	4	1	0	240	240	0	0.67	0.55	7.555	"{""A-B"": 71, ""A-C"": 43, ""A-D"": 7, ""B-C"": 8, ""B-D"": 44, ""C-D"": 67}"	[82, 86, 90, 96, 97, 98, 99, 182, 184, 187, 190, 191, 192, 193, 215, 216, 217, 218, 236, 271, 272, 278, 337, 338, 339, 340, 341, 342, 343, 344, 345, 346, 347, 348, 349, 350, 351, 353, 354, 355, 373, 374]	experiments/e117_c4_iptm80_af2traj_af3/out_s5/ova_body_c4_22/seed-1_sample-1/ova_body_c4_22_seed-1_sample-1_summary_confidences.json	experiments/e117_c4_iptm80_af2traj_af3/out_s5/ova_body_c4_22/seed-1_sample-1/ova_body_c4_22_seed-1_sample-1_model.cif
ova_body_c4_22	seed-1_sample-2	4	0.67	0.74	88.86971487529537	nan	nan	0.68	0.0	6	4	1	0	228	228	0	0.69	0.59	6.8149999999999995	"{""A-B"": 67, ""A-C"": 45, ""A-D"": 6, ""B-C"": 6, ""B-D"": 45, ""C-D"": 59}"	[86, 96, 97, 98, 99, 182, 184, 187, 190, 191, 192, 193, 215, 216, 217, 236, 271, 272, 278, 337, 338, 339, 340, 341, 342, 343, 344, 345, 346, 347, 348, 349, 350, 351, 353, 354, 355, 373, 374]	experiments/e117_c4_iptm80_af2traj_af3/out_s5/ova_body_c4_22/seed-1_sample-2/ova_body_c4_22_seed-1_sample-2_summary_confidences.json	experiments/e117_c4_iptm80_af2traj_af3/out_s5/ova_body_c4_22/seed-1_sample-2/ova_body_c4_22_seed-1_sample-2_model.cif
ova_body_c4_22	seed-1_sample-3	4	0.65	0.72	88.12663230500691	nan	nan	0.67	0.0	6	4	1	0	236	236	0	0.68	0.565	7.375	"{""A-B"": 56, ""A-C"": 47, ""A-D"": 16, ""B-C"": 16, ""B-D"": 45, ""C-D"": 56}"	[1, 82, 83, 86, 94, 95, 96, 97, 98, 99, 182, 184, 187, 190, 191, 192, 193, 215, 216, 217, 236, 266, 270, 271, 272, 278, 337, 338, 339, 340, 341, 342, 343, 344, 345, 346, 347, 348, 349, 350, 351, 353, 354, 373, 374]	experiments/e117_c4_iptm80_af2traj_af3/out_s5/ova_body_c4_22/seed-1_sample-3/ova_body_c4_22_seed-1_sample-3_summary_confidences.json	experiments/e117_c4_iptm80_af2traj_af3/out_s5/ova_body_c4_22/seed-1_sample-3/ova_body_c4_22_seed-1_sample-3_model.cif
ova_body_c4_22	seed-1_sample-4	4	0.66	0.73	88.90751299092189	nan	nan	0.67	0.0	6	4	1	0	234	234	0	0.68	0.575	6.984999999999999	"{""A-B"": 64, ""A-C"": 49, ""A-D"": 6, ""B-C"": 6, ""B-D"": 47, ""C-D"": 62}"	[86, 94, 95, 96, 97, 98, 99, 182, 184, 187, 190, 191, 192, 193, 215, 216, 217, 218, 236, 271, 272, 278, 337, 338, 339, 340, 341, 342, 343, 344, 345, 346, 347, 348, 349, 350, 351, 353, 354, 355, 373, 374]	experiments/e117_c4_iptm80_af2traj_af3/out_s5/ova_body_c4_22/seed-1_sample-4/ova_body_c4_22_seed-1_sample-4_summary_confidences.json	experiments/e117_c4_iptm80_af2traj_af3/out_s5/ova_body_c4_22/seed-1_sample-4/ova_body_c4_22_seed-1_sample-4_model.cif
ova_body_c4_23	seed-1_sample-0	4	0.3	0.46	85.71689115534174	nan	nan	0.34	0.0	4	4	1	0	327	327	0	0.4	0.28	18.16	"{""A-B"": 137, ""A-C"": 0, ""A-D"": 20, ""B-C"": 27, ""B-D"": 0, ""C-D"": 143}"	[1, 2, 3, 4, 64, 65, 68, 69, 70, 71, 72, 73, 74, 78, 79, 81, 82, 83, 85, 86, 89, 90, 95, 96, 97, 99, 121, 124, 125, 131, 152, 155, 156, 157, 182, 186, 192, 216, 217, 219, 234, 237, 238, 239, 241, 266, 270, 271, 272, 275, 276, 277, 278, 285, 287, 334, 336, 342, 343, 344, 345, 346, 347, 349, 350, 351, 354, 355, 372, 373, 374, 375]	experiments/e117_c4_iptm80_af2traj_af3/out_s6/ova_body_c4_23/seed-1_sample-0/ova_body_c4_23_seed-1_sample-0_summary_confidences.json	experiments/e117_c4_iptm80_af2traj_af3/out_s6/ova_body_c4_23/seed-1_sample-0/ova_body_c4_23_seed-1_sample-0_model.cif
ova_body_c4_23	seed-1_sample-1	4	0.28	0.45	85.83331597283714	nan	nan	0.31	0.0	4	4	1	0	331	331	0	0.39	0.26	18.37	"{""A-B"": 130, ""A-C"": 29, ""A-D"": 1, ""B-C"": 1, ""B-D"": 35, ""C-D"": 135}"	[1, 2, 3, 4, 64, 65, 68, 69, 70, 72, 73, 74, 78, 79, 81, 82, 83, 86, 89, 90, 94, 95, 96, 97, 99, 124, 125, 131, 148, 149, 152, 153, 155, 156, 182, 184, 186, 191, 192, 210, 216, 217, 219, 234, 237, 238, 239, 241, 266, 271, 275, 276, 277, 278, 285, 287, 334, 336, 337, 338, 341, 344, 345, 346, 347, 349, 350, 351, 354, 355, 372, 373, 375]	experiments/e117_c4_iptm80_af2traj_af3/out_s6/ova_body_c4_23/seed-1_sample-1/ova_body_c4_23_seed-1_sample-1_summary_confidences.json	experiments/e117_c4_iptm80_af2traj_af3/out_s6/ova_body_c4_23/seed-1_sample-1/ova_body_c4_23_seed-1_sample-1_model.cif
ova_body_c4_23	seed-1_sample-2	4	0.35	0.5	86.17119183317985	nan	nan	0.38	0.0	6	4	1	0	366	366	0	0.44	0.21	21.009999999999998	"{""A-B"": 135, ""A-C"": 32, ""A-D"": 16, ""B-C"": 14, ""B-D"": 35, ""C-D"": 134}"	[1, 2, 3, 4, 64, 65, 68, 69, 70, 72, 73, 74, 78, 79, 81, 82, 83, 86, 89, 90, 93, 94, 95, 96, 110, 113, 114, 116, 119, 120, 124, 125, 131, 132, 133, 134, 142, 145, 148, 149, 151, 152, 155, 156, 186, 216, 217, 219, 234, 237, 238, 239, 241, 266, 270, 271, 275, 276, 277, 278, 341, 342, 344, 345, 346, 347, 349, 350, 351, 354, 355, 372, 373, 375]	experiments/e117_c4_iptm80_af2traj_af3/out_s6/ova_body_c4_23/seed-1_sample-2/ova_body_c4_23_seed-1_sample-2_summary_confidences.json	experiments/e117_c4_iptm80_af2traj_af3/out_s6/ova_body_c4_23/seed-1_sample-2/ova_body_c4_23_seed-1_sample-2_model.cif
ova_body_c4_23	seed-1_sample-3	4	0.31	0.47	85.7690415456505	nan	nan	0.34	0.0	4	4	1	0	321	321	0	0.42	0.29	18.005	"{""A-B"": 123, ""A-C"": 0, ""A-D"": 33, ""B-C"": 36, ""B-D"": 1, ""C-D"": 128}"	[1, 2, 3, 4, 64, 65, 68, 69, 70, 72, 73, 74, 78, 79, 81, 82, 83, 86, 90, 94, 95, 96, 97, 99, 124, 125, 131, 141, 145, 148, 149, 152, 155, 156, 182, 186, 191, 192, 196, 210, 216, 217, 234, 237, 238, 239, 241, 266, 271, 275, 276, 277, 278, 285, 287, 334, 336, 337, 338, 344, 345, 346, 347, 349, 350, 351, 354, 355, 372, 373, 375]	experiments/e117_c4_iptm80_af2traj_af3/out_s6/ova_body_c4_23/seed-1_sample-3/ova_body_c4_23_seed-1_sample-3_summary_confidences.json	experiments/e117_c4_iptm80_af2traj_af3/out_s6/ova_body_c4_23/seed-1_sample-3/ova_body_c4_23_seed-1_sample-3_model.cif
ova_body_c4_23	seed-1_sample-4	4	0.37	0.51	85.41919672674466	nan	nan	0.4	0.0	6	4	1	0	441	441	0	0.44	0.23	20.445	"{""A-B"": 143, ""A-C"": 52, ""A-D"": 29, ""B-C"": 26, ""B-D"": 54, ""C-D"": 137}"	[1, 2, 3, 4, 6, 64, 65, 68, 69, 70, 71, 72, 73, 74, 78, 79, 81, 82, 83, 86, 89, 90, 93, 95, 96, 97, 99, 110, 113, 114, 116, 117, 119, 120, 123, 124, 125, 131, 132, 133, 134, 138, 141, 142, 145, 148, 149, 151, 152, 153, 155, 156, 217, 219, 234, 237, 238, 239, 241, 266, 270, 271, 272, 275, 276, 277, 278, 341, 342, 343, 344, 345, 346, 347, 348, 349, 350, 351, 354, 355, 372, 373, 375]	experiments/e117_c4_iptm80_af2traj_af3/out_s6/ova_body_c4_23/seed-1_sample-4/ova_body_c4_23_seed-1_sample-4_summary_confidences.json	experiments/e117_c4_iptm80_af2traj_af3/out_s6/ova_body_c4_23/seed-1_sample-4/ova_body_c4_23_seed-1_sample-4_model.cif
ova_body_c4_24	seed-1_sample-0	4	0.75	0.8	89.14943019096098	nan	nan	0.76	0.0	6	4	1	0	203	203	0	0.71	0.7	4.41	"{""A-B"": 11, ""A-C"": 47, ""A-D"": 41, ""B-C"": 45, ""B-D"": 48, ""C-D"": 11}"	[86, 87, 90, 95, 96, 97, 98, 99, 182, 184, 187, 188, 190, 191, 192, 193, 216, 217, 236, 271, 272, 276, 278, 337, 338, 339, 340, 341, 342, 343, 344, 345, 346, 347, 348, 349, 350, 351, 354, 373, 374]	experiments/e117_c4_iptm80_af2traj_af3/out_s7/ova_body_c4_24/seed-1_sample-0/ova_body_c4_24_seed-1_sample-0_summary_confidences.json	experiments/e117_c4_iptm80_af2traj_af3/out_s7/ova_body_c4_24/seed-1_sample-0/ova_body_c4_24_seed-1_sample-0_model.cif
ova_body_c4_24	seed-1_sample-1	4	0.75	0.8	89.14370453790062	nan	nan	0.76	0.0	6	4	1	0	247	247	0	0.71	0.7	4.41	"{""A-B"": 12, ""A-C"": 57, ""A-D"": 51, ""B-C"": 53, ""B-D"": 61, ""C-D"": 13}"	[86, 87, 90, 95, 96, 97, 98, 99, 182, 184, 186, 187, 188, 190, 191, 192, 193, 215, 216, 217, 236, 237, 271, 272, 276, 278, 337, 338, 339, 340, 341, 342, 343, 344, 345, 346, 347, 348, 349, 350, 351, 353, 354, 355, 373, 374]	experiments/e117_c4_iptm80_af2traj_af3/out_s7/ova_body_c4_24/seed-1_sample-1/ova_body_c4_24_seed-1_sample-1_summary_confidences.json	experiments/e117_c4_iptm80_af2traj_af3/out_s7/ova_body_c4_24/seed-1_sample-1/ova_body_c4_24_seed-1_sample-1_model.cif
ova_body_c4_24	seed-1_sample-2	4	0.81	0.84	89.99989653868997	nan	nan	0.81	0.0	6	4	1	0	214	214	0	0.77	0.76	3.085	"{""A-B"": 12, ""A-C"": 66, ""A-D"": 28, ""B-C"": 31, ""B-D"": 65, ""C-D"": 12}"	[82, 83, 86, 90, 95, 96, 97, 98, 99, 182, 184, 190, 191, 192, 193, 216, 217, 236, 237, 271, 272, 276, 277, 278, 337, 338, 339, 340, 341, 342, 343, 344, 345, 346, 347, 348, 349, 350, 351, 354, 373, 374]	experiments/e117_c4_iptm80_af2traj_af3/out_s7/ova_body_c4_24/seed-1_sample-2/ova_body_c4_24_seed-1_sample-2_summary_confidences.json	experiments/e117_c4_iptm80_af2traj_af3/out_s7/ova_body_c4_24/seed-1_sample-2/ova_body_c4_24_seed-1_sample-2_model.cif
ova_body_c4_24	seed-1_sample-3	4	0.76	0.8	89.29468913893625	nan	nan	0.77	0.0	6	4	1	0	234	234	0	0.72	0.71	4.17	"{""A-B"": 12, ""A-C"": 53, ""A-D"": 52, ""B-C"": 52, ""B-D"": 54, ""C-D"": 11}"	[86, 87, 90, 95, 96, 97, 98, 99, 182, 184, 186, 187, 188, 190, 191, 192, 193, 215, 216, 217, 236, 237, 271, 272, 276, 278, 337, 338, 339, 340, 341, 342, 343, 344, 345, 346, 347, 348, 349, 350, 351, 353, 354, 373, 374]	experiments/e117_c4_iptm80_af2traj_af3/out_s7/ova_body_c4_24/seed-1_sample-3/ova_body_c4_24_seed-1_sample-3_summary_confidences.json	experiments/e117_c4_iptm80_af2traj_af3/out_s7/ova_body_c4_24/seed-1_sample-3/ova_body_c4_24_seed-1_sample-3_model.cif
ova_body_c4_24	seed-1_sample-4	4	0.78	0.82	89.0715285385211	nan	nan	0.79	0.0	6	4	1	0	255	255	0	0.74	0.73	3.7199999999999998	"{""A-B"": 18, ""A-C"": 61, ""A-D"": 49, ""B-C"": 47, ""B-D"": 62, ""C-D"": 18}"	[1, 82, 83, 86, 90, 95, 96, 97, 98, 99, 182, 184, 186, 187, 188, 190, 191, 192, 193, 215, 216, 217, 236, 237, 238, 270, 271, 272, 276, 278, 337, 338, 339, 340, 341, 342, 343, 344, 345, 346, 347, 348, 349, 350, 351, 353, 354, 373, 374]	experiments/e117_c4_iptm80_af2traj_af3/out_s7/ova_body_c4_24/seed-1_sample-4/ova_body_c4_24_seed-1_sample-4_summary_confidences.json	experiments/e117_c4_iptm80_af2traj_af3/out_s7/ova_body_c4_24/seed-1_sample-4/ova_body_c4_24_seed-1_sample-4_model.cif
ova_body_c4_25	seed-1_sample-0	4	0.33	0.49	85.91966314760515	nan	nan	0.37	0.0	4	4	1	0	337	337	0	0.41	0.31	16.59	"{""A-B"": 59, ""A-C"": 112, ""A-D"": 1, ""B-C"": 1, ""B-D"": 107, ""C-D"": 57}"	[1, 2, 3, 4, 64, 65, 68, 69, 70, 71, 72, 73, 74, 78, 79, 82, 83, 86, 89, 90, 93, 94, 95, 96, 97, 124, 127, 131, 141, 144, 145, 148, 149, 152, 153, 155, 156, 182, 186, 191, 192, 194, 196, 210, 216, 217, 234, 237, 238, 239, 241, 271, 275, 276, 277, 278, 285, 287, 334, 336, 337, 338, 340, 343, 345, 347, 348, 349, 350, 351, 354, 372, 373, 375]	experiments/e117_c4_iptm80_af2traj_af3/out_s0/ova_body_c4_25/seed-1_sample-0/ova_body_c4_25_seed-1_sample-0_summary_confidences.json	experiments/e117_c4_iptm80_af2traj_af3/out_s0/ova_body_c4_25/seed-1_sample-0/ova_body_c4_25_seed-1_sample-0_model.cif
ova_body_c4_25	seed-1_sample-1	4	0.34	0.49	85.7761658683342	nan	nan	0.37	0.0	4	4	1	0	387	387	0	0.41	0.31	16.45	"{""A-B"": 66, ""A-C"": 121, ""A-D"": 1, ""B-C"": 1, ""B-D"": 135, ""C-D"": 63}"	[1, 2, 3, 4, 64, 65, 68, 69, 70, 71, 72, 73, 74, 78, 79, 82, 83, 85, 86, 89, 90, 94, 95, 96, 97, 123, 124, 131, 133, 141, 144, 145, 148, 149, 151, 152, 153, 155, 156, 182, 186, 187, 191, 192, 194, 196, 210, 216, 217, 234, 236, 237, 238, 239, 241, 266, 271, 275, 276, 277, 278, 285, 287, 334, 336, 337, 338, 340, 342, 343, 344, 345, 346, 348, 349, 350, 351, 354, 355, 372, 373, 375]	experiments/e117_c4_iptm80_af2traj_af3/out_s0/ova_body_c4_25/seed-1_sample-1/ova_body_c4_25_seed-1_sample-1_summary_confidences.json	experiments/e117_c4_iptm80_af2traj_af3/out_s0/ova_body_c4_25/seed-1_sample-1/ova_body_c4_25_seed-1_sample-1_model.cif
ova_body_c4_25	seed-1_sample-2	4	0.33	0.49	85.77243529206113	nan	nan	0.36	0.0	4	4	1	0	335	335	0	0.4	0.305	16.57	"{""A-B"": 51, ""A-C"": 119, ""A-D"": 2, ""B-C"": 1, ""B-D"": 115, ""C-D"": 47}"	[1, 2, 3, 4, 64, 65, 68, 69, 70, 71, 72, 73, 74, 78, 79, 82, 83, 85, 86, 89, 90, 94, 95, 96, 97, 123, 124, 131, 144, 145, 148, 149, 152, 153, 155, 156, 182, 186, 191, 192, 194, 196, 210, 216, 217, 234, 236, 237, 238, 239, 241, 271, 275, 276, 277, 278, 334, 336, 337, 338, 340, 342, 343, 344, 345, 346, 347, 348, 349, 350, 351, 354, 372, 373, 375]	experiments/e117_c4_iptm80_af2traj_af3/out_s0/ova_body_c4_25/seed-1_sample-2/ova_body_c4_25_seed-1_sample-2_summary_confidences.json	experiments/e117_c4_iptm80_af2traj_af3/out_s0/ova_body_c4_25/seed-1_sample-2/ova_body_c4_25_seed-1_sample-2_model.cif
ova_body_c4_25	seed-1_sample-3	4	0.34	0.49	85.90492245570366	nan	nan	0.37	0.0	6	4	1	0	422	422	0	0.42	0.2	19.66	"{""A-B"": 57, ""A-C"": 147, ""A-D"": 9, ""B-C"": 7, ""B-D"": 144, ""C-D"": 58}"	[1, 2, 3, 4, 64, 65, 68, 69, 70, 71, 72, 73, 74, 78, 79, 82, 83, 85, 86, 89, 90, 93, 94, 95, 96, 97, 99, 116, 120, 123, 124, 125, 127, 131, 132, 148, 149, 151, 152, 153, 155, 156, 157, 159, 186, 187, 188, 190, 191, 192, 216, 217, 234, 236, 237, 238, 239, 241, 271, 275, 276, 277, 278, 337, 338, 339, 340, 341, 342, 343, 344, 345, 346, 347, 348, 349, 350, 351, 354, 355, 372, 373, 375]	experiments/e117_c4_iptm80_af2traj_af3/out_s0/ova_body_c4_25/seed-1_sample-3/ova_body_c4_25_seed-1_sample-3_summary_confidences.json	experiments/e117_c4_iptm80_af2traj_af3/out_s0/ova_body_c4_25/seed-1_sample-3/ova_body_c4_25_seed-1_sample-3_model.cif
ova_body_c4_25	seed-1_sample-4	4	0.34	0.49	85.78277199503054	nan	nan	0.37	0.0	4	4	1	0	349	349	0	0.4	0.305	16.485	"{""A-B"": 60, ""A-C"": 112, ""A-D"": 3, ""B-C"": 3, ""B-D"": 108, ""C-D"": 63}"	[1, 2, 3, 4, 64, 65, 68, 69, 70, 71, 72, 73, 74, 78, 79, 82, 83, 85, 86, 89, 90, 93, 94, 95, 96, 97, 124, 131, 133, 141, 144, 145, 148, 149, 151, 152, 153, 155, 156, 182, 186, 191, 192, 194, 196, 210, 217, 234, 236, 237, 238, 239, 241, 266, 271, 275, 276, 277, 278, 285, 287, 334, 336, 337, 338, 340, 342, 343, 344, 349, 350, 351, 354, 355, 372, 373, 375]	experiments/e117_c4_iptm80_af2traj_af3/out_s0/ova_body_c4_25/seed-1_sample-4/ova_body_c4_25_seed-1_sample-4_summary_confidences.json	experiments/e117_c4_iptm80_af2traj_af3/out_s0/ova_body_c4_25/seed-1_sample-4/ova_body_c4_25_seed-1_sample-4_model.cif
ova_body_c4_26	seed-1_sample-0	4	0.79	0.83	89.70204644870265	nan	nan	0.79	0.0	6	4	1	0	206	206	0	0.75	0.74	3.26	"{""A-B"": 11, ""A-C"": 62, ""A-D"": 31, ""B-C"": 30, ""B-D"": 60, ""C-D"": 12}"	[83, 86, 87, 90, 95, 96, 97, 98, 99, 182, 184, 190, 191, 192, 193, 216, 217, 236, 237, 271, 272, 276, 277, 278, 337, 338, 339, 340, 341, 342, 343, 344, 345, 346, 347, 348, 349, 350, 351, 354, 373, 374]	experiments/e117_c4_iptm80_af2traj_af3/out_s1/ova_body_c4_26/seed-1_sample-0/ova_body_c4_26_seed-1_sample-0_summary_confidences.json	experiments/e117_c4_iptm80_af2traj_af3/out_s1/ova_body_c4_26/seed-1_sample-0/ova_body_c4_26_seed-1_sample-0_model.cif
ova_body_c4_26	seed-1_sample-1	4	0.79	0.83	89.7662435047367	nan	nan	0.8	0.0	6	4	1	0	214	214	0	0.75	0.745	3.25	"{""A-B"": 10, ""A-C"": 62, ""A-D"": 33, ""B-C"": 33, ""B-D"": 64, ""C-D"": 12}"	[86, 87, 90, 94, 95, 96, 97, 98, 99, 182, 184, 190, 191, 192, 193, 216, 217, 236, 237, 271, 272, 276, 277, 278, 337, 338, 339, 340, 341, 342, 343, 344, 345, 346, 347, 348, 349, 350, 351, 354, 373, 374]	experiments/e117_c4_iptm80_af2traj_af3/out_s1/ova_body_c4_26/seed-1_sample-1/ova_body_c4_26_seed-1_sample-1_summary_confidences.json	experiments/e117_c4_iptm80_af2traj_af3/out_s1/ova_body_c4_26/seed-1_sample-1/ova_body_c4_26_seed-1_sample-1_model.cif
ova_body_c4_26	seed-1_sample-2	4	0.79	0.83	89.90883423009684	nan	nan	0.8	0.0	6	4	1	0	218	218	0	0.75	0.745	3.215	"{""A-B"": 12, ""A-C"": 64, ""A-D"": 32, ""B-C"": 32, ""B-D"": 66, ""C-D"": 12}"	[82, 83, 86, 90, 94, 95, 96, 97, 98, 99, 182, 184, 188, 190, 191, 192, 193, 216, 217, 236, 237, 271, 272, 276, 277, 278, 337, 338, 339, 340, 341, 342, 343, 344, 345, 346, 347, 348, 349, 350, 351, 354, 373, 374]	experiments/e117_c4_iptm80_af2traj_af3/out_s1/ova_body_c4_26/seed-1_sample-2/ova_body_c4_26_seed-1_sample-2_summary_confidences.json	experiments/e117_c4_iptm80_af2traj_af3/out_s1/ova_body_c4_26/seed-1_sample-2/ova_body_c4_26_seed-1_sample-2_model.cif
ova_body_c4_26	seed-1_sample-3	4	0.79	0.83	89.67860118095122	nan	nan	0.8	0.0	6	4	1	0	235	235	0	0.75	0.745	3.185	"{""A-B"": 10, ""A-C"": 67, ""A-D"": 39, ""B-C"": 41, ""B-D"": 68, ""C-D"": 10}"	[86, 87, 90, 95, 96, 97, 98, 99, 182, 184, 187, 190, 191, 192, 193, 215, 216, 217, 236, 237, 271, 272, 276, 277, 278, 337, 338, 339, 340, 341, 342, 343, 344, 345, 346, 347, 348, 349, 350, 351, 354, 373, 374]	experiments/e117_c4_iptm80_af2traj_af3/out_s1/ova_body_c4_26/seed-1_sample-3/ova_body_c4_26_seed-1_sample-3_summary_confidences.json	experiments/e117_c4_iptm80_af2traj_af3/out_s1/ova_body_c4_26/seed-1_sample-3/ova_body_c4_26_seed-1_sample-3_model.cif
ova_body_c4_26	seed-1_sample-4	4	0.83	0.86	89.98774623376718	nan	nan	0.84	0.0	6	4	1	0	222	222	0	0.79	0.79	2.55	"{""A-B"": 18, ""A-C"": 65, ""A-D"": 29, ""B-C"": 29, ""B-D"": 66, ""C-D"": 15}"	[1, 82, 83, 86, 87, 90, 95, 96, 97, 98, 99, 182, 184, 188, 190, 191, 192, 193, 216, 217, 236, 237, 270, 271, 272, 276, 277, 278, 337, 338, 339, 340, 341, 342, 343, 344, 345, 346, 347, 348, 349, 350, 351, 354, 373, 374]	experiments/e117_c4_iptm80_af2traj_af3/out_s1/ova_body_c4_26/seed-1_sample-4/ova_body_c4_26_seed-1_sample-4_summary_confidences.json	experiments/e117_c4_iptm80_af2traj_af3/out_s1/ova_body_c4_26/seed-1_sample-4/ova_body_c4_26_seed-1_sample-4_model.cif
ova_body_c4_27	seed-1_sample-0	4	0.81	0.84	90.23422279753215	nan	nan	0.81	0.0	6	4	1	0	183	183	0	0.77	0.76	3.275	"{""A-B"": 8, ""A-C"": 53, ""A-D"": 31, ""B-C"": 31, ""B-D"": 52, ""C-D"": 8}"	[86, 90, 95, 96, 97, 98, 99, 182, 184, 187, 190, 191, 192, 193, 216, 217, 236, 237, 238, 271, 272, 276, 277, 278, 337, 338, 339, 340, 341, 342, 343, 344, 345, 346, 347, 348, 349, 350, 351, 354, 373, 374]	experiments/e117_c4_iptm80_af2traj_af3/out_s2/ova_body_c4_27/seed-1_sample-0/ova_body_c4_27_seed-1_sample-0_summary_confidences.json	experiments/e117_c4_iptm80_af2traj_af3/out_s2/ova_body_c4_27/seed-1_sample-0/ova_body_c4_27_seed-1_sample-0_model.cif
ova_body_c4_27	seed-1_sample-1	4	0.8	0.84	90.09645066730717	nan	nan	0.81	0.0	6	4	1	0	201	201	0	0.77	0.76	3.1950000000000003	"{""A-B"": 8, ""A-C"": 53, ""A-D"": 36, ""B-C"": 38, ""B-D"": 58, ""C-D"": 8}"	[86, 90, 95, 96, 97, 98, 99, 182, 184, 187, 190, 191, 192, 193, 216, 217, 236, 237, 271, 272, 276, 277, 278, 337, 338, 339, 340, 341, 342, 343, 344, 345, 346, 347, 348, 349, 350, 351, 354, 373, 374]	experiments/e117_c4_iptm80_af2traj_af3/out_s2/ova_body_c4_27/seed-1_sample-1/ova_body_c4_27_seed-1_sample-1_summary_confidences.json	experiments/e117_c4_iptm80_af2traj_af3/out_s2/ova_body_c4_27/seed-1_sample-1/ova_body_c4_27_seed-1_sample-1_model.cif
ova_body_c4_27	seed-1_sample-2	4	0.81	0.84	90.31313494944202	nan	nan	0.81	0.0	6	4	1	0	216	216	0	0.77	0.75	3.2	"{""A-B"": 10, ""A-C"": 67, ""A-D"": 31, ""B-C"": 31, ""B-D"": 67, ""C-D"": 10}"	[82, 86, 90, 95, 96, 97, 98, 99, 182, 184, 190, 191, 192, 193, 216, 217, 236, 237, 238, 271, 272, 276, 277, 278, 337, 338, 339, 340, 341, 342, 343, 344, 345, 346, 347, 348, 349, 350, 351, 354, 373, 374]	experiments/e117_c4_iptm80_af2traj_af3/out_s2/ova_body_c4_27/seed-1_sample-2/ova_body_c4_27_seed-1_sample-2_summary_confidences.json	experiments/e117_c4_iptm80_af2traj_af3/out_s2/ova_body_c4_27/seed-1_sample-2/ova_body_c4_27_seed-1_sample-2_model.cif
ova_body_c4_27	seed-1_sample-3	4	0.8	0.84	90.088653080204	nan	nan	0.81	0.0	6	4	1	0	207	207	0	0.76	0.75	3.3049999999999997	"{""A-B"": 8, ""A-C"": 57, ""A-D"": 39, ""B-C"": 38, ""B-D"": 57, ""C-D"": 8}"	[86, 90, 95, 96, 97, 98, 99, 182, 184, 187, 190, 191, 192, 193, 216, 217, 236, 237, 238, 271, 272, 276, 277, 278, 337, 338, 339, 340, 341, 342, 343, 344, 345, 346, 347, 348, 349, 350, 351, 354, 373, 374]	experiments/e117_c4_iptm80_af2traj_af3/out_s2/ova_body_c4_27/seed-1_sample-3/ova_body_c4_27_seed-1_sample-3_summary_confidences.json	experiments/e117_c4_iptm80_af2traj_af3/out_s2/ova_body_c4_27/seed-1_sample-3/ova_body_c4_27_seed-1_sample-3_model.cif
ova_body_c4_27	seed-1_sample-4	4	0.83	0.86	90.03880829885216	nan	nan	0.84	0.0	6	4	1	0	241	241	0	0.79	0.78	2.775	"{""A-B"": 15, ""A-C"": 74, ""A-D"": 31, ""B-C"": 31, ""B-D"": 76, ""C-D"": 14}"	[1, 83, 86, 87, 90, 95, 96, 97, 98, 99, 182, 184, 188, 190, 191, 192, 193, 216, 217, 236, 237, 238, 270, 271, 272, 276, 277, 278, 337, 338, 339, 340, 341, 342, 343, 344, 345, 346, 347, 348, 349, 350, 351, 354, 373, 374]	experiments/e117_c4_iptm80_af2traj_af3/out_s2/ova_body_c4_27/seed-1_sample-4/ova_body_c4_27_seed-1_sample-4_summary_confidences.json	experiments/e117_c4_iptm80_af2traj_af3/out_s2/ova_body_c4_27/seed-1_sample-4/ova_body_c4_27_seed-1_sample-4_model.cif
ova_body_c4_28	seed-1_sample-0	4	0.75	0.8	89.42282378241188	nan	nan	0.76	0.0	6	4	1	0	181	181	0	0.72	0.7	3.61	"{""A-B"": 9, ""A-C"": 42, ""A-D"": 40, ""B-C"": 40, ""B-D"": 43, ""C-D"": 7}"	[86, 90, 94, 96, 97, 98, 99, 182, 184, 190, 191, 192, 193, 215, 216, 217, 236, 271, 272, 278, 337, 338, 339, 340, 341, 342, 343, 344, 345, 346, 347, 348, 350, 351, 353, 354, 355, 373, 374]	experiments/e117_c4_iptm80_af2traj_af3/out_s3/ova_body_c4_28/seed-1_sample-0/ova_body_c4_28_seed-1_sample-0_summary_confidences.json	experiments/e117_c4_iptm80_af2traj_af3/out_s3/ova_body_c4_28/seed-1_sample-0/ova_body_c4_28_seed-1_sample-0_model.cif
ova_body_c4_28	seed-1_sample-1	4	0.75	0.8	89.39119185808408	nan	nan	0.76	0.0	6	4	1	0	218	218	0	0.71	0.71	3.83	"{""A-B"": 10, ""A-C"": 56, ""A-D"": 35, ""B-C"": 44, ""B-D"": 63, ""C-D"": 10}"	[86, 90, 94, 95, 96, 97, 98, 99, 182, 184, 188, 190, 191, 192, 193, 216, 217, 236, 237, 271, 272, 276, 277, 278, 337, 338, 339, 340, 341, 342, 343, 344, 345, 346, 347, 348, 350, 351, 353, 354, 355, 373, 374]	experiments/e117_c4_iptm80_af2traj_af3/out_s3/ova_body_c4_28/seed-1_sample-1/ova_body_c4_28_seed-1_sample-1_summary_confidences.json	experiments/e117_c4_iptm80_af2traj_af3/out_s3/ova_body_c4_28/seed-1_sample-1/ova_body_c4_28_seed-1_sample-1_model.cif
ova_body_c4_28	seed-1_sample-2	4	0.73	0.79	89.30233145007197	nan	nan	0.74	0.0	6	4	1	0	250	250	0	0.71	0.69	3.885	"{""A-B"": 10, ""A-C"": 78, ""A-D"": 37, ""B-C"": 38, ""B-D"": 77, ""C-D"": 10}"	[86, 90, 94, 95, 96, 97, 98, 99, 182, 184, 187, 188, 190, 191, 192, 193, 216, 217, 236, 237, 238, 271, 272, 276, 278, 337, 338, 339, 340, 341, 342, 343, 344, 345, 346, 347, 348, 349, 350, 351, 353, 354, 355, 373, 374]	experiments/e117_c4_iptm80_af2traj_af3/out_s3/ova_body_c4_28/seed-1_sample-2/ova_body_c4_28_seed-1_sample-2_summary_confidences.json	experiments/e117_c4_iptm80_af2traj_af3/out_s3/ova_body_c4_28/seed-1_sample-2/ova_body_c4_28_seed-1_sample-2_model.cif
ova_body_c4_28	seed-1_sample-3	4	0.73	0.78	89.42367892685331	nan	nan	0.74	0.0	6	4	1	0	237	237	0	0.7	0.685	4.145	"{""A-B"": 9, ""A-C"": 50, ""A-D"": 60, ""B-C"": 61, ""B-D"": 50, ""C-D"": 7}"	[86, 90, 94, 95, 96, 97, 98, 99, 182, 184, 187, 190, 191, 192, 193, 215, 216, 217, 236, 271, 272, 278, 337, 338, 339, 340, 341, 342, 343, 344, 345, 346, 347, 348, 349, 350, 351, 353, 354, 355, 373, 374]	experiments/e117_c4_iptm80_af2traj_af3/out_s3/ova_body_c4_28/seed-1_sample-3/ova_body_c4_28_seed-1_sample-3_summary_confidences.json	experiments/e117_c4_iptm80_af2traj_af3/out_s3/ova_body_c4_28/seed-1_sample-3/ova_body_c4_28_seed-1_sample-3_model.cif
ova_body_c4_28	seed-1_sample-4	4	0.71	0.77	89.06442983162836	nan	nan	0.72	0.0	6	4	1	0	273	273	0	0.69	0.655	4.575	"{""A-B"": 12, ""A-C"": 61, ""A-D"": 64, ""B-C"": 64, ""B-D"": 60, ""C-D"": 12}"	[1, 86, 90, 94, 95, 96, 97, 98, 99, 182, 184, 187, 190, 191, 192, 193, 215, 216, 217, 236, 237, 270, 271, 272, 278, 337, 338, 339, 340, 341, 342, 343, 344, 345, 346, 347, 348, 349, 350, 351, 353, 354, 355, 373, 374]	experiments/e117_c4_iptm80_af2traj_af3/out_s3/ova_body_c4_28/seed-1_sample-4/ova_body_c4_28_seed-1_sample-4_summary_confidences.json	experiments/e117_c4_iptm80_af2traj_af3/out_s3/ova_body_c4_28/seed-1_sample-4/ova_body_c4_28_seed-1_sample-4_model.cif
ova_body_c4_29	seed-1_sample-0	4	0.39	0.53	87.57611402205235	nan	nan	0.42	0.0	4	4	1	0	393	393	0	0.56	0.39	13.93	"{""A-B"": 146, ""A-C"": 1, ""A-D"": 44, ""B-C"": 52, ""B-D"": 1, ""C-D"": 149}"	[1, 2, 3, 4, 64, 65, 68, 69, 70, 71, 72, 73, 74, 78, 79, 82, 83, 85, 86, 89, 90, 93, 94, 95, 96, 97, 120, 121, 124, 125, 127, 131, 141, 144, 145, 148, 149, 152, 153, 155, 156, 182, 186, 191, 192, 194, 196, 210, 216, 217, 234, 237, 238, 239, 241, 271, 275, 276, 277, 278, 285, 287, 334, 336, 337, 338, 340, 342, 343, 344, 346, 347, 348, 349, 350, 351, 354, 355, 372, 373, 375]	experiments/e117_c4_iptm80_af2traj_af3/out_s4/ova_body_c4_29/seed-1_sample-0/ova_body_c4_29_seed-1_sample-0_summary_confidences.json	experiments/e117_c4_iptm80_af2traj_af3/out_s4/ova_body_c4_29/seed-1_sample-0/ova_body_c4_29_seed-1_sample-0_model.cif
ova_body_c4_29	seed-1_sample-1	4	0.4	0.54	87.70463715192568	nan	nan	0.43	0.0	4	4	1	0	386	386	0	0.57	0.39499999999999996	13.46	"{""A-B"": 128, ""A-C"": 1, ""A-D"": 58, ""B-C"": 59, ""B-D"": 1, ""C-D"": 139}"	[1, 2, 3, 4, 64, 65, 68, 69, 70, 71, 72, 73, 74, 78, 79, 82, 83, 85, 86, 89, 90, 93, 94, 95, 96, 97, 123, 124, 131, 141, 144, 145, 148, 149, 151, 152, 153, 155, 156, 182, 186, 191, 192, 194, 196, 210, 216, 217, 234, 236, 237, 238, 239, 241, 271, 275, 276, 277, 278, 285, 287, 334, 336, 337, 338, 340, 342, 343, 344, 345, 346, 347, 348, 349, 350, 351, 354, 355, 372, 373, 375]	experiments/e117_c4_iptm80_af2traj_af3/out_s4/ova_body_c4_29/seed-1_sample-1/ova_body_c4_29_seed-1_sample-1_summary_confidences.json	experiments/e117_c4_iptm80_af2traj_af3/out_s4/ova_body_c4_29/seed-1_sample-1/ova_body_c4_29_seed-1_sample-1_model.cif
ova_body_c4_29	seed-1_sample-2	4	0.41	0.54	87.77854943151918	nan	nan	0.43	0.0	4	4	1	0	375	375	0	0.58	0.40499999999999997	13.19	"{""A-B"": 132, ""A-C"": 1, ""A-D"": 53, ""B-C"": 54, ""B-D"": 1, ""C-D"": 134}"	[1, 2, 3, 4, 64, 65, 68, 69, 70, 71, 72, 73, 74, 78, 79, 82, 83, 85, 86, 89, 90, 94, 95, 96, 97, 123, 124, 131, 141, 144, 145, 148, 149, 151, 152, 153, 155, 156, 182, 186, 187, 191, 192, 194, 196, 210, 216, 217, 234, 236, 237, 238, 239, 241, 271, 275, 276, 277, 278, 285, 334, 336, 337, 338, 340, 342, 344, 345, 347, 348, 349, 350, 351, 354, 355, 372, 373, 375]	experiments/e117_c4_iptm80_af2traj_af3/out_s4/ova_body_c4_29/seed-1_sample-2/ova_body_c4_29_seed-1_sample-2_summary_confidences.json	experiments/e117_c4_iptm80_af2traj_af3/out_s4/ova_body_c4_29/seed-1_sample-2/ova_body_c4_29_seed-1_sample-2_model.cif
ova_body_c4_29	seed-1_sample-3	4	0.4	0.54	87.48891195979144	nan	nan	0.42	0.0	4	4	1	0	406	406	0	0.57	0.39499999999999996	13.459999999999999	"{""A-B"": 147, ""A-C"": 1, ""A-D"": 49, ""B-C"": 53, ""B-D"": 1, ""C-D"": 155}"	[1, 3, 64, 65, 68, 69, 70, 71, 72, 73, 74, 78, 79, 82, 83, 85, 86, 89, 90, 93, 94, 95, 96, 97, 120, 121, 124, 125, 127, 131, 141, 144, 145, 148, 149, 151, 152, 153, 155, 156, 182, 186, 187, 191, 192, 194, 196, 210, 216, 217, 234, 236, 237, 238, 239, 241, 271, 275, 276, 277, 278, 285, 287, 334, 336, 337, 338, 340, 342, 343, 344, 346, 347, 348, 349, 350, 351, 354, 355, 372, 373, 375]	experiments/e117_c4_iptm80_af2traj_af3/out_s4/ova_body_c4_29/seed-1_sample-3/ova_body_c4_29_seed-1_sample-3_summary_confidences.json	experiments/e117_c4_iptm80_af2traj_af3/out_s4/ova_body_c4_29/seed-1_sample-3/ova_body_c4_29_seed-1_sample-3_model.cif
ova_body_c4_29	seed-1_sample-4	4	0.4	0.54	87.48484457342119	nan	nan	0.43	0.0	4	4	1	0	370	370	0	0.56	0.39	13.495000000000001	"{""A-B"": 126, ""A-C"": 1, ""A-D"": 61, ""B-C"": 57, ""B-D"": 1, ""C-D"": 124}"	[1, 2, 3, 4, 64, 65, 68, 69, 70, 71, 72, 73, 74, 78, 79, 82, 83, 85, 86, 89, 90, 94, 95, 96, 97, 124, 131, 141, 144, 145, 148, 149, 151, 152, 153, 155, 156, 182, 186, 187, 191, 192, 194, 196, 210, 216, 217, 234, 236, 237, 238, 239, 241, 271, 275, 276, 277, 278, 285, 287, 334, 336, 337, 338, 340, 342, 343, 344, 346, 347, 348, 349, 350, 351, 354, 355, 372, 373, 375]	experiments/e117_c4_iptm80_af2traj_af3/out_s4/ova_body_c4_29/seed-1_sample-4/ova_body_c4_29_seed-1_sample-4_summary_confidences.json	experiments/e117_c4_iptm80_af2traj_af3/out_s4/ova_body_c4_29/seed-1_sample-4/ova_body_c4_29_seed-1_sample-4_model.cif
ova_body_c4_30	seed-1_sample-0	4	0.77	0.81	89.25940415772749	nan	nan	0.78	0.0	6	4	1	0	196	196	0	0.72	0.72	4.025	"{""A-B"": 9, ""A-C"": 47, ""A-D"": 42, ""B-C"": 43, ""B-D"": 46, ""C-D"": 9}"	[86, 90, 95, 96, 97, 98, 99, 182, 184, 188, 190, 191, 192, 193, 216, 217, 236, 271, 272, 276, 278, 338, 339, 340, 341, 342, 343, 344, 345, 346, 347, 348, 349, 350, 351, 354, 373, 374]	experiments/e117_c4_iptm80_af2traj_af3/out_s5/ova_body_c4_30/seed-1_sample-0/ova_body_c4_30_seed-1_sample-0_summary_confidences.json	experiments/e117_c4_iptm80_af2traj_af3/out_s5/ova_body_c4_30/seed-1_sample-0/ova_body_c4_30_seed-1_sample-0_model.cif
ova_body_c4_30	seed-1_sample-1	4	0.77	0.81	89.25878245101691	nan	nan	0.78	0.0	6	4	1	0	213	213	0	0.73	0.72	4.08	"{""A-B"": 10, ""A-C"": 56, ""A-D"": 39, ""B-C"": 40, ""B-D"": 57, ""C-D"": 11}"	[86, 90, 95, 96, 97, 98, 99, 182, 184, 188, 190, 191, 192, 193, 215, 216, 217, 236, 238, 271, 272, 276, 278, 338, 339, 340, 341, 342, 343, 344, 345, 346, 347, 348, 349, 350, 351, 353, 354, 373, 374]	experiments/e117_c4_iptm80_af2traj_af3/out_s5/ova_body_c4_30/seed-1_sample-1/ova_body_c4_30_seed-1_sample-1_summary_confidences.json	experiments/e117_c4_iptm80_af2traj_af3/out_s5/ova_body_c4_30/seed-1_sample-1/ova_body_c4_30_seed-1_sample-1_model.cif
ova_body_c4_30	seed-1_sample-2	4	0.76	0.81	89.4436531165721	nan	nan	0.77	0.0	6	4	1	0	210	210	0	0.72	0.72	4.09	"{""A-B"": 13, ""A-C"": 51, ""A-D"": 41, ""B-C"": 42, ""B-D"": 50, ""C-D"": 13}"	[82, 83, 86, 90, 95, 96, 97, 98, 99, 182, 184, 187, 188, 190, 191, 192, 193, 216, 217, 236, 237, 238, 271, 272, 276, 278, 338, 339, 340, 341, 342, 343, 344, 345, 346, 347, 348, 349, 350, 351, 354, 373, 374]	experiments/e117_c4_iptm80_af2traj_af3/out_s5/ova_body_c4_30/seed-1_sample-2/ova_body_c4_30_seed-1_sample-2_summary_confidences.json	experiments/e117_c4_iptm80_af2traj_af3/out_s5/ova_body_c4_30/seed-1_sample-2/ova_body_c4_30_seed-1_sample-2_model.cif
ova_body_c4_30	seed-1_sample-3	4	0.77	0.81	89.31795339633764	nan	nan	0.78	0.0	6	4	1	0	223	223	0	0.73	0.725	3.795	"{""A-B"": 14, ""A-C"": 46, ""A-D"": 50, ""B-C"": 53, ""B-D"": 47, ""C-D"": 13}"	[86, 87, 90, 95, 96, 97, 98, 99, 182, 184, 186, 187, 188, 190, 191, 192, 193, 215, 216, 217, 236, 271, 272, 276, 278, 338, 339, 340, 341, 342, 343, 344, 345, 346, 347, 348, 349, 350, 351, 353, 354, 373, 374]	experiments/e117_c4_iptm80_af2traj_af3/out_s5/ova_body_c4_30/seed-1_sample-3/ova_body_c4_30_seed-1_sample-3_summary_confidences.json	experiments/e117_c4_iptm80_af2traj_af3/out_s5/ova_body_c4_30/seed-1_sample-3/ova_body_c4_30_seed-1_sample-3_model.cif
ova_body_c4_30	seed-1_sample-4	4	0.78	0.82	89.29031115121792	nan	nan	0.79	0.0	6	4	1	0	242	242	0	0.74	0.73	3.61	"{""A-B"": 17, ""A-C"": 60, ""A-D"": 46, ""B-C"": 44, ""B-D"": 59, ""C-D"": 16}"	[1, 86, 87, 90, 95, 96, 97, 98, 99, 182, 184, 188, 190, 191, 192, 193, 215, 216, 217, 236, 237, 238, 270, 271, 272, 276, 278, 337, 338, 339, 340, 341, 342, 343, 344, 345, 346, 347, 348, 349, 350, 351, 353, 354, 373, 374]	experiments/e117_c4_iptm80_af2traj_af3/out_s5/ova_body_c4_30/seed-1_sample-4/ova_body_c4_30_seed-1_sample-4_summary_confidences.json	experiments/e117_c4_iptm80_af2traj_af3/out_s5/ova_body_c4_30/seed-1_sample-4/ova_body_c4_30_seed-1_sample-4_model.cif
ova_body_c4_31	seed-1_sample-0	4	0.35	0.5	86.37533675080137	nan	nan	0.38	0.0	4	4	1	0	297	297	0	0.48	0.33999999999999997	14.46	"{""A-B"": 106, ""A-C"": 42, ""A-D"": 1, ""B-C"": 2, ""B-D"": 44, ""C-D"": 102}"	[1, 2, 3, 4, 64, 65, 68, 69, 70, 71, 72, 73, 78, 79, 82, 83, 85, 86, 89, 90, 94, 95, 96, 97, 124, 125, 131, 148, 149, 152, 153, 155, 156, 182, 184, 186, 191, 192, 194, 210, 217, 234, 237, 238, 239, 241, 266, 271, 275, 276, 277, 278, 285, 287, 334, 336, 337, 338, 342, 343, 344, 345, 346, 349, 350, 351, 354, 372, 373, 375]	experiments/e117_c4_iptm80_af2traj_af3/out_s6/ova_body_c4_31/seed-1_sample-0/ova_body_c4_31_seed-1_sample-0_summary_confidences.json	experiments/e117_c4_iptm80_af2traj_af3/out_s6/ova_body_c4_31/seed-1_sample-0/ova_body_c4_31_seed-1_sample-0_model.cif
ova_body_c4_31	seed-1_sample-1	4	0.35	0.5	86.30735743231106	nan	nan	0.38	0.0	4	4	1	0	311	311	0	0.47	0.33499999999999996	14.995000000000001	"{""A-B"": 110, ""A-C"": 39, ""A-D"": 1, ""B-C"": 2, ""B-D"": 48, ""C-D"": 111}"	[1, 2, 3, 4, 6, 64, 65, 68, 69, 70, 71, 72, 73, 79, 82, 83, 86, 89, 90, 94, 95, 96, 97, 124, 125, 131, 148, 149, 152, 153, 155, 156, 182, 184, 186, 191, 192, 194, 210, 217, 219, 234, 237, 238, 239, 241, 266, 271, 275, 276, 277, 278, 285, 287, 334, 336, 337, 338, 342, 343, 344, 345, 346, 347, 349, 350, 351, 354, 372, 373, 375]	experiments/e117_c4_iptm80_af2traj_af3/out_s6/ova_body_c4_31/seed-1_sample-1/ova_body_c4_31_seed-1_sample-1_summary_confidences.json	experiments/e117_c4_iptm80_af2traj_af3/out_s6/ova_body_c4_31/seed-1_sample-1/ova_body_c4_31_seed-1_sample-1_model.cif
ova_body_c4_31	seed-1_sample-2	4	0.39	0.53	86.3786788011462	nan	nan	0.41	0.0	6	4	1	0	384	384	0	0.48	0.24	18.775	"{""A-B"": 106, ""A-C"": 37, ""A-D"": 51, ""B-C"": 51, ""B-D"": 32, ""C-D"": 107}"	[1, 2, 3, 4, 6, 64, 65, 68, 69, 70, 72, 73, 78, 79, 82, 83, 86, 89, 90, 93, 94, 95, 96, 97, 99, 101, 110, 113, 114, 116, 117, 119, 120, 123, 124, 131, 132, 133, 134, 138, 141, 142, 145, 148, 149, 152, 153, 155, 156, 182, 184, 217, 219, 234, 236, 237, 238, 239, 241, 266, 270, 271, 272, 275, 276, 277, 278, 338, 340, 341, 342, 343, 344, 345, 346, 347, 349, 350, 351, 354, 372, 373, 375]	experiments/e117_c4_iptm80_af2traj_af3/out_s6/ova_body_c4_31/seed-1_sample-2/ova_body_c4_31_seed-1_sample-2_summary_confidences.json	experiments/e117_c4_iptm80_af2traj_af3/out_s6/ova_body_c4_31/seed-1_sample-2/ova_body_c4_31_seed-1_sample-2_model.cif
ova_body_c4_31	seed-1_sample-3	4	0.38	0.51	85.28818652296313	nan	nan	0.4	0.0	6	4	1	0	396	396	0	0.43	0.245	19.924999999999997	"{""A-B"": 107, ""A-C"": 73, ""A-D"": 13, ""B-C"": 15, ""B-D"": 74, ""C-D"": 114}"	[1, 2, 3, 64, 65, 68, 69, 70, 71, 72, 73, 74, 78, 79, 81, 82, 85, 86, 90, 93, 94, 95, 96, 97, 116, 119, 120, 121, 123, 124, 125, 141, 144, 145, 147, 148, 149, 151, 152, 153, 155, 156, 159, 182, 184, 186, 188, 190, 191, 192, 193, 217, 234, 236, 237, 238, 239, 241, 270, 271, 275, 276, 277, 278, 336, 337, 338, 339, 340, 341, 342, 343, 344, 345, 346, 348, 349, 350, 354, 372, 373, 375]	experiments/e117_c4_iptm80_af2traj_af3/out_s6/ova_body_c4_31/seed-1_sample-3/ova_body_c4_31_seed-1_sample-3_summary_confidences.json	experiments/e117_c4_iptm80_af2traj_af3/out_s6/ova_body_c4_31/seed-1_sample-3/ova_body_c4_31_seed-1_sample-3_model.cif
ova_body_c4_31	seed-1_sample-4	4	0.36	0.51	85.75168390224634	nan	nan	0.39	0.0	6	4	1	0	358	358	0	0.44	0.225	19.28	"{""A-B"": 113, ""A-C"": 57, ""A-D"": 7, ""B-C"": 7, ""B-D"": 57, ""C-D"": 117}"	[1, 2, 3, 64, 65, 68, 69, 70, 71, 72, 73, 74, 78, 79, 82, 83, 85, 86, 89, 90, 93, 94, 95, 96, 97, 116, 119, 120, 123, 124, 125, 144, 145, 147, 148, 151, 152, 153, 155, 156, 159, 184, 186, 188, 190, 191, 192, 193, 216, 217, 234, 236, 237, 238, 239, 241, 266, 270, 271, 275, 276, 277, 278, 336, 337, 338, 339, 340, 341, 342, 343, 344, 345, 346, 348, 349, 350, 351, 354, 372, 373, 375]	experiments/e117_c4_iptm80_af2traj_af3/out_s6/ova_body_c4_31/seed-1_sample-4/ova_body_c4_31_seed-1_sample-4_summary_confidences.json	experiments/e117_c4_iptm80_af2traj_af3/out_s6/ova_body_c4_31/seed-1_sample-4/ova_body_c4_31_seed-1_sample-4_model.cif
ova_body_c4_32	seed-1_sample-0	4	0.45	0.57	85.48709851596021	nan	nan	0.47	0.0	6	4	1	0	439	439	0	0.4	0.395	12.91	"{""A-B"": 83, ""A-C"": 87, ""A-D"": 51, ""B-C"": 46, ""B-D"": 87, ""C-D"": 85}"	[1, 2, 3, 4, 5, 6, 64, 65, 70, 71, 72, 78, 79, 82, 83, 85, 86, 89, 93, 94, 95, 96, 97, 99, 110, 116, 119, 120, 123, 124, 125, 127, 128, 131, 132, 141, 144, 145, 148, 149, 151, 152, 153, 155, 156, 157, 182, 183, 184, 188, 191, 192, 217, 234, 236, 237, 238, 239, 241, 271, 275, 276, 277, 278, 285, 287, 334, 336, 337, 338, 339, 340, 341, 342, 343, 344, 345, 346, 348, 349, 350, 351, 354, 372, 373, 375]	experiments/e117_c4_iptm80_af2traj_af3/out_s7/ova_body_c4_32/seed-1_sample-0/ova_body_c4_32_seed-1_sample-0_summary_confidences.json	experiments/e117_c4_iptm80_af2traj_af3/out_s7/ova_body_c4_32/seed-1_sample-0/ova_body_c4_32_seed-1_sample-0_model.cif
ova_body_c4_32	seed-1_sample-1	4	0.45	0.57	85.15528497053552	nan	nan	0.47	0.0	6	4	1	0	436	436	0	0.41	0.375	15.105	"{""A-B"": 116, ""A-C"": 42, ""A-D"": 54, ""B-C"": 55, ""B-D"": 46, ""C-D"": 123}"	[1, 2, 3, 4, 6, 64, 65, 68, 70, 71, 72, 73, 74, 78, 79, 81, 82, 83, 86, 89, 90, 93, 94, 95, 96, 97, 99, 110, 116, 119, 120, 123, 124, 125, 127, 131, 132, 138, 141, 142, 144, 145, 148, 149, 151, 152, 153, 155, 156, 157, 159, 182, 184, 186, 191, 192, 217, 234, 236, 237, 238, 239, 241, 271, 275, 276, 277, 278, 287, 334, 336, 338, 340, 341, 342, 343, 344, 346, 347, 348, 349, 350, 351, 354, 355, 372, 373, 375]	experiments/e117_c4_iptm80_af2traj_af3/out_s7/ova_body_c4_32/seed-1_sample-1/ova_body_c4_32_seed-1_sample-1_summary_confidences.json	experiments/e117_c4_iptm80_af2traj_af3/out_s7/ova_body_c4_32/seed-1_sample-1/ova_body_c4_32_seed-1_sample-1_model.cif
ova_body_c4_32	seed-1_sample-2	4	0.45	0.58	85.8415285614488	nan	nan	0.48	0.0	6	4	1	0	378	378	0	0.4	0.375	13.93	"{""A-B"": 119, ""A-C"": 24, ""A-D"": 46, ""B-C"": 51, ""B-D"": 20, ""C-D"": 118}"	[1, 2, 3, 4, 64, 65, 68, 69, 70, 71, 72, 73, 74, 78, 79, 82, 83, 86, 89, 90, 93, 94, 95, 96, 97, 110, 113, 116, 119, 120, 123, 124, 127, 128, 131, 132, 134, 138, 141, 142, 144, 145, 148, 149, 151, 152, 153, 155, 156, 184, 186, 217, 234, 236, 237, 238, 239, 241, 271, 275, 276, 277, 278, 338, 340, 341, 342, 344, 345, 346, 348, 349, 350, 351, 354, 355, 372, 373, 375]	experiments/e117_c4_iptm80_af2traj_af3/out_s7/ova_body_c4_32/seed-1_sample-2/ova_body_c4_32_seed-1_sample-2_summary_confidences.json	experiments/e117_c4_iptm80_af2traj_af3/out_s7/ova_body_c4_32/seed-1_sample-2/ova_body_c4_32_seed-1_sample-2_model.cif
ova_body_c4_32	seed-1_sample-3	4	0.44	0.57	85.19585506656627	nan	nan	0.47	0.0	6	4	1	0	405	405	0	0.41	0.385	14.02	"{""A-B"": 90, ""A-C"": 61, ""A-D"": 54, ""B-C"": 55, ""B-D"": 61, ""C-D"": 84}"	[1, 3, 64, 65, 68, 70, 71, 72, 73, 74, 78, 79, 82, 83, 86, 89, 90, 93, 94, 95, 96, 97, 99, 101, 110, 116, 119, 120, 123, 124, 125, 127, 128, 131, 132, 138, 141, 144, 145, 148, 149, 151, 152, 153, 154, 155, 156, 157, 159, 180, 182, 184, 186, 191, 192, 217, 234, 236, 237, 238, 239, 241, 271, 275, 276, 277, 278, 287, 334, 336, 337, 338, 339, 340, 341, 342, 343, 344, 346, 347, 348, 349, 350, 351, 354, 372, 373]	experiments/e117_c4_iptm80_af2traj_af3/out_s7/ova_body_c4_32/seed-1_sample-3/ova_body_c4_32_seed-1_sample-3_summary_confidences.json	experiments/e117_c4_iptm80_af2traj_af3/out_s7/ova_body_c4_32/seed-1_sample-3/ova_body_c4_32_seed-1_sample-3_model.cif
ova_body_c4_32	seed-1_sample-4	4	0.4	0.53	85.801683949683	nan	nan	0.42	0.0	6	4	1	0	344	344	0	0.39	0.29	15.0	"{""A-B"": 113, ""A-C"": 28, ""A-D"": 26, ""B-C"": 24, ""B-D"": 32, ""C-D"": 121}"	[1, 2, 3, 64, 65, 68, 70, 71, 72, 73, 74, 78, 79, 82, 83, 86, 89, 90, 93, 94, 95, 96, 110, 116, 119, 120, 123, 124, 131, 132, 133, 134, 145, 148, 149, 151, 152, 155, 156, 159, 186, 187, 188, 191, 192, 216, 217, 234, 237, 238, 239, 241, 271, 275, 276, 277, 278, 340, 341, 342, 344, 345, 346, 348, 349, 350, 351, 354, 372, 373, 375]	experiments/e117_c4_iptm80_af2traj_af3/out_s7/ova_body_c4_32/seed-1_sample-4/ova_body_c4_32_seed-1_sample-4_summary_confidences.json	experiments/e117_c4_iptm80_af2traj_af3/out_s7/ova_body_c4_32/seed-1_sample-4/ova_body_c4_32_seed-1_sample-4_model.cif
ova_body_c4_33	seed-1_sample-0	4	0.72	0.77	89.01621780000202	nan	nan	0.73	0.0	6	4	1	0	193	193	0	0.68	0.65	4.6	"{""A-B"": 9, ""A-C"": 44, ""A-D"": 41, ""B-C"": 45, ""B-D"": 44, ""C-D"": 10}"	[83, 86, 90, 94, 95, 96, 97, 98, 99, 182, 184, 190, 191, 192, 216, 217, 236, 271, 272, 276, 278, 338, 339, 340, 342, 343, 344, 345, 346, 347, 348, 349, 350, 351, 354, 355, 373, 374]	experiments/e117_c4_iptm80_af2traj_af3/out_s0/ova_body_c4_33/seed-1_sample-0/ova_body_c4_33_seed-1_sample-0_summary_confidences.json	experiments/e117_c4_iptm80_af2traj_af3/out_s0/ova_body_c4_33/seed-1_sample-0/ova_body_c4_33_seed-1_sample-0_model.cif
ova_body_c4_33	seed-1_sample-1	4	0.73	0.79	88.99764265544674	nan	nan	0.74	0.0	6	4	1	0	184	184	0	0.7	0.675	4.390000000000001	"{""A-B"": 9, ""A-C"": 44, ""A-D"": 36, ""B-C"": 37, ""B-D"": 48, ""C-D"": 10}"	[86, 90, 94, 95, 96, 97, 98, 99, 182, 184, 190, 191, 192, 193, 215, 216, 217, 236, 271, 272, 277, 278, 337, 338, 339, 340, 342, 343, 344, 345, 346, 347, 348, 349, 350, 351, 354, 355, 373, 374]	experiments/e117_c4_iptm80_af2traj_af3/out_s0/ova_body_c4_33/seed-1_sample-1/ova_body_c4_33_seed-1_sample-1_summary_confidences.json	experiments/e117_c4_iptm80_af2traj_af3/out_s0/ova_body_c4_33/seed-1_sample-1/ova_body_c4_33_seed-1_sample-1_model.cif
ova_body_c4_33	seed-1_sample-2	4	0.73	0.78	89.24292769950907	nan	nan	0.74	0.0	6	4	1	0	201	201	0	0.69	0.67	4.525	"{""A-B"": 9, ""A-C"": 43, ""A-D"": 51, ""B-C"": 44, ""B-D"": 46, ""C-D"": 8}"	[86, 90, 94, 95, 96, 97, 98, 99, 182, 184, 187, 190, 191, 192, 193, 215, 216, 217, 236, 271, 272, 277, 278, 337, 338, 339, 340, 342, 343, 344, 345, 346, 347, 348, 349, 350, 351, 354, 355, 373, 374]	experiments/e117_c4_iptm80_af2traj_af3/out_s0/ova_body_c4_33/seed-1_sample-2/ova_body_c4_33_seed-1_sample-2_summary_confidences.json	experiments/e117_c4_iptm80_af2traj_af3/out_s0/ova_body_c4_33/seed-1_sample-2/ova_body_c4_33_seed-1_sample-2_model.cif
ova_body_c4_33	seed-1_sample-3	4	0.73	0.78	89.12471508362133	nan	nan	0.74	0.0	6	4	1	0	197	197	0	0.69	0.68	4.4350000000000005	"{""A-B"": 10, ""A-C"": 48, ""A-D"": 41, ""B-C"": 41, ""B-D"": 48, ""C-D"": 9}"	[86, 87, 90, 94, 95, 96, 97, 98, 99, 182, 184, 190, 191, 192, 215, 216, 217, 236, 271, 272, 276, 277, 278, 337, 338, 339, 340, 341, 342, 343, 344, 345, 346, 347, 348, 349, 350, 351, 354, 373, 374]	experiments/e117_c4_iptm80_af2traj_af3/out_s0/ova_body_c4_33/seed-1_sample-3/ova_body_c4_33_seed-1_sample-3_summary_confidences.json	experiments/e117_c4_iptm80_af2traj_af3/out_s0/ova_body_c4_33/seed-1_sample-3/ova_body_c4_33_seed-1_sample-3_model.cif
ova_body_c4_33	seed-1_sample-4	4	0.75	0.8	88.74808293673658	nan	nan	0.76	0.0	6	4	1	0	196	196	0	0.71	0.695	4.140000000000001	"{""A-B"": 16, ""A-C"": 45, ""A-D"": 36, ""B-C"": 37, ""B-D"": 45, ""C-D"": 17}"	[1, 82, 83, 86, 90, 94, 95, 96, 97, 98, 99, 182, 184, 190, 191, 192, 216, 217, 236, 270, 271, 272, 278, 337, 338, 339, 340, 342, 343, 344, 345, 346, 347, 348, 349, 350, 351, 354, 355, 373, 374]	experiments/e117_c4_iptm80_af2traj_af3/out_s0/ova_body_c4_33/seed-1_sample-4/ova_body_c4_33_seed-1_sample-4_summary_confidences.json	experiments/e117_c4_iptm80_af2traj_af3/out_s0/ova_body_c4_33/seed-1_sample-4/ova_body_c4_33_seed-1_sample-4_model.cif
ova_body_c4_34	seed-1_sample-0	4	0.24	0.4	86.34243524383386	nan	nan	0.27	0.0	4	4	1	0	189	189	0	0.3	0.21	17.785	"{""A-B"": 75, ""A-C"": 1, ""A-D"": 12, ""B-C"": 18, ""B-D"": 1, ""C-D"": 82}"	[86, 87, 90, 93, 95, 96, 97, 156, 157, 186, 187, 188, 191, 192, 196, 208, 209, 210, 217, 219, 234, 236, 237, 238, 239, 270, 271, 272, 274, 275, 276, 278, 287, 334, 336, 340, 341, 342, 343, 344, 345, 347, 349, 350, 353, 354, 371, 372, 373, 374]	experiments/e117_c4_iptm80_af2traj_af3/out_s1/ova_body_c4_34/seed-1_sample-0/ova_body_c4_34_seed-1_sample-0_summary_confidences.json	experiments/e117_c4_iptm80_af2traj_af3/out_s1/ova_body_c4_34/seed-1_sample-0/ova_body_c4_34_seed-1_sample-0_model.cif
ova_body_c4_34	seed-1_sample-1	4	0.24	0.41	85.53367881577249	nan	nan	0.28	0.0	6	4	1	0	237	237	0	0.29	0.135	23.045	"{""A-B"": 48, ""A-C"": 38, ""A-D"": 32, ""B-C"": 33, ""B-D"": 39, ""C-D"": 47}"	[95, 96, 97, 151, 152, 155, 156, 157, 184, 186, 187, 188, 190, 191, 192, 193, 196, 207, 208, 217, 234, 236, 238, 278, 336, 337, 338, 339, 340, 341, 342, 343, 344, 345, 346, 347, 348, 349, 350, 354]	experiments/e117_c4_iptm80_af2traj_af3/out_s1/ova_body_c4_34/seed-1_sample-1/ova_body_c4_34_seed-1_sample-1_summary_confidences.json	experiments/e117_c4_iptm80_af2traj_af3/out_s1/ova_body_c4_34/seed-1_sample-1/ova_body_c4_34_seed-1_sample-1_model.cif
ova_body_c4_34	seed-1_sample-2	4	0.25	0.4	86.31805705530039	nan	nan	0.28	0.0	6	4	1	0	206	206	0	0.29	0.13	23.295	"{""A-B"": 38, ""A-C"": 34, ""A-D"": 32, ""B-C"": 29, ""B-D"": 37, ""C-D"": 36}"	[95, 96, 97, 151, 152, 155, 156, 184, 187, 190, 191, 192, 193, 196, 207, 208, 210, 217, 236, 238, 278, 337, 338, 339, 340, 341, 342, 343, 344, 345, 346, 347, 348, 349, 350]	experiments/e117_c4_iptm80_af2traj_af3/out_s1/ova_body_c4_34/seed-1_sample-2/ova_body_c4_34_seed-1_sample-2_summary_confidences.json	experiments/e117_c4_iptm80_af2traj_af3/out_s1/ova_body_c4_34/seed-1_sample-2/ova_body_c4_34_seed-1_sample-2_model.cif
ova_body_c4_34	seed-1_sample-3	4	0.24	0.4	85.61580322937644	nan	nan	0.27	0.0	6	4	1	0	228	228	0	0.29	0.13	23.645	"{""A-B"": 47, ""A-C"": 29, ""A-D"": 33, ""B-C"": 39, ""B-D"": 32, ""C-D"": 48}"	[96, 97, 155, 156, 157, 184, 186, 187, 188, 190, 191, 192, 193, 194, 196, 208, 217, 234, 236, 238, 276, 278, 336, 337, 338, 339, 340, 341, 342, 343, 344, 345, 346, 347, 348, 349, 350, 351, 352, 354]	experiments/e117_c4_iptm80_af2traj_af3/out_s1/ova_body_c4_34/seed-1_sample-3/ova_body_c4_34_seed-1_sample-3_summary_confidences.json	experiments/e117_c4_iptm80_af2traj_af3/out_s1/ova_body_c4_34/seed-1_sample-3/ova_body_c4_34_seed-1_sample-3_model.cif
ova_body_c4_34	seed-1_sample-4	4	0.25	0.4	85.53655458361374	nan	nan	0.28	0.0	6	4	1	0	239	239	0	0.29	0.13	23.325	"{""A-B"": 41, ""A-C"": 33, ""A-D"": 43, ""B-C"": 42, ""B-D"": 36, ""C-D"": 44}"	[95, 96, 97, 151, 152, 155, 156, 184, 186, 187, 188, 190, 191, 192, 193, 195, 196, 207, 208, 210, 217, 236, 238, 278, 336, 337, 338, 339, 340, 341, 342, 343, 344, 345, 346, 347, 348, 349, 350, 354]	experiments/e117_c4_iptm80_af2traj_af3/out_s1/ova_body_c4_34/seed-1_sample-4/ova_body_c4_34_seed-1_sample-4_summary_confidences.json	experiments/e117_c4_iptm80_af2traj_af3/out_s1/ova_body_c4_34/seed-1_sample-4/ova_body_c4_34_seed-1_sample-4_model.cif
ova_body_c4_35	seed-1_sample-0	4	0.23	0.41	84.79816058756774	nan	nan	0.26	0.0	6	4	1	0	295	295	0	0.18	0.16	22.064999999999998	"{""A-B"": 45, ""A-C"": 76, ""A-D"": 24, ""B-C"": 25, ""B-D"": 79, ""C-D"": 46}"	[1, 64, 65, 68, 70, 71, 78, 79, 82, 86, 89, 90, 92, 93, 94, 95, 96, 97, 98, 99, 100, 101, 148, 151, 152, 153, 155, 156, 182, 183, 184, 191, 192, 194, 195, 196, 210, 216, 217, 219, 236, 237, 238, 239, 271, 275, 276, 277, 278, 338, 339, 340, 341, 342, 343, 346, 347, 350, 351, 354, 373]	experiments/e117_c4_iptm80_af2traj_af3/out_s2/ova_body_c4_35/seed-1_sample-0/ova_body_c4_35_seed-1_sample-0_summary_confidences.json	experiments/e117_c4_iptm80_af2traj_af3/out_s2/ova_body_c4_35/seed-1_sample-0/ova_body_c4_35_seed-1_sample-0_model.cif
ova_body_c4_35	seed-1_sample-1	4	0.22	0.4	84.33489622106207	nan	nan	0.25	0.0	6	4	1	0	352	352	0	0.16	0.15	22.835	"{""A-B"": 62, ""A-C"": 77, ""A-D"": 26, ""B-C"": 29, ""B-D"": 83, ""C-D"": 75}"	[1, 2, 3, 64, 65, 68, 69, 71, 80, 82, 83, 86, 89, 90, 92, 93, 94, 95, 96, 97, 99, 100, 101, 102, 123, 127, 148, 152, 153, 154, 155, 156, 182, 191, 192, 194, 195, 196, 210, 215, 216, 217, 219, 236, 237, 238, 239, 271, 274, 275, 276, 278, 285, 337, 338, 339, 340, 341, 342, 343, 345, 346, 348, 350, 351, 354, 372, 373, 374]	experiments/e117_c4_iptm80_af2traj_af3/out_s2/ova_body_c4_35/seed-1_sample-1/ova_body_c4_35_seed-1_sample-1_summary_confidences.json	experiments/e117_c4_iptm80_af2traj_af3/out_s2/ova_body_c4_35/seed-1_sample-1/ova_body_c4_35_seed-1_sample-1_model.cif
ova_body_c4_35	seed-1_sample-2	4	0.2	0.38	84.96044019096256	nan	nan	0.23	0.0	4	4	1	0	249	249	0	0.16	0.14500000000000002	23.075000000000003	"{""A-B"": 59, ""A-C"": 67, ""A-D"": 0, ""B-C"": 0, ""B-D"": 64, ""C-D"": 59}"	[1, 2, 3, 64, 65, 68, 69, 70, 72, 73, 78, 79, 82, 86, 90, 93, 94, 95, 96, 97, 99, 123, 124, 127, 128, 129, 131, 133, 141, 145, 148, 149, 152, 153, 155, 156, 182, 191, 192, 194, 196, 210, 216, 217, 238, 239, 271, 275, 276, 278, 285, 334, 336, 337, 339, 340, 342, 343, 345, 346, 348, 350, 351, 354, 372, 373]	experiments/e117_c4_iptm80_af2traj_af3/out_s2/ova_body_c4_35/seed-1_sample-2/ova_body_c4_35_seed-1_sample-2_summary_confidences.json	experiments/e117_c4_iptm80_af2traj_af3/out_s2/ova_body_c4_35/seed-1_sample-2/ova_body_c4_35_seed-1_sample-2_model.cif
ova_body_c4_35	seed-1_sample-3	4	0.28	0.44	84.62678755132646	nan	nan	0.32	0.0	6	4	1	0	183	183	0	0.27	0.19	17.875	"{""A-B"": 9, ""A-C"": 51, ""A-D"": 32, ""B-C"": 33, ""B-D"": 51, ""C-D"": 7}"	[86, 90, 94, 95, 96, 97, 99, 182, 183, 184, 188, 190, 191, 192, 216, 217, 236, 237, 271, 272, 276, 278, 336, 338, 339, 340, 341, 342, 343, 344, 345, 346, 348, 349, 350, 352, 353, 354, 355, 373, 374]	experiments/e117_c4_iptm80_af2traj_af3/out_s2/ova_body_c4_35/seed-1_sample-3/ova_body_c4_35_seed-1_sample-3_summary_confidences.json	experiments/e117_c4_iptm80_af2traj_af3/out_s2/ova_body_c4_35/seed-1_sample-3/ova_body_c4_35_seed-1_sample-3_model.cif
ova_body_c4_35	seed-1_sample-4	4	0.28	0.44	84.62196912419611	nan	nan	0.31	0.0	6	4	1	0	236	236	0	0.26	0.18	18.17	"{""A-B"": 7, ""A-C"": 73, ""A-D"": 39, ""B-C"": 37, ""B-D"": 75, ""C-D"": 5}"	[82, 86, 94, 95, 96, 97, 98, 99, 155, 182, 183, 184, 186, 188, 190, 191, 192, 193, 194, 216, 217, 236, 237, 271, 272, 276, 277, 278, 336, 337, 338, 339, 340, 341, 342, 343, 344, 345, 346, 348, 349, 350, 352, 353, 354, 355, 373, 374]	experiments/e117_c4_iptm80_af2traj_af3/out_s2/ova_body_c4_35/seed-1_sample-4/ova_body_c4_35_seed-1_sample-4_summary_confidences.json	experiments/e117_c4_iptm80_af2traj_af3/out_s2/ova_body_c4_35/seed-1_sample-4/ova_body_c4_35_seed-1_sample-4_model.cif
ova_body_c4_36	seed-1_sample-0	4	0.27	0.44	85.85626960912516	nan	nan	0.31	0.0	4	4	1	0	318	318	0	0.35	0.245	20.01	"{""A-B"": 119, ""A-C"": 38, ""A-D"": 1, ""B-C"": 1, ""B-D"": 39, ""C-D"": 120}"	[1, 2, 3, 4, 64, 65, 68, 69, 70, 71, 72, 73, 74, 78, 79, 82, 83, 85, 86, 89, 90, 94, 95, 96, 97, 124, 125, 127, 131, 148, 149, 152, 153, 155, 156, 182, 184, 186, 191, 192, 210, 216, 217, 219, 234, 237, 238, 239, 241, 266, 271, 275, 276, 277, 278, 285, 287, 334, 336, 337, 338, 342, 343, 344, 345, 349, 350, 351, 354, 355, 372, 373, 375]	experiments/e117_c4_iptm80_af2traj_af3/out_s3/ova_body_c4_36/seed-1_sample-0/ova_body_c4_36_seed-1_sample-0_summary_confidences.json	experiments/e117_c4_iptm80_af2traj_af3/out_s3/ova_body_c4_36/seed-1_sample-0/ova_body_c4_36_seed-1_sample-0_model.cif
ova_body_c4_36	seed-1_sample-1	4	0.27	0.44	85.75388595106688	nan	nan	0.31	0.0	4	4	1	0	335	335	0	0.35	0.25	20.015	"{""A-B"": 119, ""A-C"": 40, ""A-D"": 1, ""B-C"": 1, ""B-D"": 54, ""C-D"": 120}"	[1, 2, 3, 4, 64, 65, 68, 69, 70, 71, 72, 73, 74, 78, 79, 82, 83, 85, 86, 89, 90, 94, 95, 96, 97, 124, 125, 131, 141, 144, 145, 148, 149, 151, 152, 153, 155, 156, 182, 184, 186, 191, 192, 194, 195, 196, 210, 216, 217, 219, 234, 237, 238, 239, 241, 266, 271, 275, 276, 277, 278, 285, 287, 334, 336, 337, 338, 342, 343, 344, 347, 348, 349, 350, 351, 354, 372, 373, 375]	experiments/e117_c4_iptm80_af2traj_af3/out_s3/ova_body_c4_36/seed-1_sample-1/ova_body_c4_36_seed-1_sample-1_summary_confidences.json	experiments/e117_c4_iptm80_af2traj_af3/out_s3/ova_body_c4_36/seed-1_sample-1/ova_body_c4_36_seed-1_sample-1_model.cif
ova_body_c4_36	seed-1_sample-2	4	0.27	0.44	85.7974871403195	nan	nan	0.31	0.0	4	4	1	0	319	319	0	0.34	0.245	19.86	"{""A-B"": 112, ""A-C"": 48, ""A-D"": 0, ""B-C"": 1, ""B-D"": 46, ""C-D"": 112}"	[1, 2, 3, 4, 64, 65, 68, 69, 70, 71, 72, 73, 74, 78, 79, 82, 83, 85, 86, 90, 93, 94, 95, 96, 97, 124, 131, 145, 148, 149, 152, 153, 155, 156, 182, 184, 186, 191, 192, 194, 210, 216, 217, 219, 234, 237, 238, 239, 241, 266, 270, 271, 275, 276, 277, 278, 334, 336, 337, 338, 343, 344, 346, 347, 348, 350, 351, 354, 355, 372, 373, 375]	experiments/e117_c4_iptm80_af2traj_af3/out_s3/ova_body_c4_36/seed-1_sample-2/ova_body_c4_36_seed-1_sample-2_summary_confidences.json	experiments/e117_c4_iptm80_af2traj_af3/out_s3/ova_body_c4_36/seed-1_sample-2/ova_body_c4_36_seed-1_sample-2_model.cif
ova_body_c4_36	seed-1_sample-3	4	0.27	0.44	85.71901548711747	nan	nan	0.3	0.0	4	4	1	0	358	358	0	0.33	0.24	20.165	"{""A-B"": 131, ""A-C"": 49, ""A-D"": 1, ""B-C"": 1, ""B-D"": 53, ""C-D"": 123}"	[1, 2, 3, 64, 65, 68, 69, 70, 71, 72, 73, 74, 78, 79, 82, 83, 85, 86, 89, 90, 94, 95, 96, 97, 124, 125, 127, 131, 144, 145, 148, 149, 152, 153, 155, 156, 182, 186, 187, 191, 192, 194, 196, 210, 217, 234, 236, 237, 238, 239, 241, 266, 271, 275, 276, 277, 278, 285, 287, 334, 336, 337, 338, 340, 342, 343, 344, 347, 348, 349, 350, 351, 354, 355, 372, 373, 375]	experiments/e117_c4_iptm80_af2traj_af3/out_s3/ova_body_c4_36/seed-1_sample-3/ova_body_c4_36_seed-1_sample-3_summary_confidences.json	experiments/e117_c4_iptm80_af2traj_af3/out_s3/ova_body_c4_36/seed-1_sample-3/ova_body_c4_36_seed-1_sample-3_model.cif
ova_body_c4_36	seed-1_sample-4	4	0.28	0.44	85.81699492894306	nan	nan	0.31	0.0	4	4	1	0	317	317	0	0.35	0.25	19.494999999999997	"{""A-B"": 101, ""A-C"": 59, ""A-D"": 1, ""B-C"": 1, ""B-D"": 56, ""C-D"": 99}"	[1, 2, 3, 4, 64, 65, 68, 69, 70, 72, 73, 74, 78, 79, 82, 83, 86, 90, 93, 94, 95, 96, 97, 124, 131, 141, 144, 145, 148, 149, 152, 153, 155, 156, 182, 184, 186, 191, 192, 194, 195, 196, 210, 216, 217, 234, 237, 238, 239, 241, 266, 271, 275, 276, 277, 278, 285, 287, 334, 336, 337, 338, 341, 346, 347, 348, 350, 351, 354, 372, 373, 375]	experiments/e117_c4_iptm80_af2traj_af3/out_s3/ova_body_c4_36/seed-1_sample-4/ova_body_c4_36_seed-1_sample-4_summary_confidences.json	experiments/e117_c4_iptm80_af2traj_af3/out_s3/ova_body_c4_36/seed-1_sample-4/ova_body_c4_36_seed-1_sample-4_model.cif
ova_body_c4_37	seed-1_sample-0	4	0.47	0.59	85.86059575253817	nan	nan	0.49	0.0	6	4	1	0	394	394	0	0.46	0.38	13.095	"{""A-B"": 88, ""A-C"": 91, ""A-D"": 16, ""B-C"": 14, ""B-D"": 91, ""C-D"": 94}"	[1, 2, 3, 5, 6, 64, 65, 68, 70, 71, 72, 78, 79, 82, 83, 85, 86, 89, 93, 94, 95, 96, 97, 98, 99, 120, 123, 124, 148, 149, 151, 152, 155, 156, 157, 182, 183, 184, 188, 191, 192, 217, 219, 234, 236, 237, 238, 239, 271, 272, 273, 275, 276, 277, 278, 285, 287, 334, 336, 337, 338, 339, 340, 341, 342, 343, 344, 345, 346, 348, 349, 350, 351, 354, 372, 373, 374, 375]	experiments/e117_c4_iptm80_af2traj_af3/out_s4/ova_body_c4_37/seed-1_sample-0/ova_body_c4_37_seed-1_sample-0_summary_confidences.json	experiments/e117_c4_iptm80_af2traj_af3/out_s4/ova_body_c4_37/seed-1_sample-0/ova_body_c4_37_seed-1_sample-0_model.cif
ova_body_c4_37	seed-1_sample-1	4	0.45	0.57	85.48331620409081	nan	nan	0.48	0.0	6	4	1	0	430	430	0	0.43	0.375	14.965	"{""A-B"": 122, ""A-C"": 54, ""A-D"": 35, ""B-C"": 35, ""B-D"": 58, ""C-D"": 126}"	[1, 2, 3, 4, 5, 6, 64, 65, 68, 70, 71, 72, 73, 74, 78, 79, 82, 83, 86, 89, 90, 93, 94, 95, 96, 97, 99, 101, 116, 119, 120, 121, 123, 124, 125, 127, 132, 138, 141, 144, 145, 148, 149, 151, 152, 154, 155, 156, 157, 180, 182, 183, 184, 186, 191, 217, 234, 236, 237, 238, 239, 241, 271, 272, 275, 276, 277, 278, 334, 336, 338, 339, 340, 341, 342, 343, 344, 345, 346, 347, 348, 349, 350, 351, 354, 355, 372, 373, 375]	experiments/e117_c4_iptm80_af2traj_af3/out_s4/ova_body_c4_37/seed-1_sample-1/ova_body_c4_37_seed-1_sample-1_summary_confidences.json	experiments/e117_c4_iptm80_af2traj_af3/out_s4/ova_body_c4_37/seed-1_sample-1/ova_body_c4_37_seed-1_sample-1_model.cif
ova_body_c4_37	seed-1_sample-2	4	0.46	0.58	85.83564781030843	nan	nan	0.49	0.0	6	4	1	0	368	368	0	0.41	0.405	14.3	"{""A-B"": 120, ""A-C"": 29, ""A-D"": 36, ""B-C"": 38, ""B-D"": 29, ""C-D"": 116}"	[1, 2, 3, 4, 5, 6, 63, 64, 65, 68, 69, 70, 71, 72, 73, 78, 79, 82, 83, 85, 86, 90, 93, 94, 95, 96, 97, 99, 110, 116, 119, 120, 123, 124, 125, 131, 132, 138, 141, 142, 144, 145, 148, 149, 151, 152, 155, 156, 182, 186, 217, 219, 234, 236, 237, 238, 239, 241, 266, 271, 274, 275, 276, 277, 278, 338, 340, 342, 343, 344, 345, 346, 348, 349, 350, 351, 354, 355, 372, 373, 375]	experiments/e117_c4_iptm80_af2traj_af3/out_s4/ova_body_c4_37/seed-1_sample-2/ova_body_c4_37_seed-1_sample-2_summary_confidences.json	experiments/e117_c4_iptm80_af2traj_af3/out_s4/ova_body_c4_37/seed-1_sample-2/ova_body_c4_37_seed-1_sample-2_model.cif
ova_body_c4_37	seed-1_sample-3	4	0.46	0.58	85.69207249774834	nan	nan	0.49	0.0	6	4	1	0	354	354	0	0.45	0.38	13.620000000000001	"{""A-B"": 81, ""A-C"": 62, ""A-D"": 36, ""B-C"": 36, ""B-D"": 64, ""C-D"": 75}"	[1, 2, 3, 64, 65, 68, 70, 71, 72, 79, 82, 83, 85, 86, 89, 90, 93, 94, 95, 96, 97, 99, 110, 116, 119, 120, 123, 124, 127, 131, 132, 141, 144, 145, 148, 149, 152, 155, 156, 157, 182, 184, 186, 188, 191, 192, 217, 234, 236, 237, 238, 239, 241, 271, 272, 275, 276, 277, 278, 285, 287, 334, 336, 337, 338, 339, 340, 342, 343, 344, 345, 346, 348, 349, 350, 351, 354, 372, 373, 375]	experiments/e117_c4_iptm80_af2traj_af3/out_s4/ova_body_c4_37/seed-1_sample-3/ova_body_c4_37_seed-1_sample-3_summary_confidences.json	experiments/e117_c4_iptm80_af2traj_af3/out_s4/ova_body_c4_37/seed-1_sample-3/ova_body_c4_37_seed-1_sample-3_model.cif
ova_body_c4_37	seed-1_sample-4	4	0.47	0.59	85.82759064590375	nan	nan	0.5	0.0	6	4	1	0	365	365	0	0.46	0.395	12.58	"{""A-B"": 72, ""A-C"": 70, ""A-D"": 41, ""B-C"": 41, ""B-D"": 71, ""C-D"": 70}"	[1, 3, 64, 65, 70, 71, 72, 79, 82, 83, 85, 86, 89, 93, 94, 95, 96, 97, 99, 110, 116, 119, 120, 123, 124, 131, 132, 138, 141, 144, 145, 148, 149, 151, 152, 155, 156, 157, 182, 184, 188, 191, 192, 217, 234, 236, 237, 238, 239, 241, 271, 272, 275, 276, 277, 278, 285, 287, 334, 336, 337, 338, 339, 340, 341, 342, 343, 344, 345, 346, 348, 349, 350, 351, 354, 372, 373, 375]	experiments/e117_c4_iptm80_af2traj_af3/out_s4/ova_body_c4_37/seed-1_sample-4/ova_body_c4_37_seed-1_sample-4_summary_confidences.json	experiments/e117_c4_iptm80_af2traj_af3/out_s4/ova_body_c4_37/seed-1_sample-4/ova_body_c4_37_seed-1_sample-4_model.cif
ova_body_c4_38	seed-1_sample-0	4	0.81	0.84	89.67852325637107	nan	nan	0.81	0.0	6	4	1	0	194	194	0	0.77	0.76	2.835	"{""A-B"": 8, ""A-C"": 59, ""A-D"": 31, ""B-C"": 29, ""B-D"": 59, ""C-D"": 8}"	[86, 90, 94, 95, 96, 97, 98, 99, 182, 183, 184, 188, 190, 191, 192, 193, 216, 217, 236, 271, 272, 277, 278, 337, 338, 339, 340, 341, 342, 343, 344, 345, 346, 347, 348, 349, 350, 351, 354, 355, 373, 374]	experiments/e117_c4_iptm80_af2traj_af3/out_s5/ova_body_c4_38/seed-1_sample-0/ova_body_c4_38_seed-1_sample-0_summary_confidences.json	experiments/e117_c4_iptm80_af2traj_af3/out_s5/ova_body_c4_38/seed-1_sample-0/ova_body_c4_38_seed-1_sample-0_model.cif
ova_body_c4_38	seed-1_sample-1	4	0.82	0.85	89.80479279948023	nan	nan	0.83	0.0	6	4	1	0	191	191	0	0.79	0.77	2.6550000000000002	"{""A-B"": 10, ""A-C"": 55, ""A-D"": 27, ""B-C"": 31, ""B-D"": 58, ""C-D"": 10}"	[86, 90, 94, 95, 96, 97, 98, 99, 182, 183, 184, 190, 191, 192, 193, 216, 217, 236, 271, 272, 277, 278, 337, 338, 339, 340, 341, 342, 343, 344, 345, 346, 347, 348, 349, 350, 351, 353, 354, 355, 373, 374]	experiments/e117_c4_iptm80_af2traj_af3/out_s5/ova_body_c4_38/seed-1_sample-1/ova_body_c4_38_seed-1_sample-1_summary_confidences.json	experiments/e117_c4_iptm80_af2traj_af3/out_s5/ova_body_c4_38/seed-1_sample-1/ova_body_c4_38_seed-1_sample-1_model.cif
ova_body_c4_38	seed-1_sample-2	4	0.82	0.85	89.81575113998176	nan	nan	0.83	0.0	6	4	1	0	194	194	0	0.78	0.77	2.73	"{""A-B"": 13, ""A-C"": 57, ""A-D"": 28, ""B-C"": 29, ""B-D"": 55, ""C-D"": 12}"	[1, 86, 90, 94, 95, 96, 97, 98, 99, 182, 184, 190, 191, 192, 193, 216, 217, 236, 270, 271, 272, 277, 278, 337, 338, 339, 340, 341, 342, 343, 344, 345, 346, 347, 348, 349, 350, 351, 354, 355, 373, 374]	experiments/e117_c4_iptm80_af2traj_af3/out_s5/ova_body_c4_38/seed-1_sample-2/ova_body_c4_38_seed-1_sample-2_summary_confidences.json	experiments/e117_c4_iptm80_af2traj_af3/out_s5/ova_body_c4_38/seed-1_sample-2/ova_body_c4_38_seed-1_sample-2_model.cif
ova_body_c4_38	seed-1_sample-3	4	0.82	0.85	89.86924866197023	nan	nan	0.82	0.0	6	4	1	0	188	188	0	0.78	0.77	2.705	"{""A-B"": 10, ""A-C"": 58, ""A-D"": 26, ""B-C"": 26, ""B-D"": 58, ""C-D"": 10}"	[86, 87, 90, 94, 95, 96, 97, 98, 99, 182, 183, 184, 190, 191, 192, 193, 216, 217, 236, 271, 272, 277, 278, 337, 338, 339, 340, 341, 342, 343, 344, 345, 346, 347, 348, 349, 350, 351, 354, 373, 374]	experiments/e117_c4_iptm80_af2traj_af3/out_s5/ova_body_c4_38/seed-1_sample-3/ova_body_c4_38_seed-1_sample-3_summary_confidences.json	experiments/e117_c4_iptm80_af2traj_af3/out_s5/ova_body_c4_38/seed-1_sample-3/ova_body_c4_38_seed-1_sample-3_model.cif
ova_body_c4_38	seed-1_sample-4	4	0.82	0.85	89.62784971721432	nan	nan	0.82	0.0	6	4	1	0	210	210	0	0.78	0.77	2.7199999999999998	"{""A-B"": 16, ""A-C"": 58, ""A-D"": 32, ""B-C"": 32, ""B-D"": 58, ""C-D"": 14}"	[1, 86, 87, 90, 94, 95, 96, 97, 98, 99, 182, 183, 184, 188, 190, 191, 192, 193, 216, 217, 236, 270, 271, 272, 278, 337, 338, 339, 340, 341, 342, 343, 344, 345, 346, 347, 348, 349, 350, 351, 354, 355, 373, 374]	experiments/e117_c4_iptm80_af2traj_af3/out_s5/ova_body_c4_38/seed-1_sample-4/ova_body_c4_38_seed-1_sample-4_summary_confidences.json	experiments/e117_c4_iptm80_af2traj_af3/out_s5/ova_body_c4_38/seed-1_sample-4/ova_body_c4_38_seed-1_sample-4_model.cif
ova_body_c4_39	seed-1_sample-0	4	0.26	0.43	84.81844568499629	nan	nan	0.29	0.0	6	4	1	0	230	230	0	0.24	0.165	20.165	"{""A-B"": 31, ""A-C"": 48, ""A-D"": 36, ""B-C"": 36, ""B-D"": 50, ""C-D"": 29}"	[86, 87, 90, 93, 95, 96, 97, 99, 184, 186, 188, 191, 192, 215, 216, 217, 234, 236, 237, 238, 239, 271, 272, 275, 276, 278, 336, 337, 338, 339, 340, 341, 342, 343, 344, 345, 346, 349, 350, 352, 353, 354, 355, 373, 374]	experiments/e117_c4_iptm80_af2traj_af3/out_s6/ova_body_c4_39/seed-1_sample-0/ova_body_c4_39_seed-1_sample-0_summary_confidences.json	experiments/e117_c4_iptm80_af2traj_af3/out_s6/ova_body_c4_39/seed-1_sample-0/ova_body_c4_39_seed-1_sample-0_model.cif
ova_body_c4_39	seed-1_sample-1	4	0.19	0.38	84.71880823342912	nan	nan	0.23	0.0	4	4	1	0	329	329	0	0.15	0.14	24.09	"{""A-B"": 121, ""A-C"": 40, ""A-D"": 1, ""B-C"": 1, ""B-D"": 46, ""C-D"": 120}"	[1, 2, 3, 4, 6, 64, 65, 68, 69, 70, 71, 72, 73, 74, 78, 79, 82, 83, 86, 90, 92, 93, 94, 95, 96, 97, 101, 102, 123, 124, 127, 148, 149, 152, 153, 155, 156, 157, 182, 184, 186, 191, 210, 216, 217, 219, 234, 237, 238, 239, 241, 266, 270, 271, 272, 275, 276, 277, 278, 285, 334, 336, 338, 339, 340, 342, 343, 348, 349, 350, 351, 354, 355, 372, 373, 375]	experiments/e117_c4_iptm80_af2traj_af3/out_s6/ova_body_c4_39/seed-1_sample-1/ova_body_c4_39_seed-1_sample-1_summary_confidences.json	experiments/e117_c4_iptm80_af2traj_af3/out_s6/ova_body_c4_39/seed-1_sample-1/ova_body_c4_39_seed-1_sample-1_model.cif
ova_body_c4_39	seed-1_sample-2	4	0.2	0.39	84.65227972040522	nan	nan	0.24	0.0	6	4	1	0	450	450	0	0.15	0.14	21.450000000000003	"{""A-B"": 131, ""A-C"": 35, ""A-D"": 62, ""B-C"": 67, ""B-D"": 31, ""C-D"": 124}"	[1, 2, 3, 4, 5, 6, 64, 65, 68, 70, 72, 77, 78, 79, 82, 83, 86, 93, 94, 95, 96, 97, 99, 110, 113, 114, 116, 119, 120, 123, 124, 127, 128, 129, 131, 132, 133, 134, 138, 141, 142, 144, 145, 148, 149, 151, 152, 155, 156, 182, 183, 184, 186, 217, 219, 232, 234, 237, 238, 239, 241, 263, 266, 267, 269, 270, 271, 272, 275, 276, 277, 278, 334, 336, 337, 338, 339, 340, 342, 343, 344, 346, 348, 350, 351, 354, 355, 356, 372, 373, 374, 375]	experiments/e117_c4_iptm80_af2traj_af3/out_s6/ova_body_c4_39/seed-1_sample-2/ova_body_c4_39_seed-1_sample-2_summary_confidences.json	experiments/e117_c4_iptm80_af2traj_af3/out_s6/ova_body_c4_39/seed-1_sample-2/ova_body_c4_39_seed-1_sample-2_model.cif
ova_body_c4_39	seed-1_sample-3	4	0.21	0.39	84.40704647123505	nan	nan	0.24	0.0	6	4	1	0	403	403	0	0.16	0.15	21.9	"{""A-B"": 98, ""A-C"": 55, ""A-D"": 49, ""B-C"": 51, ""B-D"": 57, ""C-D"": 93}"	[1, 2, 3, 4, 5, 6, 64, 65, 68, 70, 72, 78, 79, 82, 83, 86, 90, 92, 93, 94, 95, 96, 97, 99, 110, 116, 119, 120, 123, 124, 127, 131, 132, 138, 141, 144, 145, 148, 149, 151, 152, 153, 155, 156, 157, 182, 183, 184, 186, 217, 219, 234, 236, 237, 238, 239, 241, 266, 270, 271, 272, 274, 275, 276, 277, 278, 287, 289, 332, 334, 336, 338, 339, 340, 341, 342, 343, 346, 348, 349, 350, 354, 356, 372, 373, 374, 375]	experiments/e117_c4_iptm80_af2traj_af3/out_s6/ova_body_c4_39/seed-1_sample-3/ova_body_c4_39_seed-1_sample-3_summary_confidences.json	experiments/e117_c4_iptm80_af2traj_af3/out_s6/ova_body_c4_39/seed-1_sample-3/ova_body_c4_39_seed-1_sample-3_model.cif
ova_body_c4_39	seed-1_sample-4	4	0.19	0.38	84.78803107899088	nan	nan	0.23	0.0	4	4	1	0	232	232	0	0.16	0.14	24.465000000000003	"{""A-B"": 61, ""A-C"": 1, ""A-D"": 56, ""B-C"": 51, ""B-D"": 3, ""C-D"": 60}"	[1, 2, 3, 64, 65, 68, 70, 72, 78, 79, 82, 83, 89, 90, 92, 93, 94, 95, 96, 97, 99, 124, 127, 128, 148, 152, 153, 155, 156, 157, 182, 184, 210, 217, 219, 238, 239, 271, 272, 274, 275, 276, 277, 278, 285, 334, 336, 338, 339, 340, 342, 343, 372, 373]	experiments/e117_c4_iptm80_af2traj_af3/out_s6/ova_body_c4_39/seed-1_sample-4/ova_body_c4_39_seed-1_sample-4_summary_confidences.json	experiments/e117_c4_iptm80_af2traj_af3/out_s6/ova_body_c4_39/seed-1_sample-4/ova_body_c4_39_seed-1_sample-4_model.cif
ova_body_c4_40	seed-1_sample-0	4	0.36	0.5	85.67468917925741	nan	nan	0.39	0.0	6	4	1	0	416	416	0	0.41	0.24	19.985	"{""A-B"": 138, ""A-C"": 21, ""A-D"": 51, ""B-C"": 48, ""B-D"": 21, ""C-D"": 137}"	[1, 2, 3, 4, 64, 65, 68, 69, 70, 72, 73, 74, 78, 79, 81, 82, 83, 86, 89, 90, 93, 94, 96, 97, 98, 110, 113, 114, 116, 117, 119, 120, 121, 123, 124, 125, 131, 132, 133, 134, 138, 141, 142, 145, 148, 149, 151, 152, 155, 156, 186, 217, 219, 234, 237, 238, 239, 241, 266, 270, 271, 272, 275, 276, 277, 278, 340, 341, 342, 344, 345, 346, 347, 349, 350, 351, 354, 355, 372, 373, 374, 375]	experiments/e117_c4_iptm80_af2traj_af3/out_s7/ova_body_c4_40/seed-1_sample-0/ova_body_c4_40_seed-1_sample-0_summary_confidences.json	experiments/e117_c4_iptm80_af2traj_af3/out_s7/ova_body_c4_40/seed-1_sample-0/ova_body_c4_40_seed-1_sample-0_model.cif
ova_body_c4_40	seed-1_sample-1	4	0.3	0.46	85.87611398054528	nan	nan	0.33	0.0	6	4	1	0	341	341	0	0.35	0.18	22.345	"{""A-B"": 141, ""A-C"": 9, ""A-D"": 19, ""B-C"": 21, ""B-D"": 10, ""C-D"": 141}"	[1, 2, 3, 4, 64, 65, 68, 69, 70, 72, 73, 74, 78, 79, 81, 82, 83, 86, 89, 90, 93, 94, 96, 110, 114, 116, 119, 120, 121, 124, 125, 131, 132, 133, 134, 145, 148, 152, 156, 186, 216, 217, 219, 234, 237, 238, 239, 241, 266, 270, 271, 272, 275, 276, 277, 278, 341, 342, 343, 344, 345, 346, 347, 349, 350, 351, 354, 355, 372, 373, 375]	experiments/e117_c4_iptm80_af2traj_af3/out_s7/ova_body_c4_40/seed-1_sample-1/ova_body_c4_40_seed-1_sample-1_summary_confidences.json	experiments/e117_c4_iptm80_af2traj_af3/out_s7/ova_body_c4_40/seed-1_sample-1/ova_body_c4_40_seed-1_sample-1_model.cif
ova_body_c4_40	seed-1_sample-2	4	0.31	0.47	86.07593263616216	nan	nan	0.34	0.0	6	4	1	0	339	339	0	0.36	0.19	22.07	"{""A-B"": 131, ""A-C"": 13, ""A-D"": 27, ""B-C"": 27, ""B-D"": 11, ""C-D"": 130}"	[1, 2, 3, 4, 64, 65, 68, 69, 70, 72, 73, 74, 78, 79, 81, 82, 83, 86, 89, 90, 93, 94, 96, 110, 114, 116, 119, 120, 121, 124, 125, 131, 132, 133, 134, 145, 148, 149, 151, 152, 156, 186, 216, 217, 219, 234, 237, 238, 239, 241, 266, 270, 271, 275, 276, 277, 278, 341, 342, 343, 344, 345, 346, 347, 349, 350, 351, 354, 355, 372, 373, 375]	experiments/e117_c4_iptm80_af2traj_af3/out_s7/ova_body_c4_40/seed-1_sample-2/ova_body_c4_40_seed-1_sample-2_summary_confidences.json	experiments/e117_c4_iptm80_af2traj_af3/out_s7/ova_body_c4_40/seed-1_sample-2/ova_body_c4_40_seed-1_sample-2_model.cif
ova_body_c4_40	seed-1_sample-3	4	0.3	0.46	85.98360090305151	nan	nan	0.33	0.0	6	4	1	0	298	298	0	0.35	0.175	22.22	"{""A-B"": 121, ""A-C"": 20, ""A-D"": 9, ""B-C"": 10, ""B-D"": 22, ""C-D"": 116}"	[1, 2, 3, 4, 64, 65, 68, 70, 72, 73, 74, 78, 79, 82, 83, 86, 89, 90, 93, 94, 96, 110, 116, 119, 120, 121, 124, 125, 131, 132, 148, 149, 152, 155, 156, 186, 190, 191, 192, 217, 234, 237, 238, 239, 241, 271, 275, 276, 277, 278, 341, 342, 344, 345, 346, 347, 349, 350, 351, 354, 355, 372, 373, 375]	experiments/e117_c4_iptm80_af2traj_af3/out_s7/ova_body_c4_40/seed-1_sample-3/ova_body_c4_40_seed-1_sample-3_summary_confidences.json	experiments/e117_c4_iptm80_af2traj_af3/out_s7/ova_body_c4_40/seed-1_sample-3/ova_body_c4_40_seed-1_sample-3_model.cif
ova_body_c4_40	seed-1_sample-4	4	0.31	0.47	85.56417105482032	nan	nan	0.34	0.0	6	4	1	0	389	389	0	0.36	0.19	22.165	"{""A-B"": 129, ""A-C"": 35, ""A-D"": 26, ""B-C"": 26, ""B-D"": 39, ""C-D"": 134}"	[1, 2, 3, 4, 64, 65, 68, 70, 72, 73, 74, 78, 79, 81, 82, 83, 86, 89, 90, 93, 94, 95, 96, 97, 110, 116, 119, 120, 121, 123, 124, 125, 128, 131, 132, 133, 134, 145, 148, 149, 151, 152, 155, 156, 159, 186, 188, 190, 191, 192, 217, 234, 237, 238, 239, 241, 266, 270, 271, 275, 276, 277, 278, 341, 342, 344, 345, 346, 347, 348, 349, 350, 351, 354, 355, 372, 373, 375]	experiments/e117_c4_iptm80_af2traj_af3/out_s7/ova_body_c4_40/seed-1_sample-4/ova_body_c4_40_seed-1_sample-4_summary_confidences.json	experiments/e117_c4_iptm80_af2traj_af3/out_s7/ova_body_c4_40/seed-1_sample-4/ova_body_c4_40_seed-1_sample-4_model.cif
ova_body_c4_41	seed-1_sample-0	4	0.68	0.74	88.65277203377046	nan	nan	0.69	0.0	6	4	1	0	230	230	0	0.65	0.62	6.26	"{""A-B"": 21, ""A-C"": 64, ""A-D"": 32, ""B-C"": 31, ""B-D"": 64, ""C-D"": 18}"	[83, 86, 87, 90, 94, 95, 96, 97, 98, 99, 155, 156, 182, 183, 184, 188, 191, 192, 195, 196, 215, 216, 217, 234, 236, 238, 271, 272, 278, 336, 337, 338, 339, 340, 341, 342, 343, 344, 345, 346, 347, 348, 349, 350, 351, 354, 355, 372, 373, 374]	experiments/e117_c4_iptm80_af2traj_af3/out_s0/ova_body_c4_41/seed-1_sample-0/ova_body_c4_41_seed-1_sample-0_summary_confidences.json	experiments/e117_c4_iptm80_af2traj_af3/out_s0/ova_body_c4_41/seed-1_sample-0/ova_body_c4_41_seed-1_sample-0_model.cif
ova_body_c4_41	seed-1_sample-1	4	0.68	0.74	88.57072539650714	nan	nan	0.69	0.0	6	4	1	0	259	259	0	0.63	0.625	6.29	"{""A-B"": 22, ""A-C"": 70, ""A-D"": 36, ""B-C"": 36, ""B-D"": 70, ""C-D"": 25}"	[82, 86, 90, 93, 94, 95, 96, 97, 98, 99, 155, 156, 182, 183, 184, 188, 190, 191, 192, 195, 196, 215, 216, 217, 234, 236, 238, 271, 272, 276, 278, 336, 337, 338, 339, 340, 341, 342, 343, 344, 345, 346, 347, 348, 349, 350, 351, 354, 355, 372, 373, 374]	experiments/e117_c4_iptm80_af2traj_af3/out_s0/ova_body_c4_41/seed-1_sample-1/ova_body_c4_41_seed-1_sample-1_summary_confidences.json	experiments/e117_c4_iptm80_af2traj_af3/out_s0/ova_body_c4_41/seed-1_sample-1/ova_body_c4_41_seed-1_sample-1_model.cif
ova_body_c4_41	seed-1_sample-2	4	0.68	0.74	88.69870485295904	nan	nan	0.69	0.0	6	4	1	0	270	270	0	0.66	0.62	6.279999999999999	"{""A-B"": 32, ""A-C"": 70, ""A-D"": 32, ""B-C"": 34, ""B-D"": 71, ""C-D"": 31}"	[1, 82, 83, 86, 90, 93, 94, 95, 96, 97, 98, 99, 155, 156, 182, 183, 184, 188, 190, 191, 192, 195, 196, 215, 216, 217, 234, 236, 238, 270, 271, 272, 276, 278, 336, 337, 338, 339, 340, 341, 342, 343, 344, 345, 346, 347, 348, 349, 350, 351, 354, 355, 372, 373, 374]	experiments/e117_c4_iptm80_af2traj_af3/out_s0/ova_body_c4_41/seed-1_sample-2/ova_body_c4_41_seed-1_sample-2_summary_confidences.json	experiments/e117_c4_iptm80_af2traj_af3/out_s0/ova_body_c4_41/seed-1_sample-2/ova_body_c4_41_seed-1_sample-2_model.cif
ova_body_c4_41	seed-1_sample-3	4	0.64	0.71	88.06616570665429	nan	nan	0.65	0.0	6	4	1	0	220	220	0	0.66	0.535	6.43	"{""A-B"": 6, ""A-C"": 64, ""A-D"": 38, ""B-C"": 40, ""B-D"": 66, ""C-D"": 6}"	[94, 96, 97, 98, 99, 155, 156, 157, 182, 183, 184, 188, 191, 192, 194, 195, 196, 208, 215, 216, 217, 238, 278, 334, 336, 337, 338, 339, 340, 341, 342, 343, 344, 345, 346, 347, 348, 349, 350, 352, 353, 354, 355]	experiments/e117_c4_iptm80_af2traj_af3/out_s0/ova_body_c4_41/seed-1_sample-3/ova_body_c4_41_seed-1_sample-3_summary_confidences.json	experiments/e117_c4_iptm80_af2traj_af3/out_s0/ova_body_c4_41/seed-1_sample-3/ova_body_c4_41_seed-1_sample-3_model.cif
ova_body_c4_41	seed-1_sample-4	4	0.66	0.73	88.442357631545	nan	nan	0.67	0.0	6	4	1	0	239	239	0	0.64	0.595	6.42	"{""A-B"": 21, ""A-C"": 65, ""A-D"": 35, ""B-C"": 33, ""B-D"": 65, ""C-D"": 20}"	[86, 90, 93, 94, 95, 96, 97, 98, 99, 155, 156, 182, 183, 184, 186, 188, 190, 191, 192, 195, 196, 215, 216, 217, 236, 237, 238, 271, 272, 276, 278, 336, 337, 338, 339, 340, 341, 342, 343, 344, 345, 346, 347, 348, 349, 350, 351, 354, 355, 373, 374]	experiments/e117_c4_iptm80_af2traj_af3/out_s0/ova_body_c4_41/seed-1_sample-4/ova_body_c4_41_seed-1_sample-4_summary_confidences.json	experiments/e117_c4_iptm80_af2traj_af3/out_s0/ova_body_c4_41/seed-1_sample-4/ova_body_c4_41_seed-1_sample-4_model.cif
ova_body_c4_42	seed-1_sample-0	4	0.78	0.82	89.73870473080966	nan	nan	0.78	0.0	6	4	1	0	252	252	0	0.75	0.73	3.645	"{""A-B"": 14, ""A-C"": 50, ""A-D"": 62, ""B-C"": 63, ""B-D"": 49, ""C-D"": 14}"	[82, 83, 86, 87, 90, 96, 97, 98, 99, 182, 183, 184, 187, 188, 190, 191, 192, 193, 215, 216, 217, 236, 271, 272, 278, 337, 338, 339, 340, 341, 342, 343, 344, 345, 346, 347, 348, 349, 350, 351, 354, 373, 374]	experiments/e117_c4_iptm80_af2traj_af3/out_s1/ova_body_c4_42/seed-1_sample-0/ova_body_c4_42_seed-1_sample-0_summary_confidences.json	experiments/e117_c4_iptm80_af2traj_af3/out_s1/ova_body_c4_42/seed-1_sample-0/ova_body_c4_42_seed-1_sample-0_model.cif
ova_body_c4_42	seed-1_sample-1	4	0.75	0.8	89.40611393587577	nan	nan	0.76	0.0	6	4	1	0	246	246	0	0.74	0.7	4.15	"{""A-B"": 14, ""A-C"": 46, ""A-D"": 61, ""B-C"": 66, ""B-D"": 45, ""C-D"": 14}"	[83, 86, 87, 90, 96, 97, 98, 99, 182, 183, 184, 187, 190, 191, 192, 193, 215, 216, 217, 236, 238, 271, 272, 278, 337, 338, 339, 340, 341, 342, 343, 344, 345, 346, 347, 348, 349, 350, 351, 353, 354, 373, 374]	experiments/e117_c4_iptm80_af2traj_af3/out_s1/ova_body_c4_42/seed-1_sample-1/ova_body_c4_42_seed-1_sample-1_summary_confidences.json	experiments/e117_c4_iptm80_af2traj_af3/out_s1/ova_body_c4_42/seed-1_sample-1/ova_body_c4_42_seed-1_sample-1_model.cif
ova_body_c4_42	seed-1_sample-2	4	0.76	0.81	89.71637318665499	nan	nan	0.77	0.0	6	4	1	0	229	229	0	0.74	0.71	3.81	"{""A-B"": 16, ""A-C"": 53, ""A-D"": 47, ""B-C"": 45, ""B-D"": 52, ""C-D"": 16}"	[82, 83, 86, 87, 90, 95, 96, 97, 98, 99, 182, 184, 187, 188, 190, 191, 192, 193, 215, 216, 217, 236, 271, 272, 278, 337, 338, 339, 340, 341, 342, 343, 344, 345, 346, 347, 348, 349, 350, 351, 354, 373, 374]	experiments/e117_c4_iptm80_af2traj_af3/out_s1/ova_body_c4_42/seed-1_sample-2/ova_body_c4_42_seed-1_sample-2_summary_confidences.json	experiments/e117_c4_iptm80_af2traj_af3/out_s1/ova_body_c4_42/seed-1_sample-2/ova_body_c4_42_seed-1_sample-2_model.cif
ova_body_c4_42	seed-1_sample-3	4	0.77	0.82	89.81891218985918	nan	nan	0.78	0.0	6	4	1	0	254	254	0	0.75	0.72	3.62	"{""A-B"": 15, ""A-C"": 48, ""A-D"": 64, ""B-C"": 65, ""B-D"": 49, ""C-D"": 13}"	[83, 86, 87, 90, 96, 97, 98, 99, 182, 183, 184, 187, 190, 191, 192, 193, 215, 216, 217, 236, 238, 271, 272, 278, 337, 338, 339, 340, 341, 342, 343, 344, 345, 346, 347, 348, 349, 350, 351, 354, 373, 374]	experiments/e117_c4_iptm80_af2traj_af3/out_s1/ova_body_c4_42/seed-1_sample-3/ova_body_c4_42_seed-1_sample-3_summary_confidences.json	experiments/e117_c4_iptm80_af2traj_af3/out_s1/ova_body_c4_42/seed-1_sample-3/ova_body_c4_42_seed-1_sample-3_model.cif
ova_body_c4_42	seed-1_sample-4	4	0.79	0.83	89.43919671014183	nan	nan	0.79	0.0	6	4	1	0	252	252	0	0.77	0.735	3.4450000000000003	"{""A-B"": 17, ""A-C"": 50, ""A-D"": 59, ""B-C"": 58, ""B-D"": 51, ""C-D"": 17}"	[82, 83, 86, 87, 90, 96, 97, 98, 99, 182, 183, 184, 187, 188, 190, 191, 192, 193, 216, 217, 236, 238, 271, 272, 278, 337, 338, 339, 340, 341, 342, 343, 344, 345, 346, 347, 348, 349, 350, 351, 354, 373, 374]	experiments/e117_c4_iptm80_af2traj_af3/out_s1/ova_body_c4_42/seed-1_sample-4/ova_body_c4_42_seed-1_sample-4_summary_confidences.json	experiments/e117_c4_iptm80_af2traj_af3/out_s1/ova_body_c4_42/seed-1_sample-4/ova_body_c4_42_seed-1_sample-4_model.cif
ova_body_c4_43	seed-1_sample-0	4	0.38	0.52	85.60437823083116	nan	nan	0.41	0.0	6	4	1	0	230	230	0	0.38	0.29	15.825	"{""A-B"": 10, ""A-C"": 58, ""A-D"": 47, ""B-C"": 46, ""B-D"": 59, ""C-D"": 10}"	[86, 87, 90, 95, 96, 97, 98, 99, 182, 183, 184, 187, 188, 190, 191, 192, 193, 215, 216, 217, 236, 271, 272, 278, 336, 337, 338, 339, 340, 341, 342, 343, 344, 345, 346, 347, 348, 349, 350, 351, 354, 373, 374]	experiments/e117_c4_iptm80_af2traj_af3/out_s2/ova_body_c4_43/seed-1_sample-0/ova_body_c4_43_seed-1_sample-0_summary_confidences.json	experiments/e117_c4_iptm80_af2traj_af3/out_s2/ova_body_c4_43/seed-1_sample-0/ova_body_c4_43_seed-1_sample-0_model.cif
ova_body_c4_43	seed-1_sample-1	4	0.35	0.49	85.08922274495653	nan	nan	0.38	0.0	6	4	1	0	343	343	0	0.34	0.26	17.03	"{""A-B"": 10, ""A-C"": 94, ""A-D"": 67, ""B-C"": 65, ""B-D"": 97, ""C-D"": 10}"	[86, 90, 95, 96, 97, 98, 99, 182, 183, 184, 186, 188, 190, 191, 192, 193, 215, 217, 236, 237, 238, 239, 271, 272, 275, 276, 277, 278, 279, 336, 337, 338, 339, 340, 341, 342, 343, 344, 345, 346, 347, 348, 349, 350, 351, 353, 354, 355, 356, 357, 373, 374]	experiments/e117_c4_iptm80_af2traj_af3/out_s2/ova_body_c4_43/seed-1_sample-1/ova_body_c4_43_seed-1_sample-1_summary_confidences.json	experiments/e117_c4_iptm80_af2traj_af3/out_s2/ova_body_c4_43/seed-1_sample-1/ova_body_c4_43_seed-1_sample-1_model.cif
ova_body_c4_43	seed-1_sample-2	4	0.43	0.56	85.69054402959162	nan	nan	0.46	0.0	6	4	1	0	214	214	0	0.45	0.33	13.965	"{""A-B"": 28, ""A-C"": 66, ""A-D"": 14, ""B-C"": 15, ""B-D"": 66, ""C-D"": 25}"	[83, 86, 87, 90, 93, 94, 95, 96, 97, 99, 182, 184, 188, 190, 191, 192, 217, 236, 238, 239, 271, 272, 275, 276, 278, 336, 337, 338, 339, 340, 341, 342, 343, 344, 345, 346, 347, 348, 350, 351, 353, 354, 355, 372, 373, 374]	experiments/e117_c4_iptm80_af2traj_af3/out_s2/ova_body_c4_43/seed-1_sample-2/ova_body_c4_43_seed-1_sample-2_summary_confidences.json	experiments/e117_c4_iptm80_af2traj_af3/out_s2/ova_body_c4_43/seed-1_sample-2/ova_body_c4_43_seed-1_sample-2_model.cif
ova_body_c4_43	seed-1_sample-3	4	0.37	0.51	85.52261667795132	nan	nan	0.4	0.0	6	4	1	0	239	239	0	0.37	0.28	16.62	"{""A-B"": 11, ""A-C"": 63, ""A-D"": 45, ""B-C"": 47, ""B-D"": 64, ""C-D"": 9}"	[86, 87, 90, 95, 96, 97, 98, 99, 182, 184, 188, 190, 191, 192, 193, 215, 216, 217, 236, 271, 272, 276, 277, 278, 336, 337, 338, 339, 340, 341, 342, 343, 344, 345, 346, 347, 348, 349, 350, 351, 354, 355, 373, 374]	experiments/e117_c4_iptm80_af2traj_af3/out_s2/ova_body_c4_43/seed-1_sample-3/ova_body_c4_43_seed-1_sample-3_summary_confidences.json	experiments/e117_c4_iptm80_af2traj_af3/out_s2/ova_body_c4_43/seed-1_sample-3/ova_body_c4_43_seed-1_sample-3_model.cif
ova_body_c4_43	seed-1_sample-4	4	0.39	0.53	85.40137318625969	nan	nan	0.42	0.0	6	4	1	0	242	242	0	0.38	0.31	15.57	"{""A-B"": 11, ""A-C"": 64, ""A-D"": 47, ""B-C"": 46, ""B-D"": 64, ""C-D"": 10}"	[83, 86, 90, 95, 96, 97, 98, 99, 182, 184, 187, 188, 190, 191, 192, 193, 215, 216, 217, 236, 271, 272, 277, 278, 336, 337, 338, 339, 340, 341, 342, 343, 344, 345, 346, 347, 348, 349, 350, 351, 354, 373, 374]	experiments/e117_c4_iptm80_af2traj_af3/out_s2/ova_body_c4_43/seed-1_sample-4/ova_body_c4_43_seed-1_sample-4_summary_confidences.json	experiments/e117_c4_iptm80_af2traj_af3/out_s2/ova_body_c4_43/seed-1_sample-4/ova_body_c4_43_seed-1_sample-4_model.cif
ova_body_c4_44	seed-1_sample-0	4	0.28	0.44	85.87945613465779	nan	nan	0.31	0.0	4	4	1	0	296	296	0	0.36	0.25	19.255000000000003	"{""A-B"": 116, ""A-C"": 25, ""A-D"": 4, ""B-C"": 4, ""B-D"": 32, ""C-D"": 115}"	[1, 2, 3, 4, 64, 65, 68, 69, 70, 72, 73, 78, 79, 82, 83, 85, 86, 89, 90, 94, 95, 96, 97, 99, 124, 152, 155, 156, 157, 182, 184, 216, 217, 219, 234, 237, 238, 239, 241, 266, 271, 275, 276, 277, 278, 285, 287, 334, 336, 340, 342, 343, 344, 345, 347, 349, 350, 351, 354, 355, 372, 373, 375]	experiments/e117_c4_iptm80_af2traj_af3/out_s3/ova_body_c4_44/seed-1_sample-0/ova_body_c4_44_seed-1_sample-0_summary_confidences.json	experiments/e117_c4_iptm80_af2traj_af3/out_s3/ova_body_c4_44/seed-1_sample-0/ova_body_c4_44_seed-1_sample-0_model.cif
ova_body_c4_44	seed-1_sample-1	4	0.28	0.44	86.25430063633104	nan	nan	0.31	0.0	4	4	1	0	311	311	0	0.37	0.255	19.145	"{""A-B"": 114, ""A-C"": 35, ""A-D"": 1, ""B-C"": 1, ""B-D"": 43, ""C-D"": 117}"	[1, 2, 3, 4, 5, 6, 64, 65, 68, 69, 70, 72, 78, 79, 82, 83, 85, 86, 89, 90, 93, 94, 95, 96, 97, 99, 148, 151, 152, 153, 155, 156, 157, 182, 184, 186, 210, 216, 217, 219, 234, 236, 237, 238, 239, 241, 266, 270, 271, 272, 274, 275, 276, 277, 278, 285, 287, 334, 336, 338, 340, 345, 349, 350, 351, 354, 355, 372, 373, 375]	experiments/e117_c4_iptm80_af2traj_af3/out_s3/ova_body_c4_44/seed-1_sample-1/ova_body_c4_44_seed-1_sample-1_summary_confidences.json	experiments/e117_c4_iptm80_af2traj_af3/out_s3/ova_body_c4_44/seed-1_sample-1/ova_body_c4_44_seed-1_sample-1_model.cif
ova_body_c4_44	seed-1_sample-2	4	0.27	0.43	86.03455968471388	nan	nan	0.3	0.0	4	4	1	0	316	316	0	0.34	0.24000000000000002	19.990000000000002	"{""A-B"": 115, ""A-C"": 47, ""A-D"": 0, ""B-C"": 1, ""B-D"": 40, ""C-D"": 113}"	[1, 2, 3, 4, 64, 65, 68, 69, 70, 72, 73, 74, 78, 79, 82, 83, 86, 89, 90, 93, 94, 95, 96, 97, 124, 131, 145, 148, 149, 152, 153, 155, 156, 182, 184, 186, 191, 192, 194, 210, 216, 217, 219, 234, 237, 238, 239, 241, 266, 270, 271, 275, 276, 277, 278, 334, 336, 337, 338, 341, 346, 347, 348, 349, 350, 351, 354, 355, 372, 373, 375]	experiments/e117_c4_iptm80_af2traj_af3/out_s3/ova_body_c4_44/seed-1_sample-2/ova_body_c4_44_seed-1_sample-2_summary_confidences.json	experiments/e117_c4_iptm80_af2traj_af3/out_s3/ova_body_c4_44/seed-1_sample-2/ova_body_c4_44_seed-1_sample-2_model.cif
ova_body_c4_44	seed-1_sample-3	4	0.27	0.44	86.01901559384993	nan	nan	0.3	0.0	4	4	1	0	318	318	0	0.34	0.24000000000000002	20.105	"{""A-B"": 117, ""A-C"": 43, ""A-D"": 1, ""B-C"": 1, ""B-D"": 45, ""C-D"": 111}"	[1, 2, 3, 4, 64, 65, 68, 69, 70, 72, 73, 74, 78, 79, 82, 83, 86, 89, 90, 93, 94, 95, 96, 97, 124, 125, 131, 145, 148, 149, 152, 153, 155, 156, 182, 186, 187, 191, 192, 194, 210, 216, 217, 234, 237, 238, 239, 241, 266, 270, 271, 275, 276, 277, 278, 285, 287, 334, 336, 337, 338, 340, 341, 346, 347, 348, 349, 350, 351, 354, 355, 372, 373, 375]	experiments/e117_c4_iptm80_af2traj_af3/out_s3/ova_body_c4_44/seed-1_sample-3/ova_body_c4_44_seed-1_sample-3_summary_confidences.json	experiments/e117_c4_iptm80_af2traj_af3/out_s3/ova_body_c4_44/seed-1_sample-3/ova_body_c4_44_seed-1_sample-3_model.cif
ova_body_c4_44	seed-1_sample-4	4	0.29	0.45	85.62531092747506	nan	nan	0.32	0.0	6	4	1	0	422	422	0	0.36	0.16	23.18	"{""A-B"": 109, ""A-C"": 62, ""A-D"": 37, ""B-C"": 36, ""B-D"": 63, ""C-D"": 115}"	[1, 2, 3, 4, 6, 64, 65, 68, 70, 72, 73, 78, 79, 82, 83, 85, 86, 89, 90, 93, 94, 95, 96, 97, 99, 101, 110, 116, 119, 120, 123, 124, 131, 132, 133, 134, 145, 148, 149, 152, 153, 155, 156, 180, 182, 184, 188, 217, 219, 234, 236, 237, 238, 239, 241, 266, 271, 272, 275, 276, 277, 278, 338, 340, 341, 342, 343, 344, 345, 346, 347, 348, 349, 350, 351, 354, 372, 373, 375]	experiments/e117_c4_iptm80_af2traj_af3/out_s3/ova_body_c4_44/seed-1_sample-4/ova_body_c4_44_seed-1_sample-4_summary_confidences.json	experiments/e117_c4_iptm80_af2traj_af3/out_s3/ova_body_c4_44/seed-1_sample-4/ova_body_c4_44_seed-1_sample-4_model.cif
ova_body_c4_45	seed-1_sample-0	4	0.37	0.51	85.95870463712228	nan	nan	0.4	0.0	4	4	1	0	371	371	0	0.45	0.34	15.55	"{""A-B"": 0, ""A-C"": 52, ""A-D"": 133, ""B-C"": 129, ""B-D"": 56, ""C-D"": 1}"	[1, 2, 3, 4, 64, 65, 68, 69, 70, 71, 72, 73, 74, 78, 79, 82, 83, 85, 86, 89, 90, 93, 94, 95, 96, 97, 99, 124, 125, 131, 144, 145, 148, 149, 152, 153, 155, 156, 182, 184, 186, 191, 192, 194, 195, 196, 210, 217, 234, 237, 238, 239, 241, 266, 271, 275, 276, 277, 278, 285, 287, 334, 336, 337, 338, 341, 346, 347, 348, 349, 350, 351, 354, 355, 372, 373, 375]	experiments/e117_c4_iptm80_af2traj_af3/out_s4/ova_body_c4_45/seed-1_sample-0/ova_body_c4_45_seed-1_sample-0_summary_confidences.json	experiments/e117_c4_iptm80_af2traj_af3/out_s4/ova_body_c4_45/seed-1_sample-0/ova_body_c4_45_seed-1_sample-0_model.cif
ova_body_c4_45	seed-1_sample-1	4	0.37	0.52	85.30437834151668	nan	nan	0.4	0.0	4	4	1	0	321	321	0	0.46	0.34500000000000003	15.505	"{""A-B"": 1, ""A-C"": 55, ""A-D"": 103, ""B-C"": 102, ""B-D"": 59, ""C-D"": 1}"	[1, 2, 3, 64, 65, 68, 69, 70, 71, 72, 73, 77, 80, 82, 83, 86, 89, 90, 94, 95, 96, 97, 99, 124, 131, 141, 144, 145, 148, 149, 152, 153, 155, 156, 182, 184, 186, 191, 192, 194, 195, 196, 210, 216, 217, 234, 237, 238, 239, 241, 271, 275, 276, 277, 278, 285, 287, 334, 336, 337, 338, 341, 346, 347, 348, 349, 350, 351, 354, 372, 373, 375]	experiments/e117_c4_iptm80_af2traj_af3/out_s4/ova_body_c4_45/seed-1_sample-1/ova_body_c4_45_seed-1_sample-1_summary_confidences.json	experiments/e117_c4_iptm80_af2traj_af3/out_s4/ova_body_c4_45/seed-1_sample-1/ova_body_c4_45_seed-1_sample-1_model.cif
ova_body_c4_45	seed-1_sample-2	4	0.36	0.51	85.83411921367744	nan	nan	0.39	0.0	4	4	1	0	344	344	0	0.45	0.34	15.445	"{""A-B"": 1, ""A-C"": 47, ""A-D"": 122, ""B-C"": 122, ""B-D"": 51, ""C-D"": 1}"	[1, 2, 3, 4, 64, 65, 68, 69, 70, 71, 72, 73, 74, 78, 79, 82, 83, 86, 89, 90, 93, 94, 95, 96, 97, 99, 124, 131, 145, 148, 149, 152, 153, 155, 156, 182, 184, 186, 191, 192, 194, 210, 216, 217, 234, 237, 238, 239, 241, 266, 271, 275, 276, 277, 278, 285, 287, 334, 336, 337, 338, 341, 346, 347, 348, 349, 350, 351, 354, 372, 373, 375]	experiments/e117_c4_iptm80_af2traj_af3/out_s4/ova_body_c4_45/seed-1_sample-2/ova_body_c4_45_seed-1_sample-2_summary_confidences.json	experiments/e117_c4_iptm80_af2traj_af3/out_s4/ova_body_c4_45/seed-1_sample-2/ova_body_c4_45_seed-1_sample-2_model.cif
ova_body_c4_45	seed-1_sample-3	4	0.33	0.48	85.12046638053934	nan	nan	0.36	0.0	6	4	1	0	305	305	0	0.28	0.28	19.46	"{""A-B"": 15, ""A-C"": 93, ""A-D"": 47, ""B-C"": 46, ""B-D"": 87, ""C-D"": 17}"	[1, 65, 68, 70, 71, 72, 73, 78, 86, 92, 94, 95, 96, 99, 113, 114, 115, 116, 119, 120, 123, 124, 131, 133, 134, 144, 145, 147, 148, 149, 151, 152, 154, 155, 156, 159, 160, 182, 183, 184, 185, 188, 190, 191, 192, 216, 217, 238, 271, 276, 278, 336, 337, 338, 339, 340, 341, 342, 343, 344, 345, 346, 347, 348, 350, 373, 374]	experiments/e117_c4_iptm80_af2traj_af3/out_s4/ova_body_c4_45/seed-1_sample-3/ova_body_c4_45_seed-1_sample-3_summary_confidences.json	experiments/e117_c4_iptm80_af2traj_af3/out_s4/ova_body_c4_45/seed-1_sample-3/ova_body_c4_45_seed-1_sample-3_model.cif
ova_body_c4_45	seed-1_sample-4	4	0.37	0.51	86.00458536493963	nan	nan	0.39	0.0	4	4	1	0	332	332	0	0.44	0.33999999999999997	15.065	"{""A-B"": 0, ""A-C"": 35, ""A-D"": 133, ""B-C"": 129, ""B-D"": 35, ""C-D"": 0}"	[1, 2, 3, 4, 64, 65, 68, 69, 70, 71, 72, 73, 74, 78, 79, 82, 83, 85, 86, 89, 90, 94, 95, 96, 97, 124, 125, 145, 148, 149, 151, 152, 155, 156, 186, 191, 192, 194, 217, 234, 237, 238, 239, 241, 266, 271, 275, 276, 277, 278, 336, 337, 338, 341, 346, 347, 348, 349, 350, 351, 354, 355, 372, 373, 375]	experiments/e117_c4_iptm80_af2traj_af3/out_s4/ova_body_c4_45/seed-1_sample-4/ova_body_c4_45_seed-1_sample-4_summary_confidences.json	experiments/e117_c4_iptm80_af2traj_af3/out_s4/ova_body_c4_45/seed-1_sample-4/ova_body_c4_45_seed-1_sample-4_model.cif
ova_body_c4_46	seed-1_sample-0	4	0.32	0.47	85.74481856390602	nan	nan	0.35	0.0	6	4	1	0	442	442	0	0.34	0.2	20.73	"{""A-B"": 105, ""A-C"": 70, ""A-D"": 46, ""B-C"": 43, ""B-D"": 76, ""C-D"": 102}"	[1, 2, 3, 4, 5, 6, 64, 65, 68, 70, 71, 72, 78, 79, 82, 83, 85, 86, 89, 93, 94, 95, 96, 97, 99, 110, 116, 119, 120, 123, 124, 127, 131, 132, 138, 141, 144, 145, 148, 149, 151, 152, 153, 155, 156, 157, 182, 183, 184, 188, 191, 217, 219, 234, 236, 237, 238, 239, 241, 266, 271, 272, 274, 275, 276, 277, 278, 334, 336, 337, 338, 339, 340, 341, 342, 343, 344, 345, 346, 348, 349, 350, 351, 354, 372, 373, 375]	experiments/e117_c4_iptm80_af2traj_af3/out_s5/ova_body_c4_46/seed-1_sample-0/ova_body_c4_46_seed-1_sample-0_summary_confidences.json	experiments/e117_c4_iptm80_af2traj_af3/out_s5/ova_body_c4_46/seed-1_sample-0/ova_body_c4_46_seed-1_sample-0_model.cif
ova_body_c4_46	seed-1_sample-1	4	0.32	0.48	86.0236267623506	nan	nan	0.35	0.0	6	4	1	0	355	355	0	0.35	0.20500000000000002	19.955	"{""A-B"": 116, ""A-C"": 25, ""A-D"": 36, ""B-C"": 33, ""B-D"": 28, ""C-D"": 117}"	[1, 2, 3, 4, 5, 6, 64, 65, 68, 69, 70, 71, 72, 78, 79, 81, 82, 83, 85, 86, 93, 94, 95, 96, 97, 116, 119, 120, 123, 124, 125, 132, 133, 134, 138, 141, 142, 145, 148, 149, 152, 155, 156, 157, 180, 182, 217, 219, 234, 236, 237, 238, 239, 241, 266, 271, 274, 275, 276, 277, 278, 338, 341, 342, 343, 344, 345, 346, 347, 348, 349, 350, 351, 354, 355, 372, 373, 375]	experiments/e117_c4_iptm80_af2traj_af3/out_s5/ova_body_c4_46/seed-1_sample-1/ova_body_c4_46_seed-1_sample-1_summary_confidences.json	experiments/e117_c4_iptm80_af2traj_af3/out_s5/ova_body_c4_46/seed-1_sample-1/ova_body_c4_46_seed-1_sample-1_model.cif
ova_body_c4_46	seed-1_sample-2	4	0.32	0.48	86.2300517620818	nan	nan	0.35	0.0	6	4	1	0	367	367	0	0.35	0.21	20.015	"{""A-B"": 120, ""A-C"": 25, ""A-D"": 39, ""B-C"": 41, ""B-D"": 23, ""C-D"": 119}"	[1, 2, 3, 4, 5, 6, 64, 65, 68, 69, 70, 72, 73, 78, 79, 81, 82, 83, 85, 86, 89, 90, 93, 94, 95, 96, 97, 99, 110, 116, 119, 120, 123, 124, 125, 127, 131, 132, 134, 138, 141, 142, 144, 145, 148, 149, 151, 152, 155, 156, 182, 184, 217, 219, 234, 236, 237, 238, 239, 241, 266, 271, 272, 274, 275, 276, 277, 278, 340, 341, 342, 344, 345, 346, 347, 348, 349, 350, 351, 354, 372, 373, 375]	experiments/e117_c4_iptm80_af2traj_af3/out_s5/ova_body_c4_46/seed-1_sample-2/ova_body_c4_46_seed-1_sample-2_summary_confidences.json	experiments/e117_c4_iptm80_af2traj_af3/out_s5/ova_body_c4_46/seed-1_sample-2/ova_body_c4_46_seed-1_sample-2_model.cif
ova_body_c4_46	seed-1_sample-3	4	0.32	0.47	85.82471517454157	nan	nan	0.35	0.0	6	4	1	0	342	342	0	0.34	0.2	20.665	"{""A-B"": 108, ""A-C"": 24, ""A-D"": 39, ""B-C"": 40, ""B-D"": 23, ""C-D"": 108}"	[1, 2, 3, 4, 6, 64, 65, 68, 70, 71, 72, 73, 78, 79, 82, 83, 85, 86, 89, 90, 93, 94, 95, 96, 97, 99, 110, 116, 119, 120, 123, 124, 125, 131, 132, 138, 141, 144, 145, 148, 149, 152, 155, 156, 182, 184, 217, 234, 236, 237, 238, 239, 241, 266, 271, 275, 276, 277, 278, 338, 340, 341, 342, 343, 344, 345, 346, 348, 349, 350, 354, 372, 373, 375]	experiments/e117_c4_iptm80_af2traj_af3/out_s5/ova_body_c4_46/seed-1_sample-3/ova_body_c4_46_seed-1_sample-3_summary_confidences.json	experiments/e117_c4_iptm80_af2traj_af3/out_s5/ova_body_c4_46/seed-1_sample-3/ova_body_c4_46_seed-1_sample-3_model.cif
ova_body_c4_46	seed-1_sample-4	4	0.28	0.44	85.88963718117827	nan	nan	0.31	0.0	4	4	1	0	331	331	0	0.32	0.24	19.43	"{""A-B"": 123, ""A-C"": 39, ""A-D"": 0, ""B-C"": 0, ""B-D"": 41, ""C-D"": 128}"	[1, 2, 3, 4, 64, 65, 69, 70, 72, 73, 74, 78, 79, 81, 82, 83, 85, 86, 89, 90, 94, 95, 96, 97, 124, 125, 144, 145, 148, 149, 151, 152, 155, 156, 186, 188, 190, 191, 192, 216, 217, 234, 237, 238, 239, 241, 266, 270, 271, 275, 276, 277, 278, 336, 337, 338, 341, 342, 343, 344, 345, 346, 349, 350, 351, 354, 372, 373, 375]	experiments/e117_c4_iptm80_af2traj_af3/out_s5/ova_body_c4_46/seed-1_sample-4/ova_body_c4_46_seed-1_sample-4_summary_confidences.json	experiments/e117_c4_iptm80_af2traj_af3/out_s5/ova_body_c4_46/seed-1_sample-4/ova_body_c4_46_seed-1_sample-4_model.cif
ova_body_c4_47	seed-1_sample-0	4	0.8	0.84	89.8629793849016	nan	nan	0.81	0.0	6	4	1	0	194	194	0	0.76	0.755	3.3049999999999997	"{""A-B"": 8, ""A-C"": 55, ""A-D"": 34, ""B-C"": 33, ""B-D"": 56, ""C-D"": 8}"	[86, 90, 95, 96, 97, 98, 99, 182, 184, 190, 191, 192, 193, 216, 217, 236, 237, 238, 271, 272, 276, 277, 278, 338, 339, 340, 341, 342, 343, 344, 345, 346, 347, 348, 349, 350, 351, 354, 373, 374]	experiments/e117_c4_iptm80_af2traj_af3/out_s6/ova_body_c4_47/seed-1_sample-0/ova_body_c4_47_seed-1_sample-0_summary_confidences.json	experiments/e117_c4_iptm80_af2traj_af3/out_s6/ova_body_c4_47/seed-1_sample-0/ova_body_c4_47_seed-1_sample-0_model.cif
ova_body_c4_47	seed-1_sample-1	4	0.8	0.83	89.67308288534689	nan	nan	0.8	0.0	6	4	1	0	200	200	0	0.75	0.75	3.3449999999999998	"{""A-B"": 8, ""A-C"": 56, ""A-D"": 34, ""B-C"": 34, ""B-D"": 60, ""C-D"": 8}"	[86, 90, 95, 96, 97, 98, 99, 182, 184, 190, 191, 192, 193, 216, 217, 236, 237, 271, 272, 276, 277, 278, 338, 339, 340, 341, 342, 343, 344, 345, 346, 347, 348, 349, 350, 351, 354, 373, 374]	experiments/e117_c4_iptm80_af2traj_af3/out_s6/ova_body_c4_47/seed-1_sample-1/ova_body_c4_47_seed-1_sample-1_summary_confidences.json	experiments/e117_c4_iptm80_af2traj_af3/out_s6/ova_body_c4_47/seed-1_sample-1/ova_body_c4_47_seed-1_sample-1_model.cif
ova_body_c4_47	seed-1_sample-2	4	0.8	0.84	89.91308282446985	nan	nan	0.81	0.0	6	4	1	0	207	207	0	0.76	0.75	3.275	"{""A-B"": 8, ""A-C"": 62, ""A-D"": 31, ""B-C"": 34, ""B-D"": 64, ""C-D"": 8}"	[86, 90, 94, 95, 96, 97, 98, 99, 182, 184, 190, 191, 192, 193, 216, 217, 236, 237, 238, 271, 272, 276, 277, 278, 338, 339, 340, 341, 342, 343, 344, 345, 346, 347, 348, 349, 350, 351, 354, 373, 374]	experiments/e117_c4_iptm80_af2traj_af3/out_s6/ova_body_c4_47/seed-1_sample-2/ova_body_c4_47_seed-1_sample-2_summary_confidences.json	experiments/e117_c4_iptm80_af2traj_af3/out_s6/ova_body_c4_47/seed-1_sample-2/ova_body_c4_47_seed-1_sample-2_model.cif
ova_body_c4_47	seed-1_sample-3	4	0.8	0.83	89.68743524897283	nan	nan	0.8	0.0	6	4	1	0	204	204	0	0.75	0.75	3.33	"{""A-B"": 8, ""A-C"": 58, ""A-D"": 36, ""B-C"": 36, ""B-D"": 58, ""C-D"": 8}"	[86, 90, 95, 96, 97, 98, 99, 182, 184, 187, 190, 191, 192, 193, 216, 217, 236, 237, 238, 271, 272, 276, 277, 278, 338, 339, 340, 341, 342, 343, 344, 345, 346, 347, 348, 349, 350, 351, 354, 373, 374]	experiments/e117_c4_iptm80_af2traj_af3/out_s6/ova_body_c4_47/seed-1_sample-3/ova_body_c4_47_seed-1_sample-3_summary_confidences.json	experiments/e117_c4_iptm80_af2traj_af3/out_s6/ova_body_c4_47/seed-1_sample-3/ova_body_c4_47_seed-1_sample-3_model.cif
ova_body_c4_47	seed-1_sample-4	4	0.81	0.84	89.38686514147822	nan	nan	0.82	0.0	6	4	1	0	220	220	0	0.77	0.76	3.125	"{""A-B"": 14, ""A-C"": 63, ""A-D"": 34, ""B-C"": 34, ""B-D"": 61, ""C-D"": 14}"	[1, 83, 86, 90, 95, 96, 97, 98, 99, 182, 184, 190, 191, 192, 193, 216, 217, 236, 237, 270, 271, 272, 276, 277, 278, 337, 338, 339, 340, 341, 342, 343, 344, 345, 346, 347, 348, 349, 350, 351, 354, 373, 374]	experiments/e117_c4_iptm80_af2traj_af3/out_s6/ova_body_c4_47/seed-1_sample-4/ova_body_c4_47_seed-1_sample-4_summary_confidences.json	experiments/e117_c4_iptm80_af2traj_af3/out_s6/ova_body_c4_47/seed-1_sample-4/ova_body_c4_47_seed-1_sample-4_model.cif
ova_body_c4_48	seed-1_sample-0	4	0.81	0.84	90.28220209309474	nan	nan	0.81	0.0	6	4	1	0	208	208	0	0.77	0.76	3.1900000000000004	"{""A-B"": 8, ""A-C"": 55, ""A-D"": 40, ""B-C"": 41, ""B-D"": 56, ""C-D"": 8}"	[86, 90, 95, 96, 97, 98, 99, 182, 184, 187, 190, 191, 192, 193, 215, 216, 217, 236, 237, 238, 271, 272, 276, 278, 338, 339, 340, 341, 342, 343, 344, 345, 346, 347, 348, 349, 350, 351, 354, 373, 374]	experiments/e117_c4_iptm80_af2traj_af3/out_s7/ova_body_c4_48/seed-1_sample-0/ova_body_c4_48_seed-1_sample-0_summary_confidences.json	experiments/e117_c4_iptm80_af2traj_af3/out_s7/ova_body_c4_48/seed-1_sample-0/ova_body_c4_48_seed-1_sample-0_model.cif
ova_body_c4_48	seed-1_sample-1	4	0.82	0.85	90.2062955075595	nan	nan	0.82	0.0	6	4	1	0	203	203	0	0.78	0.775	2.85	"{""A-B"": 8, ""A-C"": 60, ""A-D"": 32, ""B-C"": 32, ""B-D"": 63, ""C-D"": 8}"	[86, 90, 95, 96, 97, 98, 99, 182, 184, 190, 191, 192, 193, 216, 217, 236, 237, 271, 272, 276, 277, 278, 337, 338, 339, 340, 341, 342, 343, 344, 345, 346, 347, 348, 349, 350, 351, 354, 373, 374]	experiments/e117_c4_iptm80_af2traj_af3/out_s7/ova_body_c4_48/seed-1_sample-1/ova_body_c4_48_seed-1_sample-1_summary_confidences.json	experiments/e117_c4_iptm80_af2traj_af3/out_s7/ova_body_c4_48/seed-1_sample-1/ova_body_c4_48_seed-1_sample-1_model.cif
ova_body_c4_48	seed-1_sample-2	4	0.8	0.84	90.38233163072655	nan	nan	0.81	0.0	6	4	1	0	204	204	0	0.76	0.76	3.295	"{""A-B"": 9, ""A-C"": 70, ""A-D"": 24, ""B-C"": 24, ""B-D"": 69, ""C-D"": 8}"	[82, 86, 90, 93, 95, 96, 97, 98, 99, 182, 184, 190, 191, 192, 193, 216, 217, 236, 237, 238, 239, 271, 272, 276, 278, 337, 338, 339, 340, 341, 342, 344, 345, 346, 347, 348, 349, 350, 351, 354, 373, 374]	experiments/e117_c4_iptm80_af2traj_af3/out_s7/ova_body_c4_48/seed-1_sample-2/ova_body_c4_48_seed-1_sample-2_summary_confidences.json	experiments/e117_c4_iptm80_af2traj_af3/out_s7/ova_body_c4_48/seed-1_sample-2/ova_body_c4_48_seed-1_sample-2_model.cif
ova_body_c4_48	seed-1_sample-3	4	0.79	0.83	89.9837824569465	nan	nan	0.8	0.0	6	4	1	0	227	227	0	0.76	0.74	3.37	"{""A-B"": 11, ""A-C"": 72, ""A-D"": 31, ""B-C"": 30, ""B-D"": 73, ""C-D"": 10}"	[86, 87, 90, 93, 94, 95, 96, 97, 98, 99, 182, 184, 190, 191, 192, 193, 216, 217, 236, 237, 238, 271, 272, 276, 278, 337, 338, 339, 340, 341, 342, 343, 344, 345, 346, 347, 348, 349, 350, 351, 354, 373, 374]	experiments/e117_c4_iptm80_af2traj_af3/out_s7/ova_body_c4_48/seed-1_sample-3/ova_body_c4_48_seed-1_sample-3_summary_confidences.json	experiments/e117_c4_iptm80_af2traj_af3/out_s7/ova_body_c4_48/seed-1_sample-3/ova_body_c4_48_seed-1_sample-3_model.cif
ova_body_c4_48	seed-1_sample-4	4	0.83	0.86	90.15191692885958	nan	nan	0.83	0.0	6	4	1	0	222	222	0	0.79	0.785	2.825	"{""A-B"": 14, ""A-C"": 69, ""A-D"": 27, ""B-C"": 28, ""B-D"": 70, ""C-D"": 14}"	[1, 83, 86, 90, 95, 96, 97, 98, 99, 182, 184, 187, 190, 191, 192, 193, 216, 217, 236, 237, 238, 239, 270, 271, 272, 276, 278, 337, 338, 339, 340, 341, 342, 343, 344, 345, 346, 347, 348, 349, 350, 351, 354, 373, 374]	experiments/e117_c4_iptm80_af2traj_af3/out_s7/ova_body_c4_48/seed-1_sample-4/ova_body_c4_48_seed-1_sample-4_summary_confidences.json	experiments/e117_c4_iptm80_af2traj_af3/out_s7/ova_body_c4_48/seed-1_sample-4/ova_body_c4_48_seed-1_sample-4_model.cif
ova_body_c4_49	seed-1_sample-0	4	0.41	0.54	85.34062194824219	nan	nan	0.44	0.0	6	4	1	0	493	493	0	0.46	0.29	15.265	"{""A-B"": 115, ""A-C"": 81, ""A-D"": 54, ""B-C"": 47, ""B-D"": 81, ""C-D"": 115}"	[1, 2, 3, 4, 5, 6, 64, 65, 68, 69, 70, 71, 72, 73, 78, 79, 82, 83, 85, 86, 89, 93, 94, 95, 96, 97, 99, 110, 116, 119, 120, 123, 124, 127, 128, 131, 132, 141, 144, 145, 148, 149, 151, 152, 153, 155, 156, 157, 182, 183, 184, 188, 191, 217, 219, 234, 236, 237, 238, 239, 241, 266, 271, 272, 274, 275, 276, 277, 278, 334, 336, 337, 338, 339, 340, 341, 342, 343, 344, 345, 346, 348, 349, 350, 351, 353, 354, 355, 372, 373, 375]	experiments/e117_c4_iptm80_af2traj_af3/out_s0/ova_body_c4_49/seed-1_sample-0/ova_body_c4_49_seed-1_sample-0_summary_confidences.json	experiments/e117_c4_iptm80_af2traj_af3/out_s0/ova_body_c4_49/seed-1_sample-0/ova_body_c4_49_seed-1_sample-0_model.cif
ova_body_c4_49	seed-1_sample-1	4	0.44	0.57	85.68829012658311	nan	nan	0.47	0.0	6	4	1	0	437	437	0	0.47	0.32	13.5	"{""A-B"": 127, ""A-C"": 42, ""A-D"": 44, ""B-C"": 47, ""B-D"": 49, ""C-D"": 128}"	[1, 2, 3, 4, 5, 6, 64, 65, 68, 69, 70, 71, 72, 73, 74, 78, 79, 82, 83, 86, 90, 93, 94, 95, 96, 97, 99, 101, 110, 116, 119, 120, 123, 124, 127, 131, 132, 134, 138, 141, 142, 144, 145, 148, 149, 152, 153, 154, 155, 156, 157, 180, 182, 183, 184, 186, 217, 219, 234, 236, 237, 238, 239, 241, 266, 271, 274, 275, 276, 277, 278, 334, 338, 340, 341, 342, 343, 344, 345, 346, 347, 348, 349, 350, 351, 354, 355, 372, 373, 375]	experiments/e117_c4_iptm80_af2traj_af3/out_s0/ova_body_c4_49/seed-1_sample-1/ova_body_c4_49_seed-1_sample-1_summary_confidences.json	experiments/e117_c4_iptm80_af2traj_af3/out_s0/ova_body_c4_49/seed-1_sample-1/ova_body_c4_49_seed-1_sample-1_model.cif
ova_body_c4_49	seed-1_sample-2	4	0.41	0.54	85.89569958503999	nan	nan	0.44	0.0	6	4	1	0	363	363	0	0.46	0.28	14.105	"{""A-B"": 125, ""A-C"": 24, ""A-D"": 33, ""B-C"": 32, ""B-D"": 26, ""C-D"": 123}"	[1, 2, 3, 4, 5, 6, 64, 65, 68, 69, 70, 71, 72, 73, 74, 78, 79, 82, 83, 86, 90, 93, 94, 95, 96, 97, 110, 116, 119, 120, 123, 124, 125, 131, 132, 133, 134, 138, 141, 142, 145, 148, 149, 151, 152, 155, 156, 217, 219, 234, 236, 237, 238, 239, 241, 266, 271, 272, 274, 275, 276, 277, 278, 340, 342, 344, 345, 346, 347, 348, 349, 350, 351, 354, 355, 372, 373, 375]	experiments/e117_c4_iptm80_af2traj_af3/out_s0/ova_body_c4_49/seed-1_sample-2/ova_body_c4_49_seed-1_sample-2_summary_confidences.json	experiments/e117_c4_iptm80_af2traj_af3/out_s0/ova_body_c4_49/seed-1_sample-2/ova_body_c4_49_seed-1_sample-2_model.cif
ova_body_c4_49	seed-1_sample-3	4	0.43	0.56	85.4717876058786	nan	nan	0.46	0.0	6	4	1	0	391	391	0	0.46	0.31	13.715	"{""A-B"": 113, ""A-C"": 41, ""A-D"": 40, ""B-C"": 40, ""B-D"": 43, ""C-D"": 114}"	[1, 2, 3, 4, 6, 64, 65, 68, 69, 70, 71, 72, 73, 74, 78, 79, 82, 83, 86, 93, 94, 95, 96, 97, 99, 101, 110, 116, 119, 120, 123, 124, 131, 132, 138, 141, 144, 145, 148, 149, 152, 154, 155, 156, 157, 180, 182, 184, 217, 234, 236, 237, 238, 239, 241, 266, 271, 275, 276, 277, 278, 334, 338, 340, 342, 343, 344, 347, 348, 349, 350, 351, 354, 355, 372, 373, 375]	experiments/e117_c4_iptm80_af2traj_af3/out_s0/ova_body_c4_49/seed-1_sample-3/ova_body_c4_49_seed-1_sample-3_summary_confidences.json	experiments/e117_c4_iptm80_af2traj_af3/out_s0/ova_body_c4_49/seed-1_sample-3/ova_body_c4_49_seed-1_sample-3_model.cif
ova_body_c4_49	seed-1_sample-4	4	0.32	0.47	85.42233158763827	nan	nan	0.35	0.0	4	4	1	0	392	392	0	0.42	0.295	16.47	"{""A-B"": 124, ""A-C"": 67, ""A-D"": 1, ""B-C"": 1, ""B-D"": 70, ""C-D"": 129}"	[1, 2, 3, 4, 64, 65, 68, 69, 70, 71, 72, 73, 74, 78, 79, 81, 82, 83, 85, 86, 89, 90, 93, 94, 95, 96, 97, 124, 125, 127, 131, 133, 141, 144, 145, 148, 149, 151, 152, 153, 155, 156, 182, 184, 186, 189, 191, 192, 194, 195, 196, 210, 216, 217, 234, 237, 238, 239, 241, 266, 270, 271, 275, 276, 277, 278, 285, 287, 334, 336, 337, 338, 341, 342, 343, 345, 346, 347, 349, 350, 351, 354, 355, 372, 373, 375]	experiments/e117_c4_iptm80_af2traj_af3/out_s0/ova_body_c4_49/seed-1_sample-4/ova_body_c4_49_seed-1_sample-4_summary_confidences.json	experiments/e117_c4_iptm80_af2traj_af3/out_s0/ova_body_c4_49/seed-1_sample-4/ova_body_c4_49_seed-1_sample-4_model.cif
ova_body_c4_50	seed-1_sample-0	4	0.31	0.47	85.85158009109102	nan	nan	0.34	0.0	6	4	1	0	367	367	0	0.34	0.2	20.015	"{""A-B"": 101, ""A-C"": 33, ""A-D"": 43, ""B-C"": 43, ""B-D"": 40, ""C-D"": 107}"	[1, 2, 3, 4, 5, 6, 64, 65, 68, 69, 70, 71, 72, 73, 78, 79, 82, 83, 85, 86, 89, 90, 93, 94, 95, 96, 97, 99, 110, 116, 119, 120, 123, 124, 131, 132, 138, 141, 144, 145, 148, 149, 151, 152, 155, 156, 182, 184, 191, 217, 234, 236, 237, 238, 239, 241, 266, 271, 275, 276, 277, 278, 336, 338, 339, 340, 341, 342, 343, 344, 345, 346, 347, 348, 349, 350, 351, 354, 372, 373, 375]	experiments/e117_c4_iptm80_af2traj_af3/out_s1/ova_body_c4_50/seed-1_sample-0/ova_body_c4_50_seed-1_sample-0_summary_confidences.json	experiments/e117_c4_iptm80_af2traj_af3/out_s1/ova_body_c4_50/seed-1_sample-0/ova_body_c4_50_seed-1_sample-0_model.cif
ova_body_c4_50	seed-1_sample-1	4	0.31	0.47	85.72018132185072	nan	nan	0.34	0.0	6	4	1	0	331	331	0	0.33	0.2	20.365000000000002	"{""A-B"": 101, ""A-C"": 30, ""A-D"": 32, ""B-C"": 30, ""B-D"": 33, ""C-D"": 105}"	[1, 2, 3, 4, 5, 6, 64, 65, 68, 69, 70, 72, 78, 79, 82, 83, 86, 93, 94, 95, 96, 97, 99, 101, 116, 119, 120, 123, 124, 131, 132, 133, 134, 138, 141, 145, 148, 149, 152, 154, 155, 156, 157, 180, 182, 217, 219, 234, 236, 237, 238, 239, 241, 266, 271, 272, 274, 275, 276, 277, 278, 338, 340, 342, 343, 344, 345, 346, 348, 349, 350, 351, 354, 355, 372, 373, 375]	experiments/e117_c4_iptm80_af2traj_af3/out_s1/ova_body_c4_50/seed-1_sample-1/ova_body_c4_50_seed-1_sample-1_summary_confidences.json	experiments/e117_c4_iptm80_af2traj_af3/out_s1/ova_body_c4_50/seed-1_sample-1/ova_body_c4_50_seed-1_sample-1_model.cif
ova_body_c4_50	seed-1_sample-2	4	0.32	0.47	85.9673833896459	nan	nan	0.35	0.0	6	4	1	0	352	352	0	0.34	0.2	20.32	"{""A-B"": 110, ""A-C"": 25, ""A-D"": 42, ""B-C"": 42, ""B-D"": 22, ""C-D"": 111}"	[1, 2, 3, 4, 5, 6, 64, 65, 68, 69, 70, 72, 73, 78, 79, 82, 83, 85, 86, 89, 90, 93, 94, 95, 96, 97, 99, 110, 116, 119, 120, 123, 124, 127, 131, 132, 134, 138, 141, 142, 144, 145, 148, 149, 152, 155, 156, 182, 184, 217, 219, 234, 236, 237, 238, 239, 241, 266, 271, 274, 275, 276, 277, 278, 340, 341, 342, 343, 344, 345, 346, 348, 349, 350, 351, 354, 372, 373, 375]	experiments/e117_c4_iptm80_af2traj_af3/out_s1/ova_body_c4_50/seed-1_sample-2/ova_body_c4_50_seed-1_sample-2_summary_confidences.json	experiments/e117_c4_iptm80_af2traj_af3/out_s1/ova_body_c4_50/seed-1_sample-2/ova_body_c4_50_seed-1_sample-2_model.cif
ova_body_c4_50	seed-1_sample-3	4	0.32	0.47	85.73860121020381	nan	nan	0.35	0.0	6	4	1	0	364	364	0	0.34	0.2	20.505	"{""A-B"": 108, ""A-C"": 36, ""A-D"": 41, ""B-C"": 40, ""B-D"": 36, ""C-D"": 103}"	[1, 2, 3, 4, 6, 64, 65, 68, 70, 71, 72, 79, 82, 83, 85, 86, 89, 90, 93, 94, 95, 96, 97, 99, 101, 110, 116, 119, 120, 123, 124, 131, 132, 138, 141, 144, 145, 148, 149, 152, 153, 155, 156, 182, 184, 186, 217, 234, 236, 237, 238, 239, 241, 271, 275, 276, 277, 278, 338, 340, 341, 342, 343, 344, 345, 346, 347, 348, 349, 350, 354, 372, 373, 375]	experiments/e117_c4_iptm80_af2traj_af3/out_s1/ova_body_c4_50/seed-1_sample-3/ova_body_c4_50_seed-1_sample-3_summary_confidences.json	experiments/e117_c4_iptm80_af2traj_af3/out_s1/ova_body_c4_50/seed-1_sample-3/ova_body_c4_50_seed-1_sample-3_model.cif
ova_body_c4_50	seed-1_sample-4	4	0.27	0.44	85.71266811746389	nan	nan	0.31	0.0	4	4	1	0	308	308	0	0.32	0.24	19.595	"{""A-B"": 110, ""A-C"": 42, ""A-D"": 0, ""B-C"": 0, ""B-D"": 43, ""C-D"": 113}"	[1, 2, 3, 4, 64, 65, 69, 70, 78, 79, 82, 83, 85, 86, 89, 90, 94, 95, 96, 97, 124, 125, 144, 145, 148, 149, 151, 152, 155, 156, 186, 188, 190, 191, 192, 217, 234, 237, 238, 239, 241, 266, 270, 271, 272, 275, 276, 277, 278, 336, 337, 338, 341, 342, 343, 344, 346, 350, 351, 354, 372, 373, 375]	experiments/e117_c4_iptm80_af2traj_af3/out_s1/ova_body_c4_50/seed-1_sample-4/ova_body_c4_50_seed-1_sample-4_summary_confidences.json	experiments/e117_c4_iptm80_af2traj_af3/out_s1/ova_body_c4_50/seed-1_sample-4/ova_body_c4_50_seed-1_sample-4_model.cif
ova_body_c4_51	seed-1_sample-0	4	0.82	0.85	89.89686530118162	nan	nan	0.83	0.0	6	4	1	0	184	184	0	0.8	0.78	2.685	"{""A-B"": 12, ""A-C"": 59, ""A-D"": 21, ""B-C"": 23, ""B-D"": 59, ""C-D"": 10}"	[82, 83, 86, 87, 90, 94, 95, 96, 97, 98, 99, 182, 184, 190, 191, 192, 193, 216, 217, 236, 271, 272, 276, 277, 278, 337, 338, 339, 340, 341, 342, 343, 344, 345, 346, 347, 348, 349, 350, 353, 354, 355, 373, 374]	experiments/e117_c4_iptm80_af2traj_af3/out_s2/ova_body_c4_51/seed-1_sample-0/ova_body_c4_51_seed-1_sample-0_summary_confidences.json	experiments/e117_c4_iptm80_af2traj_af3/out_s2/ova_body_c4_51/seed-1_sample-0/ova_body_c4_51_seed-1_sample-0_model.cif
ova_body_c4_51	seed-1_sample-1	4	0.82	0.85	90.07976673304108	nan	nan	0.82	0.0	6	4	1	0	200	200	0	0.8	0.77	2.775	"{""A-B"": 12, ""A-C"": 62, ""A-D"": 24, ""B-C"": 26, ""B-D"": 64, ""C-D"": 12}"	[86, 87, 90, 93, 94, 95, 96, 97, 98, 99, 182, 184, 190, 191, 192, 193, 216, 217, 236, 271, 272, 276, 277, 278, 337, 338, 339, 340, 341, 342, 343, 344, 345, 346, 347, 348, 350, 351, 353, 354, 355, 373, 374]	experiments/e117_c4_iptm80_af2traj_af3/out_s2/ova_body_c4_51/seed-1_sample-1/ova_body_c4_51_seed-1_sample-1_summary_confidences.json	experiments/e117_c4_iptm80_af2traj_af3/out_s2/ova_body_c4_51/seed-1_sample-1/ova_body_c4_51_seed-1_sample-1_model.cif
ova_body_c4_51	seed-1_sample-2	4	0.81	0.84	90.24689115020277	nan	nan	0.81	0.0	6	4	1	0	208	208	0	0.79	0.76	2.92	"{""A-B"": 14, ""A-C"": 68, ""A-D"": 22, ""B-C"": 22, ""B-D"": 68, ""C-D"": 14}"	[82, 83, 86, 87, 90, 94, 95, 96, 97, 98, 99, 182, 184, 188, 190, 191, 192, 193, 217, 236, 237, 271, 272, 276, 278, 337, 338, 339, 340, 341, 342, 343, 344, 345, 346, 347, 348, 349, 350, 353, 354, 355, 373, 374]	experiments/e117_c4_iptm80_af2traj_af3/out_s2/ova_body_c4_51/seed-1_sample-2/ova_body_c4_51_seed-1_sample-2_summary_confidences.json	experiments/e117_c4_iptm80_af2traj_af3/out_s2/ova_body_c4_51/seed-1_sample-2/ova_body_c4_51_seed-1_sample-2_model.cif
ova_body_c4_51	seed-1_sample-3	4	0.81	0.85	89.98251299289842	nan	nan	0.82	0.0	6	4	1	0	205	205	0	0.79	0.76	2.8049999999999997	"{""A-B"": 12, ""A-C"": 64, ""A-D"": 26, ""B-C"": 28, ""B-D"": 64, ""C-D"": 11}"	[86, 87, 90, 94, 95, 96, 97, 98, 99, 182, 184, 190, 191, 192, 193, 216, 217, 236, 271, 272, 276, 277, 278, 337, 338, 339, 340, 341, 342, 343, 344, 345, 346, 347, 348, 350, 353, 354, 355, 373, 374]	experiments/e117_c4_iptm80_af2traj_af3/out_s2/ova_body_c4_51/seed-1_sample-3/ova_body_c4_51_seed-1_sample-3_summary_confidences.json	experiments/e117_c4_iptm80_af2traj_af3/out_s2/ova_body_c4_51/seed-1_sample-3/ova_body_c4_51_seed-1_sample-3_model.cif
ova_body_c4_51	seed-1_sample-4	4	0.83	0.86	89.75699492933836	nan	nan	0.83	0.0	6	4	1	0	210	210	0	0.8	0.78	2.505	"{""A-B"": 20, ""A-C"": 61, ""A-D"": 22, ""B-C"": 22, ""B-D"": 65, ""C-D"": 20}"	[1, 82, 83, 86, 87, 90, 94, 95, 96, 97, 98, 99, 182, 184, 188, 190, 191, 192, 193, 217, 236, 270, 271, 272, 276, 277, 278, 337, 338, 339, 340, 341, 342, 343, 344, 345, 346, 347, 348, 350, 353, 354, 355, 373, 374]	experiments/e117_c4_iptm80_af2traj_af3/out_s2/ova_body_c4_51/seed-1_sample-4/ova_body_c4_51_seed-1_sample-4_summary_confidences.json	experiments/e117_c4_iptm80_af2traj_af3/out_s2/ova_body_c4_51/seed-1_sample-4/ova_body_c4_51_seed-1_sample-4_model.cif
ova_body_c4_52	seed-1_sample-0	4	0.4	0.53	87.44264242933204	nan	nan	0.42	0.0	6	4	1	0	324	324	0	0.49	0.23	13.0	"{""A-B"": 103, ""A-C"": 15, ""A-D"": 39, ""B-C"": 42, ""B-D"": 16, ""C-D"": 109}"	[64, 83, 86, 90, 93, 94, 95, 96, 97, 182, 184, 186, 187, 188, 190, 191, 192, 193, 216, 217, 219, 234, 236, 237, 238, 239, 271, 272, 274, 275, 276, 277, 278, 336, 337, 338, 339, 340, 341, 342, 343, 344, 345, 346, 347, 348, 349, 350, 351, 352, 372, 373, 374]	experiments/e117_c4_iptm80_af2traj_af3/out_s3/ova_body_c4_52/seed-1_sample-0/ova_body_c4_52_seed-1_sample-0_summary_confidences.json	experiments/e117_c4_iptm80_af2traj_af3/out_s3/ova_body_c4_52/seed-1_sample-0/ova_body_c4_52_seed-1_sample-0_model.cif
ova_body_c4_52	seed-1_sample-1	4	0.39	0.53	87.88795341728883	nan	nan	0.42	0.0	6	4	1	0	315	315	0	0.5	0.23	12.844999999999999	"{""A-B"": 96, ""A-C"": 5, ""A-D"": 55, ""B-C"": 60, ""B-D"": 5, ""C-D"": 94}"	[83, 86, 90, 91, 93, 94, 95, 96, 97, 184, 186, 187, 188, 190, 191, 192, 193, 214, 215, 216, 217, 219, 234, 236, 237, 238, 239, 271, 272, 274, 275, 276, 277, 278, 337, 338, 339, 340, 341, 342, 343, 344, 345, 346, 347, 348, 349, 350, 351, 352, 372, 373, 374]	experiments/e117_c4_iptm80_af2traj_af3/out_s3/ova_body_c4_52/seed-1_sample-1/ova_body_c4_52_seed-1_sample-1_summary_confidences.json	experiments/e117_c4_iptm80_af2traj_af3/out_s3/ova_body_c4_52/seed-1_sample-1/ova_body_c4_52_seed-1_sample-1_model.cif
ova_body_c4_52	seed-1_sample-2	4	0.38	0.52	87.82318640002315	nan	nan	0.41	0.0	6	4	1	0	306	306	0	0.48	0.22	13.805	"{""A-B"": 97, ""A-C"": 13, ""A-D"": 44, ""B-C"": 45, ""B-D"": 10, ""C-D"": 97}"	[83, 86, 90, 93, 95, 96, 97, 184, 186, 187, 188, 190, 191, 192, 193, 213, 216, 217, 219, 234, 236, 237, 238, 239, 271, 272, 274, 275, 276, 277, 278, 336, 337, 338, 339, 340, 341, 342, 343, 344, 345, 346, 347, 348, 349, 350, 351, 352, 372, 373, 374]	experiments/e117_c4_iptm80_af2traj_af3/out_s3/ova_body_c4_52/seed-1_sample-2/ova_body_c4_52_seed-1_sample-2_summary_confidences.json	experiments/e117_c4_iptm80_af2traj_af3/out_s3/ova_body_c4_52/seed-1_sample-2/ova_body_c4_52_seed-1_sample-2_model.cif
ova_body_c4_52	seed-1_sample-3	4	0.37	0.51	86.94577719139929	nan	nan	0.4	0.0	6	4	1	0	295	295	0	0.45	0.22	13.095	"{""A-B"": 93, ""A-C"": 17, ""A-D"": 36, ""B-C"": 39, ""B-D"": 19, ""C-D"": 91}"	[90, 93, 95, 96, 97, 182, 184, 186, 187, 188, 190, 191, 192, 193, 194, 216, 217, 219, 234, 236, 237, 238, 239, 271, 276, 278, 336, 337, 338, 339, 340, 341, 342, 343, 344, 345, 346, 347, 348, 349, 350, 351, 352, 373, 374]	experiments/e117_c4_iptm80_af2traj_af3/out_s3/ova_body_c4_52/seed-1_sample-3/ova_body_c4_52_seed-1_sample-3_summary_confidences.json	experiments/e117_c4_iptm80_af2traj_af3/out_s3/ova_body_c4_52/seed-1_sample-3/ova_body_c4_52_seed-1_sample-3_model.cif
ova_body_c4_52	seed-1_sample-4	4	0.41	0.54	87.47290144806699	nan	nan	0.44	0.0	6	4	1	0	363	363	0	0.52	0.25	13.285	"{""A-B"": 121, ""A-C"": 19, ""A-D"": 39, ""B-C"": 42, ""B-D"": 22, ""C-D"": 120}"	[82, 83, 86, 90, 93, 95, 96, 97, 98, 99, 182, 183, 184, 186, 187, 188, 190, 191, 192, 193, 194, 216, 217, 219, 234, 236, 237, 238, 239, 271, 272, 274, 275, 276, 277, 278, 336, 337, 338, 339, 340, 341, 342, 343, 344, 345, 346, 347, 348, 349, 350, 351, 352, 353, 372, 373, 374]	experiments/e117_c4_iptm80_af2traj_af3/out_s3/ova_body_c4_52/seed-1_sample-4/ova_body_c4_52_seed-1_sample-4_summary_confidences.json	experiments/e117_c4_iptm80_af2traj_af3/out_s3/ova_body_c4_52/seed-1_sample-4/ova_body_c4_52_seed-1_sample-4_model.cif
ova_body_c4_53	seed-1_sample-0	4	0.32	0.48	85.41981854216422	nan	nan	0.35	0.0	6	4	1	0	352	352	0	0.39	0.19	22.08	"{""A-B"": 113, ""A-C"": 58, ""A-D"": 5, ""B-C"": 5, ""B-D"": 60, ""C-D"": 111}"	[1, 2, 3, 4, 64, 65, 68, 69, 70, 71, 72, 73, 78, 79, 82, 83, 85, 86, 89, 90, 93, 94, 95, 96, 97, 99, 124, 127, 131, 133, 145, 148, 149, 151, 152, 153, 155, 156, 182, 184, 186, 191, 192, 194, 210, 217, 219, 234, 237, 238, 239, 241, 266, 270, 271, 275, 276, 277, 278, 334, 336, 337, 338, 341, 342, 343, 344, 345, 346, 348, 349, 350, 351, 354, 355, 372, 373, 375]	experiments/e117_c4_iptm80_af2traj_af3/out_s4/ova_body_c4_53/seed-1_sample-0/ova_body_c4_53_seed-1_sample-0_summary_confidences.json	experiments/e117_c4_iptm80_af2traj_af3/out_s4/ova_body_c4_53/seed-1_sample-0/ova_body_c4_53_seed-1_sample-0_model.cif
ova_body_c4_53	seed-1_sample-1	4	0.33	0.48	85.77709851240247	nan	nan	0.36	0.0	4	4	1	0	333	333	0	0.4	0.30000000000000004	17.22	"{""A-B"": 117, ""A-C"": 46, ""A-D"": 0, ""B-C"": 1, ""B-D"": 52, ""C-D"": 117}"	[1, 2, 3, 4, 64, 65, 68, 69, 70, 71, 72, 73, 78, 79, 82, 83, 85, 86, 89, 90, 94, 95, 96, 97, 124, 125, 131, 144, 145, 148, 149, 151, 152, 153, 155, 156, 182, 184, 186, 191, 192, 194, 195, 196, 210, 216, 217, 234, 237, 238, 239, 241, 266, 271, 275, 276, 277, 278, 285, 287, 334, 336, 337, 338, 342, 343, 344, 345, 348, 349, 350, 351, 354, 372, 373, 375]	experiments/e117_c4_iptm80_af2traj_af3/out_s4/ova_body_c4_53/seed-1_sample-1/ova_body_c4_53_seed-1_sample-1_summary_confidences.json	experiments/e117_c4_iptm80_af2traj_af3/out_s4/ova_body_c4_53/seed-1_sample-1/ova_body_c4_53_seed-1_sample-1_model.cif
ova_body_c4_53	seed-1_sample-2	4	0.31	0.47	85.64005187632506	nan	nan	0.34	0.0	4	4	1	0	295	295	0	0.37	0.28500000000000003	17.73	"{""A-B"": 101, ""A-C"": 48, ""A-D"": 0, ""B-C"": 0, ""B-D"": 48, ""C-D"": 98}"	[1, 2, 3, 4, 64, 65, 68, 69, 70, 72, 73, 74, 78, 79, 82, 83, 86, 90, 93, 94, 95, 96, 97, 124, 145, 148, 149, 152, 153, 155, 156, 182, 184, 186, 191, 192, 194, 210, 216, 217, 234, 237, 238, 239, 241, 266, 270, 271, 275, 276, 277, 278, 334, 336, 337, 338, 341, 343, 346, 347, 348, 350, 351, 354, 355, 372, 373, 375]	experiments/e117_c4_iptm80_af2traj_af3/out_s4/ova_body_c4_53/seed-1_sample-2/ova_body_c4_53_seed-1_sample-2_summary_confidences.json	experiments/e117_c4_iptm80_af2traj_af3/out_s4/ova_body_c4_53/seed-1_sample-2/ova_body_c4_53_seed-1_sample-2_model.cif
ova_body_c4_53	seed-1_sample-3	4	0.31	0.47	85.64870441021696	nan	nan	0.34	0.0	4	4	1	0	319	319	0	0.37	0.28	18.07	"{""A-B"": 111, ""A-C"": 48, ""A-D"": 1, ""B-C"": 1, ""B-D"": 53, ""C-D"": 105}"	[1, 2, 3, 64, 65, 68, 70, 72, 73, 74, 78, 79, 82, 83, 86, 89, 90, 93, 94, 95, 96, 97, 124, 131, 144, 145, 148, 149, 152, 153, 155, 156, 182, 184, 186, 187, 191, 192, 194, 196, 210, 216, 217, 234, 237, 238, 239, 241, 266, 270, 271, 275, 276, 277, 278, 285, 287, 334, 336, 337, 338, 341, 343, 346, 347, 348, 349, 350, 351, 354, 355, 372, 373, 375]	experiments/e117_c4_iptm80_af2traj_af3/out_s4/ova_body_c4_53/seed-1_sample-3/ova_body_c4_53_seed-1_sample-3_summary_confidences.json	experiments/e117_c4_iptm80_af2traj_af3/out_s4/ova_body_c4_53/seed-1_sample-3/ova_body_c4_53_seed-1_sample-3_model.cif
ova_body_c4_53	seed-1_sample-4	4	0.33	0.48	85.757020648897	nan	nan	0.36	0.0	4	4	1	0	389	389	0	0.4	0.30000000000000004	16.995	"{""A-B"": 132, ""A-C"": 58, ""A-D"": 2, ""B-C"": 2, ""B-D"": 65, ""C-D"": 130}"	[1, 2, 3, 4, 64, 65, 68, 70, 72, 73, 74, 78, 79, 82, 83, 85, 86, 89, 90, 93, 94, 95, 96, 97, 99, 123, 124, 125, 131, 133, 145, 148, 149, 151, 152, 153, 155, 156, 182, 184, 186, 189, 191, 192, 194, 210, 216, 217, 234, 237, 238, 239, 241, 266, 270, 271, 275, 276, 277, 278, 334, 336, 337, 338, 342, 343, 344, 345, 346, 347, 348, 349, 350, 351, 354, 355, 372, 373, 375]	experiments/e117_c4_iptm80_af2traj_af3/out_s4/ova_body_c4_53/seed-1_sample-4/ova_body_c4_53_seed-1_sample-4_summary_confidences.json	experiments/e117_c4_iptm80_af2traj_af3/out_s4/ova_body_c4_53/seed-1_sample-4/ova_body_c4_53_seed-1_sample-4_model.cif
ova_body_c4_54	seed-1_sample-0	4	0.84	0.87	90.32279791362545	nan	nan	0.85	0.0	6	4	1	0	180	180	0	0.8	0.8	2.465	"{""A-B"": 8, ""A-C"": 54, ""A-D"": 30, ""B-C"": 29, ""B-D"": 51, ""C-D"": 8}"	[86, 90, 95, 96, 97, 98, 99, 182, 184, 190, 191, 192, 193, 216, 217, 236, 237, 238, 271, 272, 276, 278, 337, 338, 339, 340, 341, 342, 343, 344, 345, 346, 347, 348, 349, 350, 351, 354, 373, 374]	experiments/e117_c4_iptm80_af2traj_af3/out_s5/ova_body_c4_54/seed-1_sample-0/ova_body_c4_54_seed-1_sample-0_summary_confidences.json	experiments/e117_c4_iptm80_af2traj_af3/out_s5/ova_body_c4_54/seed-1_sample-0/ova_body_c4_54_seed-1_sample-0_model.cif
ova_body_c4_54	seed-1_sample-1	4	0.84	0.87	90.24629536564485	nan	nan	0.85	0.0	6	4	1	0	194	194	0	0.81	0.8	2.4400000000000004	"{""A-B"": 9, ""A-C"": 52, ""A-D"": 35, ""B-C"": 36, ""B-D"": 54, ""C-D"": 8}"	[86, 90, 95, 96, 97, 98, 99, 182, 184, 190, 191, 192, 193, 216, 217, 236, 237, 271, 272, 276, 277, 278, 337, 338, 339, 340, 341, 342, 343, 344, 345, 346, 347, 348, 349, 350, 351, 354, 373, 374]	experiments/e117_c4_iptm80_af2traj_af3/out_s5/ova_body_c4_54/seed-1_sample-1/ova_body_c4_54_seed-1_sample-1_summary_confidences.json	experiments/e117_c4_iptm80_af2traj_af3/out_s5/ova_body_c4_54/seed-1_sample-1/ova_body_c4_54_seed-1_sample-1_model.cif
ova_body_c4_54	seed-1_sample-2	4	0.84	0.87	90.40347139823004	nan	nan	0.85	0.0	6	4	1	0	196	196	0	0.81	0.8	2.4850000000000003	"{""A-B"": 9, ""A-C"": 47, ""A-D"": 41, ""B-C"": 41, ""B-D"": 49, ""C-D"": 9}"	[86, 90, 95, 96, 97, 98, 99, 182, 184, 190, 191, 192, 193, 216, 217, 236, 238, 271, 272, 276, 278, 337, 338, 339, 340, 341, 342, 343, 344, 345, 346, 347, 348, 349, 350, 351, 354, 373, 374]	experiments/e117_c4_iptm80_af2traj_af3/out_s5/ova_body_c4_54/seed-1_sample-2/ova_body_c4_54_seed-1_sample-2_summary_confidences.json	experiments/e117_c4_iptm80_af2traj_af3/out_s5/ova_body_c4_54/seed-1_sample-2/ova_body_c4_54_seed-1_sample-2_model.cif
ova_body_c4_54	seed-1_sample-3	4	0.84	0.87	90.32818634151795	nan	nan	0.85	0.0	6	4	1	0	181	181	0	0.81	0.8	2.44	"{""A-B"": 8, ""A-C"": 48, ""A-D"": 34, ""B-C"": 34, ""B-D"": 49, ""C-D"": 8}"	[86, 90, 95, 96, 97, 98, 99, 182, 184, 187, 188, 190, 191, 192, 193, 216, 217, 236, 271, 272, 276, 277, 278, 337, 338, 339, 340, 341, 342, 343, 344, 345, 346, 347, 348, 349, 350, 351, 354, 373, 374]	experiments/e117_c4_iptm80_af2traj_af3/out_s5/ova_body_c4_54/seed-1_sample-3/ova_body_c4_54_seed-1_sample-3_summary_confidences.json	experiments/e117_c4_iptm80_af2traj_af3/out_s5/ova_body_c4_54/seed-1_sample-3/ova_body_c4_54_seed-1_sample-3_model.cif
ova_body_c4_54	seed-1_sample-4	4	0.84	0.87	90.401813428019	nan	nan	0.85	0.0	6	4	1	0	189	189	0	0.8	0.8	2.465	"{""A-B"": 9, ""A-C"": 60, ""A-D"": 25, ""B-C"": 25, ""B-D"": 60, ""C-D"": 10}"	[86, 90, 95, 96, 97, 98, 99, 182, 184, 190, 191, 192, 193, 216, 217, 236, 237, 271, 272, 276, 278, 337, 338, 339, 340, 341, 342, 343, 344, 345, 346, 347, 348, 349, 350, 351, 354, 373, 374]	experiments/e117_c4_iptm80_af2traj_af3/out_s5/ova_body_c4_54/seed-1_sample-4/ova_body_c4_54_seed-1_sample-4_summary_confidences.json	experiments/e117_c4_iptm80_af2traj_af3/out_s5/ova_body_c4_54/seed-1_sample-4/ova_body_c4_54_seed-1_sample-4_model.cif
ova_body_c4_55	seed-1_sample-0	4	0.77	0.81	89.21826430800047	nan	nan	0.78	0.0	6	4	1	0	168	168	0	0.73	0.72	3.7199999999999998	"{""A-B"": 25, ""A-C"": 45, ""A-D"": 12, ""B-C"": 12, ""B-D"": 48, ""C-D"": 26}"	[82, 83, 86, 90, 94, 95, 96, 97, 98, 99, 182, 184, 190, 191, 192, 193, 217, 236, 271, 272, 276, 278, 338, 339, 340, 342, 343, 344, 345, 346, 347, 348, 349, 350, 353, 354, 355, 373, 374]	experiments/e117_c4_iptm80_af2traj_af3/out_s6/ova_body_c4_55/seed-1_sample-0/ova_body_c4_55_seed-1_sample-0_summary_confidences.json	experiments/e117_c4_iptm80_af2traj_af3/out_s6/ova_body_c4_55/seed-1_sample-0/ova_body_c4_55_seed-1_sample-0_model.cif
ova_body_c4_55	seed-1_sample-1	4	0.77	0.81	89.20955978156371	nan	nan	0.78	0.0	6	4	1	0	178	178	0	0.74	0.72	3.85	"{""A-B"": 27, ""A-C"": 51, ""A-D"": 10, ""B-C"": 11, ""B-D"": 54, ""C-D"": 25}"	[82, 86, 90, 94, 95, 96, 97, 98, 99, 182, 183, 184, 190, 191, 192, 193, 216, 217, 236, 271, 272, 276, 278, 337, 338, 339, 340, 342, 343, 344, 345, 346, 347, 350, 351, 353, 354, 355, 373, 374]	experiments/e117_c4_iptm80_af2traj_af3/out_s6/ova_body_c4_55/seed-1_sample-1/ova_body_c4_55_seed-1_sample-1_summary_confidences.json	experiments/e117_c4_iptm80_af2traj_af3/out_s6/ova_body_c4_55/seed-1_sample-1/ova_body_c4_55_seed-1_sample-1_model.cif
ova_body_c4_55	seed-1_sample-2	4	0.77	0.81	89.37989634182787	nan	nan	0.77	0.0	6	4	1	0	187	187	0	0.74	0.715	3.915	"{""A-B"": 32, ""A-C"": 51, ""A-D"": 10, ""B-C"": 9, ""B-D"": 52, ""C-D"": 33}"	[83, 86, 90, 94, 95, 96, 97, 98, 99, 182, 183, 184, 190, 191, 192, 193, 216, 217, 236, 238, 271, 272, 276, 278, 337, 338, 340, 341, 342, 343, 344, 345, 346, 347, 348, 350, 353, 354, 355, 373, 374]	experiments/e117_c4_iptm80_af2traj_af3/out_s6/ova_body_c4_55/seed-1_sample-2/ova_body_c4_55_seed-1_sample-2_summary_confidences.json	experiments/e117_c4_iptm80_af2traj_af3/out_s6/ova_body_c4_55/seed-1_sample-2/ova_body_c4_55_seed-1_sample-2_model.cif
ova_body_c4_55	seed-1_sample-3	4	0.78	0.82	88.76658036424706	nan	nan	0.79	0.0	6	4	1	0	193	193	0	0.74	0.73	3.615	"{""A-B"": 27, ""A-C"": 51, ""A-D"": 18, ""B-C"": 18, ""B-D"": 49, ""C-D"": 30}"	[1, 82, 83, 86, 90, 94, 95, 96, 97, 98, 99, 182, 184, 190, 191, 192, 193, 217, 236, 266, 270, 271, 272, 278, 337, 338, 339, 340, 342, 343, 344, 345, 346, 347, 349, 350, 352, 353, 354, 356, 373, 374]	experiments/e117_c4_iptm80_af2traj_af3/out_s6/ova_body_c4_55/seed-1_sample-3/ova_body_c4_55_seed-1_sample-3_summary_confidences.json	experiments/e117_c4_iptm80_af2traj_af3/out_s6/ova_body_c4_55/seed-1_sample-3/ova_body_c4_55_seed-1_sample-3_model.cif
ova_body_c4_55	seed-1_sample-4	4	0.76	0.81	89.42655430927178	nan	nan	0.77	0.0	6	4	1	0	195	195	0	0.73	0.71	3.9400000000000004	"{""A-B"": 35, ""A-C"": 51, ""A-D"": 11, ""B-C"": 13, ""B-D"": 52, ""C-D"": 33}"	[82, 86, 87, 90, 94, 95, 96, 97, 98, 99, 182, 183, 184, 190, 191, 192, 193, 216, 217, 236, 271, 272, 276, 278, 337, 338, 339, 340, 342, 343, 344, 345, 346, 347, 349, 350, 351, 353, 354, 355, 373, 374]	experiments/e117_c4_iptm80_af2traj_af3/out_s6/ova_body_c4_55/seed-1_sample-4/ova_body_c4_55_seed-1_sample-4_summary_confidences.json	experiments/e117_c4_iptm80_af2traj_af3/out_s6/ova_body_c4_55/seed-1_sample-4/ova_body_c4_55_seed-1_sample-4_model.cif
ova_body_c4_56	seed-1_sample-0	4	0.79	0.83	89.35300504852454	nan	nan	0.8	0.0	6	4	1	0	184	184	0	0.75	0.75	3.13	"{""A-B"": 11, ""A-C"": 49, ""A-D"": 32, ""B-C"": 31, ""B-D"": 49, ""C-D"": 12}"	[83, 86, 87, 90, 94, 95, 96, 97, 98, 99, 182, 184, 190, 191, 192, 193, 216, 217, 236, 271, 272, 276, 278, 338, 339, 340, 342, 343, 344, 345, 346, 347, 348, 349, 350, 351, 354, 355, 373, 374]	experiments/e117_c4_iptm80_af2traj_af3/out_s7/ova_body_c4_56/seed-1_sample-0/ova_body_c4_56_seed-1_sample-0_summary_confidences.json	experiments/e117_c4_iptm80_af2traj_af3/out_s7/ova_body_c4_56/seed-1_sample-0/ova_body_c4_56_seed-1_sample-0_model.cif
ova_body_c4_56	seed-1_sample-1	4	0.8	0.84	89.44694291742354	nan	nan	0.81	0.0	6	4	1	0	194	194	0	0.76	0.76	2.97	"{""A-B"": 12, ""A-C"": 51, ""A-D"": 32, ""B-C"": 33, ""B-D"": 54, ""C-D"": 12}"	[86, 87, 90, 94, 95, 96, 97, 98, 99, 182, 183, 184, 190, 191, 192, 193, 216, 217, 236, 271, 272, 276, 277, 278, 337, 338, 339, 340, 342, 343, 344, 345, 346, 347, 348, 349, 350, 351, 354, 355, 373, 374]	experiments/e117_c4_iptm80_af2traj_af3/out_s7/ova_body_c4_56/seed-1_sample-1/ova_body_c4_56_seed-1_sample-1_summary_confidences.json	experiments/e117_c4_iptm80_af2traj_af3/out_s7/ova_body_c4_56/seed-1_sample-1/ova_body_c4_56_seed-1_sample-1_model.cif
ova_body_c4_56	seed-1_sample-2	4	0.8	0.84	89.64375646126703	nan	nan	0.81	0.0	6	4	1	0	213	213	0	0.76	0.75	3.0949999999999998	"{""A-B"": 15, ""A-C"": 60, ""A-D"": 29, ""B-C"": 34, ""B-D"": 60, ""C-D"": 15}"	[82, 83, 86, 87, 90, 94, 95, 96, 97, 98, 99, 182, 183, 184, 190, 191, 192, 193, 216, 217, 236, 271, 272, 276, 277, 278, 337, 338, 339, 340, 342, 343, 344, 345, 346, 347, 348, 349, 350, 351, 353, 354, 355, 373, 374]	experiments/e117_c4_iptm80_af2traj_af3/out_s7/ova_body_c4_56/seed-1_sample-2/ova_body_c4_56_seed-1_sample-2_summary_confidences.json	experiments/e117_c4_iptm80_af2traj_af3/out_s7/ova_body_c4_56/seed-1_sample-2/ova_body_c4_56_seed-1_sample-2_model.cif
ova_body_c4_56	seed-1_sample-3	4	0.8	0.84	89.45437823676075	nan	nan	0.81	0.0	6	4	1	0	200	200	0	0.76	0.76	2.985	"{""A-B"": 12, ""A-C"": 53, ""A-D"": 35, ""B-C"": 36, ""B-D"": 53, ""C-D"": 11}"	[86, 87, 90, 94, 95, 96, 97, 98, 99, 182, 183, 184, 190, 191, 192, 193, 216, 217, 236, 271, 272, 277, 278, 337, 338, 339, 340, 342, 343, 344, 345, 346, 347, 348, 349, 350, 351, 354, 355, 373, 374]	experiments/e117_c4_iptm80_af2traj_af3/out_s7/ova_body_c4_56/seed-1_sample-3/ova_body_c4_56_seed-1_sample-3_summary_confidences.json	experiments/e117_c4_iptm80_af2traj_af3/out_s7/ova_body_c4_56/seed-1_sample-3/ova_body_c4_56_seed-1_sample-3_model.cif
ova_body_c4_56	seed-1_sample-4	4	0.81	0.84	89.00955959181711	nan	nan	0.82	0.0	6	4	1	0	201	201	0	0.77	0.76	2.9050000000000002	"{""A-B"": 20, ""A-C"": 51, ""A-D"": 31, ""B-C"": 31, ""B-D"": 51, ""C-D"": 17}"	[1, 82, 83, 86, 87, 90, 94, 95, 96, 97, 98, 99, 182, 183, 184, 190, 191, 192, 193, 216, 217, 236, 270, 271, 272, 277, 278, 337, 338, 339, 340, 342, 343, 344, 345, 346, 347, 348, 349, 350, 351, 354, 355, 373, 374]	experiments/e117_c4_iptm80_af2traj_af3/out_s7/ova_body_c4_56/seed-1_sample-4/ova_body_c4_56_seed-1_sample-4_summary_confidences.json	experiments/e117_c4_iptm80_af2traj_af3/out_s7/ova_body_c4_56/seed-1_sample-4/ova_body_c4_56_seed-1_sample-4_model.cif
ova_body_c4_57	seed-1_sample-0	4	0.79	0.83	89.62121759918688	nan	nan	0.8	0.0	6	4	1	0	193	193	0	0.76	0.74	3.4000000000000004	"{""A-B"": 8, ""A-C"": 59, ""A-D"": 29, ""B-C"": 29, ""B-D"": 60, ""C-D"": 8}"	[86, 90, 95, 96, 97, 98, 99, 182, 184, 190, 191, 192, 193, 216, 217, 236, 237, 271, 272, 276, 277, 278, 337, 338, 339, 340, 341, 342, 343, 344, 345, 346, 347, 348, 349, 350, 351, 354, 373, 374]	experiments/e117_c4_iptm80_af2traj_af3/out_s0/ova_body_c4_57/seed-1_sample-0/ova_body_c4_57_seed-1_sample-0_summary_confidences.json	experiments/e117_c4_iptm80_af2traj_af3/out_s0/ova_body_c4_57/seed-1_sample-0/ova_body_c4_57_seed-1_sample-0_model.cif
ova_body_c4_57	seed-1_sample-1	4	0.8	0.83	89.68404131479214	nan	nan	0.8	0.0	6	4	1	0	205	205	0	0.76	0.75	3.325	"{""A-B"": 8, ""A-C"": 62, ""A-D"": 32, ""B-C"": 34, ""B-D"": 61, ""C-D"": 8}"	[86, 90, 94, 95, 96, 97, 98, 99, 182, 184, 190, 191, 192, 193, 216, 217, 236, 237, 271, 272, 276, 277, 278, 337, 338, 339, 340, 341, 342, 343, 344, 345, 346, 347, 348, 349, 350, 351, 354, 355, 373, 374]	experiments/e117_c4_iptm80_af2traj_af3/out_s0/ova_body_c4_57/seed-1_sample-1/ova_body_c4_57_seed-1_sample-1_summary_confidences.json	experiments/e117_c4_iptm80_af2traj_af3/out_s0/ova_body_c4_57/seed-1_sample-1/ova_body_c4_57_seed-1_sample-1_model.cif
ova_body_c4_57	seed-1_sample-2	4	0.8	0.84	89.82598420375369	nan	nan	0.81	0.0	6	4	1	0	208	208	0	0.76	0.75	3.2649999999999997	"{""A-B"": 8, ""A-C"": 66, ""A-D"": 30, ""B-C"": 30, ""B-D"": 66, ""C-D"": 8}"	[86, 90, 94, 95, 96, 97, 98, 99, 182, 184, 190, 191, 192, 193, 216, 217, 236, 237, 271, 272, 276, 277, 278, 337, 338, 339, 340, 341, 342, 343, 344, 345, 346, 347, 348, 349, 350, 351, 354, 373, 374]	experiments/e117_c4_iptm80_af2traj_af3/out_s0/ova_body_c4_57/seed-1_sample-2/ova_body_c4_57_seed-1_sample-2_summary_confidences.json	experiments/e117_c4_iptm80_af2traj_af3/out_s0/ova_body_c4_57/seed-1_sample-2/ova_body_c4_57_seed-1_sample-2_model.cif
ova_body_c4_57	seed-1_sample-3	4	0.8	0.84	89.71365310985189	nan	nan	0.81	0.0	6	4	1	0	208	208	0	0.76	0.75	3.22	"{""A-B"": 8, ""A-C"": 64, ""A-D"": 32, ""B-C"": 32, ""B-D"": 64, ""C-D"": 8}"	[86, 90, 95, 96, 97, 98, 99, 182, 184, 190, 191, 192, 193, 216, 217, 236, 237, 271, 272, 276, 277, 278, 337, 338, 339, 340, 341, 342, 343, 344, 345, 346, 347, 348, 349, 350, 351, 354, 373, 374]	experiments/e117_c4_iptm80_af2traj_af3/out_s0/ova_body_c4_57/seed-1_sample-3/ova_body_c4_57_seed-1_sample-3_summary_confidences.json	experiments/e117_c4_iptm80_af2traj_af3/out_s0/ova_body_c4_57/seed-1_sample-3/ova_body_c4_57_seed-1_sample-3_model.cif
ova_body_c4_57	seed-1_sample-4	4	0.81	0.84	89.93015547243425	nan	nan	0.81	0.0	6	4	1	0	209	209	0	0.77	0.76	3.0549999999999997	"{""A-B"": 8, ""A-C"": 66, ""A-D"": 31, ""B-C"": 30, ""B-D"": 66, ""C-D"": 8}"	[86, 90, 95, 96, 97, 98, 99, 182, 184, 190, 191, 192, 193, 216, 217, 236, 237, 271, 272, 276, 277, 278, 337, 338, 339, 340, 341, 342, 343, 344, 345, 346, 347, 348, 349, 350, 351, 354, 355, 373, 374]	experiments/e117_c4_iptm80_af2traj_af3/out_s0/ova_body_c4_57/seed-1_sample-4/ova_body_c4_57_seed-1_sample-4_summary_confidences.json	experiments/e117_c4_iptm80_af2traj_af3/out_s0/ova_body_c4_57/seed-1_sample-4/ova_body_c4_57_seed-1_sample-4_model.cif
ova_body_c4_58	seed-1_sample-0	4	0.83	0.86	90.04580333689951	nan	nan	0.83	0.0	6	4	1	0	184	184	0	0.79	0.79	2.5999999999999996	"{""A-B"": 19, ""A-C"": 53, ""A-D"": 21, ""B-C"": 21, ""B-D"": 53, ""C-D"": 17}"	[82, 83, 86, 87, 90, 93, 94, 95, 96, 97, 98, 99, 182, 183, 184, 190, 191, 192, 193, 216, 217, 236, 271, 272, 275, 276, 278, 337, 338, 339, 340, 341, 342, 343, 344, 345, 346, 347, 350, 353, 354, 373, 374]	experiments/e117_c4_iptm80_af2traj_af3/out_s1/ova_body_c4_58/seed-1_sample-0/ova_body_c4_58_seed-1_sample-0_summary_confidences.json	experiments/e117_c4_iptm80_af2traj_af3/out_s1/ova_body_c4_58/seed-1_sample-0/ova_body_c4_58_seed-1_sample-0_model.cif
ova_body_c4_58	seed-1_sample-1	4	0.83	0.86	90.05145075901802	nan	nan	0.83	0.0	6	4	1	0	199	199	0	0.79	0.79	2.62	"{""A-B"": 26, ""A-C"": 52, ""A-D"": 23, ""B-C"": 23, ""B-D"": 52, ""C-D"": 23}"	[83, 86, 87, 90, 93, 94, 95, 96, 97, 98, 99, 182, 183, 184, 190, 191, 192, 193, 216, 217, 234, 236, 238, 239, 271, 272, 276, 278, 337, 338, 339, 340, 341, 342, 343, 344, 345, 346, 347, 350, 353, 354, 373, 374]	experiments/e117_c4_iptm80_af2traj_af3/out_s1/ova_body_c4_58/seed-1_sample-1/ova_body_c4_58_seed-1_sample-1_summary_confidences.json	experiments/e117_c4_iptm80_af2traj_af3/out_s1/ova_body_c4_58/seed-1_sample-1/ova_body_c4_58_seed-1_sample-1_model.cif
ova_body_c4_58	seed-1_sample-2	4	0.83	0.86	90.23875651581918	nan	nan	0.83	0.0	6	4	1	0	200	200	0	0.79	0.79	2.615	"{""A-B"": 21, ""A-C"": 56, ""A-D"": 23, ""B-C"": 23, ""B-D"": 56, ""C-D"": 21}"	[82, 83, 86, 87, 90, 93, 94, 95, 96, 97, 98, 99, 182, 183, 184, 190, 191, 192, 193, 216, 217, 236, 271, 272, 276, 278, 337, 338, 339, 340, 341, 342, 343, 344, 345, 346, 347, 350, 353, 354, 373, 374]	experiments/e117_c4_iptm80_af2traj_af3/out_s1/ova_body_c4_58/seed-1_sample-2/ova_body_c4_58_seed-1_sample-2_summary_confidences.json	experiments/e117_c4_iptm80_af2traj_af3/out_s1/ova_body_c4_58/seed-1_sample-2/ova_body_c4_58_seed-1_sample-2_model.cif
ova_body_c4_58	seed-1_sample-3	4	0.83	0.86	90.1075389743469	nan	nan	0.84	0.0	6	4	1	0	185	185	0	0.79	0.79	2.545	"{""A-B"": 18, ""A-C"": 55, ""A-D"": 20, ""B-C"": 20, ""B-D"": 55, ""C-D"": 17}"	[83, 86, 87, 90, 93, 94, 95, 96, 97, 98, 99, 182, 183, 184, 190, 191, 192, 193, 216, 217, 236, 239, 271, 272, 276, 278, 337, 338, 339, 340, 341, 342, 343, 344, 345, 346, 347, 350, 353, 354, 373, 374]	experiments/e117_c4_iptm80_af2traj_af3/out_s1/ova_body_c4_58/seed-1_sample-3/ova_body_c4_58_seed-1_sample-3_summary_confidences.json	experiments/e117_c4_iptm80_af2traj_af3/out_s1/ova_body_c4_58/seed-1_sample-3/ova_body_c4_58_seed-1_sample-3_model.cif
ova_body_c4_58	seed-1_sample-4	4	0.83	0.86	90.10417099196677	nan	nan	0.83	0.0	6	4	1	0	197	197	0	0.79	0.79	2.545	"{""A-B"": 21, ""A-C"": 55, ""A-D"": 23, ""B-C"": 23, ""B-D"": 55, ""C-D"": 20}"	[83, 86, 87, 90, 93, 94, 95, 96, 97, 98, 99, 182, 183, 184, 190, 191, 192, 193, 215, 216, 217, 236, 271, 272, 275, 276, 278, 337, 338, 339, 340, 341, 342, 343, 344, 345, 346, 347, 350, 353, 354, 373, 374]	experiments/e117_c4_iptm80_af2traj_af3/out_s1/ova_body_c4_58/seed-1_sample-4/ova_body_c4_58_seed-1_sample-4_summary_confidences.json	experiments/e117_c4_iptm80_af2traj_af3/out_s1/ova_body_c4_58/seed-1_sample-4/ova_body_c4_58_seed-1_sample-4_model.cif
ova_body_c4_59	seed-1_sample-0	4	0.3	0.46	86.19715037864725	nan	nan	0.33	0.0	4	4	1	0	273	273	0	0.41	0.285	17.34	"{""A-B"": 0, ""A-C"": 19, ""A-D"": 117, ""B-C"": 113, ""B-D"": 23, ""C-D"": 1}"	[1, 2, 3, 4, 64, 65, 68, 69, 70, 71, 72, 73, 74, 78, 79, 82, 83, 85, 86, 89, 90, 94, 95, 96, 97, 124, 152, 155, 156, 157, 182, 186, 217, 234, 237, 238, 239, 241, 266, 271, 275, 276, 277, 278, 287, 334, 336, 337, 338, 342, 343, 346, 347, 348, 349, 350, 351, 354, 355, 372, 373, 375]	experiments/e117_c4_iptm80_af2traj_af3/out_s2/ova_body_c4_59/seed-1_sample-0/ova_body_c4_59_seed-1_sample-0_summary_confidences.json	experiments/e117_c4_iptm80_af2traj_af3/out_s2/ova_body_c4_59/seed-1_sample-0/ova_body_c4_59_seed-1_sample-0_model.cif
ova_body_c4_59	seed-1_sample-1	4	0.37	0.51	85.48316067117483	nan	nan	0.39	0.0	6	4	1	0	377	377	0	0.44	0.225	19.035	"{""A-B"": 35, ""A-C"": 57, ""A-D"": 96, ""B-C"": 91, ""B-D"": 60, ""C-D"": 38}"	[1, 2, 3, 4, 5, 6, 64, 65, 68, 69, 70, 72, 73, 82, 83, 86, 89, 93, 94, 95, 96, 97, 99, 101, 110, 116, 119, 120, 123, 124, 131, 132, 138, 141, 144, 145, 148, 149, 152, 154, 155, 156, 157, 180, 182, 191, 217, 234, 236, 237, 238, 239, 241, 266, 271, 275, 276, 277, 278, 336, 338, 339, 340, 341, 342, 343, 344, 345, 346, 347, 348, 349, 350, 351, 354, 355, 372, 373, 375]	experiments/e117_c4_iptm80_af2traj_af3/out_s2/ova_body_c4_59/seed-1_sample-1/ova_body_c4_59_seed-1_sample-1_summary_confidences.json	experiments/e117_c4_iptm80_af2traj_af3/out_s2/ova_body_c4_59/seed-1_sample-1/ova_body_c4_59_seed-1_sample-1_model.cif
ova_body_c4_59	seed-1_sample-2	4	0.37	0.51	85.81505173599164	nan	nan	0.4	0.0	6	4	1	0	326	326	0	0.44	0.22	18.63	"{""A-B"": 26, ""A-C"": 33, ""A-D"": 101, ""B-C"": 100, ""B-D"": 38, ""C-D"": 28}"	[1, 2, 3, 4, 5, 6, 64, 65, 68, 69, 70, 71, 72, 79, 82, 83, 86, 89, 93, 94, 95, 96, 97, 98, 99, 101, 116, 119, 120, 123, 124, 132, 134, 138, 141, 145, 148, 149, 152, 155, 156, 180, 182, 217, 219, 234, 236, 237, 238, 239, 241, 266, 271, 272, 275, 276, 277, 278, 338, 341, 342, 343, 344, 345, 346, 347, 348, 349, 350, 351, 354, 355, 372, 373, 375]	experiments/e117_c4_iptm80_af2traj_af3/out_s2/ova_body_c4_59/seed-1_sample-2/ova_body_c4_59_seed-1_sample-2_summary_confidences.json	experiments/e117_c4_iptm80_af2traj_af3/out_s2/ova_body_c4_59/seed-1_sample-2/ova_body_c4_59_seed-1_sample-2_model.cif
ova_body_c4_59	seed-1_sample-3	4	0.36	0.51	85.8461658102243	nan	nan	0.39	0.0	6	4	1	0	363	363	0	0.43	0.22	19.035	"{""A-B"": 33, ""A-C"": 44, ""A-D"": 101, ""B-C"": 106, ""B-D"": 40, ""C-D"": 39}"	[1, 2, 3, 4, 5, 6, 64, 65, 68, 69, 70, 71, 72, 79, 82, 83, 86, 89, 90, 93, 94, 95, 96, 97, 99, 101, 110, 116, 119, 120, 123, 124, 127, 131, 132, 134, 138, 141, 142, 144, 145, 148, 149, 152, 153, 155, 156, 157, 182, 217, 219, 234, 236, 237, 238, 239, 241, 266, 271, 274, 275, 276, 277, 278, 338, 340, 341, 342, 343, 344, 345, 346, 348, 349, 350, 351, 354, 372, 373, 374, 375]	experiments/e117_c4_iptm80_af2traj_af3/out_s2/ova_body_c4_59/seed-1_sample-3/ova_body_c4_59_seed-1_sample-3_summary_confidences.json	experiments/e117_c4_iptm80_af2traj_af3/out_s2/ova_body_c4_59/seed-1_sample-3/ova_body_c4_59_seed-1_sample-3_model.cif
ova_body_c4_59	seed-1_sample-4	4	0.3	0.46	85.97891188903176	nan	nan	0.33	0.0	4	4	1	0	304	304	0	0.4	0.28	17.395	"{""A-B"": 1, ""A-C"": 40, ""A-D"": 111, ""B-C"": 109, ""B-D"": 42, ""C-D"": 1}"	[1, 2, 3, 64, 65, 68, 69, 70, 71, 78, 79, 82, 83, 85, 86, 89, 90, 94, 95, 96, 97, 124, 125, 131, 141, 148, 149, 152, 153, 155, 156, 157, 182, 186, 191, 192, 196, 210, 216, 217, 219, 234, 237, 238, 239, 241, 266, 271, 275, 276, 277, 278, 285, 287, 334, 336, 337, 338, 342, 343, 344, 345, 349, 350, 351, 354, 372, 373, 375]	experiments/e117_c4_iptm80_af2traj_af3/out_s2/ova_body_c4_59/seed-1_sample-4/ova_body_c4_59_seed-1_sample-4_summary_confidences.json	experiments/e117_c4_iptm80_af2traj_af3/out_s2/ova_body_c4_59/seed-1_sample-4/ova_body_c4_59_seed-1_sample-4_model.cif
ova_body_c4_60	seed-1_sample-0	4	0.3	0.46	85.45056999285605	nan	nan	0.33	0.0	4	4	1	0	335	335	0	0.38	0.275	17.580000000000002	"{""A-B"": 145, ""A-C"": 0, ""A-D"": 14, ""B-C"": 27, ""B-D"": 0, ""C-D"": 149}"	[1, 2, 3, 4, 64, 65, 68, 69, 70, 71, 73, 74, 78, 79, 82, 83, 85, 86, 89, 90, 94, 95, 96, 97, 124, 125, 131, 148, 149, 152, 155, 156, 157, 182, 186, 191, 192, 210, 216, 217, 219, 234, 237, 238, 239, 241, 266, 270, 271, 275, 276, 277, 278, 287, 334, 336, 338, 342, 343, 344, 346, 347, 348, 349, 350, 351, 354, 355, 372, 373, 375]	experiments/e117_c4_iptm80_af2traj_af3/out_s3/ova_body_c4_60/seed-1_sample-0/ova_body_c4_60_seed-1_sample-0_summary_confidences.json	experiments/e117_c4_iptm80_af2traj_af3/out_s3/ova_body_c4_60/seed-1_sample-0/ova_body_c4_60_seed-1_sample-0_model.cif
ova_body_c4_60	seed-1_sample-1	4	0.31	0.47	85.25559588417488	nan	nan	0.35	0.0	4	4	1	0	319	319	0	0.39	0.29000000000000004	17.305	"{""A-B"": 115, ""A-C"": 1, ""A-D"": 42, ""B-C"": 41, ""B-D"": 1, ""C-D"": 119}"	[1, 2, 3, 4, 64, 65, 68, 70, 72, 73, 78, 79, 82, 83, 85, 86, 89, 90, 94, 95, 96, 97, 99, 124, 125, 131, 141, 148, 149, 152, 153, 155, 156, 157, 182, 184, 186, 191, 192, 196, 210, 216, 217, 234, 237, 238, 239, 241, 266, 270, 271, 272, 275, 276, 277, 278, 285, 287, 334, 336, 337, 338, 342, 343, 344, 347, 348, 350, 351, 354, 355, 372, 373, 375]	experiments/e117_c4_iptm80_af2traj_af3/out_s3/ova_body_c4_60/seed-1_sample-1/ova_body_c4_60_seed-1_sample-1_summary_confidences.json	experiments/e117_c4_iptm80_af2traj_af3/out_s3/ova_body_c4_60/seed-1_sample-1/ova_body_c4_60_seed-1_sample-1_model.cif
ova_body_c4_60	seed-1_sample-2	4	0.3	0.46	85.52292742753893	nan	nan	0.34	0.0	4	4	1	0	313	313	0	0.39	0.28	17.29	"{""A-B"": 121, ""A-C"": 0, ""A-D"": 36, ""B-C"": 31, ""B-D"": 0, ""C-D"": 125}"	[1, 2, 3, 4, 64, 65, 68, 69, 70, 71, 72, 73, 74, 78, 79, 82, 83, 85, 86, 89, 90, 93, 94, 95, 96, 97, 99, 124, 125, 131, 148, 149, 152, 153, 155, 156, 157, 182, 186, 191, 192, 210, 216, 217, 219, 234, 237, 238, 239, 241, 266, 270, 271, 272, 275, 276, 277, 278, 287, 334, 336, 337, 338, 342, 343, 344, 347, 348, 350, 351, 354, 355, 372, 373, 375]	experiments/e117_c4_iptm80_af2traj_af3/out_s3/ova_body_c4_60/seed-1_sample-2/ova_body_c4_60_seed-1_sample-2_summary_confidences.json	experiments/e117_c4_iptm80_af2traj_af3/out_s3/ova_body_c4_60/seed-1_sample-2/ova_body_c4_60_seed-1_sample-2_model.cif
ova_body_c4_60	seed-1_sample-3	4	0.31	0.47	85.33870474662187	nan	nan	0.34	0.0	4	4	1	0	339	339	0	0.4	0.29000000000000004	17.175	"{""A-B"": 131, ""A-C"": 0, ""A-D"": 37, ""B-C"": 42, ""B-D"": 1, ""C-D"": 128}"	[1, 2, 3, 4, 64, 65, 68, 69, 70, 71, 72, 73, 74, 78, 79, 82, 83, 85, 86, 89, 90, 94, 95, 96, 97, 99, 124, 125, 131, 141, 148, 149, 152, 153, 155, 156, 182, 186, 191, 192, 194, 196, 210, 217, 234, 237, 238, 239, 241, 271, 275, 276, 277, 278, 285, 287, 334, 336, 337, 338, 342, 343, 344, 347, 348, 349, 350, 351, 354, 372, 373, 375]	experiments/e117_c4_iptm80_af2traj_af3/out_s3/ova_body_c4_60/seed-1_sample-3/ova_body_c4_60_seed-1_sample-3_summary_confidences.json	experiments/e117_c4_iptm80_af2traj_af3/out_s3/ova_body_c4_60/seed-1_sample-3/ova_body_c4_60_seed-1_sample-3_model.cif
ova_body_c4_60	seed-1_sample-4	4	0.34	0.49	85.10917083463521	nan	nan	0.37	0.0	4	4	1	0	344	344	0	0.42	0.31	16.355	"{""A-B"": 115, ""A-C"": 0, ""A-D"": 60, ""B-C"": 57, ""B-D"": 1, ""C-D"": 111}"	[1, 2, 3, 4, 64, 65, 68, 69, 70, 71, 72, 73, 78, 79, 82, 83, 85, 86, 89, 90, 94, 95, 96, 97, 99, 123, 124, 131, 141, 144, 145, 148, 149, 151, 152, 153, 155, 156, 182, 186, 191, 192, 194, 196, 210, 217, 219, 234, 237, 238, 239, 241, 266, 270, 271, 272, 275, 276, 277, 278, 285, 287, 334, 336, 337, 338, 342, 343, 344, 345, 349, 350, 351, 354, 355, 372, 373, 375]	experiments/e117_c4_iptm80_af2traj_af3/out_s3/ova_body_c4_60/seed-1_sample-4/ova_body_c4_60_seed-1_sample-4_summary_confidences.json	experiments/e117_c4_iptm80_af2traj_af3/out_s3/ova_body_c4_60/seed-1_sample-4/ova_body_c4_60_seed-1_sample-4_model.cif
ova_body_c4_61	seed-1_sample-0	4	0.8	0.84	89.69888610049233	nan	nan	0.81	0.0	6	4	1	0	183	183	0	0.76	0.76	3.05	"{""A-B"": 8, ""A-C"": 59, ""A-D"": 25, ""B-C"": 24, ""B-D"": 59, ""C-D"": 8}"	[86, 90, 95, 96, 97, 98, 99, 182, 184, 190, 191, 192, 193, 216, 217, 236, 271, 272, 276, 277, 278, 337, 338, 339, 340, 341, 342, 343, 344, 345, 346, 347, 348, 349, 350, 351, 354, 373, 374]	experiments/e117_c4_iptm80_af2traj_af3/out_s4/ova_body_c4_61/seed-1_sample-0/ova_body_c4_61_seed-1_sample-0_summary_confidences.json	experiments/e117_c4_iptm80_af2traj_af3/out_s4/ova_body_c4_61/seed-1_sample-0/ova_body_c4_61_seed-1_sample-0_model.cif
ova_body_c4_61	seed-1_sample-1	4	0.81	0.84	89.717642462933	nan	nan	0.82	0.0	6	4	1	0	208	208	0	0.77	0.77	2.9749999999999996	"{""A-B"": 9, ""A-C"": 60, ""A-D"": 32, ""B-C"": 32, ""B-D"": 65, ""C-D"": 10}"	[86, 90, 95, 96, 97, 98, 99, 182, 184, 190, 191, 192, 193, 216, 217, 236, 237, 271, 272, 276, 277, 278, 337, 338, 339, 340, 341, 342, 343, 344, 345, 346, 347, 348, 349, 350, 351, 354, 373, 374]	experiments/e117_c4_iptm80_af2traj_af3/out_s4/ova_body_c4_61/seed-1_sample-1/ova_body_c4_61_seed-1_sample-1_summary_confidences.json	experiments/e117_c4_iptm80_af2traj_af3/out_s4/ova_body_c4_61/seed-1_sample-1/ova_body_c4_61_seed-1_sample-1_model.cif
ova_body_c4_61	seed-1_sample-2	4	0.8	0.84	89.89665778560342	nan	nan	0.81	0.0	6	4	1	0	215	215	0	0.76	0.76	3.11	"{""A-B"": 10, ""A-C"": 68, ""A-D"": 31, ""B-C"": 31, ""B-D"": 66, ""C-D"": 9}"	[82, 86, 90, 95, 96, 97, 98, 99, 182, 184, 188, 190, 191, 192, 193, 216, 217, 236, 237, 271, 272, 276, 277, 278, 337, 338, 339, 340, 341, 342, 343, 344, 345, 346, 347, 348, 349, 350, 351, 354, 373, 374]	experiments/e117_c4_iptm80_af2traj_af3/out_s4/ova_body_c4_61/seed-1_sample-2/ova_body_c4_61_seed-1_sample-2_summary_confidences.json	experiments/e117_c4_iptm80_af2traj_af3/out_s4/ova_body_c4_61/seed-1_sample-2/ova_body_c4_61_seed-1_sample-2_model.cif
ova_body_c4_61	seed-1_sample-3	4	0.8	0.84	89.70691731309644	nan	nan	0.81	0.0	6	4	1	0	202	202	0	0.77	0.76	3.0149999999999997	"{""A-B"": 8, ""A-C"": 60, ""A-D"": 32, ""B-C"": 33, ""B-D"": 61, ""C-D"": 8}"	[86, 90, 95, 96, 97, 98, 99, 182, 184, 190, 191, 192, 193, 216, 217, 236, 271, 272, 276, 277, 278, 337, 338, 339, 340, 341, 342, 343, 344, 345, 346, 347, 348, 349, 350, 351, 354, 373, 374]	experiments/e117_c4_iptm80_af2traj_af3/out_s4/ova_body_c4_61/seed-1_sample-3/ova_body_c4_61_seed-1_sample-3_summary_confidences.json	experiments/e117_c4_iptm80_af2traj_af3/out_s4/ova_body_c4_61/seed-1_sample-3/ova_body_c4_61_seed-1_sample-3_model.cif
ova_body_c4_61	seed-1_sample-4	4	0.82	0.85	89.40365289282923	nan	nan	0.82	0.0	6	4	1	0	201	201	0	0.78	0.77	2.825	"{""A-B"": 17, ""A-C"": 53, ""A-D"": 30, ""B-C"": 30, ""B-D"": 56, ""C-D"": 15}"	[1, 83, 86, 87, 90, 95, 96, 97, 98, 99, 182, 184, 188, 190, 191, 192, 193, 216, 217, 236, 270, 271, 272, 276, 277, 278, 337, 338, 339, 340, 341, 342, 343, 344, 345, 346, 347, 348, 349, 350, 351, 354, 373, 374]	experiments/e117_c4_iptm80_af2traj_af3/out_s4/ova_body_c4_61/seed-1_sample-4/ova_body_c4_61_seed-1_sample-4_summary_confidences.json	experiments/e117_c4_iptm80_af2traj_af3/out_s4/ova_body_c4_61/seed-1_sample-4/ova_body_c4_61_seed-1_sample-4_model.cif
ova_body_c4_62	seed-1_sample-0	4	0.81	0.84	89.61098458482812	nan	nan	0.81	0.0	6	4	1	0	187	187	0	0.76	0.76	3.04	"{""A-B"": 10, ""A-C"": 54, ""A-D"": 29, ""B-C"": 28, ""B-D"": 55, ""C-D"": 11}"	[83, 86, 87, 90, 94, 95, 96, 97, 98, 99, 182, 184, 190, 191, 192, 193, 216, 217, 236, 271, 272, 276, 278, 337, 338, 339, 340, 342, 343, 344, 345, 346, 347, 348, 349, 350, 351, 354, 373, 374]	experiments/e117_c4_iptm80_af2traj_af3/out_s5/ova_body_c4_62/seed-1_sample-0/ova_body_c4_62_seed-1_sample-0_summary_confidences.json	experiments/e117_c4_iptm80_af2traj_af3/out_s5/ova_body_c4_62/seed-1_sample-0/ova_body_c4_62_seed-1_sample-0_model.cif
ova_body_c4_62	seed-1_sample-1	4	0.81	0.85	89.64038859747852	nan	nan	0.82	0.0	6	4	1	0	200	200	0	0.77	0.77	2.89	"{""A-B"": 10, ""A-C"": 55, ""A-D"": 34, ""B-C"": 35, ""B-D"": 56, ""C-D"": 10}"	[86, 90, 94, 95, 96, 97, 98, 99, 182, 184, 190, 191, 192, 193, 216, 217, 236, 271, 272, 276, 277, 278, 337, 338, 339, 340, 342, 343, 344, 345, 346, 347, 348, 349, 350, 351, 354, 373, 374]	experiments/e117_c4_iptm80_af2traj_af3/out_s5/ova_body_c4_62/seed-1_sample-1/ova_body_c4_62_seed-1_sample-1_summary_confidences.json	experiments/e117_c4_iptm80_af2traj_af3/out_s5/ova_body_c4_62/seed-1_sample-1/ova_body_c4_62_seed-1_sample-1_model.cif
ova_body_c4_62	seed-1_sample-2	4	0.8	0.84	89.71963738159812	nan	nan	0.81	0.0	6	4	1	0	212	212	0	0.77	0.76	3.165	"{""A-B"": 15, ""A-C"": 62, ""A-D"": 28, ""B-C"": 28, ""B-D"": 63, ""C-D"": 16}"	[82, 83, 86, 87, 90, 94, 95, 96, 97, 98, 99, 182, 184, 190, 191, 192, 193, 216, 217, 236, 237, 271, 272, 276, 277, 278, 337, 338, 339, 340, 342, 343, 344, 345, 346, 347, 348, 349, 350, 351, 354, 373, 374]	experiments/e117_c4_iptm80_af2traj_af3/out_s5/ova_body_c4_62/seed-1_sample-2/ova_body_c4_62_seed-1_sample-2_summary_confidences.json	experiments/e117_c4_iptm80_af2traj_af3/out_s5/ova_body_c4_62/seed-1_sample-2/ova_body_c4_62_seed-1_sample-2_model.cif
ova_body_c4_62	seed-1_sample-3	4	0.81	0.85	89.69515540562763	nan	nan	0.82	0.0	6	4	1	0	198	198	0	0.77	0.77	2.875	"{""A-B"": 12, ""A-C"": 58, ""A-D"": 29, ""B-C"": 29, ""B-D"": 59, ""C-D"": 11}"	[86, 87, 90, 94, 95, 96, 97, 98, 99, 182, 184, 190, 191, 192, 193, 216, 217, 236, 237, 271, 272, 276, 277, 278, 337, 338, 339, 340, 342, 343, 344, 345, 346, 347, 348, 349, 350, 351, 354, 373, 374]	experiments/e117_c4_iptm80_af2traj_af3/out_s5/ova_body_c4_62/seed-1_sample-3/ova_body_c4_62_seed-1_sample-3_summary_confidences.json	experiments/e117_c4_iptm80_af2traj_af3/out_s5/ova_body_c4_62/seed-1_sample-3/ova_body_c4_62_seed-1_sample-3_model.cif
ova_body_c4_62	seed-1_sample-4	4	0.82	0.85	89.6588083968879	nan	nan	0.82	0.0	6	4	1	0	192	192	0	0.78	0.77	2.7649999999999997	"{""A-B"": 12, ""A-C"": 51, ""A-D"": 32, ""B-C"": 32, ""B-D"": 53, ""C-D"": 12}"	[86, 87, 90, 94, 95, 96, 97, 98, 99, 182, 183, 184, 190, 191, 192, 193, 216, 217, 236, 271, 272, 278, 337, 338, 339, 340, 342, 343, 344, 345, 346, 347, 348, 349, 350, 353, 354, 355, 373, 374]	experiments/e117_c4_iptm80_af2traj_af3/out_s5/ova_body_c4_62/seed-1_sample-4/ova_body_c4_62_seed-1_sample-4_summary_confidences.json	experiments/e117_c4_iptm80_af2traj_af3/out_s5/ova_body_c4_62/seed-1_sample-4/ova_body_c4_62_seed-1_sample-4_model.cif
