candidate	source_model	replicate	seed	atomic_clash_count_2p4	severe_ca_overlap_count_2p5	effective_edges	effective_edge_count	min_chain_degree	valid_c4_network	contact_counts_json	design_interface_edges	background_edges	max_chain_ca_rmsd_to_input	weakest_sc	weakest_hbonds	worst_dG_dSASA_x100	worst_unsat_per_1000A2	all_weakest_sc	all_weakest_hbonds	all_worst_dG_dSASA_x100	all_worst_unsat_per_1000A2	pair_metrics_json
ova_body_c4_12_ms25_r03	AF3	1	7001	0	0	A-B,A-C,A-D,B-C,B-D,C-D	6	3	1	"{""A-B"": 26, ""A-C"": 67, ""A-D"": 35, ""B-C"": 34, ""B-D"": 73, ""C-D"": 26}"	A-D,B-C	A-B,A-C,B-D,C-D	0.23337187146993169	0.6352590918540955	0.0	-2.6871542930603027	8.302932155354833	0.6352590918540955	0.0	-2.5620779991149902	8.345685804082173	"{""A-B"": {""dG_dSASA_ratio"": -2.7551839351654053, ""dG_separated"": -31.332866668701172, ""dSASA_int"": 1137.233154296875, ""delta_unsatHbonds"": 0.0, ""hbonds_int"": 8.0, ""nres_int"": 48.0, ""packstat"": 0.5157555341720581, ""sc_value"": 0.7284753322601318}, ""A-C"": {""dG_dSASA_ratio"": -2.880601644515991, ""dG_separated"": -48.55861282348633, ""dSASA_int"": 1685.7108154296875, ""delta_unsatHbonds"": 12.0, ""hbonds_int"": 6.0, ""nres_int"": 71.0, ""packstat"": 0.6531838774681091, ""sc_value"": 0.6352769136428833}, ""A-D"": {""dG_dSASA_ratio"": -2.7693424224853516, ""dG_separated"": -32.02253723144531, ""dSASA_int"": 1156.32275390625, ""delta_unsatHbonds"": 4.0, ""hbonds_int"": 0.0, ""nres_int"": 40.0, ""packstat"": 0.5076694488525391, ""sc_value"": 0.802794337272644}, ""B-C"": {""dG_dSASA_ratio"": -2.6871542930603027, ""dG_separated"": -32.36391830444336, ""dSASA_int"": 1204.393798828125, ""delta_unsatHbonds"": 10.0, ""hbonds_int"": 0.0, ""nres_int"": 41.0, ""packstat"": 0.47467923164367676, ""sc_value"": 0.6352590918540955}, ""B-D"": {""dG_dSASA_ratio"": -3.085524320602417, ""dG_separated"": -55.45723342895508, ""dSASA_int"": 1797.3358154296875, ""delta_unsatHbonds"": 15.0, ""hbonds_int"": 6.0, ""nres_int"": 78.0, ""packstat"": 0.5988793969154358, ""sc_value"": 0.677447497844696}, ""C-D"": {""dG_dSASA_ratio"": -2.5620779991149902, ""dG_separated"": -28.587665557861328, ""dSASA_int"": 1115.7999267578125, ""delta_unsatHbonds"": 1.0, ""hbonds_int"": 6.0, ""nres_int"": 47.0, ""packstat"": 0.60770183801651, ""sc_value"": 0.698638916015625}}"
ova_body_c4_12_ms25_r03	AF3	2	7002	0	0	A-B,A-C,A-D,B-C,B-D,C-D	6	3	1	"{""A-B"": 26, ""A-C"": 66, ""A-D"": 33, ""B-C"": 34, ""B-D"": 64, ""C-D"": 27}"	A-D,B-C	A-B,A-C,B-D,C-D	0.2265850459049351	0.6542774438858032	0.0	-2.8220582008361816	4.952671915714294	0.6352180242538452	0.0	-2.634946346282959	9.868472334065476	"{""A-B"": {""dG_dSASA_ratio"": -2.6911165714263916, ""dG_separated"": -30.649934768676758, ""dSASA_int"": 1138.929931640625, ""delta_unsatHbonds"": 0.0, ""hbonds_int"": 8.0, ""nres_int"": 48.0, ""packstat"": 0.5798805356025696, ""sc_value"": 0.710090160369873}, ""A-C"": {""dG_dSASA_ratio"": -3.181750535964966, ""dG_separated"": -52.96186065673828, ""dSASA_int"": 1664.551025390625, ""delta_unsatHbonds"": 12.0, ""hbonds_int"": 7.0, ""nres_int"": 73.0, ""packstat"": 0.60972660779953, ""sc_value"": 0.6352180242538452}, ""A-D"": {""dG_dSASA_ratio"": -3.0305473804473877, ""dG_separated"": -33.4437370300293, ""dSASA_int"": 1103.5543212890625, ""delta_unsatHbonds"": 2.0, ""hbonds_int"": 1.0, ""nres_int"": 40.0, ""packstat"": 0.5506872534751892, ""sc_value"": 0.7416214942932129}, ""B-C"": {""dG_dSASA_ratio"": -2.8220582008361816, ""dG_separated"": -34.18831253051758, ""dSASA_int"": 1211.46728515625, ""delta_unsatHbonds"": 6.0, ""hbonds_int"": 0.0, ""nres_int"": 41.0, ""packstat"": 0.5365398526191711, ""sc_value"": 0.6542774438858032}, ""B-D"": {""dG_dSASA_ratio"": -2.949246644973755, ""dG_separated"": -50.80542755126953, ""dSASA_int"": 1722.65771484375, ""delta_unsatHbonds"": 17.0, ""hbonds_int"": 7.0, ""nres_int"": 76.0, ""packstat"": 0.5973605513572693, ""sc_value"": 0.6362571716308594}, ""C-D"": {""dG_dSASA_ratio"": -2.634946346282959, ""dG_separated"": -30.387468338012695, ""dSASA_int"": 1153.248046875, ""delta_unsatHbonds"": 3.0, ""hbonds_int"": 7.0, ""nres_int"": 48.0, ""packstat"": 0.5989550948143005, ""sc_value"": 0.7158647775650024}}"
ova_body_c4_12_ms25_r03	AF3	3	7003	0	0	A-B,A-C,A-D,B-C,B-D,C-D	6	3	1	"{""A-B"": 25, ""A-C"": 72, ""A-D"": 36, ""B-C"": 37, ""B-D"": 72, ""C-D"": 27}"	A-D,B-C	A-B,A-C,B-D,C-D	0.2286835576214155	0.7631685137748718	0.0	-2.868685007095337	3.460071693428863	0.6536615490913391	0.0	-2.6682350635528564	9.082507504370547	"{""A-B"": {""dG_dSASA_ratio"": -2.734403610229492, ""dG_separated"": -30.863908767700195, ""dSASA_int"": 1128.725341796875, ""delta_unsatHbonds"": 0.0, ""hbonds_int"": 8.0, ""nres_int"": 48.0, ""packstat"": 0.5471985936164856, ""sc_value"": 0.7285904884338379}, ""A-C"": {""dG_dSASA_ratio"": -2.9871063232421875, ""dG_separated"": -52.21276092529297, ""dSASA_int"": 1747.937744140625, ""delta_unsatHbonds"": 15.0, ""hbonds_int"": 6.0, ""nres_int"": 72.0, ""packstat"": 0.5858253836631775, ""sc_value"": 0.6858238577842712}, ""A-D"": {""dG_dSASA_ratio"": -2.8711020946502686, ""dG_separated"": -33.19124221801758, ""dSASA_int"": 1156.04541015625, ""delta_unsatHbonds"": 4.0, ""hbonds_int"": 0.0, ""nres_int"": 40.0, ""packstat"": 0.5468519926071167, ""sc_value"": 0.7631685137748718}, ""B-C"": {""dG_dSASA_ratio"": -2.868685007095337, ""dG_separated"": -34.15541458129883, ""dSASA_int"": 1190.6297607421875, ""delta_unsatHbonds"": 4.0, ""hbonds_int"": 0.0, ""nres_int"": 40.0, ""packstat"": 0.5413100719451904, ""sc_value"": 0.764872670173645}, ""B-D"": {""dG_dSASA_ratio"": -3.0187699794769287, ""dG_separated"": -53.179500579833984, ""dSASA_int"": 1761.6280517578125, ""delta_unsatHbonds"": 16.0, ""hbonds_int"": 5.0, ""nres_int"": 76.0, ""packstat"": 0.5664573907852173, ""sc_value"": 0.6536615490913391}, ""C-D"": {""dG_dSASA_ratio"": -2.6682350635528564, ""dG_separated"": -31.744741439819336, ""dSASA_int"": 1189.7281494140625, ""delta_unsatHbonds"": 1.0, ""hbonds_int"": 8.0, ""nres_int"": 48.0, ""packstat"": 0.5913518071174622, ""sc_value"": 0.7214893698692322}}"
ova_body_c4_12_ms25_r03	AF3	4	7004	0	0	A-B,A-C,A-D,B-C,B-D,C-D	6	3	1	"{""A-B"": 26, ""A-C"": 69, ""A-D"": 35, ""B-C"": 35, ""B-D"": 69, ""C-D"": 25}"	A-D,B-C	A-B,A-C,B-D,C-D	0.22779699523232322	0.6553412675857544	0.0	-2.9154958724975586	3.300605285561584	0.6369118690490723	0.0	-2.6009180545806885	12.101565018125758	"{""A-B"": {""dG_dSASA_ratio"": -2.7147226333618164, ""dG_separated"": -30.173053741455078, ""dSASA_int"": 1111.4598388671875, ""delta_unsatHbonds"": 0.0, ""hbonds_int"": 7.0, ""nres_int"": 48.0, ""packstat"": 0.5350698232650757, ""sc_value"": 0.7134697437286377}, ""A-C"": {""dG_dSASA_ratio"": -2.9052574634552, ""dG_separated"": -50.41530227661133, ""dSASA_int"": 1735.312744140625, ""delta_unsatHbonds"": 21.0, ""hbonds_int"": 6.0, ""nres_int"": 73.0, ""packstat"": 0.6772683262825012, ""sc_value"": 0.6485662460327148}, ""A-D"": {""dG_dSASA_ratio"": -3.2404732704162598, ""dG_separated"": -36.6579704284668, ""dSASA_int"": 1131.2535400390625, ""delta_unsatHbonds"": 2.0, ""hbonds_int"": 0.0, ""nres_int"": 40.0, ""packstat"": 0.5298736691474915, ""sc_value"": 0.7486586570739746}, ""B-C"": {""dG_dSASA_ratio"": -2.9154958724975586, ""dG_separated"": -35.33286666870117, ""dSASA_int"": 1211.89892578125, ""delta_unsatHbonds"": 4.0, ""hbonds_int"": 1.0, ""nres_int"": 40.0, ""packstat"": 0.5747384428977966, ""sc_value"": 0.6553412675857544}, ""B-D"": {""dG_dSASA_ratio"": -2.989039182662964, ""dG_separated"": -51.64272689819336, ""dSASA_int"": 1727.73681640625, ""delta_unsatHbonds"": 20.0, ""hbonds_int"": 5.0, ""nres_int"": 76.0, ""packstat"": 0.593887448310852, ""sc_value"": 0.6369118690490723}, ""C-D"": {""dG_dSASA_ratio"": -2.6009180545806885, ""dG_separated"": -29.592037200927734, ""dSASA_int"": 1137.75341796875, ""delta_unsatHbonds"": 3.0, ""hbonds_int"": 5.0, ""nres_int"": 48.0, ""packstat"": 0.5326634645462036, ""sc_value"": 0.7250036001205444}}"
ova_body_c4_12_ms25_r03	AF3	5	7005	0	0	A-B,A-C,A-D,B-C,B-D,C-D	6	3	1	"{""A-B"": 26, ""A-C"": 70, ""A-D"": 35, ""B-C"": 35, ""B-D"": 66, ""C-D"": 28}"	A-D,B-C	A-B,A-C,B-D,C-D	0.2106892598697306	0.7533726692199707	0.0	-2.683600664138794	3.50726107292348	0.6558104753494263	0.0	-2.5933055877685547	8.163690653297408	"{""A-B"": {""dG_dSASA_ratio"": -2.6740400791168213, ""dG_separated"": -29.077974319458008, ""dSASA_int"": 1087.417236328125, ""delta_unsatHbonds"": 2.0, ""hbonds_int"": 6.0, ""nres_int"": 48.0, ""packstat"": 0.6896860003471375, ""sc_value"": 0.734991192817688}, ""A-C"": {""dG_dSASA_ratio"": -3.041524887084961, ""dG_separated"": -52.15943145751953, ""dSASA_int"": 1714.91064453125, ""delta_unsatHbonds"": 14.0, ""hbonds_int"": 6.0, ""nres_int"": 71.0, ""packstat"": 0.5971194505691528, ""sc_value"": 0.6558104753494263}, ""A-D"": {""dG_dSASA_ratio"": -3.0484073162078857, ""dG_separated"": -35.70774459838867, ""dSASA_int"": 1171.357421875, ""delta_unsatHbonds"": 2.0, ""hbonds_int"": 1.0, ""nres_int"": 40.0, ""packstat"": 0.5190176963806152, ""sc_value"": 0.7533726692199707}, ""B-C"": {""dG_dSASA_ratio"": -2.683600664138794, ""dG_separated"": -30.606225967407227, ""dSASA_int"": 1140.4910888671875, ""delta_unsatHbonds"": 4.0, ""hbonds_int"": 0.0, ""nres_int"": 40.0, ""packstat"": 0.5634909272193909, ""sc_value"": 0.7859729528427124}, ""B-D"": {""dG_dSASA_ratio"": -3.0078723430633545, ""dG_separated"": -51.87306213378906, ""dSASA_int"": 1724.57666015625, ""delta_unsatHbonds"": 13.0, ""hbonds_int"": 5.0, ""nres_int"": 75.0, ""packstat"": 0.6169624924659729, ""sc_value"": 0.6611230373382568}, ""C-D"": {""dG_dSASA_ratio"": -2.5933055877685547, ""dG_separated"": -30.812211990356445, ""dSASA_int"": 1188.144287109375, ""delta_unsatHbonds"": 3.0, ""hbonds_int"": 7.0, ""nres_int"": 48.0, ""packstat"": 0.5864303112030029, ""sc_value"": 0.7121953964233398}}"
ova_body_c4_12_ms25_r03	AF3	6	7006	0	0	A-B,A-C,A-D,B-C,B-D,C-D	6	3	1	"{""A-B"": 27, ""A-C"": 72, ""A-D"": 36, ""B-C"": 36, ""B-D"": 73, ""C-D"": 26}"	A-D,B-C	A-B,A-C,B-D,C-D	0.21118257544872435	0.7381243705749512	0.0	-2.8219070434570312	3.480620618619557	0.6615736484527588	0.0	-2.619321346282959	8.919877623895733	"{""A-B"": {""dG_dSASA_ratio"": -2.6797609329223633, ""dG_separated"": -29.763456344604492, ""dSASA_int"": 1110.6759033203125, ""delta_unsatHbonds"": 2.0, ""hbonds_int"": 6.0, ""nres_int"": 48.0, ""packstat"": 0.6018398404121399, ""sc_value"": 0.7224813103675842}, ""A-C"": {""dG_dSASA_ratio"": -2.886150360107422, ""dG_separated"": -50.685142517089844, ""dSASA_int"": 1756.1505126953125, ""delta_unsatHbonds"": 15.0, ""hbonds_int"": 6.0, ""nres_int"": 73.0, ""packstat"": 0.6164753437042236, ""sc_value"": 0.6615736484527588}, ""A-D"": {""dG_dSASA_ratio"": -2.873835325241089, ""dG_separated"": -33.02669906616211, ""dSASA_int"": 1149.2203369140625, ""delta_unsatHbonds"": 4.0, ""hbonds_int"": 0.0, ""nres_int"": 40.0, ""packstat"": 0.4680965542793274, ""sc_value"": 0.7637679576873779}, ""B-C"": {""dG_dSASA_ratio"": -2.8219070434570312, ""dG_separated"": -32.87154006958008, ""dSASA_int"": 1164.86962890625, ""delta_unsatHbonds"": 4.0, ""hbonds_int"": 0.0, ""nres_int"": 40.0, ""packstat"": 0.5292651057243347, ""sc_value"": 0.7381243705749512}, ""B-D"": {""dG_dSASA_ratio"": -3.0024056434631348, ""dG_separated"": -53.85554885864258, ""dSASA_int"": 1793.74658203125, ""delta_unsatHbonds"": 16.0, ""hbonds_int"": 6.0, ""nres_int"": 76.0, ""packstat"": 0.621021568775177, ""sc_value"": 0.6835236549377441}, ""C-D"": {""dG_dSASA_ratio"": -2.619321346282959, ""dG_separated"": -31.40296173095703, ""dSASA_int"": 1198.8968505859375, ""delta_unsatHbonds"": 1.0, ""hbonds_int"": 8.0, ""nres_int"": 48.0, ""packstat"": 0.5713740587234497, ""sc_value"": 0.72698974609375}}"
ova_body_c4_12_ms25_r03	AF3	7	7007	0	0	A-B,A-C,A-D,B-C,B-D,C-D	6	3	1	"{""A-B"": 24, ""A-C"": 70, ""A-D"": 37, ""B-C"": 34, ""B-D"": 70, ""C-D"": 28}"	A-D,B-C	A-B,A-C,B-D,C-D	0.22309773770996214	0.6429104208946228	0.0	-2.7613747119903564	3.328737965603515	0.6270238161087036	0.0	-1.9799450635910034	8.57881954521505	"{""A-B"": {""dG_dSASA_ratio"": -1.9799450635910034, ""dG_separated"": -20.264549255371094, ""dSASA_int"": 1023.490478515625, ""delta_unsatHbonds"": 0.0, ""hbonds_int"": 4.0, ""nres_int"": 47.0, ""packstat"": 0.5410829186439514, ""sc_value"": 0.6270238161087036}, ""A-C"": {""dG_dSASA_ratio"": -2.965545654296875, ""dG_separated"": -51.85233688354492, ""dSASA_int"": 1748.4923095703125, ""delta_unsatHbonds"": 15.0, ""hbonds_int"": 5.0, ""nres_int"": 74.0, ""packstat"": 0.5804039239883423, ""sc_value"": 0.6357682943344116}, ""A-D"": {""dG_dSASA_ratio"": -2.809647560119629, ""dG_separated"": -33.76231384277344, ""dSASA_int"": 1201.6566162109375, ""delta_unsatHbonds"": 4.0, ""hbonds_int"": 0.0, ""nres_int"": 40.0, ""packstat"": 0.5091396570205688, ""sc_value"": 0.7543339729309082}, ""B-C"": {""dG_dSASA_ratio"": -2.7613747119903564, ""dG_separated"": -33.95054244995117, ""dSASA_int"": 1229.479736328125, ""delta_unsatHbonds"": 4.0, ""hbonds_int"": 0.0, ""nres_int"": 40.0, ""packstat"": 0.5514907836914062, ""sc_value"": 0.6429104208946228}, ""B-D"": {""dG_dSASA_ratio"": -3.0100135803222656, ""dG_separated"": -51.754947662353516, ""dSASA_int"": 1719.4256591796875, ""delta_unsatHbonds"": 14.0, ""hbonds_int"": 6.0, ""nres_int"": 76.0, ""packstat"": 0.6031920909881592, ""sc_value"": 0.6510255336761475}, ""C-D"": {""dG_dSASA_ratio"": -2.7276840209960938, ""dG_separated"": -32.87117004394531, ""dSASA_int"": 1205.094482421875, ""delta_unsatHbonds"": 3.0, ""hbonds_int"": 8.0, ""nres_int"": 48.0, ""packstat"": 0.5623477101325989, ""sc_value"": 0.7305315732955933}}"
ova_body_c4_12_ms25_r03	AF3	8	7008	0	0	A-B,A-C,A-D,B-C,B-D,C-D	6	3	1	"{""A-B"": 25, ""A-C"": 62, ""A-D"": 37, ""B-C"": 33, ""B-D"": 70, ""C-D"": 26}"	A-D,B-C	A-B,A-C,B-D,C-D	0.21265953506927235	0.7287777066230774	0.0	-2.2679715156555176	3.301789927243334	0.6162405610084534	0.0	-2.2679715156555176	10.54805672928264	"{""A-B"": {""dG_dSASA_ratio"": -2.643394947052002, ""dG_separated"": -29.03158187866211, ""dSASA_int"": 1098.268798828125, ""delta_unsatHbonds"": 0.0, ""hbonds_int"": 5.0, ""nres_int"": 48.0, ""packstat"": 0.5862350463867188, ""sc_value"": 0.7350721955299377}, ""A-C"": {""dG_dSASA_ratio"": -2.9656074047088623, ""dG_separated"": -48.271121978759766, ""dSASA_int"": 1627.6976318359375, ""delta_unsatHbonds"": 11.0, ""hbonds_int"": 4.0, ""nres_int"": 73.0, ""packstat"": 0.540309727191925, ""sc_value"": 0.6162405610084534}, ""A-D"": {""dG_dSASA_ratio"": -2.9136366844177246, ""dG_separated"": -34.74729919433594, ""dSASA_int"": 1192.5748291015625, ""delta_unsatHbonds"": 2.0, ""hbonds_int"": 0.0, ""nres_int"": 38.0, ""packstat"": 0.5169533491134644, ""sc_value"": 0.756885826587677}, ""B-C"": {""dG_dSASA_ratio"": -2.2679715156555176, ""dG_separated"": -27.47566032409668, ""dSASA_int"": 1211.464111328125, ""delta_unsatHbonds"": 4.0, ""hbonds_int"": 1.0, ""nres_int"": 39.0, ""packstat"": 0.5853830575942993, ""sc_value"": 0.7287777066230774}, ""B-D"": {""dG_dSASA_ratio"": -3.0758070945739746, ""dG_separated"": -52.48789596557617, ""dSASA_int"": 1706.4754638671875, ""delta_unsatHbonds"": 18.0, ""hbonds_int"": 5.0, ""nres_int"": 76.0, ""packstat"": 0.5913854241371155, ""sc_value"": 0.6620733737945557}, ""C-D"": {""dG_dSASA_ratio"": -2.568288803100586, ""dG_separated"": -28.81214714050293, ""dSASA_int"": 1121.8421630859375, ""delta_unsatHbonds"": 3.0, ""hbonds_int"": 5.0, ""nres_int"": 48.0, ""packstat"": 0.5949336886405945, ""sc_value"": 0.7201569080352783}}"
ova_body_c4_12_ms25_r03	AF3	9	7009	0	0	A-B,A-C,A-D,B-C,B-D,C-D	6	3	1	"{""A-B"": 26, ""A-C"": 67, ""A-D"": 37, ""B-C"": 36, ""B-D"": 69, ""C-D"": 26}"	A-D,B-C	A-B,A-C,B-D,C-D	0.2168518482524841	0.7388392686843872	0.0	-2.8196921348571777	3.469747818542185	0.6427353620529175	0.0	-2.5413403511047363	11.158827391118663	"{""A-B"": {""dG_dSASA_ratio"": -2.927593231201172, ""dG_separated"": -32.9524040222168, ""dSASA_int"": 1125.580078125, ""delta_unsatHbonds"": 0.0, ""hbonds_int"": 8.0, ""nres_int"": 48.0, ""packstat"": 0.6059039831161499, ""sc_value"": 0.7350012063980103}, ""A-C"": {""dG_dSASA_ratio"": -2.8887243270874023, ""dG_separated"": -49.18595886230469, ""dSASA_int"": 1702.6878662109375, ""delta_unsatHbonds"": 19.0, ""hbonds_int"": 5.0, ""nres_int"": 72.0, ""packstat"": 0.6608232855796814, ""sc_value"": 0.6427353620529175}, ""A-D"": {""dG_dSASA_ratio"": -3.0784988403320312, ""dG_separated"": -36.119503021240234, ""dSASA_int"": 1173.282958984375, ""delta_unsatHbonds"": 4.0, ""hbonds_int"": 0.0, ""nres_int"": 40.0, ""packstat"": 0.5262638330459595, ""sc_value"": 0.7484387159347534}, ""B-C"": {""dG_dSASA_ratio"": -2.8196921348571777, ""dG_separated"": -32.506019592285156, ""dSASA_int"": 1152.821533203125, ""delta_unsatHbonds"": 4.0, ""hbonds_int"": 0.0, ""nres_int"": 40.0, ""packstat"": 0.5402945280075073, ""sc_value"": 0.7388392686843872}, ""B-D"": {""dG_dSASA_ratio"": -3.0180795192718506, ""dG_separated"": -52.105018615722656, ""dSASA_int"": 1726.4296875, ""delta_unsatHbonds"": 18.0, ""hbonds_int"": 5.0, ""nres_int"": 76.0, ""packstat"": 0.5863894820213318, ""sc_value"": 0.6576722860336304}, ""C-D"": {""dG_dSASA_ratio"": -2.5413403511047363, ""dG_separated"": -28.29958724975586, ""dSASA_int"": 1113.5693359375, ""delta_unsatHbonds"": 1.0, ""hbonds_int"": 5.0, ""nres_int"": 48.0, ""packstat"": 0.6094728112220764, ""sc_value"": 0.7164252996444702}}"
ova_body_c4_12_ms25_r03	AF3	10	7010	0	0	A-B,A-C,A-D,B-C,B-D,C-D	6	3	1	"{""A-B"": 25, ""A-C"": 70, ""A-D"": 37, ""B-C"": 36, ""B-D"": 71, ""C-D"": 27}"	A-D,B-C	A-B,A-C,B-D,C-D	0.22044604860781233	0.7663828134536743	0.0	-2.2323360443115234	3.2406101619553476	0.6519850492477417	0.0	-2.2323360443115234	9.705622011378376	"{""A-B"": {""dG_dSASA_ratio"": -2.8682568073272705, ""dG_separated"": -32.11703872680664, ""dSASA_int"": 1119.74072265625, ""delta_unsatHbonds"": 2.0, ""hbonds_int"": 7.0, ""nres_int"": 48.0, ""packstat"": 0.5969619154930115, ""sc_value"": 0.7327312231063843}, ""A-C"": {""dG_dSASA_ratio"": -2.9823625087738037, ""dG_separated"": -49.73225784301758, ""dSASA_int"": 1667.545654296875, ""delta_unsatHbonds"": 13.0, ""hbonds_int"": 6.0, ""nres_int"": 73.0, ""packstat"": 0.564253032207489, ""sc_value"": 0.6519850492477417}, ""A-D"": {""dG_dSASA_ratio"": -2.8161184787750244, ""dG_separated"": -33.84534454345703, ""dSASA_int"": 1201.8438720703125, ""delta_unsatHbonds"": 2.0, ""hbonds_int"": 0.0, ""nres_int"": 40.0, ""packstat"": 0.5071585774421692, ""sc_value"": 0.773361325263977}, ""B-C"": {""dG_dSASA_ratio"": -2.2323360443115234, ""dG_separated"": -27.554513931274414, ""dSASA_int"": 1234.33544921875, ""delta_unsatHbonds"": 4.0, ""hbonds_int"": 0.0, ""nres_int"": 40.0, ""packstat"": 0.5081666111946106, ""sc_value"": 0.7663828134536743}, ""B-D"": {""dG_dSASA_ratio"": -3.01050066947937, ""dG_separated"": -52.73079299926758, ""dSASA_int"": 1751.5621337890625, ""delta_unsatHbonds"": 17.0, ""hbonds_int"": 5.0, ""nres_int"": 76.0, ""packstat"": 0.6266111135482788, ""sc_value"": 0.659537672996521}, ""C-D"": {""dG_dSASA_ratio"": -2.655139207839966, ""dG_separated"": -31.071619033813477, ""dSASA_int"": 1170.2445068359375, ""delta_unsatHbonds"": 1.0, ""hbonds_int"": 8.0, ""nres_int"": 48.0, ""packstat"": 0.5563832521438599, ""sc_value"": 0.7192730903625488}}"
ova_body_c4_12_ms25_r03	AF3	11	7011	0	0	A-B,A-C,A-D,B-C,B-D,C-D	6	3	1	"{""A-B"": 27, ""A-C"": 68, ""A-D"": 36, ""B-C"": 36, ""B-D"": 68, ""C-D"": 27}"	A-D,B-C	A-B,A-C,B-D,C-D	0.23063412738121808	0.6249877214431763	0.0	-2.8658394813537598	4.875510903490138	0.6249877214431763	0.0	-2.6534907817840576	12.1237876265229	"{""A-B"": {""dG_dSASA_ratio"": -2.847811698913574, ""dG_separated"": -32.0679817199707, ""dSASA_int"": 1126.0570068359375, ""delta_unsatHbonds"": 2.0, ""hbonds_int"": 7.0, ""nres_int"": 48.0, ""packstat"": 0.61041659116745, ""sc_value"": 0.7280806303024292}, ""A-C"": {""dG_dSASA_ratio"": -2.9825472831726074, ""dG_separated"": -51.661651611328125, ""dSASA_int"": 1732.1319580078125, ""delta_unsatHbonds"": 21.0, ""hbonds_int"": 5.0, ""nres_int"": 74.0, ""packstat"": 0.5707746744155884, ""sc_value"": 0.6410248279571533}, ""A-D"": {""dG_dSASA_ratio"": -2.8658394813537598, ""dG_separated"": -33.48973846435547, ""dSASA_int"": 1168.583740234375, ""delta_unsatHbonds"": 2.0, ""hbonds_int"": 0.0, ""nres_int"": 40.0, ""packstat"": 0.5114421248435974, ""sc_value"": 0.7580591440200806}, ""B-C"": {""dG_dSASA_ratio"": -2.960954427719116, ""dG_separated"": -36.438697814941406, ""dSASA_int"": 1230.6402587890625, ""delta_unsatHbonds"": 6.0, ""hbonds_int"": 1.0, ""nres_int"": 41.0, ""packstat"": 0.5569960474967957, ""sc_value"": 0.6249877214431763}, ""B-D"": {""dG_dSASA_ratio"": -2.8929831981658936, ""dG_separated"": -50.525489807128906, ""dSASA_int"": 1746.4840087890625, ""delta_unsatHbonds"": 18.0, ""hbonds_int"": 5.0, ""nres_int"": 76.0, ""packstat"": 0.5527622699737549, ""sc_value"": 0.6479087471961975}, ""C-D"": {""dG_dSASA_ratio"": -2.6534907817840576, ""dG_separated"": -30.822917938232422, ""dSASA_int"": 1161.5987548828125, ""delta_unsatHbonds"": 3.0, ""hbonds_int"": 7.0, ""nres_int"": 48.0, ""packstat"": 0.5030765533447266, ""sc_value"": 0.7032644152641296}}"
ova_body_c4_12_ms25_r03	AF3	12	7012	0	0	A-B,A-C,A-D,B-C,B-D,C-D	6	3	1	"{""A-B"": 24, ""A-C"": 68, ""A-D"": 38, ""B-C"": 38, ""B-D"": 70, ""C-D"": 27}"	A-D,B-C	A-B,A-C,B-D,C-D	0.21443469717315267	0.755805492401123	0.0	-2.83911395072937	3.3036607440455366	0.6094638109207153	0.0	-2.607823133468628	7.476097002246283	"{""A-B"": {""dG_dSASA_ratio"": -2.607823133468628, ""dG_separated"": -28.73792839050293, ""dSASA_int"": 1101.9891357421875, ""delta_unsatHbonds"": 0.0, ""hbonds_int"": 6.0, ""nres_int"": 48.0, ""packstat"": 0.5826829671859741, ""sc_value"": 0.7239168882369995}, ""A-C"": {""dG_dSASA_ratio"": -2.9480912685394287, ""dG_separated"": -49.85709762573242, ""dSASA_int"": 1691.165283203125, ""delta_unsatHbonds"": 10.0, ""hbonds_int"": 4.0, ""nres_int"": 72.0, ""packstat"": 0.513352632522583, ""sc_value"": 0.6094638109207153}, ""A-D"": {""dG_dSASA_ratio"": -2.83911395072937, ""dG_separated"": -34.375370025634766, ""dSASA_int"": 1210.778076171875, ""delta_unsatHbonds"": 4.0, ""hbonds_int"": 0.0, ""nres_int"": 40.0, ""packstat"": 0.5643234848976135, ""sc_value"": 0.7648804187774658}, ""B-C"": {""dG_dSASA_ratio"": -2.9006636142730713, ""dG_separated"": -35.142181396484375, ""dSASA_int"": 1211.5220947265625, ""delta_unsatHbonds"": 4.0, ""hbonds_int"": 0.0, ""nres_int"": 40.0, ""packstat"": 0.4980635344982147, ""sc_value"": 0.755805492401123}, ""B-D"": {""dG_dSASA_ratio"": -2.927170753479004, ""dG_separated"": -50.89984893798828, ""dSASA_int"": 1738.875244140625, ""delta_unsatHbonds"": 13.0, ""hbonds_int"": 4.0, ""nres_int"": 76.0, ""packstat"": 0.6078492999076843, ""sc_value"": 0.6124394536018372}, ""C-D"": {""dG_dSASA_ratio"": -2.7804605960845947, ""dG_separated"": -31.679012298583984, ""dSASA_int"": 1139.3441162109375, ""delta_unsatHbonds"": 1.0, ""hbonds_int"": 8.0, ""nres_int"": 48.0, ""packstat"": 0.6068202257156372, ""sc_value"": 0.7362875938415527}}"
ova_body_c4_12_ms25_r03	AF3	13	7013	0	0	A-B,A-C,A-D,B-C,B-D,C-D	6	3	1	"{""A-B"": 25, ""A-C"": 69, ""A-D"": 37, ""B-C"": 35, ""B-D"": 71, ""C-D"": 26}"	A-D,B-C	A-B,A-C,B-D,C-D	0.21091958870695512	0.7500793933868408	0.0	-2.92486572265625	3.477573165887393	0.6530345678329468	0.0	-2.688509225845337	7.850700873291901	"{""A-B"": {""dG_dSASA_ratio"": -2.6976497173309326, ""dG_separated"": -30.491924285888672, ""dSASA_int"": 1130.314453125, ""delta_unsatHbonds"": 2.0, ""hbonds_int"": 7.0, ""nres_int"": 48.0, ""packstat"": 0.5632832050323486, ""sc_value"": 0.7174699306488037}, ""A-C"": {""dG_dSASA_ratio"": -2.9867329597473145, ""dG_separated"": -52.09627914428711, ""dSASA_int"": 1744.2562255859375, ""delta_unsatHbonds"": 11.0, ""hbonds_int"": 6.0, ""nres_int"": 72.0, ""packstat"": 0.5181556344032288, ""sc_value"": 0.6869540214538574}, ""A-D"": {""dG_dSASA_ratio"": -2.92486572265625, ""dG_separated"": -34.193939208984375, ""dSASA_int"": 1169.0772705078125, ""delta_unsatHbonds"": 2.0, ""hbonds_int"": 0.0, ""nres_int"": 40.0, ""packstat"": 0.5288143754005432, ""sc_value"": 0.7570635080337524}, ""B-C"": {""dG_dSASA_ratio"": -2.9815187454223633, ""dG_separated"": -34.29424285888672, ""dSASA_int"": 1150.2274169921875, ""delta_unsatHbonds"": 4.0, ""hbonds_int"": 0.0, ""nres_int"": 40.0, ""packstat"": 0.4769766926765442, ""sc_value"": 0.7500793933868408}, ""B-D"": {""dG_dSASA_ratio"": -2.9896185398101807, ""dG_separated"": -53.31328201293945, ""dSASA_int"": 1783.2802734375, ""delta_unsatHbonds"": 14.0, ""hbonds_int"": 5.0, ""nres_int"": 76.0, ""packstat"": 0.5946545004844666, ""sc_value"": 0.6530345678329468}, ""C-D"": {""dG_dSASA_ratio"": -2.688509225845337, ""dG_separated"": -31.69977569580078, ""dSASA_int"": 1179.083740234375, ""delta_unsatHbonds"": 1.0, ""hbonds_int"": 8.0, ""nres_int"": 48.0, ""packstat"": 0.6018187999725342, ""sc_value"": 0.7296541333198547}}"
ova_body_c4_12_ms25_r03	AF3	14	7014	0	0	A-B,A-C,A-D,B-C,B-D,C-D	6	3	1	"{""A-B"": 25, ""A-C"": 70, ""A-D"": 36, ""B-C"": 36, ""B-D"": 70, ""C-D"": 26}"	A-D,B-C	A-B,A-C,B-D,C-D	0.21407152548317626	0.7474397420883179	0.0	-2.2690491676330566	6.886936688753358	0.6444305777549744	0.0	-2.2690491676330566	10.541001971362382	"{""A-B"": {""dG_dSASA_ratio"": -2.644623041152954, ""dG_separated"": -28.947250366210938, ""dSASA_int"": 1094.570068359375, ""delta_unsatHbonds"": 0.0, ""hbonds_int"": 7.0, ""nres_int"": 48.0, ""packstat"": 0.5975465178489685, ""sc_value"": 0.712446928024292}, ""A-C"": {""dG_dSASA_ratio"": -2.9664602279663086, ""dG_separated"": -50.65579605102539, ""dSASA_int"": 1707.6175537109375, ""delta_unsatHbonds"": 18.0, ""hbonds_int"": 6.0, ""nres_int"": 70.0, ""packstat"": 0.5686038136482239, ""sc_value"": 0.6461362838745117}, ""A-D"": {""dG_dSASA_ratio"": -2.2690491676330566, ""dG_separated"": -26.357717514038086, ""dSASA_int"": 1161.6195068359375, ""delta_unsatHbonds"": 8.0, ""hbonds_int"": 0.0, ""nres_int"": 39.0, ""packstat"": 0.5328450202941895, ""sc_value"": 0.7474397420883179}, ""B-C"": {""dG_dSASA_ratio"": -2.8036952018737793, ""dG_separated"": -32.885498046875, ""dSASA_int"": 1172.9342041015625, ""delta_unsatHbonds"": 4.0, ""hbonds_int"": 0.0, ""nres_int"": 40.0, ""packstat"": 0.602250874042511, ""sc_value"": 0.7476301193237305}, ""B-D"": {""dG_dSASA_ratio"": -2.9088754653930664, ""dG_separated"": -50.83364486694336, ""dSASA_int"": 1747.5360107421875, ""delta_unsatHbonds"": 14.0, ""hbonds_int"": 6.0, ""nres_int"": 74.0, ""packstat"": 0.5605237483978271, ""sc_value"": 0.6444305777549744}, ""C-D"": {""dG_dSASA_ratio"": -2.56168794631958, ""dG_separated"": -28.86142921447754, ""dSASA_int"": 1126.65673828125, ""delta_unsatHbonds"": 1.0, ""hbonds_int"": 6.0, ""nres_int"": 47.0, ""packstat"": 0.567495584487915, ""sc_value"": 0.7096961140632629}}"
ova_body_c4_12_ms25_r03	AF3	15	7015	0	0	A-B,A-C,A-D,B-C,B-D,C-D	6	3	1	"{""A-B"": 26, ""A-C"": 70, ""A-D"": 38, ""B-C"": 37, ""B-D"": 69, ""C-D"": 26}"	A-D,B-C	A-B,A-C,B-D,C-D	0.21162512416070794	0.7567287087440491	0.0	-2.7898247241973877	3.3503029668503226	0.612278401851654	0.0	-2.7119834423065186	8.138073058875362	"{""A-B"": {""dG_dSASA_ratio"": -2.7359097003936768, ""dG_separated"": -29.934608459472656, ""dSASA_int"": 1094.1373291015625, ""delta_unsatHbonds"": 0.0, ""hbonds_int"": 6.0, ""nres_int"": 47.0, ""packstat"": 0.540698230266571, ""sc_value"": 0.7107558250427246}, ""A-C"": {""dG_dSASA_ratio"": -2.869539260864258, ""dG_separated"": -49.36493682861328, ""dSASA_int"": 1720.3089599609375, ""delta_unsatHbonds"": 14.0, ""hbonds_int"": 4.0, ""nres_int"": 72.0, ""packstat"": 0.5689148902893066, ""sc_value"": 0.612278401851654}, ""A-D"": {""dG_dSASA_ratio"": -2.844555377960205, ""dG_separated"": -34.228206634521484, ""dSASA_int"": 1203.2884521484375, ""delta_unsatHbonds"": 2.0, ""hbonds_int"": 0.0, ""nres_int"": 40.0, ""packstat"": 0.5704976916313171, ""sc_value"": 0.7620605826377869}, ""B-C"": {""dG_dSASA_ratio"": -2.7898247241973877, ""dG_separated"": -33.308326721191406, ""dSASA_int"": 1193.921875, ""delta_unsatHbonds"": 4.0, ""hbonds_int"": 0.0, ""nres_int"": 40.0, ""packstat"": 0.6518486738204956, ""sc_value"": 0.7567287087440491}, ""B-D"": {""dG_dSASA_ratio"": -2.8308074474334717, ""dG_separated"": -48.743228912353516, ""dSASA_int"": 1721.88427734375, ""delta_unsatHbonds"": 13.0, ""hbonds_int"": 5.0, ""nres_int"": 72.0, ""packstat"": 0.6295044422149658, ""sc_value"": 0.6302146911621094}, ""C-D"": {""dG_dSASA_ratio"": -2.7119834423065186, ""dG_separated"": -31.812671661376953, ""dSASA_int"": 1173.040771484375, ""delta_unsatHbonds"": 1.0, ""hbonds_int"": 8.0, ""nres_int"": 48.0, ""packstat"": 0.5589927434921265, ""sc_value"": 0.7257719039916992}}"
ova_body_c4_12_ms25_r03	AF3	16	7016	0	0	A-B,A-C,A-D,B-C,B-D,C-D	6	3	1	"{""A-B"": 26, ""A-C"": 69, ""A-D"": 35, ""B-C"": 36, ""B-D"": 70, ""C-D"": 27}"	A-D,B-C	A-B,A-C,B-D,C-D	0.21887039233353975	0.7434056997299194	0.0	-2.184451103210449	5.009273147862223	0.6239062547683716	0.0	-2.184451103210449	10.28648706379518	"{""A-B"": {""dG_dSASA_ratio"": -2.780769109725952, ""dG_separated"": -30.3917236328125, ""dSASA_int"": 1092.9251708984375, ""delta_unsatHbonds"": 0.0, ""hbonds_int"": 7.0, ""nres_int"": 47.0, ""packstat"": 0.6051507592201233, ""sc_value"": 0.7233129739761353}, ""A-C"": {""dG_dSASA_ratio"": -2.9156064987182617, ""dG_separated"": -49.17688751220703, ""dSASA_int"": 1686.6778564453125, ""delta_unsatHbonds"": 14.0, ""hbonds_int"": 5.0, ""nres_int"": 70.0, ""packstat"": 0.5598664283752441, ""sc_value"": 0.6239062547683716}, ""A-D"": {""dG_dSASA_ratio"": -2.184451103210449, ""dG_separated"": -26.09490394592285, ""dSASA_int"": 1194.5748291015625, ""delta_unsatHbonds"": 4.0, ""hbonds_int"": 0.0, ""nres_int"": 40.0, ""packstat"": 0.5312173366546631, ""sc_value"": 0.7434056997299194}, ""B-C"": {""dG_dSASA_ratio"": -2.886058807373047, ""dG_separated"": -34.56859588623047, ""dSASA_int"": 1197.778564453125, ""delta_unsatHbonds"": 6.0, ""hbonds_int"": 0.0, ""nres_int"": 40.0, ""packstat"": 0.5998890995979309, ""sc_value"": 0.7739322185516357}, ""B-D"": {""dG_dSASA_ratio"": -2.888648509979248, ""dG_separated"": -50.547550201416016, ""dSASA_int"": 1749.8685302734375, ""delta_unsatHbonds"": 18.0, ""hbonds_int"": 6.0, ""nres_int"": 74.0, ""packstat"": 0.6127805113792419, ""sc_value"": 0.6626229286193848}, ""C-D"": {""dG_dSASA_ratio"": -2.6575517654418945, ""dG_separated"": -30.462970733642578, ""dSASA_int"": 1146.279541015625, ""delta_unsatHbonds"": 3.0, ""hbonds_int"": 6.0, ""nres_int"": 48.0, ""packstat"": 0.5635249614715576, ""sc_value"": 0.7178221940994263}}"
ova_body_c4_12_ms25_r03	AF3	17	7017	0	0	A-B,A-C,A-D,B-C,B-D,C-D	6	3	1	"{""A-B"": 25, ""A-C"": 75, ""A-D"": 34, ""B-C"": 35, ""B-D"": 68, ""C-D"": 27}"	A-D,B-C	A-B,A-C,B-D,C-D	0.21012642550312288	0.6314902901649475	0.0	-2.705442428588867	3.3438362254979146	0.6027327179908752	0.0	-2.705442428588867	10.3569442856296	"{""A-B"": {""dG_dSASA_ratio"": -2.7068655490875244, ""dG_separated"": -29.730195999145508, ""dSASA_int"": 1098.3255615234375, ""delta_unsatHbonds"": 0.0, ""hbonds_int"": 7.0, ""nres_int"": 47.0, ""packstat"": 0.5895392298698425, ""sc_value"": 0.7177910804748535}, ""A-C"": {""dG_dSASA_ratio"": -2.78436017036438, ""dG_separated"": -50.05522918701172, ""dSASA_int"": 1797.7283935546875, ""delta_unsatHbonds"": 16.0, ""hbonds_int"": 6.0, ""nres_int"": 74.0, ""packstat"": 0.5281049609184265, ""sc_value"": 0.6796078681945801}, ""A-D"": {""dG_dSASA_ratio"": -2.958261251449585, ""dG_separated"": -35.387630462646484, ""dSASA_int"": 1196.2308349609375, ""delta_unsatHbonds"": 4.0, ""hbonds_int"": 0.0, ""nres_int"": 40.0, ""packstat"": 0.5087460875511169, ""sc_value"": 0.6483105421066284}, ""B-C"": {""dG_dSASA_ratio"": -2.705442428588867, ""dG_separated"": -34.0681266784668, ""dSASA_int"": 1259.244140625, ""delta_unsatHbonds"": 2.0, ""hbonds_int"": 0.0, ""nres_int"": 41.0, ""packstat"": 0.5299732089042664, ""sc_value"": 0.6314902901649475}, ""B-D"": {""dG_dSASA_ratio"": -2.9207754135131836, ""dG_separated"": -50.76203536987305, ""dSASA_int"": 1737.96435546875, ""delta_unsatHbonds"": 18.0, ""hbonds_int"": 5.0, ""nres_int"": 74.0, ""packstat"": 0.616563618183136, ""sc_value"": 0.6027327179908752}, ""C-D"": {""dG_dSASA_ratio"": -2.720529556274414, ""dG_separated"": -32.110504150390625, ""dSASA_int"": 1180.303466796875, ""delta_unsatHbonds"": 3.0, ""hbonds_int"": 8.0, ""nres_int"": 48.0, ""packstat"": 0.5754106044769287, ""sc_value"": 0.7185440063476562}}"
ova_body_c4_12_ms25_r03	AF3	18	7018	0	0	A-B,A-C,A-D,B-C,B-D,C-D	6	3	1	"{""A-B"": 26, ""A-C"": 71, ""A-D"": 35, ""B-C"": 33, ""B-D"": 71, ""C-D"": 28}"	A-D,B-C	A-B,A-C,B-D,C-D	0.20936709036159146	0.6452556848526001	0.0	-2.09001088142395	8.310743908971384	0.6345628499984741	0.0	-2.09001088142395	11.968072062219616	"{""A-B"": {""dG_dSASA_ratio"": -2.793811082839966, ""dG_separated"": -31.267292022705078, ""dSASA_int"": 1119.1627197265625, ""delta_unsatHbonds"": 0.0, ""hbonds_int"": 7.0, ""nres_int"": 48.0, ""packstat"": 0.5879043936729431, ""sc_value"": 0.7346774339675903}, ""A-C"": {""dG_dSASA_ratio"": -2.7533740997314453, ""dG_separated"": -47.585479736328125, ""dSASA_int"": 1728.260498046875, ""delta_unsatHbonds"": 16.0, ""hbonds_int"": 5.0, ""nres_int"": 71.0, ""packstat"": 0.5877336859703064, ""sc_value"": 0.6345628499984741}, ""A-D"": {""dG_dSASA_ratio"": -2.09001088142395, ""dG_separated"": -25.197174072265625, ""dSASA_int"": 1205.60009765625, ""delta_unsatHbonds"": 4.0, ""hbonds_int"": 0.0, ""nres_int"": 40.0, ""packstat"": 0.5637803673744202, ""sc_value"": 0.7265135049819946}, ""B-C"": {""dG_dSASA_ratio"": -2.6674246788024902, ""dG_separated"": -32.096099853515625, ""dSASA_int"": 1203.26171875, ""delta_unsatHbonds"": 10.0, ""hbonds_int"": 0.0, ""nres_int"": 40.0, ""packstat"": 0.5391133427619934, ""sc_value"": 0.6452556848526001}, ""B-D"": {""dG_dSASA_ratio"": -2.977050542831421, ""dG_separated"": -52.237369537353516, ""dSASA_int"": 1754.6685791015625, ""delta_unsatHbonds"": 21.0, ""hbonds_int"": 6.0, ""nres_int"": 74.0, ""packstat"": 0.5400298237800598, ""sc_value"": 0.6395069360733032}, ""C-D"": {""dG_dSASA_ratio"": -2.6732919216156006, ""dG_separated"": -30.295244216918945, ""dSASA_int"": 1133.256103515625, ""delta_unsatHbonds"": 3.0, ""hbonds_int"": 6.0, ""nres_int"": 48.0, ""packstat"": 0.55840665102005, ""sc_value"": 0.7174248695373535}}"
ova_body_c4_12_ms25_r03	AF3	19	7019	0	0	A-B,A-C,A-D,B-C,B-D,C-D	6	3	1	"{""A-B"": 25, ""A-C"": 70, ""A-D"": 38, ""B-C"": 34, ""B-D"": 74, ""C-D"": 28}"	A-D,B-C	A-B,A-C,B-D,C-D	0.22103916270740365	0.6547114849090576	0.0	-2.3421640396118164	9.846787022963616	0.639449954032898	0.0	-2.3421640396118164	10.393888008140525	"{""A-B"": {""dG_dSASA_ratio"": -2.8297715187072754, ""dG_separated"": -32.14070129394531, ""dSASA_int"": 1135.8055419921875, ""delta_unsatHbonds"": 2.0, ""hbonds_int"": 8.0, ""nres_int"": 48.0, ""packstat"": 0.564232587814331, ""sc_value"": 0.7230980396270752}, ""A-C"": {""dG_dSASA_ratio"": -3.0363423824310303, ""dG_separated"": -52.58298110961914, ""dSASA_int"": 1731.7869873046875, ""delta_unsatHbonds"": 18.0, ""hbonds_int"": 5.0, ""nres_int"": 74.0, ""packstat"": 0.6003093123435974, ""sc_value"": 0.639449954032898}, ""A-D"": {""dG_dSASA_ratio"": -2.3421640396118164, ""dG_separated"": -28.12983512878418, ""dSASA_int"": 1201.01904296875, ""delta_unsatHbonds"": 0.0, ""hbonds_int"": 0.0, ""nres_int"": 40.0, ""packstat"": 0.508363664150238, ""sc_value"": 0.6942339539527893}, ""B-C"": {""dG_dSASA_ratio"": -2.4974000453948975, ""dG_separated"": -30.43510627746582, ""dSASA_int"": 1218.671630859375, ""delta_unsatHbonds"": 12.0, ""hbonds_int"": 0.0, ""nres_int"": 41.0, ""packstat"": 0.5785003304481506, ""sc_value"": 0.6547114849090576}, ""B-D"": {""dG_dSASA_ratio"": -2.909956693649292, ""dG_separated"": -51.86748504638672, ""dSASA_int"": 1782.4144287109375, ""delta_unsatHbonds"": 14.0, ""hbonds_int"": 5.0, ""nres_int"": 76.0, ""packstat"": 0.6477445363998413, ""sc_value"": 0.6577771902084351}, ""C-D"": {""dG_dSASA_ratio"": -2.687462329864502, ""dG_separated"": -31.65545082092285, ""dSASA_int"": 1177.893798828125, ""delta_unsatHbonds"": 1.0, ""hbonds_int"": 8.0, ""nres_int"": 48.0, ""packstat"": 0.5313451886177063, ""sc_value"": 0.722983181476593}}"
ova_body_c4_12_ms25_r03	AF3	20	7020	0	0	A-B,A-C,A-D,B-C,B-D,C-D	6	3	1	"{""A-B"": 26, ""A-C"": 71, ""A-D"": 36, ""B-C"": 33, ""B-D"": 73, ""C-D"": 27}"	A-D,B-C	A-B,A-C,B-D,C-D	0.2256488213829207	0.6477303504943848	0.0	-2.774277925491333	3.2508881458558267	0.6477303504943848	0.0	-2.5978591442108154	7.756692741214592	"{""A-B"": {""dG_dSASA_ratio"": -2.738313674926758, ""dG_separated"": -31.106657028198242, ""dSASA_int"": 1135.9786376953125, ""delta_unsatHbonds"": 0.0, ""hbonds_int"": 8.0, ""nres_int"": 48.0, ""packstat"": 0.5050334334373474, ""sc_value"": 0.7186349630355835}, ""A-C"": {""dG_dSASA_ratio"": -3.1160407066345215, ""dG_separated"": -54.07292175292969, ""dSASA_int"": 1735.30859375, ""delta_unsatHbonds"": 13.0, ""hbonds_int"": 6.0, ""nres_int"": 74.0, ""packstat"": 0.653470516204834, ""sc_value"": 0.678429901599884}, ""A-D"": {""dG_dSASA_ratio"": -2.7791566848754883, ""dG_separated"": -32.69745635986328, ""dSASA_int"": 1176.5244140625, ""delta_unsatHbonds"": 2.0, ""hbonds_int"": 0.0, ""nres_int"": 40.0, ""packstat"": 0.6031208634376526, ""sc_value"": 0.7705538272857666}, ""B-C"": {""dG_dSASA_ratio"": -2.774277925491333, ""dG_separated"": -34.1356315612793, ""dSASA_int"": 1230.4329833984375, ""delta_unsatHbonds"": 4.0, ""hbonds_int"": 0.0, ""nres_int"": 41.0, ""packstat"": 0.5382581353187561, ""sc_value"": 0.6477303504943848}, ""B-D"": {""dG_dSASA_ratio"": -2.807135820388794, ""dG_separated"": -50.665794372558594, ""dSASA_int"": 1804.8929443359375, ""delta_unsatHbonds"": 14.0, ""hbonds_int"": 6.0, ""nres_int"": 76.0, ""packstat"": 0.5968431234359741, ""sc_value"": 0.6816216707229614}, ""C-D"": {""dG_dSASA_ratio"": -2.5978591442108154, ""dG_separated"": -30.56515884399414, ""dSASA_int"": 1176.5517578125, ""delta_unsatHbonds"": 1.0, ""hbonds_int"": 7.0, ""nres_int"": 48.0, ""packstat"": 0.5815274715423584, ""sc_value"": 0.7088281512260437}}"
ova_body_c4_12_ms25_r03	AF3	21	7021	0	0	A-B,A-C,A-D,B-C,B-D,C-D	6	3	1	"{""A-B"": 25, ""A-C"": 67, ""A-D"": 36, ""B-C"": 37, ""B-D"": 68, ""C-D"": 27}"	A-D,B-C	A-B,A-C,B-D,C-D	0.22342330190816564	0.7429982423782349	0.0	-2.8431594371795654	5.117077402562682	0.6101397275924683	0.0	-1.9674742221832275	9.44269158206292	"{""A-B"": {""dG_dSASA_ratio"": -1.9674742221832275, ""dG_separated"": -20.34015655517578, ""dSASA_int"": 1033.82080078125, ""delta_unsatHbonds"": 0.0, ""hbonds_int"": 3.0, ""nres_int"": 47.0, ""packstat"": 0.5581455230712891, ""sc_value"": 0.6101397275924683}, ""A-C"": {""dG_dSASA_ratio"": -2.8927273750305176, ""dG_separated"": -49.01530075073242, ""dSASA_int"": 1694.43212890625, ""delta_unsatHbonds"": 16.0, ""hbonds_int"": 4.0, ""nres_int"": 72.0, ""packstat"": 0.6219256520271301, ""sc_value"": 0.6382812261581421}, ""A-D"": {""dG_dSASA_ratio"": -2.9552528858184814, ""dG_separated"": -34.5601692199707, ""dSASA_int"": 1169.44873046875, ""delta_unsatHbonds"": 2.0, ""hbonds_int"": 0.0, ""nres_int"": 40.0, ""packstat"": 0.5463420152664185, ""sc_value"": 0.771212637424469}, ""B-C"": {""dG_dSASA_ratio"": -2.8431594371795654, ""dG_separated"": -33.337303161621094, ""dSASA_int"": 1172.5443115234375, ""delta_unsatHbonds"": 6.0, ""hbonds_int"": 0.0, ""nres_int"": 40.0, ""packstat"": 0.5082306861877441, ""sc_value"": 0.7429982423782349}, ""B-D"": {""dG_dSASA_ratio"": -2.8966431617736816, ""dG_separated"": -51.38527297973633, ""dSASA_int"": 1773.9593505859375, ""delta_unsatHbonds"": 13.0, ""hbonds_int"": 7.0, ""nres_int"": 75.0, ""packstat"": 0.6180731654167175, ""sc_value"": 0.6706563234329224}, ""C-D"": {""dG_dSASA_ratio"": -2.830780267715454, ""dG_separated"": -32.66042709350586, ""dSASA_int"": 1153.7606201171875, ""delta_unsatHbonds"": 1.0, ""hbonds_int"": 8.0, ""nres_int"": 48.0, ""packstat"": 0.5248948335647583, ""sc_value"": 0.7361747622489929}}"
ova_body_c4_12_ms25_r03	AF3	22	7022	0	0	A-B,A-C,A-D,B-C,B-D,C-D	6	3	1	"{""A-B"": 26, ""A-C"": 70, ""A-D"": 36, ""B-C"": 36, ""B-D"": 74, ""C-D"": 25}"	A-D,B-C	A-B,A-C,B-D,C-D	0.21685176446951354	0.7299180626869202	0.0	-2.9253265857696533	3.4188052022846986	0.6534686088562012	0.0	-2.7174835205078125	8.342138471352005	"{""A-B"": {""dG_dSASA_ratio"": -2.781698703765869, ""dG_separated"": -31.5380859375, ""dSASA_int"": 1133.770751953125, ""delta_unsatHbonds"": 0.0, ""hbonds_int"": 8.0, ""nres_int"": 48.0, ""packstat"": 0.5686323642730713, ""sc_value"": 0.7143100500106812}, ""A-C"": {""dG_dSASA_ratio"": -2.98732852935791, ""dG_separated"": -52.43074417114258, ""dSASA_int"": 1755.104736328125, ""delta_unsatHbonds"": 10.0, ""hbonds_int"": 5.0, ""nres_int"": 72.0, ""packstat"": 0.6256026029586792, ""sc_value"": 0.6534686088562012}, ""A-D"": {""dG_dSASA_ratio"": -2.9253265857696533, ""dG_separated"": -35.54843521118164, ""dSASA_int"": 1215.1954345703125, ""delta_unsatHbonds"": 0.0, ""hbonds_int"": 0.0, ""nres_int"": 41.0, ""packstat"": 0.5342636704444885, ""sc_value"": 0.7299180626869202}, ""B-C"": {""dG_dSASA_ratio"": -2.92696475982666, ""dG_separated"": -34.2454719543457, ""dSASA_int"": 1169.9993896484375, ""delta_unsatHbonds"": 4.0, ""hbonds_int"": 0.0, ""nres_int"": 40.0, ""packstat"": 0.5798364281654358, ""sc_value"": 0.7498270273208618}, ""B-D"": {""dG_dSASA_ratio"": -3.056985378265381, ""dG_separated"": -54.96765899658203, ""dSASA_int"": 1798.10009765625, ""delta_unsatHbonds"": 15.0, ""hbonds_int"": 6.0, ""nres_int"": 77.0, ""packstat"": 0.584007978439331, ""sc_value"": 0.6922147274017334}, ""C-D"": {""dG_dSASA_ratio"": -2.7174835205078125, ""dG_separated"": -31.947986602783203, ""dSASA_int"": 1175.6461181640625, ""delta_unsatHbonds"": 1.0, ""hbonds_int"": 8.0, ""nres_int"": 48.0, ""packstat"": 0.5930028557777405, ""sc_value"": 0.7240509986877441}}"
ova_body_c4_12_ms25_r03	AF3	23	7023	0	0	A-B,A-C,A-D,B-C,B-D,C-D	6	3	1	"{""A-B"": 27, ""A-C"": 70, ""A-D"": 34, ""B-C"": 38, ""B-D"": 69, ""C-D"": 25}"	A-D,B-C	A-B,A-C,B-D,C-D	0.21224983780484535	0.77755206823349	0.0	-2.643404006958008	3.5016511768542222	0.6401056051254272	0.0	-2.560164213180542	9.751348456662011	"{""A-B"": {""dG_dSASA_ratio"": -2.7363603115081787, ""dG_separated"": -30.63040542602539, ""dSASA_int"": 1119.385009765625, ""delta_unsatHbonds"": 2.0, ""hbonds_int"": 7.0, ""nres_int"": 48.0, ""packstat"": 0.6095231771469116, ""sc_value"": 0.7246701717376709}, ""A-C"": {""dG_dSASA_ratio"": -3.003366470336914, ""dG_separated"": -52.35914993286133, ""dSASA_int"": 1743.3486328125, ""delta_unsatHbonds"": 17.0, ""hbonds_int"": 5.0, ""nres_int"": 72.0, ""packstat"": 0.6133392453193665, ""sc_value"": 0.6401056051254272}, ""A-D"": {""dG_dSASA_ratio"": -2.643404006958008, ""dG_separated"": -30.19608497619629, ""dSASA_int"": 1142.3182373046875, ""delta_unsatHbonds"": 4.0, ""hbonds_int"": 0.0, ""nres_int"": 40.0, ""packstat"": 0.47056838870048523, ""sc_value"": 0.7893722057342529}, ""B-C"": {""dG_dSASA_ratio"": -2.91833233833313, ""dG_separated"": -35.39950180053711, ""dSASA_int"": 1213.0045166015625, ""delta_unsatHbonds"": 4.0, ""hbonds_int"": 0.0, ""nres_int"": 40.0, ""packstat"": 0.490997850894928, ""sc_value"": 0.77755206823349}, ""B-D"": {""dG_dSASA_ratio"": -2.9726665019989014, ""dG_separated"": -51.24748611450195, ""dSASA_int"": 1723.956787109375, ""delta_unsatHbonds"": 15.0, ""hbonds_int"": 5.0, ""nres_int"": 75.0, ""packstat"": 0.6197700500488281, ""sc_value"": 0.652454137802124}, ""C-D"": {""dG_dSASA_ratio"": -2.560164213180542, ""dG_separated"": -28.635150909423828, ""dSASA_int"": 1118.48876953125, ""delta_unsatHbonds"": 1.0, ""hbonds_int"": 5.0, ""nres_int"": 48.0, ""packstat"": 0.6412168145179749, ""sc_value"": 0.7285560369491577}}"
ova_body_c4_12_ms25_r03	AF3	24	7024	0	0	A-B,A-C,A-D,B-C,B-D,C-D	6	3	1	"{""A-B"": 25, ""A-C"": 72, ""A-D"": 37, ""B-C"": 33, ""B-D"": 73, ""C-D"": 28}"	A-D,B-C	A-B,A-C,B-D,C-D	0.2198907826930901	0.6218900084495544	0.0	-2.760770559310913	3.3439600945387156	0.6218900084495544	0.0	-2.656294822692871	8.992487644865895	"{""A-B"": {""dG_dSASA_ratio"": -2.8220467567443848, ""dG_separated"": -32.22047805786133, ""dSASA_int"": 1141.741455078125, ""delta_unsatHbonds"": 2.0, ""hbonds_int"": 8.0, ""nres_int"": 48.0, ""packstat"": 0.5479199886322021, ""sc_value"": 0.7218590974807739}, ""A-C"": {""dG_dSASA_ratio"": -3.025847911834717, ""dG_separated"": -52.81595993041992, ""dSASA_int"": 1745.4927978515625, ""delta_unsatHbonds"": 15.0, ""hbonds_int"": 6.0, ""nres_int"": 74.0, ""packstat"": 0.5837998390197754, ""sc_value"": 0.6783527135848999}, ""A-D"": {""dG_dSASA_ratio"": -2.783566474914551, ""dG_separated"": -33.29664611816406, ""dSASA_int"": 1196.1865234375, ""delta_unsatHbonds"": 4.0, ""hbonds_int"": 0.0, ""nres_int"": 40.0, ""packstat"": 0.5586997270584106, ""sc_value"": 0.7610924243927002}, ""B-C"": {""dG_dSASA_ratio"": -2.760770559310913, ""dG_separated"": -34.27403259277344, ""dSASA_int"": 1241.4661865234375, ""delta_unsatHbonds"": 4.0, ""hbonds_int"": 0.0, ""nres_int"": 41.0, ""packstat"": 0.6295763850212097, ""sc_value"": 0.6218900084495544}, ""B-D"": {""dG_dSASA_ratio"": -2.914080858230591, ""dG_separated"": -51.849159240722656, ""dSASA_int"": 1779.262939453125, ""delta_unsatHbonds"": 16.0, ""hbonds_int"": 5.0, ""nres_int"": 76.0, ""packstat"": 0.5721176862716675, ""sc_value"": 0.659427285194397}, ""C-D"": {""dG_dSASA_ratio"": -2.656294822692871, ""dG_separated"": -31.525632858276367, ""dSASA_int"": 1186.827392578125, ""delta_unsatHbonds"": 1.0, ""hbonds_int"": 8.0, ""nres_int"": 48.0, ""packstat"": 0.5908527374267578, ""sc_value"": 0.7199042439460754}}"
ova_body_c4_12_ms25_r03	AF3	25	7025	0	0	A-B,A-C,A-D,B-C,B-D,C-D	6	3	1	"{""A-B"": 23, ""A-C"": 64, ""A-D"": 36, ""B-C"": 34, ""B-D"": 69, ""C-D"": 25}"	A-D,B-C	A-B,A-C,B-D,C-D	0.2123625092376061	0.7012195587158203	0.0	-2.3045706748962402	5.009509527312131	0.6008459329605103	0.0	-2.3045706748962402	7.591974703303039	"{""A-B"": {""dG_dSASA_ratio"": -2.3819594383239746, ""dG_separated"": -24.213058471679688, ""dSASA_int"": 1016.5185546875, ""delta_unsatHbonds"": 1.0, ""hbonds_int"": 4.0, ""nres_int"": 47.0, ""packstat"": 0.6286911368370056, ""sc_value"": 0.6949018239974976}, ""A-C"": {""dG_dSASA_ratio"": -3.1054787635803223, ""dG_separated"": -49.90870666503906, ""dSASA_int"": 1607.117919921875, ""delta_unsatHbonds"": 12.0, ""hbonds_int"": 5.0, ""nres_int"": 70.0, ""packstat"": 0.5726333260536194, ""sc_value"": 0.6008459329605103}, ""A-D"": {""dG_dSASA_ratio"": -2.4902918338775635, ""dG_separated"": -29.82677459716797, ""dSASA_int"": 1197.7220458984375, ""delta_unsatHbonds"": 6.0, ""hbonds_int"": 0.0, ""nres_int"": 37.0, ""packstat"": 0.5966557264328003, ""sc_value"": 0.7012195587158203}, ""B-C"": {""dG_dSASA_ratio"": -2.3045706748962402, ""dG_separated"": -28.161123275756836, ""dSASA_int"": 1221.96826171875, ""delta_unsatHbonds"": 4.0, ""hbonds_int"": 1.0, ""nres_int"": 39.0, ""packstat"": 0.5052801370620728, ""sc_value"": 0.7290370464324951}, ""B-D"": {""dG_dSASA_ratio"": -3.0209953784942627, ""dG_separated"": -51.72954177856445, ""dSASA_int"": 1712.33447265625, ""delta_unsatHbonds"": 13.0, ""hbonds_int"": 6.0, ""nres_int"": 75.0, ""packstat"": 0.5619320273399353, ""sc_value"": 0.6606178283691406}, ""C-D"": {""dG_dSASA_ratio"": -2.586549758911133, ""dG_separated"": -28.852563858032227, ""dSASA_int"": 1115.484619140625, ""delta_unsatHbonds"": 2.0, ""hbonds_int"": 4.0, ""nres_int"": 48.0, ""packstat"": 0.5515685677528381, ""sc_value"": 0.7245031595230103}}"
ova_body_c4_12_ms25_r03	AF3	26	7026	0	0	A-B,A-C,A-D,B-C,B-D,C-D	6	3	1	"{""A-B"": 25, ""A-C"": 67, ""A-D"": 38, ""B-C"": 37, ""B-D"": 69, ""C-D"": 25}"	A-D,B-C	A-B,A-C,B-D,C-D	0.21672586599374724	0.7387949228286743	0.0	-2.8020894527435303	6.623771573674349	0.6133279800415039	0.0	-2.667046546936035	8.774910895878556	"{""A-B"": {""dG_dSASA_ratio"": -2.910473346710205, ""dG_separated"": -32.25362777709961, ""dSASA_int"": 1108.1917724609375, ""delta_unsatHbonds"": 2.0, ""hbonds_int"": 8.0, ""nres_int"": 48.0, ""packstat"": 0.6108339428901672, ""sc_value"": 0.7363370060920715}, ""A-C"": {""dG_dSASA_ratio"": -2.866865634918213, ""dG_separated"": -49.006744384765625, ""dSASA_int"": 1709.4190673828125, ""delta_unsatHbonds"": 15.0, ""hbonds_int"": 5.0, ""nres_int"": 71.0, ""packstat"": 0.623839795589447, ""sc_value"": 0.6133279800415039}, ""A-D"": {""dG_dSASA_ratio"": -2.8020894527435303, ""dG_separated"": -34.05964660644531, ""dSASA_int"": 1215.5089111328125, ""delta_unsatHbonds"": 2.0, ""hbonds_int"": 0.0, ""nres_int"": 40.0, ""packstat"": 0.5557292699813843, ""sc_value"": 0.7572063207626343}, ""B-C"": {""dG_dSASA_ratio"": -2.8225903511047363, ""dG_separated"": -34.09042739868164, ""dSASA_int"": 1207.7711181640625, ""delta_unsatHbonds"": 8.0, ""hbonds_int"": 0.0, ""nres_int"": 40.0, ""packstat"": 0.519790530204773, ""sc_value"": 0.7387949228286743}, ""B-D"": {""dG_dSASA_ratio"": -2.9956743717193604, ""dG_separated"": -51.77913284301758, ""dSASA_int"": 1728.4632568359375, ""delta_unsatHbonds"": 15.0, ""hbonds_int"": 4.0, ""nres_int"": 74.0, ""packstat"": 0.5623695850372314, ""sc_value"": 0.6215227246284485}, ""C-D"": {""dG_dSASA_ratio"": -2.667046546936035, ""dG_separated"": -29.89933204650879, ""dSASA_int"": 1121.065185546875, ""delta_unsatHbonds"": 2.0, ""hbonds_int"": 6.0, ""nres_int"": 48.0, ""packstat"": 0.5757213830947876, ""sc_value"": 0.7398821115493774}}"
ova_body_c4_12_ms25_r03	AF3	27	7027	0	0	A-B,A-C,A-D,B-C,B-D,C-D	6	3	1	"{""A-B"": 27, ""A-C"": 66, ""A-D"": 35, ""B-C"": 35, ""B-D"": 73, ""C-D"": 27}"	A-D,B-C	A-B,A-C,B-D,C-D	0.20515567182138214	0.645369291305542	0.0	-2.877835273742676	4.864427056158639	0.5994808673858643	0.0	-2.000330686569214	8.936886714910708	"{""A-B"": {""dG_dSASA_ratio"": -2.7499988079071045, ""dG_separated"": -30.268587112426758, ""dSASA_int"": 1100.6763916015625, ""delta_unsatHbonds"": 0.0, ""hbonds_int"": 7.0, ""nres_int"": 48.0, ""packstat"": 0.6073780059814453, ""sc_value"": 0.7143727540969849}, ""A-C"": {""dG_dSASA_ratio"": -2.9441022872924805, ""dG_separated"": -48.002689361572266, ""dSASA_int"": 1630.469482421875, ""delta_unsatHbonds"": 13.0, ""hbonds_int"": 3.0, ""nres_int"": 73.0, ""packstat"": 0.5457252860069275, ""sc_value"": 0.5994808673858643}, ""A-D"": {""dG_dSASA_ratio"": -3.1657142639160156, ""dG_separated"": -36.1977424621582, ""dSASA_int"": 1143.430419921875, ""delta_unsatHbonds"": 4.0, ""hbonds_int"": 0.0, ""nres_int"": 39.0, ""packstat"": 0.5226157307624817, ""sc_value"": 0.7192434072494507}, ""B-C"": {""dG_dSASA_ratio"": -2.877835273742676, ""dG_separated"": -35.49649429321289, ""dSASA_int"": 1233.4443359375, ""delta_unsatHbonds"": 6.0, ""hbonds_int"": 0.0, ""nres_int"": 41.0, ""packstat"": 0.594539999961853, ""sc_value"": 0.645369291305542}, ""B-D"": {""dG_dSASA_ratio"": -2.880213499069214, ""dG_separated"": -51.56540298461914, ""dSASA_int"": 1790.3326416015625, ""delta_unsatHbonds"": 16.0, ""hbonds_int"": 7.0, ""nres_int"": 76.0, ""packstat"": 0.6399544477462769, ""sc_value"": 0.6992025971412659}, ""C-D"": {""dG_dSASA_ratio"": -2.000330686569214, ""dG_separated"": -23.463924407958984, ""dSASA_int"": 1173.0023193359375, ""delta_unsatHbonds"": 1.0, ""hbonds_int"": 8.0, ""nres_int"": 48.0, ""packstat"": 0.5876431465148926, ""sc_value"": 0.7588835954666138}}"
ova_body_c4_12_ms25_r03	AF3	28	7028	0	0	A-B,A-C,A-D,B-C,B-D,C-D	6	3	1	"{""A-B"": 25, ""A-C"": 71, ""A-D"": 37, ""B-C"": 37, ""B-D"": 70, ""C-D"": 27}"	A-D,B-C	A-B,A-C,B-D,C-D	0.22244540534846854	0.7474702596664429	0.0	-2.7791337966918945	1.7082841982669008	0.6131179332733154	0.0	-2.7627110481262207	8.09203219032532	"{""A-B"": {""dG_dSASA_ratio"": -2.785454034805298, ""dG_separated"": -31.96912956237793, ""dSASA_int"": 1147.717041015625, ""delta_unsatHbonds"": 0.0, ""hbonds_int"": 8.0, ""nres_int"": 48.0, ""packstat"": 0.5905941128730774, ""sc_value"": 0.7192085385322571}, ""A-C"": {""dG_dSASA_ratio"": -2.9269325733184814, ""dG_separated"": -50.46290969848633, ""dSASA_int"": 1724.0885009765625, ""delta_unsatHbonds"": 13.0, ""hbonds_int"": 6.0, ""nres_int"": 72.0, ""packstat"": 0.585334300994873, ""sc_value"": 0.6657750606536865}, ""A-D"": {""dG_dSASA_ratio"": -2.7791337966918945, ""dG_separated"": -33.601322174072266, ""dSASA_int"": 1209.057373046875, ""delta_unsatHbonds"": 2.0, ""hbonds_int"": 0.0, ""nres_int"": 40.0, ""packstat"": 0.5203333497047424, ""sc_value"": 0.7674237489700317}, ""B-C"": {""dG_dSASA_ratio"": -3.075451374053955, ""dG_separated"": -36.00632095336914, ""dSASA_int"": 1170.765380859375, ""delta_unsatHbonds"": 2.0, ""hbonds_int"": 0.0, ""nres_int"": 40.0, ""packstat"": 0.510222315788269, ""sc_value"": 0.7474702596664429}, ""B-D"": {""dG_dSASA_ratio"": -3.0043890476226807, ""dG_separated"": -51.978843688964844, ""dSASA_int"": 1730.096923828125, ""delta_unsatHbonds"": 14.0, ""hbonds_int"": 4.0, ""nres_int"": 76.0, ""packstat"": 0.5802662372589111, ""sc_value"": 0.6131179332733154}, ""C-D"": {""dG_dSASA_ratio"": -2.7627110481262207, ""dG_separated"": -32.57659912109375, ""dSASA_int"": 1179.1531982421875, ""delta_unsatHbonds"": 2.0, ""hbonds_int"": 7.0, ""nres_int"": 48.0, ""packstat"": 0.5624542236328125, ""sc_value"": 0.7153500318527222}}"
ova_body_c4_12_ms25_r03	AF3	29	7029	0	0	A-B,A-C,A-D,B-C,B-D,C-D	6	3	1	"{""A-B"": 27, ""A-C"": 71, ""A-D"": 36, ""B-C"": 37, ""B-D"": 72, ""C-D"": 26}"	A-D,B-C	A-B,A-C,B-D,C-D	0.22691227913119258	0.7530224919319153	0.0	-2.887125253677368	3.4483201330836053	0.6534749865531921	0.0	-2.6941683292388916	9.216328043676304	"{""A-B"": {""dG_dSASA_ratio"": -2.7289321422576904, ""dG_separated"": -30.813228607177734, ""dSASA_int"": 1129.13134765625, ""delta_unsatHbonds"": 0.0, ""hbonds_int"": 8.0, ""nres_int"": 48.0, ""packstat"": 0.45090681314468384, ""sc_value"": 0.7133786678314209}, ""A-C"": {""dG_dSASA_ratio"": -2.949082612991333, ""dG_separated"": -51.19752883911133, ""dSASA_int"": 1736.04931640625, ""delta_unsatHbonds"": 16.0, ""hbonds_int"": 6.0, ""nres_int"": 73.0, ""packstat"": 0.5781465768814087, ""sc_value"": 0.6891419291496277}, ""A-D"": {""dG_dSASA_ratio"": -2.887125253677368, ""dG_separated"": -33.362327575683594, ""dSASA_int"": 1155.5552978515625, ""delta_unsatHbonds"": 2.0, ""hbonds_int"": 0.0, ""nres_int"": 40.0, ""packstat"": 0.5092247128486633, ""sc_value"": 0.7530224919319153}, ""B-C"": {""dG_dSASA_ratio"": -2.9759867191314697, ""dG_separated"": -34.52100372314453, ""dSASA_int"": 1159.985107421875, ""delta_unsatHbonds"": 4.0, ""hbonds_int"": 0.0, ""nres_int"": 40.0, ""packstat"": 0.504165768623352, ""sc_value"": 0.772098958492279}, ""B-D"": {""dG_dSASA_ratio"": -2.950669765472412, ""dG_separated"": -53.0721549987793, ""dSASA_int"": 1798.647705078125, ""delta_unsatHbonds"": 16.0, ""hbonds_int"": 5.0, ""nres_int"": 76.0, ""packstat"": 0.6321415305137634, ""sc_value"": 0.6534749865531921}, ""C-D"": {""dG_dSASA_ratio"": -2.6941683292388916, ""dG_separated"": -31.84046745300293, ""dSASA_int"": 1181.8291015625, ""delta_unsatHbonds"": 1.0, ""hbonds_int"": 8.0, ""nres_int"": 48.0, ""packstat"": 0.5848677158355713, ""sc_value"": 0.7268165349960327}}"
ova_body_c4_12_ms25_r03	AF3	30	7030	0	0	A-B,A-C,A-D,B-C,B-D,C-D	6	3	1	"{""A-B"": 25, ""A-C"": 65, ""A-D"": 35, ""B-C"": 37, ""B-D"": 66, ""C-D"": 26}"	A-D,B-C	A-B,A-C,B-D,C-D	0.25593868049505925	0.6419978141784668	0.0	-2.1060824394226074	3.498553728979103	0.6176263689994812	0.0	-2.1060824394226074	6.419000789410586	"{""A-B"": {""dG_dSASA_ratio"": -2.7195546627044678, ""dG_separated"": -29.44452667236328, ""dSASA_int"": 1082.6966552734375, ""delta_unsatHbonds"": 2.0, ""hbonds_int"": 5.0, ""nres_int"": 48.0, ""packstat"": 0.5713720917701721, ""sc_value"": 0.727773904800415}, ""A-C"": {""dG_dSASA_ratio"": -2.7504098415374756, ""dG_separated"": -47.28936004638672, ""dSASA_int"": 1719.35693359375, ""delta_unsatHbonds"": 11.0, ""hbonds_int"": 6.0, ""nres_int"": 69.0, ""packstat"": 0.599553108215332, ""sc_value"": 0.6176263689994812}, ""A-D"": {""dG_dSASA_ratio"": -2.1060824394226074, ""dG_separated"": -24.0794620513916, ""dSASA_int"": 1143.32958984375, ""delta_unsatHbonds"": 4.0, ""hbonds_int"": 1.0, ""nres_int"": 37.0, ""packstat"": 0.45369628071784973, ""sc_value"": 0.6419978141784668}, ""B-C"": {""dG_dSASA_ratio"": -3.00705885887146, ""dG_separated"": -35.166961669921875, ""dSASA_int"": 1169.4803466796875, ""delta_unsatHbonds"": 4.0, ""hbonds_int"": 0.0, ""nres_int"": 40.0, ""packstat"": 0.6205863952636719, ""sc_value"": 0.7576243877410889}, ""B-D"": {""dG_dSASA_ratio"": -3.0059196949005127, ""dG_separated"": -51.511314392089844, ""dSASA_int"": 1713.662353515625, ""delta_unsatHbonds"": 11.0, ""hbonds_int"": 4.0, ""nres_int"": 77.0, ""packstat"": 0.6072131395339966, ""sc_value"": 0.6320558786392212}, ""C-D"": {""dG_dSASA_ratio"": -2.786045789718628, ""dG_separated"": -31.57538604736328, ""dSASA_int"": 1133.340576171875, ""delta_unsatHbonds"": 3.0, ""hbonds_int"": 6.0, ""nres_int"": 48.0, ""packstat"": 0.636481761932373, ""sc_value"": 0.7373820543289185}}"
ova_body_c4_12_ms25_r03	AF3	31	7031	0	0	A-B,A-C,A-D,B-C,B-D,C-D	6	3	1	"{""A-B"": 25, ""A-C"": 67, ""A-D"": 33, ""B-C"": 36, ""B-D"": 70, ""C-D"": 25}"	A-D,B-C	A-B,A-C,B-D,C-D	0.225991782693574	0.7373555302619934	0.0	-2.5483834743499756	3.3938902311414494	0.6404794454574585	0.0	-2.5483834743499756	6.259563492140675	"{""A-B"": {""dG_dSASA_ratio"": -2.7420997619628906, ""dG_separated"": -31.115516662597656, ""dSASA_int"": 1134.733154296875, ""delta_unsatHbonds"": 0.0, ""hbonds_int"": 8.0, ""nres_int"": 48.0, ""packstat"": 0.6077094078063965, ""sc_value"": 0.722720205783844}, ""A-C"": {""dG_dSASA_ratio"": -3.103341579437256, ""dG_separated"": -51.056819915771484, ""dSASA_int"": 1645.220703125, ""delta_unsatHbonds"": 9.0, ""hbonds_int"": 5.0, ""nres_int"": 71.0, ""packstat"": 0.5502995848655701, ""sc_value"": 0.6404794454574585}, ""A-D"": {""dG_dSASA_ratio"": -2.5483834743499756, ""dG_separated"": -30.034954071044922, ""dSASA_int"": 1178.5885009765625, ""delta_unsatHbonds"": 4.0, ""hbonds_int"": 1.0, ""nres_int"": 41.0, ""packstat"": 0.5118635296821594, ""sc_value"": 0.7373555302619934}, ""B-C"": {""dG_dSASA_ratio"": -2.94289231300354, ""dG_separated"": -35.25625991821289, ""dSASA_int"": 1198.013916015625, ""delta_unsatHbonds"": 4.0, ""hbonds_int"": 0.0, ""nres_int"": 40.0, ""packstat"": 0.5439767837524414, ""sc_value"": 0.7676222920417786}, ""B-D"": {""dG_dSASA_ratio"": -3.0043656826019287, ""dG_separated"": -52.796051025390625, ""dSASA_int"": 1757.31103515625, ""delta_unsatHbonds"": 11.0, ""hbonds_int"": 5.0, ""nres_int"": 76.0, ""packstat"": 0.5873960852622986, ""sc_value"": 0.6620240807533264}, ""C-D"": {""dG_dSASA_ratio"": -2.7449889183044434, ""dG_separated"": -30.968286514282227, ""dSASA_int"": 1128.17529296875, ""delta_unsatHbonds"": 5.0, ""hbonds_int"": 7.0, ""nres_int"": 48.0, ""packstat"": 0.6734265685081482, ""sc_value"": 0.7140352129936218}}"
ova_body_c4_12_ms25_r03	AF3	32	7032	0	0	A-B,A-C,A-D,B-C,B-D,C-D	6	3	1	"{""A-B"": 27, ""A-C"": 70, ""A-D"": 35, ""B-C"": 36, ""B-D"": 71, ""C-D"": 27}"	A-D,B-C	A-B,A-C,B-D,C-D	0.2314666240607527	0.7381045818328857	0.0	-2.8454337120056152	3.411306093618324	0.6288016438484192	0.0	-2.557709217071533	10.100502244076566	"{""A-B"": {""dG_dSASA_ratio"": -2.557709217071533, ""dG_separated"": -29.147361755371094, ""dSASA_int"": 1139.5885009765625, ""delta_unsatHbonds"": 2.0, ""hbonds_int"": 8.0, ""nres_int"": 48.0, ""packstat"": 0.4630730450153351, ""sc_value"": 0.7195584774017334}, ""A-C"": {""dG_dSASA_ratio"": -2.9049570560455322, ""dG_separated"": -50.45497512817383, ""dSASA_int"": 1736.8577880859375, ""delta_unsatHbonds"": 15.0, ""hbonds_int"": 6.0, ""nres_int"": 71.0, ""packstat"": 0.6214364171028137, ""sc_value"": 0.6288016438484192}, ""A-D"": {""dG_dSASA_ratio"": -3.1811604499816895, ""dG_separated"": -35.88623046875, ""dSASA_int"": 1128.086181640625, ""delta_unsatHbonds"": 3.0, ""hbonds_int"": 0.0, ""nres_int"": 40.0, ""packstat"": 0.46601617336273193, ""sc_value"": 0.7381045818328857}, ""B-C"": {""dG_dSASA_ratio"": -2.8454337120056152, ""dG_separated"": -33.364742279052734, ""dSASA_int"": 1172.5714111328125, ""delta_unsatHbonds"": 4.0, ""hbonds_int"": 0.0, ""nres_int"": 40.0, ""packstat"": 0.5631508231163025, ""sc_value"": 0.7593841552734375}, ""B-D"": {""dG_dSASA_ratio"": -2.9656498432159424, ""dG_separated"": -52.85053634643555, ""dSASA_int"": 1782.089599609375, ""delta_unsatHbonds"": 18.0, ""hbonds_int"": 6.0, ""nres_int"": 76.0, ""packstat"": 0.6077539920806885, ""sc_value"": 0.6789789199829102}, ""C-D"": {""dG_dSASA_ratio"": -2.735121011734009, ""dG_separated"": -31.676742553710938, ""dSASA_int"": 1158.147705078125, ""delta_unsatHbonds"": 3.0, ""hbonds_int"": 8.0, ""nres_int"": 48.0, ""packstat"": 0.5351157188415527, ""sc_value"": 0.7191300392150879}}"
ova_body_c4_12_ms25_r03	AF3	33	7033	0	0	A-B,A-C,A-D,B-C,B-D,C-D	6	3	1	"{""A-B"": 27, ""A-C"": 69, ""A-D"": 37, ""B-C"": 36, ""B-D"": 71, ""C-D"": 25}"	A-D,B-C	A-B,A-C,B-D,C-D	0.21991845399511573	0.752561092376709	0.0	-2.802119731903076	3.451551718344616	0.6516097187995911	0.0	-2.4350745677948	11.717092573398638	"{""A-B"": {""dG_dSASA_ratio"": -3.0507419109344482, ""dG_separated"": -34.18043518066406, ""dSASA_int"": 1120.3974609375, ""delta_unsatHbonds"": 0.0, ""hbonds_int"": 8.0, ""nres_int"": 48.0, ""packstat"": 0.6133323311805725, ""sc_value"": 0.7191739082336426}, ""A-C"": {""dG_dSASA_ratio"": -2.941695213317871, ""dG_separated"": -50.212032318115234, ""dSASA_int"": 1706.9080810546875, ""delta_unsatHbonds"": 20.0, ""hbonds_int"": 6.0, ""nres_int"": 72.0, ""packstat"": 0.6238685846328735, ""sc_value"": 0.65522301197052}, ""A-D"": {""dG_dSASA_ratio"": -2.802119731903076, ""dG_separated"": -33.64080810546875, ""dSASA_int"": 1200.548583984375, ""delta_unsatHbonds"": 4.0, ""hbonds_int"": 0.0, ""nres_int"": 40.0, ""packstat"": 0.5240600109100342, ""sc_value"": 0.7804751396179199}, ""B-C"": {""dG_dSASA_ratio"": -2.8345491886138916, ""dG_separated"": -32.84956359863281, ""dSASA_int"": 1158.8990478515625, ""delta_unsatHbonds"": 4.0, ""hbonds_int"": 0.0, ""nres_int"": 40.0, ""packstat"": 0.47118401527404785, ""sc_value"": 0.752561092376709}, ""B-D"": {""dG_dSASA_ratio"": -2.9705772399902344, ""dG_separated"": -52.436031341552734, ""dSASA_int"": 1765.179931640625, ""delta_unsatHbonds"": 13.0, ""hbonds_int"": 5.0, ""nres_int"": 76.0, ""packstat"": 0.6288878917694092, ""sc_value"": 0.6516097187995911}, ""C-D"": {""dG_dSASA_ratio"": -2.4350745677948, ""dG_separated"": -28.092988967895508, ""dSASA_int"": 1153.6807861328125, ""delta_unsatHbonds"": 1.0, ""hbonds_int"": 5.0, ""nres_int"": 48.0, ""packstat"": 0.6472737193107605, ""sc_value"": 0.7091710567474365}}"
ova_body_c4_12_ms25_r03	AF3	34	7034	0	0	A-B,A-C,A-D,B-C,B-D,C-D	6	3	1	"{""A-B"": 25, ""A-C"": 65, ""A-D"": 35, ""B-C"": 35, ""B-D"": 72, ""C-D"": 26}"	A-D,B-C	A-B,A-C,B-D,C-D	0.23932070250552512	0.7368324398994446	0.0	-2.889159917831421	5.1305250583854	0.6470985412597656	0.0	-2.506131649017334	10.266025801243067	"{""A-B"": {""dG_dSASA_ratio"": -2.506131649017334, ""dG_separated"": -27.365863800048828, ""dSASA_int"": 1091.9564208984375, ""delta_unsatHbonds"": 2.0, ""hbonds_int"": 5.0, ""nres_int"": 48.0, ""packstat"": 0.5562026500701904, ""sc_value"": 0.7081153988838196}, ""A-C"": {""dG_dSASA_ratio"": -2.8739864826202393, ""dG_separated"": -47.92202377319336, ""dSASA_int"": 1667.4407958984375, ""delta_unsatHbonds"": 11.0, ""hbonds_int"": 7.0, ""nres_int"": 70.0, ""packstat"": 0.5496230721473694, ""sc_value"": 0.6470985412597656}, ""A-D"": {""dG_dSASA_ratio"": -3.0810792446136475, ""dG_separated"": -36.032325744628906, ""dSASA_int"": 1169.470947265625, ""delta_unsatHbonds"": 6.0, ""hbonds_int"": 1.0, ""nres_int"": 41.0, ""packstat"": 0.568382978439331, ""sc_value"": 0.7368324398994446}, ""B-C"": {""dG_dSASA_ratio"": -2.889159917831421, ""dG_separated"": -33.70943832397461, ""dSASA_int"": 1166.7557373046875, ""delta_unsatHbonds"": 4.0, ""hbonds_int"": 0.0, ""nres_int"": 40.0, ""packstat"": 0.5775595903396606, ""sc_value"": 0.7524851560592651}, ""B-D"": {""dG_dSASA_ratio"": -3.077796459197998, ""dG_separated"": -53.9647331237793, ""dSASA_int"": 1753.356201171875, ""delta_unsatHbonds"": 18.0, ""hbonds_int"": 6.0, ""nres_int"": 77.0, ""packstat"": 0.60805344581604, ""sc_value"": 0.6938523054122925}, ""C-D"": {""dG_dSASA_ratio"": -2.776427984237671, ""dG_separated"": -30.784908294677734, ""dSASA_int"": 1108.7955322265625, ""delta_unsatHbonds"": 3.0, ""hbonds_int"": 6.0, ""nres_int"": 47.0, ""packstat"": 0.5912688374519348, ""sc_value"": 0.7038677930831909}}"
ova_body_c4_12_ms25_r03	AF3	35	7035	0	0	A-B,A-C,A-D,B-C,B-D,C-D	6	3	1	"{""A-B"": 27, ""A-C"": 69, ""A-D"": 38, ""B-C"": 37, ""B-D"": 72, ""C-D"": 26}"	A-D,B-C	A-B,A-C,B-D,C-D	0.2147911127545298	0.7668443918228149	0.0	-2.7671916484832764	3.3428121835955533	0.6058840751647949	0.0	-2.6548233032226562	9.039716973656251	"{""A-B"": {""dG_dSASA_ratio"": -2.867753744125366, ""dG_separated"": -32.414031982421875, ""dSASA_int"": 1130.29345703125, ""delta_unsatHbonds"": 0.0, ""hbonds_int"": 8.0, ""nres_int"": 48.0, ""packstat"": 0.5962449312210083, ""sc_value"": 0.7382813692092896}, ""A-C"": {""dG_dSASA_ratio"": -3.009176015853882, ""dG_separated"": -51.22500991821289, ""dSASA_int"": 1702.2935791015625, ""delta_unsatHbonds"": 15.0, ""hbonds_int"": 4.0, ""nres_int"": 72.0, ""packstat"": 0.5632991194725037, ""sc_value"": 0.6058840751647949}, ""A-D"": {""dG_dSASA_ratio"": -2.7671916484832764, ""dG_separated"": -33.63866424560547, ""dSASA_int"": 1215.624755859375, ""delta_unsatHbonds"": 4.0, ""hbonds_int"": 0.0, ""nres_int"": 40.0, ""packstat"": 0.5004050135612488, ""sc_value"": 0.7770779132843018}, ""B-C"": {""dG_dSASA_ratio"": -2.805880308151245, ""dG_separated"": -33.57508850097656, ""dSASA_int"": 1196.5972900390625, ""delta_unsatHbonds"": 4.0, ""hbonds_int"": 0.0, ""nres_int"": 40.0, ""packstat"": 0.6022841334342957, ""sc_value"": 0.7668443918228149}, ""B-D"": {""dG_dSASA_ratio"": -2.9170033931732178, ""dG_separated"": -51.6299934387207, ""dSASA_int"": 1769.9669189453125, ""delta_unsatHbonds"": 16.0, ""hbonds_int"": 5.0, ""nres_int"": 76.0, ""packstat"": 0.5884209871292114, ""sc_value"": 0.6542966365814209}, ""C-D"": {""dG_dSASA_ratio"": -2.6548233032226562, ""dG_separated"": -31.42951011657715, ""dSASA_int"": 1183.864501953125, ""delta_unsatHbonds"": 1.0, ""hbonds_int"": 8.0, ""nres_int"": 48.0, ""packstat"": 0.6092033982276917, ""sc_value"": 0.7298122644424438}}"
ova_body_c4_12_ms25_r03	AF3	36	7036	0	0	A-B,A-C,A-D,B-C,B-D,C-D	6	3	1	"{""A-B"": 26, ""A-C"": 68, ""A-D"": 37, ""B-C"": 34, ""B-D"": 69, ""C-D"": 29}"	A-D,B-C	A-B,A-C,B-D,C-D	0.22672875403014742	0.6232080459594727	0.0	-2.8156681060791016	3.3271335416447094	0.6232080459594727	0.0	-2.6770968437194824	8.602270374930319	"{""A-B"": {""dG_dSASA_ratio"": -2.6770968437194824, ""dG_separated"": -30.185001373291016, ""dSASA_int"": 1127.5274658203125, ""delta_unsatHbonds"": 0.0, ""hbonds_int"": 6.0, ""nres_int"": 48.0, ""packstat"": 0.550311803817749, ""sc_value"": 0.7204127311706543}, ""A-C"": {""dG_dSASA_ratio"": -3.109609365463257, ""dG_separated"": -52.32828903198242, ""dSASA_int"": 1682.7930908203125, ""delta_unsatHbonds"": 11.0, ""hbonds_int"": 6.0, ""nres_int"": 73.0, ""packstat"": 0.6024150848388672, ""sc_value"": 0.6660745739936829}, ""A-D"": {""dG_dSASA_ratio"": -3.463306188583374, ""dG_separated"": -41.637115478515625, ""dSASA_int"": 1202.236083984375, ""delta_unsatHbonds"": 4.0, ""hbonds_int"": 2.0, ""nres_int"": 41.0, ""packstat"": 0.5619325041770935, ""sc_value"": 0.7287896275520325}, ""B-C"": {""dG_dSASA_ratio"": -2.8156681060791016, ""dG_separated"": -34.60134506225586, ""dSASA_int"": 1228.8858642578125, ""delta_unsatHbonds"": 4.0, ""hbonds_int"": 0.0, ""nres_int"": 41.0, ""packstat"": 0.5443220138549805, ""sc_value"": 0.6232080459594727}, ""B-D"": {""dG_dSASA_ratio"": -2.863206624984741, ""dG_separated"": -49.92647171020508, ""dSASA_int"": 1743.7257080078125, ""delta_unsatHbonds"": 15.0, ""hbonds_int"": 6.0, ""nres_int"": 76.0, ""packstat"": 0.5881829261779785, ""sc_value"": 0.6608923673629761}, ""C-D"": {""dG_dSASA_ratio"": -2.7672109603881836, ""dG_separated"": -32.09879684448242, ""dSASA_int"": 1159.96923828125, ""delta_unsatHbonds"": 3.0, ""hbonds_int"": 8.0, ""nres_int"": 48.0, ""packstat"": 0.5743070244789124, ""sc_value"": 0.7358201146125793}}"
ova_body_c4_12_ms25_r03	AF3	37	7037	0	0	A-B,A-C,A-D,B-C,B-D,C-D	6	3	1	"{""A-B"": 24, ""A-C"": 64, ""A-D"": 36, ""B-C"": 36, ""B-D"": 69, ""C-D"": 26}"	A-D,B-C	A-B,A-C,B-D,C-D	0.2034209065726816	0.7463376522064209	0.0	-2.8607239723205566	3.4811127747532633	0.6168975234031677	0.0	-2.311284303665161	7.970284892095929	"{""A-B"": {""dG_dSASA_ratio"": -2.311284303665161, ""dG_separated"": -24.975019454956055, ""dSASA_int"": 1080.56884765625, ""delta_unsatHbonds"": 0.0, ""hbonds_int"": 5.0, ""nres_int"": 48.0, ""packstat"": 0.5748423337936401, ""sc_value"": 0.7482184767723083}, ""A-C"": {""dG_dSASA_ratio"": -2.794022798538208, ""dG_separated"": -46.66278076171875, ""dSASA_int"": 1670.093017578125, ""delta_unsatHbonds"": 12.0, ""hbonds_int"": 5.0, ""nres_int"": 68.0, ""packstat"": 0.5514775514602661, ""sc_value"": 0.6168975234031677}, ""A-D"": {""dG_dSASA_ratio"": -2.9993772506713867, ""dG_separated"": -33.8603401184082, ""dSASA_int"": 1128.9122314453125, ""delta_unsatHbonds"": 2.0, ""hbonds_int"": 0.0, ""nres_int"": 40.0, ""packstat"": 0.508565366268158, ""sc_value"": 0.7484174966812134}, ""B-C"": {""dG_dSASA_ratio"": -2.8607239723205566, ""dG_separated"": -32.87137222290039, ""dSASA_int"": 1149.057861328125, ""delta_unsatHbonds"": 4.0, ""hbonds_int"": 0.0, ""nres_int"": 38.0, ""packstat"": 0.6121931672096252, ""sc_value"": 0.7463376522064209}, ""B-D"": {""dG_dSASA_ratio"": -2.8614792823791504, ""dG_separated"": -50.26258087158203, ""dSASA_int"": 1756.5244140625, ""delta_unsatHbonds"": 14.0, ""hbonds_int"": 5.0, ""nres_int"": 75.0, ""packstat"": 0.5245711207389832, ""sc_value"": 0.6623309850692749}, ""C-D"": {""dG_dSASA_ratio"": -2.6667263507843018, ""dG_separated"": -30.188030242919922, ""dSASA_int"": 1132.0257568359375, ""delta_unsatHbonds"": 3.0, ""hbonds_int"": 5.0, ""nres_int"": 48.0, ""packstat"": 0.6055349111557007, ""sc_value"": 0.7222706079483032}}"
ova_body_c4_12_ms25_r03	AF3	38	7038	0	0	A-B,A-C,A-D,B-C,B-D,C-D	6	3	1	"{""A-B"": 28, ""A-C"": 68, ""A-D"": 37, ""B-C"": 39, ""B-D"": 69, ""C-D"": 25}"	A-D,B-C	A-B,A-C,B-D,C-D	0.22051818285285196	0.6998113393783569	0.0	-3.2015976905822754	3.2440008802995552	0.6102002859115601	0.0	-2.752500295639038	8.893376106651033	"{""A-B"": {""dG_dSASA_ratio"": -2.8099429607391357, ""dG_separated"": -31.649200439453125, ""dSASA_int"": 1126.3289794921875, ""delta_unsatHbonds"": 0.0, ""hbonds_int"": 8.0, ""nres_int"": 48.0, ""packstat"": 0.6135702133178711, ""sc_value"": 0.7448298931121826}, ""A-C"": {""dG_dSASA_ratio"": -2.9615588188171387, ""dG_separated"": -49.95109176635742, ""dSASA_int"": 1686.6485595703125, ""delta_unsatHbonds"": 15.0, ""hbonds_int"": 6.0, ""nres_int"": 74.0, ""packstat"": 0.5386110544204712, ""sc_value"": 0.6293257474899292}, ""A-D"": {""dG_dSASA_ratio"": -3.2015976905822754, ""dG_separated"": -36.497520446777344, ""dSASA_int"": 1139.978271484375, ""delta_unsatHbonds"": 2.0, ""hbonds_int"": 0.0, ""nres_int"": 41.0, ""packstat"": 0.6096815466880798, ""sc_value"": 0.7767964601516724}, ""B-C"": {""dG_dSASA_ratio"": -3.3156752586364746, ""dG_separated"": -40.8837776184082, ""dSASA_int"": 1233.0452880859375, ""delta_unsatHbonds"": 4.0, ""hbonds_int"": 2.0, ""nres_int"": 41.0, ""packstat"": 0.5831806063652039, ""sc_value"": 0.6998113393783569}, ""B-D"": {""dG_dSASA_ratio"": -2.8262345790863037, ""dG_separated"": -49.50495147705078, ""dSASA_int"": 1751.622314453125, ""delta_unsatHbonds"": 15.0, ""hbonds_int"": 3.0, ""nres_int"": 76.0, ""packstat"": 0.496550589799881, ""sc_value"": 0.6102002859115601}, ""C-D"": {""dG_dSASA_ratio"": -2.752500295639038, ""dG_separated"": -31.308225631713867, ""dSASA_int"": 1137.44677734375, ""delta_unsatHbonds"": 1.0, ""hbonds_int"": 5.0, ""nres_int"": 48.0, ""packstat"": 0.6323695182800293, ""sc_value"": 0.7160395979881287}}"
ova_body_c4_12_ms25_r03	AF3	39	7039	0	0	A-B,A-C,A-D,B-C,B-D,C-D	6	3	1	"{""A-B"": 28, ""A-C"": 65, ""A-D"": 36, ""B-C"": 36, ""B-D"": 69, ""C-D"": 24}"	A-D,B-C	A-B,A-C,B-D,C-D	0.22513452075207932	0.7429159879684448	0.0	-2.328612804412842	6.488486737887947	0.6214966773986816	0.0	-2.328612804412842	13.411061534889502	"{""A-B"": {""dG_dSASA_ratio"": -2.683475971221924, ""dG_separated"": -30.592082977294922, ""dSASA_int"": 1140.0169677734375, ""delta_unsatHbonds"": 0.0, ""hbonds_int"": 7.0, ""nres_int"": 48.0, ""packstat"": 0.5602203011512756, ""sc_value"": 0.7338151335716248}, ""A-C"": {""dG_dSASA_ratio"": -2.9459595680236816, ""dG_separated"": -49.2451286315918, ""dSASA_int"": 1671.615966796875, ""delta_unsatHbonds"": 13.0, ""hbonds_int"": 5.0, ""nres_int"": 71.0, ""packstat"": 0.6318176984786987, ""sc_value"": 0.6348609924316406}, ""A-D"": {""dG_dSASA_ratio"": -2.328612804412842, ""dG_separated"": -28.710704803466797, ""dSASA_int"": 1232.953125, ""delta_unsatHbonds"": 8.0, ""hbonds_int"": 0.0, ""nres_int"": 40.0, ""packstat"": 0.5368680953979492, ""sc_value"": 0.7467932105064392}, ""B-C"": {""dG_dSASA_ratio"": -2.8895647525787354, ""dG_separated"": -33.6612434387207, ""dSASA_int"": 1164.92431640625, ""delta_unsatHbonds"": 4.0, ""hbonds_int"": 0.0, ""nres_int"": 40.0, ""packstat"": 0.6065622568130493, ""sc_value"": 0.7429159879684448}, ""B-D"": {""dG_dSASA_ratio"": -2.848435878753662, ""dG_separated"": -48.850738525390625, ""dSASA_int"": 1715.002197265625, ""delta_unsatHbonds"": 23.0, ""hbonds_int"": 5.0, ""nres_int"": 75.0, ""packstat"": 0.5826300382614136, ""sc_value"": 0.6214966773986816}, ""C-D"": {""dG_dSASA_ratio"": -2.5328283309936523, ""dG_separated"": -27.030548095703125, ""dSASA_int"": 1067.2080078125, ""delta_unsatHbonds"": 3.0, ""hbonds_int"": 5.0, ""nres_int"": 47.0, ""packstat"": 0.5712460279464722, ""sc_value"": 0.7227480411529541}}"
ova_body_c4_12_ms25_r03	AF3	40	7040	0	0	A-B,A-C,A-D,B-C,B-D,C-D	6	3	1	"{""A-B"": 27, ""A-C"": 72, ""A-D"": 35, ""B-C"": 38, ""B-D"": 70, ""C-D"": 27}"	A-D,B-C	A-B,A-C,B-D,C-D	0.22692397316358956	0.7391374111175537	0.0	-2.7873144149780273	1.7306144040270586	0.6267061829566956	0.0	-2.6884191036224365	10.24680772288089	"{""A-B"": {""dG_dSASA_ratio"": -2.816878080368042, ""dG_separated"": -31.799646377563477, ""dSASA_int"": 1128.8968505859375, ""delta_unsatHbonds"": 0.0, ""hbonds_int"": 8.0, ""nres_int"": 48.0, ""packstat"": 0.6173485517501831, ""sc_value"": 0.7289689779281616}, ""A-C"": {""dG_dSASA_ratio"": -2.9603049755096436, ""dG_separated"": -52.00204086303711, ""dSASA_int"": 1756.6446533203125, ""delta_unsatHbonds"": 18.0, ""hbonds_int"": 5.0, ""nres_int"": 72.0, ""packstat"": 0.5579463839530945, ""sc_value"": 0.6267061829566956}, ""A-D"": {""dG_dSASA_ratio"": -2.7873144149780273, ""dG_separated"": -32.211849212646484, ""dSASA_int"": 1155.658935546875, ""delta_unsatHbonds"": 2.0, ""hbonds_int"": 0.0, ""nres_int"": 40.0, ""packstat"": 0.5807541012763977, ""sc_value"": 0.7715845108032227}, ""B-C"": {""dG_dSASA_ratio"": -3.050149440765381, ""dG_separated"": -35.942752838134766, ""dSASA_int"": 1178.3931884765625, ""delta_unsatHbonds"": 0.0, ""hbonds_int"": 0.0, ""nres_int"": 40.0, ""packstat"": 0.4566122889518738, ""sc_value"": 0.7391374111175537}, ""B-D"": {""dG_dSASA_ratio"": -2.9055044651031494, ""dG_separated"": -51.19525909423828, ""dSASA_int"": 1762.0093994140625, ""delta_unsatHbonds"": 15.0, ""hbonds_int"": 5.0, ""nres_int"": 76.0, ""packstat"": 0.672986626625061, ""sc_value"": 0.6595892906188965}, ""C-D"": {""dG_dSASA_ratio"": -2.6884191036224365, ""dG_separated"": -31.751195907592773, ""dSASA_int"": 1181.0360107421875, ""delta_unsatHbonds"": 1.0, ""hbonds_int"": 8.0, ""nres_int"": 48.0, ""packstat"": 0.5830694437026978, ""sc_value"": 0.7249256372451782}}"
ova_body_c4_12_ms25_r03	AF3	41	7041	0	0	A-B,A-C,A-D,B-C,B-D,C-D	6	3	1	"{""A-B"": 24, ""A-C"": 67, ""A-D"": 33, ""B-C"": 34, ""B-D"": 61, ""C-D"": 26}"	A-D,B-C	A-B,A-C,B-D,C-D	0.21092790003281753	0.7489680647850037	1.0	-2.687002658843994	1.7038755056040489	0.6029059886932373	1.0	-2.4742183685302734	8.982850781675422	"{""A-B"": {""dG_dSASA_ratio"": -2.4742183685302734, ""dG_separated"": -26.126750946044922, ""dSASA_int"": 1055.9598388671875, ""delta_unsatHbonds"": 0.0, ""hbonds_int"": 5.0, ""nres_int"": 48.0, ""packstat"": 0.6171952486038208, ""sc_value"": 0.7063906192779541}, ""A-C"": {""dG_dSASA_ratio"": -3.003347158432007, ""dG_separated"": -50.15134811401367, ""dSASA_int"": 1669.8485107421875, ""delta_unsatHbonds"": 15.0, ""hbonds_int"": 5.0, ""nres_int"": 70.0, ""packstat"": 0.5897550582885742, ""sc_value"": 0.6095321774482727}, ""A-D"": {""dG_dSASA_ratio"": -2.687002658843994, ""dG_separated"": -31.53989601135254, ""dSASA_int"": 1173.794677734375, ""delta_unsatHbonds"": 2.0, ""hbonds_int"": 1.0, ""nres_int"": 40.0, ""packstat"": 0.5699828863143921, ""sc_value"": 0.7640141248703003}, ""B-C"": {""dG_dSASA_ratio"": -3.2163424491882324, ""dG_separated"": -36.12383270263672, ""dSASA_int"": 1123.1339111328125, ""delta_unsatHbonds"": 1.0, ""hbonds_int"": 2.0, ""nres_int"": 40.0, ""packstat"": 0.5819933414459229, ""sc_value"": 0.7489680647850037}, ""B-D"": {""dG_dSASA_ratio"": -3.0205652713775635, ""dG_separated"": -50.637001037597656, ""dSASA_int"": 1676.4080810546875, ""delta_unsatHbonds"": 15.0, ""hbonds_int"": 5.0, ""nres_int"": 75.0, ""packstat"": 0.5627133846282959, ""sc_value"": 0.6029059886932373}, ""C-D"": {""dG_dSASA_ratio"": -2.735107183456421, ""dG_separated"": -31.144411087036133, ""dSASA_int"": 1138.6907958984375, ""delta_unsatHbonds"": 1.0, ""hbonds_int"": 8.0, ""nres_int"": 48.0, ""packstat"": 0.5902008414268494, ""sc_value"": 0.7216513156890869}}"
ova_body_c4_12_ms25_r03	AF3	42	7042	0	0	A-B,A-C,A-D,B-C,B-D,C-D	6	3	1	"{""A-B"": 25, ""A-C"": 71, ""A-D"": 35, ""B-C"": 37, ""B-D"": 70, ""C-D"": 26}"	A-D,B-C	A-B,A-C,B-D,C-D	0.2166544042222427	0.7452627420425415	0.0	-2.124048948287964	3.3745738915619485	0.6126617193222046	0.0	-2.124048948287964	9.209318279848976	"{""A-B"": {""dG_dSASA_ratio"": -2.871281385421753, ""dG_separated"": -31.681930541992188, ""dSASA_int"": 1103.4073486328125, ""delta_unsatHbonds"": 0.0, ""hbonds_int"": 7.0, ""nres_int"": 48.0, ""packstat"": 0.6116744875907898, ""sc_value"": 0.7322872281074524}, ""A-C"": {""dG_dSASA_ratio"": -3.0029242038726807, ""dG_separated"": -52.644779205322266, ""dSASA_int"": 1753.1171875, ""delta_unsatHbonds"": 14.0, ""hbonds_int"": 6.0, ""nres_int"": 71.0, ""packstat"": 0.6604387760162354, ""sc_value"": 0.6734123229980469}, ""A-D"": {""dG_dSASA_ratio"": -2.124048948287964, ""dG_separated"": -25.780744552612305, ""dSASA_int"": 1213.7547607421875, ""delta_unsatHbonds"": 4.0, ""hbonds_int"": 0.0, ""nres_int"": 40.0, ""packstat"": 0.5826795697212219, ""sc_value"": 0.7452627420425415}, ""B-C"": {""dG_dSASA_ratio"": -2.8857381343841553, ""dG_separated"": -34.205657958984375, ""dSASA_int"": 1185.3348388671875, ""delta_unsatHbonds"": 4.0, ""hbonds_int"": 0.0, ""nres_int"": 40.0, ""packstat"": 0.5660327672958374, ""sc_value"": 0.7664467692375183}, ""B-D"": {""dG_dSASA_ratio"": -2.891530752182007, ""dG_separated"": -50.23660659790039, ""dSASA_int"": 1737.3707275390625, ""delta_unsatHbonds"": 16.0, ""hbonds_int"": 5.0, ""nres_int"": 74.0, ""packstat"": 0.595237135887146, ""sc_value"": 0.6126617193222046}, ""C-D"": {""dG_dSASA_ratio"": -2.7505061626434326, ""dG_separated"": -31.40738868713379, ""dSASA_int"": 1141.876708984375, ""delta_unsatHbonds"": 1.0, ""hbonds_int"": 7.0, ""nres_int"": 48.0, ""packstat"": 0.573322594165802, ""sc_value"": 0.7255882024765015}}"
ova_body_c4_12_ms25_r03	AF3	43	7043	0	0	A-B,A-C,A-D,B-C,B-D,C-D	6	3	1	"{""A-B"": 25, ""A-C"": 71, ""A-D"": 38, ""B-C"": 36, ""B-D"": 71, ""C-D"": 27}"	A-D,B-C	A-B,A-C,B-D,C-D	0.21656475259509247	0.7489886283874512	0.0	-2.807058572769165	3.4140413912927148	0.6534165143966675	0.0	-2.7433457374572754	10.765693040797832	"{""A-B"": {""dG_dSASA_ratio"": -2.9031875133514404, ""dG_separated"": -32.971405029296875, ""dSASA_int"": 1135.6966552734375, ""delta_unsatHbonds"": 2.0, ""hbonds_int"": 8.0, ""nres_int"": 48.0, ""packstat"": 0.5819134712219238, ""sc_value"": 0.7269811630249023}, ""A-C"": {""dG_dSASA_ratio"": -2.869565010070801, ""dG_separated"": -50.098506927490234, ""dSASA_int"": 1745.857177734375, ""delta_unsatHbonds"": 10.0, ""hbonds_int"": 5.0, ""nres_int"": 72.0, ""packstat"": 0.6312128305435181, ""sc_value"": 0.6534165143966675}, ""A-D"": {""dG_dSASA_ratio"": -2.8515572547912598, ""dG_separated"": -34.95848083496094, ""dSASA_int"": 1225.9434814453125, ""delta_unsatHbonds"": 4.0, ""hbonds_int"": 0.0, ""nres_int"": 40.0, ""packstat"": 0.6032751202583313, ""sc_value"": 0.7715954184532166}, ""B-C"": {""dG_dSASA_ratio"": -2.807058572769165, ""dG_separated"": -32.88839340209961, ""dSASA_int"": 1171.6319580078125, ""delta_unsatHbonds"": 4.0, ""hbonds_int"": 0.0, ""nres_int"": 40.0, ""packstat"": 0.5538782477378845, ""sc_value"": 0.7489886283874512}, ""B-D"": {""dG_dSASA_ratio"": -2.961569309234619, ""dG_separated"": -52.26771545410156, ""dSASA_int"": 1764.865478515625, ""delta_unsatHbonds"": 19.0, ""hbonds_int"": 5.0, ""nres_int"": 76.0, ""packstat"": 0.5950708985328674, ""sc_value"": 0.6549555659294128}, ""C-D"": {""dG_dSASA_ratio"": -2.7433457374572754, ""dG_separated"": -32.336429595947266, ""dSASA_int"": 1178.722412109375, ""delta_unsatHbonds"": 3.0, ""hbonds_int"": 8.0, ""nres_int"": 48.0, ""packstat"": 0.542170524597168, ""sc_value"": 0.7292945384979248}}"
ova_body_c4_12_ms25_r03	AF3	44	7044	0	0	A-B,A-C,A-D,B-C,B-D,C-D	6	3	1	"{""A-B"": 25, ""A-C"": 67, ""A-D"": 34, ""B-C"": 35, ""B-D"": 71, ""C-D"": 27}"	A-D,B-C	A-B,A-C,B-D,C-D	0.2122901374159617	0.7620153427124023	0.0	-2.3842549324035645	3.4295371820315195	0.6390740871429443	0.0	-2.343776226043701	11.61765258002904	"{""A-B"": {""dG_dSASA_ratio"": -2.343776226043701, ""dG_separated"": -23.904314041137695, ""dSASA_int"": 1019.9060668945312, ""delta_unsatHbonds"": 1.0, ""hbonds_int"": 4.0, ""nres_int"": 47.0, ""packstat"": 0.5287767052650452, ""sc_value"": 0.7006434202194214}, ""A-C"": {""dG_dSASA_ratio"": -3.001645565032959, ""dG_separated"": -49.090179443359375, ""dSASA_int"": 1635.4422607421875, ""delta_unsatHbonds"": 19.0, ""hbonds_int"": 5.0, ""nres_int"": 70.0, ""packstat"": 0.5944982767105103, ""sc_value"": 0.6390740871429443}, ""A-D"": {""dG_dSASA_ratio"": -2.3842549324035645, ""dG_separated"": -27.808475494384766, ""dSASA_int"": 1166.338134765625, ""delta_unsatHbonds"": 4.0, ""hbonds_int"": 0.0, ""nres_int"": 38.0, ""packstat"": 0.4554840624332428, ""sc_value"": 0.765178382396698}, ""B-C"": {""dG_dSASA_ratio"": -2.6359493732452393, ""dG_separated"": -30.905500411987305, ""dSASA_int"": 1172.4619140625, ""delta_unsatHbonds"": 4.0, ""hbonds_int"": 0.0, ""nres_int"": 40.0, ""packstat"": 0.5251022577285767, ""sc_value"": 0.7620153427124023}, ""B-D"": {""dG_dSASA_ratio"": -3.0185258388519287, ""dG_separated"": -53.008846282958984, ""dSASA_int"": 1756.116943359375, ""delta_unsatHbonds"": 15.0, ""hbonds_int"": 6.0, ""nres_int"": 75.0, ""packstat"": 0.5713270306587219, ""sc_value"": 0.6822398900985718}, ""C-D"": {""dG_dSASA_ratio"": -2.728949785232544, ""dG_separated"": -32.35154342651367, ""dSASA_int"": 1185.4942626953125, ""delta_unsatHbonds"": 2.0, ""hbonds_int"": 7.0, ""nres_int"": 48.0, ""packstat"": 0.5572938323020935, ""sc_value"": 0.712804913520813}}"
ova_body_c4_12_ms25_r03	AF3	45	7045	0	0	A-B,A-C,A-D,B-C,B-D,C-D	6	3	1	"{""A-B"": 28, ""A-C"": 66, ""A-D"": 35, ""B-C"": 37, ""B-D"": 75, ""C-D"": 25}"	A-D,B-C	A-B,A-C,B-D,C-D	0.22372619810804567	0.6714807748794556	0.0	-2.8293206691741943	3.316211180149367	0.5822800397872925	0.0	-2.685228109359741	10.301941940911192	"{""A-B"": {""dG_dSASA_ratio"": -2.685228109359741, ""dG_separated"": -30.936458587646484, ""dSASA_int"": 1152.0980224609375, ""delta_unsatHbonds"": 2.0, ""hbonds_int"": 8.0, ""nres_int"": 48.0, ""packstat"": 0.6085638403892517, ""sc_value"": 0.7172516584396362}, ""A-C"": {""dG_dSASA_ratio"": -2.987095832824707, ""dG_separated"": -49.29228973388672, ""dSASA_int"": 1650.17431640625, ""delta_unsatHbonds"": 17.0, ""hbonds_int"": 4.0, ""nres_int"": 71.0, ""packstat"": 0.5833004713058472, ""sc_value"": 0.5822800397872925}, ""A-D"": {""dG_dSASA_ratio"": -2.980329751968384, ""dG_separated"": -34.754188537597656, ""dSASA_int"": 1166.118896484375, ""delta_unsatHbonds"": 2.0, ""hbonds_int"": 0.0, ""nres_int"": 40.0, ""packstat"": 0.49826961755752563, ""sc_value"": 0.6714807748794556}, ""B-C"": {""dG_dSASA_ratio"": -2.8293206691741943, ""dG_separated"": -34.12714385986328, ""dSASA_int"": 1206.19580078125, ""delta_unsatHbonds"": 4.0, ""hbonds_int"": 0.0, ""nres_int"": 40.0, ""packstat"": 0.46317511796951294, ""sc_value"": 0.7596673965454102}, ""B-D"": {""dG_dSASA_ratio"": -2.906609058380127, ""dG_separated"": -52.307064056396484, ""dSASA_int"": 1799.5906982421875, ""delta_unsatHbonds"": 14.0, ""hbonds_int"": 6.0, ""nres_int"": 76.0, ""packstat"": 0.6418448090553284, ""sc_value"": 0.6827953457832336}, ""C-D"": {""dG_dSASA_ratio"": -2.732459545135498, ""dG_separated"": -32.081878662109375, ""dSASA_int"": 1174.1026611328125, ""delta_unsatHbonds"": 1.0, ""hbonds_int"": 8.0, ""nres_int"": 48.0, ""packstat"": 0.5404177904129028, ""sc_value"": 0.725121259689331}}"
ova_body_c4_12_ms25_r03	AF3	46	7046	0	0	A-B,A-C,A-D,B-C,B-D,C-D	6	3	1	"{""A-B"": 26, ""A-C"": 69, ""A-D"": 38, ""B-C"": 36, ""B-D"": 71, ""C-D"": 26}"	A-D,B-C	A-B,A-C,B-D,C-D	0.22259360821158689	0.7604575157165527	0.0	-2.7801222801208496	3.384544608428082	0.6256940364837646	0.0	-2.6317126750946045	10.777477282703982	"{""A-B"": {""dG_dSASA_ratio"": -2.7151095867156982, ""dG_separated"": -31.212926864624023, ""dSASA_int"": 1149.6009521484375, ""delta_unsatHbonds"": 0.0, ""hbonds_int"": 8.0, ""nres_int"": 48.0, ""packstat"": 0.5204787254333496, ""sc_value"": 0.7132236957550049}, ""A-C"": {""dG_dSASA_ratio"": -2.9821202754974365, ""dG_separated"": -49.805870056152344, ""dSASA_int"": 1670.149658203125, ""delta_unsatHbonds"": 18.0, ""hbonds_int"": 5.0, ""nres_int"": 72.0, ""packstat"": 0.5704752206802368, ""sc_value"": 0.6256940364837646}, ""A-D"": {""dG_dSASA_ratio"": -2.7801222801208496, ""dG_separated"": -33.71653747558594, ""dSASA_int"": 1212.771728515625, ""delta_unsatHbonds"": 4.0, ""hbonds_int"": 0.0, ""nres_int"": 40.0, ""packstat"": 0.5284220576286316, ""sc_value"": 0.7735185623168945}, ""B-C"": {""dG_dSASA_ratio"": -2.8081634044647217, ""dG_separated"": -33.188079833984375, ""dSASA_int"": 1181.8428955078125, ""delta_unsatHbonds"": 4.0, ""hbonds_int"": 0.0, ""nres_int"": 40.0, ""packstat"": 0.5398128032684326, ""sc_value"": 0.7604575157165527}, ""B-D"": {""dG_dSASA_ratio"": -2.9420371055603027, ""dG_separated"": -51.3858642578125, ""dSASA_int"": 1746.6082763671875, ""delta_unsatHbonds"": 16.0, ""hbonds_int"": 5.0, ""nres_int"": 76.0, ""packstat"": 0.662246584892273, ""sc_value"": 0.6680834293365479}, ""C-D"": {""dG_dSASA_ratio"": -2.6317126750946045, ""dG_separated"": -30.210430145263672, ""dSASA_int"": 1147.93798828125, ""delta_unsatHbonds"": 1.0, ""hbonds_int"": 7.0, ""nres_int"": 48.0, ""packstat"": 0.6153415441513062, ""sc_value"": 0.709324061870575}}"
ova_body_c4_12_ms25_r03	AF3	47	7047	0	0	A-B,A-C,A-D,B-C,B-D,C-D	6	3	1	"{""A-B"": 26, ""A-C"": 65, ""A-D"": 34, ""B-C"": 35, ""B-D"": 68, ""C-D"": 25}"	A-D,B-C	A-B,A-C,B-D,C-D	0.2180276163346032	0.7321230173110962	0.0	-2.090139150619507	5.038733624525773	0.6184406280517578	0.0	-2.090139150619507	11.045662639341955	"{""A-B"": {""dG_dSASA_ratio"": -2.7240500450134277, ""dG_separated"": -29.286691665649414, ""dSASA_int"": 1075.11572265625, ""delta_unsatHbonds"": 0.0, ""hbonds_int"": 7.0, ""nres_int"": 48.0, ""packstat"": 0.6232300400733948, ""sc_value"": 0.7269145250320435}, ""A-C"": {""dG_dSASA_ratio"": -3.038578510284424, ""dG_separated"": -49.693939208984375, ""dSASA_int"": 1635.433837890625, ""delta_unsatHbonds"": 18.0, ""hbonds_int"": 5.0, ""nres_int"": 70.0, ""packstat"": 0.5632539391517639, ""sc_value"": 0.6184406280517578}, ""A-D"": {""dG_dSASA_ratio"": -2.090139150619507, ""dG_separated"": -24.88886260986328, ""dSASA_int"": 1190.775390625, ""delta_unsatHbonds"": 6.0, ""hbonds_int"": 0.0, ""nres_int"": 40.0, ""packstat"": 0.6127870678901672, ""sc_value"": 0.7321230173110962}, ""B-C"": {""dG_dSASA_ratio"": -3.166412353515625, ""dG_separated"": -35.65568161010742, ""dSASA_int"": 1126.059326171875, ""delta_unsatHbonds"": 4.0, ""hbonds_int"": 1.0, ""nres_int"": 40.0, ""packstat"": 0.4812273383140564, ""sc_value"": 0.7344024181365967}, ""B-D"": {""dG_dSASA_ratio"": -2.9251456260681152, ""dG_separated"": -50.31637191772461, ""dSASA_int"": 1720.1322021484375, ""delta_unsatHbonds"": 19.0, ""hbonds_int"": 5.0, ""nres_int"": 76.0, ""packstat"": 0.6114241480827332, ""sc_value"": 0.6470359563827515}, ""C-D"": {""dG_dSASA_ratio"": -2.61370587348938, ""dG_separated"": -29.110177993774414, ""dSASA_int"": 1113.7510986328125, ""delta_unsatHbonds"": 3.0, ""hbonds_int"": 5.0, ""nres_int"": 48.0, ""packstat"": 0.5346173644065857, ""sc_value"": 0.7466071248054504}}"
ova_body_c4_12_ms25_r03	AF3	48	7048	0	0	A-B,A-C,A-D,B-C,B-D,C-D	6	3	1	"{""A-B"": 25, ""A-C"": 68, ""A-D"": 35, ""B-C"": 33, ""B-D"": 69, ""C-D"": 25}"	A-D,B-C	A-B,A-C,B-D,C-D	0.2154224450340723	0.6350746154785156	0.0	-2.5880398750305176	5.311086244208828	0.6350746154785156	0.0	-2.481687545776367	11.711026420287181	"{""A-B"": {""dG_dSASA_ratio"": -2.6303250789642334, ""dG_separated"": -26.710586547851562, ""dSASA_int"": 1015.486083984375, ""delta_unsatHbonds"": 2.0, ""hbonds_int"": 5.0, ""nres_int"": 48.0, ""packstat"": 0.550875723361969, ""sc_value"": 0.7323455810546875}, ""A-C"": {""dG_dSASA_ratio"": -2.9991822242736816, ""dG_separated"": -51.21980285644531, ""dSASA_int"": 1707.792236328125, ""delta_unsatHbonds"": 20.0, ""hbonds_int"": 6.0, ""nres_int"": 73.0, ""packstat"": 0.5020979642868042, ""sc_value"": 0.6458132266998291}, ""A-D"": {""dG_dSASA_ratio"": -2.8587162494659424, ""dG_separated"": -33.83851623535156, ""dSASA_int"": 1183.6962890625, ""delta_unsatHbonds"": 4.0, ""hbonds_int"": 0.0, ""nres_int"": 39.0, ""packstat"": 0.5455183982849121, ""sc_value"": 0.6350746154785156}, ""B-C"": {""dG_dSASA_ratio"": -2.5880398750305176, ""dG_separated"": -29.237407684326172, ""dSASA_int"": 1129.71240234375, ""delta_unsatHbonds"": 6.0, ""hbonds_int"": 0.0, ""nres_int"": 38.0, ""packstat"": 0.5607760548591614, ""sc_value"": 0.7584654688835144}, ""B-D"": {""dG_dSASA_ratio"": -2.9836387634277344, ""dG_separated"": -51.8873176574707, ""dSASA_int"": 1739.0616455078125, ""delta_unsatHbonds"": 16.0, ""hbonds_int"": 6.0, ""nres_int"": 76.0, ""packstat"": 0.6082177758216858, ""sc_value"": 0.6705840826034546}, ""C-D"": {""dG_dSASA_ratio"": -2.481687545776367, ""dG_separated"": -28.119800567626953, ""dSASA_int"": 1133.0919189453125, ""delta_unsatHbonds"": 3.0, ""hbonds_int"": 4.0, ""nres_int"": 48.0, ""packstat"": 0.5591538548469543, ""sc_value"": 0.7220731973648071}}"
ova_body_c4_12_ms25_r03	AF3	49	7049	0	0	A-B,A-C,A-D,B-C,B-D,C-D	6	3	1	"{""A-B"": 28, ""A-C"": 66, ""A-D"": 37, ""B-C"": 37, ""B-D"": 67, ""C-D"": 25}"	A-D,B-C	A-B,A-C,B-D,C-D	0.24464063518494325	0.7480741739273071	0.0	-2.4173316955566406	3.369762999780135	0.6280615329742432	0.0	-2.4173316955566406	11.017260478565083	"{""A-B"": {""dG_dSASA_ratio"": -2.7007436752319336, ""dG_separated"": -30.796451568603516, ""dSASA_int"": 1140.2952880859375, ""delta_unsatHbonds"": 0.0, ""hbonds_int"": 8.0, ""nres_int"": 48.0, ""packstat"": 0.6286293268203735, ""sc_value"": 0.7164340615272522}, ""A-C"": {""dG_dSASA_ratio"": -2.9258873462677, ""dG_separated"": -48.87205123901367, ""dSASA_int"": 1670.3326416015625, ""delta_unsatHbonds"": 11.0, ""hbonds_int"": 6.0, ""nres_int"": 71.0, ""packstat"": 0.6189087629318237, ""sc_value"": 0.630704939365387}, ""A-D"": {""dG_dSASA_ratio"": -2.4173316955566406, ""dG_separated"": -30.740522384643555, ""dSASA_int"": 1271.671630859375, ""delta_unsatHbonds"": 4.0, ""hbonds_int"": 1.0, ""nres_int"": 41.0, ""packstat"": 0.5766619443893433, ""sc_value"": 0.7480741739273071}, ""B-C"": {""dG_dSASA_ratio"": -2.937333583831787, ""dG_separated"": -34.866943359375, ""dSASA_int"": 1187.027099609375, ""delta_unsatHbonds"": 4.0, ""hbonds_int"": 0.0, ""nres_int"": 40.0, ""packstat"": 0.6177809834480286, ""sc_value"": 0.7850990295410156}, ""B-D"": {""dG_dSASA_ratio"": -2.9561948776245117, ""dG_separated"": -50.98155212402344, ""dSASA_int"": 1724.566650390625, ""delta_unsatHbonds"": 19.0, ""hbonds_int"": 4.0, ""nres_int"": 77.0, ""packstat"": 0.5870286822319031, ""sc_value"": 0.6280615329742432}, ""C-D"": {""dG_dSASA_ratio"": -2.852208375930786, ""dG_separated"": -31.912918090820312, ""dSASA_int"": 1118.884521484375, ""delta_unsatHbonds"": 4.0, ""hbonds_int"": 7.0, ""nres_int"": 47.0, ""packstat"": 0.6128737330436707, ""sc_value"": 0.7124221324920654}}"
ova_body_c4_12_ms25_r03	AF3	50	7050	0	0	A-B,A-C,A-D,B-C,B-D,C-D	6	3	1	"{""A-B"": 25, ""A-C"": 66, ""A-D"": 36, ""B-C"": 36, ""B-D"": 72, ""C-D"": 28}"	A-D,B-C	A-B,A-C,B-D,C-D	0.2246200548234575	0.6273248195648193	0.0	-2.9436542987823486	4.902247771163808	0.6242061853408813	0.0	-2.8317108154296875	10.143693380011458	"{""A-B"": {""dG_dSASA_ratio"": -2.8683767318725586, ""dG_separated"": -32.276981353759766, ""dSASA_int"": 1125.27001953125, ""delta_unsatHbonds"": 0.0, ""hbonds_int"": 8.0, ""nres_int"": 48.0, ""packstat"": 0.5981758236885071, ""sc_value"": 0.722924530506134}, ""A-C"": {""dG_dSASA_ratio"": -2.93449330329895, ""dG_separated"": -49.92637252807617, ""dSASA_int"": 1701.3626708984375, ""delta_unsatHbonds"": 15.0, ""hbonds_int"": 6.0, ""nres_int"": 71.0, ""packstat"": 0.6211775541305542, ""sc_value"": 0.6242061853408813}, ""A-D"": {""dG_dSASA_ratio"": -2.9436542987823486, ""dG_separated"": -36.028221130371094, ""dSASA_int"": 1223.9283447265625, ""delta_unsatHbonds"": 6.0, ""hbonds_int"": 1.0, ""nres_int"": 41.0, ""packstat"": 0.5377907156944275, ""sc_value"": 0.6273248195648193}, ""B-C"": {""dG_dSASA_ratio"": -2.9556496143341064, ""dG_separated"": -34.31326675415039, ""dSASA_int"": 1160.938232421875, ""delta_unsatHbonds"": 4.0, ""hbonds_int"": 0.0, ""nres_int"": 40.0, ""packstat"": 0.538870096206665, ""sc_value"": 0.7662239074707031}, ""B-D"": {""dG_dSASA_ratio"": -2.9592318534851074, ""dG_separated"": -52.511619567871094, ""dSASA_int"": 1774.5015869140625, ""delta_unsatHbonds"": 18.0, ""hbonds_int"": 6.0, ""nres_int"": 76.0, ""packstat"": 0.628239631652832, ""sc_value"": 0.6943408250808716}, ""C-D"": {""dG_dSASA_ratio"": -2.8317108154296875, ""dG_separated"": -33.019962310791016, ""dSASA_int"": 1166.078125, ""delta_unsatHbonds"": 3.0, ""hbonds_int"": 8.0, ""nres_int"": 48.0, ""packstat"": 0.5902983546257019, ""sc_value"": 0.7282800674438477}}"
ova_body_c4_12_ms25_r03	AF3	51	7051	0	0	A-B,A-C,A-D,B-C,B-D,C-D	6	3	1	"{""A-B"": 25, ""A-C"": 70, ""A-D"": 34, ""B-C"": 36, ""B-D"": 71, ""C-D"": 26}"	A-D,B-C	A-B,A-C,B-D,C-D	0.20367478489433496	0.7528058886528015	0.0	-2.560573101043701	3.470811048932102	0.679765522480011	0.0	-2.560573101043701	9.821548589316047	"{""A-B"": {""dG_dSASA_ratio"": -2.578847885131836, ""dG_separated"": -27.839580535888672, ""dSASA_int"": 1079.5355224609375, ""delta_unsatHbonds"": 0.0, ""hbonds_int"": 6.0, ""nres_int"": 48.0, ""packstat"": 0.5124809741973877, ""sc_value"": 0.6977831125259399}, ""A-C"": {""dG_dSASA_ratio"": -3.1066579818725586, ""dG_separated"": -53.772769927978516, ""dSASA_int"": 1730.887939453125, ""delta_unsatHbonds"": 17.0, ""hbonds_int"": 6.0, ""nres_int"": 73.0, ""packstat"": 0.5531461238861084, ""sc_value"": 0.682518482208252}, ""A-D"": {""dG_dSASA_ratio"": -2.560573101043701, ""dG_separated"": -29.509794235229492, ""dSASA_int"": 1152.4683837890625, ""delta_unsatHbonds"": 4.0, ""hbonds_int"": 0.0, ""nres_int"": 40.0, ""packstat"": 0.47643399238586426, ""sc_value"": 0.7838113307952881}, ""B-C"": {""dG_dSASA_ratio"": -2.919945001602173, ""dG_separated"": -33.70927047729492, ""dSASA_int"": 1154.44873046875, ""delta_unsatHbonds"": 4.0, ""hbonds_int"": 0.0, ""nres_int"": 40.0, ""packstat"": 0.5436363816261292, ""sc_value"": 0.7528058886528015}, ""B-D"": {""dG_dSASA_ratio"": -2.99019193649292, ""dG_separated"": -52.54435348510742, ""dSASA_int"": 1757.223388671875, ""delta_unsatHbonds"": 14.0, ""hbonds_int"": 6.0, ""nres_int"": 75.0, ""packstat"": 0.6158636212348938, ""sc_value"": 0.679765522480011}, ""C-D"": {""dG_dSASA_ratio"": -2.653306007385254, ""dG_separated"": -31.568618774414062, ""dSASA_int"": 1189.784423828125, ""delta_unsatHbonds"": 1.0, ""hbonds_int"": 8.0, ""nres_int"": 48.0, ""packstat"": 0.5803755521774292, ""sc_value"": 0.7188746929168701}}"
ova_body_c4_12_ms25_r03	AF3	52	7052	0	0	A-B,A-C,A-D,B-C,B-D,C-D	6	3	1	"{""A-B"": 25, ""A-C"": 68, ""A-D"": 36, ""B-C"": 36, ""B-D"": 74, ""C-D"": 27}"	A-D,B-C	A-B,A-C,B-D,C-D	0.2309291098423236	0.7425135374069214	0.0	-2.8338773250579834	3.3211025111682306	0.5661489963531494	0.0	-2.746939182281494	8.88824874402085	"{""A-B"": {""dG_dSASA_ratio"": -2.8087117671966553, ""dG_separated"": -31.936521530151367, ""dSASA_int"": 1137.0523681640625, ""delta_unsatHbonds"": 0.0, ""hbonds_int"": 8.0, ""nres_int"": 48.0, ""packstat"": 0.5948185324668884, ""sc_value"": 0.7261444330215454}, ""A-C"": {""dG_dSASA_ratio"": -2.8131375312805176, ""dG_separated"": -46.861961364746094, ""dSASA_int"": 1665.8255615234375, ""delta_unsatHbonds"": 13.0, ""hbonds_int"": 5.0, ""nres_int"": 69.0, ""packstat"": 0.5850632190704346, ""sc_value"": 0.5661489963531494}, ""A-D"": {""dG_dSASA_ratio"": -3.176466703414917, ""dG_separated"": -35.913570404052734, ""dSASA_int"": 1130.6138916015625, ""delta_unsatHbonds"": 0.0, ""hbonds_int"": 0.0, ""nres_int"": 40.0, ""packstat"": 0.5186974406242371, ""sc_value"": 0.7425135374069214}, ""B-C"": {""dG_dSASA_ratio"": -2.8338773250579834, ""dG_separated"": -34.13176727294922, ""dSASA_int"": 1204.4193115234375, ""delta_unsatHbonds"": 4.0, ""hbonds_int"": 0.0, ""nres_int"": 40.0, ""packstat"": 0.4495254456996918, ""sc_value"": 0.7764095067977905}, ""B-D"": {""dG_dSASA_ratio"": -2.8888494968414307, ""dG_separated"": -52.00303649902344, ""dSASA_int"": 1800.129638671875, ""delta_unsatHbonds"": 16.0, ""hbonds_int"": 6.0, ""nres_int"": 76.0, ""packstat"": 0.6231523752212524, ""sc_value"": 0.684565007686615}, ""C-D"": {""dG_dSASA_ratio"": -2.746939182281494, ""dG_separated"": -32.075111389160156, ""dSASA_int"": 1167.6673583984375, ""delta_unsatHbonds"": 3.0, ""hbonds_int"": 8.0, ""nres_int"": 48.0, ""packstat"": 0.547025740146637, ""sc_value"": 0.711448609828949}}"
ova_body_c4_12_ms25_r03	AF3	53	7053	0	0	A-B,A-C,A-D,B-C,B-D,C-D	6	3	1	"{""A-B"": 27, ""A-C"": 69, ""A-D"": 37, ""B-C"": 38, ""B-D"": 72, ""C-D"": 26}"	A-D,B-C	A-B,A-C,B-D,C-D	0.22970626131382685	0.7572284936904907	0.0	-2.874480724334717	3.3825430306999227	0.5855472683906555	0.0	-2.809434652328491	11.308176283401869	"{""A-B"": {""dG_dSASA_ratio"": -2.809434652328491, ""dG_separated"": -31.19525718688965, ""dSASA_int"": 1110.3748779296875, ""delta_unsatHbonds"": 0.0, ""hbonds_int"": 8.0, ""nres_int"": 48.0, ""packstat"": 0.5873745083808899, ""sc_value"": 0.723583459854126}, ""A-C"": {""dG_dSASA_ratio"": -2.9246530532836914, ""dG_separated"": -49.1400260925293, ""dSASA_int"": 1680.2001953125, ""delta_unsatHbonds"": 19.0, ""hbonds_int"": 4.0, ""nres_int"": 71.0, ""packstat"": 0.5224477648735046, ""sc_value"": 0.5855472683906555}, ""A-D"": {""dG_dSASA_ratio"": -2.8755552768707275, ""dG_separated"": -34.00465393066406, ""dSASA_int"": 1182.542236328125, ""delta_unsatHbonds"": 4.0, ""hbonds_int"": 0.0, ""nres_int"": 40.0, ""packstat"": 0.5905781984329224, ""sc_value"": 0.7665137052536011}, ""B-C"": {""dG_dSASA_ratio"": -2.874480724334717, ""dG_separated"": -35.25687789916992, ""dSASA_int"": 1226.547607421875, ""delta_unsatHbonds"": 4.0, ""hbonds_int"": 0.0, ""nres_int"": 40.0, ""packstat"": 0.5401504039764404, ""sc_value"": 0.7572284936904907}, ""B-D"": {""dG_dSASA_ratio"": -2.955446481704712, ""dG_separated"": -52.701900482177734, ""dSASA_int"": 1783.2127685546875, ""delta_unsatHbonds"": 18.0, ""hbonds_int"": 5.0, ""nres_int"": 76.0, ""packstat"": 0.5616812705993652, ""sc_value"": 0.6515435576438904}, ""C-D"": {""dG_dSASA_ratio"": -2.8290674686431885, ""dG_separated"": -32.856056213378906, ""dSASA_int"": 1161.3740234375, ""delta_unsatHbonds"": 3.0, ""hbonds_int"": 8.0, ""nres_int"": 48.0, ""packstat"": 0.565388560295105, ""sc_value"": 0.7342050075531006}}"
ova_body_c4_12_ms25_r03	AF3	54	7054	0	0	A-B,A-C,A-D,B-C,B-D,C-D	6	3	1	"{""A-B"": 24, ""A-C"": 70, ""A-D"": 36, ""B-C"": 34, ""B-D"": 62, ""C-D"": 24}"	A-D,B-C	A-B,A-C,B-D,C-D	0.22115440164491593	0.7110944986343384	0.0	-2.3201675415039062	5.66441222190975	0.5917658805847168	0.0	-2.3201675415039062	15.758406439128361	"{""A-B"": {""dG_dSASA_ratio"": -2.788996934890747, ""dG_separated"": -30.674840927124023, ""dSASA_int"": 1099.85205078125, ""delta_unsatHbonds"": 0.0, ""hbonds_int"": 7.0, ""nres_int"": 47.0, ""packstat"": 0.554873526096344, ""sc_value"": 0.7063019275665283}, ""A-C"": {""dG_dSASA_ratio"": -3.078733205795288, ""dG_separated"": -52.750125885009766, ""dSASA_int"": 1713.3712158203125, ""delta_unsatHbonds"": 27.0, ""hbonds_int"": 6.0, ""nres_int"": 74.0, ""packstat"": 0.6593254804611206, ""sc_value"": 0.6988255381584167}, ""A-D"": {""dG_dSASA_ratio"": -2.3201675415039062, ""dG_separated"": -28.487768173217773, ""dSASA_int"": 1227.832275390625, ""delta_unsatHbonds"": 4.0, ""hbonds_int"": 0.0, ""nres_int"": 39.0, ""packstat"": 0.5967623591423035, ""sc_value"": 0.7647765874862671}, ""B-C"": {""dG_dSASA_ratio"": -2.7088749408721924, ""dG_separated"": -33.47589111328125, ""dSASA_int"": 1235.7857666015625, ""delta_unsatHbonds"": 7.0, ""hbonds_int"": 1.0, ""nres_int"": 40.0, ""packstat"": 0.5346020460128784, ""sc_value"": 0.7110944986343384}, ""B-D"": {""dG_dSASA_ratio"": -2.7018983364105225, ""dG_separated"": -46.255760192871094, ""dSASA_int"": 1711.9725341796875, ""delta_unsatHbonds"": 12.0, ""hbonds_int"": 3.0, ""nres_int"": 73.0, ""packstat"": 0.5446080565452576, ""sc_value"": 0.5917658805847168}, ""C-D"": {""dG_dSASA_ratio"": -2.3575820922851562, ""dG_separated"": -26.151309967041016, ""dSASA_int"": 1109.2427978515625, ""delta_unsatHbonds"": 1.0, ""hbonds_int"": 4.0, ""nres_int"": 48.0, ""packstat"": 0.5993230938911438, ""sc_value"": 0.6990292072296143}}"
ova_body_c4_12_ms25_r03	AF3	55	7055	0	0	A-B,A-C,A-D,B-C,B-D,C-D	6	3	1	"{""A-B"": 26, ""A-C"": 69, ""A-D"": 34, ""B-C"": 35, ""B-D"": 73, ""C-D"": 27}"	A-D,B-C	A-B,A-C,B-D,C-D	0.2148399703793562	0.6360210180282593	0.0	-1.9056705236434937	3.2184880767235384	0.6360210180282593	0.0	-1.9056705236434937	11.15207462420823	"{""A-B"": {""dG_dSASA_ratio"": -2.907036066055298, ""dG_separated"": -32.998573303222656, ""dSASA_int"": 1135.1278076171875, ""delta_unsatHbonds"": 2.0, ""hbonds_int"": 8.0, ""nres_int"": 48.0, ""packstat"": 0.4822235703468323, ""sc_value"": 0.732848048210144}, ""A-C"": {""dG_dSASA_ratio"": -3.0640032291412354, ""dG_separated"": -52.20199966430664, ""dSASA_int"": 1703.7188720703125, ""delta_unsatHbonds"": 19.0, ""hbonds_int"": 5.0, ""nres_int"": 74.0, ""packstat"": 0.5425313711166382, ""sc_value"": 0.6582557559013367}, ""A-D"": {""dG_dSASA_ratio"": -1.9056705236434937, ""dG_separated"": -24.45173454284668, ""dSASA_int"": 1283.10400390625, ""delta_unsatHbonds"": 4.0, ""hbonds_int"": 0.0, ""nres_int"": 40.0, ""packstat"": 0.5547058582305908, ""sc_value"": 0.7329928278923035}, ""B-C"": {""dG_dSASA_ratio"": -2.8230535984039307, ""dG_separated"": -35.0854606628418, ""dSASA_int"": 1242.819580078125, ""delta_unsatHbonds"": 4.0, ""hbonds_int"": 0.0, ""nres_int"": 41.0, ""packstat"": 0.5749255418777466, ""sc_value"": 0.6360210180282593}, ""B-D"": {""dG_dSASA_ratio"": -2.876990795135498, ""dG_separated"": -51.931488037109375, ""dSASA_int"": 1805.0626220703125, ""delta_unsatHbonds"": 17.0, ""hbonds_int"": 6.0, ""nres_int"": 76.0, ""packstat"": 0.5777267217636108, ""sc_value"": 0.691754937171936}, ""C-D"": {""dG_dSASA_ratio"": -2.617321014404297, ""dG_separated"": -30.793813705444336, ""dSASA_int"": 1176.5394287109375, ""delta_unsatHbonds"": 1.0, ""hbonds_int"": 7.0, ""nres_int"": 48.0, ""packstat"": 0.5589588284492493, ""sc_value"": 0.7129258513450623}}"
ova_body_c4_12_ms25_r03	AF3	56	7056	0	0	A-B,A-C,A-D,B-C,B-D,C-D	6	3	1	"{""A-B"": 24, ""A-C"": 64, ""A-D"": 34, ""B-C"": 35, ""B-D"": 71, ""C-D"": 25}"	A-D,B-C	A-B,A-C,B-D,C-D	0.2163964222506444	0.6278831958770752	0.0	-2.2114784717559814	4.573560517607352	0.6213713884353638	0.0	-2.2114784717559814	10.207681346669629	"{""A-B"": {""dG_dSASA_ratio"": -2.4341530799865723, ""dG_separated"": -25.77996063232422, ""dSASA_int"": 1059.0936279296875, ""delta_unsatHbonds"": 0.0, ""hbonds_int"": 5.0, ""nres_int"": 48.0, ""packstat"": 0.554336667060852, ""sc_value"": 0.7023519277572632}, ""A-C"": {""dG_dSASA_ratio"": -2.9694950580596924, ""dG_separated"": -48.920867919921875, ""dSASA_int"": 1647.4473876953125, ""delta_unsatHbonds"": 14.0, ""hbonds_int"": 4.0, ""nres_int"": 72.0, ""packstat"": 0.6348831057548523, ""sc_value"": 0.6213713884353638}, ""A-D"": {""dG_dSASA_ratio"": -2.2114784717559814, ""dG_separated"": -25.53597640991211, ""dSASA_int"": 1154.7015380859375, ""delta_unsatHbonds"": 2.0, ""hbonds_int"": 0.0, ""nres_int"": 40.0, ""packstat"": 0.5811864733695984, ""sc_value"": 0.73422771692276}, ""B-C"": {""dG_dSASA_ratio"": -2.245404005050659, ""dG_separated"": -29.457191467285156, ""dSASA_int"": 1311.88818359375, ""delta_unsatHbonds"": 6.0, ""hbonds_int"": 1.0, ""nres_int"": 39.0, ""packstat"": 0.5272867679595947, ""sc_value"": 0.6278831958770752}, ""B-D"": {""dG_dSASA_ratio"": -2.987603187561035, ""dG_separated"": -52.682735443115234, ""dSASA_int"": 1763.3779296875, ""delta_unsatHbonds"": 18.0, ""hbonds_int"": 6.0, ""nres_int"": 77.0, ""packstat"": 0.6065402030944824, ""sc_value"": 0.6686620712280273}, ""C-D"": {""dG_dSASA_ratio"": -2.653200387954712, ""dG_separated"": -29.331632614135742, ""dSASA_int"": 1105.51904296875, ""delta_unsatHbonds"": 3.0, ""hbonds_int"": 6.0, ""nres_int"": 47.0, ""packstat"": 0.5145554542541504, ""sc_value"": 0.7088040113449097}}"
ova_body_c4_12_ms25_r03	AF3	57	7057	0	0	A-B,A-C,A-D,B-C,B-D,C-D	6	3	1	"{""A-B"": 24, ""A-C"": 70, ""A-D"": 34, ""B-C"": 32, ""B-D"": 67, ""C-D"": 25}"	A-D,B-C	A-B,A-C,B-D,C-D	0.21776836804052638	0.7136577367782593	0.0	-1.8725303411483765	5.187017892109141	0.649802565574646	0.0	-1.8725303411483765	10.665176134238184	"{""A-B"": {""dG_dSASA_ratio"": -2.578094959259033, ""dG_separated"": -28.037254333496094, ""dSASA_int"": 1087.518310546875, ""delta_unsatHbonds"": 1.0, ""hbonds_int"": 5.0, ""nres_int"": 48.0, ""packstat"": 0.5825628638267517, ""sc_value"": 0.7295692563056946}, ""A-C"": {""dG_dSASA_ratio"": -3.067843437194824, ""dG_separated"": -51.77709197998047, ""dSASA_int"": 1687.73583984375, ""delta_unsatHbonds"": 18.0, ""hbonds_int"": 6.0, ""nres_int"": 73.0, ""packstat"": 0.6192331910133362, ""sc_value"": 0.6738784909248352}, ""A-D"": {""dG_dSASA_ratio"": -3.055150032043457, ""dG_separated"": -34.09593963623047, ""dSASA_int"": 1116.0152587890625, ""delta_unsatHbonds"": 4.0, ""hbonds_int"": 1.0, ""nres_int"": 39.0, ""packstat"": 0.5885488986968994, ""sc_value"": 0.7429205179214478}, ""B-C"": {""dG_dSASA_ratio"": -1.8725303411483765, ""dG_separated"": -21.660194396972656, ""dSASA_int"": 1156.7340087890625, ""delta_unsatHbonds"": 6.0, ""hbonds_int"": 0.0, ""nres_int"": 38.0, ""packstat"": 0.5638930201530457, ""sc_value"": 0.7136577367782593}, ""B-D"": {""dG_dSASA_ratio"": -3.021630048751831, ""dG_separated"": -50.80650329589844, ""dSASA_int"": 1681.4271240234375, ""delta_unsatHbonds"": 13.0, ""hbonds_int"": 5.0, ""nres_int"": 75.0, ""packstat"": 0.612650990486145, ""sc_value"": 0.649802565574646}, ""C-D"": {""dG_dSASA_ratio"": -2.4485254287719727, ""dG_separated"": -27.48551368713379, ""dSASA_int"": 1122.5333251953125, ""delta_unsatHbonds"": 1.0, ""hbonds_int"": 4.0, ""nres_int"": 48.0, ""packstat"": 0.5905143022537231, ""sc_value"": 0.7108919620513916}}"
ova_body_c4_12_ms25_r03	AF3	58	7058	0	0	A-B,A-C,A-D,B-C,B-D,C-D	6	3	1	"{""A-B"": 24, ""A-C"": 66, ""A-D"": 35, ""B-C"": 36, ""B-D"": 73, ""C-D"": 29}"	A-D,B-C	A-B,A-C,B-D,C-D	0.20841561526781868	0.6757882833480835	0.0	-2.933004140853882	3.4476122959648063	0.6757882833480835	0.0	-2.5291941165924072	7.847122873280748	"{""A-B"": {""dG_dSASA_ratio"": -2.5291941165924072, ""dG_separated"": -27.705245971679688, ""dSASA_int"": 1095.41796875, ""delta_unsatHbonds"": 0.0, ""hbonds_int"": 5.0, ""nres_int"": 48.0, ""packstat"": 0.6088312864303589, ""sc_value"": 0.7030138969421387}, ""A-C"": {""dG_dSASA_ratio"": -2.9806108474731445, ""dG_separated"": -50.90584182739258, ""dSASA_int"": 1707.8995361328125, ""delta_unsatHbonds"": 11.0, ""hbonds_int"": 6.0, ""nres_int"": 73.0, ""packstat"": 0.5419235229492188, ""sc_value"": 0.6847082376480103}, ""A-D"": {""dG_dSASA_ratio"": -3.031337261199951, ""dG_separated"": -36.944889068603516, ""dSASA_int"": 1218.765380859375, ""delta_unsatHbonds"": 3.0, ""hbonds_int"": 1.0, ""nres_int"": 39.0, ""packstat"": 0.49231672286987305, ""sc_value"": 0.6757882833480835}, ""B-C"": {""dG_dSASA_ratio"": -2.933004140853882, ""dG_separated"": -34.029396057128906, ""dSASA_int"": 1160.2232666015625, ""delta_unsatHbonds"": 4.0, ""hbonds_int"": 0.0, ""nres_int"": 40.0, ""packstat"": 0.5566474199295044, ""sc_value"": 0.754660964012146}, ""B-D"": {""dG_dSASA_ratio"": -3.0160791873931885, ""dG_separated"": -53.809669494628906, ""dSASA_int"": 1784.0933837890625, ""delta_unsatHbonds"": 14.0, ""hbonds_int"": 6.0, ""nres_int"": 76.0, ""packstat"": 0.6447457671165466, ""sc_value"": 0.6772545576095581}, ""C-D"": {""dG_dSASA_ratio"": -2.7532668113708496, ""dG_separated"": -32.081520080566406, ""dSASA_int"": 1165.216552734375, ""delta_unsatHbonds"": 2.0, ""hbonds_int"": 7.0, ""nres_int"": 48.0, ""packstat"": 0.6099473237991333, ""sc_value"": 0.7298736572265625}}"
ova_body_c4_12_ms25_r03	AF3	59	7059	0	0	A-B,A-C,A-D,B-C,B-D,C-D	6	3	1	"{""A-B"": 27, ""A-C"": 68, ""A-D"": 33, ""B-C"": 35, ""B-D"": 73, ""C-D"": 25}"	A-D,B-C	A-B,A-C,B-D,C-D	0.2300225180957546	0.6301684379577637	0.0	-2.135862112045288	7.295649238863938	0.6301684379577637	0.0	-2.135862112045288	9.613250027335472	"{""A-B"": {""dG_dSASA_ratio"": -2.7838194370269775, ""dG_separated"": -31.238985061645508, ""dSASA_int"": 1122.1627197265625, ""delta_unsatHbonds"": 0.0, ""hbonds_int"": 8.0, ""nres_int"": 48.0, ""packstat"": 0.5346679091453552, ""sc_value"": 0.7229862213134766}, ""A-C"": {""dG_dSASA_ratio"": -3.090937614440918, ""dG_separated"": -52.305301666259766, ""dSASA_int"": 1692.2147216796875, ""delta_unsatHbonds"": 15.0, ""hbonds_int"": 6.0, ""nres_int"": 73.0, ""packstat"": 0.6294127702713013, ""sc_value"": 0.6697432398796082}, ""A-D"": {""dG_dSASA_ratio"": -2.239283800125122, ""dG_separated"": -27.624073028564453, ""dSASA_int"": 1233.6119384765625, ""delta_unsatHbonds"": 9.0, ""hbonds_int"": 0.0, ""nres_int"": 40.0, ""packstat"": 0.5944122672080994, ""sc_value"": 0.6301684379577637}, ""B-C"": {""dG_dSASA_ratio"": -2.135862112045288, ""dG_separated"": -26.132038116455078, ""dSASA_int"": 1223.4891357421875, ""delta_unsatHbonds"": 4.0, ""hbonds_int"": 0.0, ""nres_int"": 40.0, ""packstat"": 0.45334383845329285, ""sc_value"": 0.7361577153205872}, ""B-D"": {""dG_dSASA_ratio"": -3.0515213012695312, ""dG_separated"": -53.9628791809082, ""dSASA_int"": 1768.392578125, ""delta_unsatHbonds"": 17.0, ""hbonds_int"": 7.0, ""nres_int"": 76.0, ""packstat"": 0.5378777980804443, ""sc_value"": 0.6918022036552429}, ""C-D"": {""dG_dSASA_ratio"": -2.3904802799224854, ""dG_separated"": -26.053237915039062, ""dSASA_int"": 1089.8746337890625, ""delta_unsatHbonds"": 1.0, ""hbonds_int"": 4.0, ""nres_int"": 48.0, ""packstat"": 0.6367067098617554, ""sc_value"": 0.7077721357345581}}"
ova_body_c4_12_ms25_r03	AF3	60	7060	0	0	A-B,A-C,A-D,B-C,B-D,C-D	6	3	1	"{""A-B"": 27, ""A-C"": 68, ""A-D"": 37, ""B-C"": 38, ""B-D"": 69, ""C-D"": 26}"	A-D,B-C	A-B,A-C,B-D,C-D	0.2196912907489786	0.7589447498321533	0.0	-2.7949700355529785	5.0385704040574275	0.6084561347961426	0.0	-2.6509296894073486	9.339650404412733	"{""A-B"": {""dG_dSASA_ratio"": -2.8657307624816895, ""dG_separated"": -32.35807800292969, ""dSASA_int"": 1129.138916015625, ""delta_unsatHbonds"": 2.0, ""hbonds_int"": 8.0, ""nres_int"": 48.0, ""packstat"": 0.5849012732505798, ""sc_value"": 0.7353665232658386}, ""A-C"": {""dG_dSASA_ratio"": -2.869492769241333, ""dG_separated"": -49.15803527832031, ""dSASA_int"": 1713.126220703125, ""delta_unsatHbonds"": 16.0, ""hbonds_int"": 4.0, ""nres_int"": 73.0, ""packstat"": 0.6092232465744019, ""sc_value"": 0.6084561347961426}, ""A-D"": {""dG_dSASA_ratio"": -2.7949700355529785, ""dG_separated"": -33.56126403808594, ""dSASA_int"": 1200.773681640625, ""delta_unsatHbonds"": 4.0, ""hbonds_int"": 0.0, ""nres_int"": 40.0, ""packstat"": 0.528485119342804, ""sc_value"": 0.7650101184844971}, ""B-C"": {""dG_dSASA_ratio"": -2.8859026432037354, ""dG_separated"": -34.36573028564453, ""dSASA_int"": 1190.81396484375, ""delta_unsatHbonds"": 6.0, ""hbonds_int"": 0.0, ""nres_int"": 40.0, ""packstat"": 0.5795257687568665, ""sc_value"": 0.7589447498321533}, ""B-D"": {""dG_dSASA_ratio"": -2.974820375442505, ""dG_separated"": -51.30162811279297, ""dSASA_int"": 1724.528564453125, ""delta_unsatHbonds"": 12.0, ""hbonds_int"": 4.0, ""nres_int"": 76.0, ""packstat"": 0.595231831073761, ""sc_value"": 0.614154040813446}, ""C-D"": {""dG_dSASA_ratio"": -2.6509296894073486, ""dG_separated"": -30.077524185180664, ""dSASA_int"": 1134.6029052734375, ""delta_unsatHbonds"": 3.0, ""hbonds_int"": 6.0, ""nres_int"": 48.0, ""packstat"": 0.566480278968811, ""sc_value"": 0.738028883934021}}"
ova_body_c4_12_ms25_r03	AF3	61	7061	0	0	A-B,A-C,A-D,B-C,B-D,C-D	6	3	1	"{""A-B"": 24, ""A-C"": 68, ""A-D"": 35, ""B-C"": 36, ""B-D"": 69, ""C-D"": 28}"	A-D,B-C	A-B,A-C,B-D,C-D	0.20399478969812776	0.6536891460418701	0.0	-2.786947011947632	4.929717525139784	0.6405923962593079	0.0	-2.562695264816284	9.152850196098585	"{""A-B"": {""dG_dSASA_ratio"": -2.637650489807129, ""dG_separated"": -28.604995727539062, ""dSASA_int"": 1084.4876708984375, ""delta_unsatHbonds"": 0.0, ""hbonds_int"": 5.0, ""nres_int"": 48.0, ""packstat"": 0.5994513034820557, ""sc_value"": 0.7387492656707764}, ""A-C"": {""dG_dSASA_ratio"": -2.883873462677002, ""dG_separated"": -50.6613655090332, ""dSASA_int"": 1756.7125244140625, ""delta_unsatHbonds"": 12.0, ""hbonds_int"": 7.0, ""nres_int"": 73.0, ""packstat"": 0.6002510190010071, ""sc_value"": 0.6449804306030273}, ""A-D"": {""dG_dSASA_ratio"": -2.922212839126587, ""dG_separated"": -35.566497802734375, ""dSASA_int"": 1217.1082763671875, ""delta_unsatHbonds"": 6.0, ""hbonds_int"": 0.0, ""nres_int"": 40.0, ""packstat"": 0.6076244115829468, ""sc_value"": 0.6536891460418701}, ""B-C"": {""dG_dSASA_ratio"": -2.786947011947632, ""dG_separated"": -32.6552619934082, ""dSASA_int"": 1171.7216796875, ""delta_unsatHbonds"": 4.0, ""hbonds_int"": 0.0, ""nres_int"": 40.0, ""packstat"": 0.48769521713256836, ""sc_value"": 0.7464790344238281}, ""B-D"": {""dG_dSASA_ratio"": -2.869123697280884, ""dG_separated"": -50.15484619140625, ""dSASA_int"": 1748.08935546875, ""delta_unsatHbonds"": 16.0, ""hbonds_int"": 5.0, ""nres_int"": 74.0, ""packstat"": 0.6540512442588806, ""sc_value"": 0.6405923962593079}, ""C-D"": {""dG_dSASA_ratio"": -2.562695264816284, ""dG_separated"": -29.50914192199707, ""dSASA_int"": 1151.488525390625, ""delta_unsatHbonds"": 1.0, ""hbonds_int"": 7.0, ""nres_int"": 48.0, ""packstat"": 0.5881755352020264, ""sc_value"": 0.7213944792747498}}"
ova_body_c4_12_ms25_r03	AF3	62	7062	0	0	A-B,A-C,A-D,B-C,B-D,C-D	6	3	1	"{""A-B"": 26, ""A-C"": 71, ""A-D"": 38, ""B-C"": 37, ""B-D"": 70, ""C-D"": 27}"	A-D,B-C	A-B,A-C,B-D,C-D	0.22311933781476603	0.6688473224639893	0.0	-1.9092020988464355	4.951639611061765	0.6153063774108887	0.0	-1.9092020988464355	10.178389642030698	"{""A-B"": {""dG_dSASA_ratio"": -2.8345768451690674, ""dG_separated"": -31.638378143310547, ""dSASA_int"": 1116.15869140625, ""delta_unsatHbonds"": 0.0, ""hbonds_int"": 7.0, ""nres_int"": 48.0, ""packstat"": 0.6241456866264343, ""sc_value"": 0.7166647911071777}, ""A-C"": {""dG_dSASA_ratio"": -2.9517674446105957, ""dG_separated"": -51.791900634765625, ""dSASA_int"": 1754.6064453125, ""delta_unsatHbonds"": 11.0, ""hbonds_int"": 5.0, ""nres_int"": 72.0, ""packstat"": 0.631098747253418, ""sc_value"": 0.6408306360244751}, ""A-D"": {""dG_dSASA_ratio"": -1.9092020988464355, ""dG_separated"": -23.134180068969727, ""dSASA_int"": 1211.7198486328125, ""delta_unsatHbonds"": 6.0, ""hbonds_int"": 0.0, ""nres_int"": 40.0, ""packstat"": 0.5586458444595337, ""sc_value"": 0.6688473224639893}, ""B-C"": {""dG_dSASA_ratio"": -2.838864803314209, ""dG_separated"": -33.87266540527344, ""dSASA_int"": 1193.176513671875, ""delta_unsatHbonds"": 4.0, ""hbonds_int"": 0.0, ""nres_int"": 40.0, ""packstat"": 0.5038962364196777, ""sc_value"": 0.7633805274963379}, ""B-D"": {""dG_dSASA_ratio"": -2.9639992713928223, ""dG_separated"": -52.41692352294922, ""dSASA_int"": 1768.45263671875, ""delta_unsatHbonds"": 18.0, ""hbonds_int"": 4.0, ""nres_int"": 76.0, ""packstat"": 0.5407695174217224, ""sc_value"": 0.6153063774108887}, ""C-D"": {""dG_dSASA_ratio"": -2.756779909133911, ""dG_separated"": -31.99752426147461, ""dSASA_int"": 1160.6846923828125, ""delta_unsatHbonds"": 1.0, ""hbonds_int"": 8.0, ""nres_int"": 48.0, ""packstat"": 0.5229772329330444, ""sc_value"": 0.7409601211547852}}"
ova_body_c4_12_ms25_r03	AF3	63	7063	0	0	A-B,A-C,A-D,B-C,B-D,C-D	6	3	1	"{""A-B"": 26, ""A-C"": 67, ""A-D"": 38, ""B-C"": 36, ""B-D"": 71, ""C-D"": 27}"	A-D,B-C	A-B,A-C,B-D,C-D	0.22758383389662123	0.7548090219497681	0.0	-2.887484312057495	3.459782352998316	0.6276991367340088	0.0	-2.738680124282837	9.124902674759374	"{""A-B"": {""dG_dSASA_ratio"": -2.738680124282837, ""dG_separated"": -31.517425537109375, ""dSASA_int"": 1150.825439453125, ""delta_unsatHbonds"": 0.0, ""hbonds_int"": 8.0, ""nres_int"": 48.0, ""packstat"": 0.5703837871551514, ""sc_value"": 0.7151030898094177}, ""A-C"": {""dG_dSASA_ratio"": -3.004261016845703, ""dG_separated"": -50.1630859375, ""dSASA_int"": 1669.7313232421875, ""delta_unsatHbonds"": 15.0, ""hbonds_int"": 5.0, ""nres_int"": 72.0, ""packstat"": 0.6026585102081299, ""sc_value"": 0.6276991367340088}, ""A-D"": {""dG_dSASA_ratio"": -3.1193554401397705, ""dG_separated"": -36.31503677368164, ""dSASA_int"": 1164.1839599609375, ""delta_unsatHbonds"": 2.0, ""hbonds_int"": 0.0, ""nres_int"": 40.0, ""packstat"": 0.5472328066825867, ""sc_value"": 0.7710455656051636}, ""B-C"": {""dG_dSASA_ratio"": -2.887484312057495, ""dG_separated"": -33.3834228515625, ""dSASA_int"": 1156.14208984375, ""delta_unsatHbonds"": 4.0, ""hbonds_int"": 0.0, ""nres_int"": 40.0, ""packstat"": 0.5188838839530945, ""sc_value"": 0.7548090219497681}, ""B-D"": {""dG_dSASA_ratio"": -2.9805307388305664, ""dG_separated"": -52.26191711425781, ""dSASA_int"": 1753.443359375, ""delta_unsatHbonds"": 16.0, ""hbonds_int"": 5.0, ""nres_int"": 76.0, ""packstat"": 0.6208781599998474, ""sc_value"": 0.6555099487304688}, ""C-D"": {""dG_dSASA_ratio"": -2.760935068130493, ""dG_separated"": -32.32481002807617, ""dSASA_int"": 1170.7921142578125, ""delta_unsatHbonds"": 3.0, ""hbonds_int"": 8.0, ""nres_int"": 48.0, ""packstat"": 0.5177819728851318, ""sc_value"": 0.7308940887451172}}"
ova_body_c4_12_ms25_r03	AF3	64	7064	0	0	A-B,A-C,A-D,B-C,B-D,C-D	6	3	1	"{""A-B"": 24, ""A-C"": 73, ""A-D"": 32, ""B-C"": 33, ""B-D"": 69, ""C-D"": 25}"	A-D,B-C	A-B,A-C,B-D,C-D	0.20245859830193924	0.7123119831085205	0.0	-1.8158318996429443	3.536470663147608	0.643415093421936	0.0	-1.8158318996429443	12.036947113615202	"{""A-B"": {""dG_dSASA_ratio"": -2.6611573696136475, ""dG_separated"": -28.90188980102539, ""dSASA_int"": 1086.064697265625, ""delta_unsatHbonds"": 0.0, ""hbonds_int"": 5.0, ""nres_int"": 48.0, ""packstat"": 0.6321446895599365, ""sc_value"": 0.7351384162902832}, ""A-C"": {""dG_dSASA_ratio"": -2.9976868629455566, ""dG_separated"": -52.29849624633789, ""dSASA_int"": 1744.62841796875, ""delta_unsatHbonds"": 21.0, ""hbonds_int"": 6.0, ""nres_int"": 74.0, ""packstat"": 0.6036866903305054, ""sc_value"": 0.6750290393829346}, ""A-D"": {""dG_dSASA_ratio"": -2.5692992210388184, ""dG_separated"": -29.06060218811035, ""dSASA_int"": 1131.0711669921875, ""delta_unsatHbonds"": 4.0, ""hbonds_int"": 0.0, ""nres_int"": 38.0, ""packstat"": 0.5280500054359436, ""sc_value"": 0.7609272003173828}, ""B-C"": {""dG_dSASA_ratio"": -1.8158318996429443, ""dG_separated"": -22.6895751953125, ""dSASA_int"": 1249.54150390625, ""delta_unsatHbonds"": 4.0, ""hbonds_int"": 0.0, ""nres_int"": 38.0, ""packstat"": 0.4946605861186981, ""sc_value"": 0.7123119831085205}, ""B-D"": {""dG_dSASA_ratio"": -2.9824774265289307, ""dG_separated"": -50.688899993896484, ""dSASA_int"": 1699.556884765625, ""delta_unsatHbonds"": 18.0, ""hbonds_int"": 6.0, ""nres_int"": 72.0, ""packstat"": 0.5807095766067505, ""sc_value"": 0.643415093421936}, ""C-D"": {""dG_dSASA_ratio"": -2.497373342514038, ""dG_separated"": -28.02313804626465, ""dSASA_int"": 1122.1044921875, ""delta_unsatHbonds"": 3.0, ""hbonds_int"": 4.0, ""nres_int"": 48.0, ""packstat"": 0.6273077726364136, ""sc_value"": 0.7122315764427185}}"
ova_body_c4_12_ms25_r03	AF3	65	7065	0	0	A-B,A-C,A-D,B-C,B-D,C-D	6	3	1	"{""A-B"": 25, ""A-C"": 71, ""A-D"": 38, ""B-C"": 34, ""B-D"": 71, ""C-D"": 29}"	A-D,B-C	A-B,A-C,B-D,C-D	0.21914616828754543	0.6619360446929932	0.0	-2.8185548782348633	4.898595719947665	0.6387485265731812	0.0	-2.689523696899414	10.91391485578547	"{""A-B"": {""dG_dSASA_ratio"": -2.883713960647583, ""dG_separated"": -32.35384750366211, ""dSASA_int"": 1121.95068359375, ""delta_unsatHbonds"": 0.0, ""hbonds_int"": 8.0, ""nres_int"": 48.0, ""packstat"": 0.5466156601905823, ""sc_value"": 0.724635899066925}, ""A-C"": {""dG_dSASA_ratio"": -2.817504405975342, ""dG_separated"": -49.049842834472656, ""dSASA_int"": 1740.8968505859375, ""delta_unsatHbonds"": 19.0, ""hbonds_int"": 4.0, ""nres_int"": 72.0, ""packstat"": 0.5596073865890503, ""sc_value"": 0.6387485265731812}, ""A-D"": {""dG_dSASA_ratio"": -2.8707618713378906, ""dG_separated"": -34.96324157714844, ""dSASA_int"": 1217.9080810546875, ""delta_unsatHbonds"": 4.0, ""hbonds_int"": 0.0, ""nres_int"": 40.0, ""packstat"": 0.5442799925804138, ""sc_value"": 0.7683602571487427}, ""B-C"": {""dG_dSASA_ratio"": -2.8185548782348633, ""dG_separated"": -34.52280807495117, ""dSASA_int"": 1224.8408203125, ""delta_unsatHbonds"": 6.0, ""hbonds_int"": 0.0, ""nres_int"": 41.0, ""packstat"": 0.5320626497268677, ""sc_value"": 0.6619360446929932}, ""B-D"": {""dG_dSASA_ratio"": -2.845581531524658, ""dG_separated"": -50.21736145019531, ""dSASA_int"": 1764.7486572265625, ""delta_unsatHbonds"": 16.0, ""hbonds_int"": 5.0, ""nres_int"": 76.0, ""packstat"": 0.6102659106254578, ""sc_value"": 0.6405178308486938}, ""C-D"": {""dG_dSASA_ratio"": -2.689523696899414, ""dG_separated"": -31.967742919921875, ""dSASA_int"": 1188.6024169921875, ""delta_unsatHbonds"": 3.0, ""hbonds_int"": 7.0, ""nres_int"": 48.0, ""packstat"": 0.5673748254776001, ""sc_value"": 0.7191376686096191}}"
ova_body_c4_12_ms25_r03	AF3	66	7066	0	0	A-B,A-C,A-D,B-C,B-D,C-D	6	3	1	"{""A-B"": 26, ""A-C"": 72, ""A-D"": 38, ""B-C"": 36, ""B-D"": 70, ""C-D"": 27}"	A-D,B-C	A-B,A-C,B-D,C-D	0.2110869934139501	0.7526999115943909	0.0	-2.826996326446533	3.4056822552916794	0.6514208316802979	0.0	-2.7938592433929443	10.297056418659812	"{""A-B"": {""dG_dSASA_ratio"": -2.8001842498779297, ""dG_separated"": -31.63645362854004, ""dSASA_int"": 1129.7989501953125, ""delta_unsatHbonds"": 0.0, ""hbonds_int"": 8.0, ""nres_int"": 48.0, ""packstat"": 0.6446270942687988, ""sc_value"": 0.7275722622871399}, ""A-C"": {""dG_dSASA_ratio"": -2.8469040393829346, ""dG_separated"": -50.2866096496582, ""dSASA_int"": 1766.3612060546875, ""delta_unsatHbonds"": 13.0, ""hbonds_int"": 5.0, ""nres_int"": 74.0, ""packstat"": 0.6017592549324036, ""sc_value"": 0.6537626385688782}, ""A-D"": {""dG_dSASA_ratio"": -2.826996326446533, ""dG_separated"": -34.41357421875, ""dSASA_int"": 1217.3194580078125, ""delta_unsatHbonds"": 2.0, ""hbonds_int"": 0.0, ""nres_int"": 40.0, ""packstat"": 0.6083618998527527, ""sc_value"": 0.7758939266204834}, ""B-C"": {""dG_dSASA_ratio"": -2.829349994659424, ""dG_separated"": -33.230934143066406, ""dSASA_int"": 1174.5076904296875, ""delta_unsatHbonds"": 4.0, ""hbonds_int"": 0.0, ""nres_int"": 40.0, ""packstat"": 0.5683188438415527, ""sc_value"": 0.7526999115943909}, ""B-D"": {""dG_dSASA_ratio"": -2.9553701877593994, ""dG_separated"": -51.66200637817383, ""dSASA_int"": 1748.0723876953125, ""delta_unsatHbonds"": 18.0, ""hbonds_int"": 5.0, ""nres_int"": 76.0, ""packstat"": 0.5376389026641846, ""sc_value"": 0.6514208316802979}, ""C-D"": {""dG_dSASA_ratio"": -2.7938592433929443, ""dG_separated"": -32.787689208984375, ""dSASA_int"": 1173.5626220703125, ""delta_unsatHbonds"": 2.0, ""hbonds_int"": 8.0, ""nres_int"": 48.0, ""packstat"": 0.6217292547225952, ""sc_value"": 0.7317107319831848}}"
ova_body_c4_12_ms25_r03	AF3	67	7067	0	0	A-B,A-C,A-D,B-C,B-D,C-D	6	3	1	"{""A-B"": 25, ""A-C"": 71, ""A-D"": 36, ""B-C"": 36, ""B-D"": 72, ""C-D"": 26}"	A-D,B-C	A-B,A-C,B-D,C-D	0.21347371957602387	0.7567712068557739	0.0	-2.799731731414795	3.4346593478905953	0.6428965330123901	0.0	-2.786557197570801	8.383702295604785	"{""A-B"": {""dG_dSASA_ratio"": -2.7999584674835205, ""dG_separated"": -30.43893814086914, ""dSASA_int"": 1087.12109375, ""delta_unsatHbonds"": 2.0, ""hbonds_int"": 7.0, ""nres_int"": 48.0, ""packstat"": 0.5750735998153687, ""sc_value"": 0.7111929655075073}, ""A-C"": {""dG_dSASA_ratio"": -2.944291114807129, ""dG_separated"": -51.77891159057617, ""dSASA_int"": 1758.62060546875, ""delta_unsatHbonds"": 13.0, ""hbonds_int"": 6.0, ""nres_int"": 72.0, ""packstat"": 0.6330757141113281, ""sc_value"": 0.6545029282569885}, ""A-D"": {""dG_dSASA_ratio"": -2.799731731414795, ""dG_separated"": -33.45991134643555, ""dSASA_int"": 1195.111328125, ""delta_unsatHbonds"": 2.0, ""hbonds_int"": 0.0, ""nres_int"": 40.0, ""packstat"": 0.5116706490516663, ""sc_value"": 0.768223762512207}, ""B-C"": {""dG_dSASA_ratio"": -2.9087462425231934, ""dG_separated"": -33.875221252441406, ""dSASA_int"": 1164.5987548828125, ""delta_unsatHbonds"": 4.0, ""hbonds_int"": 0.0, ""nres_int"": 40.0, ""packstat"": 0.5469416379928589, ""sc_value"": 0.7567712068557739}, ""B-D"": {""dG_dSASA_ratio"": -2.8800363540649414, ""dG_separated"": -51.529197692871094, ""dSASA_int"": 1789.1856689453125, ""delta_unsatHbonds"": 15.0, ""hbonds_int"": 6.0, ""nres_int"": 74.0, ""packstat"": 0.6247882843017578, ""sc_value"": 0.6428965330123901}, ""C-D"": {""dG_dSASA_ratio"": -2.786557197570801, ""dG_separated"": -32.62147521972656, ""dSASA_int"": 1170.6732177734375, ""delta_unsatHbonds"": 3.0, ""hbonds_int"": 8.0, ""nres_int"": 48.0, ""packstat"": 0.6604567170143127, ""sc_value"": 0.7226511240005493}}"
ova_body_c4_12_ms25_r03	AF3	68	7068	0	0	A-B,A-C,A-D,B-C,B-D,C-D	6	3	1	"{""A-B"": 25, ""A-C"": 69, ""A-D"": 34, ""B-C"": 36, ""B-D"": 64, ""C-D"": 27}"	A-D,B-C	A-B,A-C,B-D,C-D	0.21280427980407707	0.7216917872428894	0.0	-1.995113492012024	4.907591760493706	0.6581539511680603	0.0	-1.995113492012024	10.559424800082668	"{""A-B"": {""dG_dSASA_ratio"": -2.5469701290130615, ""dG_separated"": -27.100658416748047, ""dSASA_int"": 1064.03515625, ""delta_unsatHbonds"": 0.0, ""hbonds_int"": 5.0, ""nres_int"": 48.0, ""packstat"": 0.5582032799720764, ""sc_value"": 0.7239778637886047}, ""A-C"": {""dG_dSASA_ratio"": -3.0416903495788574, ""dG_separated"": -51.84981918334961, ""dSASA_int"": 1704.6383056640625, ""delta_unsatHbonds"": 18.0, ""hbonds_int"": 7.0, ""nres_int"": 73.0, ""packstat"": 0.5728870630264282, ""sc_value"": 0.6581539511680603}, ""A-D"": {""dG_dSASA_ratio"": -1.995113492012024, ""dG_separated"": -25.570144653320312, ""dSASA_int"": 1281.638671875, ""delta_unsatHbonds"": 4.0, ""hbonds_int"": 1.0, ""nres_int"": 40.0, ""packstat"": 0.49131566286087036, ""sc_value"": 0.7216917872428894}, ""B-C"": {""dG_dSASA_ratio"": -2.194547414779663, ""dG_separated"": -26.8304386138916, ""dSASA_int"": 1222.5955810546875, ""delta_unsatHbonds"": 6.0, ""hbonds_int"": 0.0, ""nres_int"": 40.0, ""packstat"": 0.47495660185813904, ""sc_value"": 0.7387362718582153}, ""B-D"": {""dG_dSASA_ratio"": -2.9963455200195312, ""dG_separated"": -51.83168029785156, ""dSASA_int"": 1729.8299560546875, ""delta_unsatHbonds"": 11.0, ""hbonds_int"": 5.0, ""nres_int"": 75.0, ""packstat"": 0.6390175223350525, ""sc_value"": 0.6608409881591797}, ""C-D"": {""dG_dSASA_ratio"": -2.260206699371338, ""dG_separated"": -26.261951446533203, ""dSASA_int"": 1161.927001953125, ""delta_unsatHbonds"": 2.0, ""hbonds_int"": 6.0, ""nres_int"": 48.0, ""packstat"": 0.4896549582481384, ""sc_value"": 0.7262939810752869}}"
ova_body_c4_12_ms25_r03	AF3	69	7069	0	0	A-B,A-C,A-D,B-C,B-D,C-D	6	3	1	"{""A-B"": 25, ""A-C"": 69, ""A-D"": 34, ""B-C"": 36, ""B-D"": 67, ""C-D"": 26}"	A-D,B-C	A-B,A-C,B-D,C-D	0.21333581090408518	0.7274367809295654	0.0	-1.779110074043274	5.206449294160254	0.6493977904319763	0.0	-1.779110074043274	11.69556913249201	"{""A-B"": {""dG_dSASA_ratio"": -2.4345576763153076, ""dG_separated"": -25.436798095703125, ""dSASA_int"": 1044.8221435546875, ""delta_unsatHbonds"": 0.0, ""hbonds_int"": 4.0, ""nres_int"": 48.0, ""packstat"": 0.5350483059883118, ""sc_value"": 0.6981768608093262}, ""A-C"": {""dG_dSASA_ratio"": -3.0381546020507812, ""dG_separated"": -51.95393753051758, ""dSASA_int"": 1710.04931640625, ""delta_unsatHbonds"": 20.0, ""hbonds_int"": 7.0, ""nres_int"": 72.0, ""packstat"": 0.594473123550415, ""sc_value"": 0.6939388513565063}, ""A-D"": {""dG_dSASA_ratio"": -1.779110074043274, ""dG_separated"": -22.780719757080078, ""dSASA_int"": 1280.455810546875, ""delta_unsatHbonds"": 4.0, ""hbonds_int"": 1.0, ""nres_int"": 39.0, ""packstat"": 0.517149806022644, ""sc_value"": 0.7357483506202698}, ""B-C"": {""dG_dSASA_ratio"": -3.0429739952087402, ""dG_separated"": -35.067745208740234, ""dSASA_int"": 1152.4168701171875, ""delta_unsatHbonds"": 6.0, ""hbonds_int"": 0.0, ""nres_int"": 40.0, ""packstat"": 0.5402551293373108, ""sc_value"": 0.7274367809295654}, ""B-D"": {""dG_dSASA_ratio"": -3.001742124557495, ""dG_separated"": -51.74296188354492, ""dSASA_int"": 1723.7645263671875, ""delta_unsatHbonds"": 13.0, ""hbonds_int"": 5.0, ""nres_int"": 75.0, ""packstat"": 0.6049277782440186, ""sc_value"": 0.6493977904319763}, ""C-D"": {""dG_dSASA_ratio"": -2.6163084506988525, ""dG_separated"": -30.665369033813477, ""dSASA_int"": 1172.08544921875, ""delta_unsatHbonds"": 3.0, ""hbonds_int"": 7.0, ""nres_int"": 48.0, ""packstat"": 0.5699405074119568, ""sc_value"": 0.7215170860290527}}"
ova_body_c4_12_ms25_r03	AF3	70	7070	0	0	A-B,A-C,A-D,B-C,B-D,C-D	6	3	1	"{""A-B"": 25, ""A-C"": 71, ""A-D"": 38, ""B-C"": 34, ""B-D"": 72, ""C-D"": 27}"	A-D,B-C	A-B,A-C,B-D,C-D	0.2216808856913638	0.6332595944404602	0.0	-1.9279996156692505	7.154251912574669	0.6332595944404602	0.0	-1.9279996156692505	10.343553334928938	"{""A-B"": {""dG_dSASA_ratio"": -2.717543601989746, ""dG_separated"": -29.07646942138672, ""dSASA_int"": 1069.9541015625, ""delta_unsatHbonds"": 0.0, ""hbonds_int"": 7.0, ""nres_int"": 48.0, ""packstat"": 0.5421963334083557, ""sc_value"": 0.7319110631942749}, ""A-C"": {""dG_dSASA_ratio"": -2.942046642303467, ""dG_separated"": -51.19791793823242, ""dSASA_int"": 1740.21435546875, ""delta_unsatHbonds"": 18.0, ""hbonds_int"": 6.0, ""nres_int"": 74.0, ""packstat"": 0.6112247705459595, ""sc_value"": 0.6411858797073364}, ""A-D"": {""dG_dSASA_ratio"": -2.8463997840881348, ""dG_separated"": -34.91707229614258, ""dSASA_int"": 1226.7099609375, ""delta_unsatHbonds"": 2.0, ""hbonds_int"": 0.0, ""nres_int"": 40.0, ""packstat"": 0.6249043345451355, ""sc_value"": 0.7708815932273865}, ""B-C"": {""dG_dSASA_ratio"": -1.9279996156692505, ""dG_separated"": -24.25410270690918, ""dSASA_int"": 1257.9931640625, ""delta_unsatHbonds"": 9.0, ""hbonds_int"": 0.0, ""nres_int"": 41.0, ""packstat"": 0.5790549516677856, ""sc_value"": 0.6332595944404602}, ""B-D"": {""dG_dSASA_ratio"": -2.9656150341033936, ""dG_separated"": -52.70384979248047, ""dSASA_int"": 1777.1641845703125, ""delta_unsatHbonds"": 15.0, ""hbonds_int"": 5.0, ""nres_int"": 77.0, ""packstat"": 0.6427609324455261, ""sc_value"": 0.647693395614624}, ""C-D"": {""dG_dSASA_ratio"": -2.863710641860962, ""dG_separated"": -33.32237243652344, ""dSASA_int"": 1163.6082763671875, ""delta_unsatHbonds"": 4.0, ""hbonds_int"": 8.0, ""nres_int"": 48.0, ""packstat"": 0.5488032102584839, ""sc_value"": 0.7354884147644043}}"
ova_body_c4_12_ms25_r03	AF3	71	7071	0	0	A-B,A-C,A-D,B-C,B-D,C-D	6	3	1	"{""A-B"": 26, ""A-C"": 70, ""A-D"": 36, ""B-C"": 37, ""B-D"": 71, ""C-D"": 28}"	A-D,B-C	A-B,A-C,B-D,C-D	0.20949532166683282	0.7576155662536621	0.0	-2.8177595138549805	3.5341428527979026	0.636694073677063	0.0	-2.6443355083465576	9.602123852118577	"{""A-B"": {""dG_dSASA_ratio"": -2.7501533031463623, ""dG_separated"": -30.565231323242188, ""dSASA_int"": 1111.4010009765625, ""delta_unsatHbonds"": 0.0, ""hbonds_int"": 7.0, ""nres_int"": 48.0, ""packstat"": 0.5722286105155945, ""sc_value"": 0.7278635501861572}, ""A-C"": {""dG_dSASA_ratio"": -2.7845072746276855, ""dG_separated"": -48.384117126464844, ""dSASA_int"": 1737.61865234375, ""delta_unsatHbonds"": 12.0, ""hbonds_int"": 5.0, ""nres_int"": 71.0, ""packstat"": 0.5217017531394958, ""sc_value"": 0.636694073677063}, ""A-D"": {""dG_dSASA_ratio"": -2.969874143600464, ""dG_separated"": -33.6135139465332, ""dSASA_int"": 1131.816162109375, ""delta_unsatHbonds"": 4.0, ""hbonds_int"": 0.0, ""nres_int"": 40.0, ""packstat"": 0.47185200452804565, ""sc_value"": 0.7576155662536621}, ""B-C"": {""dG_dSASA_ratio"": -2.8177595138549805, ""dG_separated"": -33.670074462890625, ""dSASA_int"": 1194.9237060546875, ""delta_unsatHbonds"": 4.0, ""hbonds_int"": 0.0, ""nres_int"": 40.0, ""packstat"": 0.5156171321868896, ""sc_value"": 0.7804157733917236}, ""B-D"": {""dG_dSASA_ratio"": -2.8244454860687256, ""dG_separated"": -50.00516128540039, ""dSASA_int"": 1770.441650390625, ""delta_unsatHbonds"": 17.0, ""hbonds_int"": 6.0, ""nres_int"": 72.0, ""packstat"": 0.5961306095123291, ""sc_value"": 0.6460074186325073}, ""C-D"": {""dG_dSASA_ratio"": -2.6443355083465576, ""dG_separated"": -31.033550262451172, ""dSASA_int"": 1173.5860595703125, ""delta_unsatHbonds"": 3.0, ""hbonds_int"": 7.0, ""nres_int"": 48.0, ""packstat"": 0.5615304112434387, ""sc_value"": 0.7161919474601746}}"
ova_body_c4_12_ms25_r03	AF3	72	7072	0	0	A-B,A-C,A-D,B-C,B-D,C-D	6	3	1	"{""A-B"": 25, ""A-C"": 60, ""A-D"": 32, ""B-C"": 37, ""B-D"": 71, ""C-D"": 27}"	A-D,B-C	A-B,A-C,B-D,C-D	0.230498118743616	0.7508251070976257	0.0	-2.826780080795288	3.441951727803466	0.5947457551956177	0.0	-2.2263972759246826	9.849732591613993	"{""A-B"": {""dG_dSASA_ratio"": -2.632528781890869, ""dG_separated"": -28.882740020751953, ""dSASA_int"": 1097.1480712890625, ""delta_unsatHbonds"": 0.0, ""hbonds_int"": 6.0, ""nres_int"": 48.0, ""packstat"": 0.5630344152450562, ""sc_value"": 0.7243952751159668}, ""A-C"": {""dG_dSASA_ratio"": -2.9637300968170166, ""dG_separated"": -49.08784484863281, ""dSASA_int"": 1656.2860107421875, ""delta_unsatHbonds"": 12.0, ""hbonds_int"": 6.0, ""nres_int"": 72.0, ""packstat"": 0.6215976476669312, ""sc_value"": 0.6061597466468811}, ""A-D"": {""dG_dSASA_ratio"": -2.826780080795288, ""dG_separated"": -32.85089874267578, ""dSASA_int"": 1162.13134765625, ""delta_unsatHbonds"": 4.0, ""hbonds_int"": 1.0, ""nres_int"": 40.0, ""packstat"": 0.5466709136962891, ""sc_value"": 0.7508251070976257}, ""B-C"": {""dG_dSASA_ratio"": -3.3932504653930664, ""dG_separated"": -40.14542007446289, ""dSASA_int"": 1183.09619140625, ""delta_unsatHbonds"": 2.0, ""hbonds_int"": 0.0, ""nres_int"": 40.0, ""packstat"": 0.4983750283718109, ""sc_value"": 0.7607568502426147}, ""B-D"": {""dG_dSASA_ratio"": -3.0525050163269043, ""dG_separated"": -52.684261322021484, ""dSASA_int"": 1725.9351806640625, ""delta_unsatHbonds"": 17.0, ""hbonds_int"": 5.0, ""nres_int"": 76.0, ""packstat"": 0.5701172947883606, ""sc_value"": 0.655387818813324}, ""C-D"": {""dG_dSASA_ratio"": -2.2263972759246826, ""dG_separated"": -24.418611526489258, ""dSASA_int"": 1096.77685546875, ""delta_unsatHbonds"": 0.0, ""hbonds_int"": 6.0, ""nres_int"": 46.0, ""packstat"": 0.5906737446784973, ""sc_value"": 0.5947457551956177}}"
ova_body_c4_12_ms25_r03	AF3	73	7073	0	0	A-B,A-C,A-D,B-C,B-D,C-D	6	3	1	"{""A-B"": 27, ""A-C"": 69, ""A-D"": 36, ""B-C"": 38, ""B-D"": 71, ""C-D"": 28}"	A-D,B-C	A-B,A-C,B-D,C-D	0.2360900726757976	0.7397487163543701	0.0	-2.8178040981292725	3.4107933581544327	0.5631747245788574	0.0	-2.744189977645874	8.405821688223915	"{""A-B"": {""dG_dSASA_ratio"": -2.8182034492492676, ""dG_separated"": -31.74266242980957, ""dSASA_int"": 1126.3438720703125, ""delta_unsatHbonds"": 0.0, ""hbonds_int"": 8.0, ""nres_int"": 48.0, ""packstat"": 0.5299026966094971, ""sc_value"": 0.7226063013076782}, ""A-C"": {""dG_dSASA_ratio"": -2.82552170753479, ""dG_separated"": -46.68125915527344, ""dSASA_int"": 1652.12890625, ""delta_unsatHbonds"": 12.0, ""hbonds_int"": 4.0, ""nres_int"": 68.0, ""packstat"": 0.5565066933631897, ""sc_value"": 0.5631747245788574}, ""A-D"": {""dG_dSASA_ratio"": -3.0678534507751465, ""dG_separated"": -35.978179931640625, ""dSASA_int"": 1172.7476806640625, ""delta_unsatHbonds"": 4.0, ""hbonds_int"": 0.0, ""nres_int"": 40.0, ""packstat"": 0.49964016675949097, ""sc_value"": 0.7397487163543701}, ""B-C"": {""dG_dSASA_ratio"": -2.8178040981292725, ""dG_separated"": -34.825016021728516, ""dSASA_int"": 1235.8919677734375, ""delta_unsatHbonds"": 4.0, ""hbonds_int"": 0.0, ""nres_int"": 40.0, ""packstat"": 0.5084167122840881, ""sc_value"": 0.7760056853294373}, ""B-D"": {""dG_dSASA_ratio"": -2.851816177368164, ""dG_separated"": -50.89002227783203, ""dSASA_int"": 1784.4775390625, ""delta_unsatHbonds"": 15.0, ""hbonds_int"": 5.0, ""nres_int"": 76.0, ""packstat"": 0.6485528945922852, ""sc_value"": 0.6529854536056519}, ""C-D"": {""dG_dSASA_ratio"": -2.744189977645874, ""dG_separated"": -32.17965316772461, ""dSASA_int"": 1172.6466064453125, ""delta_unsatHbonds"": 1.0, ""hbonds_int"": 8.0, ""nres_int"": 48.0, ""packstat"": 0.5750734210014343, ""sc_value"": 0.7232383489608765}}"
ova_body_c4_12_ms25_r03	AF3	74	7074	0	0	A-B,A-C,A-D,B-C,B-D,C-D	6	3	1	"{""A-B"": 26, ""A-C"": 72, ""A-D"": 33, ""B-C"": 34, ""B-D"": 71, ""C-D"": 27}"	A-D,B-C	A-B,A-C,B-D,C-D	0.22596793868859544	0.628905177116394	0.0	-1.5065454244613647	10.89558646476467	0.628905177116394	0.0	-1.5065454244613647	11.31240621038949	"{""A-B"": {""dG_dSASA_ratio"": -2.6674423217773438, ""dG_separated"": -30.199928283691406, ""dSASA_int"": 1132.1680908203125, ""delta_unsatHbonds"": 2.0, ""hbonds_int"": 7.0, ""nres_int"": 48.0, ""packstat"": 0.5629327893257141, ""sc_value"": 0.7117588520050049}, ""A-C"": {""dG_dSASA_ratio"": -3.0227131843566895, ""dG_separated"": -53.440677642822266, ""dSASA_int"": 1767.970458984375, ""delta_unsatHbonds"": 20.0, ""hbonds_int"": 6.0, ""nres_int"": 72.0, ""packstat"": 0.5861425995826721, ""sc_value"": 0.6769466400146484}, ""A-D"": {""dG_dSASA_ratio"": -1.5065454244613647, ""dG_separated"": -19.35796356201172, ""dSASA_int"": 1284.9239501953125, ""delta_unsatHbonds"": 14.0, ""hbonds_int"": 0.0, ""nres_int"": 40.0, ""packstat"": 0.4921188950538635, ""sc_value"": 0.628905177116394}, ""B-C"": {""dG_dSASA_ratio"": -2.9121460914611816, ""dG_separated"": -35.6805534362793, ""dSASA_int"": 1225.232177734375, ""delta_unsatHbonds"": 4.0, ""hbonds_int"": 0.0, ""nres_int"": 41.0, ""packstat"": 0.600771963596344, ""sc_value"": 0.679999053478241}, ""B-D"": {""dG_dSASA_ratio"": -2.869734048843384, ""dG_separated"": -50.912315368652344, ""dSASA_int"": 1774.1126708984375, ""delta_unsatHbonds"": 17.0, ""hbonds_int"": 5.0, ""nres_int"": 76.0, ""packstat"": 0.6401986479759216, ""sc_value"": 0.6605703830718994}, ""C-D"": {""dG_dSASA_ratio"": -2.659430742263794, ""dG_separated"": -31.15510368347168, ""dSASA_int"": 1171.4952392578125, ""delta_unsatHbonds"": 3.0, ""hbonds_int"": 7.0, ""nres_int"": 48.0, ""packstat"": 0.57256680727005, ""sc_value"": 0.7217527031898499}}"
ova_body_c4_12_ms25_r03	AF3	75	7075	0	0	A-B,A-C,A-D,B-C,B-D,C-D	6	3	1	"{""A-B"": 26, ""A-C"": 70, ""A-D"": 34, ""B-C"": 36, ""B-D"": 70, ""C-D"": 27}"	A-D,B-C	A-B,A-C,B-D,C-D	0.2076095709110994	0.662502646446228	0.0	-2.9373669624328613	6.839619195518178	0.6576656699180603	0.0	-2.7436392307281494	8.028354045317275	"{""A-B"": {""dG_dSASA_ratio"": -2.7436392307281494, ""dG_separated"": -31.517398834228516, ""dSASA_int"": 1148.7442626953125, ""delta_unsatHbonds"": 3.0, ""hbonds_int"": 8.0, ""nres_int"": 48.0, ""packstat"": 0.5282320976257324, ""sc_value"": 0.7216424942016602}, ""A-C"": {""dG_dSASA_ratio"": -3.0331153869628906, ""dG_separated"": -52.89205551147461, ""dSASA_int"": 1743.8194580078125, ""delta_unsatHbonds"": 14.0, ""hbonds_int"": 6.0, ""nres_int"": 72.0, ""packstat"": 0.574362576007843, ""sc_value"": 0.6702648401260376}, ""A-D"": {""dG_dSASA_ratio"": -3.147947072982788, ""dG_separated"": -36.82014465332031, ""dSASA_int"": 1169.65576171875, ""delta_unsatHbonds"": 8.0, ""hbonds_int"": 0.0, ""nres_int"": 42.0, ""packstat"": 0.5462198257446289, ""sc_value"": 0.662502646446228}, ""B-C"": {""dG_dSASA_ratio"": -2.9373669624328613, ""dG_separated"": -34.308311462402344, ""dSASA_int"": 1167.9954833984375, ""delta_unsatHbonds"": 6.0, ""hbonds_int"": 0.0, ""nres_int"": 40.0, ""packstat"": 0.5991634130477905, ""sc_value"": 0.7660074234008789}, ""B-D"": {""dG_dSASA_ratio"": -2.939603805541992, ""dG_separated"": -51.4682731628418, ""dSASA_int"": 1750.857421875, ""delta_unsatHbonds"": 14.0, ""hbonds_int"": 5.0, ""nres_int"": 76.0, ""packstat"": 0.541020393371582, ""sc_value"": 0.6576656699180603}, ""C-D"": {""dG_dSASA_ratio"": -2.759352922439575, ""dG_separated"": -32.62382507324219, ""dSASA_int"": 1182.2998046875, ""delta_unsatHbonds"": 2.0, ""hbonds_int"": 8.0, ""nres_int"": 48.0, ""packstat"": 0.5270720720291138, ""sc_value"": 0.7206305265426636}}"
ova_body_c4_12_ms25_r03	AF3	76	7076	0	0	A-B,A-C,A-D,B-C,B-D,C-D	6	3	1	"{""A-B"": 26, ""A-C"": 68, ""A-D"": 37, ""B-C"": 35, ""B-D"": 75, ""C-D"": 25}"	A-D,B-C	A-B,A-C,B-D,C-D	0.22543269129193017	0.6301132440567017	0.0	-2.8335232734680176	4.823569543523412	0.6110341548919678	0.0	-2.667013645172119	10.56283848776967	"{""A-B"": {""dG_dSASA_ratio"": -2.7900285720825195, ""dG_separated"": -31.227075576782227, ""dSASA_int"": 1119.238525390625, ""delta_unsatHbonds"": 0.0, ""hbonds_int"": 8.0, ""nres_int"": 48.0, ""packstat"": 0.5484367609024048, ""sc_value"": 0.7197402715682983}, ""A-C"": {""dG_dSASA_ratio"": -2.977841377258301, ""dG_separated"": -50.745018005371094, ""dSASA_int"": 1704.08740234375, ""delta_unsatHbonds"": 18.0, ""hbonds_int"": 4.0, ""nres_int"": 72.0, ""packstat"": 0.5173434019088745, ""sc_value"": 0.6110341548919678}, ""A-D"": {""dG_dSASA_ratio"": -2.842578411102295, ""dG_separated"": -33.871768951416016, ""dSASA_int"": 1191.5860595703125, ""delta_unsatHbonds"": 4.0, ""hbonds_int"": 0.0, ""nres_int"": 40.0, ""packstat"": 0.5648418068885803, ""sc_value"": 0.7593646049499512}, ""B-C"": {""dG_dSASA_ratio"": -2.8335232734680176, ""dG_separated"": -35.2459716796875, ""dSASA_int"": 1243.89208984375, ""delta_unsatHbonds"": 6.0, ""hbonds_int"": 0.0, ""nres_int"": 41.0, ""packstat"": 0.4889322519302368, ""sc_value"": 0.6301132440567017}, ""B-D"": {""dG_dSASA_ratio"": -2.858785629272461, ""dG_separated"": -52.98332977294922, ""dSASA_int"": 1853.3509521484375, ""delta_unsatHbonds"": 19.0, ""hbonds_int"": 6.0, ""nres_int"": 76.0, ""packstat"": 0.613445520401001, ""sc_value"": 0.6761641502380371}, ""C-D"": {""dG_dSASA_ratio"": -2.667013645172119, ""dG_separated"": -31.24767303466797, ""dSASA_int"": 1171.63525390625, ""delta_unsatHbonds"": 1.0, ""hbonds_int"": 8.0, ""nres_int"": 48.0, ""packstat"": 0.5999859571456909, ""sc_value"": 0.7346605658531189}}"
ova_body_c4_12_ms25_r03	AF3	77	7077	0	0	A-B,A-C,A-D,B-C,B-D,C-D	6	3	1	"{""A-B"": 25, ""A-C"": 71, ""A-D"": 37, ""B-C"": 37, ""B-D"": 66, ""C-D"": 26}"	A-D,B-C	A-B,A-C,B-D,C-D	0.21589829114981463	0.7597599029541016	0.0	-2.7940726280212402	3.306840329606242	0.596947431564331	0.0	-2.69307017326355	11.447257863317338	"{""A-B"": {""dG_dSASA_ratio"": -2.69307017326355, ""dG_separated"": -29.115468978881836, ""dSASA_int"": 1081.12548828125, ""delta_unsatHbonds"": 0.0, ""hbonds_int"": 6.0, ""nres_int"": 47.0, ""packstat"": 0.6091396808624268, ""sc_value"": 0.704564094543457}, ""A-C"": {""dG_dSASA_ratio"": -2.915623188018799, ""dG_separated"": -50.94011688232422, ""dSASA_int"": 1747.143310546875, ""delta_unsatHbonds"": 20.0, ""hbonds_int"": 6.0, ""nres_int"": 72.0, ""packstat"": 0.586223840713501, ""sc_value"": 0.6775007247924805}, ""A-D"": {""dG_dSASA_ratio"": -2.8174972534179688, ""dG_separated"": -33.39823532104492, ""dSASA_int"": 1185.38671875, ""delta_unsatHbonds"": 2.0, ""hbonds_int"": 0.0, ""nres_int"": 40.0, ""packstat"": 0.5544421076774597, ""sc_value"": 0.765874981880188}, ""B-C"": {""dG_dSASA_ratio"": -2.7940726280212402, ""dG_separated"": -33.797489166259766, ""dSASA_int"": 1209.6138916015625, ""delta_unsatHbonds"": 4.0, ""hbonds_int"": 0.0, ""nres_int"": 40.0, ""packstat"": 0.5019871592521667, ""sc_value"": 0.7597599029541016}, ""B-D"": {""dG_dSASA_ratio"": -2.785667896270752, ""dG_separated"": -47.34878158569336, ""dSASA_int"": 1699.7281494140625, ""delta_unsatHbonds"": 9.0, ""hbonds_int"": 4.0, ""nres_int"": 72.0, ""packstat"": 0.6297253966331482, ""sc_value"": 0.596947431564331}, ""C-D"": {""dG_dSASA_ratio"": -2.762592315673828, ""dG_separated"": -32.39883804321289, ""dSASA_int"": 1172.7694091796875, ""delta_unsatHbonds"": 3.0, ""hbonds_int"": 8.0, ""nres_int"": 48.0, ""packstat"": 0.553082287311554, ""sc_value"": 0.7214934229850769}}"
ova_body_c4_12_ms25_r03	AF3	78	7078	0	0	A-B,A-C,A-D,B-C,B-D,C-D	6	3	1	"{""A-B"": 26, ""A-C"": 70, ""A-D"": 38, ""B-C"": 37, ""B-D"": 70, ""C-D"": 26}"	A-D,B-C	A-B,A-C,B-D,C-D	0.21306757868035311	0.7599536776542664	0.0	-2.813072443008423	3.342850036735849	0.6068452596664429	0.0	-2.4619624614715576	9.507782632787938	"{""A-B"": {""dG_dSASA_ratio"": -2.753028631210327, ""dG_separated"": -31.553621292114258, ""dSASA_int"": 1146.14208984375, ""delta_unsatHbonds"": 0.0, ""hbonds_int"": 8.0, ""nres_int"": 48.0, ""packstat"": 0.576666533946991, ""sc_value"": 0.739632248878479}, ""A-C"": {""dG_dSASA_ratio"": -3.0095436573028564, ""dG_separated"": -50.64556121826172, ""dSASA_int"": 1682.8319091796875, ""delta_unsatHbonds"": 16.0, ""hbonds_int"": 4.0, ""nres_int"": 73.0, ""packstat"": 0.5175063610076904, ""sc_value"": 0.6068452596664429}, ""A-D"": {""dG_dSASA_ratio"": -2.813072443008423, ""dG_separated"": -33.836246490478516, ""dSASA_int"": 1202.8216552734375, ""delta_unsatHbonds"": 4.0, ""hbonds_int"": 0.0, ""nres_int"": 40.0, ""packstat"": 0.5023011565208435, ""sc_value"": 0.7599536776542664}, ""B-C"": {""dG_dSASA_ratio"": -2.8782429695129395, ""dG_separated"": -34.440589904785156, ""dSASA_int"": 1196.583740234375, ""delta_unsatHbonds"": 4.0, ""hbonds_int"": 0.0, ""nres_int"": 40.0, ""packstat"": 0.4839675724506378, ""sc_value"": 0.7691360712051392}, ""B-D"": {""dG_dSASA_ratio"": -3.0350582599639893, ""dG_separated"": -52.350494384765625, ""dSASA_int"": 1724.8597412109375, ""delta_unsatHbonds"": 16.0, ""hbonds_int"": 5.0, ""nres_int"": 76.0, ""packstat"": 0.547551691532135, ""sc_value"": 0.6510173082351685}, ""C-D"": {""dG_dSASA_ratio"": -2.4619624614715576, ""dG_separated"": -27.744874954223633, ""dSASA_int"": 1126.94140625, ""delta_unsatHbonds"": 1.0, ""hbonds_int"": 5.0, ""nres_int"": 48.0, ""packstat"": 0.5357470512390137, ""sc_value"": 0.730373740196228}}"
ova_body_c4_12_ms25_r03	AF3	79	7079	0	0	A-B,A-C,A-D,B-C,B-D,C-D	6	3	1	"{""A-B"": 26, ""A-C"": 65, ""A-D"": 36, ""B-C"": 34, ""B-D"": 72, ""C-D"": 28}"	A-D,B-C	A-B,A-C,B-D,C-D	0.23082934428510432	0.7563382387161255	0.0	-2.5941221714019775	3.4503262215632122	0.5808457732200623	0.0	-2.5941221714019775	9.780386039907723	"{""A-B"": {""dG_dSASA_ratio"": -2.800920009613037, ""dG_separated"": -30.85694122314453, ""dSASA_int"": 1101.6717529296875, ""delta_unsatHbonds"": 2.0, ""hbonds_int"": 6.0, ""nres_int"": 48.0, ""packstat"": 0.5855383276939392, ""sc_value"": 0.7179890871047974}, ""A-C"": {""dG_dSASA_ratio"": -2.9062106609344482, ""dG_separated"": -47.54349136352539, ""dSASA_int"": 1635.92724609375, ""delta_unsatHbonds"": 16.0, ""hbonds_int"": 5.0, ""nres_int"": 69.0, ""packstat"": 0.6298566460609436, ""sc_value"": 0.5808457732200623}, ""A-D"": {""dG_dSASA_ratio"": -3.0517048835754395, ""dG_separated"": -35.730995178222656, ""dSASA_int"": 1170.8536376953125, ""delta_unsatHbonds"": 2.0, ""hbonds_int"": 0.0, ""nres_int"": 40.0, ""packstat"": 0.5644463896751404, ""sc_value"": 0.7563382387161255}, ""B-C"": {""dG_dSASA_ratio"": -2.5941221714019775, ""dG_separated"": -30.07393455505371, ""dSASA_int"": 1159.3106689453125, ""delta_unsatHbonds"": 4.0, ""hbonds_int"": 0.0, ""nres_int"": 40.0, ""packstat"": 0.43402573466300964, ""sc_value"": 0.7660129070281982}, ""B-D"": {""dG_dSASA_ratio"": -2.9671308994293213, ""dG_separated"": -53.651912689208984, ""dSASA_int"": 1808.2083740234375, ""delta_unsatHbonds"": 17.0, ""hbonds_int"": 6.0, ""nres_int"": 76.0, ""packstat"": 0.5873506665229797, ""sc_value"": 0.6843317747116089}, ""C-D"": {""dG_dSASA_ratio"": -2.707058906555176, ""dG_separated"": -31.33519172668457, ""dSASA_int"": 1157.536376953125, ""delta_unsatHbonds"": 1.0, ""hbonds_int"": 7.0, ""nres_int"": 48.0, ""packstat"": 0.5919240117073059, ""sc_value"": 0.7211716771125793}}"
ova_body_c4_12_ms25_r03	AF3	80	7080	0	0	A-B,A-C,A-D,B-C,B-D,C-D	6	3	1	"{""A-B"": 25, ""A-C"": 72, ""A-D"": 36, ""B-C"": 36, ""B-D"": 72, ""C-D"": 27}"	A-D,B-C	A-B,A-C,B-D,C-D	0.2245803088718895	0.7428953051567078	0.0	-2.9299943447113037	3.434810199692368	0.6411290168762207	0.0	-2.511465072631836	8.947558088439736	"{""A-B"": {""dG_dSASA_ratio"": -2.7710983753204346, ""dG_separated"": -30.98360824584961, ""dSASA_int"": 1118.0985107421875, ""delta_unsatHbonds"": 0.0, ""hbonds_int"": 7.0, ""nres_int"": 48.0, ""packstat"": 0.580227255821228, ""sc_value"": 0.7264838218688965}, ""A-C"": {""dG_dSASA_ratio"": -2.9024713039398193, ""dG_separated"": -52.04568099975586, ""dSASA_int"": 1793.1505126953125, ""delta_unsatHbonds"": 13.0, ""hbonds_int"": 6.0, ""nres_int"": 74.0, ""packstat"": 0.5449169278144836, ""sc_value"": 0.6411290168762207}, ""A-D"": {""dG_dSASA_ratio"": -3.1133227348327637, ""dG_separated"": -35.35087203979492, ""dSASA_int"": 1135.4708251953125, ""delta_unsatHbonds"": 2.0, ""hbonds_int"": 0.0, ""nres_int"": 40.0, ""packstat"": 0.629976212978363, ""sc_value"": 0.7428953051567078}, ""B-C"": {""dG_dSASA_ratio"": -2.9299943447113037, ""dG_separated"": -34.121177673339844, ""dSASA_int"": 1164.547607421875, ""delta_unsatHbonds"": 4.0, ""hbonds_int"": 0.0, ""nres_int"": 40.0, ""packstat"": 0.5781348943710327, ""sc_value"": 0.7522728443145752}, ""B-D"": {""dG_dSASA_ratio"": -2.967228889465332, ""dG_separated"": -53.059906005859375, ""dSASA_int"": 1788.1973876953125, ""delta_unsatHbonds"": 16.0, ""hbonds_int"": 6.0, ""nres_int"": 76.0, ""packstat"": 0.5584860444068909, ""sc_value"": 0.6700800657272339}, ""C-D"": {""dG_dSASA_ratio"": -2.511465072631836, ""dG_separated"": -30.17702293395996, ""dSASA_int"": 1201.5704345703125, ""delta_unsatHbonds"": 5.0, ""hbonds_int"": 7.0, ""nres_int"": 48.0, ""packstat"": 0.6281213164329529, ""sc_value"": 0.731519877910614}}"
ova_body_c4_12_ms25_r03	AF3	81	7081	0	0	A-B,A-C,A-D,B-C,B-D,C-D	6	3	1	"{""A-B"": 25, ""A-C"": 64, ""A-D"": 33, ""B-C"": 38, ""B-D"": 69, ""C-D"": 26}"	A-D,B-C	A-B,A-C,B-D,C-D	0.21503172857082875	0.7167885899543762	0.0	-2.849292278289795	5.2608375533380665	0.6322321891784668	0.0	-2.4779365062713623	10.914430675575126	"{""A-B"": {""dG_dSASA_ratio"": -2.4779365062713623, ""dG_separated"": -26.549497604370117, ""dSASA_int"": 1071.4356689453125, ""delta_unsatHbonds"": 0.0, ""hbonds_int"": 5.0, ""nres_int"": 48.0, ""packstat"": 0.5812900066375732, ""sc_value"": 0.7136951684951782}, ""A-C"": {""dG_dSASA_ratio"": -3.087850570678711, ""dG_separated"": -50.88302993774414, ""dSASA_int"": 1647.8463134765625, ""delta_unsatHbonds"": 12.0, ""hbonds_int"": 4.0, ""nres_int"": 71.0, ""packstat"": 0.6464319825172424, ""sc_value"": 0.6322321891784668}, ""A-D"": {""dG_dSASA_ratio"": -2.849292278289795, ""dG_separated"": -32.49625778198242, ""dSASA_int"": 1140.5028076171875, ""delta_unsatHbonds"": 6.0, ""hbonds_int"": 1.0, ""nres_int"": 39.0, ""packstat"": 0.5219057202339172, ""sc_value"": 0.7167885899543762}, ""B-C"": {""dG_dSASA_ratio"": -2.954029083251953, ""dG_separated"": -34.91671371459961, ""dSASA_int"": 1182.0029296875, ""delta_unsatHbonds"": 6.0, ""hbonds_int"": 0.0, ""nres_int"": 40.0, ""packstat"": 0.5360379815101624, ""sc_value"": 0.7529330253601074}, ""B-D"": {""dG_dSASA_ratio"": -3.022850513458252, ""dG_separated"": -52.622222900390625, ""dSASA_int"": 1740.8145751953125, ""delta_unsatHbonds"": 19.0, ""hbonds_int"": 5.0, ""nres_int"": 76.0, ""packstat"": 0.6161618232727051, ""sc_value"": 0.6443723440170288}, ""C-D"": {""dG_dSASA_ratio"": -2.661954164505005, ""dG_separated"": -30.31881332397461, ""dSASA_int"": 1138.96826171875, ""delta_unsatHbonds"": 3.0, ""hbonds_int"": 7.0, ""nres_int"": 48.0, ""packstat"": 0.5735872983932495, ""sc_value"": 0.7287479639053345}}"
ova_body_c4_12_ms25_r03	AF3	82	7082	0	0	A-B,A-C,A-D,B-C,B-D,C-D	6	3	1	"{""A-B"": 26, ""A-C"": 66, ""A-D"": 36, ""B-C"": 37, ""B-D"": 70, ""C-D"": 26}"	A-D,B-C	A-B,A-C,B-D,C-D	0.21705482043272728	0.7338685989379883	0.0	-2.1167118549346924	3.367440382544845	0.6077860593795776	0.0	-2.1167118549346924	8.595824379641076	"{""A-B"": {""dG_dSASA_ratio"": -2.704937696456909, ""dG_separated"": -29.468578338623047, ""dSASA_int"": 1089.4365234375, ""delta_unsatHbonds"": 0.0, ""hbonds_int"": 6.0, ""nres_int"": 48.0, ""packstat"": 0.5169857144355774, ""sc_value"": 0.7295132875442505}, ""A-C"": {""dG_dSASA_ratio"": -2.902433395385742, ""dG_separated"": -49.82271957397461, ""dSASA_int"": 1716.58447265625, ""delta_unsatHbonds"": 14.0, ""hbonds_int"": 5.0, ""nres_int"": 70.0, ""packstat"": 0.5539610385894775, ""sc_value"": 0.6077860593795776}, ""A-D"": {""dG_dSASA_ratio"": -2.1167118549346924, ""dG_separated"": -26.10159683227539, ""dSASA_int"": 1233.119873046875, ""delta_unsatHbonds"": 4.0, ""hbonds_int"": 0.0, ""nres_int"": 40.0, ""packstat"": 0.5804598927497864, ""sc_value"": 0.7338685989379883}, ""B-C"": {""dG_dSASA_ratio"": -2.8837976455688477, ""dG_separated"": -34.25507354736328, ""dSASA_int"": 1187.8458251953125, ""delta_unsatHbonds"": 4.0, ""hbonds_int"": 0.0, ""nres_int"": 40.0, ""packstat"": 0.5254970192909241, ""sc_value"": 0.7550203800201416}, ""B-D"": {""dG_dSASA_ratio"": -2.9201548099517822, ""dG_separated"": -50.95767593383789, ""dSASA_int"": 1745.0333251953125, ""delta_unsatHbonds"": 15.0, ""hbonds_int"": 6.0, ""nres_int"": 75.0, ""packstat"": 0.6349788904190063, ""sc_value"": 0.6680452227592468}, ""C-D"": {""dG_dSASA_ratio"": -2.6462202072143555, ""dG_separated"": -30.58478355407715, ""dSASA_int"": 1155.7913818359375, ""delta_unsatHbonds"": 1.0, ""hbonds_int"": 7.0, ""nres_int"": 48.0, ""packstat"": 0.5546610355377197, ""sc_value"": 0.723602294921875}}"
ova_body_c4_12_ms25_r03	AF3	83	7083	0	0	A-B,A-C,A-D,B-C,B-D,C-D	6	3	1	"{""A-B"": 25, ""A-C"": 65, ""A-D"": 35, ""B-C"": 35, ""B-D"": 70, ""C-D"": 27}"	A-D,B-C	A-B,A-C,B-D,C-D	0.23152005881382548	0.6566919088363647	0.0	-2.8713021278381348	3.399662440743494	0.5905615091323853	0.0	-2.70845890045166	11.49278624939753	"{""A-B"": {""dG_dSASA_ratio"": -2.8468973636627197, ""dG_separated"": -32.33186721801758, ""dSASA_int"": 1135.6878662109375, ""delta_unsatHbonds"": 2.0, ""hbonds_int"": 8.0, ""nres_int"": 48.0, ""packstat"": 0.570296585559845, ""sc_value"": 0.7352988719940186}, ""A-C"": {""dG_dSASA_ratio"": -2.89068603515625, ""dG_separated"": -47.9196891784668, ""dSASA_int"": 1657.7271728515625, ""delta_unsatHbonds"": 16.0, ""hbonds_int"": 4.0, ""nres_int"": 70.0, ""packstat"": 0.5629441738128662, ""sc_value"": 0.5905615091323853}, ""A-D"": {""dG_dSASA_ratio"": -3.1116106510162354, ""dG_separated"": -36.61082077026367, ""dSASA_int"": 1176.58740234375, ""delta_unsatHbonds"": 4.0, ""hbonds_int"": 1.0, ""nres_int"": 41.0, ""packstat"": 0.5729550719261169, ""sc_value"": 0.7223567366600037}, ""B-C"": {""dG_dSASA_ratio"": -2.8713021278381348, ""dG_separated"": -35.40639877319336, ""dSASA_int"": 1233.1129150390625, ""delta_unsatHbonds"": 4.0, ""hbonds_int"": 0.0, ""nres_int"": 41.0, ""packstat"": 0.5667881369590759, ""sc_value"": 0.6566919088363647}, ""B-D"": {""dG_dSASA_ratio"": -3.0174996852874756, ""dG_separated"": -52.51119613647461, ""dSASA_int"": 1740.2220458984375, ""delta_unsatHbonds"": 20.0, ""hbonds_int"": 7.0, ""nres_int"": 76.0, ""packstat"": 0.6007766127586365, ""sc_value"": 0.6876444816589355}, ""C-D"": {""dG_dSASA_ratio"": -2.70845890045166, ""dG_separated"": -30.706140518188477, ""dSASA_int"": 1133.712646484375, ""delta_unsatHbonds"": 1.0, ""hbonds_int"": 7.0, ""nres_int"": 48.0, ""packstat"": 0.5913599729537964, ""sc_value"": 0.7356072664260864}}"
ova_body_c4_12_ms25_r03	AF3	84	7084	0	0	A-B,A-C,A-D,B-C,B-D,C-D	6	3	1	"{""A-B"": 26, ""A-C"": 71, ""A-D"": 36, ""B-C"": 35, ""B-D"": 73, ""C-D"": 27}"	A-D,B-C	A-B,A-C,B-D,C-D	0.2136480810919185	0.6517575979232788	0.0	-2.7853593826293945	4.749307634198957	0.6426238417625427	0.0	-2.6954119205474854	10.125564943362662	"{""A-B"": {""dG_dSASA_ratio"": -2.7546989917755127, ""dG_separated"": -30.482513427734375, ""dSASA_int"": 1106.564208984375, ""delta_unsatHbonds"": 2.0, ""hbonds_int"": 7.0, ""nres_int"": 48.0, ""packstat"": 0.586632251739502, ""sc_value"": 0.7275067567825317}, ""A-C"": {""dG_dSASA_ratio"": -2.8874013423919678, ""dG_separated"": -51.32871627807617, ""dSASA_int"": 1777.6785888671875, ""delta_unsatHbonds"": 18.0, ""hbonds_int"": 5.0, ""nres_int"": 74.0, ""packstat"": 0.5451067090034485, ""sc_value"": 0.650970458984375}, ""A-D"": {""dG_dSASA_ratio"": -2.9425530433654785, ""dG_separated"": -33.75185012817383, ""dSASA_int"": 1147.0260009765625, ""delta_unsatHbonds"": 5.0, ""hbonds_int"": 0.0, ""nres_int"": 40.0, ""packstat"": 0.5484022498130798, ""sc_value"": 0.7588251829147339}, ""B-C"": {""dG_dSASA_ratio"": -2.7853593826293945, ""dG_separated"": -35.18861770629883, ""dSASA_int"": 1263.342041015625, ""delta_unsatHbonds"": 6.0, ""hbonds_int"": 0.0, ""nres_int"": 41.0, ""packstat"": 0.6086717844009399, ""sc_value"": 0.6517575979232788}, ""B-D"": {""dG_dSASA_ratio"": -2.7316248416900635, ""dG_separated"": -49.26622772216797, ""dSASA_int"": 1803.55029296875, ""delta_unsatHbonds"": 13.0, ""hbonds_int"": 6.0, ""nres_int"": 75.0, ""packstat"": 0.6542792320251465, ""sc_value"": 0.6426238417625427}, ""C-D"": {""dG_dSASA_ratio"": -2.6954119205474854, ""dG_separated"": -32.2305908203125, ""dSASA_int"": 1195.7574462890625, ""delta_unsatHbonds"": 3.0, ""hbonds_int"": 8.0, ""nres_int"": 48.0, ""packstat"": 0.5865554213523865, ""sc_value"": 0.7158044576644897}}"
ova_body_c4_12_ms25_r03	AF3	85	7085	0	0	A-B,A-C,A-D,B-C,B-D,C-D	6	3	1	"{""A-B"": 26, ""A-C"": 73, ""A-D"": 36, ""B-C"": 34, ""B-D"": 72, ""C-D"": 28}"	A-D,B-C	A-B,A-C,B-D,C-D	0.2292260938453185	0.6447166800498962	0.0	-2.755765199661255	10.007115655357966	0.6447166800498962	0.0	-2.6662724018096924	10.007115655357966	"{""A-B"": {""dG_dSASA_ratio"": -2.835277557373047, ""dG_separated"": -32.123844146728516, ""dSASA_int"": 1133.005126953125, ""delta_unsatHbonds"": 0.0, ""hbonds_int"": 8.0, ""nres_int"": 48.0, ""packstat"": 0.5262610912322998, ""sc_value"": 0.7324983477592468}, ""A-C"": {""dG_dSASA_ratio"": -2.7758495807647705, ""dG_separated"": -48.92905044555664, ""dSASA_int"": 1762.66943359375, ""delta_unsatHbonds"": 17.0, ""hbonds_int"": 6.0, ""nres_int"": 72.0, ""packstat"": 0.5586625337600708, ""sc_value"": 0.6466550230979919}, ""A-D"": {""dG_dSASA_ratio"": -3.156618356704712, ""dG_separated"": -35.65531921386719, ""dSASA_int"": 1129.5416259765625, ""delta_unsatHbonds"": 2.0, ""hbonds_int"": 0.0, ""nres_int"": 40.0, ""packstat"": 0.5427998304367065, ""sc_value"": 0.733432412147522}, ""B-C"": {""dG_dSASA_ratio"": -2.755765199661255, ""dG_separated"": -33.04566955566406, ""dSASA_int"": 1199.146728515625, ""delta_unsatHbonds"": 12.0, ""hbonds_int"": 0.0, ""nres_int"": 41.0, ""packstat"": 0.6031678318977356, ""sc_value"": 0.6447166800498962}, ""B-D"": {""dG_dSASA_ratio"": -3.022709369659424, ""dG_separated"": -54.49404525756836, ""dSASA_int"": 1802.821044921875, ""delta_unsatHbonds"": 18.0, ""hbonds_int"": 6.0, ""nres_int"": 77.0, ""packstat"": 0.6277608871459961, ""sc_value"": 0.6700394749641418}, ""C-D"": {""dG_dSASA_ratio"": -2.6662724018096924, ""dG_separated"": -31.447168350219727, ""dSASA_int"": 1179.4432373046875, ""delta_unsatHbonds"": 1.0, ""hbonds_int"": 8.0, ""nres_int"": 48.0, ""packstat"": 0.5631629824638367, ""sc_value"": 0.7159521579742432}}"
ova_body_c4_12_ms25_r03	AF3	86	7086	0	0	A-B,A-C,A-D,B-C,B-D,C-D	6	3	1	"{""A-B"": 26, ""A-C"": 65, ""A-D"": 34, ""B-C"": 37, ""B-D"": 66, ""C-D"": 25}"	A-D,B-C	A-B,A-C,B-D,C-D	0.22827957528240314	0.7090000510215759	0.0	-1.9426050186157227	3.4316810304426593	0.648483157157898	0.0	-1.9426050186157227	11.229951231154688	"{""A-B"": {""dG_dSASA_ratio"": -2.730125665664673, ""dG_separated"": -30.7940731048584, ""dSASA_int"": 1127.9361572265625, ""delta_unsatHbonds"": 0.0, ""hbonds_int"": 8.0, ""nres_int"": 48.0, ""packstat"": 0.5805204510688782, ""sc_value"": 0.7240797281265259}, ""A-C"": {""dG_dSASA_ratio"": -3.0695111751556396, ""dG_separated"": -50.356788635253906, ""dSASA_int"": 1640.5474853515625, ""delta_unsatHbonds"": 10.0, ""hbonds_int"": 5.0, ""nres_int"": 72.0, ""packstat"": 0.6134747266769409, ""sc_value"": 0.648483157157898}, ""A-D"": {""dG_dSASA_ratio"": -1.9426050186157227, ""dG_separated"": -24.91249656677246, ""dSASA_int"": 1282.42724609375, ""delta_unsatHbonds"": 2.0, ""hbonds_int"": 2.0, ""nres_int"": 38.0, ""packstat"": 0.5089665055274963, ""sc_value"": 0.7090000510215759}, ""B-C"": {""dG_dSASA_ratio"": -2.9580399990081787, ""dG_separated"": -34.47919845581055, ""dSASA_int"": 1165.6094970703125, ""delta_unsatHbonds"": 4.0, ""hbonds_int"": 0.0, ""nres_int"": 40.0, ""packstat"": 0.5693504810333252, ""sc_value"": 0.7816969752311707}, ""B-D"": {""dG_dSASA_ratio"": -2.9805495738983154, ""dG_separated"": -50.42803955078125, ""dSASA_int"": 1691.904052734375, ""delta_unsatHbonds"": 19.0, ""hbonds_int"": 6.0, ""nres_int"": 74.0, ""packstat"": 0.5651420950889587, ""sc_value"": 0.649179220199585}, ""C-D"": {""dG_dSASA_ratio"": -2.6045420169830322, ""dG_separated"": -28.874263763427734, ""dSASA_int"": 1108.6119384765625, ""delta_unsatHbonds"": 2.0, ""hbonds_int"": 5.0, ""nres_int"": 48.0, ""packstat"": 0.5622569918632507, ""sc_value"": 0.7386640310287476}}"
ova_body_c4_12_ms25_r03	AF3	87	7087	0	0	A-B,A-C,A-D,B-C,B-D,C-D	6	3	1	"{""A-B"": 24, ""A-C"": 69, ""A-D"": 37, ""B-C"": 37, ""B-D"": 70, ""C-D"": 27}"	A-D,B-C	A-B,A-C,B-D,C-D	0.2206672878024971	0.7567894458770752	0.0	-2.8104708194732666	3.332770209623394	0.6453261375427246	0.0	-2.5979106426239014	7.459957262996486	"{""A-B"": {""dG_dSASA_ratio"": -2.5979106426239014, ""dG_separated"": -28.663705825805664, ""dSASA_int"": 1103.3369140625, ""delta_unsatHbonds"": 2.0, ""hbonds_int"": 6.0, ""nres_int"": 48.0, ""packstat"": 0.4936702251434326, ""sc_value"": 0.7118109464645386}, ""A-C"": {""dG_dSASA_ratio"": -2.98478102684021, ""dG_separated"": -52.221370697021484, ""dSASA_int"": 1749.5880126953125, ""delta_unsatHbonds"": 12.0, ""hbonds_int"": 5.0, ""nres_int"": 72.0, ""packstat"": 0.5421077609062195, ""sc_value"": 0.6453261375427246}, ""A-D"": {""dG_dSASA_ratio"": -2.871065855026245, ""dG_separated"": -34.099571228027344, ""dSASA_int"": 1187.697265625, ""delta_unsatHbonds"": 2.0, ""hbonds_int"": 0.0, ""nres_int"": 40.0, ""packstat"": 0.5394115447998047, ""sc_value"": 0.7627796530723572}, ""B-C"": {""dG_dSASA_ratio"": -2.8104708194732666, ""dG_separated"": -33.73134994506836, ""dSASA_int"": 1200.2027587890625, ""delta_unsatHbonds"": 4.0, ""hbonds_int"": 0.0, ""nres_int"": 40.0, ""packstat"": 0.5650099515914917, ""sc_value"": 0.7567894458770752}, ""B-D"": {""dG_dSASA_ratio"": -2.917922019958496, ""dG_separated"": -50.84879684448242, ""dSASA_int"": 1742.6373291015625, ""delta_unsatHbonds"": 13.0, ""hbonds_int"": 5.0, ""nres_int"": 76.0, ""packstat"": 0.6490856409072876, ""sc_value"": 0.6561782360076904}, ""C-D"": {""dG_dSASA_ratio"": -2.773599624633789, ""dG_separated"": -31.984769821166992, ""dSASA_int"": 1153.1861572265625, ""delta_unsatHbonds"": 3.0, ""hbonds_int"": 8.0, ""nres_int"": 48.0, ""packstat"": 0.5713357925415039, ""sc_value"": 0.7368127107620239}}"
ova_body_c4_12_ms25_r03	AF3	88	7088	0	0	A-B,A-C,A-D,B-C,B-D,C-D	6	3	1	"{""A-B"": 24, ""A-C"": 74, ""A-D"": 34, ""B-C"": 34, ""B-D"": 65, ""C-D"": 27}"	A-D,B-C	A-B,A-C,B-D,C-D	0.21554361307180805	0.642281174659729	0.0	-1.0099048614501953	9.58035465945905	0.642281174659729	0.0	-1.0099048614501953	9.58035465945905	"{""A-B"": {""dG_dSASA_ratio"": -2.4839928150177, ""dG_separated"": -26.281198501586914, ""dSASA_int"": 1058.0223388671875, ""delta_unsatHbonds"": 0.0, ""hbonds_int"": 4.0, ""nres_int"": 47.0, ""packstat"": 0.620525598526001, ""sc_value"": 0.7048535346984863}, ""A-C"": {""dG_dSASA_ratio"": -2.9380295276641846, ""dG_separated"": -51.62198257446289, ""dSASA_int"": 1757.0274658203125, ""delta_unsatHbonds"": 15.0, ""hbonds_int"": 6.0, ""nres_int"": 73.0, ""packstat"": 0.568094789981842, ""sc_value"": 0.6738340854644775}, ""A-D"": {""dG_dSASA_ratio"": -2.991795063018799, ""dG_separated"": -36.25264358520508, ""dSASA_int"": 1211.7354736328125, ""delta_unsatHbonds"": 4.0, ""hbonds_int"": 0.0, ""nres_int"": 40.0, ""packstat"": 0.5178694128990173, ""sc_value"": 0.6682007312774658}, ""B-C"": {""dG_dSASA_ratio"": -1.0099048614501953, ""dG_separated"": -12.649698257446289, ""dSASA_int"": 1252.563232421875, ""delta_unsatHbonds"": 12.0, ""hbonds_int"": 0.0, ""nres_int"": 40.0, ""packstat"": 0.5997496247291565, ""sc_value"": 0.642281174659729}, ""B-D"": {""dG_dSASA_ratio"": -2.928640604019165, ""dG_separated"": -49.69118881225586, ""dSASA_int"": 1696.732177734375, ""delta_unsatHbonds"": 10.0, ""hbonds_int"": 5.0, ""nres_int"": 74.0, ""packstat"": 0.5937862396240234, ""sc_value"": 0.6490499973297119}, ""C-D"": {""dG_dSASA_ratio"": -2.667957067489624, ""dG_separated"": -31.934677124023438, ""dSASA_int"": 1196.97119140625, ""delta_unsatHbonds"": 1.0, ""hbonds_int"": 8.0, ""nres_int"": 48.0, ""packstat"": 0.5396424531936646, ""sc_value"": 0.7208288311958313}}"
ova_body_c4_12_ms25_r03	AF3	89	7089	0	0	A-B,A-C,A-D,B-C,B-D,C-D	6	3	1	"{""A-B"": 26, ""A-C"": 69, ""A-D"": 38, ""B-C"": 37, ""B-D"": 71, ""C-D"": 27}"	A-D,B-C	A-B,A-C,B-D,C-D	0.23108577621054793	0.7413156628608704	0.0	-2.8450825214385986	3.393819929308537	0.6032848358154297	0.0	-2.426054000854492	8.562436102263137	"{""A-B"": {""dG_dSASA_ratio"": -2.8958139419555664, ""dG_separated"": -32.49287796020508, ""dSASA_int"": 1122.0635986328125, ""delta_unsatHbonds"": 0.0, ""hbonds_int"": 8.0, ""nres_int"": 48.0, ""packstat"": 0.603679358959198, ""sc_value"": 0.7210069894790649}, ""A-C"": {""dG_dSASA_ratio"": -2.8460497856140137, ""dG_separated"": -48.298343658447266, ""dSASA_int"": 1697.0308837890625, ""delta_unsatHbonds"": 12.0, ""hbonds_int"": 5.0, ""nres_int"": 72.0, ""packstat"": 0.55491703748703, ""sc_value"": 0.6245003938674927}, ""A-D"": {""dG_dSASA_ratio"": -3.07071852684021, ""dG_separated"": -36.40315246582031, ""dSASA_int"": 1185.4930419921875, ""delta_unsatHbonds"": 2.0, ""hbonds_int"": 0.0, ""nres_int"": 40.0, ""packstat"": 0.5810065865516663, ""sc_value"": 0.7413156628608704}, ""B-C"": {""dG_dSASA_ratio"": -2.8450825214385986, ""dG_separated"": -33.53251266479492, ""dSASA_int"": 1178.6129150390625, ""delta_unsatHbonds"": 4.0, ""hbonds_int"": 0.0, ""nres_int"": 40.0, ""packstat"": 0.5332876443862915, ""sc_value"": 0.7733061909675598}, ""B-D"": {""dG_dSASA_ratio"": -2.9148569107055664, ""dG_separated"": -51.063568115234375, ""dSASA_int"": 1751.837890625, ""delta_unsatHbonds"": 15.0, ""hbonds_int"": 4.0, ""nres_int"": 76.0, ""packstat"": 0.5694742798805237, ""sc_value"": 0.6032848358154297}, ""C-D"": {""dG_dSASA_ratio"": -2.426054000854492, ""dG_separated"": -28.05565643310547, ""dSASA_int"": 1156.4315185546875, ""delta_unsatHbonds"": 1.0, ""hbonds_int"": 8.0, ""nres_int"": 48.0, ""packstat"": 0.60975182056427, ""sc_value"": 0.7514755725860596}}"
ova_body_c4_12_ms25_r03	AF3	90	7090	0	0	A-B,A-C,A-D,B-C,B-D,C-D	6	3	1	"{""A-B"": 26, ""A-C"": 70, ""A-D"": 37, ""B-C"": 37, ""B-D"": 73, ""C-D"": 28}"	A-D,B-C	A-B,A-C,B-D,C-D	0.23029026167840538	0.6572802066802979	0.0	-2.8518192768096924	8.267678192333525	0.6448202133178711	0.0	-2.7233662605285645	10.193852289105935	"{""A-B"": {""dG_dSASA_ratio"": -2.8272762298583984, ""dG_separated"": -32.26964569091797, ""dSASA_int"": 1141.3687744140625, ""delta_unsatHbonds"": 2.0, ""hbonds_int"": 8.0, ""nres_int"": 48.0, ""packstat"": 0.487384557723999, ""sc_value"": 0.7232927083969116}, ""A-C"": {""dG_dSASA_ratio"": -2.9843461513519287, ""dG_separated"": -51.30355453491211, ""dSASA_int"": 1719.088623046875, ""delta_unsatHbonds"": 11.0, ""hbonds_int"": 7.0, ""nres_int"": 72.0, ""packstat"": 0.618596613407135, ""sc_value"": 0.6717655658721924}, ""A-D"": {""dG_dSASA_ratio"": -2.8518192768096924, ""dG_separated"": -34.49359130859375, ""dSASA_int"": 1209.5294189453125, ""delta_unsatHbonds"": 10.0, ""hbonds_int"": 0.0, ""nres_int"": 40.0, ""packstat"": 0.5891160368919373, ""sc_value"": 0.6572802066802979}, ""B-C"": {""dG_dSASA_ratio"": -2.8823318481445312, ""dG_separated"": -34.3197135925293, ""dSASA_int"": 1190.6927490234375, ""delta_unsatHbonds"": 2.0, ""hbonds_int"": 0.0, ""nres_int"": 40.0, ""packstat"": 0.5356882810592651, ""sc_value"": 0.7446696758270264}, ""B-D"": {""dG_dSASA_ratio"": -2.962242364883423, ""dG_separated"": -52.306392669677734, ""dSASA_int"": 1765.7701416015625, ""delta_unsatHbonds"": 18.0, ""hbonds_int"": 5.0, ""nres_int"": 76.0, ""packstat"": 0.5512076020240784, ""sc_value"": 0.6448202133178711}, ""C-D"": {""dG_dSASA_ratio"": -2.7233662605285645, ""dG_separated"": -31.99482536315918, ""dSASA_int"": 1174.826416015625, ""delta_unsatHbonds"": 3.0, ""hbonds_int"": 8.0, ""nres_int"": 48.0, ""packstat"": 0.5893718600273132, ""sc_value"": 0.7377525568008423}}"
ova_body_c4_12_ms25_r03	AF3	91	7091	0	0	A-B,A-C,A-D,B-C,B-D,C-D	6	3	1	"{""A-B"": 25, ""A-C"": 70, ""A-D"": 34, ""B-C"": 37, ""B-D"": 69, ""C-D"": 28}"	A-D,B-C	A-B,A-C,B-D,C-D	0.21713599722543028	0.634967565536499	0.0	-2.873995065689087	5.0161448999669345	0.6248836517333984	0.0	-2.4887585639953613	9.677497587470397	"{""A-B"": {""dG_dSASA_ratio"": -2.4887585639953613, ""dG_separated"": -26.704105377197266, ""dSASA_int"": 1072.989013671875, ""delta_unsatHbonds"": 0.0, ""hbonds_int"": 4.0, ""nres_int"": 48.0, ""packstat"": 0.5969299077987671, ""sc_value"": 0.7188943028450012}, ""A-C"": {""dG_dSASA_ratio"": -2.7813894748687744, ""dG_separated"": -49.25674819946289, ""dSASA_int"": 1770.9403076171875, ""delta_unsatHbonds"": 13.0, ""hbonds_int"": 6.0, ""nres_int"": 71.0, ""packstat"": 0.5681565999984741, ""sc_value"": 0.6248836517333984}, ""A-D"": {""dG_dSASA_ratio"": -2.873995065689087, ""dG_separated"": -34.37693786621094, ""dSASA_int"": 1196.1376953125, ""delta_unsatHbonds"": 6.0, ""hbonds_int"": 0.0, ""nres_int"": 40.0, ""packstat"": 0.5736497044563293, ""sc_value"": 0.634967565536499}, ""B-C"": {""dG_dSASA_ratio"": -3.1515331268310547, ""dG_separated"": -38.87992858886719, ""dSASA_int"": 1233.68310546875, ""delta_unsatHbonds"": 3.0, ""hbonds_int"": 1.0, ""nres_int"": 41.0, ""packstat"": 0.5333513021469116, ""sc_value"": 0.6371722221374512}, ""B-D"": {""dG_dSASA_ratio"": -2.9665751457214355, ""dG_separated"": -52.1124153137207, ""dSASA_int"": 1756.6524658203125, ""delta_unsatHbonds"": 17.0, ""hbonds_int"": 6.0, ""nres_int"": 77.0, ""packstat"": 0.5418952107429504, ""sc_value"": 0.6490519046783447}, ""C-D"": {""dG_dSASA_ratio"": -2.771503448486328, ""dG_separated"": -32.21279525756836, ""dSASA_int"": 1162.285888671875, ""delta_unsatHbonds"": 1.0, ""hbonds_int"": 8.0, ""nres_int"": 48.0, ""packstat"": 0.6405248641967773, ""sc_value"": 0.7376812696456909}}"
ova_body_c4_12_ms25_r03	AF3	92	7092	0	0	A-B,A-C,A-D,B-C,B-D,C-D	6	3	1	"{""A-B"": 26, ""A-C"": 65, ""A-D"": 37, ""B-C"": 35, ""B-D"": 70, ""C-D"": 24}"	A-D,B-C	A-B,A-C,B-D,C-D	0.23524631109014396	0.7252059578895569	0.0	-1.9115718603134155	4.945383157022254	0.6368873715400696	0.0	-1.9115718603134155	9.826656159610907	"{""A-B"": {""dG_dSASA_ratio"": -2.7042694091796875, ""dG_separated"": -29.60757827758789, ""dSASA_int"": 1094.8458251953125, ""delta_unsatHbonds"": 2.0, ""hbonds_int"": 7.0, ""nres_int"": 48.0, ""packstat"": 0.5222136378288269, ""sc_value"": 0.7180666923522949}, ""A-C"": {""dG_dSASA_ratio"": -2.986530065536499, ""dG_separated"": -48.947689056396484, ""dSASA_int"": 1638.948486328125, ""delta_unsatHbonds"": 12.0, ""hbonds_int"": 6.0, ""nres_int"": 71.0, ""packstat"": 0.6212559342384338, ""sc_value"": 0.6368873715400696}, ""A-D"": {""dG_dSASA_ratio"": -2.329697847366333, ""dG_separated"": -28.26512336730957, ""dSASA_int"": 1213.2528076171875, ""delta_unsatHbonds"": 6.0, ""hbonds_int"": 0.0, ""nres_int"": 40.0, ""packstat"": 0.5721328258514404, ""sc_value"": 0.7554652690887451}, ""B-C"": {""dG_dSASA_ratio"": -1.9115718603134155, ""dG_separated"": -24.058774948120117, ""dSASA_int"": 1258.5859375, ""delta_unsatHbonds"": 4.0, ""hbonds_int"": 0.0, ""nres_int"": 40.0, ""packstat"": 0.5506413578987122, ""sc_value"": 0.7252059578895569}, ""B-D"": {""dG_dSASA_ratio"": -3.0432896614074707, ""dG_separated"": -52.64855194091797, ""dSASA_int"": 1729.98828125, ""delta_unsatHbonds"": 17.0, ""hbonds_int"": 6.0, ""nres_int"": 77.0, ""packstat"": 0.5759903788566589, ""sc_value"": 0.686981201171875}, ""C-D"": {""dG_dSASA_ratio"": -2.4632697105407715, ""dG_separated"": -25.802942276000977, ""dSASA_int"": 1047.5078125, ""delta_unsatHbonds"": 2.0, ""hbonds_int"": 4.0, ""nres_int"": 47.0, ""packstat"": 0.5638979077339172, ""sc_value"": 0.6952950954437256}}"
ova_body_c4_12_ms25_r03	AF3	93	7093	0	0	A-B,A-C,A-D,B-C,B-D,C-D	6	3	1	"{""A-B"": 25, ""A-C"": 68, ""A-D"": 35, ""B-C"": 36, ""B-D"": 69, ""C-D"": 26}"	A-D,B-C	A-B,A-C,B-D,C-D	0.20993378985263442	0.744986355304718	0.0	-2.953523635864258	5.184217878906871	0.6360365152359009	0.0	-2.773883104324341	8.693310777512227	"{""A-B"": {""dG_dSASA_ratio"": -2.7835004329681396, ""dG_separated"": -31.89321517944336, ""dSASA_int"": 1145.795166015625, ""delta_unsatHbonds"": 2.0, ""hbonds_int"": 8.0, ""nres_int"": 48.0, ""packstat"": 0.6250563263893127, ""sc_value"": 0.7210128307342529}, ""A-C"": {""dG_dSASA_ratio"": -3.050821542739868, ""dG_separated"": -50.99403381347656, ""dSASA_int"": 1671.4853515625, ""delta_unsatHbonds"": 13.0, ""hbonds_int"": 5.0, ""nres_int"": 74.0, ""packstat"": 0.5687857270240784, ""sc_value"": 0.6360365152359009}, ""A-D"": {""dG_dSASA_ratio"": -3.1162269115448, ""dG_separated"": -37.26100540161133, ""dSASA_int"": 1195.708984375, ""delta_unsatHbonds"": 4.0, ""hbonds_int"": 2.0, ""nres_int"": 41.0, ""packstat"": 0.5108035802841187, ""sc_value"": 0.744986355304718}, ""B-C"": {""dG_dSASA_ratio"": -2.953523635864258, ""dG_separated"": -34.182865142822266, ""dSASA_int"": 1157.3587646484375, ""delta_unsatHbonds"": 6.0, ""hbonds_int"": 0.0, ""nres_int"": 40.0, ""packstat"": 0.47898849844932556, ""sc_value"": 0.7573792338371277}, ""B-D"": {""dG_dSASA_ratio"": -2.964468240737915, ""dG_separated"": -51.15085220336914, ""dSASA_int"": 1725.464599609375, ""delta_unsatHbonds"": 15.0, ""hbonds_int"": 5.0, ""nres_int"": 76.0, ""packstat"": 0.6207998991012573, ""sc_value"": 0.6485586762428284}, ""C-D"": {""dG_dSASA_ratio"": -2.773883104324341, ""dG_separated"": -32.61844253540039, ""dSASA_int"": 1175.91259765625, ""delta_unsatHbonds"": 2.0, ""hbonds_int"": 8.0, ""nres_int"": 48.0, ""packstat"": 0.560176432132721, ""sc_value"": 0.7194292545318604}}"
ova_body_c4_12_ms25_r03	AF3	94	7094	0	0	A-B,A-C,A-D,B-C,B-D,C-D	6	3	1	"{""A-B"": 24, ""A-C"": 66, ""A-D"": 33, ""B-C"": 32, ""B-D"": 64, ""C-D"": 27}"	A-D,B-C	A-B,A-C,B-D,C-D	0.21120169703993644	0.7168252468109131	1.0	-2.038935422897339	3.4574598854252154	0.6106761693954468	1.0	-2.038935422897339	10.195766118508065	"{""A-B"": {""dG_dSASA_ratio"": -2.9199955463409424, ""dG_separated"": -31.320907592773438, ""dSASA_int"": 1072.635498046875, ""delta_unsatHbonds"": 0.0, ""hbonds_int"": 5.0, ""nres_int"": 48.0, ""packstat"": 0.6500031352043152, ""sc_value"": 0.735945463180542}, ""A-C"": {""dG_dSASA_ratio"": -3.0916483402252197, ""dG_separated"": -51.54887008666992, ""dSASA_int"": 1667.3587646484375, ""delta_unsatHbonds"": 17.0, ""hbonds_int"": 5.0, ""nres_int"": 71.0, ""packstat"": 0.6263523101806641, ""sc_value"": 0.6511562466621399}, ""A-D"": {""dG_dSASA_ratio"": -2.797250509262085, ""dG_separated"": -32.361915588378906, ""dSASA_int"": 1156.918701171875, ""delta_unsatHbonds"": 4.0, ""hbonds_int"": 1.0, ""nres_int"": 40.0, ""packstat"": 0.45264649391174316, ""sc_value"": 0.7691532373428345}, ""B-C"": {""dG_dSASA_ratio"": -2.038935422897339, ""dG_separated"": -25.38605499267578, ""dSASA_int"": 1245.064208984375, ""delta_unsatHbonds"": 2.0, ""hbonds_int"": 2.0, ""nres_int"": 40.0, ""packstat"": 0.5544856786727905, ""sc_value"": 0.7168252468109131}, ""B-D"": {""dG_dSASA_ratio"": -2.9268639087677, ""dG_separated"": -48.56700134277344, ""dSASA_int"": 1659.3529052734375, ""delta_unsatHbonds"": 15.0, ""hbonds_int"": 4.0, ""nres_int"": 74.0, ""packstat"": 0.6367185115814209, ""sc_value"": 0.6106761693954468}, ""C-D"": {""dG_dSASA_ratio"": -2.620487928390503, ""dG_separated"": -30.004093170166016, ""dSASA_int"": 1144.9810791015625, ""delta_unsatHbonds"": 1.0, ""hbonds_int"": 7.0, ""nres_int"": 48.0, ""packstat"": 0.6286713480949402, ""sc_value"": 0.7176028490066528}}"
ova_body_c4_12_ms25_r03	AF3	95	7095	0	0	A-B,A-C,A-D,B-C,B-D,C-D	6	3	1	"{""A-B"": 26, ""A-C"": 68, ""A-D"": 33, ""B-C"": 37, ""B-D"": 68, ""C-D"": 27}"	A-D,B-C	A-B,A-C,B-D,C-D	0.2179344216036939	0.7157056331634521	0.0	-1.9663554430007935	5.108947643265069	0.6614878177642822	0.0	-1.9663554430007935	10.5442620024859	"{""A-B"": {""dG_dSASA_ratio"": -2.710999011993408, ""dG_separated"": -29.5069522857666, ""dSASA_int"": 1088.4161376953125, ""delta_unsatHbonds"": 0.0, ""hbonds_int"": 6.0, ""nres_int"": 48.0, ""packstat"": 0.5869231224060059, ""sc_value"": 0.7282858490943909}, ""A-C"": {""dG_dSASA_ratio"": -3.0346579551696777, ""dG_separated"": -51.8043327331543, ""dSASA_int"": 1707.089599609375, ""delta_unsatHbonds"": 18.0, ""hbonds_int"": 5.0, ""nres_int"": 72.0, ""packstat"": 0.564792811870575, ""sc_value"": 0.6723306179046631}, ""A-D"": {""dG_dSASA_ratio"": -1.9663554430007935, ""dG_separated"": -25.438627243041992, ""dSASA_int"": 1293.6942138671875, ""delta_unsatHbonds"": 4.0, ""hbonds_int"": 1.0, ""nres_int"": 39.0, ""packstat"": 0.49741414189338684, ""sc_value"": 0.7157056331634521}, ""B-C"": {""dG_dSASA_ratio"": -2.9852306842803955, ""dG_separated"": -35.05885314941406, ""dSASA_int"": 1174.41015625, ""delta_unsatHbonds"": 6.0, ""hbonds_int"": 0.0, ""nres_int"": 40.0, ""packstat"": 0.484866738319397, ""sc_value"": 0.7689131498336792}, ""B-D"": {""dG_dSASA_ratio"": -3.0478031635284424, ""dG_separated"": -51.76740264892578, ""dSASA_int"": 1698.51513671875, ""delta_unsatHbonds"": 14.0, ""hbonds_int"": 5.0, ""nres_int"": 75.0, ""packstat"": 0.6461343765258789, ""sc_value"": 0.6614878177642822}, ""C-D"": {""dG_dSASA_ratio"": -2.596946954727173, ""dG_separated"": -30.327747344970703, ""dSASA_int"": 1167.8231201171875, ""delta_unsatHbonds"": 1.0, ""hbonds_int"": 7.0, ""nres_int"": 48.0, ""packstat"": 0.5685190558433533, ""sc_value"": 0.7202202081680298}}"
ova_body_c4_12_ms25_r03	AF3	96	7096	0	0	A-B,A-C,A-D,B-C,B-D,C-D	6	3	1	"{""A-B"": 25, ""A-C"": 72, ""A-D"": 37, ""B-C"": 36, ""B-D"": 71, ""C-D"": 28}"	A-D,B-C	A-B,A-C,B-D,C-D	0.21581009213978708	0.756003737449646	0.0	-2.8521957397460938	3.4574452931664177	0.6560680866241455	0.0	-2.727987289428711	9.140271777200297	"{""A-B"": {""dG_dSASA_ratio"": -2.7879533767700195, ""dG_separated"": -32.06356430053711, ""dSASA_int"": 1150.0753173828125, ""delta_unsatHbonds"": 2.0, ""hbonds_int"": 8.0, ""nres_int"": 48.0, ""packstat"": 0.5584245920181274, ""sc_value"": 0.7223043441772461}, ""A-C"": {""dG_dSASA_ratio"": -2.9280202388763428, ""dG_separated"": -51.219017028808594, ""dSASA_int"": 1749.271240234375, ""delta_unsatHbonds"": 14.0, ""hbonds_int"": 6.0, ""nres_int"": 72.0, ""packstat"": 0.5780594348907471, ""sc_value"": 0.6779546141624451}, ""A-D"": {""dG_dSASA_ratio"": -2.8521957397460938, ""dG_separated"": -34.29573440551758, ""dSASA_int"": 1202.4327392578125, ""delta_unsatHbonds"": 2.0, ""hbonds_int"": 0.0, ""nres_int"": 40.0, ""packstat"": 0.4931771159172058, ""sc_value"": 0.756003737449646}, ""B-C"": {""dG_dSASA_ratio"": -2.8945603370666504, ""dG_separated"": -33.48785400390625, ""dSASA_int"": 1156.923583984375, ""delta_unsatHbonds"": 4.0, ""hbonds_int"": 0.0, ""nres_int"": 40.0, ""packstat"": 0.5478203892707825, ""sc_value"": 0.7604135870933533}, ""B-D"": {""dG_dSASA_ratio"": -3.0582070350646973, ""dG_separated"": -53.53376007080078, ""dSASA_int"": 1750.4949951171875, ""delta_unsatHbonds"": 16.0, ""hbonds_int"": 5.0, ""nres_int"": 76.0, ""packstat"": 0.6163825988769531, ""sc_value"": 0.6560680866241455}, ""C-D"": {""dG_dSASA_ratio"": -2.727987289428711, ""dG_separated"": -32.5478630065918, ""dSASA_int"": 1193.1090087890625, ""delta_unsatHbonds"": 2.0, ""hbonds_int"": 8.0, ""nres_int"": 48.0, ""packstat"": 0.620833158493042, ""sc_value"": 0.7182093858718872}}"
ova_body_c4_12_ms25_r03	AF3	97	7097	0	0	A-B,A-C,A-D,B-C,B-D,C-D	6	3	1	"{""A-B"": 25, ""A-C"": 69, ""A-D"": 38, ""B-C"": 37, ""B-D"": 70, ""C-D"": 26}"	A-D,B-C	A-B,A-C,B-D,C-D	0.22578485322971756	0.7724851369857788	0.0	-2.8252079486846924	3.3251840886369384	0.6173932552337646	0.0	-2.6585705280303955	10.242495101931816	"{""A-B"": {""dG_dSASA_ratio"": -2.8000175952911377, ""dG_separated"": -31.95769500732422, ""dSASA_int"": 1141.339111328125, ""delta_unsatHbonds"": 2.0, ""hbonds_int"": 8.0, ""nres_int"": 48.0, ""packstat"": 0.569741427898407, ""sc_value"": 0.7171217203140259}, ""A-C"": {""dG_dSASA_ratio"": -2.9880282878875732, ""dG_separated"": -49.59385299682617, ""dSASA_int"": 1659.7518310546875, ""delta_unsatHbonds"": 17.0, ""hbonds_int"": 5.0, ""nres_int"": 71.0, ""packstat"": 0.6273337602615356, ""sc_value"": 0.6358615159988403}, ""A-D"": {""dG_dSASA_ratio"": -2.8252079486846924, ""dG_separated"": -34.16189956665039, ""dSASA_int"": 1209.1817626953125, ""delta_unsatHbonds"": 4.0, ""hbonds_int"": 0.0, ""nres_int"": 40.0, ""packstat"": 0.6314509510993958, ""sc_value"": 0.7724851369857788}, ""B-C"": {""dG_dSASA_ratio"": -2.8410980701446533, ""dG_separated"": -34.17673110961914, ""dSASA_int"": 1202.94091796875, ""delta_unsatHbonds"": 4.0, ""hbonds_int"": 0.0, ""nres_int"": 40.0, ""packstat"": 0.6051737070083618, ""sc_value"": 0.7796593904495239}, ""B-D"": {""dG_dSASA_ratio"": -2.9648823738098145, ""dG_separated"": -51.67437744140625, ""dSASA_int"": 1742.8812255859375, ""delta_unsatHbonds"": 16.0, ""hbonds_int"": 4.0, ""nres_int"": 76.0, ""packstat"": 0.6012077331542969, ""sc_value"": 0.6173932552337646}, ""C-D"": {""dG_dSASA_ratio"": -2.6585705280303955, ""dG_separated"": -30.438735961914062, ""dSASA_int"": 1144.9287109375, ""delta_unsatHbonds"": 1.0, ""hbonds_int"": 7.0, ""nres_int"": 48.0, ""packstat"": 0.6121929883956909, ""sc_value"": 0.7232524752616882}}"
ova_body_c4_12_ms25_r03	AF3	98	7098	0	0	A-B,A-C,A-D,B-C,B-D,C-D	6	3	1	"{""A-B"": 26, ""A-C"": 69, ""A-D"": 36, ""B-C"": 36, ""B-D"": 75, ""C-D"": 27}"	A-D,B-C	A-B,A-C,B-D,C-D	0.21927998920615197	0.6521704196929932	0.0	-2.6358964443206787	9.991163820571284	0.6427396535873413	0.0	-2.6358964443206787	9.991163820571284	"{""A-B"": {""dG_dSASA_ratio"": -2.842625379562378, ""dG_separated"": -32.05756378173828, ""dSASA_int"": 1127.744873046875, ""delta_unsatHbonds"": 2.0, ""hbonds_int"": 8.0, ""nres_int"": 48.0, ""packstat"": 0.559363067150116, ""sc_value"": 0.7279661893844604}, ""A-C"": {""dG_dSASA_ratio"": -3.035404920578003, ""dG_separated"": -52.5628547668457, ""dSASA_int"": 1731.6588134765625, ""delta_unsatHbonds"": 15.0, ""hbonds_int"": 5.0, ""nres_int"": 72.0, ""packstat"": 0.6380462646484375, ""sc_value"": 0.6427396535873413}, ""A-D"": {""dG_dSASA_ratio"": -2.6358964443206787, ""dG_separated"": -31.658729553222656, ""dSASA_int"": 1201.061279296875, ""delta_unsatHbonds"": 12.0, ""hbonds_int"": 0.0, ""nres_int"": 41.0, ""packstat"": 0.5601209998130798, ""sc_value"": 0.6521704196929932}, ""B-C"": {""dG_dSASA_ratio"": -2.8332459926605225, ""dG_separated"": -33.331626892089844, ""dSASA_int"": 1176.4466552734375, ""delta_unsatHbonds"": 4.0, ""hbonds_int"": 0.0, ""nres_int"": 40.0, ""packstat"": 0.5423049926757812, ""sc_value"": 0.7518215179443359}, ""B-D"": {""dG_dSASA_ratio"": -2.9130687713623047, ""dG_separated"": -52.2913818359375, ""dSASA_int"": 1795.0616455078125, ""delta_unsatHbonds"": 14.0, ""hbonds_int"": 6.0, ""nres_int"": 77.0, ""packstat"": 0.6415044665336609, ""sc_value"": 0.678848147392273}, ""C-D"": {""dG_dSASA_ratio"": -2.697580575942993, ""dG_separated"": -31.64904022216797, ""dSASA_int"": 1173.238037109375, ""delta_unsatHbonds"": 1.0, ""hbonds_int"": 8.0, ""nres_int"": 48.0, ""packstat"": 0.6051818132400513, ""sc_value"": 0.7348975539207458}}"
ova_body_c4_12_ms25_r03	AF3	99	7099	0	0	A-B,A-C,A-D,B-C,B-D,C-D	6	3	1	"{""A-B"": 25, ""A-C"": 70, ""A-D"": 38, ""B-C"": 37, ""B-D"": 65, ""C-D"": 29}"	A-D,B-C	A-B,A-C,B-D,C-D	0.21546040365250538	0.65071702003479	0.0	-2.930016040802002	3.1401669401982577	0.5871138572692871	0.0	-2.8251113891601562	7.520488097303659	"{""A-B"": {""dG_dSASA_ratio"": -2.8251113891601562, ""dG_separated"": -31.047435760498047, ""dSASA_int"": 1098.98095703125, ""delta_unsatHbonds"": 2.0, ""hbonds_int"": 7.0, ""nres_int"": 48.0, ""packstat"": 0.6102986335754395, ""sc_value"": 0.7144888043403625}, ""A-C"": {""dG_dSASA_ratio"": -2.8601508140563965, ""dG_separated"": -49.44088363647461, ""dSASA_int"": 1728.6112060546875, ""delta_unsatHbonds"": 13.0, ""hbonds_int"": 5.0, ""nres_int"": 73.0, ""packstat"": 0.6248619556427002, ""sc_value"": 0.6285383701324463}, ""A-D"": {""dG_dSASA_ratio"": -2.930016040802002, ""dG_separated"": -37.32305908203125, ""dSASA_int"": 1273.817626953125, ""delta_unsatHbonds"": 4.0, ""hbonds_int"": 0.0, ""nres_int"": 39.0, ""packstat"": 0.5016311407089233, ""sc_value"": 0.65071702003479}, ""B-C"": {""dG_dSASA_ratio"": -3.0002965927124023, ""dG_separated"": -35.79347229003906, ""dSASA_int"": 1192.997802734375, ""delta_unsatHbonds"": 2.0, ""hbonds_int"": 0.0, ""nres_int"": 40.0, ""packstat"": 0.5751463770866394, ""sc_value"": 0.7574780583381653}, ""B-D"": {""dG_dSASA_ratio"": -2.8453972339630127, ""dG_separated"": -49.761837005615234, ""dSASA_int"": 1748.853759765625, ""delta_unsatHbonds"": 12.0, ""hbonds_int"": 4.0, ""nres_int"": 74.0, ""packstat"": 0.5585019588470459, ""sc_value"": 0.5871138572692871}, ""C-D"": {""dG_dSASA_ratio"": -3.0730085372924805, ""dG_separated"": -36.05575180053711, ""dSASA_int"": 1173.3046875, ""delta_unsatHbonds"": 1.0, ""hbonds_int"": 8.0, ""nres_int"": 48.0, ""packstat"": 0.5254167318344116, ""sc_value"": 0.7375937700271606}}"
ova_body_c4_12_ms25_r03	AF3	100	7100	0	0	A-B,A-C,A-D,B-C,B-D,C-D	6	3	1	"{""A-B"": 25, ""A-C"": 71, ""A-D"": 37, ""B-C"": 36, ""B-D"": 72, ""C-D"": 26}"	A-D,B-C	A-B,A-C,B-D,C-D	0.22816488618254935	0.7528723478317261	0.0	-2.7801458835601807	3.412404164116146	0.6455801129341125	0.0	-2.7642247676849365	8.38130347275708	"{""A-B"": {""dG_dSASA_ratio"": -2.8532044887542725, ""dG_separated"": -32.02153396606445, ""dSASA_int"": 1122.3006591796875, ""delta_unsatHbonds"": 0.0, ""hbonds_int"": 8.0, ""nres_int"": 48.0, ""packstat"": 0.5723890662193298, ""sc_value"": 0.7276217341423035}, ""A-C"": {""dG_dSASA_ratio"": -3.026657819747925, ""dG_separated"": -52.055397033691406, ""dSASA_int"": 1719.89697265625, ""delta_unsatHbonds"": 13.0, ""hbonds_int"": 5.0, ""nres_int"": 72.0, ""packstat"": 0.6116728782653809, ""sc_value"": 0.6455801129341125}, ""A-D"": {""dG_dSASA_ratio"": -2.7801458835601807, ""dG_separated"": -33.76168441772461, ""dSASA_int"": 1214.3853759765625, ""delta_unsatHbonds"": 4.0, ""hbonds_int"": 0.0, ""nres_int"": 40.0, ""packstat"": 0.5632510185241699, ""sc_value"": 0.7716371417045593}, ""B-C"": {""dG_dSASA_ratio"": -2.853680372238159, ""dG_separated"": -33.4506721496582, ""dSASA_int"": 1172.194091796875, ""delta_unsatHbonds"": 4.0, ""hbonds_int"": 0.0, ""nres_int"": 40.0, ""packstat"": 0.5864403247833252, ""sc_value"": 0.7528723478317261}, ""B-D"": {""dG_dSASA_ratio"": -2.9532225131988525, ""dG_separated"": -52.853759765625, ""dSASA_int"": 1789.69775390625, ""delta_unsatHbonds"": 15.0, ""hbonds_int"": 6.0, ""nres_int"": 76.0, ""packstat"": 0.5558024644851685, ""sc_value"": 0.6855871677398682}, ""C-D"": {""dG_dSASA_ratio"": -2.7642247676849365, ""dG_separated"": -32.340675354003906, ""dSASA_int"": 1169.9727783203125, ""delta_unsatHbonds"": 3.0, ""hbonds_int"": 8.0, ""nres_int"": 48.0, ""packstat"": 0.5129212737083435, ""sc_value"": 0.7328108549118042}}"
ova_body_c4_12_ms25_r03	AF3	101	7101	0	0	A-B,A-C,A-D,B-C,B-D,C-D	6	3	1	"{""A-B"": 27, ""A-C"": 62, ""A-D"": 36, ""B-C"": 37, ""B-D"": 70, ""C-D"": 24}"	A-D,B-C	A-B,A-C,B-D,C-D	0.2402056549133135	0.7397454977035522	0.0	-2.2354304790496826	4.923223870263756	0.5705133676528931	0.0	-2.2354304790496826	11.499099667660298	"{""A-B"": {""dG_dSASA_ratio"": -2.835312843322754, ""dG_separated"": -32.449928283691406, ""dSASA_int"": 1144.4920654296875, ""delta_unsatHbonds"": 0.0, ""hbonds_int"": 8.0, ""nres_int"": 48.0, ""packstat"": 0.578789472579956, ""sc_value"": 0.7264489531517029}, ""A-C"": {""dG_dSASA_ratio"": -2.783689260482788, ""dG_separated"": -45.001739501953125, ""dSASA_int"": 1616.6221923828125, ""delta_unsatHbonds"": 8.0, ""hbonds_int"": 4.0, ""nres_int"": 68.0, ""packstat"": 0.6005959510803223, ""sc_value"": 0.5705133676528931}, ""A-D"": {""dG_dSASA_ratio"": -2.2354304790496826, ""dG_separated"": -27.243494033813477, ""dSASA_int"": 1218.713623046875, ""delta_unsatHbonds"": 6.0, ""hbonds_int"": 0.0, ""nres_int"": 40.0, ""packstat"": 0.549944281578064, ""sc_value"": 0.7397454977035522}, ""B-C"": {""dG_dSASA_ratio"": -2.9528560638427734, ""dG_separated"": -35.29204559326172, ""dSASA_int"": 1195.1834716796875, ""delta_unsatHbonds"": 4.0, ""hbonds_int"": 0.0, ""nres_int"": 40.0, ""packstat"": 0.5201243758201599, ""sc_value"": 0.7906810641288757}, ""B-D"": {""dG_dSASA_ratio"": -2.9377598762512207, ""dG_separated"": -51.09547805786133, ""dSASA_int"": 1739.2666015625, ""delta_unsatHbonds"": 20.0, ""hbonds_int"": 5.0, ""nres_int"": 77.0, ""packstat"": 0.5971230864524841, ""sc_value"": 0.6942223310470581}, ""C-D"": {""dG_dSASA_ratio"": -2.5414488315582275, ""dG_separated"": -27.478866577148438, ""dSASA_int"": 1081.2283935546875, ""delta_unsatHbonds"": 5.0, ""hbonds_int"": 5.0, ""nres_int"": 47.0, ""packstat"": 0.5186930894851685, ""sc_value"": 0.7182477116584778}}"
ova_body_c4_12_ms25_r03	AF3	102	7102	0	0	A-B,A-C,A-D,B-C,B-D,C-D	6	3	1	"{""A-B"": 24, ""A-C"": 67, ""A-D"": 36, ""B-C"": 37, ""B-D"": 68, ""C-D"": 26}"	A-D,B-C	A-B,A-C,B-D,C-D	0.2112309481702538	0.7464168071746826	0.0	-2.336089849472046	3.3565293191832186	0.6147308349609375	0.0	-2.336089849472046	8.781014029899467	"{""A-B"": {""dG_dSASA_ratio"": -2.641286611557007, ""dG_separated"": -28.3096923828125, ""dSASA_int"": 1071.8145751953125, ""delta_unsatHbonds"": 0.0, ""hbonds_int"": 5.0, ""nres_int"": 48.0, ""packstat"": 0.5725371241569519, ""sc_value"": 0.7231035828590393}, ""A-C"": {""dG_dSASA_ratio"": -3.0023279190063477, ""dG_separated"": -51.53575134277344, ""dSASA_int"": 1716.5264892578125, ""delta_unsatHbonds"": 9.0, ""hbonds_int"": 7.0, ""nres_int"": 71.0, ""packstat"": 0.5899749994277954, ""sc_value"": 0.6533726453781128}, ""A-D"": {""dG_dSASA_ratio"": -2.336089849472046, ""dG_separated"": -28.49898910522461, ""dSASA_int"": 1219.944091796875, ""delta_unsatHbonds"": 4.0, ""hbonds_int"": 1.0, ""nres_int"": 40.0, ""packstat"": 0.5561388731002808, ""sc_value"": 0.7464168071746826}, ""B-C"": {""dG_dSASA_ratio"": -2.8868274688720703, ""dG_separated"": -34.402530670166016, ""dSASA_int"": 1191.7071533203125, ""delta_unsatHbonds"": 4.0, ""hbonds_int"": 0.0, ""nres_int"": 40.0, ""packstat"": 0.5217284560203552, ""sc_value"": 0.7736409902572632}, ""B-D"": {""dG_dSASA_ratio"": -2.9272944927215576, ""dG_separated"": -50.00495147705078, ""dSASA_int"": 1708.23095703125, ""delta_unsatHbonds"": 15.0, ""hbonds_int"": 5.0, ""nres_int"": 73.0, ""packstat"": 0.5929744839668274, ""sc_value"": 0.6147308349609375}, ""C-D"": {""dG_dSASA_ratio"": -2.832064151763916, ""dG_separated"": -32.7916145324707, ""dSASA_int"": 1157.8697509765625, ""delta_unsatHbonds"": 3.0, ""hbonds_int"": 8.0, ""nres_int"": 48.0, ""packstat"": 0.6085896492004395, ""sc_value"": 0.7364563345909119}}"
ova_body_c4_12_ms25_r03	AF3	103	7103	0	0	A-B,A-C,A-D,B-C,B-D,C-D	6	3	1	"{""A-B"": 26, ""A-C"": 69, ""A-D"": 35, ""B-C"": 37, ""B-D"": 70, ""C-D"": 28}"	A-D,B-C	A-B,A-C,B-D,C-D	0.21830194174322431	0.7451880574226379	0.0	-2.866921901702881	5.209305401570232	0.6310262680053711	0.0	-2.661949396133423	8.418689490669287	"{""A-B"": {""dG_dSASA_ratio"": -2.661949396133423, ""dG_separated"": -29.09323501586914, ""dSASA_int"": 1092.9296875, ""delta_unsatHbonds"": 0.0, ""hbonds_int"": 5.0, ""nres_int"": 48.0, ""packstat"": 0.49716314673423767, ""sc_value"": 0.7130923271179199}, ""A-C"": {""dG_dSASA_ratio"": -2.9301187992095947, ""dG_separated"": -51.27058029174805, ""dSASA_int"": 1749.778076171875, ""delta_unsatHbonds"": 12.0, ""hbonds_int"": 6.0, ""nres_int"": 70.0, ""packstat"": 0.5747442245483398, ""sc_value"": 0.6310262680053711}, ""A-D"": {""dG_dSASA_ratio"": -2.9505856037139893, ""dG_separated"": -33.98440170288086, ""dSASA_int"": 1151.7850341796875, ""delta_unsatHbonds"": 6.0, ""hbonds_int"": 0.0, ""nres_int"": 40.0, ""packstat"": 0.5659566521644592, ""sc_value"": 0.7451880574226379}, ""B-C"": {""dG_dSASA_ratio"": -2.866921901702881, ""dG_separated"": -34.571998596191406, ""dSASA_int"": 1205.892578125, ""delta_unsatHbonds"": 4.0, ""hbonds_int"": 0.0, ""nres_int"": 40.0, ""packstat"": 0.5391183495521545, ""sc_value"": 0.7718710899353027}, ""B-D"": {""dG_dSASA_ratio"": -2.9121975898742676, ""dG_separated"": -51.88807678222656, ""dSASA_int"": 1781.75, ""delta_unsatHbonds"": 15.0, ""hbonds_int"": 5.0, ""nres_int"": 76.0, ""packstat"": 0.6229552030563354, ""sc_value"": 0.6502723693847656}, ""C-D"": {""dG_dSASA_ratio"": -2.696882724761963, ""dG_separated"": -32.36125564575195, ""dSASA_int"": 1199.950439453125, ""delta_unsatHbonds"": 3.0, ""hbonds_int"": 8.0, ""nres_int"": 48.0, ""packstat"": 0.5971418023109436, ""sc_value"": 0.7248364686965942}}"
ova_body_c4_12_ms25_r03	AF3	104	7104	0	0	A-B,A-C,A-D,B-C,B-D,C-D	6	3	1	"{""A-B"": 26, ""A-C"": 65, ""A-D"": 33, ""B-C"": 35, ""B-D"": 65, ""C-D"": 26}"	A-D,B-C	A-B,A-C,B-D,C-D	0.2187640885591252	0.7228914499282837	0.0	-2.164548873901367	3.410197017763559	0.6208491325378418	0.0	-2.164548873901367	9.269210919101043	"{""A-B"": {""dG_dSASA_ratio"": -2.7961902618408203, ""dG_separated"": -30.568565368652344, ""dSASA_int"": 1093.221923828125, ""delta_unsatHbonds"": 2.0, ""hbonds_int"": 7.0, ""nres_int"": 47.0, ""packstat"": 0.5483209490776062, ""sc_value"": 0.7022905349731445}, ""A-C"": {""dG_dSASA_ratio"": -3.0732500553131104, ""dG_separated"": -49.38228988647461, ""dSASA_int"": 1606.842529296875, ""delta_unsatHbonds"": 12.0, ""hbonds_int"": 6.0, ""nres_int"": 69.0, ""packstat"": 0.5555242300033569, ""sc_value"": 0.6208491325378418}, ""A-D"": {""dG_dSASA_ratio"": -3.1493210792541504, ""dG_separated"": -34.7531623840332, ""dSASA_int"": 1103.5126953125, ""delta_unsatHbonds"": 2.0, ""hbonds_int"": 2.0, ""nres_int"": 40.0, ""packstat"": 0.4844716489315033, ""sc_value"": 0.7432501316070557}, ""B-C"": {""dG_dSASA_ratio"": -2.164548873901367, ""dG_separated"": -25.389135360717773, ""dSASA_int"": 1172.9527587890625, ""delta_unsatHbonds"": 4.0, ""hbonds_int"": 0.0, ""nres_int"": 40.0, ""packstat"": 0.592250406742096, ""sc_value"": 0.7228914499282837}, ""B-D"": {""dG_dSASA_ratio"": -3.001816987991333, ""dG_separated"": -51.81570816040039, ""dSASA_int"": 1726.144775390625, ""delta_unsatHbonds"": 16.0, ""hbonds_int"": 6.0, ""nres_int"": 77.0, ""packstat"": 0.5891126394271851, ""sc_value"": 0.6579894423484802}, ""C-D"": {""dG_dSASA_ratio"": -2.4961049556732178, ""dG_separated"": -27.84445571899414, ""dSASA_int"": 1115.5162353515625, ""delta_unsatHbonds"": 1.0, ""hbonds_int"": 5.0, ""nres_int"": 48.0, ""packstat"": 0.5587229132652283, ""sc_value"": 0.7120783925056458}}"
ova_body_c4_12_ms25_r03	AF3	105	7105	0	0	A-B,A-C,A-D,B-C,B-D,C-D	6	3	1	"{""A-B"": 26, ""A-C"": 71, ""A-D"": 37, ""B-C"": 36, ""B-D"": 72, ""C-D"": 27}"	A-D,B-C	A-B,A-C,B-D,C-D	0.22284358356902634	0.7620291709899902	0.0	-2.8617987632751465	5.074284921428696	0.6439330577850342	0.0	-2.6698968410491943	8.974776039719847	"{""A-B"": {""dG_dSASA_ratio"": -2.78916597366333, ""dG_separated"": -31.61219596862793, ""dSASA_int"": 1133.3924560546875, ""delta_unsatHbonds"": 2.0, ""hbonds_int"": 8.0, ""nres_int"": 48.0, ""packstat"": 0.5687559247016907, ""sc_value"": 0.7251834869384766}, ""A-C"": {""dG_dSASA_ratio"": -2.958041191101074, ""dG_separated"": -52.09518814086914, ""dSASA_int"": 1761.1380615234375, ""delta_unsatHbonds"": 13.0, ""hbonds_int"": 5.0, ""nres_int"": 72.0, ""packstat"": 0.635345458984375, ""sc_value"": 0.6439330577850342}, ""A-D"": {""dG_dSASA_ratio"": -2.9168906211853027, ""dG_separated"": -34.6488151550293, ""dSASA_int"": 1187.8681640625, ""delta_unsatHbonds"": 2.0, ""hbonds_int"": 0.0, ""nres_int"": 40.0, ""packstat"": 0.6056783199310303, ""sc_value"": 0.7677891850471497}, ""B-C"": {""dG_dSASA_ratio"": -2.8617987632751465, ""dG_separated"": -33.838844299316406, ""dSASA_int"": 1182.4326171875, ""delta_unsatHbonds"": 6.0, ""hbonds_int"": 0.0, ""nres_int"": 40.0, ""packstat"": 0.5045044422149658, ""sc_value"": 0.7620291709899902}, ""B-D"": {""dG_dSASA_ratio"": -3.010897636413574, ""dG_separated"": -53.67750930786133, ""dSASA_int"": 1782.7742919921875, ""delta_unsatHbonds"": 16.0, ""hbonds_int"": 6.0, ""nres_int"": 76.0, ""packstat"": 0.5652111172676086, ""sc_value"": 0.6863792538642883}, ""C-D"": {""dG_dSASA_ratio"": -2.6698968410491943, ""dG_separated"": -31.414785385131836, ""dSASA_int"": 1176.629150390625, ""delta_unsatHbonds"": 1.0, ""hbonds_int"": 8.0, ""nres_int"": 48.0, ""packstat"": 0.6065238118171692, ""sc_value"": 0.7279551029205322}}"
ova_body_c4_12_ms25_r03	AF3	106	7106	0	0	A-B,A-C,A-D,B-C,B-D,C-D	6	3	1	"{""A-B"": 26, ""A-C"": 71, ""A-D"": 37, ""B-C"": 35, ""B-D"": 72, ""C-D"": 26}"	A-D,B-C	A-B,A-C,B-D,C-D	0.22070554620620417	0.7294479608535767	0.0	-1.925993800163269	4.758875231628706	0.6607482433319092	0.0	-1.925993800163269	10.13718988731162	"{""A-B"": {""dG_dSASA_ratio"": -2.753009796142578, ""dG_separated"": -29.903894424438477, ""dSASA_int"": 1086.2254638671875, ""delta_unsatHbonds"": 0.0, ""hbonds_int"": 7.0, ""nres_int"": 48.0, ""packstat"": 0.4869610369205475, ""sc_value"": 0.719734251499176}, ""A-C"": {""dG_dSASA_ratio"": -2.9625015258789062, ""dG_separated"": -52.690704345703125, ""dSASA_int"": 1778.5882568359375, ""delta_unsatHbonds"": 16.0, ""hbonds_int"": 5.0, ""nres_int"": 74.0, ""packstat"": 0.6149479746818542, ""sc_value"": 0.6607482433319092}, ""A-D"": {""dG_dSASA_ratio"": -2.9758317470550537, ""dG_separated"": -35.51972198486328, ""dSASA_int"": 1193.6064453125, ""delta_unsatHbonds"": 4.0, ""hbonds_int"": 0.0, ""nres_int"": 40.0, ""packstat"": 0.6404795050621033, ""sc_value"": 0.7719475626945496}, ""B-C"": {""dG_dSASA_ratio"": -1.925993800163269, ""dG_separated"": -24.282970428466797, ""dSASA_int"": 1260.8021240234375, ""delta_unsatHbonds"": 6.0, ""hbonds_int"": 0.0, ""nres_int"": 40.0, ""packstat"": 0.5576507449150085, ""sc_value"": 0.7294479608535767}, ""B-D"": {""dG_dSASA_ratio"": -3.020551919937134, ""dG_separated"": -53.63412857055664, ""dSASA_int"": 1775.6400146484375, ""delta_unsatHbonds"": 18.0, ""hbonds_int"": 6.0, ""nres_int"": 77.0, ""packstat"": 0.5999892354011536, ""sc_value"": 0.6772810220718384}, ""C-D"": {""dG_dSASA_ratio"": -2.63985538482666, ""dG_separated"": -30.627321243286133, ""dSASA_int"": 1160.1893310546875, ""delta_unsatHbonds"": 3.0, ""hbonds_int"": 7.0, ""nres_int"": 48.0, ""packstat"": 0.5491901636123657, ""sc_value"": 0.7156978845596313}}"
ova_body_c4_12_ms25_r03	AF3	107	7107	0	0	A-B,A-C,A-D,B-C,B-D,C-D	6	3	1	"{""A-B"": 26, ""A-C"": 70, ""A-D"": 37, ""B-C"": 37, ""B-D"": 71, ""C-D"": 27}"	A-D,B-C	A-B,A-C,B-D,C-D	0.2212277000799993	0.7588181495666504	0.0	-2.759559392929077	3.374005086543313	0.6081461906433105	0.0	-2.5464680194854736	9.578817211689563	"{""A-B"": {""dG_dSASA_ratio"": -2.5464680194854736, ""dG_separated"": -27.73123550415039, ""dSASA_int"": 1089.0078125, ""delta_unsatHbonds"": 2.0, ""hbonds_int"": 5.0, ""nres_int"": 48.0, ""packstat"": 0.6371971964836121, ""sc_value"": 0.721143364906311}, ""A-C"": {""dG_dSASA_ratio"": -2.9692163467407227, ""dG_separated"": -50.640357971191406, ""dSASA_int"": 1705.512451171875, ""delta_unsatHbonds"": 14.0, ""hbonds_int"": 4.0, ""nres_int"": 72.0, ""packstat"": 0.5224270224571228, ""sc_value"": 0.6081461906433105}, ""A-D"": {""dG_dSASA_ratio"": -2.876002311706543, ""dG_separated"": -34.096004486083984, ""dSASA_int"": 1185.53466796875, ""delta_unsatHbonds"": 4.0, ""hbonds_int"": 0.0, ""nres_int"": 40.0, ""packstat"": 0.5273835062980652, ""sc_value"": 0.7588181495666504}, ""B-C"": {""dG_dSASA_ratio"": -2.759559392929077, ""dG_separated"": -33.2513427734375, ""dSASA_int"": 1204.951171875, ""delta_unsatHbonds"": 4.0, ""hbonds_int"": 0.0, ""nres_int"": 40.0, ""packstat"": 0.6229056715965271, ""sc_value"": 0.7748546600341797}, ""B-D"": {""dG_dSASA_ratio"": -2.9392342567443848, ""dG_separated"": -52.16404342651367, ""dSASA_int"": 1774.7493896484375, ""delta_unsatHbonds"": 17.0, ""hbonds_int"": 6.0, ""nres_int"": 76.0, ""packstat"": 0.6126213669776917, ""sc_value"": 0.6789792776107788}, ""C-D"": {""dG_dSASA_ratio"": -2.737234592437744, ""dG_separated"": -32.31962585449219, ""dSASA_int"": 1180.7401123046875, ""delta_unsatHbonds"": 3.0, ""hbonds_int"": 8.0, ""nres_int"": 48.0, ""packstat"": 0.6154621839523315, ""sc_value"": 0.7277040481567383}}"
ova_body_c4_12_ms25_r03	AF3	108	7108	0	0	A-B,A-C,A-D,B-C,B-D,C-D	6	3	1	"{""A-B"": 24, ""A-C"": 72, ""A-D"": 33, ""B-C"": 33, ""B-D"": 66, ""C-D"": 25}"	A-D,B-C	A-B,A-C,B-D,C-D	0.20685431793487866	0.7210848927497864	0.0	-2.5724546909332275	3.555540895122177	0.6206047534942627	0.0	-2.5137319564819336	10.189825722717412	"{""A-B"": {""dG_dSASA_ratio"": -2.532011032104492, ""dG_separated"": -25.895973205566406, ""dSASA_int"": 1022.7432861328125, ""delta_unsatHbonds"": 0.0, ""hbonds_int"": 4.0, ""nres_int"": 48.0, ""packstat"": 0.5565842986106873, ""sc_value"": 0.7023633718490601}, ""A-C"": {""dG_dSASA_ratio"": -2.9915993213653564, ""dG_separated"": -52.84564208984375, ""dSASA_int"": 1766.4678955078125, ""delta_unsatHbonds"": 18.0, ""hbonds_int"": 6.0, ""nres_int"": 73.0, ""packstat"": 0.5612636804580688, ""sc_value"": 0.6652616262435913}, ""A-D"": {""dG_dSASA_ratio"": -2.5724546909332275, ""dG_separated"": -29.300630569458008, ""dSASA_int"": 1139.014404296875, ""delta_unsatHbonds"": 4.0, ""hbonds_int"": 0.0, ""nres_int"": 38.0, ""packstat"": 0.5146316885948181, ""sc_value"": 0.771712601184845}, ""B-C"": {""dG_dSASA_ratio"": -2.580526113510132, ""dG_separated"": -29.031036376953125, ""dSASA_int"": 1125.004638671875, ""delta_unsatHbonds"": 4.0, ""hbonds_int"": 1.0, ""nres_int"": 38.0, ""packstat"": 0.46371230483055115, ""sc_value"": 0.7210848927497864}, ""B-D"": {""dG_dSASA_ratio"": -3.026838541030884, ""dG_separated"": -50.41109085083008, ""dSASA_int"": 1665.4700927734375, ""delta_unsatHbonds"": 14.0, ""hbonds_int"": 6.0, ""nres_int"": 75.0, ""packstat"": 0.6252143979072571, ""sc_value"": 0.6206047534942627}, ""C-D"": {""dG_dSASA_ratio"": -2.5137319564819336, ""dG_separated"": -28.366762161254883, ""dSASA_int"": 1128.4720458984375, ""delta_unsatHbonds"": 1.0, ""hbonds_int"": 5.0, ""nres_int"": 48.0, ""packstat"": 0.5824540853500366, ""sc_value"": 0.7357562184333801}}"
ova_body_c4_12_ms25_r03	AF3	109	7109	0	0	A-B,A-C,A-D,B-C,B-D,C-D	6	3	1	"{""A-B"": 26, ""A-C"": 73, ""A-D"": 33, ""B-C"": 37, ""B-D"": 71, ""C-D"": 28}"	A-D,B-C	A-B,A-C,B-D,C-D	0.20519983534716074	0.6345771551132202	0.0	-2.8652820587158203	3.339671997082679	0.6345771551132202	0.0	-2.6305277347564697	9.485580404331856	"{""A-B"": {""dG_dSASA_ratio"": -2.6305277347564697, ""dG_separated"": -28.573543548583984, ""dSASA_int"": 1086.228515625, ""delta_unsatHbonds"": 3.0, ""hbonds_int"": 5.0, ""nres_int"": 48.0, ""packstat"": 0.5722826719284058, ""sc_value"": 0.7213943600654602}, ""A-C"": {""dG_dSASA_ratio"": -2.9659314155578613, ""dG_separated"": -52.05840301513672, ""dSASA_int"": 1755.212646484375, ""delta_unsatHbonds"": 14.0, ""hbonds_int"": 5.0, ""nres_int"": 73.0, ""packstat"": 0.5846178531646729, ""sc_value"": 0.6423734426498413}, ""A-D"": {""dG_dSASA_ratio"": -3.013190507888794, ""dG_separated"": -37.427215576171875, ""dSASA_int"": 1242.112548828125, ""delta_unsatHbonds"": 4.0, ""hbonds_int"": 0.0, ""nres_int"": 39.0, ""packstat"": 0.6621782779693604, ""sc_value"": 0.6345771551132202}, ""B-C"": {""dG_dSASA_ratio"": -2.8652820587158203, ""dG_separated"": -34.31812286376953, ""dSASA_int"": 1197.722412109375, ""delta_unsatHbonds"": 4.0, ""hbonds_int"": 0.0, ""nres_int"": 40.0, ""packstat"": 0.44332000613212585, ""sc_value"": 0.7518186569213867}, ""B-D"": {""dG_dSASA_ratio"": -2.9793248176574707, ""dG_separated"": -53.39527893066406, ""dSASA_int"": 1792.1939697265625, ""delta_unsatHbonds"": 17.0, ""hbonds_int"": 6.0, ""nres_int"": 77.0, ""packstat"": 0.5975109338760376, ""sc_value"": 0.6703552007675171}, ""C-D"": {""dG_dSASA_ratio"": -2.6315701007843018, ""dG_separated"": -31.311017990112305, ""dSASA_int"": 1189.8226318359375, ""delta_unsatHbonds"": 1.0, ""hbonds_int"": 8.0, ""nres_int"": 48.0, ""packstat"": 0.5747776031494141, ""sc_value"": 0.7098929286003113}}"
ova_body_c4_12_ms25_r03	AF3	110	7110	0	0	A-B,A-C,A-D,B-C,B-D,C-D	6	3	1	"{""A-B"": 25, ""A-C"": 73, ""A-D"": 37, ""B-C"": 37, ""B-D"": 71, ""C-D"": 27}"	A-D,B-C	A-B,A-C,B-D,C-D	0.21529971777752765	0.6400250196456909	0.0	-2.038290500640869	5.93320938681237	0.5858237147331238	0.0	-2.038290500640869	9.70385555871204	"{""A-B"": {""dG_dSASA_ratio"": -2.815019130706787, ""dG_separated"": -32.15047836303711, ""dSASA_int"": 1142.105224609375, ""delta_unsatHbonds"": 2.0, ""hbonds_int"": 8.0, ""nres_int"": 48.0, ""packstat"": 0.5574928522109985, ""sc_value"": 0.7219893932342529}, ""A-C"": {""dG_dSASA_ratio"": -2.9410057067871094, ""dG_separated"": -51.52292251586914, ""dSASA_int"": 1751.8809814453125, ""delta_unsatHbonds"": 17.0, ""hbonds_int"": 6.0, ""nres_int"": 72.0, ""packstat"": 0.5437623262405396, ""sc_value"": 0.6776964664459229}, ""A-D"": {""dG_dSASA_ratio"": -2.8932480812072754, ""dG_separated"": -34.192176818847656, ""dSASA_int"": 1181.7919921875, ""delta_unsatHbonds"": 3.0, ""hbonds_int"": 0.0, ""nres_int"": 40.0, ""packstat"": 0.5383290648460388, ""sc_value"": 0.770702600479126}, ""B-C"": {""dG_dSASA_ratio"": -2.038290500640869, ""dG_separated"": -24.047748565673828, ""dSASA_int"": 1179.7999267578125, ""delta_unsatHbonds"": 7.0, ""hbonds_int"": 0.0, ""nres_int"": 40.0, ""packstat"": 0.470130980014801, ""sc_value"": 0.6400250196456909}, ""B-D"": {""dG_dSASA_ratio"": -2.8449795246124268, ""dG_separated"": -49.436012268066406, ""dSASA_int"": 1737.657958984375, ""delta_unsatHbonds"": 14.0, ""hbonds_int"": 4.0, ""nres_int"": 74.0, ""packstat"": 0.6329472064971924, ""sc_value"": 0.5858237147331238}, ""C-D"": {""dG_dSASA_ratio"": -2.6647627353668213, ""dG_separated"": -31.74224090576172, ""dSASA_int"": 1191.1844482421875, ""delta_unsatHbonds"": 1.0, ""hbonds_int"": 8.0, ""nres_int"": 48.0, ""packstat"": 0.6263858079910278, ""sc_value"": 0.7126139998435974}}"
ova_body_c4_12_ms25_r03	AF3	111	7111	0	0	A-B,A-C,A-D,B-C,B-D,C-D	6	3	1	"{""A-B"": 26, ""A-C"": 65, ""A-D"": 35, ""B-C"": 38, ""B-D"": 66, ""C-D"": 23}"	A-D,B-C	A-B,A-C,B-D,C-D	0.24433881001023175	0.7343378067016602	0.0	-2.450573444366455	3.350479387056953	0.5987845659255981	0.0	-2.450573444366455	11.557886571589695	"{""A-B"": {""dG_dSASA_ratio"": -2.8638243675231934, ""dG_separated"": -32.30770492553711, ""dSASA_int"": 1128.1314697265625, ""delta_unsatHbonds"": 0.0, ""hbonds_int"": 8.0, ""nres_int"": 48.0, ""packstat"": 0.626442551612854, ""sc_value"": 0.7145881652832031}, ""A-C"": {""dG_dSASA_ratio"": -2.9369423389434814, ""dG_separated"": -48.591392517089844, ""dSASA_int"": 1654.4891357421875, ""delta_unsatHbonds"": 12.0, ""hbonds_int"": 6.0, ""nres_int"": 69.0, ""packstat"": 0.6341743469238281, ""sc_value"": 0.5987845659255981}, ""A-D"": {""dG_dSASA_ratio"": -2.450573444366455, ""dG_separated"": -29.256391525268555, ""dSASA_int"": 1193.8590087890625, ""delta_unsatHbonds"": 4.0, ""hbonds_int"": 1.0, ""nres_int"": 40.0, ""packstat"": 0.46927905082702637, ""sc_value"": 0.7343378067016602}, ""B-C"": {""dG_dSASA_ratio"": -2.9758589267730713, ""dG_separated"": -35.500579833984375, ""dSASA_int"": 1192.952392578125, ""delta_unsatHbonds"": 2.0, ""hbonds_int"": 0.0, ""nres_int"": 40.0, ""packstat"": 0.5175919532775879, ""sc_value"": 0.748865008354187}, ""B-D"": {""dG_dSASA_ratio"": -2.876707077026367, ""dG_separated"": -49.779117584228516, ""dSASA_int"": 1730.420166015625, ""delta_unsatHbonds"": 20.0, ""hbonds_int"": 4.0, ""nres_int"": 77.0, ""packstat"": 0.6170512437820435, ""sc_value"": 0.6308318376541138}, ""C-D"": {""dG_dSASA_ratio"": -2.5282323360443115, ""dG_separated"": -26.83592414855957, ""dSASA_int"": 1061.4500732421875, ""delta_unsatHbonds"": 1.0, ""hbonds_int"": 5.0, ""nres_int"": 47.0, ""packstat"": 0.648386538028717, ""sc_value"": 0.7137248516082764}}"
ova_body_c4_12_ms25_r03	AF3	112	7112	0	0	A-B,A-C,A-D,B-C,B-D,C-D	6	3	1	"{""A-B"": 25, ""A-C"": 68, ""A-D"": 36, ""B-C"": 37, ""B-D"": 71, ""C-D"": 27}"	A-D,B-C	A-B,A-C,B-D,C-D	0.2106416595079776	0.7480813264846802	0.0	-2.8766634464263916	3.3759353544644553	0.6376626491546631	0.0	-2.471082925796509	8.619266825018572	"{""A-B"": {""dG_dSASA_ratio"": -2.471082925796509, ""dG_separated"": -26.95204734802246, ""dSASA_int"": 1090.6978759765625, ""delta_unsatHbonds"": 0.0, ""hbonds_int"": 4.0, ""nres_int"": 48.0, ""packstat"": 0.49741700291633606, ""sc_value"": 0.6994566917419434}, ""A-C"": {""dG_dSASA_ratio"": -2.8231232166290283, ""dG_separated"": -48.978973388671875, ""dSASA_int"": 1734.9215087890625, ""delta_unsatHbonds"": 14.0, ""hbonds_int"": 5.0, ""nres_int"": 71.0, ""packstat"": 0.626268208026886, ""sc_value"": 0.6376626491546631}, ""A-D"": {""dG_dSASA_ratio"": -2.8766634464263916, ""dG_separated"": -34.08434295654297, ""dSASA_int"": 1184.8568115234375, ""delta_unsatHbonds"": 4.0, ""hbonds_int"": 0.0, ""nres_int"": 40.0, ""packstat"": 0.5429655313491821, ""sc_value"": 0.7676210403442383}, ""B-C"": {""dG_dSASA_ratio"": -2.9466538429260254, ""dG_separated"": -35.192657470703125, ""dSASA_int"": 1194.326171875, ""delta_unsatHbonds"": 2.0, ""hbonds_int"": 0.0, ""nres_int"": 40.0, ""packstat"": 0.5742302536964417, ""sc_value"": 0.7480813264846802}, ""B-D"": {""dG_dSASA_ratio"": -3.019193649291992, ""dG_separated"": -52.542640686035156, ""dSASA_int"": 1740.2872314453125, ""delta_unsatHbonds"": 15.0, ""hbonds_int"": 5.0, ""nres_int"": 76.0, ""packstat"": 0.5920437574386597, ""sc_value"": 0.6417927742004395}, ""C-D"": {""dG_dSASA_ratio"": -2.747354507446289, ""dG_separated"": -31.957422256469727, ""dSASA_int"": 1163.20703125, ""delta_unsatHbonds"": 1.0, ""hbonds_int"": 8.0, ""nres_int"": 48.0, ""packstat"": 0.5546914339065552, ""sc_value"": 0.7348875999450684}}"
ova_body_c4_12_ms25_r03	AF3	113	7113	0	0	A-B,A-C,A-D,B-C,B-D,C-D	6	3	1	"{""A-B"": 26, ""A-C"": 71, ""A-D"": 36, ""B-C"": 34, ""B-D"": 72, ""C-D"": 25}"	A-D,B-C	A-B,A-C,B-D,C-D	0.2174676269428844	0.7272711992263794	0.0	-1.9812606573104858	3.317280105673513	0.6394595503807068	0.0	-1.9812606573104858	10.961194689093848	"{""A-B"": {""dG_dSASA_ratio"": -2.309182643890381, ""dG_separated"": -24.53687858581543, ""dSASA_int"": 1062.5784912109375, ""delta_unsatHbonds"": 0.0, ""hbonds_int"": 4.0, ""nres_int"": 48.0, ""packstat"": 0.5549877882003784, ""sc_value"": 0.7133466601371765}, ""A-C"": {""dG_dSASA_ratio"": -2.9246633052825928, ""dG_separated"": -50.69575500488281, ""dSASA_int"": 1733.3876953125, ""delta_unsatHbonds"": 19.0, ""hbonds_int"": 6.0, ""nres_int"": 75.0, ""packstat"": 0.5612102150917053, ""sc_value"": 0.6394595503807068}, ""A-D"": {""dG_dSASA_ratio"": -3.082362651824951, ""dG_separated"": -34.88740158081055, ""dSASA_int"": 1131.839599609375, ""delta_unsatHbonds"": 2.0, ""hbonds_int"": 0.0, ""nres_int"": 38.0, ""packstat"": 0.5415971279144287, ""sc_value"": 0.7508838176727295}, ""B-C"": {""dG_dSASA_ratio"": -1.9812606573104858, ""dG_separated"": -23.890180587768555, ""dSASA_int"": 1205.80712890625, ""delta_unsatHbonds"": 4.0, ""hbonds_int"": 0.0, ""nres_int"": 38.0, ""packstat"": 0.5839725136756897, ""sc_value"": 0.7272711992263794}, ""B-D"": {""dG_dSASA_ratio"": -3.0286529064178467, ""dG_separated"": -52.4070930480957, ""dSASA_int"": 1730.376220703125, ""delta_unsatHbonds"": 16.0, ""hbonds_int"": 6.0, ""nres_int"": 77.0, ""packstat"": 0.5392134785652161, ""sc_value"": 0.6607717275619507}, ""C-D"": {""dG_dSASA_ratio"": -2.574366331100464, ""dG_separated"": -28.875633239746094, ""dSASA_int"": 1121.659912109375, ""delta_unsatHbonds"": 5.0, ""hbonds_int"": 5.0, ""nres_int"": 48.0, ""packstat"": 0.6091861128807068, ""sc_value"": 0.7268266677856445}}"
ova_body_c4_12_ms25_r03	AF3	114	7114	0	0	A-B,A-C,A-D,B-C,B-D,C-D	6	3	1	"{""A-B"": 27, ""A-C"": 63, ""A-D"": 36, ""B-C"": 35, ""B-D"": 65, ""C-D"": 26}"	A-D,B-C	A-B,A-C,B-D,C-D	0.2321847802624074	0.5454583168029785	0.0	-2.705734968185425	3.5307750012337458	0.5454583168029785	0.0	-2.569556713104248	9.24097351433718	"{""A-B"": {""dG_dSASA_ratio"": -2.569556713104248, ""dG_separated"": -28.200885772705078, ""dSASA_int"": 1097.5, ""delta_unsatHbonds"": 0.0, ""hbonds_int"": 6.0, ""nres_int"": 48.0, ""packstat"": 0.6234207153320312, ""sc_value"": 0.7058231830596924}, ""A-C"": {""dG_dSASA_ratio"": -2.9678382873535156, ""dG_separated"": -51.38572692871094, ""dSASA_int"": 1731.4193115234375, ""delta_unsatHbonds"": 16.0, ""hbonds_int"": 7.0, ""nres_int"": 73.0, ""packstat"": 0.5760694146156311, ""sc_value"": 0.6594927310943604}, ""A-D"": {""dG_dSASA_ratio"": -3.0729362964630127, ""dG_separated"": -35.69825744628906, ""dSASA_int"": 1161.6986083984375, ""delta_unsatHbonds"": 4.0, ""hbonds_int"": 0.0, ""nres_int"": 40.0, ""packstat"": 0.5552569031715393, ""sc_value"": 0.7352286577224731}, ""B-C"": {""dG_dSASA_ratio"": -2.705734968185425, ""dG_separated"": -30.653156280517578, ""dSASA_int"": 1132.895751953125, ""delta_unsatHbonds"": 4.0, ""hbonds_int"": 2.0, ""nres_int"": 40.0, ""packstat"": 0.5436844229698181, ""sc_value"": 0.5454583168029785}, ""B-D"": {""dG_dSASA_ratio"": -3.0808722972869873, ""dG_separated"": -52.71512222290039, ""dSASA_int"": 1711.0452880859375, ""delta_unsatHbonds"": 12.0, ""hbonds_int"": 7.0, ""nres_int"": 77.0, ""packstat"": 0.5906064510345459, ""sc_value"": 0.6532028317451477}, ""C-D"": {""dG_dSASA_ratio"": -2.6266441345214844, ""dG_separated"": -30.58817481994629, ""dSASA_int"": 1164.534423828125, ""delta_unsatHbonds"": 3.0, ""hbonds_int"": 7.0, ""nres_int"": 48.0, ""packstat"": 0.5528385043144226, ""sc_value"": 0.6976779699325562}}"
ova_body_c4_12_ms25_r03	AF3	115	7115	0	0	A-B,A-C,A-D,B-C,B-D,C-D	6	3	1	"{""A-B"": 25, ""A-C"": 64, ""A-D"": 34, ""B-C"": 34, ""B-D"": 65, ""C-D"": 25}"	A-D,B-C	A-B,A-C,B-D,C-D	0.2282595510865243	0.6289421916007996	0.0	-2.850708246231079	4.913485684844558	0.6095867156982422	0.0	-2.6135141849517822	9.72041496275863	"{""A-B"": {""dG_dSASA_ratio"": -2.6854164600372314, ""dG_separated"": -31.256380081176758, ""dSASA_int"": 1163.930419921875, ""delta_unsatHbonds"": 0.0, ""hbonds_int"": 8.0, ""nres_int"": 48.0, ""packstat"": 0.550971269607544, ""sc_value"": 0.7294068336486816}, ""A-C"": {""dG_dSASA_ratio"": -3.092468738555908, ""dG_separated"": -50.90266036987305, ""dSASA_int"": 1646.020263671875, ""delta_unsatHbonds"": 16.0, ""hbonds_int"": 4.0, ""nres_int"": 73.0, ""packstat"": 0.5980704426765442, ""sc_value"": 0.6095867156982422}, ""A-D"": {""dG_dSASA_ratio"": -3.1656222343444824, ""dG_separated"": -37.12236404418945, ""dSASA_int"": 1172.6719970703125, ""delta_unsatHbonds"": 2.0, ""hbonds_int"": 2.0, ""nres_int"": 40.0, ""packstat"": 0.4700426161289215, ""sc_value"": 0.7395166158676147}, ""B-C"": {""dG_dSASA_ratio"": -2.850708246231079, ""dG_separated"": -34.810829162597656, ""dSASA_int"": 1221.1290283203125, ""delta_unsatHbonds"": 6.0, ""hbonds_int"": 0.0, ""nres_int"": 41.0, ""packstat"": 0.5447232723236084, ""sc_value"": 0.6289421916007996}, ""B-D"": {""dG_dSASA_ratio"": -2.8474678993225098, ""dG_separated"": -49.84088134765625, ""dSASA_int"": 1750.35791015625, ""delta_unsatHbonds"": 16.0, ""hbonds_int"": 4.0, ""nres_int"": 76.0, ""packstat"": 0.6009001731872559, ""sc_value"": 0.6380698680877686}, ""C-D"": {""dG_dSASA_ratio"": -2.6135141849517822, ""dG_separated"": -29.372346878051758, ""dSASA_int"": 1123.864013671875, ""delta_unsatHbonds"": 2.0, ""hbonds_int"": 6.0, ""nres_int"": 48.0, ""packstat"": 0.5134503245353699, ""sc_value"": 0.7454248666763306}}"
ova_body_c4_12_ms25_r03	AF3	116	7116	0	0	A-B,A-C,A-D,B-C,B-D,C-D	6	3	1	"{""A-B"": 27, ""A-C"": 70, ""A-D"": 36, ""B-C"": 37, ""B-D"": 72, ""C-D"": 25}"	A-D,B-C	A-B,A-C,B-D,C-D	0.22620262914220557	0.756039023399353	0.0	-2.823639392852783	3.300685409969242	0.6589832901954651	0.0	-2.538753032684326	10.452703811987435	"{""A-B"": {""dG_dSASA_ratio"": -2.7086267471313477, ""dG_separated"": -30.378419876098633, ""dSASA_int"": 1121.543212890625, ""delta_unsatHbonds"": 0.0, ""hbonds_int"": 7.0, ""nres_int"": 48.0, ""packstat"": 0.5975271463394165, ""sc_value"": 0.7174347639083862}, ""A-C"": {""dG_dSASA_ratio"": -2.9539670944213867, ""dG_separated"": -50.868568420410156, ""dSASA_int"": 1722.04248046875, ""delta_unsatHbonds"": 18.0, ""hbonds_int"": 5.0, ""nres_int"": 73.0, ""packstat"": 0.5838894248008728, ""sc_value"": 0.6589832901954651}, ""A-D"": {""dG_dSASA_ratio"": -2.834343433380127, ""dG_separated"": -33.0424919128418, ""dSASA_int"": 1165.7900390625, ""delta_unsatHbonds"": 2.0, ""hbonds_int"": 0.0, ""nres_int"": 40.0, ""packstat"": 0.6408217549324036, ""sc_value"": 0.756039023399353}, ""B-C"": {""dG_dSASA_ratio"": -2.823639392852783, ""dG_separated"": -34.21882629394531, ""dSASA_int"": 1211.8695068359375, ""delta_unsatHbonds"": 4.0, ""hbonds_int"": 0.0, ""nres_int"": 40.0, ""packstat"": 0.5983331799507141, ""sc_value"": 0.7672319412231445}, ""B-D"": {""dG_dSASA_ratio"": -2.969799280166626, ""dG_separated"": -52.91799545288086, ""dSASA_int"": 1781.87109375, ""delta_unsatHbonds"": 15.0, ""hbonds_int"": 6.0, ""nres_int"": 76.0, ""packstat"": 0.5730474591255188, ""sc_value"": 0.684745192527771}, ""C-D"": {""dG_dSASA_ratio"": -2.538753032684326, ""dG_separated"": -29.859888076782227, ""dSASA_int"": 1176.16357421875, ""delta_unsatHbonds"": 1.0, ""hbonds_int"": 7.0, ""nres_int"": 48.0, ""packstat"": 0.6326647996902466, ""sc_value"": 0.7045526504516602}}"
ova_body_c4_12_ms25_r03	AF3	117	7117	0	0	A-B,A-C,A-D,B-C,B-D,C-D	6	3	1	"{""A-B"": 27, ""A-C"": 66, ""A-D"": 36, ""B-C"": 34, ""B-D"": 67, ""C-D"": 26}"	A-D,B-C	A-B,A-C,B-D,C-D	0.21627249274313498	0.7483749389648438	0.0	-2.6349120140075684	5.2036315741610135	0.6355899572372437	0.0	-2.537055015563965	11.251671055465126	"{""A-B"": {""dG_dSASA_ratio"": -2.8737406730651855, ""dG_separated"": -32.2135009765625, ""dSASA_int"": 1120.9605712890625, ""delta_unsatHbonds"": 0.0, ""hbonds_int"": 8.0, ""nres_int"": 48.0, ""packstat"": 0.5992915630340576, ""sc_value"": 0.7309477925300598}, ""A-C"": {""dG_dSASA_ratio"": -2.891019105911255, ""dG_separated"": -48.81884765625, ""dSASA_int"": 1688.6380615234375, ""delta_unsatHbonds"": 19.0, ""hbonds_int"": 5.0, ""nres_int"": 72.0, ""packstat"": 0.6046280860900879, ""sc_value"": 0.6461364030838013}, ""A-D"": {""dG_dSASA_ratio"": -3.122779130935669, ""dG_separated"": -36.62871170043945, ""dSASA_int"": 1172.952392578125, ""delta_unsatHbonds"": 4.0, ""hbonds_int"": 0.0, ""nres_int"": 39.0, ""packstat"": 0.5641193389892578, ""sc_value"": 0.7483749389648438}, ""B-C"": {""dG_dSASA_ratio"": -2.6349120140075684, ""dG_separated"": -30.381610870361328, ""dSASA_int"": 1153.0408935546875, ""delta_unsatHbonds"": 6.0, ""hbonds_int"": 0.0, ""nres_int"": 40.0, ""packstat"": 0.555935800075531, ""sc_value"": 0.764201819896698}, ""B-D"": {""dG_dSASA_ratio"": -3.0153067111968994, ""dG_separated"": -51.511260986328125, ""dSASA_int"": 1708.325927734375, ""delta_unsatHbonds"": 18.0, ""hbonds_int"": 5.0, ""nres_int"": 75.0, ""packstat"": 0.562022864818573, ""sc_value"": 0.6355899572372437}, ""C-D"": {""dG_dSASA_ratio"": -2.537055015563965, ""dG_separated"": -28.087203979492188, ""dSASA_int"": 1107.0789794921875, ""delta_unsatHbonds"": 3.0, ""hbonds_int"": 5.0, ""nres_int"": 48.0, ""packstat"": 0.6137524843215942, ""sc_value"": 0.7145251035690308}}"
ova_body_c4_12_ms25_r03	AF3	118	7118	0	0	A-B,A-C,A-D,B-C,B-D,C-D	6	3	1	"{""A-B"": 25, ""A-C"": 69, ""A-D"": 34, ""B-C"": 35, ""B-D"": 73, ""C-D"": 27}"	A-D,B-C	A-B,A-C,B-D,C-D	0.22159625930812007	0.6365760564804077	0.0	-2.8144068717956543	4.945977333150998	0.6084554195404053	0.0	-2.657183885574341	10.567403895983363	"{""A-B"": {""dG_dSASA_ratio"": -2.859511137008667, ""dG_separated"": -32.36906814575195, ""dSASA_int"": 1131.9791259765625, ""delta_unsatHbonds"": 0.0, ""hbonds_int"": 8.0, ""nres_int"": 48.0, ""packstat"": 0.5470954775810242, ""sc_value"": 0.7277404069900513}, ""A-C"": {""dG_dSASA_ratio"": -2.7491722106933594, ""dG_separated"": -48.184165954589844, ""dSASA_int"": 1752.678955078125, ""delta_unsatHbonds"": 18.0, ""hbonds_int"": 5.0, ""nres_int"": 73.0, ""packstat"": 0.6373152732849121, ""sc_value"": 0.6084554195404053}, ""A-D"": {""dG_dSASA_ratio"": -2.856365442276001, ""dG_separated"": -34.6507682800293, ""dSASA_int"": 1213.1070556640625, ""delta_unsatHbonds"": 6.0, ""hbonds_int"": 0.0, ""nres_int"": 41.0, ""packstat"": 0.5870078802108765, ""sc_value"": 0.6457456350326538}, ""B-C"": {""dG_dSASA_ratio"": -2.8144068717956543, ""dG_separated"": -34.85900115966797, ""dSASA_int"": 1238.5914306640625, ""delta_unsatHbonds"": 4.0, ""hbonds_int"": 0.0, ""nres_int"": 41.0, ""packstat"": 0.540863037109375, ""sc_value"": 0.6365760564804077}, ""B-D"": {""dG_dSASA_ratio"": -2.980670928955078, ""dG_separated"": -53.591922760009766, ""dSASA_int"": 1797.9818115234375, ""delta_unsatHbonds"": 19.0, ""hbonds_int"": 7.0, ""nres_int"": 76.0, ""packstat"": 0.6112103462219238, ""sc_value"": 0.7000385522842407}, ""C-D"": {""dG_dSASA_ratio"": -2.657183885574341, ""dG_separated"": -31.692506790161133, ""dSASA_int"": 1192.71044921875, ""delta_unsatHbonds"": 3.0, ""hbonds_int"": 8.0, ""nres_int"": 48.0, ""packstat"": 0.5573223233222961, ""sc_value"": 0.7162758111953735}}"
ova_body_c4_12_ms25_r03	AF3	119	7119	0	0	A-B,A-C,A-D,B-C,B-D,C-D	6	3	1	"{""A-B"": 27, ""A-C"": 72, ""A-D"": 35, ""B-C"": 36, ""B-D"": 72, ""C-D"": 27}"	A-D,B-C	A-B,A-C,B-D,C-D	0.22769273574310264	0.7613956928253174	0.0	-2.708092451095581	3.4033031607991155	0.6585716009140015	0.0	-2.6406173706054688	8.946250556444609	"{""A-B"": {""dG_dSASA_ratio"": -2.645505666732788, ""dG_separated"": -29.951690673828125, ""dSASA_int"": 1132.172607421875, ""delta_unsatHbonds"": 0.0, ""hbonds_int"": 7.0, ""nres_int"": 48.0, ""packstat"": 0.586341917514801, ""sc_value"": 0.7144477367401123}, ""A-C"": {""dG_dSASA_ratio"": -3.021465301513672, ""dG_separated"": -53.6728401184082, ""dSASA_int"": 1776.384521484375, ""delta_unsatHbonds"": 15.0, ""hbonds_int"": 6.0, ""nres_int"": 72.0, ""packstat"": 0.572952389717102, ""sc_value"": 0.6585716009140015}, ""A-D"": {""dG_dSASA_ratio"": -2.708092451095581, ""dG_separated"": -31.997783660888672, ""dSASA_int"": 1181.561767578125, ""delta_unsatHbonds"": 2.0, ""hbonds_int"": 0.0, ""nres_int"": 40.0, ""packstat"": 0.48215994238853455, ""sc_value"": 0.7640231847763062}, ""B-C"": {""dG_dSASA_ratio"": -2.85621976852417, ""dG_separated"": -33.569969177246094, ""dSASA_int"": 1175.3287353515625, ""delta_unsatHbonds"": 4.0, ""hbonds_int"": 0.0, ""nres_int"": 40.0, ""packstat"": 0.4121055006980896, ""sc_value"": 0.7613956928253174}, ""B-D"": {""dG_dSASA_ratio"": -2.925877809524536, ""dG_separated"": -52.3281135559082, ""dSASA_int"": 1788.458740234375, ""delta_unsatHbonds"": 16.0, ""hbonds_int"": 6.0, ""nres_int"": 76.0, ""packstat"": 0.6048741936683655, ""sc_value"": 0.6893728971481323}, ""C-D"": {""dG_dSASA_ratio"": -2.6406173706054688, ""dG_separated"": -31.507822036743164, ""dSASA_int"": 1193.1990966796875, ""delta_unsatHbonds"": 1.0, ""hbonds_int"": 8.0, ""nres_int"": 48.0, ""packstat"": 0.6054895520210266, ""sc_value"": 0.7242332100868225}}"
ova_body_c4_12_ms25_r03	AF3	120	7120	0	0	A-B,A-C,A-D,B-C,B-D,C-D	6	3	1	"{""A-B"": 26, ""A-C"": 69, ""A-D"": 37, ""B-C"": 36, ""B-D"": 68, ""C-D"": 27}"	A-D,B-C	A-B,A-C,B-D,C-D	0.21728388341072497	0.7090213298797607	0.0	-2.8914058208465576	3.4101200056696572	0.6247645616531372	0.0	-2.575300455093384	7.934058652733361	"{""A-B"": {""dG_dSASA_ratio"": -2.575300455093384, ""dG_separated"": -28.169221878051758, ""dSASA_int"": 1093.82275390625, ""delta_unsatHbonds"": 0.0, ""hbonds_int"": 5.0, ""nres_int"": 48.0, ""packstat"": 0.5173512697219849, ""sc_value"": 0.7102380990982056}, ""A-C"": {""dG_dSASA_ratio"": -2.881131887435913, ""dG_separated"": -49.68682861328125, ""dSASA_int"": 1724.5594482421875, ""delta_unsatHbonds"": 12.0, ""hbonds_int"": 6.0, ""nres_int"": 70.0, ""packstat"": 0.5159907341003418, ""sc_value"": 0.6247645616531372}, ""A-D"": {""dG_dSASA_ratio"": -3.1378166675567627, ""dG_separated"": -36.805938720703125, ""dSASA_int"": 1172.979248046875, ""delta_unsatHbonds"": 4.0, ""hbonds_int"": 1.0, ""nres_int"": 40.0, ""packstat"": 0.5720593929290771, ""sc_value"": 0.7461357116699219}, ""B-C"": {""dG_dSASA_ratio"": -2.8914058208465576, ""dG_separated"": -32.93063735961914, ""dSASA_int"": 1138.914306640625, ""delta_unsatHbonds"": 0.0, ""hbonds_int"": 0.0, ""nres_int"": 40.0, ""packstat"": 0.5243406295776367, ""sc_value"": 0.7090213298797607}, ""B-D"": {""dG_dSASA_ratio"": -2.908613681793213, ""dG_separated"": -51.32378387451172, ""dSASA_int"": 1764.5445556640625, ""delta_unsatHbonds"": 14.0, ""hbonds_int"": 5.0, ""nres_int"": 76.0, ""packstat"": 0.5992778539657593, ""sc_value"": 0.6376621723175049}, ""C-D"": {""dG_dSASA_ratio"": -2.6947028636932373, ""dG_separated"": -30.788448333740234, ""dSASA_int"": 1142.554443359375, ""delta_unsatHbonds"": 3.0, ""hbonds_int"": 7.0, ""nres_int"": 48.0, ""packstat"": 0.6026941537857056, ""sc_value"": 0.7202938795089722}}"
ova_body_c4_12_ms25_r03	AF3	121	7121	0	0	A-B,A-C,A-D,B-C,B-D,C-D	6	3	1	"{""A-B"": 26, ""A-C"": 69, ""A-D"": 36, ""B-C"": 37, ""B-D"": 72, ""C-D"": 27}"	A-D,B-C	A-B,A-C,B-D,C-D	0.22022634265160437	0.7481374740600586	0.0	-2.9074530601501465	3.3712215091504363	0.6446641683578491	0.0	-2.664357900619507	8.284509248675645	"{""A-B"": {""dG_dSASA_ratio"": -2.685947895050049, ""dG_separated"": -29.525537490844727, ""dSASA_int"": 1099.259521484375, ""delta_unsatHbonds"": 0.0, ""hbonds_int"": 6.0, ""nres_int"": 48.0, ""packstat"": 0.6181176900863647, ""sc_value"": 0.7165764570236206}, ""A-C"": {""dG_dSASA_ratio"": -3.009868860244751, ""dG_separated"": -52.537052154541016, ""dSASA_int"": 1745.4930419921875, ""delta_unsatHbonds"": 10.0, ""hbonds_int"": 5.0, ""nres_int"": 72.0, ""packstat"": 0.6282414793968201, ""sc_value"": 0.6446641683578491}, ""A-D"": {""dG_dSASA_ratio"": -2.983564853668213, ""dG_separated"": -34.086795806884766, ""dSASA_int"": 1142.4854736328125, ""delta_unsatHbonds"": 2.0, ""hbonds_int"": 0.0, ""nres_int"": 40.0, ""packstat"": 0.549901008605957, ""sc_value"": 0.7481374740600586}, ""B-C"": {""dG_dSASA_ratio"": -2.9074530601501465, ""dG_separated"": -34.49732208251953, ""dSASA_int"": 1186.5135498046875, ""delta_unsatHbonds"": 4.0, ""hbonds_int"": 0.0, ""nres_int"": 40.0, ""packstat"": 0.5355218648910522, ""sc_value"": 0.7513659596443176}, ""B-D"": {""dG_dSASA_ratio"": -2.9176886081695557, ""dG_separated"": -52.827911376953125, ""dSASA_int"": 1810.608154296875, ""delta_unsatHbonds"": 15.0, ""hbonds_int"": 6.0, ""nres_int"": 76.0, ""packstat"": 0.5993525385856628, ""sc_value"": 0.6739010810852051}, ""C-D"": {""dG_dSASA_ratio"": -2.664357900619507, ""dG_separated"": -31.642498016357422, ""dSASA_int"": 1187.621826171875, ""delta_unsatHbonds"": 1.0, ""hbonds_int"": 8.0, ""nres_int"": 48.0, ""packstat"": 0.561688244342804, ""sc_value"": 0.7155829668045044}}"
ova_body_c4_12_ms25_r03	AF3	122	7122	0	0	A-B,A-C,A-D,B-C,B-D,C-D	6	3	1	"{""A-B"": 26, ""A-C"": 72, ""A-D"": 36, ""B-C"": 36, ""B-D"": 73, ""C-D"": 26}"	A-D,B-C	A-B,A-C,B-D,C-D	0.2283037329127876	0.746995210647583	0.0	-2.862431526184082	5.071619392464323	0.6809163093566895	0.0	-2.680490493774414	10.29268424795474	"{""A-B"": {""dG_dSASA_ratio"": -2.724463701248169, ""dG_separated"": -30.70591163635254, ""dSASA_int"": 1127.0443115234375, ""delta_unsatHbonds"": 0.0, ""hbonds_int"": 8.0, ""nres_int"": 48.0, ""packstat"": 0.5612247586250305, ""sc_value"": 0.7223466634750366}, ""A-C"": {""dG_dSASA_ratio"": -2.9807872772216797, ""dG_separated"": -52.12845230102539, ""dSASA_int"": 1748.81494140625, ""delta_unsatHbonds"": 18.0, ""hbonds_int"": 6.0, ""nres_int"": 73.0, ""packstat"": 0.6186990737915039, ""sc_value"": 0.6850391626358032}, ""A-D"": {""dG_dSASA_ratio"": -2.8738303184509277, ""dG_separated"": -33.42974853515625, ""dSASA_int"": 1163.2470703125, ""delta_unsatHbonds"": 2.0, ""hbonds_int"": 0.0, ""nres_int"": 40.0, ""packstat"": 0.5029351711273193, ""sc_value"": 0.746995210647583}, ""B-C"": {""dG_dSASA_ratio"": -2.862431526184082, ""dG_separated"": -33.864112854003906, ""dSASA_int"": 1183.0540771484375, ""delta_unsatHbonds"": 6.0, ""hbonds_int"": 0.0, ""nres_int"": 40.0, ""packstat"": 0.49630242586135864, ""sc_value"": 0.7643308639526367}, ""B-D"": {""dG_dSASA_ratio"": -2.9869837760925293, ""dG_separated"": -53.988494873046875, ""dSASA_int"": 1807.4586181640625, ""delta_unsatHbonds"": 16.0, ""hbonds_int"": 6.0, ""nres_int"": 76.0, ""packstat"": 0.6479235291481018, ""sc_value"": 0.6809163093566895}, ""C-D"": {""dG_dSASA_ratio"": -2.680490493774414, ""dG_separated"": -32.0474853515625, ""dSASA_int"": 1195.5828857421875, ""delta_unsatHbonds"": 3.0, ""hbonds_int"": 8.0, ""nres_int"": 48.0, ""packstat"": 0.5557013154029846, ""sc_value"": 0.7221159934997559}}"
ova_body_c4_12_ms25_r03	AF3	123	7123	0	0	A-B,A-C,A-D,B-C,B-D,C-D	6	3	1	"{""A-B"": 27, ""A-C"": 64, ""A-D"": 36, ""B-C"": 36, ""B-D"": 67, ""C-D"": 24}"	A-D,B-C	A-B,A-C,B-D,C-D	0.24491694429640337	0.7373571395874023	0.0	-2.2367594242095947	3.339967128314243	0.598450243473053	0.0	-2.2367594242095947	9.324676629246639	"{""A-B"": {""dG_dSASA_ratio"": -2.818498134613037, ""dG_separated"": -31.90641212463379, ""dSASA_int"": 1132.0360107421875, ""delta_unsatHbonds"": 0.0, ""hbonds_int"": 7.0, ""nres_int"": 48.0, ""packstat"": 0.5868133306503296, ""sc_value"": 0.7347248792648315}, ""A-C"": {""dG_dSASA_ratio"": -2.9472124576568604, ""dG_separated"": -47.317447662353516, ""dSASA_int"": 1605.4984130859375, ""delta_unsatHbonds"": 12.0, ""hbonds_int"": 5.0, ""nres_int"": 67.0, ""packstat"": 0.633919894695282, ""sc_value"": 0.598450243473053}, ""A-D"": {""dG_dSASA_ratio"": -2.4043853282928467, ""dG_separated"": -29.523578643798828, ""dSASA_int"": 1227.905517578125, ""delta_unsatHbonds"": 4.0, ""hbonds_int"": 1.0, ""nres_int"": 40.0, ""packstat"": 0.5134264230728149, ""sc_value"": 0.7472995519638062}, ""B-C"": {""dG_dSASA_ratio"": -2.2367594242095947, ""dG_separated"": -26.78780174255371, ""dSASA_int"": 1197.6165771484375, ""delta_unsatHbonds"": 4.0, ""hbonds_int"": 0.0, ""nres_int"": 40.0, ""packstat"": 0.5881001949310303, ""sc_value"": 0.7373571395874023}, ""B-D"": {""dG_dSASA_ratio"": -2.9381322860717773, ""dG_separated"": -50.41474533081055, ""dSASA_int"": 1715.877197265625, ""delta_unsatHbonds"": 16.0, ""hbonds_int"": 6.0, ""nres_int"": 77.0, ""packstat"": 0.5297706723213196, ""sc_value"": 0.6358650922775269}, ""C-D"": {""dG_dSASA_ratio"": -2.49332857131958, ""dG_separated"": -26.572032928466797, ""dSASA_int"": 1065.725341796875, ""delta_unsatHbonds"": 1.0, ""hbonds_int"": 5.0, ""nres_int"": 47.0, ""packstat"": 0.599137544631958, ""sc_value"": 0.7123359441757202}}"
ova_body_c4_12_ms25_r03	AF3	124	7124	0	0	A-B,A-C,A-D,B-C,B-D,C-D	6	3	1	"{""A-B"": 27, ""A-C"": 60, ""A-D"": 37, ""B-C"": 36, ""B-D"": 72, ""C-D"": 24}"	A-D,B-C	A-B,A-C,B-D,C-D	0.23430158712036778	0.7566890120506287	0.0	-2.3159258365631104	3.3383899563038497	0.5702138543128967	0.0	-2.3159258365631104	9.546031580650203	"{""A-B"": {""dG_dSASA_ratio"": -2.53607439994812, ""dG_separated"": -27.631988525390625, ""dSASA_int"": 1089.5574951171875, ""delta_unsatHbonds"": 0.0, ""hbonds_int"": 6.0, ""nres_int"": 47.0, ""packstat"": 0.5862885117530823, ""sc_value"": 0.7166974544525146}, ""A-C"": {""dG_dSASA_ratio"": -2.8191652297973633, ""dG_separated"": -45.111053466796875, ""dSASA_int"": 1600.1563720703125, ""delta_unsatHbonds"": 9.0, ""hbonds_int"": 4.0, ""nres_int"": 67.0, ""packstat"": 0.547843337059021, ""sc_value"": 0.5702138543128967}, ""A-D"": {""dG_dSASA_ratio"": -2.3159258365631104, ""dG_separated"": -28.281604766845703, ""dSASA_int"": 1221.17919921875, ""delta_unsatHbonds"": 4.0, ""hbonds_int"": 0.0, ""nres_int"": 40.0, ""packstat"": 0.534279465675354, ""sc_value"": 0.7569071054458618}, ""B-C"": {""dG_dSASA_ratio"": -2.339984178543091, ""dG_separated"": -28.03727912902832, ""dSASA_int"": 1198.182373046875, ""delta_unsatHbonds"": 4.0, ""hbonds_int"": 0.0, ""nres_int"": 40.0, ""packstat"": 0.5452661514282227, ""sc_value"": 0.7566890120506287}, ""B-D"": {""dG_dSASA_ratio"": -3.0477943420410156, ""dG_separated"": -54.276485443115234, ""dSASA_int"": 1780.8447265625, ""delta_unsatHbonds"": 17.0, ""hbonds_int"": 7.0, ""nres_int"": 77.0, ""packstat"": 0.5515882968902588, ""sc_value"": 0.7043256759643555}, ""C-D"": {""dG_dSASA_ratio"": -2.3785786628723145, ""dG_separated"": -25.49394416809082, ""dSASA_int"": 1071.814208984375, ""delta_unsatHbonds"": 1.0, ""hbonds_int"": 4.0, ""nres_int"": 47.0, ""packstat"": 0.5894040465354919, ""sc_value"": 0.6916306018829346}}"
ova_body_c4_12_ms25_r03	AF3	125	7125	0	0	A-B,A-C,A-D,B-C,B-D,C-D	6	3	1	"{""A-B"": 28, ""A-C"": 66, ""A-D"": 36, ""B-C"": 36, ""B-D"": 68, ""C-D"": 26}"	A-D,B-C	A-B,A-C,B-D,C-D	0.22249719067465623	0.6583200693130493	0.0	-2.3253018856048584	3.7308324611206904	0.6119793653488159	0.0	-2.3253018856048584	10.287729348773114	"{""A-B"": {""dG_dSASA_ratio"": -2.7689878940582275, ""dG_separated"": -31.449478149414062, ""dSASA_int"": 1135.775146484375, ""delta_unsatHbonds"": 1.0, ""hbonds_int"": 8.0, ""nres_int"": 48.0, ""packstat"": 0.5713934898376465, ""sc_value"": 0.7308514714241028}, ""A-C"": {""dG_dSASA_ratio"": -2.908689260482788, ""dG_separated"": -49.44175338745117, ""dSASA_int"": 1699.7950439453125, ""delta_unsatHbonds"": 13.0, ""hbonds_int"": 6.0, ""nres_int"": 70.0, ""packstat"": 0.568766713142395, ""sc_value"": 0.6119793653488159}, ""A-D"": {""dG_dSASA_ratio"": -2.3253018856048584, ""dG_separated"": -31.163311004638672, ""dSASA_int"": 1340.1834716796875, ""delta_unsatHbonds"": 5.0, ""hbonds_int"": 2.0, ""nres_int"": 40.0, ""packstat"": 0.4671803414821625, ""sc_value"": 0.6583200693130493}, ""B-C"": {""dG_dSASA_ratio"": -2.8993213176727295, ""dG_separated"": -32.906768798828125, ""dSASA_int"": 1134.9818115234375, ""delta_unsatHbonds"": 4.0, ""hbonds_int"": 0.0, ""nres_int"": 40.0, ""packstat"": 0.4549854099750519, ""sc_value"": 0.770261287689209}, ""B-D"": {""dG_dSASA_ratio"": -3.0173656940460205, ""dG_separated"": -52.79356002807617, ""dSASA_int"": 1749.6572265625, ""delta_unsatHbonds"": 18.0, ""hbonds_int"": 6.0, ""nres_int"": 77.0, ""packstat"": 0.5887414813041687, ""sc_value"": 0.6766040325164795}, ""C-D"": {""dG_dSASA_ratio"": -2.3996105194091797, ""dG_separated"": -26.175045013427734, ""dSASA_int"": 1090.8038330078125, ""delta_unsatHbonds"": 2.0, ""hbonds_int"": 4.0, ""nres_int"": 48.0, ""packstat"": 0.642333447933197, ""sc_value"": 0.7027969360351562}}"
ova_body_c4_12_ms25_r03	AF3	126	7126	0	0	A-B,A-C,A-D,B-C,B-D,C-D	6	3	1	"{""A-B"": 28, ""A-C"": 73, ""A-D"": 36, ""B-C"": 36, ""B-D"": 71, ""C-D"": 26}"	A-D,B-C	A-B,A-C,B-D,C-D	0.21597898070618055	0.6276519298553467	0.0	-2.6321723461151123	6.635354199086951	0.6124117374420166	0.0	-2.6321723461151123	10.834640723152125	"{""A-B"": {""dG_dSASA_ratio"": -2.7211544513702393, ""dG_separated"": -29.84506607055664, ""dSASA_int"": 1096.779541015625, ""delta_unsatHbonds"": 0.0, ""hbonds_int"": 7.0, ""nres_int"": 48.0, ""packstat"": 0.5862189531326294, ""sc_value"": 0.7342755794525146}, ""A-C"": {""dG_dSASA_ratio"": -2.8395652770996094, ""dG_separated"": -50.41887283325195, ""dSASA_int"": 1775.5841064453125, ""delta_unsatHbonds"": 9.0, ""hbonds_int"": 6.0, ""nres_int"": 74.0, ""packstat"": 0.6551827192306519, ""sc_value"": 0.6505983471870422}, ""A-D"": {""dG_dSASA_ratio"": -2.7972123622894287, ""dG_separated"": -33.439544677734375, ""dSASA_int"": 1195.459716796875, ""delta_unsatHbonds"": 4.0, ""hbonds_int"": 0.0, ""nres_int"": 40.0, ""packstat"": 0.5812069773674011, ""sc_value"": 0.7670810222625732}, ""B-C"": {""dG_dSASA_ratio"": -2.6321723461151123, ""dG_separated"": -31.735124588012695, ""dSASA_int"": 1205.662841796875, ""delta_unsatHbonds"": 8.0, ""hbonds_int"": 0.0, ""nres_int"": 41.0, ""packstat"": 0.5855071544647217, ""sc_value"": 0.6276519298553467}, ""B-D"": {""dG_dSASA_ratio"": -2.9292707443237305, ""dG_separated"": -51.36870574951172, ""dSASA_int"": 1753.634521484375, ""delta_unsatHbonds"": 19.0, ""hbonds_int"": 5.0, ""nres_int"": 73.0, ""packstat"": 0.593334972858429, ""sc_value"": 0.6124117374420166}, ""C-D"": {""dG_dSASA_ratio"": -2.7798213958740234, ""dG_separated"": -32.45477294921875, ""dSASA_int"": 1167.5128173828125, ""delta_unsatHbonds"": 1.0, ""hbonds_int"": 8.0, ""nres_int"": 48.0, ""packstat"": 0.6300671696662903, ""sc_value"": 0.738301157951355}}"
ova_body_c4_12_ms25_r03	AF3	127	7127	0	0	A-B,A-C,A-D,B-C,B-D,C-D	6	3	1	"{""A-B"": 25, ""A-C"": 71, ""A-D"": 33, ""B-C"": 35, ""B-D"": 69, ""C-D"": 27}"	A-D,B-C	A-B,A-C,B-D,C-D	0.22949509039724567	0.6438694596290588	0.0	-2.1411027908325195	5.031845216706562	0.6438694596290588	0.0	-2.1411027908325195	8.169099097693772	"{""A-B"": {""dG_dSASA_ratio"": -2.5835561752319336, ""dG_separated"": -26.29499626159668, ""dSASA_int"": 1017.7830200195312, ""delta_unsatHbonds"": 3.0, ""hbonds_int"": 5.0, ""nres_int"": 47.0, ""packstat"": 0.5889896154403687, ""sc_value"": 0.7306146621704102}, ""A-C"": {""dG_dSASA_ratio"": -2.996694564819336, ""dG_separated"": -51.95631790161133, ""dSASA_int"": 1733.7874755859375, ""delta_unsatHbonds"": 14.0, ""hbonds_int"": 6.0, ""nres_int"": 74.0, ""packstat"": 0.5743910670280457, ""sc_value"": 0.6736680865287781}, ""A-D"": {""dG_dSASA_ratio"": -2.1928482055664062, ""dG_separated"": -29.269367218017578, ""dSASA_int"": 1334.764892578125, ""delta_unsatHbonds"": 4.0, ""hbonds_int"": 1.0, ""nres_int"": 41.0, ""packstat"": 0.436165988445282, ""sc_value"": 0.6438694596290588}, ""B-C"": {""dG_dSASA_ratio"": -2.1411027908325195, ""dG_separated"": -25.530628204345703, ""dSASA_int"": 1192.405517578125, ""delta_unsatHbonds"": 6.0, ""hbonds_int"": 0.0, ""nres_int"": 40.0, ""packstat"": 0.5364097356796265, ""sc_value"": 0.7313191890716553}, ""B-D"": {""dG_dSASA_ratio"": -2.9815850257873535, ""dG_separated"": -51.0976676940918, ""dSASA_int"": 1713.7752685546875, ""delta_unsatHbonds"": 14.0, ""hbonds_int"": 6.0, ""nres_int"": 76.0, ""packstat"": 0.58527672290802, ""sc_value"": 0.6864500641822815}, ""C-D"": {""dG_dSASA_ratio"": -2.6499853134155273, ""dG_separated"": -31.133214950561523, ""dSASA_int"": 1174.8447265625, ""delta_unsatHbonds"": 1.0, ""hbonds_int"": 8.0, ""nres_int"": 48.0, ""packstat"": 0.6459639668464661, ""sc_value"": 0.7251279950141907}}"
ova_body_c4_12_ms25_r03	AF3	128	7128	0	0	A-B,A-C,A-D,B-C,B-D,C-D	6	3	1	"{""A-B"": 25, ""A-C"": 61, ""A-D"": 37, ""B-C"": 34, ""B-D"": 73, ""C-D"": 29}"	A-D,B-C	A-B,A-C,B-D,C-D	0.22572791614563584	0.6991791725158691	0.0	-2.7978391647338867	3.4340899027717007	0.5618796348571777	0.0	-2.619387149810791	7.878289873641539	"{""A-B"": {""dG_dSASA_ratio"": -2.619387149810791, ""dG_separated"": -29.751285552978516, ""dSASA_int"": 1135.8109130859375, ""delta_unsatHbonds"": 2.0, ""hbonds_int"": 6.0, ""nres_int"": 48.0, ""packstat"": 0.5985044836997986, ""sc_value"": 0.7261596918106079}, ""A-C"": {""dG_dSASA_ratio"": -2.7401819229125977, ""dG_separated"": -44.162353515625, ""dSASA_int"": 1611.65771484375, ""delta_unsatHbonds"": 5.0, ""hbonds_int"": 4.0, ""nres_int"": 68.0, ""packstat"": 0.6639655232429504, ""sc_value"": 0.5618796348571777}, ""A-D"": {""dG_dSASA_ratio"": -2.8408944606781006, ""dG_separated"": -33.09050750732422, ""dSASA_int"": 1164.7918701171875, ""delta_unsatHbonds"": 4.0, ""hbonds_int"": 0.0, ""nres_int"": 40.0, ""packstat"": 0.5423362255096436, ""sc_value"": 0.789635419845581}, ""B-C"": {""dG_dSASA_ratio"": -2.7978391647338867, ""dG_separated"": -35.03730010986328, ""dSASA_int"": 1252.298583984375, ""delta_unsatHbonds"": 4.0, ""hbonds_int"": 0.0, ""nres_int"": 40.0, ""packstat"": 0.4797944128513336, ""sc_value"": 0.6991791725158691}, ""B-D"": {""dG_dSASA_ratio"": -2.9486844539642334, ""dG_separated"": -52.399166107177734, ""dSASA_int"": 1777.035400390625, ""delta_unsatHbonds"": 14.0, ""hbonds_int"": 5.0, ""nres_int"": 77.0, ""packstat"": 0.5627776384353638, ""sc_value"": 0.6568610668182373}, ""C-D"": {""dG_dSASA_ratio"": -2.8075435161590576, ""dG_separated"": -32.82244873046875, ""dSASA_int"": 1169.0806884765625, ""delta_unsatHbonds"": 1.0, ""hbonds_int"": 8.0, ""nres_int"": 48.0, ""packstat"": 0.6094039678573608, ""sc_value"": 0.7238912582397461}}"
ova_body_c4_12_ms25_r03	AF3	129	7129	0	0	A-B,A-C,A-D,B-C,B-D,C-D	6	3	1	"{""A-B"": 27, ""A-C"": 67, ""A-D"": 36, ""B-C"": 35, ""B-D"": 71, ""C-D"": 27}"	A-D,B-C	A-B,A-C,B-D,C-D	0.21425531802848058	0.6117621660232544	0.0	-1.142885446548462	3.0952020212515543	0.6117621660232544	0.0	-1.142885446548462	9.238071918987567	"{""A-B"": {""dG_dSASA_ratio"": -2.9407665729522705, ""dG_separated"": -33.28632736206055, ""dSASA_int"": 1131.8929443359375, ""delta_unsatHbonds"": 2.0, ""hbonds_int"": 8.0, ""nres_int"": 48.0, ""packstat"": 0.5981268882751465, ""sc_value"": 0.7436058521270752}, ""A-C"": {""dG_dSASA_ratio"": -2.7114784717559814, ""dG_separated"": -46.9618034362793, ""dSASA_int"": 1731.963134765625, ""delta_unsatHbonds"": 16.0, ""hbonds_int"": 6.0, ""nres_int"": 71.0, ""packstat"": 0.5970659255981445, ""sc_value"": 0.6653909683227539}, ""A-D"": {""dG_dSASA_ratio"": -2.9705448150634766, ""dG_separated"": -37.22197341918945, ""dSASA_int"": 1253.0352783203125, ""delta_unsatHbonds"": 3.0, ""hbonds_int"": 0.0, ""nres_int"": 41.0, ""packstat"": 0.5039153695106506, ""sc_value"": 0.6117621660232544}, ""B-C"": {""dG_dSASA_ratio"": -1.142885446548462, ""dG_separated"": -14.769768714904785, ""dSASA_int"": 1292.32275390625, ""delta_unsatHbonds"": 4.0, ""hbonds_int"": 0.0, ""nres_int"": 40.0, ""packstat"": 0.5828901529312134, ""sc_value"": 0.748038649559021}, ""B-D"": {""dG_dSASA_ratio"": -3.001685857772827, ""dG_separated"": -53.032379150390625, ""dSASA_int"": 1766.7530517578125, ""delta_unsatHbonds"": 16.0, ""hbonds_int"": 5.0, ""nres_int"": 76.0, ""packstat"": 0.5290107131004333, ""sc_value"": 0.6516027450561523}, ""C-D"": {""dG_dSASA_ratio"": -2.681328535079956, ""dG_separated"": -30.863088607788086, ""dSASA_int"": 1151.0372314453125, ""delta_unsatHbonds"": 5.0, ""hbonds_int"": 7.0, ""nres_int"": 48.0, ""packstat"": 0.5465404391288757, ""sc_value"": 0.7065575122833252}}"
ova_body_c4_12_ms25_r03	AF3	130	7130	0	0	A-B,A-C,A-D,B-C,B-D,C-D	6	3	1	"{""A-B"": 25, ""A-C"": 72, ""A-D"": 37, ""B-C"": 37, ""B-D"": 71, ""C-D"": 27}"	A-D,B-C	A-B,A-C,B-D,C-D	0.22910319564587547	0.7642029523849487	0.0	-2.8087828159332275	3.4279990990622484	0.6401341557502747	0.0	-2.7216291427612305	9.05042550574963	"{""A-B"": {""dG_dSASA_ratio"": -2.7355501651763916, ""dG_separated"": -31.107959747314453, ""dSASA_int"": 1137.1737060546875, ""delta_unsatHbonds"": 0.0, ""hbonds_int"": 8.0, ""nres_int"": 48.0, ""packstat"": 0.6154506802558899, ""sc_value"": 0.7276163101196289}, ""A-C"": {""dG_dSASA_ratio"": -2.91330885887146, ""dG_separated"": -51.48429870605469, ""dSASA_int"": 1767.2103271484375, ""delta_unsatHbonds"": 13.0, ""hbonds_int"": 5.0, ""nres_int"": 72.0, ""packstat"": 0.5823598504066467, ""sc_value"": 0.648445725440979}, ""A-D"": {""dG_dSASA_ratio"": -2.8087828159332275, ""dG_separated"": -33.97311019897461, ""dSASA_int"": 1209.531494140625, ""delta_unsatHbonds"": 2.0, ""hbonds_int"": 0.0, ""nres_int"": 40.0, ""packstat"": 0.5296545624732971, ""sc_value"": 0.7642029523849487}, ""B-C"": {""dG_dSASA_ratio"": -2.9011409282684326, ""dG_separated"": -33.852294921875, ""dSASA_int"": 1166.8614501953125, ""delta_unsatHbonds"": 4.0, ""hbonds_int"": 0.0, ""nres_int"": 40.0, ""packstat"": 0.6146315932273865, ""sc_value"": 0.7700892090797424}, ""B-D"": {""dG_dSASA_ratio"": -2.9265053272247314, ""dG_separated"": -51.73689270019531, ""dSASA_int"": 1767.8726806640625, ""delta_unsatHbonds"": 16.0, ""hbonds_int"": 5.0, ""nres_int"": 76.0, ""packstat"": 0.6306987404823303, ""sc_value"": 0.6401341557502747}, ""C-D"": {""dG_dSASA_ratio"": -2.7216291427612305, ""dG_separated"": -31.56378746032715, ""dSASA_int"": 1159.73876953125, ""delta_unsatHbonds"": 1.0, ""hbonds_int"": 8.0, ""nres_int"": 48.0, ""packstat"": 0.5820890069007874, ""sc_value"": 0.7407509088516235}}"
ova_body_c4_12_ms25_r03	AF3	131	7131	0	0	A-B,A-C,A-D,B-C,B-D,C-D	6	3	1	"{""A-B"": 25, ""A-C"": 69, ""A-D"": 37, ""B-C"": 35, ""B-D"": 71, ""C-D"": 27}"	A-D,B-C	A-B,A-C,B-D,C-D	0.21105252956680814	0.7384275794029236	0.0	-2.0934834480285645	3.333665668981486	0.6130499839782715	0.0	-2.0934834480285645	11.414962016546678	"{""A-B"": {""dG_dSASA_ratio"": -2.766995906829834, ""dG_separated"": -29.897571563720703, ""dSASA_int"": 1080.5064697265625, ""delta_unsatHbonds"": 0.0, ""hbonds_int"": 6.0, ""nres_int"": 47.0, ""packstat"": 0.6218631267547607, ""sc_value"": 0.7239152193069458}, ""A-C"": {""dG_dSASA_ratio"": -2.867331027984619, ""dG_separated"": -48.575748443603516, ""dSASA_int"": 1694.1102294921875, ""delta_unsatHbonds"": 13.0, ""hbonds_int"": 6.0, ""nres_int"": 70.0, ""packstat"": 0.5949690937995911, ""sc_value"": 0.6130499839782715}, ""A-D"": {""dG_dSASA_ratio"": -2.892970561981201, ""dG_separated"": -34.712188720703125, ""dSASA_int"": 1199.88037109375, ""delta_unsatHbonds"": 4.0, ""hbonds_int"": 0.0, ""nres_int"": 40.0, ""packstat"": 0.49242958426475525, ""sc_value"": 0.7721299529075623}, ""B-C"": {""dG_dSASA_ratio"": -2.0934834480285645, ""dG_separated"": -25.423986434936523, ""dSASA_int"": 1214.4344482421875, ""delta_unsatHbonds"": 4.0, ""hbonds_int"": 0.0, ""nres_int"": 40.0, ""packstat"": 0.517147421836853, ""sc_value"": 0.7384275794029236}, ""B-D"": {""dG_dSASA_ratio"": -2.925947427749634, ""dG_separated"": -51.26512908935547, ""dSASA_int"": 1752.08642578125, ""delta_unsatHbonds"": 20.0, ""hbonds_int"": 6.0, ""nres_int"": 72.0, ""packstat"": 0.567397952079773, ""sc_value"": 0.6435937881469727}, ""C-D"": {""dG_dSASA_ratio"": -2.678490400314331, ""dG_separated"": -30.86001968383789, ""dSASA_int"": 1152.142333984375, ""delta_unsatHbonds"": 1.0, ""hbonds_int"": 7.0, ""nres_int"": 48.0, ""packstat"": 0.6294744610786438, ""sc_value"": 0.7239842414855957}}"
ova_body_c4_12_ms25_r03	AF3	132	7132	0	0	A-B,A-C,A-D,B-C,B-D,C-D	6	3	1	"{""A-B"": 25, ""A-C"": 69, ""A-D"": 36, ""B-C"": 33, ""B-D"": 69, ""C-D"": 28}"	A-D,B-C	A-B,A-C,B-D,C-D	0.21971230405511794	0.6140480041503906	0.0	-2.6744470596313477	3.362353401114662	0.6140480041503906	0.0	-2.653089761734009	8.12433013308436	"{""A-B"": {""dG_dSASA_ratio"": -2.7102391719818115, ""dG_separated"": -29.651365280151367, ""dSASA_int"": 1094.0498046875, ""delta_unsatHbonds"": 0.0, ""hbonds_int"": 7.0, ""nres_int"": 48.0, ""packstat"": 0.5493856072425842, ""sc_value"": 0.7136625647544861}, ""A-C"": {""dG_dSASA_ratio"": -3.0926032066345215, ""dG_separated"": -53.292327880859375, ""dSASA_int"": 1723.218994140625, ""delta_unsatHbonds"": 14.0, ""hbonds_int"": 6.0, ""nres_int"": 75.0, ""packstat"": 0.579612672328949, ""sc_value"": 0.6543823480606079}, ""A-D"": {""dG_dSASA_ratio"": -2.9973385334014893, ""dG_separated"": -35.65762710571289, ""dSASA_int"": 1189.6429443359375, ""delta_unsatHbonds"": 4.0, ""hbonds_int"": 1.0, ""nres_int"": 40.0, ""packstat"": 0.44248515367507935, ""sc_value"": 0.7333816289901733}, ""B-C"": {""dG_dSASA_ratio"": -2.6744470596313477, ""dG_separated"": -33.15980911254883, ""dSASA_int"": 1239.8753662109375, ""delta_unsatHbonds"": 4.0, ""hbonds_int"": 0.0, ""nres_int"": 41.0, ""packstat"": 0.5710152387619019, ""sc_value"": 0.6140480041503906}, ""B-D"": {""dG_dSASA_ratio"": -2.781881809234619, ""dG_separated"": -49.24905014038086, ""dSASA_int"": 1770.35009765625, ""delta_unsatHbonds"": 12.0, ""hbonds_int"": 6.0, ""nres_int"": 75.0, ""packstat"": 0.6262743473052979, ""sc_value"": 0.640311062335968}, ""C-D"": {""dG_dSASA_ratio"": -2.653089761734009, ""dG_separated"": -31.560096740722656, ""dSASA_int"": 1189.56005859375, ""delta_unsatHbonds"": 1.0, ""hbonds_int"": 8.0, ""nres_int"": 48.0, ""packstat"": 0.5727409720420837, ""sc_value"": 0.7284756898880005}}"
ova_body_c4_12_ms25_r03	AF3	133	7133	0	0	A-B,A-C,A-D,B-C,B-D,C-D	6	3	1	"{""A-B"": 26, ""A-C"": 67, ""A-D"": 34, ""B-C"": 37, ""B-D"": 71, ""C-D"": 25}"	A-D,B-C	A-B,A-C,B-D,C-D	0.21593378845857406	0.7203459739685059	0.0	-2.0793516635894775	4.997879419447986	0.6109548211097717	0.0	-2.0793516635894775	13.309461220272233	"{""A-B"": {""dG_dSASA_ratio"": -2.8535640239715576, ""dG_separated"": -32.12919998168945, ""dSASA_int"": 1125.932373046875, ""delta_unsatHbonds"": 0.0, ""hbonds_int"": 8.0, ""nres_int"": 48.0, ""packstat"": 0.5668087601661682, ""sc_value"": 0.7342213988304138}, ""A-C"": {""dG_dSASA_ratio"": -3.0207722187042236, ""dG_separated"": -49.9321403503418, ""dSASA_int"": 1652.95947265625, ""delta_unsatHbonds"": 22.0, ""hbonds_int"": 5.0, ""nres_int"": 71.0, ""packstat"": 0.6187891960144043, ""sc_value"": 0.6109548211097717}, ""A-D"": {""dG_dSASA_ratio"": -2.0793516635894775, ""dG_separated"": -24.962804794311523, ""dSASA_int"": 1200.5091552734375, ""delta_unsatHbonds"": 6.0, ""hbonds_int"": 0.0, ""nres_int"": 40.0, ""packstat"": 0.5486826300621033, ""sc_value"": 0.7203459739685059}, ""B-C"": {""dG_dSASA_ratio"": -2.888437032699585, ""dG_separated"": -33.78472137451172, ""dSASA_int"": 1169.654052734375, ""delta_unsatHbonds"": 4.0, ""hbonds_int"": 0.0, ""nres_int"": 40.0, ""packstat"": 0.5473311543464661, ""sc_value"": 0.7546969652175903}, ""B-D"": {""dG_dSASA_ratio"": -2.9831745624542236, ""dG_separated"": -52.27406692504883, ""dSASA_int"": 1752.2965087890625, ""delta_unsatHbonds"": 15.0, ""hbonds_int"": 6.0, ""nres_int"": 76.0, ""packstat"": 0.611839771270752, ""sc_value"": 0.6812130212783813}, ""C-D"": {""dG_dSASA_ratio"": -2.551401376724243, ""dG_separated"": -28.390655517578125, ""dSASA_int"": 1112.74755859375, ""delta_unsatHbonds"": 3.0, ""hbonds_int"": 4.0, ""nres_int"": 48.0, ""packstat"": 0.5863644480705261, ""sc_value"": 0.7339973449707031}}"
ova_body_c4_12_ms25_r03	AF3	134	7134	0	0	A-B,A-C,A-D,B-C,B-D,C-D	6	3	1	"{""A-B"": 27, ""A-C"": 66, ""A-D"": 37, ""B-C"": 35, ""B-D"": 68, ""C-D"": 25}"	A-D,B-C	A-B,A-C,B-D,C-D	0.22449670514074618	0.7482746839523315	0.0	-2.9896209239959717	5.199638420326321	0.6240234375	0.0	-2.3613836765289307	10.754932735720372	"{""A-B"": {""dG_dSASA_ratio"": -2.8366751670837402, ""dG_separated"": -32.09065246582031, ""dSASA_int"": 1131.2769775390625, ""delta_unsatHbonds"": 0.0, ""hbonds_int"": 8.0, ""nres_int"": 48.0, ""packstat"": 0.5911418199539185, ""sc_value"": 0.7308492660522461}, ""A-C"": {""dG_dSASA_ratio"": -2.907514810562134, ""dG_separated"": -48.66163635253906, ""dSASA_int"": 1673.650634765625, ""delta_unsatHbonds"": 18.0, ""hbonds_int"": 4.0, ""nres_int"": 70.0, ""packstat"": 0.5345287919044495, ""sc_value"": 0.6240234375}, ""A-D"": {""dG_dSASA_ratio"": -3.006330966949463, ""dG_separated"": -35.53866958618164, ""dSASA_int"": 1182.127685546875, ""delta_unsatHbonds"": 2.0, ""hbonds_int"": 1.0, ""nres_int"": 38.0, ""packstat"": 0.6336360573768616, ""sc_value"": 0.7482746839523315}, ""B-C"": {""dG_dSASA_ratio"": -2.9896209239959717, ""dG_separated"": -34.498023986816406, ""dSASA_int"": 1153.9263916015625, ""delta_unsatHbonds"": 6.0, ""hbonds_int"": 0.0, ""nres_int"": 40.0, ""packstat"": 0.5335196852684021, ""sc_value"": 0.78349769115448}, ""B-D"": {""dG_dSASA_ratio"": -2.962514638900757, ""dG_separated"": -51.08949279785156, ""dSASA_int"": 1724.5313720703125, ""delta_unsatHbonds"": 15.0, ""hbonds_int"": 5.0, ""nres_int"": 76.0, ""packstat"": 0.616949737071991, ""sc_value"": 0.6608145236968994}, ""C-D"": {""dG_dSASA_ratio"": -2.3613836765289307, ""dG_separated"": -26.81801986694336, ""dSASA_int"": 1135.69091796875, ""delta_unsatHbonds"": 2.0, ""hbonds_int"": 4.0, ""nres_int"": 48.0, ""packstat"": 0.5574267506599426, ""sc_value"": 0.7006291151046753}}"
ova_body_c4_12_ms25_r03	AF3	135	7135	0	0	A-B,A-C,A-D,B-C,B-D,C-D	6	3	1	"{""A-B"": 27, ""A-C"": 67, ""A-D"": 35, ""B-C"": 35, ""B-D"": 67, ""C-D"": 25}"	A-D,B-C	A-B,A-C,B-D,C-D	0.21588005255062076	0.6963735818862915	0.0	-2.522146701812744	4.74595314124415	0.6571326851844788	0.0	-2.1785542964935303	10.477060966126897	"{""A-B"": {""dG_dSASA_ratio"": -2.1785542964935303, ""dG_separated"": -23.78809928894043, ""dSASA_int"": 1091.9212646484375, ""delta_unsatHbonds"": 3.0, ""hbonds_int"": 4.0, ""nres_int"": 48.0, ""packstat"": 0.6426404714584351, ""sc_value"": 0.7302272319793701}, ""A-C"": {""dG_dSASA_ratio"": -2.8768935203552246, ""dG_separated"": -50.06169128417969, ""dSASA_int"": 1740.1300048828125, ""delta_unsatHbonds"": 18.0, ""hbonds_int"": 5.0, ""nres_int"": 74.0, ""packstat"": 0.5976743102073669, ""sc_value"": 0.6681615114212036}, ""A-D"": {""dG_dSASA_ratio"": -3.0580434799194336, ""dG_separated"": -34.51008605957031, ""dSASA_int"": 1128.5020751953125, ""delta_unsatHbonds"": 2.0, ""hbonds_int"": 0.0, ""nres_int"": 38.0, ""packstat"": 0.5650845766067505, ""sc_value"": 0.7732694149017334}, ""B-C"": {""dG_dSASA_ratio"": -2.522146701812744, ""dG_separated"": -31.885862350463867, ""dSASA_int"": 1264.2349853515625, ""delta_unsatHbonds"": 6.0, ""hbonds_int"": 1.0, ""nres_int"": 40.0, ""packstat"": 0.5913475155830383, ""sc_value"": 0.6963735818862915}, ""B-D"": {""dG_dSASA_ratio"": -2.9642176628112793, ""dG_separated"": -50.92641830444336, ""dSASA_int"": 1718.0390625, ""delta_unsatHbonds"": 18.0, ""hbonds_int"": 7.0, ""nres_int"": 74.0, ""packstat"": 0.5670003890991211, ""sc_value"": 0.6571326851844788}, ""C-D"": {""dG_dSASA_ratio"": -2.634580135345459, ""dG_separated"": -29.76710319519043, ""dSASA_int"": 1129.8614501953125, ""delta_unsatHbonds"": 3.0, ""hbonds_int"": 6.0, ""nres_int"": 48.0, ""packstat"": 0.6118338108062744, ""sc_value"": 0.7354146242141724}}"
ova_body_c4_12_ms25_r03	AF3	136	7136	0	0	A-B,A-C,A-D,B-C,B-D,C-D	6	3	1	"{""A-B"": 24, ""A-C"": 72, ""A-D"": 33, ""B-C"": 32, ""B-D"": 66, ""C-D"": 25}"	A-D,B-C	A-B,A-C,B-D,C-D	0.2064739615386155	0.7218717336654663	0.0	-2.5496389865875244	3.5488175770439327	0.6219797134399414	0.0	-2.5496389865875244	10.204009607779229	"{""A-B"": {""dG_dSASA_ratio"": -2.6030077934265137, ""dG_separated"": -26.498096466064453, ""dSASA_int"": 1017.9798583984375, ""delta_unsatHbonds"": 2.0, ""hbonds_int"": 4.0, ""nres_int"": 47.0, ""packstat"": 0.5526345372200012, ""sc_value"": 0.7006005048751831}, ""A-C"": {""dG_dSASA_ratio"": -2.9983155727386475, ""dG_separated"": -52.89065933227539, ""dSASA_int"": 1764.012451171875, ""delta_unsatHbonds"": 18.0, ""hbonds_int"": 6.0, ""nres_int"": 73.0, ""packstat"": 0.578050434589386, ""sc_value"": 0.6664261817932129}, ""A-D"": {""dG_dSASA_ratio"": -2.620471477508545, ""dG_separated"": -29.536277770996094, ""dSASA_int"": 1127.135986328125, ""delta_unsatHbonds"": 4.0, ""hbonds_int"": 0.0, ""nres_int"": 38.0, ""packstat"": 0.5501011610031128, ""sc_value"": 0.775502622127533}, ""B-C"": {""dG_dSASA_ratio"": -2.5496389865875244, ""dG_separated"": -28.79756736755371, ""dSASA_int"": 1129.476318359375, ""delta_unsatHbonds"": 2.0, ""hbonds_int"": 1.0, ""nres_int"": 38.0, ""packstat"": 0.5410154461860657, ""sc_value"": 0.7218717336654663}, ""B-D"": {""dG_dSASA_ratio"": -3.0001485347747803, ""dG_separated"": -50.28498840332031, ""dSASA_int"": 1676.0831298828125, ""delta_unsatHbonds"": 13.0, ""hbonds_int"": 6.0, ""nres_int"": 75.0, ""packstat"": 0.6360764503479004, ""sc_value"": 0.6219797134399414}, ""C-D"": {""dG_dSASA_ratio"": -2.5940909385681152, ""dG_separated"": -29.098052978515625, ""dSASA_int"": 1121.7052001953125, ""delta_unsatHbonds"": 3.0, ""hbonds_int"": 5.0, ""nres_int"": 48.0, ""packstat"": 0.545905351638794, ""sc_value"": 0.7297420501708984}}"
ova_body_c4_12_ms25_r03	AF3	137	7137	0	0	A-B,A-C,A-D,B-C,B-D,C-D	6	3	1	"{""A-B"": 26, ""A-C"": 68, ""A-D"": 38, ""B-C"": 38, ""B-D"": 70, ""C-D"": 26}"	A-D,B-C	A-B,A-C,B-D,C-D	0.22560512620571135	0.7734630107879639	0.0	-2.854681968688965	3.315102696556008	0.5913408994674683	0.0	-2.758066415786743	10.419180017774794	"{""A-B"": {""dG_dSASA_ratio"": -2.8147029876708984, ""dG_separated"": -32.08426284790039, ""dSASA_int"": 1139.880859375, ""delta_unsatHbonds"": 0.0, ""hbonds_int"": 8.0, ""nres_int"": 48.0, ""packstat"": 0.6361991167068481, ""sc_value"": 0.7222344279289246}, ""A-C"": {""dG_dSASA_ratio"": -3.021883487701416, ""dG_separated"": -49.30524444580078, ""dSASA_int"": 1631.6063232421875, ""delta_unsatHbonds"": 17.0, ""hbonds_int"": 4.0, ""nres_int"": 70.0, ""packstat"": 0.6233401894569397, ""sc_value"": 0.5913408994674683}, ""A-D"": {""dG_dSASA_ratio"": -2.9420502185821533, ""dG_separated"": -35.49875259399414, ""dSASA_int"": 1206.59912109375, ""delta_unsatHbonds"": 4.0, ""hbonds_int"": 0.0, ""nres_int"": 40.0, ""packstat"": 0.5269346833229065, ""sc_value"": 0.7739448547363281}, ""B-C"": {""dG_dSASA_ratio"": -2.854681968688965, ""dG_separated"": -34.854896545410156, ""dSASA_int"": 1220.9730224609375, ""delta_unsatHbonds"": 4.0, ""hbonds_int"": 0.0, ""nres_int"": 40.0, ""packstat"": 0.6566857099533081, ""sc_value"": 0.7734630107879639}, ""B-D"": {""dG_dSASA_ratio"": -2.9071779251098633, ""dG_separated"": -51.08243942260742, ""dSASA_int"": 1757.1143798828125, ""delta_unsatHbonds"": 16.0, ""hbonds_int"": 4.0, ""nres_int"": 76.0, ""packstat"": 0.5840967297554016, ""sc_value"": 0.6178569793701172}, ""C-D"": {""dG_dSASA_ratio"": -2.758066415786743, ""dG_separated"": -32.24021530151367, ""dSASA_int"": 1168.9427490234375, ""delta_unsatHbonds"": 5.0, ""hbonds_int"": 8.0, ""nres_int"": 48.0, ""packstat"": 0.5621588826179504, ""sc_value"": 0.7334803342819214}}"
ova_body_c4_12_ms25_r03	AF3	138	7138	0	0	A-B,A-C,A-D,B-C,B-D,C-D	6	3	1	"{""A-B"": 27, ""A-C"": 69, ""A-D"": 36, ""B-C"": 36, ""B-D"": 74, ""C-D"": 28}"	A-D,B-C	A-B,A-C,B-D,C-D	0.22932305870011754	0.7647561430931091	0.0	-2.786608934402466	3.398564094224277	0.6243615746498108	0.0	-2.751911163330078	8.327283259414608	"{""A-B"": {""dG_dSASA_ratio"": -2.8017075061798096, ""dG_separated"": -32.009761810302734, ""dSASA_int"": 1142.509033203125, ""delta_unsatHbonds"": 2.0, ""hbonds_int"": 8.0, ""nres_int"": 48.0, ""packstat"": 0.519365668296814, ""sc_value"": 0.7168921828269958}, ""A-C"": {""dG_dSASA_ratio"": -2.9479103088378906, ""dG_separated"": -49.560874938964844, ""dSASA_int"": 1681.2205810546875, ""delta_unsatHbonds"": 14.0, ""hbonds_int"": 5.0, ""nres_int"": 71.0, ""packstat"": 0.5932145714759827, ""sc_value"": 0.6243615746498108}, ""A-D"": {""dG_dSASA_ratio"": -2.786608934402466, ""dG_separated"": -33.70606994628906, ""dSASA_int"": 1209.572998046875, ""delta_unsatHbonds"": 4.0, ""hbonds_int"": 0.0, ""nres_int"": 40.0, ""packstat"": 0.5174371600151062, ""sc_value"": 0.7725746035575867}, ""B-C"": {""dG_dSASA_ratio"": -2.8636531829833984, ""dG_separated"": -33.70427322387695, ""dSASA_int"": 1176.9676513671875, ""delta_unsatHbonds"": 4.0, ""hbonds_int"": 0.0, ""nres_int"": 40.0, ""packstat"": 0.4950781464576721, ""sc_value"": 0.7647561430931091}, ""B-D"": {""dG_dSASA_ratio"": -2.905703067779541, ""dG_separated"": -52.332054138183594, ""dSASA_int"": 1801.01171875, ""delta_unsatHbonds"": 14.0, ""hbonds_int"": 6.0, ""nres_int"": 76.0, ""packstat"": 0.6408759951591492, ""sc_value"": 0.6850278377532959}, ""C-D"": {""dG_dSASA_ratio"": -2.751911163330078, ""dG_separated"": -32.1021842956543, ""dSASA_int"": 1166.5413818359375, ""delta_unsatHbonds"": 3.0, ""hbonds_int"": 8.0, ""nres_int"": 48.0, ""packstat"": 0.5386053919792175, ""sc_value"": 0.732278048992157}}"
ova_body_c4_12_ms25_r03	AF3	139	7139	0	0	A-B,A-C,A-D,B-C,B-D,C-D	6	3	1	"{""A-B"": 26, ""A-C"": 71, ""A-D"": 36, ""B-C"": 37, ""B-D"": 70, ""C-D"": 28}"	A-D,B-C	A-B,A-C,B-D,C-D	0.21603102668581523	0.6582223176956177	0.0	-2.939326047897339	3.2380521724831968	0.6047555208206177	0.0	-2.6744742393493652	8.577597908205323	"{""A-B"": {""dG_dSASA_ratio"": -2.7836098670959473, ""dG_separated"": -31.797664642333984, ""dSASA_int"": 1142.317626953125, ""delta_unsatHbonds"": 0.0, ""hbonds_int"": 8.0, ""nres_int"": 48.0, ""packstat"": 0.5825551748275757, ""sc_value"": 0.7199059128761292}, ""A-C"": {""dG_dSASA_ratio"": -2.933462142944336, ""dG_separated"": -51.84906768798828, ""dSASA_int"": 1767.5042724609375, ""delta_unsatHbonds"": 14.0, ""hbonds_int"": 6.0, ""nres_int"": 72.0, ""packstat"": 0.6327108144760132, ""sc_value"": 0.6498133540153503}, ""A-D"": {""dG_dSASA_ratio"": -2.939326047897339, ""dG_separated"": -36.30980682373047, ""dSASA_int"": 1235.310546875, ""delta_unsatHbonds"": 4.0, ""hbonds_int"": 0.0, ""nres_int"": 41.0, ""packstat"": 0.42788422107696533, ""sc_value"": 0.6582223176956177}, ""B-C"": {""dG_dSASA_ratio"": -3.071666955947876, ""dG_separated"": -35.562278747558594, ""dSASA_int"": 1157.751708984375, ""delta_unsatHbonds"": 2.0, ""hbonds_int"": 0.0, ""nres_int"": 40.0, ""packstat"": 0.4419364035129547, ""sc_value"": 0.7315781116485596}, ""B-D"": {""dG_dSASA_ratio"": -2.9682724475860596, ""dG_separated"": -51.907405853271484, ""dSASA_int"": 1748.7413330078125, ""delta_unsatHbonds"": 15.0, ""hbonds_int"": 4.0, ""nres_int"": 76.0, ""packstat"": 0.6207301020622253, ""sc_value"": 0.6047555208206177}, ""C-D"": {""dG_dSASA_ratio"": -2.6744742393493652, ""dG_separated"": -31.799779891967773, ""dSASA_int"": 1189.010498046875, ""delta_unsatHbonds"": 1.0, ""hbonds_int"": 8.0, ""nres_int"": 48.0, ""packstat"": 0.5329803228378296, ""sc_value"": 0.7419291734695435}}"
ova_body_c4_12_ms25_r03	AF3	140	7140	0	0	A-B,A-C,A-D,B-C,B-D,C-D	6	3	1	"{""A-B"": 25, ""A-C"": 67, ""A-D"": 36, ""B-C"": 35, ""B-D"": 69, ""C-D"": 27}"	A-D,B-C	A-B,A-C,B-D,C-D	0.20482814793943538	0.7480278611183167	0.0	-2.181297540664673	3.331689247178338	0.6026913523674011	0.0	-2.181297540664673	11.52129146476513	"{""A-B"": {""dG_dSASA_ratio"": -2.706496477127075, ""dG_separated"": -30.600488662719727, ""dSASA_int"": 1130.6309814453125, ""delta_unsatHbonds"": 0.0, ""hbonds_int"": 7.0, ""nres_int"": 48.0, ""packstat"": 0.6015157103538513, ""sc_value"": 0.7362856864929199}, ""A-C"": {""dG_dSASA_ratio"": -2.939612865447998, ""dG_separated"": -49.92837142944336, ""dSASA_int"": 1698.4676513671875, ""delta_unsatHbonds"": 16.0, ""hbonds_int"": 5.0, ""nres_int"": 70.0, ""packstat"": 0.5420315861701965, ""sc_value"": 0.6026913523674011}, ""A-D"": {""dG_dSASA_ratio"": -2.664796829223633, ""dG_separated"": -31.508424758911133, ""dSASA_int"": 1182.39501953125, ""delta_unsatHbonds"": 2.0, ""hbonds_int"": 0.0, ""nres_int"": 40.0, ""packstat"": 0.4791354835033417, ""sc_value"": 0.7507001161575317}, ""B-C"": {""dG_dSASA_ratio"": -2.181297540664673, ""dG_separated"": -26.188486099243164, ""dSASA_int"": 1200.5921630859375, ""delta_unsatHbonds"": 4.0, ""hbonds_int"": 0.0, ""nres_int"": 40.0, ""packstat"": 0.5781106352806091, ""sc_value"": 0.7480278611183167}, ""B-D"": {""dG_dSASA_ratio"": -2.943995475769043, ""dG_separated"": -51.10530471801758, ""dSASA_int"": 1735.91650390625, ""delta_unsatHbonds"": 20.0, ""hbonds_int"": 5.0, ""nres_int"": 76.0, ""packstat"": 0.6023911237716675, ""sc_value"": 0.6462035179138184}, ""C-D"": {""dG_dSASA_ratio"": -2.669703245162964, ""dG_separated"": -30.86252212524414, ""dSASA_int"": 1156.0281982421875, ""delta_unsatHbonds"": 3.0, ""hbonds_int"": 7.0, ""nres_int"": 48.0, ""packstat"": 0.5782683491706848, ""sc_value"": 0.7165802121162415}}"
ova_body_c4_12_ms25_r03	AF3	141	7141	0	0	A-B,A-C,A-D,B-C,B-D,C-D	6	3	1	"{""A-B"": 25, ""A-C"": 63, ""A-D"": 33, ""B-C"": 38, ""B-D"": 62, ""C-D"": 28}"	A-D,B-C	A-B,A-C,B-D,C-D	0.217580077825175	0.699918270111084	1.0	-3.155317544937134	3.390271365522633	0.6069114208221436	1.0	-2.6453888416290283	9.442622875235154	"{""A-B"": {""dG_dSASA_ratio"": -2.6453888416290283, ""dG_separated"": -28.808589935302734, ""dSASA_int"": 1089.0115966796875, ""delta_unsatHbonds"": 2.0, ""hbonds_int"": 6.0, ""nres_int"": 48.0, ""packstat"": 0.6212157607078552, ""sc_value"": 0.7185978889465332}, ""A-C"": {""dG_dSASA_ratio"": -2.846125841140747, ""dG_separated"": -48.22602462768555, ""dSASA_int"": 1694.4444580078125, ""delta_unsatHbonds"": 16.0, ""hbonds_int"": 5.0, ""nres_int"": 73.0, ""packstat"": 0.5845304727554321, ""sc_value"": 0.6069114208221436}, ""A-D"": {""dG_dSASA_ratio"": -3.2409849166870117, ""dG_separated"": -36.88041305541992, ""dSASA_int"": 1137.9383544921875, ""delta_unsatHbonds"": 0.0, ""hbonds_int"": 2.0, ""nres_int"": 38.0, ""packstat"": 0.4844287931919098, ""sc_value"": 0.7546971440315247}, ""B-C"": {""dG_dSASA_ratio"": -3.155317544937134, ""dG_separated"": -37.2279052734375, ""dSASA_int"": 1179.8465576171875, ""delta_unsatHbonds"": 4.0, ""hbonds_int"": 1.0, ""nres_int"": 41.0, ""packstat"": 0.5314088463783264, ""sc_value"": 0.699918270111084}, ""B-D"": {""dG_dSASA_ratio"": -2.9519574642181396, ""dG_separated"": -49.36127471923828, ""dSASA_int"": 1672.1539306640625, ""delta_unsatHbonds"": 14.0, ""hbonds_int"": 4.0, ""nres_int"": 75.0, ""packstat"": 0.6290492415428162, ""sc_value"": 0.644182562828064}, ""C-D"": {""dG_dSASA_ratio"": -2.7405202388763428, ""dG_separated"": -31.869325637817383, ""dSASA_int"": 1162.893310546875, ""delta_unsatHbonds"": 1.0, ""hbonds_int"": 8.0, ""nres_int"": 48.0, ""packstat"": 0.5573934316635132, ""sc_value"": 0.7167708873748779}}"
ova_body_c4_12_ms25_r03	AF3	142	7142	0	0	A-B,A-C,A-D,B-C,B-D,C-D	6	3	1	"{""A-B"": 25, ""A-C"": 68, ""A-D"": 37, ""B-C"": 36, ""B-D"": 74, ""C-D"": 27}"	A-D,B-C	A-B,A-C,B-D,C-D	0.223307605357319	0.762641966342926	0.0	-2.8767638206481934	3.381172745238209	0.5891484022140503	0.0	-2.719311475753784	10.021326308835942	"{""A-B"": {""dG_dSASA_ratio"": -2.8632493019104004, ""dG_separated"": -32.17617416381836, ""dSASA_int"": 1123.764404296875, ""delta_unsatHbonds"": 0.0, ""hbonds_int"": 8.0, ""nres_int"": 48.0, ""packstat"": 0.6026239991188049, ""sc_value"": 0.7280758619308472}, ""A-C"": {""dG_dSASA_ratio"": -2.866964101791382, ""dG_separated"": -48.29570388793945, ""dSASA_int"": 1684.5592041015625, ""delta_unsatHbonds"": 11.0, ""hbonds_int"": 4.0, ""nres_int"": 71.0, ""packstat"": 0.6190319657325745, ""sc_value"": 0.5891484022140503}, ""A-D"": {""dG_dSASA_ratio"": -2.8767638206481934, ""dG_separated"": -34.03273391723633, ""dSASA_int"": 1183.021484375, ""delta_unsatHbonds"": 4.0, ""hbonds_int"": 0.0, ""nres_int"": 40.0, ""packstat"": 0.5314850807189941, ""sc_value"": 0.762641966342926}, ""B-C"": {""dG_dSASA_ratio"": -2.9142143726348877, ""dG_separated"": -34.8464469909668, ""dSASA_int"": 1195.74072265625, ""delta_unsatHbonds"": 4.0, ""hbonds_int"": 0.0, ""nres_int"": 40.0, ""packstat"": 0.521769642829895, ""sc_value"": 0.7766512036323547}, ""B-D"": {""dG_dSASA_ratio"": -2.957184076309204, ""dG_separated"": -53.11603927612305, ""dSASA_int"": 1796.16943359375, ""delta_unsatHbonds"": 18.0, ""hbonds_int"": 6.0, ""nres_int"": 76.0, ""packstat"": 0.5840945243835449, ""sc_value"": 0.6916108727455139}, ""C-D"": {""dG_dSASA_ratio"": -2.719311475753784, ""dG_separated"": -31.667776107788086, ""dSASA_int"": 1164.5511474609375, ""delta_unsatHbonds"": 1.0, ""hbonds_int"": 8.0, ""nres_int"": 48.0, ""packstat"": 0.5470560789108276, ""sc_value"": 0.7216948866844177}}"
ova_body_c4_12_ms25_r03	AF3	143	7143	0	0	A-B,A-C,A-D,B-C,B-D,C-D	6	3	1	"{""A-B"": 24, ""A-C"": 67, ""A-D"": 35, ""B-C"": 37, ""B-D"": 71, ""C-D"": 28}"	A-D,B-C	A-B,A-C,B-D,C-D	0.22043425450840987	0.6490157842636108	0.0	-2.854238748550415	4.830564168264259	0.6238441467285156	0.0	-2.6827425956726074	8.86147498270325	"{""A-B"": {""dG_dSASA_ratio"": -2.7841639518737793, ""dG_separated"": -30.911252975463867, ""dSASA_int"": 1110.2525634765625, ""delta_unsatHbonds"": 2.0, ""hbonds_int"": 7.0, ""nres_int"": 48.0, ""packstat"": 0.5452861189842224, ""sc_value"": 0.7269387245178223}, ""A-C"": {""dG_dSASA_ratio"": -2.9677319526672363, ""dG_separated"": -50.235408782958984, ""dSASA_int"": 1692.720458984375, ""delta_unsatHbonds"": 15.0, ""hbonds_int"": 6.0, ""nres_int"": 71.0, ""packstat"": 0.6006275415420532, ""sc_value"": 0.6238441467285156}, ""A-D"": {""dG_dSASA_ratio"": -2.854238748550415, ""dG_separated"": -35.45224380493164, ""dSASA_int"": 1242.0909423828125, ""delta_unsatHbonds"": 6.0, ""hbonds_int"": 0.0, ""nres_int"": 41.0, ""packstat"": 0.4869473874568939, ""sc_value"": 0.6490157842636108}, ""B-C"": {""dG_dSASA_ratio"": -2.9163453578948975, ""dG_separated"": -34.10270690917969, ""dSASA_int"": 1169.364501953125, ""delta_unsatHbonds"": 2.0, ""hbonds_int"": 0.0, ""nres_int"": 40.0, ""packstat"": 0.5482879877090454, ""sc_value"": 0.7755671143531799}, ""B-D"": {""dG_dSASA_ratio"": -2.6827425956726074, ""dG_separated"": -48.085758209228516, ""dSASA_int"": 1792.410400390625, ""delta_unsatHbonds"": 15.0, ""hbonds_int"": 5.0, ""nres_int"": 76.0, ""packstat"": 0.6112760305404663, ""sc_value"": 0.6446038484573364}, ""C-D"": {""dG_dSASA_ratio"": -2.7153573036193848, ""dG_separated"": -31.4774112701416, ""dSASA_int"": 1159.2364501953125, ""delta_unsatHbonds"": 1.0, ""hbonds_int"": 8.0, ""nres_int"": 48.0, ""packstat"": 0.6367962956428528, ""sc_value"": 0.7346101999282837}}"
ova_body_c4_12_ms25_r03	AF3	144	7144	0	0	A-B,A-C,A-D,B-C,B-D,C-D	6	3	1	"{""A-B"": 28, ""A-C"": 71, ""A-D"": 37, ""B-C"": 34, ""B-D"": 67, ""C-D"": 25}"	A-D,B-C	A-B,A-C,B-D,C-D	0.22448098089625068	0.7549303770065308	0.0	-2.700479745864868	3.3987128495263654	0.6127740144729614	0.0	-2.678243398666382	10.482194749334324	"{""A-B"": {""dG_dSASA_ratio"": -2.802363157272339, ""dG_separated"": -31.749189376831055, ""dSASA_int"": 1132.9434814453125, ""delta_unsatHbonds"": 0.0, ""hbonds_int"": 7.0, ""nres_int"": 48.0, ""packstat"": 0.5579092502593994, ""sc_value"": 0.723071277141571}, ""A-C"": {""dG_dSASA_ratio"": -2.9157192707061768, ""dG_separated"": -52.390987396240234, ""dSASA_int"": 1796.8460693359375, ""delta_unsatHbonds"": 14.0, ""hbonds_int"": 6.0, ""nres_int"": 72.0, ""packstat"": 0.6071072816848755, ""sc_value"": 0.6785467863082886}, ""A-D"": {""dG_dSASA_ratio"": -2.8601419925689697, ""dG_separated"": -33.89602279663086, ""dSASA_int"": 1185.1168212890625, ""delta_unsatHbonds"": 2.0, ""hbonds_int"": 0.0, ""nres_int"": 40.0, ""packstat"": 0.5229154825210571, ""sc_value"": 0.769881010055542}, ""B-C"": {""dG_dSASA_ratio"": -2.700479745864868, ""dG_separated"": -31.782381057739258, ""dSASA_int"": 1176.9161376953125, ""delta_unsatHbonds"": 4.0, ""hbonds_int"": 1.0, ""nres_int"": 40.0, ""packstat"": 0.570233166217804, ""sc_value"": 0.7549303770065308}, ""B-D"": {""dG_dSASA_ratio"": -2.936486005783081, ""dG_separated"": -50.42526626586914, ""dSASA_int"": 1717.1976318359375, ""delta_unsatHbonds"": 18.0, ""hbonds_int"": 4.0, ""nres_int"": 76.0, ""packstat"": 0.6299946904182434, ""sc_value"": 0.6127740144729614}, ""C-D"": {""dG_dSASA_ratio"": -2.678243398666382, ""dG_separated"": -31.7783203125, ""dSASA_int"": 1186.5360107421875, ""delta_unsatHbonds"": 1.0, ""hbonds_int"": 8.0, ""nres_int"": 48.0, ""packstat"": 0.6037468910217285, ""sc_value"": 0.7161645889282227}}"
ova_body_c4_12_ms25_r03	AF3	145	7145	0	0	A-B,A-C,A-D,B-C,B-D,C-D	6	3	1	"{""A-B"": 25, ""A-C"": 68, ""A-D"": 34, ""B-C"": 32, ""B-D"": 72, ""C-D"": 25}"	A-D,B-C	A-B,A-C,B-D,C-D	0.22117192830760765	0.6617429256439209	0.0	-2.153972864151001	9.455792449385193	0.6356087327003479	0.0	-2.153972864151001	11.798154205274345	"{""A-B"": {""dG_dSASA_ratio"": -2.673203468322754, ""dG_separated"": -28.6015567779541, ""dSASA_int"": 1069.9356689453125, ""delta_unsatHbonds"": 0.0, ""hbonds_int"": 7.0, ""nres_int"": 48.0, ""packstat"": 0.5724913477897644, ""sc_value"": 0.7189226150512695}, ""A-C"": {""dG_dSASA_ratio"": -2.9407119750976562, ""dG_separated"": -49.850372314453125, ""dSASA_int"": 1695.180419921875, ""delta_unsatHbonds"": 20.0, ""hbonds_int"": 7.0, ""nres_int"": 73.0, ""packstat"": 0.6330304741859436, ""sc_value"": 0.6356087327003479}, ""A-D"": {""dG_dSASA_ratio"": -2.6958043575286865, ""dG_separated"": -30.95383071899414, ""dSASA_int"": 1148.222412109375, ""delta_unsatHbonds"": 4.0, ""hbonds_int"": 0.0, ""nres_int"": 40.0, ""packstat"": 0.5221750736236572, ""sc_value"": 0.7711055278778076}, ""B-C"": {""dG_dSASA_ratio"": -2.153972864151001, ""dG_separated"": -25.057340621948242, ""dSASA_int"": 1163.30810546875, ""delta_unsatHbonds"": 11.0, ""hbonds_int"": 0.0, ""nres_int"": 40.0, ""packstat"": 0.5635657906532288, ""sc_value"": 0.6617429256439209}, ""B-D"": {""dG_dSASA_ratio"": -3.0718564987182617, ""dG_separated"": -54.044437408447266, ""dSASA_int"": 1759.34130859375, ""delta_unsatHbonds"": 19.0, ""hbonds_int"": 6.0, ""nres_int"": 77.0, ""packstat"": 0.6351131796836853, ""sc_value"": 0.6673017740249634}, ""C-D"": {""dG_dSASA_ratio"": -2.5416100025177, ""dG_separated"": -28.228654861450195, ""dSASA_int"": 1110.660400390625, ""delta_unsatHbonds"": 3.0, ""hbonds_int"": 4.0, ""nres_int"": 48.0, ""packstat"": 0.6449843049049377, ""sc_value"": 0.7193998694419861}}"
ova_body_c4_12_ms25_r03	AF3	146	7146	0	0	A-B,A-C,A-D,B-C,B-D,C-D	6	3	1	"{""A-B"": 26, ""A-C"": 68, ""A-D"": 38, ""B-C"": 37, ""B-D"": 71, ""C-D"": 27}"	A-D,B-C	A-B,A-C,B-D,C-D	0.21273549227085656	0.6644331216812134	0.0	-2.341484308242798	3.4078364221877524	0.5980996489524841	0.0	-2.341484308242798	9.394908190848694	"{""A-B"": {""dG_dSASA_ratio"": -2.9297561645507812, ""dG_separated"": -33.027339935302734, ""dSASA_int"": 1127.306884765625, ""delta_unsatHbonds"": 0.0, ""hbonds_int"": 8.0, ""nres_int"": 48.0, ""packstat"": 0.567099928855896, ""sc_value"": 0.7418038845062256}, ""A-C"": {""dG_dSASA_ratio"": -2.8083837032318115, ""dG_separated"": -47.828182220458984, ""dSASA_int"": 1703.0501708984375, ""delta_unsatHbonds"": 16.0, ""hbonds_int"": 4.0, ""nres_int"": 72.0, ""packstat"": 0.5367186665534973, ""sc_value"": 0.5980996489524841}, ""A-D"": {""dG_dSASA_ratio"": -2.341484308242798, ""dG_separated"": -28.477712631225586, ""dSASA_int"": 1216.2247314453125, ""delta_unsatHbonds"": 4.0, ""hbonds_int"": 0.0, ""nres_int"": 40.0, ""packstat"": 0.4356861114501953, ""sc_value"": 0.6644331216812134}, ""B-C"": {""dG_dSASA_ratio"": -2.9361491203308105, ""dG_separated"": -34.463497161865234, ""dSASA_int"": 1173.7652587890625, ""delta_unsatHbonds"": 4.0, ""hbonds_int"": 0.0, ""nres_int"": 40.0, ""packstat"": 0.46811988949775696, ""sc_value"": 0.7644013166427612}, ""B-D"": {""dG_dSASA_ratio"": -2.9501240253448486, ""dG_separated"": -52.690711975097656, ""dSASA_int"": 1786.0506591796875, ""delta_unsatHbonds"": 15.0, ""hbonds_int"": 5.0, ""nres_int"": 76.0, ""packstat"": 0.6218255758285522, ""sc_value"": 0.6486812829971313}, ""C-D"": {""dG_dSASA_ratio"": -2.687708616256714, ""dG_separated"": -31.232032775878906, ""dSASA_int"": 1162.0318603515625, ""delta_unsatHbonds"": 1.0, ""hbonds_int"": 7.0, ""nres_int"": 48.0, ""packstat"": 0.5783529281616211, ""sc_value"": 0.7273053526878357}}"
ova_body_c4_12_ms25_r03	AF3	147	7147	0	0	A-B,A-C,A-D,B-C,B-D,C-D	6	3	1	"{""A-B"": 26, ""A-C"": 69, ""A-D"": 34, ""B-C"": 37, ""B-D"": 71, ""C-D"": 26}"	A-D,B-C	A-B,A-C,B-D,C-D	0.21061623242353936	0.7602219581604004	0.0	-2.5452072620391846	3.445276791316826	0.6554557085037231	0.0	-2.5452072620391846	10.995832550639939	"{""A-B"": {""dG_dSASA_ratio"": -2.7960784435272217, ""dG_separated"": -31.776559829711914, ""dSASA_int"": 1136.46875, ""delta_unsatHbonds"": 0.0, ""hbonds_int"": 8.0, ""nres_int"": 48.0, ""packstat"": 0.5464243292808533, ""sc_value"": 0.732660174369812}, ""A-C"": {""dG_dSASA_ratio"": -3.037385940551758, ""dG_separated"": -52.48382568359375, ""dSASA_int"": 1727.9273681640625, ""delta_unsatHbonds"": 19.0, ""hbonds_int"": 5.0, ""nres_int"": 72.0, ""packstat"": 0.6021677851676941, ""sc_value"": 0.6554557085037231}, ""A-D"": {""dG_dSASA_ratio"": -2.5452072620391846, ""dG_separated"": -29.550106048583984, ""dSASA_int"": 1161.009765625, ""delta_unsatHbonds"": 4.0, ""hbonds_int"": 0.0, ""nres_int"": 40.0, ""packstat"": 0.41560888290405273, ""sc_value"": 0.7680915594100952}, ""B-C"": {""dG_dSASA_ratio"": -2.889756917953491, ""dG_separated"": -34.59569549560547, ""dSASA_int"": 1197.18359375, ""delta_unsatHbonds"": 4.0, ""hbonds_int"": 0.0, ""nres_int"": 40.0, ""packstat"": 0.5807812809944153, ""sc_value"": 0.7602219581604004}, ""B-D"": {""dG_dSASA_ratio"": -2.9751083850860596, ""dG_separated"": -53.76778793334961, ""dSASA_int"": 1807.2548828125, ""delta_unsatHbonds"": 17.0, ""hbonds_int"": 6.0, ""nres_int"": 76.0, ""packstat"": 0.6251717805862427, ""sc_value"": 0.6978550553321838}, ""C-D"": {""dG_dSASA_ratio"": -2.705812692642212, ""dG_separated"": -31.66653060913086, ""dSASA_int"": 1170.31494140625, ""delta_unsatHbonds"": 3.0, ""hbonds_int"": 7.0, ""nres_int"": 48.0, ""packstat"": 0.5832766890525818, ""sc_value"": 0.7077355980873108}}"
ova_body_c4_12_ms25_r03	AF3	148	7148	0	0	A-B,A-C,A-D,B-C,B-D,C-D	6	3	1	"{""A-B"": 25, ""A-C"": 64, ""A-D"": 36, ""B-C"": 34, ""B-D"": 70, ""C-D"": 25}"	A-D,B-C	A-B,A-C,B-D,C-D	0.22107169234890311	0.7524939775466919	0.0	-2.599397659301758	3.5245205762496488	0.6251839399337769	0.0	-2.599397659301758	11.51266867861982	"{""A-B"": {""dG_dSASA_ratio"": -2.6489970684051514, ""dG_separated"": -28.997587203979492, ""dSASA_int"": 1094.6629638671875, ""delta_unsatHbonds"": 2.0, ""hbonds_int"": 5.0, ""nres_int"": 48.0, ""packstat"": 0.5861084461212158, ""sc_value"": 0.7152597904205322}, ""A-C"": {""dG_dSASA_ratio"": -2.721115827560425, ""dG_separated"": -46.0534782409668, ""dSASA_int"": 1692.4482421875, ""delta_unsatHbonds"": 9.0, ""hbonds_int"": 5.0, ""nres_int"": 68.0, ""packstat"": 0.6263432502746582, ""sc_value"": 0.6251839399337769}, ""A-D"": {""dG_dSASA_ratio"": -2.9199211597442627, ""dG_separated"": -33.527198791503906, ""dSASA_int"": 1148.22265625, ""delta_unsatHbonds"": 4.0, ""hbonds_int"": 0.0, ""nres_int"": 40.0, ""packstat"": 0.5674413442611694, ""sc_value"": 0.7524939775466919}, ""B-C"": {""dG_dSASA_ratio"": -2.599397659301758, ""dG_separated"": -29.500722885131836, ""dSASA_int"": 1134.9061279296875, ""delta_unsatHbonds"": 4.0, ""hbonds_int"": 0.0, ""nres_int"": 38.0, ""packstat"": 0.5809846520423889, ""sc_value"": 0.763064980506897}, ""B-D"": {""dG_dSASA_ratio"": -3.0488734245300293, ""dG_separated"": -52.96554183959961, ""dSASA_int"": 1737.2166748046875, ""delta_unsatHbonds"": 20.0, ""hbonds_int"": 6.0, ""nres_int"": 76.0, ""packstat"": 0.5853459239006042, ""sc_value"": 0.6938780546188354}, ""C-D"": {""dG_dSASA_ratio"": -2.639061689376831, ""dG_separated"": -29.02416229248047, ""dSASA_int"": 1099.791015625, ""delta_unsatHbonds"": 2.0, ""hbonds_int"": 4.0, ""nres_int"": 48.0, ""packstat"": 0.6296518445014954, ""sc_value"": 0.7238811254501343}}"
ova_body_c4_12_ms25_r03	AF3	149	7149	0	0	A-B,A-C,A-D,B-C,B-D,C-D	6	3	1	"{""A-B"": 25, ""A-C"": 70, ""A-D"": 38, ""B-C"": 37, ""B-D"": 70, ""C-D"": 27}"	A-D,B-C	A-B,A-C,B-D,C-D	0.21543535467683725	0.7577638626098633	0.0	-2.8692452907562256	3.3364099687058837	0.6111799478530884	0.0	-2.644503355026245	8.13499576042222	"{""A-B"": {""dG_dSASA_ratio"": -2.644503355026245, ""dG_separated"": -28.739797592163086, ""dSASA_int"": 1086.7747802734375, ""delta_unsatHbonds"": 2.0, ""hbonds_int"": 5.0, ""nres_int"": 48.0, ""packstat"": 0.6281650066375732, ""sc_value"": 0.7270708084106445}, ""A-C"": {""dG_dSASA_ratio"": -2.8880655765533447, ""dG_separated"": -49.76585388183594, ""dSASA_int"": 1723.1551513671875, ""delta_unsatHbonds"": 10.0, ""hbonds_int"": 5.0, ""nres_int"": 72.0, ""packstat"": 0.4911153018474579, ""sc_value"": 0.6431770324707031}, ""A-D"": {""dG_dSASA_ratio"": -2.8692452907562256, ""dG_separated"": -34.508567810058594, ""dSASA_int"": 1202.7054443359375, ""delta_unsatHbonds"": 2.0, ""hbonds_int"": 0.0, ""nres_int"": 40.0, ""packstat"": 0.632500946521759, ""sc_value"": 0.7577638626098633}, ""B-C"": {""dG_dSASA_ratio"": -2.8772993087768555, ""dG_separated"": -34.495750427246094, ""dSASA_int"": 1198.8934326171875, ""delta_unsatHbonds"": 4.0, ""hbonds_int"": 0.0, ""nres_int"": 40.0, ""packstat"": 0.545128583908081, ""sc_value"": 0.7716836929321289}, ""B-D"": {""dG_dSASA_ratio"": -2.9920637607574463, ""dG_separated"": -51.492210388183594, ""dSASA_int"": 1720.959716796875, ""delta_unsatHbonds"": 14.0, ""hbonds_int"": 4.0, ""nres_int"": 76.0, ""packstat"": 0.6098166704177856, ""sc_value"": 0.6111799478530884}, ""C-D"": {""dG_dSASA_ratio"": -2.782623529434204, ""dG_separated"": -32.16679000854492, ""dSASA_int"": 1155.98779296875, ""delta_unsatHbonds"": 3.0, ""hbonds_int"": 8.0, ""nres_int"": 48.0, ""packstat"": 0.6615498065948486, ""sc_value"": 0.7370679378509521}}"
ova_body_c4_12_ms25_r03	AF3	150	7150	0	0	A-B,A-C,A-D,B-C,B-D,C-D	6	3	1	"{""A-B"": 27, ""A-C"": 72, ""A-D"": 36, ""B-C"": 36, ""B-D"": 73, ""C-D"": 27}"	A-D,B-C	A-B,A-C,B-D,C-D	0.21230159373971932	0.7367666363716125	0.0	-2.824396848678589	5.146734605685596	0.6587892770767212	0.0	-2.5647106170654297	8.400484914710262	"{""A-B"": {""dG_dSASA_ratio"": -2.5647106170654297, ""dG_separated"": -28.51737403869629, ""dSASA_int"": 1111.9139404296875, ""delta_unsatHbonds"": 0.0, ""hbonds_int"": 6.0, ""nres_int"": 48.0, ""packstat"": 0.5654600858688354, ""sc_value"": 0.7189176082611084}, ""A-C"": {""dG_dSASA_ratio"": -2.859485387802124, ""dG_separated"": -51.125328063964844, ""dSASA_int"": 1787.920654296875, ""delta_unsatHbonds"": 15.0, ""hbonds_int"": 6.0, ""nres_int"": 72.0, ""packstat"": 0.6116994619369507, ""sc_value"": 0.6587892770767212}, ""A-D"": {""dG_dSASA_ratio"": -2.865060806274414, ""dG_separated"": -32.765785217285156, ""dSASA_int"": 1143.6331787109375, ""delta_unsatHbonds"": 4.0, ""hbonds_int"": 0.0, ""nres_int"": 40.0, ""packstat"": 0.49104201793670654, ""sc_value"": 0.7628288269042969}, ""B-C"": {""dG_dSASA_ratio"": -2.824396848678589, ""dG_separated"": -32.92647171020508, ""dSASA_int"": 1165.7877197265625, ""delta_unsatHbonds"": 6.0, ""hbonds_int"": 0.0, ""nres_int"": 40.0, ""packstat"": 0.6084339022636414, ""sc_value"": 0.7367666363716125}, ""B-D"": {""dG_dSASA_ratio"": -2.9972686767578125, ""dG_separated"": -53.519561767578125, ""dSASA_int"": 1785.6112060546875, ""delta_unsatHbonds"": 15.0, ""hbonds_int"": 6.0, ""nres_int"": 76.0, ""packstat"": 0.6925708055496216, ""sc_value"": 0.6839585304260254}, ""C-D"": {""dG_dSASA_ratio"": -2.614640712738037, ""dG_separated"": -31.367000579833984, ""dSASA_int"": 1199.667724609375, ""delta_unsatHbonds"": 3.0, ""hbonds_int"": 8.0, ""nres_int"": 48.0, ""packstat"": 0.5604380369186401, ""sc_value"": 0.7258449196815491}}"
ova_body_c4_12_ms25_r03	AF3	151	7151	0	0	A-B,A-C,A-D,B-C,B-D,C-D	6	3	1	"{""A-B"": 24, ""A-C"": 67, ""A-D"": 36, ""B-C"": 37, ""B-D"": 70, ""C-D"": 27}"	A-D,B-C	A-B,A-C,B-D,C-D	0.21587086035851225	0.7498881816864014	0.0	-2.7856357097625732	3.4272232264658444	0.6400041580200195	0.0	-2.656609296798706	10.346764962430736	"{""A-B"": {""dG_dSASA_ratio"": -2.656609296798706, ""dG_separated"": -28.64653205871582, ""dSASA_int"": 1078.3118896484375, ""delta_unsatHbonds"": 3.0, ""hbonds_int"": 5.0, ""nres_int"": 48.0, ""packstat"": 0.6781091094017029, ""sc_value"": 0.7224206328392029}, ""A-C"": {""dG_dSASA_ratio"": -2.9039292335510254, ""dG_separated"": -50.5189094543457, ""dSASA_int"": 1739.6741943359375, ""delta_unsatHbonds"": 18.0, ""hbonds_int"": 6.0, ""nres_int"": 71.0, ""packstat"": 0.598927915096283, ""sc_value"": 0.6621903777122498}, ""A-D"": {""dG_dSASA_ratio"": -2.7856357097625732, ""dG_separated"": -32.63792419433594, ""dSASA_int"": 1171.65087890625, ""delta_unsatHbonds"": 4.0, ""hbonds_int"": 0.0, ""nres_int"": 38.0, ""packstat"": 0.5210689902305603, ""sc_value"": 0.7498881816864014}, ""B-C"": {""dG_dSASA_ratio"": -2.9757535457611084, ""dG_separated"": -34.73078155517578, ""dSASA_int"": 1167.1256103515625, ""delta_unsatHbonds"": 4.0, ""hbonds_int"": 0.0, ""nres_int"": 40.0, ""packstat"": 0.5306264758110046, ""sc_value"": 0.7799986004829407}, ""B-D"": {""dG_dSASA_ratio"": -2.994844913482666, ""dG_separated"": -52.29740524291992, ""dSASA_int"": 1746.2474365234375, ""delta_unsatHbonds"": 17.0, ""hbonds_int"": 5.0, ""nres_int"": 76.0, ""packstat"": 0.5859755873680115, ""sc_value"": 0.6400041580200195}, ""C-D"": {""dG_dSASA_ratio"": -2.730746030807495, ""dG_separated"": -33.096412658691406, ""dSASA_int"": 1211.9915771484375, ""delta_unsatHbonds"": 3.0, ""hbonds_int"": 8.0, ""nres_int"": 48.0, ""packstat"": 0.5468706488609314, ""sc_value"": 0.7281306982040405}}"
ova_body_c4_12_ms25_r03	AF3	152	7152	0	0	A-B,A-C,A-D,B-C,B-D,C-D	6	3	1	"{""A-B"": 24, ""A-C"": 68, ""A-D"": 35, ""B-C"": 37, ""B-D"": 71, ""C-D"": 26}"	A-D,B-C	A-B,A-C,B-D,C-D	0.21840168788968065	0.7437444925308228	0.0	-1.9503962993621826	5.06948051439055	0.6303520798683167	0.0	-1.9503962993621826	9.651545952922794	"{""A-B"": {""dG_dSASA_ratio"": -2.591442346572876, ""dG_separated"": -29.63056755065918, ""dSASA_int"": 1143.4005126953125, ""delta_unsatHbonds"": 0.0, ""hbonds_int"": 7.0, ""nres_int"": 48.0, ""packstat"": 0.6194387674331665, ""sc_value"": 0.7083737850189209}, ""A-C"": {""dG_dSASA_ratio"": -2.9431514739990234, ""dG_separated"": -50.67759323120117, ""dSASA_int"": 1721.8819580078125, ""delta_unsatHbonds"": 14.0, ""hbonds_int"": 6.0, ""nres_int"": 70.0, ""packstat"": 0.6671173572540283, ""sc_value"": 0.6303520798683167}, ""A-D"": {""dG_dSASA_ratio"": -1.9503962993621826, ""dG_separated"": -23.994699478149414, ""dSASA_int"": 1230.247314453125, ""delta_unsatHbonds"": 6.0, ""hbonds_int"": 0.0, ""nres_int"": 40.0, ""packstat"": 0.4629705548286438, ""sc_value"": 0.7437444925308228}, ""B-C"": {""dG_dSASA_ratio"": -2.8813416957855225, ""dG_separated"": -34.102210998535156, ""dSASA_int"": 1183.55322265625, ""delta_unsatHbonds"": 6.0, ""hbonds_int"": 0.0, ""nres_int"": 40.0, ""packstat"": 0.5722786784172058, ""sc_value"": 0.7582999467849731}, ""B-D"": {""dG_dSASA_ratio"": -2.9088058471679688, ""dG_separated"": -51.23500442504883, ""dSASA_int"": 1761.3758544921875, ""delta_unsatHbonds"": 17.0, ""hbonds_int"": 4.0, ""nres_int"": 76.0, ""packstat"": 0.6086694002151489, ""sc_value"": 0.6641148328781128}, ""C-D"": {""dG_dSASA_ratio"": -2.7439000606536865, ""dG_separated"": -31.44957160949707, ""dSASA_int"": 1146.1630859375, ""delta_unsatHbonds"": 1.0, ""hbonds_int"": 7.0, ""nres_int"": 48.0, ""packstat"": 0.5912449359893799, ""sc_value"": 0.7412306070327759}}"
ova_body_c4_12_ms25_r03	AF3	153	7153	0	0	A-B,A-C,A-D,B-C,B-D,C-D	6	3	1	"{""A-B"": 27, ""A-C"": 71, ""A-D"": 37, ""B-C"": 34, ""B-D"": 69, ""C-D"": 27}"	A-D,B-C	A-B,A-C,B-D,C-D	0.2268689492597393	0.642914354801178	0.0	-2.2776942253112793	5.286111085120778	0.642914354801178	0.0	-2.2776942253112793	10.450102207691813	"{""A-B"": {""dG_dSASA_ratio"": -3.1424343585968018, ""dG_separated"": -34.7880973815918, ""dSASA_int"": 1107.0428466796875, ""delta_unsatHbonds"": 2.0, ""hbonds_int"": 7.0, ""nres_int"": 48.0, ""packstat"": 0.5763617157936096, ""sc_value"": 0.7125275135040283}, ""A-C"": {""dG_dSASA_ratio"": -2.972731113433838, ""dG_separated"": -52.23261642456055, ""dSASA_int"": 1757.058349609375, ""delta_unsatHbonds"": 18.0, ""hbonds_int"": 5.0, ""nres_int"": 72.0, ""packstat"": 0.5440658926963806, ""sc_value"": 0.6507140398025513}, ""A-D"": {""dG_dSASA_ratio"": -2.9215354919433594, ""dG_separated"": -34.94068145751953, ""dSASA_int"": 1195.9697265625, ""delta_unsatHbonds"": 4.0, ""hbonds_int"": 0.0, ""nres_int"": 40.0, ""packstat"": 0.5646467208862305, ""sc_value"": 0.7619220018386841}, ""B-C"": {""dG_dSASA_ratio"": -2.2776942253112793, ""dG_separated"": -25.852968215942383, ""dSASA_int"": 1135.0499267578125, ""delta_unsatHbonds"": 6.0, ""hbonds_int"": 1.0, ""nres_int"": 40.0, ""packstat"": 0.4913606345653534, ""sc_value"": 0.642914354801178}, ""B-D"": {""dG_dSASA_ratio"": -2.9976744651794434, ""dG_separated"": -51.63408279418945, ""dSASA_int"": 1722.47119140625, ""delta_unsatHbonds"": 18.0, ""hbonds_int"": 5.0, ""nres_int"": 76.0, ""packstat"": 0.6052458882331848, ""sc_value"": 0.6512798070907593}, ""C-D"": {""dG_dSASA_ratio"": -2.7227299213409424, ""dG_separated"": -31.391029357910156, ""dSASA_int"": 1152.9248046875, ""delta_unsatHbonds"": 1.0, ""hbonds_int"": 8.0, ""nres_int"": 48.0, ""packstat"": 0.5222455263137817, ""sc_value"": 0.7317821979522705}}"
ova_body_c4_12_ms25_r03	AF3	154	7154	0	0	A-B,A-C,A-D,B-C,B-D,C-D	6	3	1	"{""A-B"": 26, ""A-C"": 61, ""A-D"": 35, ""B-C"": 36, ""B-D"": 71, ""C-D"": 27}"	A-D,B-C	A-B,A-C,B-D,C-D	0.22789152669381235	0.6335861086845398	0.0	-2.285189151763916	5.477998448040549	0.5571273565292358	0.0	-2.285189151763916	10.531166665956235	"{""A-B"": {""dG_dSASA_ratio"": -2.718798875808716, ""dG_separated"": -28.79551124572754, ""dSASA_int"": 1059.126220703125, ""delta_unsatHbonds"": 0.0, ""hbonds_int"": 7.0, ""nres_int"": 47.0, ""packstat"": 0.5081719160079956, ""sc_value"": 0.7168881893157959}, ""A-C"": {""dG_dSASA_ratio"": -2.7390143871307373, ""dG_separated"": -44.0225715637207, ""dSASA_int"": 1607.2413330078125, ""delta_unsatHbonds"": 6.0, ""hbonds_int"": 5.0, ""nres_int"": 68.0, ""packstat"": 0.5699073076248169, ""sc_value"": 0.5571273565292358}, ""A-D"": {""dG_dSASA_ratio"": -2.285189151763916, ""dG_separated"": -29.201040267944336, ""dSASA_int"": 1277.8389892578125, ""delta_unsatHbonds"": 7.0, ""hbonds_int"": 1.0, ""nres_int"": 40.0, ""packstat"": 0.48905321955680847, ""sc_value"": 0.6335861086845398}, ""B-C"": {""dG_dSASA_ratio"": -2.461094379425049, ""dG_separated"": -30.41180419921875, ""dSASA_int"": 1235.7025146484375, ""delta_unsatHbonds"": 6.0, ""hbonds_int"": 0.0, ""nres_int"": 39.0, ""packstat"": 0.6190305948257446, ""sc_value"": 0.7457567453384399}, ""B-D"": {""dG_dSASA_ratio"": -2.9745073318481445, ""dG_separated"": -53.66512680053711, ""dSASA_int"": 1804.1685791015625, ""delta_unsatHbonds"": 19.0, ""hbonds_int"": 6.0, ""nres_int"": 76.0, ""packstat"": 0.5939164757728577, ""sc_value"": 0.6969825625419617}, ""C-D"": {""dG_dSASA_ratio"": -2.489671468734741, ""dG_separated"": -27.397268295288086, ""dSASA_int"": 1100.4371337890625, ""delta_unsatHbonds"": 3.0, ""hbonds_int"": 5.0, ""nres_int"": 47.0, ""packstat"": 0.609161913394928, ""sc_value"": 0.706226110458374}}"
ova_body_c4_12_ms25_r03	AF3	155	7155	0	0	A-B,A-C,A-D,B-C,B-D,C-D	6	3	1	"{""A-B"": 25, ""A-C"": 65, ""A-D"": 36, ""B-C"": 34, ""B-D"": 71, ""C-D"": 28}"	A-D,B-C	A-B,A-C,B-D,C-D	0.2078848721849257	0.6795467138290405	0.0	-2.3135857582092285	3.4582498752283963	0.6465432643890381	0.0	-2.3135857582092285	11.40523826499205	"{""A-B"": {""dG_dSASA_ratio"": -2.7428765296936035, ""dG_separated"": -29.329391479492188, ""dSASA_int"": 1069.293212890625, ""delta_unsatHbonds"": 2.0, ""hbonds_int"": 5.0, ""nres_int"": 48.0, ""packstat"": 0.589634120464325, ""sc_value"": 0.7356967329978943}, ""A-C"": {""dG_dSASA_ratio"": -2.8467559814453125, ""dG_separated"": -48.55158615112305, ""dSASA_int"": 1705.5057373046875, ""delta_unsatHbonds"": 15.0, ""hbonds_int"": 5.0, ""nres_int"": 71.0, ""packstat"": 0.5452897548675537, ""sc_value"": 0.648135781288147}, ""A-D"": {""dG_dSASA_ratio"": -2.9198451042175293, ""dG_separated"": -33.772518157958984, ""dSASA_int"": 1156.6544189453125, ""delta_unsatHbonds"": 4.0, ""hbonds_int"": 0.0, ""nres_int"": 40.0, ""packstat"": 0.5590826869010925, ""sc_value"": 0.7611287832260132}, ""B-C"": {""dG_dSASA_ratio"": -2.3135857582092285, ""dG_separated"": -28.976442337036133, ""dSASA_int"": 1252.447265625, ""delta_unsatHbonds"": 4.0, ""hbonds_int"": 0.0, ""nres_int"": 40.0, ""packstat"": 0.5416204929351807, ""sc_value"": 0.6795467138290405}, ""B-D"": {""dG_dSASA_ratio"": -2.9183831214904785, ""dG_separated"": -51.17618942260742, ""dSASA_int"": 1753.5802001953125, ""delta_unsatHbonds"": 20.0, ""hbonds_int"": 7.0, ""nres_int"": 72.0, ""packstat"": 0.5817434191703796, ""sc_value"": 0.6465432643890381}, ""C-D"": {""dG_dSASA_ratio"": -2.7163994312286377, ""dG_separated"": -31.582015991210938, ""dSASA_int"": 1162.642578125, ""delta_unsatHbonds"": 1.0, ""hbonds_int"": 8.0, ""nres_int"": 48.0, ""packstat"": 0.5576390027999878, ""sc_value"": 0.713065505027771}}"
ova_body_c4_12_ms25_r03	AF3	156	7156	0	0	A-B,A-C,A-D,B-C,B-D,C-D	6	3	1	"{""A-B"": 25, ""A-C"": 71, ""A-D"": 36, ""B-C"": 35, ""B-D"": 70, ""C-D"": 26}"	A-D,B-C	A-B,A-C,B-D,C-D	0.21465541918874353	0.6246487498283386	0.0	-2.721893072128296	3.377421840173365	0.6130972504615784	0.0	-2.721893072128296	9.88173199378191	"{""A-B"": {""dG_dSASA_ratio"": -2.8026700019836426, ""dG_separated"": -31.044923782348633, ""dSASA_int"": 1107.69091796875, ""delta_unsatHbonds"": 0.0, ""hbonds_int"": 7.0, ""nres_int"": 48.0, ""packstat"": 0.6384192109107971, ""sc_value"": 0.7279220819473267}, ""A-C"": {""dG_dSASA_ratio"": -3.0073330402374268, ""dG_separated"": -51.80611038208008, ""dSASA_int"": 1722.6595458984375, ""delta_unsatHbonds"": 17.0, ""hbonds_int"": 6.0, ""nres_int"": 73.0, ""packstat"": 0.6019659042358398, ""sc_value"": 0.6567834615707397}, ""A-D"": {""dG_dSASA_ratio"": -2.721893072128296, ""dG_separated"": -32.2363395690918, ""dSASA_int"": 1184.3353271484375, ""delta_unsatHbonds"": 4.0, ""hbonds_int"": 0.0, ""nres_int"": 40.0, ""packstat"": 0.4857065677642822, ""sc_value"": 0.7863137722015381}, ""B-C"": {""dG_dSASA_ratio"": -2.7303905487060547, ""dG_separated"": -34.330204010009766, ""dSASA_int"": 1257.3367919921875, ""delta_unsatHbonds"": 4.0, ""hbonds_int"": 0.0, ""nres_int"": 41.0, ""packstat"": 0.5499341487884521, ""sc_value"": 0.6246487498283386}, ""B-D"": {""dG_dSASA_ratio"": -2.9208409786224365, ""dG_separated"": -50.24857711791992, ""dSASA_int"": 1720.34619140625, ""delta_unsatHbonds"": 17.0, ""hbonds_int"": 6.0, ""nres_int"": 73.0, ""packstat"": 0.6385587453842163, ""sc_value"": 0.6130972504615784}, ""C-D"": {""dG_dSASA_ratio"": -2.7734293937683105, ""dG_separated"": -32.295963287353516, ""dSASA_int"": 1164.4776611328125, ""delta_unsatHbonds"": 1.0, ""hbonds_int"": 8.0, ""nres_int"": 48.0, ""packstat"": 0.6009714603424072, ""sc_value"": 0.7260314226150513}}"
ova_body_c4_12_ms25_r03	AF3	157	7157	0	0	A-B,A-C,A-D,B-C,B-D,C-D	6	3	1	"{""A-B"": 26, ""A-C"": 68, ""A-D"": 36, ""B-C"": 35, ""B-D"": 72, ""C-D"": 27}"	A-D,B-C	A-B,A-C,B-D,C-D	0.21762900817309003	0.7227476239204407	0.0	-2.156532049179077	3.249997594835154	0.6335769295692444	0.0	-2.156532049179077	9.66149121798032	"{""A-B"": {""dG_dSASA_ratio"": -2.552340269088745, ""dG_separated"": -27.707183837890625, ""dSASA_int"": 1085.5599365234375, ""delta_unsatHbonds"": 2.0, ""hbonds_int"": 4.0, ""nres_int"": 48.0, ""packstat"": 0.6041771173477173, ""sc_value"": 0.7261881828308105}, ""A-C"": {""dG_dSASA_ratio"": -2.9746103286743164, ""dG_separated"": -51.537654876708984, ""dSASA_int"": 1732.5850830078125, ""delta_unsatHbonds"": 12.0, ""hbonds_int"": 5.0, ""nres_int"": 74.0, ""packstat"": 0.5987380146980286, ""sc_value"": 0.6335769295692444}, ""A-D"": {""dG_dSASA_ratio"": -3.093369960784912, ""dG_separated"": -34.84440994262695, ""dSASA_int"": 1126.42236328125, ""delta_unsatHbonds"": 2.0, ""hbonds_int"": 0.0, ""nres_int"": 40.0, ""packstat"": 0.539666473865509, ""sc_value"": 0.7227476239204407}, ""B-C"": {""dG_dSASA_ratio"": -2.156532049179077, ""dG_separated"": -26.54195213317871, ""dSASA_int"": 1230.7701416015625, ""delta_unsatHbonds"": 4.0, ""hbonds_int"": 0.0, ""nres_int"": 40.0, ""packstat"": 0.5585969090461731, ""sc_value"": 0.7317663431167603}, ""B-D"": {""dG_dSASA_ratio"": -2.986469030380249, ""dG_separated"": -52.548797607421875, ""dSASA_int"": 1759.562744140625, ""delta_unsatHbonds"": 17.0, ""hbonds_int"": 6.0, ""nres_int"": 76.0, ""packstat"": 0.5420255661010742, ""sc_value"": 0.6764476299285889}, ""C-D"": {""dG_dSASA_ratio"": -2.610962152481079, ""dG_separated"": -30.400028228759766, ""dSASA_int"": 1164.3228759765625, ""delta_unsatHbonds"": 3.0, ""hbonds_int"": 6.0, ""nres_int"": 48.0, ""packstat"": 0.5879810452461243, ""sc_value"": 0.7025128602981567}}"
ova_body_c4_12_ms25_r03	AF3	158	7158	0	0	A-B,A-C,A-D,B-C,B-D,C-D	6	3	1	"{""A-B"": 26, ""A-C"": 68, ""A-D"": 33, ""B-C"": 36, ""B-D"": 74, ""C-D"": 27}"	A-D,B-C	A-B,A-C,B-D,C-D	0.2204914830639726	0.6702127456665039	0.0	-2.8561179637908936	4.151410957758684	0.5949161648750305	0.0	-2.7223663330078125	8.990929828821857	"{""A-B"": {""dG_dSASA_ratio"": -2.8379037380218506, ""dG_separated"": -32.5611572265625, ""dSASA_int"": 1147.366455078125, ""delta_unsatHbonds"": 0.0, ""hbonds_int"": 8.0, ""nres_int"": 48.0, ""packstat"": 0.5602179169654846, ""sc_value"": 0.7341871857643127}, ""A-C"": {""dG_dSASA_ratio"": -2.8023929595947266, ""dG_separated"": -46.75366973876953, ""dSASA_int"": 1668.3480224609375, ""delta_unsatHbonds"": 15.0, ""hbonds_int"": 5.0, ""nres_int"": 68.0, ""packstat"": 0.5587696433067322, ""sc_value"": 0.5949161648750305}, ""A-D"": {""dG_dSASA_ratio"": -3.1314821243286133, ""dG_separated"": -37.715877532958984, ""dSASA_int"": 1204.4097900390625, ""delta_unsatHbonds"": 5.0, ""hbonds_int"": 0.0, ""nres_int"": 40.0, ""packstat"": 0.5408104062080383, ""sc_value"": 0.6702127456665039}, ""B-C"": {""dG_dSASA_ratio"": -2.8561179637908936, ""dG_separated"": -34.46881103515625, ""dSASA_int"": 1206.84130859375, ""delta_unsatHbonds"": 4.0, ""hbonds_int"": 0.0, ""nres_int"": 40.0, ""packstat"": 0.5611896514892578, ""sc_value"": 0.7794594764709473}, ""B-D"": {""dG_dSASA_ratio"": -2.9540157318115234, ""dG_separated"": -52.738426208496094, ""dSASA_int"": 1785.3131103515625, ""delta_unsatHbonds"": 14.0, ""hbonds_int"": 6.0, ""nres_int"": 76.0, ""packstat"": 0.5978224873542786, ""sc_value"": 0.6959257125854492}, ""C-D"": {""dG_dSASA_ratio"": -2.7223663330078125, ""dG_separated"": -31.80428123474121, ""dSASA_int"": 1168.2586669921875, ""delta_unsatHbonds"": 1.0, ""hbonds_int"": 8.0, ""nres_int"": 48.0, ""packstat"": 0.6037469506263733, ""sc_value"": 0.720996618270874}}"
ova_body_c4_12_ms25_r03	AF3	159	7159	0	0	A-B,A-C,A-D,B-C,B-D,C-D	6	3	1	"{""A-B"": 26, ""A-C"": 72, ""A-D"": 37, ""B-C"": 38, ""B-D"": 70, ""C-D"": 27}"	A-D,B-C	A-B,A-C,B-D,C-D	0.2251686798062058	0.7520243525505066	0.0	-2.8250057697296143	3.314662394129422	0.6148796677589417	0.0	-2.625577926635742	9.267880436196776	"{""A-B"": {""dG_dSASA_ratio"": -2.912849187850952, ""dG_separated"": -32.67204284667969, ""dSASA_int"": 1121.65234375, ""delta_unsatHbonds"": 2.0, ""hbonds_int"": 8.0, ""nres_int"": 48.0, ""packstat"": 0.5661832690238953, ""sc_value"": 0.7379367351531982}, ""A-C"": {""dG_dSASA_ratio"": -2.884378433227539, ""dG_separated"": -50.63801574707031, ""dSASA_int"": 1755.5953369140625, ""delta_unsatHbonds"": 16.0, ""hbonds_int"": 5.0, ""nres_int"": 72.0, ""packstat"": 0.6118150949478149, ""sc_value"": 0.6373220682144165}, ""A-D"": {""dG_dSASA_ratio"": -2.8250057697296143, ""dG_separated"": -33.721435546875, ""dSASA_int"": 1193.6767578125, ""delta_unsatHbonds"": 3.0, ""hbonds_int"": 0.0, ""nres_int"": 40.0, ""packstat"": 0.5401350259780884, ""sc_value"": 0.7520243525505066}, ""B-C"": {""dG_dSASA_ratio"": -2.9325854778289795, ""dG_separated"": -35.389251708984375, ""dSASA_int"": 1206.7593994140625, ""delta_unsatHbonds"": 4.0, ""hbonds_int"": 0.0, ""nres_int"": 40.0, ""packstat"": 0.4575154483318329, ""sc_value"": 0.7717640399932861}, ""B-D"": {""dG_dSASA_ratio"": -3.00801157951355, ""dG_separated"": -51.930091857910156, ""dSASA_int"": 1726.392578125, ""delta_unsatHbonds"": 16.0, ""hbonds_int"": 4.0, ""nres_int"": 76.0, ""packstat"": 0.5546784400939941, ""sc_value"": 0.6148796677589417}, ""C-D"": {""dG_dSASA_ratio"": -2.625577926635742, ""dG_separated"": -31.038450241088867, ""dSASA_int"": 1182.1568603515625, ""delta_unsatHbonds"": 1.0, ""hbonds_int"": 7.0, ""nres_int"": 48.0, ""packstat"": 0.6377894282341003, ""sc_value"": 0.7039297819137573}}"
ova_body_c4_12_ms25_r03	AF3	160	7160	0	0	A-B,A-C,A-D,B-C,B-D,C-D	6	3	1	"{""A-B"": 27, ""A-C"": 70, ""A-D"": 36, ""B-C"": 37, ""B-D"": 72, ""C-D"": 25}"	A-D,B-C	A-B,A-C,B-D,C-D	0.22620262914220557	0.756039023399353	0.0	-2.823639392852783	3.431149577514578	0.6589832901954651	0.0	-2.538753032684326	10.452703811987435	"{""A-B"": {""dG_dSASA_ratio"": -2.7086267471313477, ""dG_separated"": -30.378419876098633, ""dSASA_int"": 1121.543212890625, ""delta_unsatHbonds"": 0.0, ""hbonds_int"": 7.0, ""nres_int"": 48.0, ""packstat"": 0.5791521072387695, ""sc_value"": 0.7174347639083862}, ""A-C"": {""dG_dSASA_ratio"": -2.9539670944213867, ""dG_separated"": -50.868568420410156, ""dSASA_int"": 1722.04248046875, ""delta_unsatHbonds"": 18.0, ""hbonds_int"": 5.0, ""nres_int"": 73.0, ""packstat"": 0.5757079720497131, ""sc_value"": 0.6589832901954651}, ""A-D"": {""dG_dSASA_ratio"": -2.8449974060058594, ""dG_separated"": -33.16669845581055, ""dSASA_int"": 1165.7900390625, ""delta_unsatHbonds"": 4.0, ""hbonds_int"": 0.0, ""nres_int"": 40.0, ""packstat"": 0.6534448862075806, ""sc_value"": 0.756039023399353}, ""B-C"": {""dG_dSASA_ratio"": -2.823639392852783, ""dG_separated"": -34.21882629394531, ""dSASA_int"": 1211.8695068359375, ""delta_unsatHbonds"": 4.0, ""hbonds_int"": 0.0, ""nres_int"": 40.0, ""packstat"": 0.5782897472381592, ""sc_value"": 0.7672319412231445}, ""B-D"": {""dG_dSASA_ratio"": -2.9532268047332764, ""dG_separated"": -52.62269592285156, ""dSASA_int"": 1781.87109375, ""delta_unsatHbonds"": 15.0, ""hbonds_int"": 6.0, ""nres_int"": 76.0, ""packstat"": 0.6098101735115051, ""sc_value"": 0.6974459886550903}, ""C-D"": {""dG_dSASA_ratio"": -2.538753032684326, ""dG_separated"": -29.859888076782227, ""dSASA_int"": 1176.16357421875, ""delta_unsatHbonds"": 1.0, ""hbonds_int"": 7.0, ""nres_int"": 48.0, ""packstat"": 0.5949481725692749, ""sc_value"": 0.7045526504516602}}"
ova_body_c4_12_ms25_r03	AF3	161	7161	0	0	A-B,A-C,A-D,B-C,B-D,C-D	6	3	1	"{""A-B"": 25, ""A-C"": 66, ""A-D"": 34, ""B-C"": 35, ""B-D"": 70, ""C-D"": 25}"	A-D,B-C	A-B,A-C,B-D,C-D	0.23200193565809266	0.6538814306259155	0.0	-2.847984790802002	5.1416861324482115	0.6321108341217041	0.0	-2.561511993408203	10.301040100746988	"{""A-B"": {""dG_dSASA_ratio"": -2.8010334968566895, ""dG_separated"": -31.72976303100586, ""dSASA_int"": 1132.7877197265625, ""delta_unsatHbonds"": 2.0, ""hbonds_int"": 8.0, ""nres_int"": 48.0, ""packstat"": 0.5617676377296448, ""sc_value"": 0.723381757736206}, ""A-C"": {""dG_dSASA_ratio"": -3.098235607147217, ""dG_separated"": -51.079750061035156, ""dSASA_int"": 1648.6722412109375, ""delta_unsatHbonds"": 13.0, ""hbonds_int"": 5.0, ""nres_int"": 72.0, ""packstat"": 0.6339248418807983, ""sc_value"": 0.6321108341217041}, ""A-D"": {""dG_dSASA_ratio"": -3.1741838455200195, ""dG_separated"": -37.04058074951172, ""dSASA_int"": 1166.932373046875, ""delta_unsatHbonds"": 6.0, ""hbonds_int"": 1.0, ""nres_int"": 40.0, ""packstat"": 0.5865868330001831, ""sc_value"": 0.7341629266738892}, ""B-C"": {""dG_dSASA_ratio"": -2.847984790802002, ""dG_separated"": -34.996299743652344, ""dSASA_int"": 1228.8092041015625, ""delta_unsatHbonds"": 6.0, ""hbonds_int"": 0.0, ""nres_int"": 41.0, ""packstat"": 0.6820380091667175, ""sc_value"": 0.6538814306259155}, ""B-D"": {""dG_dSASA_ratio"": -3.0225141048431396, ""dG_separated"": -52.815303802490234, ""dSASA_int"": 1747.3963623046875, ""delta_unsatHbonds"": 18.0, ""hbonds_int"": 6.0, ""nres_int"": 77.0, ""packstat"": 0.5859275460243225, ""sc_value"": 0.6777775287628174}, ""C-D"": {""dG_dSASA_ratio"": -2.561511993408203, ""dG_separated"": -28.051258087158203, ""dSASA_int"": 1095.10546875, ""delta_unsatHbonds"": 3.0, ""hbonds_int"": 5.0, ""nres_int"": 48.0, ""packstat"": 0.5825192928314209, ""sc_value"": 0.710421085357666}}"
ova_body_c4_12_ms25_r03	AF3	162	7162	0	0	A-B,A-C,A-D,B-C,B-D,C-D	6	3	1	"{""A-B"": 25, ""A-C"": 73, ""A-D"": 37, ""B-C"": 37, ""B-D"": 70, ""C-D"": 26}"	A-D,B-C	A-B,A-C,B-D,C-D	0.21842155449242479	0.7656692862510681	0.0	-2.835153579711914	3.383310330856734	0.6106657981872559	0.0	-2.7340571880340576	7.428928469009148	"{""A-B"": {""dG_dSASA_ratio"": -2.7340571880340576, ""dG_separated"": -31.299226760864258, ""dSASA_int"": 1144.79052734375, ""delta_unsatHbonds"": 0.0, ""hbonds_int"": 8.0, ""nres_int"": 48.0, ""packstat"": 0.5933218002319336, ""sc_value"": 0.7183932065963745}, ""A-C"": {""dG_dSASA_ratio"": -2.8991928100585938, ""dG_separated"": -51.34479904174805, ""dSASA_int"": 1771.0032958984375, ""delta_unsatHbonds"": 12.0, ""hbonds_int"": 6.0, ""nres_int"": 74.0, ""packstat"": 0.6733091473579407, ""sc_value"": 0.6647520661354065}, ""A-D"": {""dG_dSASA_ratio"": -2.835153579711914, ""dG_separated"": -33.81281280517578, ""dSASA_int"": 1192.627197265625, ""delta_unsatHbonds"": 3.0, ""hbonds_int"": 0.0, ""nres_int"": 40.0, ""packstat"": 0.5481575727462769, ""sc_value"": 0.7687777280807495}, ""B-C"": {""dG_dSASA_ratio"": -2.9017274379730225, ""dG_separated"": -34.30636978149414, ""dSASA_int"": 1182.2740478515625, ""delta_unsatHbonds"": 4.0, ""hbonds_int"": 0.0, ""nres_int"": 40.0, ""packstat"": 0.5382883548736572, ""sc_value"": 0.7656692862510681}, ""B-D"": {""dG_dSASA_ratio"": -2.9488742351531982, ""dG_separated"": -51.602821350097656, ""dSASA_int"": 1749.9158935546875, ""delta_unsatHbonds"": 13.0, ""hbonds_int"": 4.0, ""nres_int"": 76.0, ""packstat"": 0.6213569045066833, ""sc_value"": 0.6106657981872559}, ""C-D"": {""dG_dSASA_ratio"": -2.7399425506591797, ""dG_separated"": -31.9034366607666, ""dSASA_int"": 1164.3834228515625, ""delta_unsatHbonds"": 3.0, ""hbonds_int"": 7.0, ""nres_int"": 48.0, ""packstat"": 0.5425758957862854, ""sc_value"": 0.7156412601470947}}"
ova_body_c4_12_ms25_r03	AF3	163	7163	0	0	A-B,A-C,A-D,B-C,B-D,C-D	6	3	1	"{""A-B"": 25, ""A-C"": 64, ""A-D"": 37, ""B-C"": 36, ""B-D"": 71, ""C-D"": 27}"	A-D,B-C	A-B,A-C,B-D,C-D	0.22002704779558885	0.7301981449127197	0.0	-2.998943328857422	3.484636250681125	0.5998799204826355	0.0	-2.6855363845825195	9.761456783032797	"{""A-B"": {""dG_dSASA_ratio"": -2.933279275894165, ""dG_separated"": -31.88994789123535, ""dSASA_int"": 1087.1773681640625, ""delta_unsatHbonds"": 0.0, ""hbonds_int"": 5.0, ""nres_int"": 48.0, ""packstat"": 0.509996235370636, ""sc_value"": 0.7259804010391235}, ""A-C"": {""dG_dSASA_ratio"": -2.6855363845825195, ""dG_separated"": -45.17953872680664, ""dSASA_int"": 1682.3282470703125, ""delta_unsatHbonds"": 10.0, ""hbonds_int"": 6.0, ""nres_int"": 68.0, ""packstat"": 0.5590171813964844, ""sc_value"": 0.5998799204826355}, ""A-D"": {""dG_dSASA_ratio"": -3.0394246578216553, ""dG_separated"": -34.7849006652832, ""dSASA_int"": 1144.456787109375, ""delta_unsatHbonds"": 2.0, ""hbonds_int"": 0.0, ""nres_int"": 40.0, ""packstat"": 0.5608980655670166, ""sc_value"": 0.7301981449127197}, ""B-C"": {""dG_dSASA_ratio"": -2.998943328857422, ""dG_separated"": -34.42475128173828, ""dSASA_int"": 1147.89599609375, ""delta_unsatHbonds"": 4.0, ""hbonds_int"": 0.0, ""nres_int"": 40.0, ""packstat"": 0.5366432070732117, ""sc_value"": 0.7652929425239563}, ""B-D"": {""dG_dSASA_ratio"": -3.0016274452209473, ""dG_separated"": -52.2746467590332, ""dSASA_int"": 1741.5433349609375, ""delta_unsatHbonds"": 17.0, ""hbonds_int"": 5.0, ""nres_int"": 76.0, ""packstat"": 0.6524795889854431, ""sc_value"": 0.6698100566864014}, ""C-D"": {""dG_dSASA_ratio"": -2.8874130249023438, ""dG_separated"": -33.355613708496094, ""dSASA_int"": 1155.2076416015625, ""delta_unsatHbonds"": 2.0, ""hbonds_int"": 8.0, ""nres_int"": 48.0, ""packstat"": 0.677131175994873, ""sc_value"": 0.7315250635147095}}"
ova_body_c4_12_ms25_r03	AF3	164	7164	0	0	A-B,A-C,A-D,B-C,B-D,C-D	6	3	1	"{""A-B"": 28, ""A-C"": 64, ""A-D"": 34, ""B-C"": 36, ""B-D"": 70, ""C-D"": 24}"	A-D,B-C	A-B,A-C,B-D,C-D	0.24097958848417708	0.6490024328231812	0.0	-2.6660633087158203	5.190643577708535	0.5886980891227722	0.0	-2.5595955848693848	10.330361971803358	"{""A-B"": {""dG_dSASA_ratio"": -2.7631313800811768, ""dG_separated"": -30.972280502319336, ""dSASA_int"": 1120.912353515625, ""delta_unsatHbonds"": 0.0, ""hbonds_int"": 7.0, ""nres_int"": 48.0, ""packstat"": 0.5810593366622925, ""sc_value"": 0.7233174443244934}, ""A-C"": {""dG_dSASA_ratio"": -2.9864916801452637, ""dG_separated"": -48.70958709716797, ""dSASA_int"": 1630.9969482421875, ""delta_unsatHbonds"": 15.0, ""hbonds_int"": 5.0, ""nres_int"": 70.0, ""packstat"": 0.6619350910186768, ""sc_value"": 0.5886980891227722}, ""A-D"": {""dG_dSASA_ratio"": -2.6660633087158203, ""dG_separated"": -30.817720413208008, ""dSASA_int"": 1155.926025390625, ""delta_unsatHbonds"": 6.0, ""hbonds_int"": 0.0, ""nres_int"": 40.0, ""packstat"": 0.5927881002426147, ""sc_value"": 0.7784051299095154}, ""B-C"": {""dG_dSASA_ratio"": -2.80127215385437, ""dG_separated"": -34.99029541015625, ""dSASA_int"": 1249.0859375, ""delta_unsatHbonds"": 4.0, ""hbonds_int"": 0.0, ""nres_int"": 41.0, ""packstat"": 0.5515157580375671, ""sc_value"": 0.6490024328231812}, ""B-D"": {""dG_dSASA_ratio"": -2.992420196533203, ""dG_separated"": -52.141021728515625, ""dSASA_int"": 1742.4365234375, ""delta_unsatHbonds"": 18.0, ""hbonds_int"": 6.0, ""nres_int"": 77.0, ""packstat"": 0.5543442368507385, ""sc_value"": 0.6716101765632629}, ""C-D"": {""dG_dSASA_ratio"": -2.5595955848693848, ""dG_separated"": -27.56977653503418, ""dSASA_int"": 1077.114501953125, ""delta_unsatHbonds"": 3.0, ""hbonds_int"": 5.0, ""nres_int"": 47.0, ""packstat"": 0.5726944208145142, ""sc_value"": 0.7158582210540771}}"
ova_body_c4_12_ms25_r03	AF3	165	7165	0	0	A-B,A-C,A-D,B-C,B-D,C-D	6	3	1	"{""A-B"": 27, ""A-C"": 73, ""A-D"": 36, ""B-C"": 37, ""B-D"": 72, ""C-D"": 26}"	A-D,B-C	A-B,A-C,B-D,C-D	0.22772696673405346	0.7492213249206543	0.0	-2.865798234939575	3.367294352064559	0.6514801979064941	0.0	-2.730428457260132	9.650609597347746	"{""A-B"": {""dG_dSASA_ratio"": -2.783052921295166, ""dG_separated"": -31.603525161743164, ""dSASA_int"": 1135.5704345703125, ""delta_unsatHbonds"": 0.0, ""hbonds_int"": 8.0, ""nres_int"": 48.0, ""packstat"": 0.5287839770317078, ""sc_value"": 0.7237335443496704}, ""A-C"": {""dG_dSASA_ratio"": -2.9327681064605713, ""dG_separated"": -52.48635482788086, ""dSASA_int"": 1789.65234375, ""delta_unsatHbonds"": 17.0, ""hbonds_int"": 6.0, ""nres_int"": 72.0, ""packstat"": 0.61414635181427, ""sc_value"": 0.6772288084030151}, ""A-D"": {""dG_dSASA_ratio"": -2.865798234939575, ""dG_separated"": -33.51839828491211, ""dSASA_int"": 1169.600830078125, ""delta_unsatHbonds"": 3.0, ""hbonds_int"": 0.0, ""nres_int"": 40.0, ""packstat"": 0.4995965361595154, ""sc_value"": 0.7492213249206543}, ""B-C"": {""dG_dSASA_ratio"": -2.892530679702759, ""dG_separated"": -34.360294342041016, ""dSASA_int"": 1187.8973388671875, ""delta_unsatHbonds"": 4.0, ""hbonds_int"": 0.0, ""nres_int"": 40.0, ""packstat"": 0.493387907743454, ""sc_value"": 0.7678400278091431}, ""B-D"": {""dG_dSASA_ratio"": -3.02592134475708, ""dG_separated"": -53.30302047729492, ""dSASA_int"": 1761.5467529296875, ""delta_unsatHbonds"": 17.0, ""hbonds_int"": 5.0, ""nres_int"": 76.0, ""packstat"": 0.5811153650283813, ""sc_value"": 0.6514801979064941}, ""C-D"": {""dG_dSASA_ratio"": -2.730428457260132, ""dG_separated"": -32.33069610595703, ""dSASA_int"": 1184.0888671875, ""delta_unsatHbonds"": 3.0, ""hbonds_int"": 8.0, ""nres_int"": 48.0, ""packstat"": 0.5605366826057434, ""sc_value"": 0.7231498956680298}}"
ova_body_c4_12_ms25_r03	AF3	166	7166	0	0	A-B,A-C,A-D,B-C,B-D,C-D	6	3	1	"{""A-B"": 25, ""A-C"": 71, ""A-D"": 35, ""B-C"": 35, ""B-D"": 71, ""C-D"": 26}"	A-D,B-C	A-B,A-C,B-D,C-D	0.20531061846665694	0.6342167854309082	0.0	-2.1591341495513916	3.3407584871608456	0.6342167854309082	0.0	-2.1591341495513916	12.099509519452567	"{""A-B"": {""dG_dSASA_ratio"": -2.620938777923584, ""dG_separated"": -29.2906494140625, ""dSASA_int"": 1117.5633544921875, ""delta_unsatHbonds"": 0.0, ""hbonds_int"": 7.0, ""nres_int"": 47.0, ""packstat"": 0.5890849828720093, ""sc_value"": 0.7138723731040955}, ""A-C"": {""dG_dSASA_ratio"": -2.990339994430542, ""dG_separated"": -51.45368576049805, ""dSASA_int"": 1720.6634521484375, ""delta_unsatHbonds"": 14.0, ""hbonds_int"": 7.0, ""nres_int"": 74.0, ""packstat"": 0.6008607149124146, ""sc_value"": 0.6519862413406372}, ""A-D"": {""dG_dSASA_ratio"": -2.1591341495513916, ""dG_separated"": -25.85202407836914, ""dSASA_int"": 1197.3328857421875, ""delta_unsatHbonds"": 4.0, ""hbonds_int"": 0.0, ""nres_int"": 40.0, ""packstat"": 0.5232074856758118, ""sc_value"": 0.747204065322876}, ""B-C"": {""dG_dSASA_ratio"": -2.761113405227661, ""dG_separated"": -34.62959671020508, ""dSASA_int"": 1254.1895751953125, ""delta_unsatHbonds"": 4.0, ""hbonds_int"": 0.0, ""nres_int"": 41.0, ""packstat"": 0.47177067399024963, ""sc_value"": 0.6342167854309082}, ""B-D"": {""dG_dSASA_ratio"": -2.9792346954345703, ""dG_separated"": -51.707820892333984, ""dSASA_int"": 1735.6075439453125, ""delta_unsatHbonds"": 21.0, ""hbonds_int"": 6.0, ""nres_int"": 75.0, ""packstat"": 0.5808678269386292, ""sc_value"": 0.6379302740097046}, ""C-D"": {""dG_dSASA_ratio"": -2.6227104663848877, ""dG_separated"": -30.382001876831055, ""dSASA_int"": 1158.419921875, ""delta_unsatHbonds"": 1.0, ""hbonds_int"": 7.0, ""nres_int"": 48.0, ""packstat"": 0.5646048784255981, ""sc_value"": 0.716110348701477}}"
ova_body_c4_12_ms25_r03	AF3	167	7167	0	0	A-B,A-C,A-D,B-C,B-D,C-D	6	3	1	"{""A-B"": 27, ""A-C"": 71, ""A-D"": 35, ""B-C"": 34, ""B-D"": 71, ""C-D"": 26}"	A-D,B-C	A-B,A-C,B-D,C-D	0.21958054115128875	0.7344293594360352	0.0	-1.9973851442337036	3.3472102410250835	0.678503155708313	0.0	-1.9973851442337036	11.165242730223502	"{""A-B"": {""dG_dSASA_ratio"": -2.738363742828369, ""dG_separated"": -30.446386337280273, ""dSASA_int"": 1111.845947265625, ""delta_unsatHbonds"": 0.0, ""hbonds_int"": 6.0, ""nres_int"": 48.0, ""packstat"": 0.5445908308029175, ""sc_value"": 0.7070121765136719}, ""A-C"": {""dG_dSASA_ratio"": -3.0329737663269043, ""dG_separated"": -52.71027755737305, ""dSASA_int"": 1737.9075927734375, ""delta_unsatHbonds"": 16.0, ""hbonds_int"": 6.0, ""nres_int"": 72.0, ""packstat"": 0.5864988565444946, ""sc_value"": 0.678503155708313}, ""A-D"": {""dG_dSASA_ratio"": -2.1440279483795166, ""dG_separated"": -25.621667861938477, ""dSASA_int"": 1195.0250244140625, ""delta_unsatHbonds"": 4.0, ""hbonds_int"": 0.0, ""nres_int"": 40.0, ""packstat"": 0.6445585489273071, ""sc_value"": 0.7371608018875122}, ""B-C"": {""dG_dSASA_ratio"": -1.9973851442337036, ""dG_separated"": -24.742319107055664, ""dSASA_int"": 1238.7354736328125, ""delta_unsatHbonds"": 4.0, ""hbonds_int"": 0.0, ""nres_int"": 40.0, ""packstat"": 0.5488114356994629, ""sc_value"": 0.7344293594360352}, ""B-D"": {""dG_dSASA_ratio"": -2.99725079536438, ""dG_separated"": -53.68894958496094, ""dSASA_int"": 1791.273193359375, ""delta_unsatHbonds"": 20.0, ""hbonds_int"": 6.0, ""nres_int"": 76.0, ""packstat"": 0.5698171257972717, ""sc_value"": 0.691835880279541}, ""C-D"": {""dG_dSASA_ratio"": -2.690145969390869, ""dG_separated"": -31.24185562133789, ""dSASA_int"": 1161.34423828125, ""delta_unsatHbonds"": 5.0, ""hbonds_int"": 7.0, ""nres_int"": 48.0, ""packstat"": 0.5840826630592346, ""sc_value"": 0.7203209400177002}}"
ova_body_c4_12_ms25_r03	AF3	168	7168	0	0	A-B,A-C,A-D,B-C,B-D,C-D	6	3	1	"{""A-B"": 25, ""A-C"": 69, ""A-D"": 37, ""B-C"": 36, ""B-D"": 72, ""C-D"": 26}"	A-D,B-C	A-B,A-C,B-D,C-D	0.2140856665719771	0.750214695930481	0.0	-2.848100423812866	3.4128729509925484	0.6319177746772766	0.0	-2.724792003631592	7.960745461952367	"{""A-B"": {""dG_dSASA_ratio"": -2.7529983520507812, ""dG_separated"": -31.0224666595459, ""dSASA_int"": 1126.861083984375, ""delta_unsatHbonds"": 2.0, ""hbonds_int"": 7.0, ""nres_int"": 48.0, ""packstat"": 0.6315550804138184, ""sc_value"": 0.7289003133773804}, ""A-C"": {""dG_dSASA_ratio"": -2.8735849857330322, ""dG_separated"": -50.535709381103516, ""dSASA_int"": 1758.6292724609375, ""delta_unsatHbonds"": 14.0, ""hbonds_int"": 6.0, ""nres_int"": 70.0, ""packstat"": 0.5540458559989929, ""sc_value"": 0.6319177746772766}, ""A-D"": {""dG_dSASA_ratio"": -2.9577836990356445, ""dG_separated"": -34.155723571777344, ""dSASA_int"": 1154.774169921875, ""delta_unsatHbonds"": 2.0, ""hbonds_int"": 0.0, ""nres_int"": 40.0, ""packstat"": 0.5044097900390625, ""sc_value"": 0.750214695930481}, ""B-C"": {""dG_dSASA_ratio"": -2.848100423812866, ""dG_separated"": -33.38067626953125, ""dSASA_int"": 1172.0330810546875, ""delta_unsatHbonds"": 4.0, ""hbonds_int"": 0.0, ""nres_int"": 40.0, ""packstat"": 0.564202070236206, ""sc_value"": 0.7725992202758789}, ""B-D"": {""dG_dSASA_ratio"": -2.919046640396118, ""dG_separated"": -51.37941360473633, ""dSASA_int"": 1760.1436767578125, ""delta_unsatHbonds"": 14.0, ""hbonds_int"": 5.0, ""nres_int"": 76.0, ""packstat"": 0.6206642389297485, ""sc_value"": 0.6469444036483765}, ""C-D"": {""dG_dSASA_ratio"": -2.724792003631592, ""dG_separated"": -32.28650665283203, ""dSASA_int"": 1184.91650390625, ""delta_unsatHbonds"": 3.0, ""hbonds_int"": 8.0, ""nres_int"": 48.0, ""packstat"": 0.5397524237632751, ""sc_value"": 0.726421058177948}}"
ova_body_c4_12_ms25_r03	AF3	169	7169	0	0	A-B,A-C,A-D,B-C,B-D,C-D	6	3	1	"{""A-B"": 25, ""A-C"": 70, ""A-D"": 37, ""B-C"": 34, ""B-D"": 74, ""C-D"": 28}"	A-D,B-C	A-B,A-C,B-D,C-D	0.21790693278543577	0.6448312401771545	0.0	-2.0095014572143555	8.408079228082492	0.6448312401771545	0.0	-2.0095014572143555	10.325274578457794	"{""A-B"": {""dG_dSASA_ratio"": -2.83311128616333, ""dG_separated"": -32.48059844970703, ""dSASA_int"": 1146.4638671875, ""delta_unsatHbonds"": 2.0, ""hbonds_int"": 8.0, ""nres_int"": 48.0, ""packstat"": 0.5832397937774658, ""sc_value"": 0.7342242002487183}, ""A-C"": {""dG_dSASA_ratio"": -2.9161627292633057, ""dG_separated"": -50.837318420410156, ""dSASA_int"": 1743.2950439453125, ""delta_unsatHbonds"": 18.0, ""hbonds_int"": 6.0, ""nres_int"": 71.0, ""packstat"": 0.6039571762084961, ""sc_value"": 0.6565414667129517}, ""A-D"": {""dG_dSASA_ratio"": -2.0095014572143555, ""dG_separated"": -23.899648666381836, ""dSASA_int"": 1189.332275390625, ""delta_unsatHbonds"": 10.0, ""hbonds_int"": 0.0, ""nres_int"": 40.0, ""packstat"": 0.5412782430648804, ""sc_value"": 0.669666588306427}, ""B-C"": {""dG_dSASA_ratio"": -2.8790154457092285, ""dG_separated"": -34.97536849975586, ""dSASA_int"": 1214.837890625, ""delta_unsatHbonds"": 6.0, ""hbonds_int"": 0.0, ""nres_int"": 41.0, ""packstat"": 0.5160146355628967, ""sc_value"": 0.6448312401771545}, ""B-D"": {""dG_dSASA_ratio"": -2.8024802207946777, ""dG_separated"": -50.08228302001953, ""dSASA_int"": 1787.0699462890625, ""delta_unsatHbonds"": 13.0, ""hbonds_int"": 5.0, ""nres_int"": 77.0, ""packstat"": 0.6029939651489258, ""sc_value"": 0.6502183675765991}, ""C-D"": {""dG_dSASA_ratio"": -2.637786388397217, ""dG_separated"": -31.560884475708008, ""dSASA_int"": 1196.4912109375, ""delta_unsatHbonds"": 1.0, ""hbonds_int"": 8.0, ""nres_int"": 48.0, ""packstat"": 0.5801841616630554, ""sc_value"": 0.7172040343284607}}"
ova_body_c4_12_ms25_r03	AF3	170	7170	0	0	A-B,A-C,A-D,B-C,B-D,C-D	6	3	1	"{""A-B"": 24, ""A-C"": 64, ""A-D"": 32, ""B-C"": 35, ""B-D"": 72, ""C-D"": 26}"	A-D,B-C	A-B,A-C,B-D,C-D	0.21980360912625568	0.7034808993339539	0.0	-2.8407909870147705	6.9576162520471225	0.6339861154556274	0.0	-2.5732576847076416	11.21680033513477	"{""A-B"": {""dG_dSASA_ratio"": -2.6502652168273926, ""dG_separated"": -29.015607833862305, ""dSASA_int"": 1094.8189697265625, ""delta_unsatHbonds"": 2.0, ""hbonds_int"": 6.0, ""nres_int"": 48.0, ""packstat"": 0.5997557640075684, ""sc_value"": 0.716611385345459}, ""A-C"": {""dG_dSASA_ratio"": -2.954014539718628, ""dG_separated"": -49.56326675415039, ""dSASA_int"": 1677.827392578125, ""delta_unsatHbonds"": 12.0, ""hbonds_int"": 6.0, ""nres_int"": 71.0, ""packstat"": 0.5443483591079712, ""sc_value"": 0.6339861154556274}, ""A-D"": {""dG_dSASA_ratio"": -2.8407909870147705, ""dG_separated"": -32.66395950317383, ""dSASA_int"": 1149.819091796875, ""delta_unsatHbonds"": 8.0, ""hbonds_int"": 0.0, ""nres_int"": 38.0, ""packstat"": 0.4695504307746887, ""sc_value"": 0.7034808993339539}, ""B-C"": {""dG_dSASA_ratio"": -2.952136278152466, ""dG_separated"": -33.78883361816406, ""dSASA_int"": 1144.5552978515625, ""delta_unsatHbonds"": 2.0, ""hbonds_int"": 0.0, ""nres_int"": 40.0, ""packstat"": 0.5684115886688232, ""sc_value"": 0.7344827651977539}, ""B-D"": {""dG_dSASA_ratio"": -2.9952166080474854, ""dG_separated"": -53.40590286254883, ""dSASA_int"": 1783.0396728515625, ""delta_unsatHbonds"": 20.0, ""hbonds_int"": 6.0, ""nres_int"": 76.0, ""packstat"": 0.6587529182434082, ""sc_value"": 0.6704649329185486}, ""C-D"": {""dG_dSASA_ratio"": -2.5732576847076416, ""dG_separated"": -28.869054794311523, ""dSASA_int"": 1121.887451171875, ""delta_unsatHbonds"": 1.0, ""hbonds_int"": 6.0, ""nres_int"": 47.0, ""packstat"": 0.548364520072937, ""sc_value"": 0.6905796527862549}}"
ova_body_c4_12_ms25_r03	AF3	171	7171	0	0	A-B,A-C,A-D,B-C,B-D,C-D	6	3	1	"{""A-B"": 26, ""A-C"": 70, ""A-D"": 38, ""B-C"": 36, ""B-D"": 72, ""C-D"": 29}"	A-D,B-C	A-B,A-C,B-D,C-D	0.22952551916279226	0.7465074062347412	0.0	-2.8677382469177246	3.4379497699255355	0.6240848898887634	0.0	-2.702193260192871	7.888100775769621	"{""A-B"": {""dG_dSASA_ratio"": -2.7702972888946533, ""dG_separated"": -31.651578903198242, ""dSASA_int"": 1142.5335693359375, ""delta_unsatHbonds"": 0.0, ""hbonds_int"": 8.0, ""nres_int"": 48.0, ""packstat"": 0.5630972385406494, ""sc_value"": 0.7149291038513184}, ""A-C"": {""dG_dSASA_ratio"": -2.9818906784057617, ""dG_separated"": -50.01079559326172, ""dSASA_int"": 1677.150634765625, ""delta_unsatHbonds"": 13.0, ""hbonds_int"": 5.0, ""nres_int"": 72.0, ""packstat"": 0.6712496876716614, ""sc_value"": 0.6240848898887634}, ""A-D"": {""dG_dSASA_ratio"": -3.122378349304199, ""dG_separated"": -36.7543830871582, ""dSASA_int"": 1177.1278076171875, ""delta_unsatHbonds"": 2.0, ""hbonds_int"": 0.0, ""nres_int"": 40.0, ""packstat"": 0.4958121180534363, ""sc_value"": 0.7465074062347412}, ""B-C"": {""dG_dSASA_ratio"": -2.8677382469177246, ""dG_separated"": -33.36567687988281, ""dSASA_int"": 1163.484130859375, ""delta_unsatHbonds"": 4.0, ""hbonds_int"": 0.0, ""nres_int"": 40.0, ""packstat"": 0.5099816918373108, ""sc_value"": 0.7519110441207886}, ""B-D"": {""dG_dSASA_ratio"": -2.9046270847320557, ""dG_separated"": -51.55205535888672, ""dSASA_int"": 1774.8251953125, ""delta_unsatHbonds"": 14.0, ""hbonds_int"": 5.0, ""nres_int"": 76.0, ""packstat"": 0.5885292887687683, ""sc_value"": 0.6524790525436401}, ""C-D"": {""dG_dSASA_ratio"": -2.702193260192871, ""dG_separated"": -31.82781410217285, ""dSASA_int"": 1177.85107421875, ""delta_unsatHbonds"": 1.0, ""hbonds_int"": 8.0, ""nres_int"": 48.0, ""packstat"": 0.5788025856018066, ""sc_value"": 0.7236029505729675}}"
ova_body_c4_12_ms25_r03	AF3	172	7172	0	0	A-B,A-C,A-D,B-C,B-D,C-D	6	3	1	"{""A-B"": 24, ""A-C"": 66, ""A-D"": 36, ""B-C"": 34, ""B-D"": 71, ""C-D"": 26}"	A-D,B-C	A-B,A-C,B-D,C-D	0.21912597562199038	0.6291437149047852	0.0	-2.8693807125091553	3.3034012996456563	0.6291437149047852	0.0	-2.6052322387695312	9.361114237703967	"{""A-B"": {""dG_dSASA_ratio"": -2.675614833831787, ""dG_separated"": -29.459516525268555, ""dSASA_int"": 1101.0372314453125, ""delta_unsatHbonds"": 2.0, ""hbonds_int"": 6.0, ""nres_int"": 48.0, ""packstat"": 0.5694851279258728, ""sc_value"": 0.7201641201972961}, ""A-C"": {""dG_dSASA_ratio"": -3.028148889541626, ""dG_separated"": -51.75706481933594, ""dSASA_int"": 1709.1982421875, ""delta_unsatHbonds"": 16.0, ""hbonds_int"": 6.0, ""nres_int"": 72.0, ""packstat"": 0.649226188659668, ""sc_value"": 0.6343377828598022}, ""A-D"": {""dG_dSASA_ratio"": -2.8693807125091553, ""dG_separated"": -33.10400390625, ""dSASA_int"": 1153.698486328125, ""delta_unsatHbonds"": 2.0, ""hbonds_int"": 0.0, ""nres_int"": 40.0, ""packstat"": 0.6003928184509277, ""sc_value"": 0.7443010807037354}, ""B-C"": {""dG_dSASA_ratio"": -2.875307559967041, ""dG_separated"": -34.81632995605469, ""dSASA_int"": 1210.8731689453125, ""delta_unsatHbonds"": 4.0, ""hbonds_int"": 0.0, ""nres_int"": 41.0, ""packstat"": 0.547540009021759, ""sc_value"": 0.6291437149047852}, ""B-D"": {""dG_dSASA_ratio"": -2.9962337017059326, ""dG_separated"": -51.88594055175781, ""dSASA_int"": 1731.705322265625, ""delta_unsatHbonds"": 13.0, ""hbonds_int"": 7.0, ""nres_int"": 76.0, ""packstat"": 0.5718731880187988, ""sc_value"": 0.6678434610366821}, ""C-D"": {""dG_dSASA_ratio"": -2.6052322387695312, ""dG_separated"": -29.16411018371582, ""dSASA_int"": 1119.4437255859375, ""delta_unsatHbonds"": 1.0, ""hbonds_int"": 6.0, ""nres_int"": 48.0, ""packstat"": 0.5931020975112915, ""sc_value"": 0.7165336608886719}}"
ova_body_c4_12_ms25_r03	AF3	173	7173	0	0	A-B,A-C,A-D,B-C,B-D,C-D	6	3	1	"{""A-B"": 26, ""A-C"": 69, ""A-D"": 36, ""B-C"": 38, ""B-D"": 71, ""C-D"": 27}"	A-D,B-C	A-B,A-C,B-D,C-D	0.21415202649118453	0.6708568930625916	0.0	-2.0612802505493164	6.708548690821646	0.5859641432762146	0.0	-2.0612802505493164	6.795031547916398	"{""A-B"": {""dG_dSASA_ratio"": -2.8627195358276367, ""dG_separated"": -31.25577163696289, ""dSASA_int"": 1091.8209228515625, ""delta_unsatHbonds"": 2.0, ""hbonds_int"": 7.0, ""nres_int"": 48.0, ""packstat"": 0.6463283896446228, ""sc_value"": 0.7195364236831665}, ""A-C"": {""dG_dSASA_ratio"": -2.7850780487060547, ""dG_separated"": -47.65079879760742, ""dSASA_int"": 1710.93212890625, ""delta_unsatHbonds"": 11.0, ""hbonds_int"": 4.0, ""nres_int"": 70.0, ""packstat"": 0.5671142935752869, ""sc_value"": 0.5859641432762146}, ""A-D"": {""dG_dSASA_ratio"": -2.4550158977508545, ""dG_separated"": -29.276268005371094, ""dSASA_int"": 1192.50830078125, ""delta_unsatHbonds"": 8.0, ""hbonds_int"": 0.0, ""nres_int"": 40.0, ""packstat"": 0.5290189981460571, ""sc_value"": 0.6708568930625916}, ""B-C"": {""dG_dSASA_ratio"": -2.0612802505493164, ""dG_separated"": -25.02788734436035, ""dSASA_int"": 1214.19140625, ""delta_unsatHbonds"": 4.0, ""hbonds_int"": 0.0, ""nres_int"": 40.0, ""packstat"": 0.4891650080680847, ""sc_value"": 0.6710163354873657}, ""B-D"": {""dG_dSASA_ratio"": -2.7982780933380127, ""dG_separated"": -49.417484283447266, ""dSASA_int"": 1765.9962158203125, ""delta_unsatHbonds"": 12.0, ""hbonds_int"": 5.0, ""nres_int"": 74.0, ""packstat"": 0.6156479716300964, ""sc_value"": 0.611190140247345}, ""C-D"": {""dG_dSASA_ratio"": -2.8287224769592285, ""dG_separated"": -32.56134796142578, ""dSASA_int"": 1151.0972900390625, ""delta_unsatHbonds"": 3.0, ""hbonds_int"": 8.0, ""nres_int"": 48.0, ""packstat"": 0.5453234314918518, ""sc_value"": 0.7340346574783325}}"
ova_body_c4_12_ms25_r03	AF3	174	7174	0	0	A-B,A-C,A-D,B-C,B-D,C-D	6	3	1	"{""A-B"": 25, ""A-C"": 67, ""A-D"": 37, ""B-C"": 36, ""B-D"": 72, ""C-D"": 27}"	A-D,B-C	A-B,A-C,B-D,C-D	0.21394907855102496	0.7629040479660034	0.0	-2.8531384468078613	3.3757840652030713	0.5958497524261475	0.0	-2.576489210128784	7.870036794727691	"{""A-B"": {""dG_dSASA_ratio"": -2.576489210128784, ""dG_separated"": -28.044612884521484, ""dSASA_int"": 1088.481689453125, ""delta_unsatHbonds"": 0.0, ""hbonds_int"": 5.0, ""nres_int"": 48.0, ""packstat"": 0.588180661201477, ""sc_value"": 0.7217918634414673}, ""A-C"": {""dG_dSASA_ratio"": -2.900979995727539, ""dG_separated"": -48.762290954589844, ""dSASA_int"": 1680.8902587890625, ""delta_unsatHbonds"": 13.0, ""hbonds_int"": 4.0, ""nres_int"": 71.0, ""packstat"": 0.6148847341537476, ""sc_value"": 0.5958497524261475}, ""A-D"": {""dG_dSASA_ratio"": -2.8837697505950928, ""dG_separated"": -34.17007064819336, ""dSASA_int"": 1184.909912109375, ""delta_unsatHbonds"": 4.0, ""hbonds_int"": 0.0, ""nres_int"": 40.0, ""packstat"": 0.5662256479263306, ""sc_value"": 0.7629040479660034}, ""B-C"": {""dG_dSASA_ratio"": -2.8531384468078613, ""dG_separated"": -34.61723327636719, ""dSASA_int"": 1213.3035888671875, ""delta_unsatHbonds"": 4.0, ""hbonds_int"": 0.0, ""nres_int"": 40.0, ""packstat"": 0.606866717338562, ""sc_value"": 0.7752724885940552}, ""B-D"": {""dG_dSASA_ratio"": -2.9146480560302734, ""dG_separated"": -51.8486442565918, ""dSASA_int"": 1778.89892578125, ""delta_unsatHbonds"": 14.0, ""hbonds_int"": 6.0, ""nres_int"": 76.0, ""packstat"": 0.6417452096939087, ""sc_value"": 0.6826379299163818}, ""C-D"": {""dG_dSASA_ratio"": -2.6850833892822266, ""dG_separated"": -30.98567771911621, ""dSASA_int"": 1153.9931640625, ""delta_unsatHbonds"": 1.0, ""hbonds_int"": 7.0, ""nres_int"": 48.0, ""packstat"": 0.5673385262489319, ""sc_value"": 0.720287561416626}}"
ova_body_c4_12_ms25_r03	AF3	175	7175	0	0	A-B,A-C,A-D,B-C,B-D,C-D	6	3	1	"{""A-B"": 25, ""A-C"": 65, ""A-D"": 36, ""B-C"": 35, ""B-D"": 70, ""C-D"": 28}"	A-D,B-C	A-B,A-C,B-D,C-D	0.21278931022383418	0.6057084202766418	0.0	-2.001971483230591	3.2433137584382528	0.6057084202766418	0.0	-2.001971483230591	8.994466020829897	"{""A-B"": {""dG_dSASA_ratio"": -2.62078595161438, ""dG_separated"": -28.82338523864746, ""dSASA_int"": 1099.79931640625, ""delta_unsatHbonds"": 0.0, ""hbonds_int"": 5.0, ""nres_int"": 48.0, ""packstat"": 0.5512332916259766, ""sc_value"": 0.7371301054954529}, ""A-C"": {""dG_dSASA_ratio"": -2.6686055660247803, ""dG_separated"": -46.01927185058594, ""dSASA_int"": 1724.4688720703125, ""delta_unsatHbonds"": 7.0, ""hbonds_int"": 5.0, ""nres_int"": 69.0, ""packstat"": 0.5616099238395691, ""sc_value"": 0.6070030927658081}, ""A-D"": {""dG_dSASA_ratio"": -2.9050135612487793, ""dG_separated"": -35.82772445678711, ""dSASA_int"": 1233.3065185546875, ""delta_unsatHbonds"": 4.0, ""hbonds_int"": 0.0, ""nres_int"": 38.0, ""packstat"": 0.5289346575737, ""sc_value"": 0.6057084202766418}, ""B-C"": {""dG_dSASA_ratio"": -2.001971483230591, ""dG_separated"": -25.037094116210938, ""dSASA_int"": 1250.621826171875, ""delta_unsatHbonds"": 4.0, ""hbonds_int"": 0.0, ""nres_int"": 40.0, ""packstat"": 0.46156489849090576, ""sc_value"": 0.7294120788574219}, ""B-D"": {""dG_dSASA_ratio"": -2.9836575984954834, ""dG_separated"": -53.075439453125, ""dSASA_int"": 1778.87158203125, ""delta_unsatHbonds"": 16.0, ""hbonds_int"": 5.0, ""nres_int"": 76.0, ""packstat"": 0.5947940349578857, ""sc_value"": 0.6583157777786255}, ""C-D"": {""dG_dSASA_ratio"": -2.7961628437042236, ""dG_separated"": -32.50322341918945, ""dSASA_int"": 1162.4224853515625, ""delta_unsatHbonds"": 3.0, ""hbonds_int"": 8.0, ""nres_int"": 48.0, ""packstat"": 0.6302797198295593, ""sc_value"": 0.7184747457504272}}"
ova_body_c4_12_ms25_r03	AF3	176	7176	0	0	A-B,A-C,A-D,B-C,B-D,C-D	6	3	1	"{""A-B"": 27, ""A-C"": 68, ""A-D"": 36, ""B-C"": 36, ""B-D"": 72, ""C-D"": 28}"	A-D,B-C	A-B,A-C,B-D,C-D	0.23626171947118896	0.7565029859542847	0.0	-2.8723323345184326	3.404736727755826	0.6331125497817993	0.0	-2.694287061691284	9.017970993220743	"{""A-B"": {""dG_dSASA_ratio"": -2.777449369430542, ""dG_separated"": -31.826549530029297, ""dSASA_int"": 1145.8912353515625, ""delta_unsatHbonds"": 0.0, ""hbonds_int"": 8.0, ""nres_int"": 48.0, ""packstat"": 0.5580266714096069, ""sc_value"": 0.7136512994766235}, ""A-C"": {""dG_dSASA_ratio"": -3.0546646118164062, ""dG_separated"": -50.80962371826172, ""dSASA_int"": 1663.3453369140625, ""delta_unsatHbonds"": 15.0, ""hbonds_int"": 5.0, ""nres_int"": 72.0, ""packstat"": 0.5628334283828735, ""sc_value"": 0.6331125497817993}, ""A-D"": {""dG_dSASA_ratio"": -3.032792806625366, ""dG_separated"": -35.4607048034668, ""dSASA_int"": 1169.2425537109375, ""delta_unsatHbonds"": 2.0, ""hbonds_int"": 0.0, ""nres_int"": 40.0, ""packstat"": 0.5695416331291199, ""sc_value"": 0.7574623823165894}, ""B-C"": {""dG_dSASA_ratio"": -2.8723323345184326, ""dG_separated"": -33.74513244628906, ""dSASA_int"": 1174.8338623046875, ""delta_unsatHbonds"": 4.0, ""hbonds_int"": 0.0, ""nres_int"": 40.0, ""packstat"": 0.5831531286239624, ""sc_value"": 0.7565029859542847}, ""B-D"": {""dG_dSASA_ratio"": -2.9066319465637207, ""dG_separated"": -52.161041259765625, ""dSASA_int"": 1794.5526123046875, ""delta_unsatHbonds"": 16.0, ""hbonds_int"": 6.0, ""nres_int"": 76.0, ""packstat"": 0.6440873146057129, ""sc_value"": 0.6960147619247437}, ""C-D"": {""dG_dSASA_ratio"": -2.694287061691284, ""dG_separated"": -31.780715942382812, ""dSASA_int"": 1179.5594482421875, ""delta_unsatHbonds"": 1.0, ""hbonds_int"": 8.0, ""nres_int"": 48.0, ""packstat"": 0.602277398109436, ""sc_value"": 0.7242162823677063}}"
ova_body_c4_12_ms25_r03	AF3	177	7177	0	0	A-B,A-C,A-D,B-C,B-D,C-D	6	3	1	"{""A-B"": 25, ""A-C"": 71, ""A-D"": 36, ""B-C"": 37, ""B-D"": 71, ""C-D"": 26}"	A-D,B-C	A-B,A-C,B-D,C-D	0.22858091269146583	0.749443531036377	0.0	-2.9447059631347656	3.3916500903494677	0.6406757831573486	0.0	-2.8778367042541504	9.00850375482618	"{""A-B"": {""dG_dSASA_ratio"": -2.8778367042541504, ""dG_separated"": -32.474586486816406, ""dSASA_int"": 1128.4375, ""delta_unsatHbonds"": 2.0, ""hbonds_int"": 8.0, ""nres_int"": 48.0, ""packstat"": 0.5796716213226318, ""sc_value"": 0.7211516499519348}, ""A-C"": {""dG_dSASA_ratio"": -2.9959373474121094, ""dG_separated"": -52.321388244628906, ""dSASA_int"": 1746.411376953125, ""delta_unsatHbonds"": 15.0, ""hbonds_int"": 6.0, ""nres_int"": 72.0, ""packstat"": 0.6116958856582642, ""sc_value"": 0.6628801822662354}, ""A-D"": {""dG_dSASA_ratio"": -3.104984760284424, ""dG_separated"": -35.23930740356445, ""dSASA_int"": 1134.9268798828125, ""delta_unsatHbonds"": 2.0, ""hbonds_int"": 0.0, ""nres_int"": 40.0, ""packstat"": 0.5336143970489502, ""sc_value"": 0.749443531036377}, ""B-C"": {""dG_dSASA_ratio"": -2.9447059631347656, ""dG_separated"": -34.72888946533203, ""dSASA_int"": 1179.366943359375, ""delta_unsatHbonds"": 4.0, ""hbonds_int"": 0.0, ""nres_int"": 40.0, ""packstat"": 0.5562499165534973, ""sc_value"": 0.7670321464538574}, ""B-D"": {""dG_dSASA_ratio"": -2.9926490783691406, ""dG_separated"": -53.152427673339844, ""dSASA_int"": 1776.099609375, ""delta_unsatHbonds"": 16.0, ""hbonds_int"": 5.0, ""nres_int"": 76.0, ""packstat"": 0.5959844589233398, ""sc_value"": 0.6406757831573486}, ""C-D"": {""dG_dSASA_ratio"": -2.9272239208221436, ""dG_separated"": -33.75922393798828, ""dSASA_int"": 1153.28466796875, ""delta_unsatHbonds"": 1.0, ""hbonds_int"": 7.0, ""nres_int"": 48.0, ""packstat"": 0.6037097573280334, ""sc_value"": 0.7237724661827087}}"
ova_body_c4_12_ms25_r03	AF3	178	7178	0	0	A-B,A-C,A-D,B-C,B-D,C-D	6	3	1	"{""A-B"": 26, ""A-C"": 70, ""A-D"": 38, ""B-C"": 34, ""B-D"": 73, ""C-D"": 28}"	A-D,B-C	A-B,A-C,B-D,C-D	0.21889330193044237	0.651349663734436	0.0	-2.7769126892089844	5.671879440119506	0.5859699249267578	0.0	-2.692702293395996	8.43105468665575	"{""A-B"": {""dG_dSASA_ratio"": -2.862967014312744, ""dG_separated"": -32.88105773925781, ""dSASA_int"": 1148.495849609375, ""delta_unsatHbonds"": 0.0, ""hbonds_int"": 8.0, ""nres_int"": 48.0, ""packstat"": 0.5413066744804382, ""sc_value"": 0.7293822765350342}, ""A-C"": {""dG_dSASA_ratio"": -2.783466339111328, ""dG_separated"": -47.804893493652344, ""dSASA_int"": 1717.4591064453125, ""delta_unsatHbonds"": 14.0, ""hbonds_int"": 4.0, ""nres_int"": 70.0, ""packstat"": 0.572563886642456, ""sc_value"": 0.5859699249267578}, ""A-D"": {""dG_dSASA_ratio"": -2.88027024269104, ""dG_separated"": -34.75796127319336, ""dSASA_int"": 1206.7603759765625, ""delta_unsatHbonds"": 2.0, ""hbonds_int"": 0.0, ""nres_int"": 40.0, ""packstat"": 0.5632125735282898, ""sc_value"": 0.7651547789573669}, ""B-C"": {""dG_dSASA_ratio"": -2.7769126892089844, ""dG_separated"": -34.27151107788086, ""dSASA_int"": 1234.1588134765625, ""delta_unsatHbonds"": 7.0, ""hbonds_int"": 0.0, ""nres_int"": 41.0, ""packstat"": 0.48663589358329773, ""sc_value"": 0.651349663734436}, ""B-D"": {""dG_dSASA_ratio"": -2.8422203063964844, ""dG_separated"": -50.56698989868164, ""dSASA_int"": 1779.1368408203125, ""delta_unsatHbonds"": 15.0, ""hbonds_int"": 5.0, ""nres_int"": 76.0, ""packstat"": 0.5378542542457581, ""sc_value"": 0.6554810404777527}, ""C-D"": {""dG_dSASA_ratio"": -2.692702293395996, ""dG_separated"": -31.982614517211914, ""dSASA_int"": 1187.751708984375, ""delta_unsatHbonds"": 1.0, ""hbonds_int"": 8.0, ""nres_int"": 48.0, ""packstat"": 0.566272497177124, ""sc_value"": 0.7266306281089783}}"
ova_body_c4_12_ms25_r03	AF3	179	7179	0	0	A-B,A-C,A-D,B-C,B-D,C-D	6	3	1	"{""A-B"": 27, ""A-C"": 66, ""A-D"": 37, ""B-C"": 37, ""B-D"": 71, ""C-D"": 26}"	A-D,B-C	A-B,A-C,B-D,C-D	0.23621363650731098	0.7542469501495361	0.0	-2.898390769958496	3.338178759024304	0.5918750762939453	0.0	-2.63651180267334	9.795033074079422	"{""A-B"": {""dG_dSASA_ratio"": -2.8567423820495605, ""dG_separated"": -32.143367767333984, ""dSASA_int"": 1125.175537109375, ""delta_unsatHbonds"": 0.0, ""hbonds_int"": 8.0, ""nres_int"": 48.0, ""packstat"": 0.5911829471588135, ""sc_value"": 0.7214667797088623}, ""A-C"": {""dG_dSASA_ratio"": -2.9989821910858154, ""dG_separated"": -48.98780059814453, ""dSASA_int"": 1633.48095703125, ""delta_unsatHbonds"": 16.0, ""hbonds_int"": 4.0, ""nres_int"": 71.0, ""packstat"": 0.5771856307983398, ""sc_value"": 0.5918750762939453}, ""A-D"": {""dG_dSASA_ratio"": -2.96357798576355, ""dG_separated"": -34.96987533569336, ""dSASA_int"": 1179.9884033203125, ""delta_unsatHbonds"": 2.0, ""hbonds_int"": 0.0, ""nres_int"": 40.0, ""packstat"": 0.5148246884346008, ""sc_value"": 0.7542469501495361}, ""B-C"": {""dG_dSASA_ratio"": -2.898390769958496, ""dG_separated"": -34.73020553588867, ""dSASA_int"": 1198.2581787109375, ""delta_unsatHbonds"": 4.0, ""hbonds_int"": 0.0, ""nres_int"": 40.0, ""packstat"": 0.4766538143157959, ""sc_value"": 0.7709293365478516}, ""B-D"": {""dG_dSASA_ratio"": -2.8964951038360596, ""dG_separated"": -51.47881317138672, ""dSASA_int"": 1777.279541015625, ""delta_unsatHbonds"": 17.0, ""hbonds_int"": 6.0, ""nres_int"": 76.0, ""packstat"": 0.5834996700286865, ""sc_value"": 0.7007356882095337}, ""C-D"": {""dG_dSASA_ratio"": -2.63651180267334, ""dG_separated"": -30.486467361450195, ""dSASA_int"": 1156.318359375, ""delta_unsatHbonds"": 1.0, ""hbonds_int"": 7.0, ""nres_int"": 48.0, ""packstat"": 0.5924646258354187, ""sc_value"": 0.7155369520187378}}"
ova_body_c4_12_ms25_r03	AF3	180	7180	0	0	A-B,A-C,A-D,B-C,B-D,C-D	6	3	1	"{""A-B"": 25, ""A-C"": 72, ""A-D"": 34, ""B-C"": 36, ""B-D"": 71, ""C-D"": 25}"	A-D,B-C	A-B,A-C,B-D,C-D	0.2167945002768846	0.7379686832427979	0.0	-2.067582130432129	5.169720323725968	0.6620724201202393	0.0	-2.067582130432129	9.643144652293811	"{""A-B"": {""dG_dSASA_ratio"": -2.8650641441345215, ""dG_separated"": -32.25551223754883, ""dSASA_int"": 1125.8216552734375, ""delta_unsatHbonds"": 2.0, ""hbonds_int"": 8.0, ""nres_int"": 48.0, ""packstat"": 0.4964258372783661, ""sc_value"": 0.7300130128860474}, ""A-C"": {""dG_dSASA_ratio"": -3.0207736492156982, ""dG_separated"": -53.25353240966797, ""dSASA_int"": 1762.910400390625, ""delta_unsatHbonds"": 17.0, ""hbonds_int"": 6.0, ""nres_int"": 74.0, ""packstat"": 0.5881792902946472, ""sc_value"": 0.6679976582527161}, ""A-D"": {""dG_dSASA_ratio"": -2.067582130432129, ""dG_separated"": -24.85237693786621, ""dSASA_int"": 1202.0018310546875, ""delta_unsatHbonds"": 6.0, ""hbonds_int"": 0.0, ""nres_int"": 40.0, ""packstat"": 0.5067012906074524, ""sc_value"": 0.7379686832427979}, ""B-C"": {""dG_dSASA_ratio"": -2.93859601020813, ""dG_separated"": -34.105472564697266, ""dSASA_int"": 1160.6043701171875, ""delta_unsatHbonds"": 6.0, ""hbonds_int"": 0.0, ""nres_int"": 40.0, ""packstat"": 0.5479993224143982, ""sc_value"": 0.7630587816238403}, ""B-D"": {""dG_dSASA_ratio"": -3.013970136642456, ""dG_separated"": -52.947200775146484, ""dSASA_int"": 1756.7261962890625, ""delta_unsatHbonds"": 16.0, ""hbonds_int"": 6.0, ""nres_int"": 76.0, ""packstat"": 0.6035293936729431, ""sc_value"": 0.6620724201202393}, ""C-D"": {""dG_dSASA_ratio"": -2.4368603229522705, ""dG_separated"": -26.830642700195312, ""dSASA_int"": 1101.0333251953125, ""delta_unsatHbonds"": 2.0, ""hbonds_int"": 4.0, ""nres_int"": 48.0, ""packstat"": 0.5973196625709534, ""sc_value"": 0.7150821089744568}}"
ova_body_c4_12_ms25_r03	AF3	181	7181	0	0	A-B,A-C,A-D,B-C,B-D,C-D	6	3	1	"{""A-B"": 25, ""A-C"": 65, ""A-D"": 35, ""B-C"": 36, ""B-D"": 72, ""C-D"": 27}"	A-D,B-C	A-B,A-C,B-D,C-D	0.21493602504613704	0.6350947022438049	0.0	-2.951723337173462	4.9482792467646215	0.6174386739730835	0.0	-2.7339000701904297	10.809507933394148	"{""A-B"": {""dG_dSASA_ratio"": -2.7339000701904297, ""dG_separated"": -30.074630737304688, ""dSASA_int"": 1100.0633544921875, ""delta_unsatHbonds"": 2.0, ""hbonds_int"": 6.0, ""nres_int"": 48.0, ""packstat"": 0.581328272819519, ""sc_value"": 0.7137102484703064}, ""A-C"": {""dG_dSASA_ratio"": -2.9038071632385254, ""dG_separated"": -48.35421371459961, ""dSASA_int"": 1665.20068359375, ""delta_unsatHbonds"": 18.0, ""hbonds_int"": 5.0, ""nres_int"": 70.0, ""packstat"": 0.6535042524337769, ""sc_value"": 0.6174386739730835}, ""A-D"": {""dG_dSASA_ratio"": -2.978882312774658, ""dG_separated"": -36.12022018432617, ""dSASA_int"": 1212.542724609375, ""delta_unsatHbonds"": 6.0, ""hbonds_int"": 0.0, ""nres_int"": 41.0, ""packstat"": 0.4988160729408264, ""sc_value"": 0.6350947022438049}, ""B-C"": {""dG_dSASA_ratio"": -2.951723337173462, ""dG_separated"": -34.43186950683594, ""dSASA_int"": 1166.5006103515625, ""delta_unsatHbonds"": 4.0, ""hbonds_int"": 0.0, ""nres_int"": 40.0, ""packstat"": 0.4997962713241577, ""sc_value"": 0.7733287811279297}, ""B-D"": {""dG_dSASA_ratio"": -2.9576902389526367, ""dG_separated"": -52.61892318725586, ""dSASA_int"": 1779.054443359375, ""delta_unsatHbonds"": 15.0, ""hbonds_int"": 6.0, ""nres_int"": 75.0, ""packstat"": 0.5866429209709167, ""sc_value"": 0.6761506199836731}, ""C-D"": {""dG_dSASA_ratio"": -2.7686610221862793, ""dG_separated"": -32.2914924621582, ""dSASA_int"": 1166.3216552734375, ""delta_unsatHbonds"": 3.0, ""hbonds_int"": 8.0, ""nres_int"": 48.0, ""packstat"": 0.6003955006599426, ""sc_value"": 0.7238578796386719}}"
ova_body_c4_12_ms25_r03	AF3	182	7182	0	0	A-B,A-C,A-D,B-C,B-D,C-D	6	3	1	"{""A-B"": 27, ""A-C"": 67, ""A-D"": 34, ""B-C"": 36, ""B-D"": 74, ""C-D"": 28}"	A-D,B-C	A-B,A-C,B-D,C-D	0.21228269763953453	0.6297857761383057	0.0	-2.1175501346588135	3.682808745879543	0.6016607284545898	0.0	-2.1175501346588135	7.927230501257983	"{""A-B"": {""dG_dSASA_ratio"": -2.907135486602783, ""dG_separated"": -32.72578048706055, ""dSASA_int"": 1125.7054443359375, ""delta_unsatHbonds"": 2.0, ""hbonds_int"": 8.0, ""nres_int"": 48.0, ""packstat"": 0.6031627058982849, ""sc_value"": 0.7252326011657715}, ""A-C"": {""dG_dSASA_ratio"": -2.950143337249756, ""dG_separated"": -48.37990188598633, ""dSASA_int"": 1639.9169921875, ""delta_unsatHbonds"": 13.0, ""hbonds_int"": 5.0, ""nres_int"": 69.0, ""packstat"": 0.551386833190918, ""sc_value"": 0.6016607284545898}, ""A-D"": {""dG_dSASA_ratio"": -2.1175501346588135, ""dG_separated"": -28.749120712280273, ""dSASA_int"": 1357.659423828125, ""delta_unsatHbonds"": 5.0, ""hbonds_int"": 1.0, ""nres_int"": 41.0, ""packstat"": 0.533020555973053, ""sc_value"": 0.6297857761383057}, ""B-C"": {""dG_dSASA_ratio"": -2.8607513904571533, ""dG_separated"": -34.434837341308594, ""dSASA_int"": 1203.698974609375, ""delta_unsatHbonds"": 4.0, ""hbonds_int"": 0.0, ""nres_int"": 40.0, ""packstat"": 0.5450420379638672, ""sc_value"": 0.7713744640350342}, ""B-D"": {""dG_dSASA_ratio"": -2.9399843215942383, ""dG_separated"": -52.06745529174805, ""dSASA_int"": 1771.0113525390625, ""delta_unsatHbonds"": 14.0, ""hbonds_int"": 7.0, ""nres_int"": 76.0, ""packstat"": 0.5781522393226624, ""sc_value"": 0.6822755336761475}, ""C-D"": {""dG_dSASA_ratio"": -2.7052791118621826, ""dG_separated"": -30.6730899810791, ""dSASA_int"": 1133.8233642578125, ""delta_unsatHbonds"": 3.0, ""hbonds_int"": 7.0, ""nres_int"": 48.0, ""packstat"": 0.545337975025177, ""sc_value"": 0.7141358256340027}}"
ova_body_c4_12_ms25_r03	AF3	183	7183	0	0	A-B,A-C,A-D,B-C,B-D,C-D	6	3	1	"{""A-B"": 27, ""A-C"": 66, ""A-D"": 37, ""B-C"": 37, ""B-D"": 68, ""C-D"": 26}"	A-D,B-C	A-B,A-C,B-D,C-D	0.22682808483184122	0.6935415267944336	0.0	-2.9588170051574707	4.043988245184559	0.628315806388855	0.0	-2.6756911277770996	10.396944036257311	"{""A-B"": {""dG_dSASA_ratio"": -2.7588818073272705, ""dG_separated"": -30.596271514892578, ""dSASA_int"": 1109.009765625, ""delta_unsatHbonds"": 0.0, ""hbonds_int"": 7.0, ""nres_int"": 48.0, ""packstat"": 0.555689811706543, ""sc_value"": 0.7218388915061951}, ""A-C"": {""dG_dSASA_ratio"": -2.983086109161377, ""dG_separated"": -51.0108528137207, ""dSASA_int"": 1710.0028076171875, ""delta_unsatHbonds"": 17.0, ""hbonds_int"": 5.0, ""nres_int"": 75.0, ""packstat"": 0.5515543818473816, ""sc_value"": 0.628315806388855}, ""A-D"": {""dG_dSASA_ratio"": -2.9588170051574707, ""dG_separated"": -35.01651382446289, ""dSASA_int"": 1183.46337890625, ""delta_unsatHbonds"": 4.0, ""hbonds_int"": 0.0, ""nres_int"": 40.0, ""packstat"": 0.5529946684837341, ""sc_value"": 0.7857151031494141}, ""B-C"": {""dG_dSASA_ratio"": -3.3073413372039795, ""dG_separated"": -40.89207458496094, ""dSASA_int"": 1236.4031982421875, ""delta_unsatHbonds"": 5.0, ""hbonds_int"": 2.0, ""nres_int"": 42.0, ""packstat"": 0.5756242275238037, ""sc_value"": 0.6935415267944336}, ""B-D"": {""dG_dSASA_ratio"": -2.958881139755249, ""dG_separated"": -51.22645950317383, ""dSASA_int"": 1731.2779541015625, ""delta_unsatHbonds"": 18.0, ""hbonds_int"": 5.0, ""nres_int"": 76.0, ""packstat"": 0.6298937201499939, ""sc_value"": 0.6484572887420654}, ""C-D"": {""dG_dSASA_ratio"": -2.6756911277770996, ""dG_separated"": -31.05738639831543, ""dSASA_int"": 1160.723876953125, ""delta_unsatHbonds"": 3.0, ""hbonds_int"": 7.0, ""nres_int"": 48.0, ""packstat"": 0.5602515935897827, ""sc_value"": 0.7304633855819702}}"
ova_body_c4_12_ms25_r03	AF3	184	7184	0	0	A-B,A-C,A-D,B-C,B-D,C-D	6	3	1	"{""A-B"": 25, ""A-C"": 67, ""A-D"": 33, ""B-C"": 36, ""B-D"": 68, ""C-D"": 26}"	A-D,B-C	A-B,A-C,B-D,C-D	0.24106354589793183	0.741599440574646	0.0	-1.9697445631027222	3.0983557761150506	0.6541134715080261	0.0	-1.9697445631027222	12.81434697199336	"{""A-B"": {""dG_dSASA_ratio"": -2.740224838256836, ""dG_separated"": -31.355621337890625, ""dSASA_int"": 1144.2718505859375, ""delta_unsatHbonds"": 0.0, ""hbonds_int"": 8.0, ""nres_int"": 48.0, ""packstat"": 0.5159747004508972, ""sc_value"": 0.7234148979187012}, ""A-C"": {""dG_dSASA_ratio"": -3.106308698654175, ""dG_separated"": -51.47309112548828, ""dSASA_int"": 1657.050048828125, ""delta_unsatHbonds"": 14.0, ""hbonds_int"": 5.0, ""nres_int"": 72.0, ""packstat"": 0.5576075315475464, ""sc_value"": 0.6541134715080261}, ""A-D"": {""dG_dSASA_ratio"": -1.9697445631027222, ""dG_separated"": -25.429548263549805, ""dSASA_int"": 1291.00732421875, ""delta_unsatHbonds"": 4.0, ""hbonds_int"": 1.0, ""nres_int"": 41.0, ""packstat"": 0.5531622171401978, ""sc_value"": 0.741599440574646}, ""B-C"": {""dG_dSASA_ratio"": -3.061169147491455, ""dG_separated"": -36.382286071777344, ""dSASA_int"": 1188.509521484375, ""delta_unsatHbonds"": 2.0, ""hbonds_int"": 0.0, ""nres_int"": 40.0, ""packstat"": 0.5815091133117676, ""sc_value"": 0.761621356010437}, ""B-D"": {""dG_dSASA_ratio"": -3.026081085205078, ""dG_separated"": -51.952537536621094, ""dSASA_int"": 1716.82568359375, ""delta_unsatHbonds"": 22.0, ""hbonds_int"": 5.0, ""nres_int"": 76.0, ""packstat"": 0.6011509299278259, ""sc_value"": 0.6689913272857666}, ""C-D"": {""dG_dSASA_ratio"": -2.698793411254883, ""dG_separated"": -30.262903213500977, ""dSASA_int"": 1121.349365234375, ""delta_unsatHbonds"": 4.0, ""hbonds_int"": 6.0, ""nres_int"": 48.0, ""packstat"": 0.59928297996521, ""sc_value"": 0.7357121706008911}}"
ova_body_c4_12_ms25_r03	AF3	185	7185	0	0	A-B,A-C,A-D,B-C,B-D,C-D	6	3	1	"{""A-B"": 27, ""A-C"": 68, ""A-D"": 38, ""B-C"": 37, ""B-D"": 70, ""C-D"": 27}"	A-D,B-C	A-B,A-C,B-D,C-D	0.22452896934205405	0.7615917325019836	0.0	-2.8248000144958496	5.053348959180986	0.6178537607192993	0.0	-2.669123649597168	9.863398754794067	"{""A-B"": {""dG_dSASA_ratio"": -2.9759416580200195, ""dG_separated"": -33.06583786010742, ""dSASA_int"": 1111.1051025390625, ""delta_unsatHbonds"": 2.0, ""hbonds_int"": 8.0, ""nres_int"": 48.0, ""packstat"": 0.5201735496520996, ""sc_value"": 0.7345883846282959}, ""A-C"": {""dG_dSASA_ratio"": -2.669123649597168, ""dG_separated"": -45.446128845214844, ""dSASA_int"": 1702.6610107421875, ""delta_unsatHbonds"": 15.0, ""hbonds_int"": 3.0, ""nres_int"": 69.0, ""packstat"": 0.5870651006698608, ""sc_value"": 0.6178537607192993}, ""A-D"": {""dG_dSASA_ratio"": -2.8248000144958496, ""dG_separated"": -33.53973388671875, ""dSASA_int"": 1187.3314208984375, ""delta_unsatHbonds"": 6.0, ""hbonds_int"": 0.0, ""nres_int"": 40.0, ""packstat"": 0.5230458378791809, ""sc_value"": 0.778515100479126}, ""B-C"": {""dG_dSASA_ratio"": -2.9811830520629883, ""dG_separated"": -35.39927291870117, ""dSASA_int"": 1187.423583984375, ""delta_unsatHbonds"": 4.0, ""hbonds_int"": 0.0, ""nres_int"": 40.0, ""packstat"": 0.5042219758033752, ""sc_value"": 0.7615917325019836}, ""B-D"": {""dG_dSASA_ratio"": -2.97204327583313, ""dG_separated"": -51.22446823120117, ""dSASA_int"": 1723.5438232421875, ""delta_unsatHbonds"": 17.0, ""hbonds_int"": 5.0, ""nres_int"": 76.0, ""packstat"": 0.5811627507209778, ""sc_value"": 0.6240503787994385}, ""C-D"": {""dG_dSASA_ratio"": -2.7125892639160156, ""dG_separated"": -31.058609008789062, ""dSASA_int"": 1144.980224609375, ""delta_unsatHbonds"": 1.0, ""hbonds_int"": 7.0, ""nres_int"": 48.0, ""packstat"": 0.5977071523666382, ""sc_value"": 0.7317888736724854}}"
ova_body_c4_12_ms25_r03	AF3	186	7186	0	0	A-B,A-C,A-D,B-C,B-D,C-D	6	3	1	"{""A-B"": 27, ""A-C"": 67, ""A-D"": 35, ""B-C"": 36, ""B-D"": 72, ""C-D"": 26}"	A-D,B-C	A-B,A-C,B-D,C-D	0.2219463964045552	0.7285910844802856	0.0	-2.2225735187530518	4.8791557249971556	0.6541996002197266	0.0	-2.2225735187530518	9.047662929825597	"{""A-B"": {""dG_dSASA_ratio"": -2.868624687194824, ""dG_separated"": -31.322490692138672, ""dSASA_int"": 1091.899169921875, ""delta_unsatHbonds"": 0.0, ""hbonds_int"": 7.0, ""nres_int"": 48.0, ""packstat"": 0.6188745498657227, ""sc_value"": 0.7221789360046387}, ""A-C"": {""dG_dSASA_ratio"": -3.0513782501220703, ""dG_separated"": -52.1049690246582, ""dSASA_int"": 1707.5880126953125, ""delta_unsatHbonds"": 13.0, ""hbonds_int"": 6.0, ""nres_int"": 73.0, ""packstat"": 0.5692810416221619, ""sc_value"": 0.6541996002197266}, ""A-D"": {""dG_dSASA_ratio"": -2.8644816875457764, ""dG_separated"": -32.79234313964844, ""dSASA_int"": 1144.79150390625, ""delta_unsatHbonds"": 2.0, ""hbonds_int"": 0.0, ""nres_int"": 40.0, ""packstat"": 0.44538378715515137, ""sc_value"": 0.7696670889854431}, ""B-C"": {""dG_dSASA_ratio"": -2.2225735187530518, ""dG_separated"": -27.331451416015625, ""dSASA_int"": 1229.720947265625, ""delta_unsatHbonds"": 6.0, ""hbonds_int"": 1.0, ""nres_int"": 40.0, ""packstat"": 0.518558144569397, ""sc_value"": 0.7285910844802856}, ""B-D"": {""dG_dSASA_ratio"": -2.9998466968536377, ""dG_separated"": -53.049659729003906, ""dSASA_int"": 1768.4124755859375, ""delta_unsatHbonds"": 16.0, ""hbonds_int"": 6.0, ""nres_int"": 76.0, ""packstat"": 0.5828547477722168, ""sc_value"": 0.6821504235267639}, ""C-D"": {""dG_dSASA_ratio"": -2.5226824283599854, ""dG_separated"": -29.011661529541016, ""dSASA_int"": 1150.0322265625, ""delta_unsatHbonds"": 3.0, ""hbonds_int"": 5.0, ""nres_int"": 48.0, ""packstat"": 0.5927730202674866, ""sc_value"": 0.6912918090820312}}"
ova_body_c4_12_ms25_r03	AF3	187	7187	0	0	A-B,A-C,A-D,B-C,B-D,C-D	6	3	1	"{""A-B"": 26, ""A-C"": 67, ""A-D"": 36, ""B-C"": 35, ""B-D"": 74, ""C-D"": 27}"	A-D,B-C	A-B,A-C,B-D,C-D	0.23249268988684874	0.6300550699234009	0.0	-2.7816076278686523	3.2120917688972117	0.5974916219711304	0.0	-2.7411510944366455	12.515385786665023	"{""A-B"": {""dG_dSASA_ratio"": -2.80977201461792, ""dG_separated"": -31.859216690063477, ""dSASA_int"": 1133.8719482421875, ""delta_unsatHbonds"": 0.0, ""hbonds_int"": 8.0, ""nres_int"": 48.0, ""packstat"": 0.5603132843971252, ""sc_value"": 0.7280672192573547}, ""A-C"": {""dG_dSASA_ratio"": -2.9348113536834717, ""dG_separated"": -49.24421691894531, ""dSASA_int"": 1677.9346923828125, ""delta_unsatHbonds"": 21.0, ""hbonds_int"": 5.0, ""nres_int"": 73.0, ""packstat"": 0.6284818053245544, ""sc_value"": 0.5974916219711304}, ""A-D"": {""dG_dSASA_ratio"": -3.172952890396118, ""dG_separated"": -35.83590316772461, ""dSASA_int"": 1129.4180908203125, ""delta_unsatHbonds"": 2.0, ""hbonds_int"": 0.0, ""nres_int"": 40.0, ""packstat"": 0.574657678604126, ""sc_value"": 0.7620640993118286}, ""B-C"": {""dG_dSASA_ratio"": -2.7816076278686523, ""dG_separated"": -34.63920593261719, ""dSASA_int"": 1245.29443359375, ""delta_unsatHbonds"": 4.0, ""hbonds_int"": 0.0, ""nres_int"": 41.0, ""packstat"": 0.5562565326690674, ""sc_value"": 0.6300550699234009}, ""B-D"": {""dG_dSASA_ratio"": -2.875540018081665, ""dG_separated"": -52.0277099609375, ""dSASA_int"": 1809.319580078125, ""delta_unsatHbonds"": 15.0, ""hbonds_int"": 6.0, ""nres_int"": 76.0, ""packstat"": 0.5421158671379089, ""sc_value"": 0.6860427260398865}, ""C-D"": {""dG_dSASA_ratio"": -2.7411510944366455, ""dG_separated"": -32.240318298339844, ""dSASA_int"": 1176.1597900390625, ""delta_unsatHbonds"": 3.0, ""hbonds_int"": 8.0, ""nres_int"": 48.0, ""packstat"": 0.5685808062553406, ""sc_value"": 0.7220658659934998}}"
ova_body_c4_12_ms25_r03	AF3	188	7188	0	0	A-B,A-C,A-D,B-C,B-D,C-D	6	3	1	"{""A-B"": 27, ""A-C"": 68, ""A-D"": 36, ""B-C"": 37, ""B-D"": 71, ""C-D"": 27}"	A-D,B-C	A-B,A-C,B-D,C-D	0.2327836040048217	0.7476274967193604	0.0	-2.2967329025268555	3.359081369973782	0.6467528343200684	0.0	-2.2967329025268555	9.576771268420883	"{""A-B"": {""dG_dSASA_ratio"": -2.8108885288238525, ""dG_separated"": -31.671228408813477, ""dSASA_int"": 1126.7337646484375, ""delta_unsatHbonds"": 2.0, ""hbonds_int"": 7.0, ""nres_int"": 48.0, ""packstat"": 0.5762314200401306, ""sc_value"": 0.7154238224029541}, ""A-C"": {""dG_dSASA_ratio"": -2.913752555847168, ""dG_separated"": -50.38872146606445, ""dSASA_int"": 1729.341064453125, ""delta_unsatHbonds"": 13.0, ""hbonds_int"": 5.0, ""nres_int"": 71.0, ""packstat"": 0.6049104928970337, ""sc_value"": 0.6467528343200684}, ""A-D"": {""dG_dSASA_ratio"": -2.2967329025268555, ""dG_separated"": -28.014949798583984, ""dSASA_int"": 1219.77392578125, ""delta_unsatHbonds"": 2.0, ""hbonds_int"": 1.0, ""nres_int"": 40.0, ""packstat"": 0.49948254227638245, ""sc_value"": 0.7476274967193604}, ""B-C"": {""dG_dSASA_ratio"": -2.8620972633361816, ""dG_separated"": -34.081905364990234, ""dSASA_int"": 1190.8017578125, ""delta_unsatHbonds"": 4.0, ""hbonds_int"": 0.0, ""nres_int"": 40.0, ""packstat"": 0.48134762048721313, ""sc_value"": 0.763439416885376}, ""B-D"": {""dG_dSASA_ratio"": -2.9968087673187256, ""dG_separated"": -53.197208404541016, ""dSASA_int"": 1775.1285400390625, ""delta_unsatHbonds"": 17.0, ""hbonds_int"": 5.0, ""nres_int"": 76.0, ""packstat"": 0.6060247421264648, ""sc_value"": 0.6641918420791626}, ""C-D"": {""dG_dSASA_ratio"": -2.7720184326171875, ""dG_separated"": -31.9658145904541, ""dSASA_int"": 1153.1602783203125, ""delta_unsatHbonds"": 1.0, ""hbonds_int"": 8.0, ""nres_int"": 48.0, ""packstat"": 0.5946183204650879, ""sc_value"": 0.7403182983398438}}"
ova_body_c4_12_ms25_r03	AF3	189	7189	0	0	A-B,A-C,A-D,B-C,B-D,C-D	6	3	1	"{""A-B"": 24, ""A-C"": 66, ""A-D"": 34, ""B-C"": 37, ""B-D"": 67, ""C-D"": 27}"	A-D,B-C	A-B,A-C,B-D,C-D	0.22218240024033548	0.7421633005142212	0.0	-1.9493786096572876	4.868489279606813	0.6356635093688965	0.0	-1.9493786096572876	9.828098996322487	"{""A-B"": {""dG_dSASA_ratio"": -2.3601388931274414, ""dG_separated"": -23.995317459106445, ""dSASA_int"": 1016.6907958984375, ""delta_unsatHbonds"": 1.0, ""hbonds_int"": 4.0, ""nres_int"": 47.0, ""packstat"": 0.6010695695877075, ""sc_value"": 0.6952754259109497}, ""A-C"": {""dG_dSASA_ratio"": -2.9726450443267822, ""dG_separated"": -48.394222259521484, ""dSASA_int"": 1627.9852294921875, ""delta_unsatHbonds"": 16.0, ""hbonds_int"": 5.0, ""nres_int"": 71.0, ""packstat"": 0.5602084398269653, ""sc_value"": 0.6356635093688965}, ""A-D"": {""dG_dSASA_ratio"": -1.9493786096572876, ""dG_separated"": -23.356958389282227, ""dSASA_int"": 1198.174560546875, ""delta_unsatHbonds"": 4.0, ""hbonds_int"": 0.0, ""nres_int"": 40.0, ""packstat"": 0.496544748544693, ""sc_value"": 0.7421633005142212}, ""B-C"": {""dG_dSASA_ratio"": -2.547304153442383, ""dG_separated"": -31.393362045288086, ""dSASA_int"": 1232.4151611328125, ""delta_unsatHbonds"": 6.0, ""hbonds_int"": 1.0, ""nres_int"": 40.0, ""packstat"": 0.4757358729839325, ""sc_value"": 0.7439215779304504}, ""B-D"": {""dG_dSASA_ratio"": -2.975800037384033, ""dG_separated"": -51.60416030883789, ""dSASA_int"": 1734.127197265625, ""delta_unsatHbonds"": 17.0, ""hbonds_int"": 5.0, ""nres_int"": 77.0, ""packstat"": 0.5688988566398621, ""sc_value"": 0.6775630712509155}, ""C-D"": {""dG_dSASA_ratio"": -2.7293105125427246, ""dG_separated"": -31.75165367126465, ""dSASA_int"": 1163.358154296875, ""delta_unsatHbonds"": 1.0, ""hbonds_int"": 8.0, ""nres_int"": 48.0, ""packstat"": 0.5829188823699951, ""sc_value"": 0.7285397052764893}}"
ova_body_c4_12_ms25_r03	AF3	190	7190	0	0	A-B,A-C,A-D,B-C,B-D,C-D	6	3	1	"{""A-B"": 26, ""A-C"": 67, ""A-D"": 37, ""B-C"": 33, ""B-D"": 67, ""C-D"": 25}"	A-D,B-C	A-B,A-C,B-D,C-D	0.2025636571010269	0.6262596845626831	0.0	-1.853340744972229	6.583186155218784	0.6076970100402832	0.0	-1.853340744972229	9.782247634075494	"{""A-B"": {""dG_dSASA_ratio"": -2.6468143463134766, ""dG_separated"": -28.644330978393555, ""dSASA_int"": 1082.2191162109375, ""delta_unsatHbonds"": 0.0, ""hbonds_int"": 6.0, ""nres_int"": 48.0, ""packstat"": 0.4816586971282959, ""sc_value"": 0.715824544429779}, ""A-C"": {""dG_dSASA_ratio"": -2.81657075881958, ""dG_separated"": -48.94754409790039, ""dSASA_int"": 1737.8419189453125, ""delta_unsatHbonds"": 17.0, ""hbonds_int"": 5.0, ""nres_int"": 72.0, ""packstat"": 0.5637266635894775, ""sc_value"": 0.6184824705123901}, ""A-D"": {""dG_dSASA_ratio"": -2.899975538253784, ""dG_separated"": -35.067447662353516, ""dSASA_int"": 1209.2325439453125, ""delta_unsatHbonds"": 2.0, ""hbonds_int"": 0.0, ""nres_int"": 40.0, ""packstat"": 0.547173023223877, ""sc_value"": 0.783216118812561}, ""B-C"": {""dG_dSASA_ratio"": -1.853340744972229, ""dG_separated"": -22.522111892700195, ""dSASA_int"": 1215.217041015625, ""delta_unsatHbonds"": 8.0, ""hbonds_int"": 0.0, ""nres_int"": 37.0, ""packstat"": 0.4319698214530945, ""sc_value"": 0.6262596845626831}, ""B-D"": {""dG_dSASA_ratio"": -2.7765705585479736, ""dG_separated"": -47.61725616455078, ""dSASA_int"": 1714.966552734375, ""delta_unsatHbonds"": 10.0, ""hbonds_int"": 4.0, ""nres_int"": 72.0, ""packstat"": 0.620873749256134, ""sc_value"": 0.6076970100402832}, ""C-D"": {""dG_dSASA_ratio"": -2.4913082122802734, ""dG_separated"": -27.8441104888916, ""dSASA_int"": 1117.650146484375, ""delta_unsatHbonds"": 1.0, ""hbonds_int"": 5.0, ""nres_int"": 48.0, ""packstat"": 0.5634255409240723, ""sc_value"": 0.7195040583610535}}"
ova_body_c4_12_ms25_r03	AF3	191	7191	0	0	A-B,A-C,A-D,B-C,B-D,C-D	6	3	1	"{""A-B"": 26, ""A-C"": 72, ""A-D"": 36, ""B-C"": 34, ""B-D"": 73, ""C-D"": 26}"	A-D,B-C	A-B,A-C,B-D,C-D	0.20515310146334395	0.737328827381134	0.0	-2.6079959869384766	5.115371654355236	0.6802072525024414	0.0	-2.517993688583374	11.934903327574427	"{""A-B"": {""dG_dSASA_ratio"": -2.517993688583374, ""dG_separated"": -27.662424087524414, ""dSASA_int"": 1098.58984375, ""delta_unsatHbonds"": 0.0, ""hbonds_int"": 6.0, ""nres_int"": 48.0, ""packstat"": 0.563430666923523, ""sc_value"": 0.7163808941841125}, ""A-C"": {""dG_dSASA_ratio"": -3.048166513442993, ""dG_separated"": -53.63386535644531, ""dSASA_int"": 1759.5450439453125, ""delta_unsatHbonds"": 21.0, ""hbonds_int"": 6.0, ""nres_int"": 73.0, ""packstat"": 0.5982022285461426, ""sc_value"": 0.6908769607543945}, ""A-D"": {""dG_dSASA_ratio"": -2.9202499389648438, ""dG_separated"": -34.30393981933594, ""dSASA_int"": 1174.69189453125, ""delta_unsatHbonds"": 4.0, ""hbonds_int"": 0.0, ""nres_int"": 40.0, ""packstat"": 0.5203081965446472, ""sc_value"": 0.7654756903648376}, ""B-C"": {""dG_dSASA_ratio"": -2.6079959869384766, ""dG_separated"": -30.59010887145996, ""dSASA_int"": 1172.935302734375, ""delta_unsatHbonds"": 6.0, ""hbonds_int"": 0.0, ""nres_int"": 40.0, ""packstat"": 0.5752684473991394, ""sc_value"": 0.737328827381134}, ""B-D"": {""dG_dSASA_ratio"": -3.047098159790039, ""dG_separated"": -53.539188385009766, ""dSASA_int"": 1757.054931640625, ""delta_unsatHbonds"": 13.0, ""hbonds_int"": 6.0, ""nres_int"": 76.0, ""packstat"": 0.5887362957000732, ""sc_value"": 0.6802072525024414}, ""C-D"": {""dG_dSASA_ratio"": -2.671009063720703, ""dG_separated"": -31.694629669189453, ""dSASA_int"": 1186.6163330078125, ""delta_unsatHbonds"": 1.0, ""hbonds_int"": 8.0, ""nres_int"": 48.0, ""packstat"": 0.5631611347198486, ""sc_value"": 0.7323431968688965}}"
ova_body_c4_12_ms25_r03	AF3	192	7192	0	0	A-B,A-C,A-D,B-C,B-D,C-D	6	3	1	"{""A-B"": 25, ""A-C"": 73, ""A-D"": 37, ""B-C"": 37, ""B-D"": 68, ""C-D"": 28}"	A-D,B-C	A-B,A-C,B-D,C-D	0.21596010273890553	0.7161706686019897	0.0	-2.771326780319214	3.2315186678190524	0.5863257646560669	0.0	-2.365906000137329	7.968855538020385	"{""A-B"": {""dG_dSASA_ratio"": -2.365906000137329, ""dG_separated"": -27.17042350769043, ""dSASA_int"": 1148.4151611328125, ""delta_unsatHbonds"": 0.0, ""hbonds_int"": 8.0, ""nres_int"": 48.0, ""packstat"": 0.5666272044181824, ""sc_value"": 0.7353560924530029}, ""A-C"": {""dG_dSASA_ratio"": -2.9119033813476562, ""dG_separated"": -51.157466888427734, ""dSASA_int"": 1756.8394775390625, ""delta_unsatHbonds"": 14.0, ""hbonds_int"": 6.0, ""nres_int"": 73.0, ""packstat"": 0.6200509071350098, ""sc_value"": 0.6715575456619263}, ""A-D"": {""dG_dSASA_ratio"": -2.952878713607788, ""dG_separated"": -36.55097198486328, ""dSASA_int"": 1237.80810546875, ""delta_unsatHbonds"": 4.0, ""hbonds_int"": 0.0, ""nres_int"": 40.0, ""packstat"": 0.5925085544586182, ""sc_value"": 0.7161706686019897}, ""B-C"": {""dG_dSASA_ratio"": -2.771326780319214, ""dG_separated"": -33.14162063598633, ""dSASA_int"": 1195.8756103515625, ""delta_unsatHbonds"": 2.0, ""hbonds_int"": 0.0, ""nres_int"": 40.0, ""packstat"": 0.4324915409088135, ""sc_value"": 0.7911185622215271}, ""B-D"": {""dG_dSASA_ratio"": -2.8804476261138916, ""dG_separated"": -49.099788665771484, ""dSASA_int"": 1704.5887451171875, ""delta_unsatHbonds"": 10.0, ""hbonds_int"": 4.0, ""nres_int"": 72.0, ""packstat"": 0.629988968372345, ""sc_value"": 0.5863257646560669}, ""C-D"": {""dG_dSASA_ratio"": -2.7155165672302246, ""dG_separated"": -31.815902709960938, ""dSASA_int"": 1171.633544921875, ""delta_unsatHbonds"": 3.0, ""hbonds_int"": 8.0, ""nres_int"": 48.0, ""packstat"": 0.5788126587867737, ""sc_value"": 0.718901515007019}}"
ova_body_c4_12_ms25_r03	AF3	193	7193	0	0	A-B,A-C,A-D,B-C,B-D,C-D	6	3	1	"{""A-B"": 27, ""A-C"": 71, ""A-D"": 37, ""B-C"": 36, ""B-D"": 71, ""C-D"": 27}"	A-D,B-C	A-B,A-C,B-D,C-D	0.2250828637091801	0.7420099973678589	0.0	-2.2799291610717773	4.996380185985861	0.6595115065574646	0.0	-2.2799291610717773	9.205878496198059	"{""A-B"": {""dG_dSASA_ratio"": -2.7750110626220703, ""dG_separated"": -30.617605209350586, ""dSASA_int"": 1103.332763671875, ""delta_unsatHbonds"": 2.0, ""hbonds_int"": 7.0, ""nres_int"": 48.0, ""packstat"": 0.6168904304504395, ""sc_value"": 0.7309173941612244}, ""A-C"": {""dG_dSASA_ratio"": -2.933009386062622, ""dG_separated"": -50.976287841796875, ""dSASA_int"": 1738.0198974609375, ""delta_unsatHbonds"": 16.0, ""hbonds_int"": 6.0, ""nres_int"": 72.0, ""packstat"": 0.5943500995635986, ""sc_value"": 0.6623955965042114}, ""A-D"": {""dG_dSASA_ratio"": -3.0371968746185303, ""dG_separated"": -35.21818923950195, ""dSASA_int"": 1159.562255859375, ""delta_unsatHbonds"": 2.0, ""hbonds_int"": 0.0, ""nres_int"": 40.0, ""packstat"": 0.562289834022522, ""sc_value"": 0.7420099973678589}, ""B-C"": {""dG_dSASA_ratio"": -2.2799291610717773, ""dG_separated"": -27.378971099853516, ""dSASA_int"": 1200.869384765625, ""delta_unsatHbonds"": 6.0, ""hbonds_int"": 0.0, ""nres_int"": 40.0, ""packstat"": 0.5882856249809265, ""sc_value"": 0.7544281482696533}, ""B-D"": {""dG_dSASA_ratio"": -2.986801862716675, ""dG_separated"": -52.90082931518555, ""dSASA_int"": 1771.153076171875, ""delta_unsatHbonds"": 16.0, ""hbonds_int"": 5.0, ""nres_int"": 76.0, ""packstat"": 0.6456518173217773, ""sc_value"": 0.6595115065574646}, ""C-D"": {""dG_dSASA_ratio"": -2.7000949382781982, ""dG_separated"": -31.857118606567383, ""dSASA_int"": 1179.8516845703125, ""delta_unsatHbonds"": 3.0, ""hbonds_int"": 8.0, ""nres_int"": 48.0, ""packstat"": 0.5379979610443115, ""sc_value"": 0.712601900100708}}"
ova_body_c4_12_ms25_r03	AF3	194	7194	0	0	A-B,A-C,A-D,B-C,B-D,C-D	6	3	1	"{""A-B"": 25, ""A-C"": 70, ""A-D"": 37, ""B-C"": 36, ""B-D"": 71, ""C-D"": 26}"	A-D,B-C	A-B,A-C,B-D,C-D	0.22040231148002437	0.7522841691970825	0.0	-2.8142285346984863	3.38461103053907	0.6366502046585083	0.0	-2.7353765964508057	11.336604688061284	"{""A-B"": {""dG_dSASA_ratio"": -2.833155632019043, ""dG_separated"": -32.18579864501953, ""dSASA_int"": 1136.0406494140625, ""delta_unsatHbonds"": 2.0, ""hbonds_int"": 8.0, ""nres_int"": 48.0, ""packstat"": 0.5330013036727905, ""sc_value"": 0.7145262956619263}, ""A-C"": {""dG_dSASA_ratio"": -3.0079283714294434, ""dG_separated"": -50.4124870300293, ""dSASA_int"": 1675.98681640625, ""delta_unsatHbonds"": 19.0, ""hbonds_int"": 5.0, ""nres_int"": 72.0, ""packstat"": 0.6470112204551697, ""sc_value"": 0.6366502046585083}, ""A-D"": {""dG_dSASA_ratio"": -2.8395144939422607, ""dG_separated"": -34.148746490478516, ""dSASA_int"": 1202.6260986328125, ""delta_unsatHbonds"": 4.0, ""hbonds_int"": 0.0, ""nres_int"": 40.0, ""packstat"": 0.5393162965774536, ""sc_value"": 0.7786878347396851}, ""B-C"": {""dG_dSASA_ratio"": -2.8142285346984863, ""dG_separated"": -33.25910568237305, ""dSASA_int"": 1181.8197021484375, ""delta_unsatHbonds"": 4.0, ""hbonds_int"": 0.0, ""nres_int"": 40.0, ""packstat"": 0.5442387461662292, ""sc_value"": 0.7522841691970825}, ""B-D"": {""dG_dSASA_ratio"": -2.963622570037842, ""dG_separated"": -52.39891815185547, ""dSASA_int"": 1768.06982421875, ""delta_unsatHbonds"": 14.0, ""hbonds_int"": 5.0, ""nres_int"": 76.0, ""packstat"": 0.6129080653190613, ""sc_value"": 0.6526682376861572}, ""C-D"": {""dG_dSASA_ratio"": -2.7353765964508057, ""dG_separated"": -31.245332717895508, ""dSASA_int"": 1142.26806640625, ""delta_unsatHbonds"": 3.0, ""hbonds_int"": 7.0, ""nres_int"": 48.0, ""packstat"": 0.5533208847045898, ""sc_value"": 0.7293325066566467}}"
ova_body_c4_12_ms25_r03	AF3	195	7195	0	0	A-B,A-C,A-D,B-C,B-D,C-D	6	3	1	"{""A-B"": 25, ""A-C"": 71, ""A-D"": 37, ""B-C"": 36, ""B-D"": 71, ""C-D"": 26}"	A-D,B-C	A-B,A-C,B-D,C-D	0.22102480097390573	0.7257589101791382	0.0	-2.9143667221069336	1.7486631809382904	0.6398547887802124	0.0	-2.466856002807617	9.714169165939136	"{""A-B"": {""dG_dSASA_ratio"": -2.8857178688049316, ""dG_separated"": -31.911447525024414, ""dSASA_int"": 1105.8408203125, ""delta_unsatHbonds"": 0.0, ""hbonds_int"": 7.0, ""nres_int"": 48.0, ""packstat"": 0.6374114155769348, ""sc_value"": 0.7175977230072021}, ""A-C"": {""dG_dSASA_ratio"": -2.9529640674591064, ""dG_separated"": -51.677494049072266, ""dSASA_int"": 1750.02099609375, ""delta_unsatHbonds"": 17.0, ""hbonds_int"": 5.0, ""nres_int"": 74.0, ""packstat"": 0.5894834399223328, ""sc_value"": 0.6398547887802124}, ""A-D"": {""dG_dSASA_ratio"": -2.9143667221069336, ""dG_separated"": -34.01785659790039, ""dSASA_int"": 1167.2469482421875, ""delta_unsatHbonds"": 2.0, ""hbonds_int"": 0.0, ""nres_int"": 40.0, ""packstat"": 0.5367290377616882, ""sc_value"": 0.7624064683914185}, ""B-C"": {""dG_dSASA_ratio"": -3.057602643966675, ""dG_separated"": -34.97074508666992, ""dSASA_int"": 1143.7308349609375, ""delta_unsatHbonds"": 2.0, ""hbonds_int"": 0.0, ""nres_int"": 40.0, ""packstat"": 0.5185679197311401, ""sc_value"": 0.7257589101791382}, ""B-D"": {""dG_dSASA_ratio"": -3.019989252090454, ""dG_separated"": -51.77857971191406, ""dSASA_int"": 1714.528564453125, ""delta_unsatHbonds"": 14.0, ""hbonds_int"": 6.0, ""nres_int"": 76.0, ""packstat"": 0.61151123046875, ""sc_value"": 0.6582322120666504}, ""C-D"": {""dG_dSASA_ratio"": -2.466856002807617, ""dG_separated"": -27.89234733581543, ""dSASA_int"": 1130.68408203125, ""delta_unsatHbonds"": 3.0, ""hbonds_int"": 5.0, ""nres_int"": 48.0, ""packstat"": 0.585392415523529, ""sc_value"": 0.7286447286605835}}"
ova_body_c4_12_ms25_r03	AF3	196	7196	0	0	A-B,A-C,A-D,B-C,B-D,C-D	6	3	1	"{""A-B"": 24, ""A-C"": 69, ""A-D"": 37, ""B-C"": 35, ""B-D"": 68, ""C-D"": 26}"	A-D,B-C	A-B,A-C,B-D,C-D	0.2085018605587314	0.7437783479690552	0.0	-2.7634403705596924	3.3896870880624523	0.6412996053695679	0.0	-2.3675646781921387	9.118959312126353	"{""A-B"": {""dG_dSASA_ratio"": -2.3675646781921387, ""dG_separated"": -25.683650970458984, ""dSASA_int"": 1084.8131103515625, ""delta_unsatHbonds"": 3.0, ""hbonds_int"": 5.0, ""nres_int"": 48.0, ""packstat"": 0.5956838130950928, ""sc_value"": 0.7365474700927734}, ""A-C"": {""dG_dSASA_ratio"": -2.845533847808838, ""dG_separated"": -49.31232833862305, ""dSASA_int"": 1732.972900390625, ""delta_unsatHbonds"": 11.0, ""hbonds_int"": 6.0, ""nres_int"": 73.0, ""packstat"": 0.6345391869544983, ""sc_value"": 0.6446924805641174}, ""A-D"": {""dG_dSASA_ratio"": -2.826140880584717, ""dG_separated"": -33.97494888305664, ""dSASA_int"": 1202.1676025390625, ""delta_unsatHbonds"": 4.0, ""hbonds_int"": 0.0, ""nres_int"": 40.0, ""packstat"": 0.47095197439193726, ""sc_value"": 0.7795959711074829}, ""B-C"": {""dG_dSASA_ratio"": -2.7634403705596924, ""dG_separated"": -32.60997772216797, ""dSASA_int"": 1180.0499267578125, ""delta_unsatHbonds"": 4.0, ""hbonds_int"": 0.0, ""nres_int"": 40.0, ""packstat"": 0.4717441201210022, ""sc_value"": 0.7437783479690552}, ""B-D"": {""dG_dSASA_ratio"": -2.879626989364624, ""dG_separated"": -50.52553939819336, ""dSASA_int"": 1754.586181640625, ""delta_unsatHbonds"": 16.0, ""hbonds_int"": 5.0, ""nres_int"": 72.0, ""packstat"": 0.6328167915344238, ""sc_value"": 0.6412996053695679}, ""C-D"": {""dG_dSASA_ratio"": -2.5878007411956787, ""dG_separated"": -29.67825698852539, ""dSASA_int"": 1146.8524169921875, ""delta_unsatHbonds"": 1.0, ""hbonds_int"": 7.0, ""nres_int"": 48.0, ""packstat"": 0.6085547804832458, ""sc_value"": 0.7203067541122437}}"
ova_body_c4_12_ms25_r03	AF3	197	7197	0	0	A-B,A-C,A-D,B-C,B-D,C-D	6	3	1	"{""A-B"": 26, ""A-C"": 71, ""A-D"": 35, ""B-C"": 36, ""B-D"": 72, ""C-D"": 28}"	A-D,B-C	A-B,A-C,B-D,C-D	0.22947697726218863	0.7317121624946594	0.0	-2.8275301456451416	3.3904492138271722	0.6294161081314087	0.0	-2.7341578006744385	8.726581666295603	"{""A-B"": {""dG_dSASA_ratio"": -2.7988462448120117, ""dG_separated"": -30.701093673706055, ""dSASA_int"": 1096.919677734375, ""delta_unsatHbonds"": 2.0, ""hbonds_int"": 7.0, ""nres_int"": 48.0, ""packstat"": 0.5624628663063049, ""sc_value"": 0.7151703834533691}, ""A-C"": {""dG_dSASA_ratio"": -2.8470466136932373, ""dG_separated"": -48.93749237060547, ""dSASA_int"": 1718.8861083984375, ""delta_unsatHbonds"": 15.0, ""hbonds_int"": 6.0, ""nres_int"": 72.0, ""packstat"": 0.6313363909721375, ""sc_value"": 0.6294161081314087}, ""A-D"": {""dG_dSASA_ratio"": -3.1660375595092773, ""dG_separated"": -35.91447448730469, ""dSASA_int"": 1134.36669921875, ""delta_unsatHbonds"": 2.0, ""hbonds_int"": 0.0, ""nres_int"": 40.0, ""packstat"": 0.6017938256263733, ""sc_value"": 0.7317121624946594}, ""B-C"": {""dG_dSASA_ratio"": -2.8275301456451416, ""dG_separated"": -33.3587646484375, ""dSASA_int"": 1179.78466796875, ""delta_unsatHbonds"": 4.0, ""hbonds_int"": 0.0, ""nres_int"": 40.0, ""packstat"": 0.5637491941452026, ""sc_value"": 0.7579903602600098}, ""B-D"": {""dG_dSASA_ratio"": -2.944051504135132, ""dG_separated"": -52.9014778137207, ""dSASA_int"": 1796.8936767578125, ""delta_unsatHbonds"": 15.0, ""hbonds_int"": 6.0, ""nres_int"": 76.0, ""packstat"": 0.6191075444221497, ""sc_value"": 0.6697306632995605}, ""C-D"": {""dG_dSASA_ratio"": -2.7341578006744385, ""dG_separated"": -31.892492294311523, ""dSASA_int"": 1166.4466552734375, ""delta_unsatHbonds"": 3.0, ""hbonds_int"": 8.0, ""nres_int"": 48.0, ""packstat"": 0.6115735173225403, ""sc_value"": 0.7124210596084595}}"
ova_body_c4_12_ms25_r03	AF3	198	7198	0	0	A-B,A-C,A-D,B-C,B-D,C-D	6	3	1	"{""A-B"": 25, ""A-C"": 67, ""A-D"": 35, ""B-C"": 38, ""B-D"": 66, ""C-D"": 24}"	A-D,B-C	A-B,A-C,B-D,C-D	0.23775791295500967	0.7229784727096558	0.0	-2.103379726409912	3.250797198290593	0.602226197719574	0.0	-2.103379726409912	12.470811405944223	"{""A-B"": {""dG_dSASA_ratio"": -2.8521506786346436, ""dG_separated"": -32.12555694580078, ""dSASA_int"": 1126.362548828125, ""delta_unsatHbonds"": 2.0, ""hbonds_int"": 8.0, ""nres_int"": 48.0, ""packstat"": 0.6328983306884766, ""sc_value"": 0.7133378982543945}, ""A-C"": {""dG_dSASA_ratio"": -2.9626505374908447, ""dG_separated"": -49.8890266418457, ""dSASA_int"": 1683.93212890625, ""delta_unsatHbonds"": 21.0, ""hbonds_int"": 5.0, ""nres_int"": 70.0, ""packstat"": 0.6138952374458313, ""sc_value"": 0.602226197719574}, ""A-D"": {""dG_dSASA_ratio"": -2.103379726409912, ""dG_separated"": -25.88140296936035, ""dSASA_int"": 1230.4674072265625, ""delta_unsatHbonds"": 4.0, ""hbonds_int"": 1.0, ""nres_int"": 40.0, ""packstat"": 0.5468438267707825, ""sc_value"": 0.7229784727096558}, ""B-C"": {""dG_dSASA_ratio"": -2.9176087379455566, ""dG_separated"": -35.0294075012207, ""dSASA_int"": 1200.6204833984375, ""delta_unsatHbonds"": 2.0, ""hbonds_int"": 0.0, ""nres_int"": 40.0, ""packstat"": 0.5288313627243042, ""sc_value"": 0.7569141387939453}, ""B-D"": {""dG_dSASA_ratio"": -2.8745436668395996, ""dG_separated"": -49.31288528442383, ""dSASA_int"": 1715.5030517578125, ""delta_unsatHbonds"": 15.0, ""hbonds_int"": 4.0, ""nres_int"": 74.0, ""packstat"": 0.5514923334121704, ""sc_value"": 0.6436487436294556}, ""C-D"": {""dG_dSASA_ratio"": -2.6292972564697266, ""dG_separated"": -29.1697998046875, ""dSASA_int"": 1109.414306640625, ""delta_unsatHbonds"": 3.0, ""hbonds_int"": 5.0, ""nres_int"": 48.0, ""packstat"": 0.5977272391319275, ""sc_value"": 0.7341974377632141}}"
ova_body_c4_12_ms25_r03	AF3	199	7199	0	0	A-B,A-C,A-D,B-C,B-D,C-D	6	3	1	"{""A-B"": 25, ""A-C"": 71, ""A-D"": 36, ""B-C"": 36, ""B-D"": 71, ""C-D"": 25}"	A-D,B-C	A-B,A-C,B-D,C-D	0.22811828964676106	0.7444228529930115	0.0	-2.1703243255615234	5.113804306469943	0.6479958891868591	0.0	-2.1703243255615234	11.025242427406363	"{""A-B"": {""dG_dSASA_ratio"": -2.919301748275757, ""dG_separated"": -33.024112701416016, ""dSASA_int"": 1131.2332763671875, ""delta_unsatHbonds"": 2.0, ""hbonds_int"": 8.0, ""nres_int"": 48.0, ""packstat"": 0.5922991037368774, ""sc_value"": 0.730130136013031}, ""A-C"": {""dG_dSASA_ratio"": -2.995983600616455, ""dG_separated"": -51.63032913208008, ""dSASA_int"": 1723.318115234375, ""delta_unsatHbonds"": 19.0, ""hbonds_int"": 6.0, ""nres_int"": 73.0, ""packstat"": 0.6017224788665771, ""sc_value"": 0.6479958891868591}, ""A-D"": {""dG_dSASA_ratio"": -2.1703243255615234, ""dG_separated"": -26.137409210205078, ""dSASA_int"": 1204.3089599609375, ""delta_unsatHbonds"": 4.0, ""hbonds_int"": 0.0, ""nres_int"": 40.0, ""packstat"": 0.5376297235488892, ""sc_value"": 0.7444228529930115}, ""B-C"": {""dG_dSASA_ratio"": -2.883122205734253, ""dG_separated"": -33.8275260925293, ""dSASA_int"": 1173.2947998046875, ""delta_unsatHbonds"": 6.0, ""hbonds_int"": 0.0, ""nres_int"": 40.0, ""packstat"": 0.5305418968200684, ""sc_value"": 0.756460428237915}, ""B-D"": {""dG_dSASA_ratio"": -3.0445024967193604, ""dG_separated"": -53.330360412597656, ""dSASA_int"": 1751.6937255859375, ""delta_unsatHbonds"": 19.0, ""hbonds_int"": 6.0, ""nres_int"": 76.0, ""packstat"": 0.581730306148529, ""sc_value"": 0.6704361438751221}, ""C-D"": {""dG_dSASA_ratio"": -2.544003963470459, ""dG_separated"": -27.55767250061035, ""dSASA_int"": 1083.2401123046875, ""delta_unsatHbonds"": 2.0, ""hbonds_int"": 4.0, ""nres_int"": 48.0, ""packstat"": 0.565229058265686, ""sc_value"": 0.7167025804519653}}"
ova_body_c4_12_ms25_r03	AF3	200	7200	0	0	A-B,A-C,A-D,B-C,B-D,C-D	6	3	1	"{""A-B"": 27, ""A-C"": 72, ""A-D"": 36, ""B-C"": 36, ""B-D"": 73, ""C-D"": 27}"	A-D,B-C	A-B,A-C,B-D,C-D	0.2225247519857817	0.7038035988807678	0.0	-2.8604533672332764	5.069199231121946	0.6433835029602051	0.0	-2.383751153945923	9.012992346190444	"{""A-B"": {""dG_dSASA_ratio"": -2.7194936275482178, ""dG_separated"": -31.19222068786621, ""dSASA_int"": 1146.986328125, ""delta_unsatHbonds"": 0.0, ""hbonds_int"": 8.0, ""nres_int"": 48.0, ""packstat"": 0.5231499671936035, ""sc_value"": 0.7177480459213257}, ""A-C"": {""dG_dSASA_ratio"": -2.9430150985717773, ""dG_separated"": -51.97642517089844, ""dSASA_int"": 1766.0943603515625, ""delta_unsatHbonds"": 14.0, ""hbonds_int"": 6.0, ""nres_int"": 72.0, ""packstat"": 0.5401398539543152, ""sc_value"": 0.6433835029602051}, ""A-D"": {""dG_dSASA_ratio"": -2.86220121383667, ""dG_separated"": -35.152706146240234, ""dSASA_int"": 1228.1702880859375, ""delta_unsatHbonds"": 2.0, ""hbonds_int"": 0.0, ""nres_int"": 41.0, ""packstat"": 0.5086665749549866, ""sc_value"": 0.7038035988807678}, ""B-C"": {""dG_dSASA_ratio"": -2.8604533672332764, ""dG_separated"": -33.856868743896484, ""dSASA_int"": 1183.618896484375, ""delta_unsatHbonds"": 6.0, ""hbonds_int"": 0.0, ""nres_int"": 40.0, ""packstat"": 0.5745968818664551, ""sc_value"": 0.7646067142486572}, ""B-D"": {""dG_dSASA_ratio"": -3.019521951675415, ""dG_separated"": -53.60301208496094, ""dSASA_int"": 1775.215087890625, ""delta_unsatHbonds"": 16.0, ""hbonds_int"": 6.0, ""nres_int"": 76.0, ""packstat"": 0.6368308663368225, ""sc_value"": 0.6882513761520386}, ""C-D"": {""dG_dSASA_ratio"": -2.383751153945923, ""dG_separated"": -28.05087661743164, ""dSASA_int"": 1176.7535400390625, ""delta_unsatHbonds"": 3.0, ""hbonds_int"": 8.0, ""nres_int"": 48.0, ""packstat"": 0.554861843585968, ""sc_value"": 0.7420846223831177}}"
