system	model	n_chains	iptm	ptm	min_ova_plddt	min_module_plddt	min_binder_plddt	ranking_score	has_clash	contact_edges	largest_component	full_connected	module_full_connected	total_contacts	ova_contacts	module_contacts	min_incident_iptm	contact_pair_iptm_median	contact_pair_pae_median	contacts_json	interface_residues_json	summary_path	cif_path
ova_c4_iptm80_20a_c1	seed-1_sample-0	1	0.0	0.92	91.20398982942413	nan	nan	0.92	0.0	0	1	0	0	0	0	0	0.0	nan	nan	{}	[]	experiments/e149_final20_stoichiometry_v1/out_s0/ova_c4_iptm80_20a_c1/seed-1_sample-0/ova_c4_iptm80_20a_c1_seed-1_sample-0_summary_confidences.json	experiments/e149_final20_stoichiometry_v1/out_s0/ova_c4_iptm80_20a_c1/seed-1_sample-0/ova_c4_iptm80_20a_c1_seed-1_sample-0_model.cif
ova_c4_iptm80_20a_c1	seed-1_sample-1	1	0.0	0.92	90.63562180711816	nan	nan	0.92	0.0	0	1	0	0	0	0	0	0.0	nan	nan	{}	[]	experiments/e149_final20_stoichiometry_v1/out_s0/ova_c4_iptm80_20a_c1/seed-1_sample-1/ova_c4_iptm80_20a_c1_seed-1_sample-1_summary_confidences.json	experiments/e149_final20_stoichiometry_v1/out_s0/ova_c4_iptm80_20a_c1/seed-1_sample-1/ova_c4_iptm80_20a_c1_seed-1_sample-1_model.cif
ova_c4_iptm80_20a_c1	seed-1_sample-2	1	0.0	0.92	90.93155438912348	nan	nan	0.92	0.0	0	1	0	0	0	0	0	0.0	nan	nan	{}	[]	experiments/e149_final20_stoichiometry_v1/out_s0/ova_c4_iptm80_20a_c1/seed-1_sample-2/ova_c4_iptm80_20a_c1_seed-1_sample-2_summary_confidences.json	experiments/e149_final20_stoichiometry_v1/out_s0/ova_c4_iptm80_20a_c1/seed-1_sample-2/ova_c4_iptm80_20a_c1_seed-1_sample-2_model.cif
ova_c4_iptm80_20a_c1	seed-1_sample-3	1	0.0	0.92	91.10751324984693	nan	nan	0.92	0.0	0	1	0	0	0	0	0	0.0	nan	nan	{}	[]	experiments/e149_final20_stoichiometry_v1/out_s0/ova_c4_iptm80_20a_c1/seed-1_sample-3/ova_c4_iptm80_20a_c1_seed-1_sample-3_summary_confidences.json	experiments/e149_final20_stoichiometry_v1/out_s0/ova_c4_iptm80_20a_c1/seed-1_sample-3/ova_c4_iptm80_20a_c1_seed-1_sample-3_model.cif
ova_c4_iptm80_20a_c1	seed-1_sample-4	1	0.0	0.92	91.0684456306418	nan	nan	0.92	0.0	0	1	0	0	0	0	0	0.0	nan	nan	{}	[]	experiments/e149_final20_stoichiometry_v1/out_s0/ova_c4_iptm80_20a_c1/seed-1_sample-4/ova_c4_iptm80_20a_c1_seed-1_sample-4_summary_confidences.json	experiments/e149_final20_stoichiometry_v1/out_s0/ova_c4_iptm80_20a_c1/seed-1_sample-4/ova_c4_iptm80_20a_c1_seed-1_sample-4_model.cif
ova_c4_iptm80_20a_c1	seed-2_sample-0	1	0.0	0.92	91.00841971876707	nan	nan	0.92	0.0	0	1	0	0	0	0	0	0.0	nan	nan	{}	[]	experiments/e149_final20_stoichiometry_v1/out_s0/ova_c4_iptm80_20a_c1/seed-2_sample-0/ova_c4_iptm80_20a_c1_seed-2_sample-0_summary_confidences.json	experiments/e149_final20_stoichiometry_v1/out_s0/ova_c4_iptm80_20a_c1/seed-2_sample-0/ova_c4_iptm80_20a_c1_seed-2_sample-0_model.cif
ova_c4_iptm80_20a_c1	seed-2_sample-1	1	0.0	0.93	91.59329024991841	nan	nan	0.93	0.0	0	1	0	0	0	0	0	0.0	nan	nan	{}	[]	experiments/e149_final20_stoichiometry_v1/out_s0/ova_c4_iptm80_20a_c1/seed-2_sample-1/ova_c4_iptm80_20a_c1_seed-2_sample-1_summary_confidences.json	experiments/e149_final20_stoichiometry_v1/out_s0/ova_c4_iptm80_20a_c1/seed-2_sample-1/ova_c4_iptm80_20a_c1_seed-2_sample-1_model.cif
ova_c4_iptm80_20a_c1	seed-2_sample-2	1	0.0	0.92	90.98816053360855	nan	nan	0.92	0.0	0	1	0	0	0	0	0	0.0	nan	nan	{}	[]	experiments/e149_final20_stoichiometry_v1/out_s0/ova_c4_iptm80_20a_c1/seed-2_sample-2/ova_c4_iptm80_20a_c1_seed-2_sample-2_summary_confidences.json	experiments/e149_final20_stoichiometry_v1/out_s0/ova_c4_iptm80_20a_c1/seed-2_sample-2/ova_c4_iptm80_20a_c1_seed-2_sample-2_model.cif
ova_c4_iptm80_20a_c1	seed-2_sample-3	1	0.0	0.92	91.33797918329584	nan	nan	0.92	0.0	0	1	0	0	0	0	0	0.0	nan	nan	{}	[]	experiments/e149_final20_stoichiometry_v1/out_s0/ova_c4_iptm80_20a_c1/seed-2_sample-3/ova_c4_iptm80_20a_c1_seed-2_sample-3_summary_confidences.json	experiments/e149_final20_stoichiometry_v1/out_s0/ova_c4_iptm80_20a_c1/seed-2_sample-3/ova_c4_iptm80_20a_c1_seed-2_sample-3_model.cif
ova_c4_iptm80_20a_c1	seed-2_sample-4	1	0.0	0.92	91.25616588493703	nan	nan	0.92	0.0	0	1	0	0	0	0	0	0.0	nan	nan	{}	[]	experiments/e149_final20_stoichiometry_v1/out_s0/ova_c4_iptm80_20a_c1/seed-2_sample-4/ova_c4_iptm80_20a_c1_seed-2_sample-4_summary_confidences.json	experiments/e149_final20_stoichiometry_v1/out_s0/ova_c4_iptm80_20a_c1/seed-2_sample-4/ova_c4_iptm80_20a_c1_seed-2_sample-4_model.cif
ova_c4_iptm80_20a_c1	seed-3_sample-0	1	0.0	0.92	91.14746108573954	nan	nan	0.92	0.0	0	1	0	0	0	0	0	0.0	nan	nan	{}	[]	experiments/e149_final20_stoichiometry_v1/out_s0/ova_c4_iptm80_20a_c1/seed-3_sample-0/ova_c4_iptm80_20a_c1_seed-3_sample-0_summary_confidences.json	experiments/e149_final20_stoichiometry_v1/out_s0/ova_c4_iptm80_20a_c1/seed-3_sample-0/ova_c4_iptm80_20a_c1_seed-3_sample-0_model.cif
ova_c4_iptm80_20a_c1	seed-3_sample-1	1	0.0	0.92	91.22067373404231	nan	nan	0.92	0.0	0	1	0	0	0	0	0	0.0	nan	nan	{}	[]	experiments/e149_final20_stoichiometry_v1/out_s0/ova_c4_iptm80_20a_c1/seed-3_sample-1/ova_c4_iptm80_20a_c1_seed-3_sample-1_summary_confidences.json	experiments/e149_final20_stoichiometry_v1/out_s0/ova_c4_iptm80_20a_c1/seed-3_sample-1/ova_c4_iptm80_20a_c1_seed-3_sample-1_model.cif
ova_c4_iptm80_20a_c1	seed-3_sample-2	1	0.0	0.92	91.25419688842457	nan	nan	0.92	0.0	0	1	0	0	0	0	0	0.0	nan	nan	{}	[]	experiments/e149_final20_stoichiometry_v1/out_s0/ova_c4_iptm80_20a_c1/seed-3_sample-2/ova_c4_iptm80_20a_c1_seed-3_sample-2_summary_confidences.json	experiments/e149_final20_stoichiometry_v1/out_s0/ova_c4_iptm80_20a_c1/seed-3_sample-2/ova_c4_iptm80_20a_c1_seed-3_sample-2_model.cif
ova_c4_iptm80_20a_c1	seed-3_sample-3	1	0.0	0.92	91.04808301382114	nan	nan	0.92	0.0	0	1	0	0	0	0	0	0.0	nan	nan	{}	[]	experiments/e149_final20_stoichiometry_v1/out_s0/ova_c4_iptm80_20a_c1/seed-3_sample-3/ova_c4_iptm80_20a_c1_seed-3_sample-3_summary_confidences.json	experiments/e149_final20_stoichiometry_v1/out_s0/ova_c4_iptm80_20a_c1/seed-3_sample-3/ova_c4_iptm80_20a_c1_seed-3_sample-3_model.cif
ova_c4_iptm80_20a_c1	seed-3_sample-4	1	0.0	0.92	91.16388607519278	nan	nan	0.92	0.0	0	1	0	0	0	0	0	0.0	nan	nan	{}	[]	experiments/e149_final20_stoichiometry_v1/out_s0/ova_c4_iptm80_20a_c1/seed-3_sample-4/ova_c4_iptm80_20a_c1_seed-3_sample-4_summary_confidences.json	experiments/e149_final20_stoichiometry_v1/out_s0/ova_c4_iptm80_20a_c1/seed-3_sample-4/ova_c4_iptm80_20a_c1_seed-3_sample-4_model.cif
ova_c4_iptm80_20a_c2	seed-1_sample-0	2	0.21	0.57	88.08450784831467	nan	nan	0.28	0.0	1	2	1	0	73	73	0	0.21	0.21	21.43	"{""A-B"": 73}"	[94, 95, 96, 97, 98, 99, 148, 151, 152, 153, 154, 155, 156, 157, 182, 183, 184, 190, 191, 192, 194, 195, 196, 207, 208, 209, 210, 336, 337, 338, 340, 342]	experiments/e149_final20_stoichiometry_v1/out_s1/ova_c4_iptm80_20a_c2/seed-1_sample-0/ova_c4_iptm80_20a_c2_seed-1_sample-0_summary_confidences.json	experiments/e149_final20_stoichiometry_v1/out_s1/ova_c4_iptm80_20a_c2/seed-1_sample-0/ova_c4_iptm80_20a_c2_seed-1_sample-0_model.cif
ova_c4_iptm80_20a_c2	seed-1_sample-1	2	0.23	0.58	88.64852352834119	nan	nan	0.3	0.0	1	2	1	0	77	77	0	0.23	0.23	20.92	"{""A-B"": 77}"	[94, 95, 96, 97, 98, 99, 101, 151, 152, 153, 154, 155, 156, 157, 182, 183, 184, 190, 191, 192, 193, 194, 195, 196, 207, 208, 209, 210, 336, 337, 338, 340, 342, 345]	experiments/e149_final20_stoichiometry_v1/out_s1/ova_c4_iptm80_20a_c2/seed-1_sample-1/ova_c4_iptm80_20a_c2_seed-1_sample-1_summary_confidences.json	experiments/e149_final20_stoichiometry_v1/out_s1/ova_c4_iptm80_20a_c2/seed-1_sample-1/ova_c4_iptm80_20a_c2_seed-1_sample-1_model.cif
ova_c4_iptm80_20a_c2	seed-1_sample-2	2	0.26	0.6	88.57699482181529	nan	nan	0.33	0.0	1	2	1	0	96	96	0	0.26	0.26	19.62	"{""A-B"": 96}"	[92, 94, 95, 96, 99, 134, 138, 140, 141, 142, 144, 145, 147, 148, 149, 151, 152, 153, 155, 156, 182, 183, 184, 188, 189, 190, 191, 192, 334, 336, 337, 338, 339, 340, 342, 344, 345, 346]	experiments/e149_final20_stoichiometry_v1/out_s1/ova_c4_iptm80_20a_c2/seed-1_sample-2/ova_c4_iptm80_20a_c2_seed-1_sample-2_summary_confidences.json	experiments/e149_final20_stoichiometry_v1/out_s1/ova_c4_iptm80_20a_c2/seed-1_sample-2/ova_c4_iptm80_20a_c2_seed-1_sample-2_model.cif
ova_c4_iptm80_20a_c2	seed-1_sample-3	2	0.26	0.59	88.59023325430914	nan	nan	0.33	0.0	1	2	1	0	91	91	0	0.26	0.26	19.76	"{""A-B"": 91}"	[92, 94, 95, 96, 99, 134, 138, 141, 144, 145, 147, 148, 149, 151, 152, 154, 155, 156, 159, 160, 182, 183, 184, 188, 190, 191, 192, 336, 337, 338, 339, 340, 342, 344, 345, 348]	experiments/e149_final20_stoichiometry_v1/out_s1/ova_c4_iptm80_20a_c2/seed-1_sample-3/ova_c4_iptm80_20a_c2_seed-1_sample-3_summary_confidences.json	experiments/e149_final20_stoichiometry_v1/out_s1/ova_c4_iptm80_20a_c2/seed-1_sample-3/ova_c4_iptm80_20a_c2_seed-1_sample-3_model.cif
ova_c4_iptm80_20a_c2	seed-1_sample-4	2	0.11	0.52	87.75585479933982	nan	nan	0.19	0.0	1	2	1	0	113	113	0	0.11	0.11	26.41	"{""A-B"": 113}"	[1, 2, 3, 4, 5, 6, 63, 64, 65, 68, 70, 71, 72, 73, 78, 79, 82, 83, 86, 124, 125, 217, 219, 234, 237, 238, 239, 241, 266, 271, 272, 274, 275, 276, 277, 278, 346, 347, 349, 350, 351, 354, 372, 373, 375]	experiments/e149_final20_stoichiometry_v1/out_s1/ova_c4_iptm80_20a_c2/seed-1_sample-4/ova_c4_iptm80_20a_c2_seed-1_sample-4_summary_confidences.json	experiments/e149_final20_stoichiometry_v1/out_s1/ova_c4_iptm80_20a_c2/seed-1_sample-4/ova_c4_iptm80_20a_c2_seed-1_sample-4_model.cif
ova_c4_iptm80_20a_c2	seed-2_sample-0	2	0.39	0.66	90.17012963764408	nan	nan	0.45	0.0	1	2	1	0	52	52	0	0.39	0.39	14.53	"{""A-B"": 52}"	[86, 90, 95, 96, 97, 186, 187, 217, 219, 236, 237, 238, 239, 271, 272, 276, 278, 340, 341, 342, 343, 344, 347, 373, 374]	experiments/e149_final20_stoichiometry_v1/out_s1/ova_c4_iptm80_20a_c2/seed-2_sample-0/ova_c4_iptm80_20a_c2_seed-2_sample-0_summary_confidences.json	experiments/e149_final20_stoichiometry_v1/out_s1/ova_c4_iptm80_20a_c2/seed-2_sample-0/ova_c4_iptm80_20a_c2_seed-2_sample-0_model.cif
ova_c4_iptm80_20a_c2	seed-2_sample-1	2	0.35	0.63	90.05727968561834	nan	nan	0.4	0.0	1	2	1	0	41	41	0	0.35	0.35	15.26	"{""A-B"": 41}"	[96, 97, 187, 217, 236, 237, 238, 239, 271, 276, 340, 341, 342, 343, 344, 347, 350, 351, 373]	experiments/e149_final20_stoichiometry_v1/out_s1/ova_c4_iptm80_20a_c2/seed-2_sample-1/ova_c4_iptm80_20a_c2_seed-2_sample-1_summary_confidences.json	experiments/e149_final20_stoichiometry_v1/out_s1/ova_c4_iptm80_20a_c2/seed-2_sample-1/ova_c4_iptm80_20a_c2_seed-2_sample-1_model.cif
ova_c4_iptm80_20a_c2	seed-2_sample-2	2	0.4	0.66	89.9150000656207	nan	nan	0.45	0.0	1	2	1	0	49	49	0	0.4	0.4	14.52	"{""A-B"": 49}"	[86, 96, 97, 186, 187, 216, 217, 219, 236, 237, 238, 239, 271, 272, 276, 278, 340, 341, 342, 343, 344, 347, 373, 374]	experiments/e149_final20_stoichiometry_v1/out_s1/ova_c4_iptm80_20a_c2/seed-2_sample-2/ova_c4_iptm80_20a_c2_seed-2_sample-2_summary_confidences.json	experiments/e149_final20_stoichiometry_v1/out_s1/ova_c4_iptm80_20a_c2/seed-2_sample-2/ova_c4_iptm80_20a_c2_seed-2_sample-2_model.cif
ova_c4_iptm80_20a_c2	seed-2_sample-3	2	0.37	0.65	89.66284973263123	nan	nan	0.42	0.0	1	2	1	0	57	57	0	0.37	0.37	15.3	"{""A-B"": 57}"	[86, 95, 96, 97, 186, 187, 216, 217, 219, 236, 237, 238, 239, 271, 272, 276, 278, 340, 341, 342, 343, 344, 347, 351, 373, 374]	experiments/e149_final20_stoichiometry_v1/out_s1/ova_c4_iptm80_20a_c2/seed-2_sample-3/ova_c4_iptm80_20a_c2_seed-2_sample-3_summary_confidences.json	experiments/e149_final20_stoichiometry_v1/out_s1/ova_c4_iptm80_20a_c2/seed-2_sample-3/ova_c4_iptm80_20a_c2_seed-2_sample-3_model.cif
ova_c4_iptm80_20a_c2	seed-2_sample-4	2	0.38	0.65	89.78365286397192	nan	nan	0.43	0.0	1	2	1	0	52	52	0	0.38	0.38	14.66	"{""A-B"": 52}"	[96, 97, 186, 187, 216, 217, 219, 236, 237, 238, 239, 271, 272, 276, 278, 340, 341, 342, 343, 344, 347, 350, 351, 373, 374]	experiments/e149_final20_stoichiometry_v1/out_s1/ova_c4_iptm80_20a_c2/seed-2_sample-4/ova_c4_iptm80_20a_c2_seed-2_sample-4_summary_confidences.json	experiments/e149_final20_stoichiometry_v1/out_s1/ova_c4_iptm80_20a_c2/seed-2_sample-4/ova_c4_iptm80_20a_c2_seed-2_sample-4_model.cif
ova_c4_iptm80_20a_c2	seed-3_sample-0	2	0.4	0.66	89.67533685753382	nan	nan	0.45	0.0	1	2	1	0	53	53	0	0.4	0.4	13.81	"{""A-B"": 53}"	[96, 97, 186, 187, 188, 216, 217, 236, 237, 238, 239, 271, 272, 276, 278, 340, 341, 342, 343, 344, 347, 350, 351, 373]	experiments/e149_final20_stoichiometry_v1/out_s1/ova_c4_iptm80_20a_c2/seed-3_sample-0/ova_c4_iptm80_20a_c2_seed-3_sample-0_summary_confidences.json	experiments/e149_final20_stoichiometry_v1/out_s1/ova_c4_iptm80_20a_c2/seed-3_sample-0/ova_c4_iptm80_20a_c2_seed-3_sample-0_model.cif
ova_c4_iptm80_20a_c2	seed-3_sample-1	2	0.4	0.66	89.91414519789305	nan	nan	0.45	0.0	1	2	1	0	55	55	0	0.4	0.4	14.32	"{""A-B"": 55}"	[86, 90, 95, 96, 97, 186, 187, 216, 217, 219, 236, 237, 238, 239, 271, 272, 276, 278, 340, 341, 342, 343, 344, 347, 373, 374]	experiments/e149_final20_stoichiometry_v1/out_s1/ova_c4_iptm80_20a_c2/seed-3_sample-1/ova_c4_iptm80_20a_c2_seed-3_sample-1_summary_confidences.json	experiments/e149_final20_stoichiometry_v1/out_s1/ova_c4_iptm80_20a_c2/seed-3_sample-1/ova_c4_iptm80_20a_c2_seed-3_sample-1_model.cif
ova_c4_iptm80_20a_c2	seed-3_sample-2	2	0.42	0.67	89.91774597563274	nan	nan	0.47	0.0	1	2	1	0	50	50	0	0.42	0.42	13.19	"{""A-B"": 50}"	[96, 97, 187, 216, 217, 219, 236, 237, 238, 239, 271, 272, 276, 278, 340, 341, 342, 343, 344, 347, 350, 351, 373, 374]	experiments/e149_final20_stoichiometry_v1/out_s1/ova_c4_iptm80_20a_c2/seed-3_sample-2/ova_c4_iptm80_20a_c2_seed-3_sample-2_summary_confidences.json	experiments/e149_final20_stoichiometry_v1/out_s1/ova_c4_iptm80_20a_c2/seed-3_sample-2/ova_c4_iptm80_20a_c2_seed-3_sample-2_model.cif
ova_c4_iptm80_20a_c2	seed-3_sample-3	2	0.37	0.65	89.56116567621577	nan	nan	0.43	0.0	1	2	1	0	57	57	0	0.37	0.37	15.21	"{""A-B"": 57}"	[86, 90, 95, 96, 97, 186, 187, 216, 217, 219, 236, 237, 238, 239, 271, 272, 276, 278, 340, 341, 342, 343, 344, 347, 373, 374]	experiments/e149_final20_stoichiometry_v1/out_s1/ova_c4_iptm80_20a_c2/seed-3_sample-3/ova_c4_iptm80_20a_c2_seed-3_sample-3_summary_confidences.json	experiments/e149_final20_stoichiometry_v1/out_s1/ova_c4_iptm80_20a_c2/seed-3_sample-3/ova_c4_iptm80_20a_c2_seed-3_sample-3_model.cif
ova_c4_iptm80_20a_c2	seed-3_sample-4	2	0.41	0.66	89.79414496150042	nan	nan	0.46	0.0	1	2	1	0	54	54	0	0.41	0.41	14.31	"{""A-B"": 54}"	[86, 90, 95, 96, 97, 186, 187, 216, 217, 219, 236, 237, 238, 239, 271, 272, 276, 278, 340, 341, 342, 343, 344, 347, 373, 374]	experiments/e149_final20_stoichiometry_v1/out_s1/ova_c4_iptm80_20a_c2/seed-3_sample-4/ova_c4_iptm80_20a_c2_seed-3_sample-4_summary_confidences.json	experiments/e149_final20_stoichiometry_v1/out_s1/ova_c4_iptm80_20a_c2/seed-3_sample-4/ova_c4_iptm80_20a_c2_seed-3_sample-4_model.cif
ova_c4_iptm80_20a_c3	seed-1_sample-0	3	0.15	0.41	86.23256477790792	nan	nan	0.2	0.0	3	3	1	0	99	99	0	0.12	0.12	25.36	"{""A-B"": 33, ""A-C"": 36, ""B-C"": 30}"	[73, 94, 95, 96, 97, 110, 116, 119, 120, 123, 124, 131, 132, 133, 134, 138, 141, 144, 145, 147, 148, 151, 152, 153, 187, 217, 270, 271, 272, 275, 276, 278, 341, 342, 343, 344, 346, 347, 350, 354, 372, 373]	experiments/e149_final20_stoichiometry_v1/out_s2/ova_c4_iptm80_20a_c3/seed-1_sample-0/ova_c4_iptm80_20a_c3_seed-1_sample-0_summary_confidences.json	experiments/e149_final20_stoichiometry_v1/out_s2/ova_c4_iptm80_20a_c3/seed-1_sample-0/ova_c4_iptm80_20a_c3_seed-1_sample-0_model.cif
ova_c4_iptm80_20a_c3	seed-1_sample-1	3	0.19	0.43	86.58067381073157	nan	nan	0.24	0.0	3	3	1	0	104	104	0	0.14	0.14	21.34	"{""A-B"": 43, ""A-C"": 17, ""B-C"": 44}"	[94, 95, 96, 97, 98, 99, 152, 155, 156, 182, 183, 184, 187, 190, 191, 192, 193, 195, 196, 208, 210, 215, 216, 217, 218, 238, 276, 278, 336, 337, 338, 339, 340, 341, 342, 343, 344, 345, 346, 347, 348, 349, 350, 351, 354]	experiments/e149_final20_stoichiometry_v1/out_s2/ova_c4_iptm80_20a_c3/seed-1_sample-1/ova_c4_iptm80_20a_c3_seed-1_sample-1_summary_confidences.json	experiments/e149_final20_stoichiometry_v1/out_s2/ova_c4_iptm80_20a_c3/seed-1_sample-1/ova_c4_iptm80_20a_c3_seed-1_sample-1_model.cif
ova_c4_iptm80_20a_c3	seed-1_sample-2	3	0.15	0.41	86.1148964679303	nan	nan	0.2	0.0	3	3	1	0	173	173	0	0.12	0.12	25.63	"{""A-B"": 56, ""A-C"": 59, ""B-C"": 58}"	[1, 2, 75, 77, 89, 92, 93, 94, 95, 96, 97, 110, 114, 119, 122, 123, 124, 127, 129, 130, 131, 132, 133, 145, 148, 149, 151, 152, 155, 156, 187, 216, 217, 236, 237, 238, 239, 270, 271, 272, 275, 276, 277, 278, 340, 341, 343, 345, 346, 350, 372, 373]	experiments/e149_final20_stoichiometry_v1/out_s2/ova_c4_iptm80_20a_c3/seed-1_sample-2/ova_c4_iptm80_20a_c3_seed-1_sample-2_summary_confidences.json	experiments/e149_final20_stoichiometry_v1/out_s2/ova_c4_iptm80_20a_c3/seed-1_sample-2/ova_c4_iptm80_20a_c3_seed-1_sample-2_model.cif
ova_c4_iptm80_20a_c3	seed-1_sample-3	3	0.14	0.41	85.90619183080801	nan	nan	0.2	0.0	3	3	1	0	140	140	0	0.11	0.11	25.98	"{""A-B"": 46, ""A-C"": 47, ""B-C"": 47}"	[96, 97, 140, 141, 144, 145, 147, 148, 149, 151, 152, 156, 159, 160, 163, 164, 184, 188, 190, 191, 192, 195, 196, 198, 201, 205, 206, 207, 208, 210, 337, 338, 339, 340, 342, 345, 385]	experiments/e149_final20_stoichiometry_v1/out_s2/ova_c4_iptm80_20a_c3/seed-1_sample-3/ova_c4_iptm80_20a_c3_seed-1_sample-3_summary_confidences.json	experiments/e149_final20_stoichiometry_v1/out_s2/ova_c4_iptm80_20a_c3/seed-1_sample-3/ova_c4_iptm80_20a_c3_seed-1_sample-3_model.cif
ova_c4_iptm80_20a_c3	seed-1_sample-4	3	0.18	0.44	87.13189103319237	nan	nan	0.23	0.0	3	3	1	0	110	110	0	0.15	0.15	22.58	"{""A-B"": 37, ""A-C"": 36, ""B-C"": 37}"	[93, 94, 95, 96, 97, 98, 99, 101, 149, 152, 153, 154, 155, 182, 183, 184, 190, 191, 192, 193, 194, 195, 196, 208, 210, 213, 342, 343, 348, 352]	experiments/e149_final20_stoichiometry_v1/out_s2/ova_c4_iptm80_20a_c3/seed-1_sample-4/ova_c4_iptm80_20a_c3_seed-1_sample-4_summary_confidences.json	experiments/e149_final20_stoichiometry_v1/out_s2/ova_c4_iptm80_20a_c3/seed-1_sample-4/ova_c4_iptm80_20a_c3_seed-1_sample-4_model.cif
ova_c4_iptm80_20a_c3	seed-2_sample-0	3	0.17	0.43	87.19670995405919	nan	nan	0.22	0.0	3	3	1	0	116	116	0	0.14	0.14	21.0	"{""A-B"": 39, ""A-C"": 39, ""B-C"": 38}"	[93, 94, 95, 96, 97, 98, 99, 184, 186, 187, 188, 191, 192, 217, 218, 219, 232, 234, 271, 274, 275, 276, 337, 338, 339, 340, 341, 342, 343, 344, 346, 347, 350, 351]	experiments/e149_final20_stoichiometry_v1/out_s2/ova_c4_iptm80_20a_c3/seed-2_sample-0/ova_c4_iptm80_20a_c3_seed-2_sample-0_summary_confidences.json	experiments/e149_final20_stoichiometry_v1/out_s2/ova_c4_iptm80_20a_c3/seed-2_sample-0/ova_c4_iptm80_20a_c3_seed-2_sample-0_model.cif
ova_c4_iptm80_20a_c3	seed-2_sample-1	3	0.15	0.41	87.22590683655417	nan	nan	0.2	0.0	3	3	1	0	65	65	0	0.12	0.12	24.08	"{""A-B"": 20, ""A-C"": 21, ""B-C"": 24}"	[192, 194, 196, 207, 208, 209, 210, 284, 285, 286, 287, 344, 345, 346, 348, 349, 350, 352, 353, 386]	experiments/e149_final20_stoichiometry_v1/out_s2/ova_c4_iptm80_20a_c3/seed-2_sample-1/ova_c4_iptm80_20a_c3_seed-2_sample-1_summary_confidences.json	experiments/e149_final20_stoichiometry_v1/out_s2/ova_c4_iptm80_20a_c3/seed-2_sample-1/ova_c4_iptm80_20a_c3_seed-2_sample-1_model.cif
ova_c4_iptm80_20a_c3	seed-2_sample-2	3	0.17	0.43	86.59468907766392	nan	nan	0.22	0.0	3	3	1	0	132	132	0	0.14	0.14	21.11	"{""A-B"": 43, ""A-C"": 43, ""B-C"": 46}"	[94, 95, 96, 97, 98, 99, 155, 182, 186, 187, 188, 189, 190, 191, 216, 217, 218, 219, 234, 275, 276, 278, 334, 336, 337, 338, 339, 340, 341, 342, 343, 344, 345, 346, 347, 350, 351]	experiments/e149_final20_stoichiometry_v1/out_s2/ova_c4_iptm80_20a_c3/seed-2_sample-2/ova_c4_iptm80_20a_c3_seed-2_sample-2_summary_confidences.json	experiments/e149_final20_stoichiometry_v1/out_s2/ova_c4_iptm80_20a_c3/seed-2_sample-2/ova_c4_iptm80_20a_c3_seed-2_sample-2_model.cif
ova_c4_iptm80_20a_c3	seed-2_sample-3	3	0.18	0.44	86.92479280857225	nan	nan	0.23	0.0	3	3	1	0	99	99	0	0.15	0.15	22.06	"{""A-B"": 14, ""A-C"": 42, ""B-C"": 43}"	[4, 64, 65, 66, 68, 82, 83, 86, 87, 90, 93, 94, 95, 96, 97, 99, 101, 155, 182, 184, 186, 188, 191, 217, 234, 238, 270, 271, 272, 273, 275, 276, 338, 340, 341, 342, 343, 344, 345, 346, 347, 349, 372, 373, 374]	experiments/e149_final20_stoichiometry_v1/out_s2/ova_c4_iptm80_20a_c3/seed-2_sample-3/ova_c4_iptm80_20a_c3_seed-2_sample-3_summary_confidences.json	experiments/e149_final20_stoichiometry_v1/out_s2/ova_c4_iptm80_20a_c3/seed-2_sample-3/ova_c4_iptm80_20a_c3_seed-2_sample-3_model.cif
ova_c4_iptm80_20a_c3	seed-2_sample-4	3	0.15	0.41	86.45546626550546	nan	nan	0.2	0.0	3	3	1	0	127	127	0	0.12	0.12	24.98	"{""A-B"": 44, ""A-C"": 40, ""B-C"": 43}"	[3, 64, 77, 83, 94, 95, 96, 110, 113, 114, 116, 119, 123, 124, 127, 131, 132, 133, 134, 138, 140, 141, 144, 145, 148, 149, 152, 153, 216, 217, 238, 271, 272, 275, 276, 277, 278, 340, 341, 342, 343, 344, 347, 350, 351, 354, 372, 373, 374]	experiments/e149_final20_stoichiometry_v1/out_s2/ova_c4_iptm80_20a_c3/seed-2_sample-4/ova_c4_iptm80_20a_c3_seed-2_sample-4_summary_confidences.json	experiments/e149_final20_stoichiometry_v1/out_s2/ova_c4_iptm80_20a_c3/seed-2_sample-4/ova_c4_iptm80_20a_c3_seed-2_sample-4_model.cif
ova_c4_iptm80_20a_c3	seed-3_sample-0	3	0.17	0.43	86.47901557764241	nan	nan	0.22	0.0	3	3	1	0	172	172	0	0.11	0.11	26.82	"{""A-B"": 47, ""A-C"": 87, ""B-C"": 38}"	[64, 65, 69, 70, 71, 72, 73, 74, 75, 76, 77, 80, 82, 83, 85, 86, 89, 90, 92, 94, 95, 96, 99, 101, 116, 117, 120, 121, 123, 124, 125, 134, 138, 141, 142, 144, 145, 147, 148, 149, 151, 152, 155, 156, 159, 182, 183, 184, 188, 190, 191, 192, 216, 217, 271, 272, 275, 276, 277, 278, 336, 337, 338, 339, 340, 342, 343, 344, 345, 346, 347, 350, 351, 353, 354, 355, 356, 373]	experiments/e149_final20_stoichiometry_v1/out_s2/ova_c4_iptm80_20a_c3/seed-3_sample-0/ova_c4_iptm80_20a_c3_seed-3_sample-0_summary_confidences.json	experiments/e149_final20_stoichiometry_v1/out_s2/ova_c4_iptm80_20a_c3/seed-3_sample-0/ova_c4_iptm80_20a_c3_seed-3_sample-0_model.cif
ova_c4_iptm80_20a_c3	seed-3_sample-1	3	0.17	0.43	86.96911918561075	nan	nan	0.22	0.0	3	3	1	0	74	74	0	0.11	0.11	27.72	"{""A-B"": 12, ""A-C"": 31, ""B-C"": 31}"	[1, 2, 3, 4, 5, 6, 64, 83, 86, 87, 90, 93, 94, 95, 96, 97, 98, 99, 131, 133, 145, 148, 149, 152, 155, 182, 184, 190, 191, 192, 193, 196, 198, 217, 239, 271, 272, 278, 280, 338, 340, 341, 342, 344, 345, 350, 352, 353, 354, 355, 356, 357, 358, 371, 373, 374, 375, 376]	experiments/e149_final20_stoichiometry_v1/out_s2/ova_c4_iptm80_20a_c3/seed-3_sample-1/ova_c4_iptm80_20a_c3_seed-3_sample-1_summary_confidences.json	experiments/e149_final20_stoichiometry_v1/out_s2/ova_c4_iptm80_20a_c3/seed-3_sample-1/ova_c4_iptm80_20a_c3_seed-3_sample-1_model.cif
ova_c4_iptm80_20a_c3	seed-3_sample-2	3	0.14	0.41	86.52196891073118	nan	nan	0.19	0.0	3	3	1	0	173	173	0	0.11	0.11	27.45	"{""A-B"": 55, ""A-C"": 60, ""B-C"": 58}"	[69, 70, 71, 72, 73, 74, 75, 78, 81, 82, 85, 94, 95, 96, 97, 99, 101, 114, 116, 117, 119, 120, 121, 123, 124, 125, 155, 156, 157, 180, 182, 183, 184, 188, 191, 236, 332, 334, 336, 337, 338, 339, 340, 341, 342, 344]	experiments/e149_final20_stoichiometry_v1/out_s2/ova_c4_iptm80_20a_c3/seed-3_sample-2/ova_c4_iptm80_20a_c3_seed-3_sample-2_summary_confidences.json	experiments/e149_final20_stoichiometry_v1/out_s2/ova_c4_iptm80_20a_c3/seed-3_sample-2/ova_c4_iptm80_20a_c3_seed-3_sample-2_model.cif
ova_c4_iptm80_20a_c3	seed-3_sample-3	3	0.18	0.43	86.92191699131783	nan	nan	0.23	0.0	3	3	1	0	84	84	0	0.13	0.13	22.38	"{""A-B"": 15, ""A-C"": 43, ""B-C"": 26}"	[82, 83, 86, 90, 95, 96, 182, 184, 186, 188, 190, 191, 192, 194, 217, 219, 234, 236, 237, 238, 239, 271, 272, 275, 276, 336, 337, 338, 339, 340, 341, 342, 344, 345, 346, 347, 372, 373, 374]	experiments/e149_final20_stoichiometry_v1/out_s2/ova_c4_iptm80_20a_c3/seed-3_sample-3/ova_c4_iptm80_20a_c3_seed-3_sample-3_summary_confidences.json	experiments/e149_final20_stoichiometry_v1/out_s2/ova_c4_iptm80_20a_c3/seed-3_sample-3/ova_c4_iptm80_20a_c3_seed-3_sample-3_model.cif
ova_c4_iptm80_20a_c3	seed-3_sample-4	3	0.17	0.42	86.06269421355094	nan	nan	0.22	0.0	3	3	1	0	70	70	0	0.13	0.13	21.68	"{""A-B"": 25, ""A-C"": 35, ""B-C"": 10}"	[96, 97, 148, 151, 152, 155, 156, 157, 184, 188, 190, 191, 192, 194, 217, 276, 278, 336, 337, 338, 340, 341, 342, 343, 344, 345, 346, 347, 350, 354]	experiments/e149_final20_stoichiometry_v1/out_s2/ova_c4_iptm80_20a_c3/seed-3_sample-4/ova_c4_iptm80_20a_c3_seed-3_sample-4_summary_confidences.json	experiments/e149_final20_stoichiometry_v1/out_s2/ova_c4_iptm80_20a_c3/seed-3_sample-4/ova_c4_iptm80_20a_c3_seed-3_sample-4_model.cif
ova_c4_iptm80_20a_c5	seed-1_sample-0	5	0.46	0.56	86.99668413863898	nan	nan	0.48	0.0	8	5	1	0	230	230	0	0.1	0.46499999999999997	11.935	"{""A-B"": 29, ""A-C"": 61, ""A-D"": 10, ""A-E"": 23, ""B-C"": 8, ""B-D"": 63, ""B-E"": 5, ""C-D"": 29, ""C-E"": 2, ""D-E"": 0}"	[86, 87, 90, 95, 96, 97, 98, 99, 156, 157, 159, 160, 182, 184, 190, 191, 192, 193, 196, 197, 198, 204, 205, 206, 207, 208, 209, 210, 213, 216, 217, 236, 237, 248, 249, 250, 271, 272, 276, 277, 278, 280, 285, 286, 287, 338, 339, 340, 341, 342, 343, 344, 345, 346, 347, 348, 349, 350, 351, 352, 353, 354, 356, 358, 360, 373, 374, 385, 386]	experiments/e149_final20_stoichiometry_v1/out_s3/ova_c4_iptm80_20a_c5/seed-1_sample-0/ova_c4_iptm80_20a_c5_seed-1_sample-0_summary_confidences.json	experiments/e149_final20_stoichiometry_v1/out_s3/ova_c4_iptm80_20a_c5/seed-1_sample-0/ova_c4_iptm80_20a_c5_seed-1_sample-0_model.cif
ova_c4_iptm80_20a_c5	seed-1_sample-1	5	0.46	0.56	86.45906736937212	nan	nan	0.48	0.0	8	5	1	0	233	233	0	0.11	0.45	12.56	"{""A-B"": 29, ""A-C"": 62, ""A-D"": 9, ""A-E"": 0, ""B-C"": 11, ""B-D"": 62, ""B-E"": 0, ""C-D"": 28, ""C-E"": 12, ""D-E"": 20}"	[1, 64, 65, 82, 83, 86, 87, 90, 95, 96, 97, 99, 182, 184, 187, 190, 191, 192, 193, 203, 204, 216, 217, 219, 222, 236, 237, 251, 271, 272, 274, 275, 276, 277, 278, 338, 339, 340, 341, 342, 343, 344, 345, 346, 347, 348, 349, 350, 351, 353, 354, 355, 356, 357, 373, 374]	experiments/e149_final20_stoichiometry_v1/out_s3/ova_c4_iptm80_20a_c5/seed-1_sample-1/ova_c4_iptm80_20a_c5_seed-1_sample-1_summary_confidences.json	experiments/e149_final20_stoichiometry_v1/out_s3/ova_c4_iptm80_20a_c5/seed-1_sample-1/ova_c4_iptm80_20a_c5_seed-1_sample-1_model.cif
ova_c4_iptm80_20a_c5	seed-1_sample-2	5	0.47	0.56	86.845621781028	nan	nan	0.49	0.0	10	5	1	0	220	220	0	0.11	0.44	12.58	"{""A-B"": 24, ""A-C"": 52, ""A-D"": 8, ""A-E"": 5, ""B-C"": 8, ""B-D"": 55, ""B-E"": 5, ""C-D"": 25, ""C-E"": 17, ""D-E"": 21}"	[86, 90, 94, 95, 96, 97, 98, 99, 116, 120, 123, 124, 127, 132, 137, 140, 141, 155, 156, 157, 169, 180, 182, 184, 190, 191, 192, 193, 194, 196, 197, 208, 210, 216, 217, 236, 271, 272, 276, 278, 285, 286, 287, 334, 335, 336, 337, 338, 339, 340, 341, 342, 343, 344, 345, 346, 347, 348, 349, 350, 351, 352, 353, 354, 356, 357, 360, 362, 373, 374]	experiments/e149_final20_stoichiometry_v1/out_s3/ova_c4_iptm80_20a_c5/seed-1_sample-2/ova_c4_iptm80_20a_c5_seed-1_sample-2_summary_confidences.json	experiments/e149_final20_stoichiometry_v1/out_s3/ova_c4_iptm80_20a_c5/seed-1_sample-2/ova_c4_iptm80_20a_c5_seed-1_sample-2_model.cif
ova_c4_iptm80_20a_c5	seed-1_sample-3	5	0.47	0.56	86.24898953017794	nan	nan	0.49	0.0	7	5	1	0	234	234	0	0.1	0.46	12.3	"{""A-B"": 26, ""A-C"": 64, ""A-D"": 15, ""A-E"": 0, ""B-C"": 14, ""B-D"": 64, ""B-E"": 0, ""C-D"": 28, ""C-E"": 23, ""D-E"": 0}"	[1, 83, 86, 90, 95, 96, 97, 98, 99, 182, 184, 190, 191, 192, 193, 198, 216, 217, 222, 224, 236, 237, 248, 266, 270, 271, 272, 275, 276, 277, 278, 279, 280, 337, 338, 339, 340, 341, 342, 343, 344, 345, 346, 347, 348, 349, 350, 351, 352, 353, 354, 355, 356, 357, 358, 373, 374]	experiments/e149_final20_stoichiometry_v1/out_s3/ova_c4_iptm80_20a_c5/seed-1_sample-3/ova_c4_iptm80_20a_c5_seed-1_sample-3_summary_confidences.json	experiments/e149_final20_stoichiometry_v1/out_s3/ova_c4_iptm80_20a_c5/seed-1_sample-3/ova_c4_iptm80_20a_c5_seed-1_sample-3_model.cif
ova_c4_iptm80_20a_c5	seed-1_sample-4	5	0.45	0.54	86.8926163115032	nan	nan	0.47	0.0	8	5	1	0	236	236	0	0.11	0.42	13.594999999999999	"{""A-B"": 27, ""A-C"": 55, ""A-D"": 8, ""A-E"": 29, ""B-C"": 8, ""B-D"": 59, ""B-E"": 22, ""C-D"": 28, ""C-E"": 0, ""D-E"": 0}"	[68, 70, 78, 79, 86, 90, 95, 96, 97, 98, 99, 182, 184, 190, 191, 192, 193, 215, 216, 217, 219, 222, 224, 225, 227, 234, 236, 237, 238, 239, 248, 271, 272, 276, 277, 278, 337, 338, 339, 340, 341, 342, 343, 344, 345, 346, 347, 348, 349, 350, 351, 352, 353, 354, 355, 356, 357, 358, 372, 373, 374]	experiments/e149_final20_stoichiometry_v1/out_s3/ova_c4_iptm80_20a_c5/seed-1_sample-4/ova_c4_iptm80_20a_c5_seed-1_sample-4_summary_confidences.json	experiments/e149_final20_stoichiometry_v1/out_s3/ova_c4_iptm80_20a_c5/seed-1_sample-4/ova_c4_iptm80_20a_c5_seed-1_sample-4_model.cif
ova_c4_iptm80_20a_c5	seed-2_sample-0	5	0.46	0.55	86.72321258307738	nan	nan	0.48	0.0	8	5	1	0	217	217	0	0.11	0.45	12.02	"{""A-B"": 21, ""A-C"": 60, ""A-D"": 9, ""A-E"": 0, ""B-C"": 8, ""B-D"": 60, ""B-E"": 0, ""C-D"": 26, ""C-E"": 10, ""D-E"": 23}"	[86, 90, 95, 96, 97, 98, 99, 144, 148, 155, 156, 157, 182, 184, 188, 190, 191, 192, 193, 216, 217, 222, 224, 236, 237, 271, 272, 273, 276, 277, 278, 280, 334, 336, 338, 339, 340, 341, 342, 343, 344, 345, 346, 347, 348, 349, 350, 351, 352, 353, 354, 355, 356, 357, 373, 374]	experiments/e149_final20_stoichiometry_v1/out_s3/ova_c4_iptm80_20a_c5/seed-2_sample-0/ova_c4_iptm80_20a_c5_seed-2_sample-0_summary_confidences.json	experiments/e149_final20_stoichiometry_v1/out_s3/ova_c4_iptm80_20a_c5/seed-2_sample-0/ova_c4_iptm80_20a_c5_seed-2_sample-0_model.cif
ova_c4_iptm80_20a_c5	seed-2_sample-1	5	0.49	0.58	86.94787561090499	nan	nan	0.51	0.0	8	5	1	0	218	218	0	0.1	0.51	10.955	"{""A-B"": 24, ""A-C"": 64, ""A-D"": 9, ""A-E"": 0, ""B-C"": 9, ""B-D"": 64, ""B-E"": 1, ""C-D"": 22, ""C-E"": 20, ""D-E"": 5}"	[20, 21, 24, 25, 86, 87, 90, 95, 96, 97, 98, 99, 182, 184, 190, 191, 192, 193, 202, 203, 204, 205, 216, 217, 236, 237, 251, 252, 253, 254, 257, 258, 271, 272, 276, 277, 278, 337, 338, 339, 340, 341, 342, 343, 344, 345, 346, 347, 348, 349, 350, 351, 352, 353, 354, 356, 358, 373, 374]	experiments/e149_final20_stoichiometry_v1/out_s3/ova_c4_iptm80_20a_c5/seed-2_sample-1/ova_c4_iptm80_20a_c5_seed-2_sample-1_summary_confidences.json	experiments/e149_final20_stoichiometry_v1/out_s3/ova_c4_iptm80_20a_c5/seed-2_sample-1/ova_c4_iptm80_20a_c5_seed-2_sample-1_model.cif
ova_c4_iptm80_20a_c5	seed-2_sample-2	5	0.51	0.6	87.19593269466736	nan	nan	0.53	0.0	8	5	1	0	203	203	0	0.11	0.505	10.195	"{""A-B"": 19, ""A-C"": 57, ""A-D"": 8, ""A-E"": 0, ""B-C"": 8, ""B-D"": 57, ""B-E"": 9, ""C-D"": 22, ""C-E"": 0, ""D-E"": 23}"	[86, 90, 94, 95, 96, 97, 99, 140, 144, 147, 148, 151, 156, 159, 160, 164, 182, 184, 190, 191, 192, 193, 196, 204, 205, 206, 207, 208, 216, 217, 236, 237, 271, 272, 276, 278, 338, 339, 340, 341, 342, 343, 344, 345, 346, 347, 348, 349, 350, 351, 354, 373, 374]	experiments/e149_final20_stoichiometry_v1/out_s3/ova_c4_iptm80_20a_c5/seed-2_sample-2/ova_c4_iptm80_20a_c5_seed-2_sample-2_summary_confidences.json	experiments/e149_final20_stoichiometry_v1/out_s3/ova_c4_iptm80_20a_c5/seed-2_sample-2/ova_c4_iptm80_20a_c5_seed-2_sample-2_model.cif
ova_c4_iptm80_20a_c5	seed-2_sample-3	5	0.46	0.55	86.98531067803734	nan	nan	0.48	0.0	8	5	1	0	231	231	0	0.11	0.455	12.375	"{""A-B"": 26, ""A-C"": 60, ""A-D"": 11, ""A-E"": 0, ""B-C"": 10, ""B-D"": 59, ""B-E"": 0, ""C-D"": 29, ""C-E"": 13, ""D-E"": 23}"	[1, 2, 64, 65, 68, 86, 87, 90, 95, 96, 97, 99, 182, 184, 186, 190, 191, 192, 193, 203, 204, 216, 217, 219, 222, 234, 236, 237, 238, 250, 251, 271, 272, 274, 275, 276, 277, 278, 338, 339, 340, 341, 342, 343, 344, 345, 346, 347, 348, 349, 350, 351, 353, 354, 356, 357, 358, 373, 374]	experiments/e149_final20_stoichiometry_v1/out_s3/ova_c4_iptm80_20a_c5/seed-2_sample-3/ova_c4_iptm80_20a_c5_seed-2_sample-3_summary_confidences.json	experiments/e149_final20_stoichiometry_v1/out_s3/ova_c4_iptm80_20a_c5/seed-2_sample-3/ova_c4_iptm80_20a_c5_seed-2_sample-3_model.cif
ova_c4_iptm80_20a_c5	seed-2_sample-4	5	0.5	0.59	86.94404159308715	nan	nan	0.52	0.0	9	5	1	0	202	202	0	0.1	0.5	10.9	"{""A-B"": 24, ""A-C"": 53, ""A-D"": 9, ""A-E"": 0, ""B-C"": 13, ""B-D"": 55, ""B-E"": 12, ""C-D"": 21, ""C-E"": 5, ""D-E"": 10}"	[1, 2, 86, 87, 90, 95, 96, 97, 98, 99, 110, 111, 116, 119, 120, 123, 124, 131, 132, 133, 134, 136, 137, 138, 141, 145, 148, 182, 184, 190, 191, 192, 193, 216, 217, 224, 236, 248, 271, 272, 276, 278, 338, 339, 340, 341, 342, 343, 344, 345, 346, 347, 348, 349, 350, 351, 353, 354, 356, 358, 373, 374]	experiments/e149_final20_stoichiometry_v1/out_s3/ova_c4_iptm80_20a_c5/seed-2_sample-4/ova_c4_iptm80_20a_c5_seed-2_sample-4_summary_confidences.json	experiments/e149_final20_stoichiometry_v1/out_s3/ova_c4_iptm80_20a_c5/seed-2_sample-4/ova_c4_iptm80_20a_c5_seed-2_sample-4_model.cif
ova_c4_iptm80_20a_c5	seed-3_sample-0	5	0.49	0.58	86.77725405520108	nan	nan	0.51	0.0	8	5	1	0	239	239	0	0.11	0.48	11.795	"{""A-B"": 10, ""A-C"": 63, ""A-D"": 30, ""A-E"": 8, ""B-C"": 27, ""B-D"": 64, ""B-E"": 0, ""C-D"": 12, ""C-E"": 0, ""D-E"": 25}"	[86, 87, 90, 95, 96, 97, 99, 182, 184, 190, 191, 192, 193, 195, 196, 197, 198, 206, 208, 211, 213, 216, 217, 236, 237, 271, 272, 276, 277, 278, 282, 337, 338, 339, 340, 341, 342, 343, 344, 345, 346, 347, 348, 349, 350, 351, 352, 353, 354, 356, 358, 360, 362, 373, 374]	experiments/e149_final20_stoichiometry_v1/out_s3/ova_c4_iptm80_20a_c5/seed-3_sample-0/ova_c4_iptm80_20a_c5_seed-3_sample-0_summary_confidences.json	experiments/e149_final20_stoichiometry_v1/out_s3/ova_c4_iptm80_20a_c5/seed-3_sample-0/ova_c4_iptm80_20a_c5_seed-3_sample-0_model.cif
ova_c4_iptm80_20a_c5	seed-3_sample-1	5	0.46	0.55	86.49512936290682	nan	nan	0.48	0.0	8	5	1	0	234	234	0	0.11	0.435	13.155	"{""A-B"": 10, ""A-C"": 68, ""A-D"": 27, ""A-E"": 2, ""B-C"": 24, ""B-D"": 65, ""B-E"": 16, ""C-D"": 10, ""C-E"": 12, ""D-E"": 0}"	[86, 87, 90, 95, 96, 97, 98, 99, 182, 184, 186, 190, 191, 192, 193, 216, 217, 224, 234, 236, 237, 238, 239, 271, 272, 276, 277, 278, 337, 338, 339, 340, 341, 342, 343, 344, 345, 346, 347, 348, 349, 350, 351, 352, 353, 354, 355, 356, 357, 372, 373, 374]	experiments/e149_final20_stoichiometry_v1/out_s3/ova_c4_iptm80_20a_c5/seed-3_sample-1/ova_c4_iptm80_20a_c5_seed-3_sample-1_summary_confidences.json	experiments/e149_final20_stoichiometry_v1/out_s3/ova_c4_iptm80_20a_c5/seed-3_sample-1/ova_c4_iptm80_20a_c5_seed-3_sample-1_model.cif
ova_c4_iptm80_20a_c5	seed-3_sample-2	5	0.49	0.57	86.96621754503003	nan	nan	0.5	0.0	8	5	1	0	232	232	0	0.11	0.49	11.77	"{""A-B"": 11, ""A-C"": 66, ""A-D"": 27, ""A-E"": 6, ""B-C"": 26, ""B-D"": 65, ""B-E"": 0, ""C-D"": 8, ""C-E"": 0, ""D-E"": 23}"	[86, 87, 90, 95, 96, 97, 98, 99, 182, 184, 190, 191, 192, 193, 216, 217, 236, 237, 271, 272, 276, 277, 278, 280, 337, 338, 339, 340, 341, 342, 343, 344, 345, 346, 347, 348, 349, 350, 351, 352, 353, 354, 355, 356, 357, 358, 373, 374]	experiments/e149_final20_stoichiometry_v1/out_s3/ova_c4_iptm80_20a_c5/seed-3_sample-2/ova_c4_iptm80_20a_c5_seed-3_sample-2_summary_confidences.json	experiments/e149_final20_stoichiometry_v1/out_s3/ova_c4_iptm80_20a_c5/seed-3_sample-2/ova_c4_iptm80_20a_c5_seed-3_sample-2_model.cif
ova_c4_iptm80_20a_c5	seed-3_sample-3	5	0.5	0.59	86.75510361034017	nan	nan	0.52	0.0	8	5	1	0	240	240	0	0.12	0.49	10.7	"{""A-B"": 13, ""A-C"": 63, ""A-D"": 30, ""A-E"": 4, ""B-C"": 29, ""B-D"": 64, ""B-E"": 9, ""C-D"": 10, ""C-E"": 0, ""D-E"": 18}"	[83, 86, 87, 90, 94, 95, 96, 97, 98, 99, 148, 151, 152, 155, 156, 157, 182, 184, 190, 191, 192, 193, 194, 195, 196, 197, 198, 203, 206, 208, 216, 217, 236, 237, 271, 272, 276, 277, 278, 337, 338, 339, 340, 341, 342, 343, 344, 345, 346, 347, 348, 349, 350, 351, 353, 354, 356, 373, 374]	experiments/e149_final20_stoichiometry_v1/out_s3/ova_c4_iptm80_20a_c5/seed-3_sample-3/ova_c4_iptm80_20a_c5_seed-3_sample-3_summary_confidences.json	experiments/e149_final20_stoichiometry_v1/out_s3/ova_c4_iptm80_20a_c5/seed-3_sample-3/ova_c4_iptm80_20a_c5_seed-3_sample-3_model.cif
ova_c4_iptm80_20a_c5	seed-3_sample-4	5	0.5	0.59	87.01707268749495	nan	nan	0.52	0.0	8	5	1	0	216	216	0	0.1	0.495	11.184999999999999	"{""A-B"": 12, ""A-C"": 58, ""A-D"": 28, ""A-E"": 1, ""B-C"": 24, ""B-D"": 60, ""B-E"": 6, ""C-D"": 12, ""C-E"": 0, ""D-E"": 15}"	[1, 2, 48, 49, 52, 61, 66, 67, 86, 87, 89, 90, 93, 95, 96, 97, 99, 116, 124, 127, 155, 182, 184, 190, 191, 192, 193, 195, 196, 198, 204, 206, 208, 216, 217, 236, 237, 263, 264, 271, 272, 276, 277, 278, 337, 338, 339, 340, 341, 342, 343, 344, 345, 346, 347, 348, 349, 350, 351, 352, 353, 354, 373, 374]	experiments/e149_final20_stoichiometry_v1/out_s3/ova_c4_iptm80_20a_c5/seed-3_sample-4/ova_c4_iptm80_20a_c5_seed-3_sample-4_summary_confidences.json	experiments/e149_final20_stoichiometry_v1/out_s3/ova_c4_iptm80_20a_c5/seed-3_sample-4/ova_c4_iptm80_20a_c5_seed-3_sample-4_model.cif
ova_c4_iptm80_20a_c6	seed-1_sample-0	6	0.32	0.43	85.5151295439567	nan	nan	0.34	0.0	6	6	1	0	272	272	0	0.33	0.27	14.785	"{""A-B"": 40, ""A-C"": 2, ""A-D"": 50, ""A-E"": 1, ""A-F"": 0, ""B-C"": 0, ""B-D"": 2, ""B-E"": 49, ""B-F"": 2, ""C-D"": 38, ""C-E"": 1, ""C-F"": 48, ""D-E"": 0, ""D-F"": 1, ""E-F"": 38}"	[95, 96, 97, 99, 182, 184, 188, 190, 191, 192, 193, 217, 236, 276, 277, 278, 337, 338, 339, 340, 341, 342, 343, 345, 346, 347, 348, 349, 350, 351, 353, 354, 355, 356, 357]	experiments/e149_final20_stoichiometry_v1/out_s4/ova_c4_iptm80_20a_c6/seed-1_sample-0/ova_c4_iptm80_20a_c6_seed-1_sample-0_summary_confidences.json	experiments/e149_final20_stoichiometry_v1/out_s4/ova_c4_iptm80_20a_c6/seed-1_sample-0/ova_c4_iptm80_20a_c6_seed-1_sample-0_model.cif
ova_c4_iptm80_20a_c6	seed-1_sample-1	6	0.31	0.42	85.76867887269647	nan	nan	0.33	0.0	6	6	1	0	281	281	0	0.32	0.255	15.59	"{""A-B"": 40, ""A-C"": 1, ""A-D"": 51, ""A-E"": 2, ""A-F"": 0, ""B-C"": 0, ""B-D"": 1, ""B-E"": 51, ""B-F"": 2, ""C-D"": 40, ""C-E"": 2, ""C-F"": 51, ""D-E"": 0, ""D-F"": 1, ""E-F"": 39}"	[95, 96, 97, 98, 99, 182, 184, 188, 190, 191, 192, 193, 217, 236, 276, 277, 278, 337, 338, 339, 340, 341, 342, 343, 344, 345, 346, 347, 348, 349, 350, 351, 353, 354, 355, 356, 357]	experiments/e149_final20_stoichiometry_v1/out_s4/ova_c4_iptm80_20a_c6/seed-1_sample-1/ova_c4_iptm80_20a_c6_seed-1_sample-1_summary_confidences.json	experiments/e149_final20_stoichiometry_v1/out_s4/ova_c4_iptm80_20a_c6/seed-1_sample-1/ova_c4_iptm80_20a_c6_seed-1_sample-1_model.cif
ova_c4_iptm80_20a_c6	seed-1_sample-2	6	0.32	0.43	85.72865268727041	nan	nan	0.35	0.0	6	6	1	0	243	243	0	0.34	0.275	14.24	"{""A-B"": 37, ""A-C"": 1, ""A-D"": 43, ""A-E"": 2, ""A-F"": 0, ""B-C"": 0, ""B-D"": 1, ""B-E"": 39, ""B-F"": 3, ""C-D"": 35, ""C-E"": 1, ""C-F"": 44, ""D-E"": 0, ""D-F"": 2, ""E-F"": 35}"	[95, 96, 97, 99, 182, 184, 188, 190, 191, 192, 193, 217, 236, 276, 277, 278, 337, 338, 339, 340, 341, 342, 343, 345, 346, 347, 348, 349, 350, 351, 353, 354, 355, 356, 357]	experiments/e149_final20_stoichiometry_v1/out_s4/ova_c4_iptm80_20a_c6/seed-1_sample-2/ova_c4_iptm80_20a_c6_seed-1_sample-2_summary_confidences.json	experiments/e149_final20_stoichiometry_v1/out_s4/ova_c4_iptm80_20a_c6/seed-1_sample-2/ova_c4_iptm80_20a_c6_seed-1_sample-2_model.cif
ova_c4_iptm80_20a_c6	seed-1_sample-3	6	0.32	0.42	85.65448183840421	nan	nan	0.34	0.0	6	6	1	0	257	257	0	0.31	0.26	15.129999999999999	"{""A-B"": 38, ""A-C"": 3, ""A-D"": 44, ""A-E"": 3, ""A-F"": 0, ""B-C"": 0, ""B-D"": 3, ""B-E"": 39, ""B-F"": 3, ""C-D"": 37, ""C-E"": 3, ""C-F"": 43, ""D-E"": 0, ""D-F"": 3, ""E-F"": 38}"	[95, 96, 97, 99, 182, 184, 188, 190, 191, 192, 217, 236, 276, 277, 278, 337, 338, 339, 340, 341, 342, 343, 345, 346, 347, 348, 349, 350, 351, 353, 354, 355, 356, 357]	experiments/e149_final20_stoichiometry_v1/out_s4/ova_c4_iptm80_20a_c6/seed-1_sample-3/ova_c4_iptm80_20a_c6_seed-1_sample-3_summary_confidences.json	experiments/e149_final20_stoichiometry_v1/out_s4/ova_c4_iptm80_20a_c6/seed-1_sample-3/ova_c4_iptm80_20a_c6_seed-1_sample-3_model.cif
ova_c4_iptm80_20a_c6	seed-1_sample-4	6	0.29	0.4	85.59041436348555	nan	nan	0.32	0.0	6	6	1	0	240	240	0	0.32	0.25	16.17	"{""A-B"": 32, ""A-C"": 0, ""A-D"": 49, ""A-E"": 0, ""A-F"": 0, ""B-C"": 0, ""B-D"": 0, ""B-E"": 48, ""B-F"": 1, ""C-D"": 32, ""C-E"": 0, ""C-F"": 47, ""D-E"": 0, ""D-F"": 0, ""E-F"": 31}"	[95, 96, 97, 99, 182, 184, 188, 190, 191, 192, 193, 217, 236, 276, 277, 278, 337, 338, 339, 340, 341, 342, 343, 346, 347, 348, 349, 350, 351, 353, 354, 355, 356, 357]	experiments/e149_final20_stoichiometry_v1/out_s4/ova_c4_iptm80_20a_c6/seed-1_sample-4/ova_c4_iptm80_20a_c6_seed-1_sample-4_summary_confidences.json	experiments/e149_final20_stoichiometry_v1/out_s4/ova_c4_iptm80_20a_c6/seed-1_sample-4/ova_c4_iptm80_20a_c6_seed-1_sample-4_model.cif
ova_c4_iptm80_20a_c6	seed-2_sample-0	6	0.37	0.46	86.41914514927049	nan	nan	0.39	0.0	12	6	1	0	309	309	0	0.35	0.22999999999999998	15.015	"{""A-B"": 34, ""A-C"": 0, ""A-D"": 45, ""A-E"": 13, ""A-F"": 14, ""B-C"": 11, ""B-D"": 12, ""B-E"": 46, ""B-F"": 0, ""C-D"": 14, ""C-E"": 30, ""C-F"": 43, ""D-E"": 0, ""D-F"": 34, ""E-F"": 13}"	[1, 6, 64, 65, 79, 83, 86, 87, 90, 93, 94, 95, 96, 97, 155, 156, 157, 184, 185, 188, 191, 217, 262, 263, 266, 267, 270, 271, 272, 276, 277, 278, 336, 337, 338, 339, 340, 342, 345, 346, 349, 350, 351, 353, 354, 355, 373, 374]	experiments/e149_final20_stoichiometry_v1/out_s4/ova_c4_iptm80_20a_c6/seed-2_sample-0/ova_c4_iptm80_20a_c6_seed-2_sample-0_summary_confidences.json	experiments/e149_final20_stoichiometry_v1/out_s4/ova_c4_iptm80_20a_c6/seed-2_sample-0/ova_c4_iptm80_20a_c6_seed-2_sample-0_model.cif
ova_c4_iptm80_20a_c6	seed-2_sample-1	6	0.51	0.58	86.50341974762438	nan	nan	0.53	0.0	12	6	1	0	560	560	0	0.56	0.345	10.11	"{""A-B"": 12, ""A-C"": 0, ""A-D"": 101, ""A-E"": 40, ""A-F"": 40, ""B-C"": 37, ""B-D"": 38, ""B-E"": 92, ""B-F"": 0, ""C-D"": 40, ""C-E"": 12, ""C-F"": 98, ""D-E"": 0, ""D-F"": 12, ""E-F"": 38}"	[86, 87, 90, 94, 95, 96, 97, 99, 140, 141, 143, 144, 147, 148, 150, 151, 152, 155, 156, 157, 158, 159, 160, 161, 163, 164, 182, 184, 188, 189, 190, 191, 192, 194, 210, 215, 216, 217, 271, 272, 276, 277, 278, 285, 287, 289, 332, 334, 336, 337, 338, 339, 340, 342, 343, 344, 345, 346, 347, 348, 349, 350, 351, 352, 353, 354, 355, 373, 374]	experiments/e149_final20_stoichiometry_v1/out_s4/ova_c4_iptm80_20a_c6/seed-2_sample-1/ova_c4_iptm80_20a_c6_seed-2_sample-1_summary_confidences.json	experiments/e149_final20_stoichiometry_v1/out_s4/ova_c4_iptm80_20a_c6/seed-2_sample-1/ova_c4_iptm80_20a_c6_seed-2_sample-1_model.cif
ova_c4_iptm80_20a_c6	seed-2_sample-2	6	0.53	0.6	86.66367868808885	nan	nan	0.54	0.0	12	6	1	0	406	406	0	0.58	0.37	9.515	"{""A-B"": 21, ""A-C"": 0, ""A-D"": 72, ""A-E"": 22, ""A-F"": 23, ""B-C"": 20, ""B-D"": 22, ""B-E"": 71, ""B-F"": 0, ""C-D"": 19, ""C-E"": 20, ""C-F"": 75, ""D-E"": 0, ""D-F"": 20, ""E-F"": 21}"	[1, 2, 86, 87, 90, 94, 95, 96, 97, 99, 151, 152, 155, 156, 157, 158, 159, 160, 164, 182, 184, 188, 189, 190, 191, 192, 194, 210, 215, 216, 217, 266, 270, 271, 272, 278, 285, 287, 289, 332, 334, 336, 337, 338, 339, 340, 342, 343, 345, 346, 347, 348, 349, 350, 351, 353, 354, 355, 373, 374, 375]	experiments/e149_final20_stoichiometry_v1/out_s4/ova_c4_iptm80_20a_c6/seed-2_sample-2/ova_c4_iptm80_20a_c6_seed-2_sample-2_summary_confidences.json	experiments/e149_final20_stoichiometry_v1/out_s4/ova_c4_iptm80_20a_c6/seed-2_sample-2/ova_c4_iptm80_20a_c6_seed-2_sample-2_model.cif
ova_c4_iptm80_20a_c6	seed-2_sample-3	6	0.4	0.49	86.16803106001622	nan	nan	0.42	0.0	12	6	1	0	273	273	0	0.41	0.25	14.254999999999999	"{""A-B"": 24, ""A-C"": 0, ""A-D"": 42, ""A-E"": 11, ""A-F"": 11, ""B-C"": 12, ""B-D"": 12, ""B-E"": 40, ""B-F"": 0, ""C-D"": 12, ""C-E"": 29, ""C-F"": 43, ""D-E"": 0, ""D-F"": 26, ""E-F"": 11}"	[1, 64, 65, 66, 86, 87, 90, 94, 95, 96, 97, 151, 155, 156, 157, 159, 184, 188, 191, 217, 263, 266, 267, 270, 271, 272, 273, 278, 336, 337, 338, 339, 340, 342, 345, 346, 347, 349, 350, 351, 353, 354, 355, 373, 374]	experiments/e149_final20_stoichiometry_v1/out_s4/ova_c4_iptm80_20a_c6/seed-2_sample-3/ova_c4_iptm80_20a_c6_seed-2_sample-3_summary_confidences.json	experiments/e149_final20_stoichiometry_v1/out_s4/ova_c4_iptm80_20a_c6/seed-2_sample-3/ova_c4_iptm80_20a_c6_seed-2_sample-3_model.cif
ova_c4_iptm80_20a_c6	seed-2_sample-4	6	0.52	0.59	86.77839395789903	nan	nan	0.54	0.0	12	6	1	0	431	431	0	0.57	0.355	9.755	"{""A-B"": 13, ""A-C"": 0, ""A-D"": 72, ""A-E"": 29, ""A-F"": 25, ""B-C"": 33, ""B-D"": 30, ""B-E"": 66, ""B-F"": 0, ""C-D"": 28, ""C-E"": 13, ""C-F"": 75, ""D-E"": 0, ""D-F"": 15, ""E-F"": 32}"	[86, 87, 90, 94, 95, 96, 97, 144, 147, 148, 151, 154, 155, 156, 157, 158, 159, 160, 164, 184, 188, 189, 191, 192, 194, 210, 215, 216, 217, 239, 271, 272, 276, 277, 278, 285, 287, 289, 332, 334, 336, 337, 338, 339, 340, 342, 343, 344, 345, 346, 347, 348, 349, 350, 351, 353, 354, 355, 371, 373, 374]	experiments/e149_final20_stoichiometry_v1/out_s4/ova_c4_iptm80_20a_c6/seed-2_sample-4/ova_c4_iptm80_20a_c6_seed-2_sample-4_summary_confidences.json	experiments/e149_final20_stoichiometry_v1/out_s4/ova_c4_iptm80_20a_c6/seed-2_sample-4/ova_c4_iptm80_20a_c6_seed-2_sample-4_model.cif
ova_c4_iptm80_20a_c6	seed-3_sample-0	6	0.33	0.44	86.27606219948882	nan	nan	0.35	0.0	6	6	1	0	202	202	0	0.34	0.315	14.355	"{""A-B"": 56, ""A-C"": 16, ""A-D"": 0, ""A-E"": 0, ""A-F"": 0, ""B-C"": 0, ""B-D"": 0, ""B-E"": 17, ""B-F"": 0, ""C-D"": 46, ""C-E"": 0, ""C-F"": 0, ""D-E"": 0, ""D-F"": 17, ""E-F"": 50}"	[1, 6, 64, 86, 87, 90, 94, 95, 96, 97, 98, 99, 152, 155, 156, 182, 183, 184, 190, 191, 192, 193, 195, 196, 208, 210, 263, 266, 267, 271, 272, 337, 338, 340, 342, 345, 373, 374]	experiments/e149_final20_stoichiometry_v1/out_s4/ova_c4_iptm80_20a_c6/seed-3_sample-0/ova_c4_iptm80_20a_c6_seed-3_sample-0_summary_confidences.json	experiments/e149_final20_stoichiometry_v1/out_s4/ova_c4_iptm80_20a_c6/seed-3_sample-0/ova_c4_iptm80_20a_c6_seed-3_sample-0_model.cif
ova_c4_iptm80_20a_c6	seed-3_sample-1	6	0.29	0.4	86.05297940506219	nan	nan	0.32	0.0	6	6	1	0	288	288	0	0.27	0.27	15.645	"{""A-B"": 61, ""A-C"": 35, ""A-D"": 0, ""A-E"": 0, ""A-F"": 0, ""B-C"": 0, ""B-D"": 0, ""B-E"": 35, ""B-F"": 0, ""C-D"": 62, ""C-E"": 0, ""C-F"": 0, ""D-E"": 0, ""D-F"": 36, ""E-F"": 59}"	[1, 3, 64, 65, 79, 82, 83, 86, 87, 90, 94, 95, 96, 97, 98, 99, 155, 156, 182, 183, 184, 188, 190, 191, 192, 193, 195, 196, 262, 263, 266, 267, 270, 271, 272, 337, 338, 339, 340, 342, 343, 344, 345, 348, 373, 374]	experiments/e149_final20_stoichiometry_v1/out_s4/ova_c4_iptm80_20a_c6/seed-3_sample-1/ova_c4_iptm80_20a_c6_seed-3_sample-1_summary_confidences.json	experiments/e149_final20_stoichiometry_v1/out_s4/ova_c4_iptm80_20a_c6/seed-3_sample-1/ova_c4_iptm80_20a_c6_seed-3_sample-1_model.cif
ova_c4_iptm80_20a_c6	seed-3_sample-2	6	0.32	0.42	86.24683944425435	nan	nan	0.34	0.0	6	6	1	0	232	232	0	0.3	0.295	14.7	"{""A-B"": 49, ""A-C"": 28, ""A-D"": 0, ""A-E"": 0, ""A-F"": 0, ""B-C"": 0, ""B-D"": 0, ""B-E"": 25, ""B-F"": 0, ""C-D"": 50, ""C-E"": 0, ""C-F"": 0, ""D-E"": 0, ""D-F"": 29, ""E-F"": 51}"	[1, 6, 64, 65, 79, 82, 83, 86, 87, 90, 94, 95, 96, 97, 98, 99, 155, 156, 182, 183, 184, 190, 191, 192, 193, 195, 196, 208, 210, 262, 263, 266, 267, 270, 271, 272, 337, 338, 340, 342, 344, 345, 348, 373, 374]	experiments/e149_final20_stoichiometry_v1/out_s4/ova_c4_iptm80_20a_c6/seed-3_sample-2/ova_c4_iptm80_20a_c6_seed-3_sample-2_summary_confidences.json	experiments/e149_final20_stoichiometry_v1/out_s4/ova_c4_iptm80_20a_c6/seed-3_sample-2/ova_c4_iptm80_20a_c6_seed-3_sample-2_model.cif
ova_c4_iptm80_20a_c6	seed-3_sample-3	6	0.34	0.44	86.37072534511744	nan	nan	0.36	0.0	6	6	1	0	198	198	0	0.33	0.32	14.05	"{""A-B"": 53, ""A-C"": 18, ""A-D"": 0, ""A-E"": 0, ""A-F"": 0, ""B-C"": 0, ""B-D"": 0, ""B-E"": 19, ""B-F"": 0, ""C-D"": 47, ""C-E"": 0, ""C-F"": 0, ""D-E"": 0, ""D-F"": 19, ""E-F"": 42}"	[1, 6, 64, 83, 86, 87, 90, 94, 95, 96, 97, 98, 99, 152, 155, 156, 182, 183, 184, 190, 191, 192, 193, 194, 195, 196, 208, 210, 262, 263, 266, 267, 270, 271, 272, 337, 338, 340, 342, 345, 373, 374]	experiments/e149_final20_stoichiometry_v1/out_s4/ova_c4_iptm80_20a_c6/seed-3_sample-3/ova_c4_iptm80_20a_c6_seed-3_sample-3_summary_confidences.json	experiments/e149_final20_stoichiometry_v1/out_s4/ova_c4_iptm80_20a_c6/seed-3_sample-3/ova_c4_iptm80_20a_c6_seed-3_sample-3_model.cif
ova_c4_iptm80_20a_c6	seed-3_sample-4	6	0.31	0.41	85.4065027385178	nan	nan	0.33	0.0	12	6	1	0	344	344	0	0.29	0.175	19.064999999999998	"{""A-B"": 52, ""A-C"": 37, ""A-D"": 12, ""A-E"": 14, ""A-F"": 0, ""B-C"": 13, ""B-D"": 0, ""B-E"": 35, ""B-F"": 14, ""C-D"": 51, ""C-E"": 0, ""C-F"": 14, ""D-E"": 13, ""D-F"": 40, ""E-F"": 49}"	[1, 2, 3, 6, 64, 65, 68, 79, 82, 83, 86, 87, 90, 93, 94, 95, 96, 97, 151, 155, 156, 157, 183, 184, 185, 188, 191, 216, 217, 236, 262, 263, 266, 267, 270, 271, 272, 276, 277, 278, 336, 337, 338, 339, 340, 345, 346, 349, 350, 351, 353, 354, 355, 373, 374]	experiments/e149_final20_stoichiometry_v1/out_s4/ova_c4_iptm80_20a_c6/seed-3_sample-4/ova_c4_iptm80_20a_c6_seed-3_sample-4_summary_confidences.json	experiments/e149_final20_stoichiometry_v1/out_s4/ova_c4_iptm80_20a_c6/seed-3_sample-4/ova_c4_iptm80_20a_c6_seed-3_sample-4_model.cif
ova_c4_iptm80_21b_c1	seed-1_sample-0	1	0.0	0.92	91.2609066049052	nan	nan	0.92	0.0	0	1	0	0	0	0	0	0.0	nan	nan	{}	[]	experiments/e149_final20_stoichiometry_v1/out_s5/ova_c4_iptm80_21b_c1/seed-1_sample-0/ova_c4_iptm80_21b_c1_seed-1_sample-0_summary_confidences.json	experiments/e149_final20_stoichiometry_v1/out_s5/ova_c4_iptm80_21b_c1/seed-1_sample-0/ova_c4_iptm80_21b_c1_seed-1_sample-0_model.cif
ova_c4_iptm80_21b_c1	seed-1_sample-1	1	0.0	0.92	90.2848705726584	nan	nan	0.92	0.0	0	1	0	0	0	0	0	0.0	nan	nan	{}	[]	experiments/e149_final20_stoichiometry_v1/out_s5/ova_c4_iptm80_21b_c1/seed-1_sample-1/ova_c4_iptm80_21b_c1_seed-1_sample-1_summary_confidences.json	experiments/e149_final20_stoichiometry_v1/out_s5/ova_c4_iptm80_21b_c1/seed-1_sample-1/ova_c4_iptm80_21b_c1_seed-1_sample-1_model.cif
ova_c4_iptm80_21b_c1	seed-1_sample-2	1	0.0	0.92	91.02619172130842	nan	nan	0.92	0.0	0	1	0	0	0	0	0	0.0	nan	nan	{}	[]	experiments/e149_final20_stoichiometry_v1/out_s5/ova_c4_iptm80_21b_c1/seed-1_sample-2/ova_c4_iptm80_21b_c1_seed-1_sample-2_summary_confidences.json	experiments/e149_final20_stoichiometry_v1/out_s5/ova_c4_iptm80_21b_c1/seed-1_sample-2/ova_c4_iptm80_21b_c1_seed-1_sample-2_model.cif
ova_c4_iptm80_21b_c1	seed-1_sample-3	1	0.0	0.92	90.97297926393816	nan	nan	0.92	0.0	0	1	0	0	0	0	0	0.0	nan	nan	{}	[]	experiments/e149_final20_stoichiometry_v1/out_s5/ova_c4_iptm80_21b_c1/seed-1_sample-3/ova_c4_iptm80_21b_c1_seed-1_sample-3_summary_confidences.json	experiments/e149_final20_stoichiometry_v1/out_s5/ova_c4_iptm80_21b_c1/seed-1_sample-3/ova_c4_iptm80_21b_c1_seed-1_sample-3_model.cif
ova_c4_iptm80_21b_c1	seed-1_sample-4	1	0.0	0.92	90.83077721274579	nan	nan	0.92	0.0	0	1	0	0	0	0	0	0.0	nan	nan	{}	[]	experiments/e149_final20_stoichiometry_v1/out_s5/ova_c4_iptm80_21b_c1/seed-1_sample-4/ova_c4_iptm80_21b_c1_seed-1_sample-4_summary_confidences.json	experiments/e149_final20_stoichiometry_v1/out_s5/ova_c4_iptm80_21b_c1/seed-1_sample-4/ova_c4_iptm80_21b_c1_seed-1_sample-4_model.cif
ova_c4_iptm80_21b_c1	seed-2_sample-0	1	0.0	0.92	90.89945596487411	nan	nan	0.92	0.0	0	1	0	0	0	0	0	0.0	nan	nan	{}	[]	experiments/e149_final20_stoichiometry_v1/out_s5/ova_c4_iptm80_21b_c1/seed-2_sample-0/ova_c4_iptm80_21b_c1_seed-2_sample-0_summary_confidences.json	experiments/e149_final20_stoichiometry_v1/out_s5/ova_c4_iptm80_21b_c1/seed-2_sample-0/ova_c4_iptm80_21b_c1_seed-2_sample-0_model.cif
ova_c4_iptm80_21b_c1	seed-2_sample-1	1	0.0	0.92	91.27774600290881	nan	nan	0.92	0.0	0	1	0	0	0	0	0	0.0	nan	nan	{}	[]	experiments/e149_final20_stoichiometry_v1/out_s5/ova_c4_iptm80_21b_c1/seed-2_sample-1/ova_c4_iptm80_21b_c1_seed-2_sample-1_summary_confidences.json	experiments/e149_final20_stoichiometry_v1/out_s5/ova_c4_iptm80_21b_c1/seed-2_sample-1/ova_c4_iptm80_21b_c1_seed-2_sample-1_model.cif
ova_c4_iptm80_21b_c1	seed-2_sample-2	1	0.0	0.92	90.71199480363124	nan	nan	0.92	0.0	0	1	0	0	0	0	0	0.0	nan	nan	{}	[]	experiments/e149_final20_stoichiometry_v1/out_s5/ova_c4_iptm80_21b_c1/seed-2_sample-2/ova_c4_iptm80_21b_c1_seed-2_sample-2_summary_confidences.json	experiments/e149_final20_stoichiometry_v1/out_s5/ova_c4_iptm80_21b_c1/seed-2_sample-2/ova_c4_iptm80_21b_c1_seed-2_sample-2_model.cif
ova_c4_iptm80_21b_c1	seed-2_sample-3	1	0.0	0.92	90.91028491203032	nan	nan	0.92	0.0	0	1	0	0	0	0	0	0.0	nan	nan	{}	[]	experiments/e149_final20_stoichiometry_v1/out_s5/ova_c4_iptm80_21b_c1/seed-2_sample-3/ova_c4_iptm80_21b_c1_seed-2_sample-3_summary_confidences.json	experiments/e149_final20_stoichiometry_v1/out_s5/ova_c4_iptm80_21b_c1/seed-2_sample-3/ova_c4_iptm80_21b_c1_seed-2_sample-3_model.cif
ova_c4_iptm80_21b_c1	seed-2_sample-4	1	0.0	0.92	90.91261659137943	nan	nan	0.92	0.0	0	1	0	0	0	0	0	0.0	nan	nan	{}	[]	experiments/e149_final20_stoichiometry_v1/out_s5/ova_c4_iptm80_21b_c1/seed-2_sample-4/ova_c4_iptm80_21b_c1_seed-2_sample-4_summary_confidences.json	experiments/e149_final20_stoichiometry_v1/out_s5/ova_c4_iptm80_21b_c1/seed-2_sample-4/ova_c4_iptm80_21b_c1_seed-2_sample-4_model.cif
ova_c4_iptm80_21b_c1	seed-3_sample-0	1	0.0	0.92	90.8291190646473	nan	nan	0.92	0.0	0	1	0	0	0	0	0	0.0	nan	nan	{}	[]	experiments/e149_final20_stoichiometry_v1/out_s5/ova_c4_iptm80_21b_c1/seed-3_sample-0/ova_c4_iptm80_21b_c1_seed-3_sample-0_summary_confidences.json	experiments/e149_final20_stoichiometry_v1/out_s5/ova_c4_iptm80_21b_c1/seed-3_sample-0/ova_c4_iptm80_21b_c1_seed-3_sample-0_model.cif
ova_c4_iptm80_21b_c1	seed-3_sample-1	1	0.0	0.92	90.79582911081265	nan	nan	0.92	0.0	0	1	0	0	0	0	0	0.0	nan	nan	{}	[]	experiments/e149_final20_stoichiometry_v1/out_s5/ova_c4_iptm80_21b_c1/seed-3_sample-1/ova_c4_iptm80_21b_c1_seed-3_sample-1_summary_confidences.json	experiments/e149_final20_stoichiometry_v1/out_s5/ova_c4_iptm80_21b_c1/seed-3_sample-1/ova_c4_iptm80_21b_c1_seed-3_sample-1_model.cif
ova_c4_iptm80_21b_c1	seed-3_sample-2	1	0.0	0.92	90.87114001061632	nan	nan	0.92	0.0	0	1	0	0	0	0	0	0.0	nan	nan	{}	[]	experiments/e149_final20_stoichiometry_v1/out_s5/ova_c4_iptm80_21b_c1/seed-3_sample-2/ova_c4_iptm80_21b_c1_seed-3_sample-2_summary_confidences.json	experiments/e149_final20_stoichiometry_v1/out_s5/ova_c4_iptm80_21b_c1/seed-3_sample-2/ova_c4_iptm80_21b_c1_seed-3_sample-2_model.cif
ova_c4_iptm80_21b_c1	seed-3_sample-3	1	0.0	0.92	90.57111401137911	nan	nan	0.92	0.0	0	1	0	0	0	0	0	0.0	nan	nan	{}	[]	experiments/e149_final20_stoichiometry_v1/out_s5/ova_c4_iptm80_21b_c1/seed-3_sample-3/ova_c4_iptm80_21b_c1_seed-3_sample-3_summary_confidences.json	experiments/e149_final20_stoichiometry_v1/out_s5/ova_c4_iptm80_21b_c1/seed-3_sample-3/ova_c4_iptm80_21b_c1_seed-3_sample-3_model.cif
ova_c4_iptm80_21b_c1	seed-3_sample-4	1	0.0	0.92	90.84113995645949	nan	nan	0.92	0.0	0	1	0	0	0	0	0	0.0	nan	nan	{}	[]	experiments/e149_final20_stoichiometry_v1/out_s5/ova_c4_iptm80_21b_c1/seed-3_sample-4/ova_c4_iptm80_21b_c1_seed-3_sample-4_summary_confidences.json	experiments/e149_final20_stoichiometry_v1/out_s5/ova_c4_iptm80_21b_c1/seed-3_sample-4/ova_c4_iptm80_21b_c1_seed-3_sample-4_model.cif
ova_c4_iptm80_21b_c2	seed-1_sample-0	2	0.18	0.55	88.41873039482789	nan	nan	0.26	0.0	1	2	1	0	71	71	0	0.18	0.18	21.85	"{""A-B"": 71}"	[94, 95, 96, 97, 98, 99, 151, 152, 154, 155, 156, 157, 182, 183, 184, 188, 190, 191, 192, 194, 195, 196, 208, 210, 336, 337, 338, 339, 340, 342, 343, 348]	experiments/e149_final20_stoichiometry_v1/out_s6/ova_c4_iptm80_21b_c2/seed-1_sample-0/ova_c4_iptm80_21b_c2_seed-1_sample-0_summary_confidences.json	experiments/e149_final20_stoichiometry_v1/out_s6/ova_c4_iptm80_21b_c2/seed-1_sample-0/ova_c4_iptm80_21b_c2_seed-1_sample-0_model.cif
ova_c4_iptm80_21b_c2	seed-1_sample-1	2	0.19	0.56	88.43093276147398	nan	nan	0.26	0.0	1	2	1	0	58	58	0	0.19	0.19	21.62	"{""A-B"": 58}"	[94, 95, 96, 97, 98, 99, 151, 154, 155, 156, 157, 182, 183, 184, 190, 191, 192, 193, 194, 195, 196, 208, 210, 336, 337, 338, 339, 340, 342, 345, 348]	experiments/e149_final20_stoichiometry_v1/out_s6/ova_c4_iptm80_21b_c2/seed-1_sample-1/ova_c4_iptm80_21b_c2_seed-1_sample-1_summary_confidences.json	experiments/e149_final20_stoichiometry_v1/out_s6/ova_c4_iptm80_21b_c2/seed-1_sample-1/ova_c4_iptm80_21b_c2_seed-1_sample-1_model.cif
ova_c4_iptm80_21b_c2	seed-1_sample-2	2	0.22	0.57	88.39673557182668	nan	nan	0.29	0.0	1	2	1	0	57	57	0	0.22	0.22	20.21	"{""A-B"": 57}"	[86, 87, 90, 93, 95, 96, 97, 186, 187, 217, 219, 234, 236, 237, 238, 239, 270, 271, 272, 275, 276, 278, 340, 341, 343, 371, 372, 373, 374]	experiments/e149_final20_stoichiometry_v1/out_s6/ova_c4_iptm80_21b_c2/seed-1_sample-2/ova_c4_iptm80_21b_c2_seed-1_sample-2_summary_confidences.json	experiments/e149_final20_stoichiometry_v1/out_s6/ova_c4_iptm80_21b_c2/seed-1_sample-2/ova_c4_iptm80_21b_c2_seed-1_sample-2_model.cif
ova_c4_iptm80_21b_c2	seed-1_sample-3	2	0.17	0.55	87.94860112481784	nan	nan	0.25	0.0	1	2	1	0	59	59	0	0.17	0.17	22.04	"{""A-B"": 59}"	[94, 95, 96, 97, 98, 99, 151, 152, 155, 156, 157, 182, 183, 184, 188, 190, 191, 192, 194, 195, 196, 208, 210, 336, 337, 338, 340, 342, 348]	experiments/e149_final20_stoichiometry_v1/out_s6/ova_c4_iptm80_21b_c2/seed-1_sample-3/ova_c4_iptm80_21b_c2_seed-1_sample-3_summary_confidences.json	experiments/e149_final20_stoichiometry_v1/out_s6/ova_c4_iptm80_21b_c2/seed-1_sample-3/ova_c4_iptm80_21b_c2_seed-1_sample-3_model.cif
ova_c4_iptm80_21b_c2	seed-1_sample-4	2	0.18	0.55	88.39170983665348	nan	nan	0.25	0.0	1	2	1	0	54	54	0	0.18	0.18	21.05	"{""A-B"": 54}"	[95, 96, 97, 98, 99, 151, 155, 156, 157, 182, 183, 184, 188, 190, 191, 192, 194, 195, 196, 208, 337, 338, 339, 340, 342, 343, 345, 346]	experiments/e149_final20_stoichiometry_v1/out_s6/ova_c4_iptm80_21b_c2/seed-1_sample-4/ova_c4_iptm80_21b_c2_seed-1_sample-4_summary_confidences.json	experiments/e149_final20_stoichiometry_v1/out_s6/ova_c4_iptm80_21b_c2/seed-1_sample-4/ova_c4_iptm80_21b_c2_seed-1_sample-4_model.cif
ova_c4_iptm80_21b_c2	seed-2_sample-0	2	0.64	0.79	91.02347165438795	nan	nan	0.67	0.0	1	2	1	0	58	58	0	0.64	0.64	4.93	"{""A-B"": 58}"	[86, 90, 95, 96, 97, 186, 187, 217, 219, 236, 237, 238, 239, 270, 271, 272, 276, 278, 340, 341, 342, 343, 344, 347, 373, 374]	experiments/e149_final20_stoichiometry_v1/out_s6/ova_c4_iptm80_21b_c2/seed-2_sample-0/ova_c4_iptm80_21b_c2_seed-2_sample-0_summary_confidences.json	experiments/e149_final20_stoichiometry_v1/out_s6/ova_c4_iptm80_21b_c2/seed-2_sample-0/ova_c4_iptm80_21b_c2_seed-2_sample-0_model.cif
ova_c4_iptm80_21b_c2	seed-2_sample-1	2	0.29	0.59	88.89186528062574	nan	nan	0.35	0.0	1	2	1	0	90	90	0	0.29	0.29	10.27	"{""A-B"": 90}"	[95, 96, 97, 184, 186, 187, 188, 216, 217, 234, 236, 237, 238, 239, 270, 271, 272, 275, 276, 277, 278, 339, 340, 341, 342, 343, 344, 346, 347, 349, 350, 353, 354, 372, 373]	experiments/e149_final20_stoichiometry_v1/out_s6/ova_c4_iptm80_21b_c2/seed-2_sample-1/ova_c4_iptm80_21b_c2_seed-2_sample-1_summary_confidences.json	experiments/e149_final20_stoichiometry_v1/out_s6/ova_c4_iptm80_21b_c2/seed-2_sample-1/ova_c4_iptm80_21b_c2_seed-2_sample-1_model.cif
ova_c4_iptm80_21b_c2	seed-2_sample-2	2	0.68	0.81	90.95362680069523	nan	nan	0.71	0.0	1	2	1	0	59	59	0	0.68	0.68	3.77	"{""A-B"": 59}"	[86, 90, 95, 96, 97, 186, 187, 217, 219, 236, 237, 238, 239, 271, 272, 276, 278, 340, 341, 342, 343, 344, 347, 371, 373, 374]	experiments/e149_final20_stoichiometry_v1/out_s6/ova_c4_iptm80_21b_c2/seed-2_sample-2/ova_c4_iptm80_21b_c2_seed-2_sample-2_summary_confidences.json	experiments/e149_final20_stoichiometry_v1/out_s6/ova_c4_iptm80_21b_c2/seed-2_sample-2/ova_c4_iptm80_21b_c2_seed-2_sample-2_model.cif
ova_c4_iptm80_21b_c2	seed-2_sample-3	2	0.61	0.77	90.51222797255441	nan	nan	0.64	0.0	1	2	1	0	61	61	0	0.61	0.61	5.3	"{""A-B"": 61}"	[86, 90, 95, 96, 97, 186, 187, 216, 217, 219, 236, 237, 238, 239, 271, 272, 276, 278, 340, 341, 342, 343, 344, 347, 373, 374]	experiments/e149_final20_stoichiometry_v1/out_s6/ova_c4_iptm80_21b_c2/seed-2_sample-3/ova_c4_iptm80_21b_c2_seed-2_sample-3_summary_confidences.json	experiments/e149_final20_stoichiometry_v1/out_s6/ova_c4_iptm80_21b_c2/seed-2_sample-3/ova_c4_iptm80_21b_c2_seed-2_sample-3_model.cif
ova_c4_iptm80_21b_c2	seed-2_sample-4	2	0.66	0.8	90.81334201041899	nan	nan	0.69	0.0	1	2	1	0	65	65	0	0.66	0.66	4.29	"{""A-B"": 65}"	[86, 90, 95, 96, 97, 186, 187, 217, 219, 234, 236, 237, 238, 239, 270, 271, 272, 276, 278, 340, 341, 342, 343, 344, 347, 371, 373, 374]	experiments/e149_final20_stoichiometry_v1/out_s6/ova_c4_iptm80_21b_c2/seed-2_sample-4/ova_c4_iptm80_21b_c2_seed-2_sample-4_summary_confidences.json	experiments/e149_final20_stoichiometry_v1/out_s6/ova_c4_iptm80_21b_c2/seed-2_sample-4/ova_c4_iptm80_21b_c2_seed-2_sample-4_model.cif
ova_c4_iptm80_21b_c2	seed-3_sample-0	2	0.4	0.66	87.81313460354978	nan	nan	0.45	0.0	1	2	1	0	82	82	0	0.4	0.4	12.42	"{""A-B"": 82}"	[86, 89, 90, 95, 96, 97, 217, 219, 234, 236, 237, 238, 239, 271, 272, 275, 276, 277, 278, 340, 341, 342, 343, 344, 345, 346, 347, 348, 349, 350, 371, 372, 373, 374]	experiments/e149_final20_stoichiometry_v1/out_s6/ova_c4_iptm80_21b_c2/seed-3_sample-0/ova_c4_iptm80_21b_c2_seed-3_sample-0_summary_confidences.json	experiments/e149_final20_stoichiometry_v1/out_s6/ova_c4_iptm80_21b_c2/seed-3_sample-0/ova_c4_iptm80_21b_c2_seed-3_sample-0_model.cif
ova_c4_iptm80_21b_c2	seed-3_sample-1	2	0.31	0.61	87.66409326464401	nan	nan	0.37	0.0	1	2	1	0	62	62	0	0.31	0.31	13.13	"{""A-B"": 62}"	[86, 87, 90, 95, 96, 97, 217, 234, 236, 237, 238, 239, 270, 271, 272, 275, 276, 278, 340, 341, 342, 343, 344, 345, 346, 349, 371, 372, 373, 374]	experiments/e149_final20_stoichiometry_v1/out_s6/ova_c4_iptm80_21b_c2/seed-3_sample-1/ova_c4_iptm80_21b_c2_seed-3_sample-1_summary_confidences.json	experiments/e149_final20_stoichiometry_v1/out_s6/ova_c4_iptm80_21b_c2/seed-3_sample-1/ova_c4_iptm80_21b_c2_seed-3_sample-1_model.cif
ova_c4_iptm80_21b_c2	seed-3_sample-2	2	0.31	0.61	87.60942996721812	nan	nan	0.37	0.0	1	2	1	0	56	56	0	0.31	0.31	13.07	"{""A-B"": 56}"	[1, 86, 87, 89, 90, 93, 95, 96, 97, 217, 219, 234, 236, 237, 238, 239, 270, 271, 272, 275, 276, 278, 342, 343, 344, 345, 371, 372, 373, 374]	experiments/e149_final20_stoichiometry_v1/out_s6/ova_c4_iptm80_21b_c2/seed-3_sample-2/ova_c4_iptm80_21b_c2_seed-3_sample-2_summary_confidences.json	experiments/e149_final20_stoichiometry_v1/out_s6/ova_c4_iptm80_21b_c2/seed-3_sample-2/ova_c4_iptm80_21b_c2_seed-3_sample-2_model.cif
ova_c4_iptm80_21b_c2	seed-3_sample-3	2	0.33	0.62	87.95836788632091	nan	nan	0.39	0.0	1	2	1	0	77	77	0	0.33	0.33	13.66	"{""A-B"": 77}"	[86, 89, 90, 95, 96, 97, 216, 217, 219, 234, 236, 237, 238, 239, 271, 272, 275, 276, 277, 278, 340, 341, 342, 343, 344, 345, 346, 347, 348, 349, 350, 371, 372, 373, 374]	experiments/e149_final20_stoichiometry_v1/out_s6/ova_c4_iptm80_21b_c2/seed-3_sample-3/ova_c4_iptm80_21b_c2_seed-3_sample-3_summary_confidences.json	experiments/e149_final20_stoichiometry_v1/out_s6/ova_c4_iptm80_21b_c2/seed-3_sample-3/ova_c4_iptm80_21b_c2_seed-3_sample-3_model.cif
ova_c4_iptm80_21b_c2	seed-3_sample-4	2	0.13	0.53	87.30432647744608	nan	nan	0.21	0.0	1	2	1	0	54	54	0	0.13	0.13	22.0	"{""A-B"": 54}"	[94, 96, 97, 99, 101, 148, 151, 152, 155, 156, 182, 183, 184, 188, 190, 191, 192, 194, 195, 196, 208, 210, 336, 338, 341]	experiments/e149_final20_stoichiometry_v1/out_s6/ova_c4_iptm80_21b_c2/seed-3_sample-4/ova_c4_iptm80_21b_c2_seed-3_sample-4_summary_confidences.json	experiments/e149_final20_stoichiometry_v1/out_s6/ova_c4_iptm80_21b_c2/seed-3_sample-4/ova_c4_iptm80_21b_c2_seed-3_sample-4_model.cif
ova_c4_iptm80_21b_c3	seed-1_sample-0	3	0.38	0.57	88.10186542254038	nan	nan	0.41	0.0	3	3	1	0	102	102	0	0.35	0.35	14.68	"{""A-B"": 63, ""A-C"": 32, ""B-C"": 7}"	[86, 90, 95, 96, 97, 98, 99, 182, 184, 188, 190, 191, 192, 193, 216, 217, 236, 271, 272, 276, 277, 278, 337, 338, 339, 340, 341, 342, 343, 344, 345, 346, 347, 348, 349, 350, 351, 354, 373, 374]	experiments/e149_final20_stoichiometry_v1/out_s7/ova_c4_iptm80_21b_c3/seed-1_sample-0/ova_c4_iptm80_21b_c3_seed-1_sample-0_summary_confidences.json	experiments/e149_final20_stoichiometry_v1/out_s7/ova_c4_iptm80_21b_c3/seed-1_sample-0/ova_c4_iptm80_21b_c3_seed-1_sample-0_model.cif
ova_c4_iptm80_21b_c3	seed-1_sample-1	3	0.47	0.62	88.10489654541016	nan	nan	0.5	0.0	3	3	1	0	106	106	0	0.42	0.42	12.16	"{""A-B"": 48, ""A-C"": 32, ""B-C"": 26}"	[1, 2, 86, 87, 89, 90, 95, 96, 97, 98, 99, 182, 184, 188, 190, 191, 192, 193, 216, 217, 236, 239, 266, 270, 271, 272, 276, 277, 278, 337, 338, 339, 340, 341, 342, 343, 344, 345, 346, 347, 348, 349, 350, 351, 354, 373, 374, 375]	experiments/e149_final20_stoichiometry_v1/out_s7/ova_c4_iptm80_21b_c3/seed-1_sample-1/ova_c4_iptm80_21b_c3_seed-1_sample-1_summary_confidences.json	experiments/e149_final20_stoichiometry_v1/out_s7/ova_c4_iptm80_21b_c3/seed-1_sample-1/ova_c4_iptm80_21b_c3_seed-1_sample-1_model.cif
ova_c4_iptm80_21b_c3	seed-1_sample-2	3	0.44	0.6	88.41779789899915	nan	nan	0.47	0.0	3	3	1	0	90	90	0	0.4	0.4	12.63	"{""A-B"": 61, ""A-C"": 20, ""B-C"": 9}"	[86, 90, 94, 95, 96, 97, 98, 99, 182, 184, 188, 190, 191, 192, 193, 216, 217, 236, 271, 272, 276, 278, 337, 338, 339, 340, 341, 342, 343, 344, 345, 346, 347, 348, 349, 350, 351, 354, 373, 374]	experiments/e149_final20_stoichiometry_v1/out_s7/ova_c4_iptm80_21b_c3/seed-1_sample-2/ova_c4_iptm80_21b_c3_seed-1_sample-2_summary_confidences.json	experiments/e149_final20_stoichiometry_v1/out_s7/ova_c4_iptm80_21b_c3/seed-1_sample-2/ova_c4_iptm80_21b_c3_seed-1_sample-2_model.cif
ova_c4_iptm80_21b_c3	seed-1_sample-3	3	0.44	0.61	88.25647678276418	nan	nan	0.48	0.0	3	3	1	0	87	87	0	0.41	0.41	12.84	"{""A-B"": 46, ""A-C"": 32, ""B-C"": 9}"	[82, 86, 90, 95, 96, 97, 98, 99, 182, 184, 190, 191, 192, 193, 216, 217, 236, 271, 272, 276, 278, 338, 339, 340, 341, 342, 343, 344, 345, 346, 347, 348, 349, 350, 351, 354, 373, 374]	experiments/e149_final20_stoichiometry_v1/out_s7/ova_c4_iptm80_21b_c3/seed-1_sample-3/ova_c4_iptm80_21b_c3_seed-1_sample-3_summary_confidences.json	experiments/e149_final20_stoichiometry_v1/out_s7/ova_c4_iptm80_21b_c3/seed-1_sample-3/ova_c4_iptm80_21b_c3_seed-1_sample-3_model.cif
ova_c4_iptm80_21b_c3	seed-1_sample-4	3	0.47	0.62	88.70313456639107	nan	nan	0.5	0.0	3	3	1	0	97	97	0	0.43	0.43	12.05	"{""A-B"": 65, ""A-C"": 24, ""B-C"": 8}"	[86, 90, 95, 96, 97, 98, 99, 182, 184, 188, 190, 191, 192, 193, 216, 217, 236, 237, 271, 272, 276, 277, 278, 337, 338, 339, 340, 341, 342, 343, 344, 345, 346, 347, 348, 349, 350, 351, 354, 373, 374]	experiments/e149_final20_stoichiometry_v1/out_s7/ova_c4_iptm80_21b_c3/seed-1_sample-4/ova_c4_iptm80_21b_c3_seed-1_sample-4_summary_confidences.json	experiments/e149_final20_stoichiometry_v1/out_s7/ova_c4_iptm80_21b_c3/seed-1_sample-4/ova_c4_iptm80_21b_c3_seed-1_sample-4_model.cif
ova_c4_iptm80_21b_c3	seed-2_sample-0	3	0.25	0.48	87.9613989301296	nan	nan	0.3	0.0	3	3	1	0	109	109	0	0.14	0.14	18.22	"{""A-B"": 38, ""A-C"": 44, ""B-C"": 27}"	[86, 90, 95, 96, 97, 186, 187, 188, 189, 190, 191, 192, 193, 216, 217, 219, 236, 237, 238, 239, 271, 272, 276, 278, 337, 338, 339, 340, 341, 342, 343, 344, 345, 346, 347, 348, 349, 373, 374]	experiments/e149_final20_stoichiometry_v1/out_s7/ova_c4_iptm80_21b_c3/seed-2_sample-0/ova_c4_iptm80_21b_c3_seed-2_sample-0_summary_confidences.json	experiments/e149_final20_stoichiometry_v1/out_s7/ova_c4_iptm80_21b_c3/seed-2_sample-0/ova_c4_iptm80_21b_c3_seed-2_sample-0_model.cif
ova_c4_iptm80_21b_c3	seed-2_sample-1	3	0.19	0.44	87.68101032039662	nan	nan	0.24	0.0	3	3	1	0	69	69	0	0.14	0.14	21.6	"{""A-B"": 9, ""A-C"": 22, ""B-C"": 38}"	[94, 95, 96, 97, 99, 148, 151, 152, 155, 156, 182, 186, 191, 192, 194, 195, 196, 208, 210, 238, 271, 272, 276, 336, 338, 340, 341, 342, 344, 345, 346, 347]	experiments/e149_final20_stoichiometry_v1/out_s7/ova_c4_iptm80_21b_c3/seed-2_sample-1/ova_c4_iptm80_21b_c3_seed-2_sample-1_summary_confidences.json	experiments/e149_final20_stoichiometry_v1/out_s7/ova_c4_iptm80_21b_c3/seed-2_sample-1/ova_c4_iptm80_21b_c3_seed-2_sample-1_model.cif
ova_c4_iptm80_21b_c3	seed-2_sample-2	3	0.18	0.44	87.4166064089444	nan	nan	0.23	0.0	3	3	1	0	117	117	0	0.15	0.15	18.3	"{""A-B"": 37, ""A-C"": 40, ""B-C"": 40}"	[95, 96, 97, 182, 183, 184, 188, 190, 191, 217, 277, 278, 279, 336, 337, 338, 339, 340, 342, 343, 344, 345, 346, 349, 350, 353, 354, 355, 356, 357]	experiments/e149_final20_stoichiometry_v1/out_s7/ova_c4_iptm80_21b_c3/seed-2_sample-2/ova_c4_iptm80_21b_c3_seed-2_sample-2_summary_confidences.json	experiments/e149_final20_stoichiometry_v1/out_s7/ova_c4_iptm80_21b_c3/seed-2_sample-2/ova_c4_iptm80_21b_c3_seed-2_sample-2_model.cif
ova_c4_iptm80_21b_c3	seed-2_sample-3	3	0.21	0.45	87.13854932043837	nan	nan	0.26	0.0	3	3	1	0	73	73	0	0.15	0.15	20.2	"{""A-B"": 26, ""A-C"": 33, ""B-C"": 14}"	[94, 95, 96, 98, 99, 155, 156, 182, 184, 186, 187, 190, 191, 192, 194, 195, 196, 208, 216, 217, 238, 276, 278, 338, 340, 341, 342, 343, 344, 345, 346, 347, 349, 350, 351, 354]	experiments/e149_final20_stoichiometry_v1/out_s7/ova_c4_iptm80_21b_c3/seed-2_sample-3/ova_c4_iptm80_21b_c3_seed-2_sample-3_summary_confidences.json	experiments/e149_final20_stoichiometry_v1/out_s7/ova_c4_iptm80_21b_c3/seed-2_sample-3/ova_c4_iptm80_21b_c3_seed-2_sample-3_model.cif
ova_c4_iptm80_21b_c3	seed-2_sample-4	3	0.17	0.43	87.70461129895146	nan	nan	0.22	0.0	3	3	1	0	83	83	0	0.14	0.14	20.82	"{""A-B"": 28, ""A-C"": 27, ""B-C"": 28}"	[95, 96, 97, 184, 188, 191, 217, 277, 278, 279, 338, 339, 340, 341, 342, 344, 346, 347, 350, 351, 354, 355, 356, 357]	experiments/e149_final20_stoichiometry_v1/out_s7/ova_c4_iptm80_21b_c3/seed-2_sample-4/ova_c4_iptm80_21b_c3_seed-2_sample-4_summary_confidences.json	experiments/e149_final20_stoichiometry_v1/out_s7/ova_c4_iptm80_21b_c3/seed-2_sample-4/ova_c4_iptm80_21b_c3_seed-2_sample-4_model.cif
ova_c4_iptm80_21b_c3	seed-3_sample-0	3	0.14	0.41	85.78562179130594	nan	nan	0.2	0.0	3	3	1	0	139	139	0	0.11	0.11	27.24	"{""A-B"": 52, ""A-C"": 37, ""B-C"": 50}"	[2, 64, 65, 67, 69, 70, 72, 74, 75, 76, 77, 78, 80, 82, 83, 85, 86, 89, 90, 94, 95, 99, 116, 117, 120, 121, 123, 124, 125, 141, 144, 145, 148, 149, 151, 152, 155, 182, 184, 191, 192, 217, 219, 271, 272, 275, 276, 277, 278, 336, 337, 338, 339, 342, 344, 345, 346, 349, 350, 351, 354, 355, 356, 373, 374]	experiments/e149_final20_stoichiometry_v1/out_s7/ova_c4_iptm80_21b_c3/seed-3_sample-0/ova_c4_iptm80_21b_c3_seed-3_sample-0_summary_confidences.json	experiments/e149_final20_stoichiometry_v1/out_s7/ova_c4_iptm80_21b_c3/seed-3_sample-0/ova_c4_iptm80_21b_c3_seed-3_sample-0_model.cif
ova_c4_iptm80_21b_c3	seed-3_sample-1	3	0.17	0.43	86.25787577851449	nan	nan	0.22	0.0	3	3	1	0	97	97	0	0.14	0.14	22.39	"{""A-B"": 32, ""A-C"": 34, ""B-C"": 31}"	[86, 90, 93, 94, 95, 96, 97, 217, 222, 236, 237, 238, 239, 271, 272, 275, 276, 277, 278, 340, 341, 342, 344, 346, 350, 354, 355, 356, 357, 373, 374]	experiments/e149_final20_stoichiometry_v1/out_s7/ova_c4_iptm80_21b_c3/seed-3_sample-1/ova_c4_iptm80_21b_c3_seed-3_sample-1_summary_confidences.json	experiments/e149_final20_stoichiometry_v1/out_s7/ova_c4_iptm80_21b_c3/seed-3_sample-1/ova_c4_iptm80_21b_c3_seed-3_sample-1_model.cif
ova_c4_iptm80_21b_c3	seed-3_sample-2	3	0.15	0.41	85.64518138905264	nan	nan	0.2	0.0	3	3	1	0	174	174	0	0.11	0.11	24.45	"{""A-B"": 57, ""A-C"": 58, ""B-C"": 59}"	[68, 70, 71, 72, 73, 82, 86, 90, 91, 93, 94, 95, 96, 97, 99, 124, 148, 151, 152, 155, 156, 184, 191, 192, 219, 232, 234, 236, 237, 238, 239, 241, 271, 272, 275, 276, 338, 339, 340, 341, 342, 343, 344, 345, 346, 348, 349, 372, 373, 375]	experiments/e149_final20_stoichiometry_v1/out_s7/ova_c4_iptm80_21b_c3/seed-3_sample-2/ova_c4_iptm80_21b_c3_seed-3_sample-2_summary_confidences.json	experiments/e149_final20_stoichiometry_v1/out_s7/ova_c4_iptm80_21b_c3/seed-3_sample-2/ova_c4_iptm80_21b_c3_seed-3_sample-2_model.cif
ova_c4_iptm80_21b_c3	seed-3_sample-3	3	0.15	0.41	85.55305703316328	nan	nan	0.2	0.0	3	3	1	0	136	136	0	0.12	0.12	21.62	"{""A-B"": 49, ""A-C"": 43, ""B-C"": 44}"	[65, 68, 69, 70, 71, 82, 86, 89, 90, 93, 94, 95, 96, 97, 148, 149, 152, 155, 156, 184, 191, 192, 216, 217, 219, 236, 237, 238, 239, 240, 271, 272, 276, 278, 338, 339, 340, 342, 343, 344, 345, 346, 347, 348, 349, 372, 373]	experiments/e149_final20_stoichiometry_v1/out_s7/ova_c4_iptm80_21b_c3/seed-3_sample-3/ova_c4_iptm80_21b_c3_seed-3_sample-3_summary_confidences.json	experiments/e149_final20_stoichiometry_v1/out_s7/ova_c4_iptm80_21b_c3/seed-3_sample-3/ova_c4_iptm80_21b_c3_seed-3_sample-3_model.cif
ova_c4_iptm80_21b_c3	seed-3_sample-4	3	0.14	0.41	86.39406734921154	nan	nan	0.19	0.0	3	3	1	0	45	45	0	0.1	0.1	28.74	"{""A-B"": 16, ""A-C"": 19, ""B-C"": 10}"	[94, 96, 141, 144, 145, 148, 151, 152, 153, 154, 155, 156, 192, 195, 196, 197, 198, 206, 207, 208]	experiments/e149_final20_stoichiometry_v1/out_s7/ova_c4_iptm80_21b_c3/seed-3_sample-4/ova_c4_iptm80_21b_c3_seed-3_sample-4_summary_confidences.json	experiments/e149_final20_stoichiometry_v1/out_s7/ova_c4_iptm80_21b_c3/seed-3_sample-4/ova_c4_iptm80_21b_c3_seed-3_sample-4_model.cif
ova_c4_iptm80_21b_c5	seed-1_sample-0	5	0.48	0.57	87.30518148353063	nan	nan	0.5	0.0	8	5	1	0	219	219	0	0.1	0.475	11.985	"{""A-B"": 8, ""A-C"": 57, ""A-D"": 34, ""A-E"": 7, ""B-C"": 34, ""B-D"": 57, ""B-E"": 14, ""C-D"": 8, ""C-E"": 0, ""D-E"": 0}"	[1, 2, 3, 10, 59, 61, 64, 65, 67, 68, 69, 82, 86, 90, 95, 96, 97, 99, 182, 184, 187, 188, 190, 191, 192, 193, 216, 217, 236, 258, 259, 261, 262, 263, 271, 272, 276, 278, 338, 339, 340, 341, 342, 343, 344, 345, 346, 347, 348, 349, 350, 351, 354, 373, 374]	experiments/e149_final20_stoichiometry_v1/out_s0/ova_c4_iptm80_21b_c5/seed-1_sample-0/ova_c4_iptm80_21b_c5_seed-1_sample-0_summary_confidences.json	experiments/e149_final20_stoichiometry_v1/out_s0/ova_c4_iptm80_21b_c5/seed-1_sample-0/ova_c4_iptm80_21b_c5_seed-1_sample-0_model.cif
ova_c4_iptm80_21b_c5	seed-1_sample-1	5	0.41	0.52	87.03655421795622	nan	nan	0.43	0.0	8	5	1	0	245	245	0	0.11	0.38	14.254999999999999	"{""A-B"": 8, ""A-C"": 53, ""A-D"": 44, ""A-E"": 5, ""B-C"": 45, ""B-D"": 54, ""B-E"": 1, ""C-D"": 8, ""C-E"": 0, ""D-E"": 27}"	[86, 90, 95, 96, 97, 98, 99, 144, 148, 157, 182, 183, 184, 187, 188, 190, 191, 192, 193, 216, 217, 222, 224, 225, 227, 236, 271, 272, 276, 277, 278, 336, 338, 339, 340, 341, 342, 343, 344, 345, 346, 347, 348, 349, 350, 351, 352, 353, 354, 356, 357, 373, 374]	experiments/e149_final20_stoichiometry_v1/out_s0/ova_c4_iptm80_21b_c5/seed-1_sample-1/ova_c4_iptm80_21b_c5_seed-1_sample-1_summary_confidences.json	experiments/e149_final20_stoichiometry_v1/out_s0/ova_c4_iptm80_21b_c5/seed-1_sample-1/ova_c4_iptm80_21b_c5_seed-1_sample-1_model.cif
ova_c4_iptm80_21b_c5	seed-1_sample-2	5	0.43	0.53	87.04940396639967	nan	nan	0.45	0.0	8	5	1	0	241	241	0	0.11	0.4	13.989999999999998	"{""A-B"": 9, ""A-C"": 57, ""A-D"": 34, ""A-E"": 17, ""B-C"": 35, ""B-D"": 57, ""B-E"": 0, ""C-D"": 8, ""C-E"": 4, ""D-E"": 20}"	[86, 87, 90, 94, 95, 96, 97, 99, 144, 147, 148, 155, 156, 157, 159, 160, 182, 184, 187, 188, 190, 191, 192, 193, 216, 217, 222, 224, 225, 236, 271, 272, 276, 277, 278, 334, 336, 337, 338, 339, 340, 341, 342, 343, 344, 345, 346, 347, 348, 349, 350, 351, 352, 353, 354, 355, 356, 357, 373, 374]	experiments/e149_final20_stoichiometry_v1/out_s0/ova_c4_iptm80_21b_c5/seed-1_sample-2/ova_c4_iptm80_21b_c5_seed-1_sample-2_summary_confidences.json	experiments/e149_final20_stoichiometry_v1/out_s0/ova_c4_iptm80_21b_c5/seed-1_sample-2/ova_c4_iptm80_21b_c5_seed-1_sample-2_model.cif
ova_c4_iptm80_21b_c5	seed-1_sample-3	5	0.43	0.53	87.27145075427435	nan	nan	0.45	0.0	8	5	1	0	216	216	0	0.1	0.41000000000000003	13.280000000000001	"{""A-B"": 9, ""A-C"": 48, ""A-D"": 30, ""A-E"": 0, ""B-C"": 30, ""B-D"": 52, ""B-E"": 27, ""C-D"": 8, ""C-E"": 12, ""D-E"": 0}"	[69, 71, 72, 73, 78, 82, 85, 86, 87, 89, 90, 93, 95, 96, 97, 98, 99, 182, 184, 188, 190, 191, 192, 193, 216, 217, 224, 225, 227, 236, 238, 239, 248, 249, 271, 272, 275, 276, 277, 278, 337, 338, 339, 340, 341, 342, 343, 344, 345, 346, 347, 348, 349, 350, 351, 353, 354, 355, 356, 358, 360, 372, 373, 374]	experiments/e149_final20_stoichiometry_v1/out_s0/ova_c4_iptm80_21b_c5/seed-1_sample-3/ova_c4_iptm80_21b_c5_seed-1_sample-3_summary_confidences.json	experiments/e149_final20_stoichiometry_v1/out_s0/ova_c4_iptm80_21b_c5/seed-1_sample-3/ova_c4_iptm80_21b_c5_seed-1_sample-3_model.cif
ova_c4_iptm80_21b_c5	seed-1_sample-4	5	0.41	0.51	86.46994803235938	nan	nan	0.43	0.0	8	5	1	0	233	233	0	0.11	0.375	15.065	"{""A-B"": 8, ""A-C"": 59, ""A-D"": 33, ""A-E"": 14, ""B-C"": 33, ""B-D"": 60, ""B-E"": 0, ""C-D"": 8, ""C-E"": 0, ""D-E"": 18}"	[1, 86, 90, 95, 96, 97, 99, 182, 184, 186, 187, 188, 190, 191, 192, 193, 197, 198, 216, 217, 234, 236, 237, 238, 239, 271, 272, 276, 278, 337, 338, 339, 340, 341, 342, 343, 344, 345, 346, 347, 348, 349, 350, 351, 352, 353, 354, 355, 356, 358, 360, 362, 372, 373, 374, 375]	experiments/e149_final20_stoichiometry_v1/out_s0/ova_c4_iptm80_21b_c5/seed-1_sample-4/ova_c4_iptm80_21b_c5_seed-1_sample-4_summary_confidences.json	experiments/e149_final20_stoichiometry_v1/out_s0/ova_c4_iptm80_21b_c5/seed-1_sample-4/ova_c4_iptm80_21b_c5_seed-1_sample-4_model.cif
ova_c4_iptm80_21b_c5	seed-2_sample-0	5	0.48	0.57	87.18328987872663	nan	nan	0.49	0.0	8	5	1	0	217	217	0	0.11	0.47	12.075	"{""A-B"": 30, ""A-C"": 9, ""A-D"": 51, ""A-E"": 0, ""B-C"": 51, ""B-D"": 8, ""B-E"": 0, ""C-D"": 30, ""C-E"": 20, ""D-E"": 18}"	[86, 87, 90, 95, 96, 97, 98, 99, 182, 184, 190, 191, 192, 193, 216, 217, 236, 271, 272, 276, 277, 278, 337, 338, 339, 340, 341, 342, 343, 344, 345, 346, 347, 348, 349, 350, 351, 352, 353, 354, 355, 356, 357, 373, 374]	experiments/e149_final20_stoichiometry_v1/out_s0/ova_c4_iptm80_21b_c5/seed-2_sample-0/ova_c4_iptm80_21b_c5_seed-2_sample-0_summary_confidences.json	experiments/e149_final20_stoichiometry_v1/out_s0/ova_c4_iptm80_21b_c5/seed-2_sample-0/ova_c4_iptm80_21b_c5_seed-2_sample-0_model.cif
ova_c4_iptm80_21b_c5	seed-2_sample-1	5	0.32	0.44	86.23896347796979	nan	nan	0.34	0.0	5	5	1	0	167	167	0	0.17	0.23	16.35	"{""A-B"": 22, ""A-C"": 0, ""A-D"": 2, ""A-E"": 32, ""B-C"": 43, ""B-D"": 2, ""B-E"": 0, ""C-D"": 26, ""C-E"": 1, ""D-E"": 39}"	[94, 95, 96, 97, 98, 99, 155, 182, 183, 184, 188, 190, 191, 192, 193, 216, 217, 236, 275, 276, 277, 278, 334, 336, 337, 338, 339, 340, 341, 342, 343, 344, 345, 346, 347, 348, 349, 350, 351, 354, 356]	experiments/e149_final20_stoichiometry_v1/out_s0/ova_c4_iptm80_21b_c5/seed-2_sample-1/ova_c4_iptm80_21b_c5_seed-2_sample-1_summary_confidences.json	experiments/e149_final20_stoichiometry_v1/out_s0/ova_c4_iptm80_21b_c5/seed-2_sample-1/ova_c4_iptm80_21b_c5_seed-2_sample-1_model.cif
ova_c4_iptm80_21b_c5	seed-2_sample-2	5	0.52	0.61	87.24098449667501	nan	nan	0.54	0.0	8	5	1	0	235	235	0	0.11	0.515	9.780000000000001	"{""A-B"": 30, ""A-C"": 11, ""A-D"": 53, ""A-E"": 17, ""B-C"": 52, ""B-D"": 10, ""B-E"": 0, ""C-D"": 30, ""C-E"": 0, ""D-E"": 32}"	[86, 87, 90, 93, 94, 95, 96, 97, 98, 99, 143, 144, 147, 151, 152, 155, 156, 159, 160, 163, 164, 165, 182, 184, 188, 190, 191, 192, 193, 196, 198, 200, 203, 204, 205, 206, 207, 208, 216, 217, 236, 271, 272, 276, 278, 337, 338, 339, 340, 341, 342, 343, 344, 345, 346, 347, 348, 349, 350, 351, 354, 373, 374]	experiments/e149_final20_stoichiometry_v1/out_s0/ova_c4_iptm80_21b_c5/seed-2_sample-2/ova_c4_iptm80_21b_c5_seed-2_sample-2_summary_confidences.json	experiments/e149_final20_stoichiometry_v1/out_s0/ova_c4_iptm80_21b_c5/seed-2_sample-2/ova_c4_iptm80_21b_c5_seed-2_sample-2_model.cif
ova_c4_iptm80_21b_c5	seed-2_sample-3	5	0.51	0.59	87.08277190411029	nan	nan	0.52	0.0	8	5	1	0	251	251	0	0.12	0.485	10.705	"{""A-B"": 28, ""A-C"": 8, ""A-D"": 59, ""A-E"": 49, ""B-C"": 57, ""B-D"": 9, ""B-E"": 0, ""C-D"": 28, ""C-E"": 0, ""D-E"": 13}"	[1, 2, 3, 64, 65, 79, 86, 87, 90, 93, 94, 95, 96, 97, 98, 99, 138, 139, 140, 141, 144, 147, 148, 151, 152, 156, 159, 160, 164, 182, 184, 190, 191, 192, 193, 195, 196, 197, 198, 206, 207, 208, 209, 210, 211, 216, 217, 236, 237, 239, 271, 272, 276, 277, 278, 285, 338, 339, 340, 341, 342, 343, 344, 345, 346, 347, 348, 349, 350, 351, 354, 372, 373, 374]	experiments/e149_final20_stoichiometry_v1/out_s0/ova_c4_iptm80_21b_c5/seed-2_sample-3/ova_c4_iptm80_21b_c5_seed-2_sample-3_summary_confidences.json	experiments/e149_final20_stoichiometry_v1/out_s0/ova_c4_iptm80_21b_c5/seed-2_sample-3/ova_c4_iptm80_21b_c5_seed-2_sample-3_model.cif
ova_c4_iptm80_21b_c5	seed-2_sample-4	5	0.5	0.58	87.36953369694052	nan	nan	0.51	0.0	8	5	1	0	210	210	0	0.1	0.485	11.185	"{""A-B"": 29, ""A-C"": 11, ""A-D"": 53, ""A-E"": 1, ""B-C"": 54, ""B-D"": 9, ""B-E"": 12, ""C-D"": 29, ""C-E"": 0, ""D-E"": 12}"	[1, 2, 73, 86, 87, 90, 95, 96, 97, 98, 99, 116, 117, 119, 120, 124, 182, 184, 188, 190, 191, 192, 193, 216, 217, 222, 224, 236, 266, 267, 270, 271, 272, 275, 276, 277, 278, 337, 338, 339, 340, 341, 342, 343, 344, 345, 346, 347, 348, 349, 350, 351, 353, 354, 356, 357, 373, 374]	experiments/e149_final20_stoichiometry_v1/out_s0/ova_c4_iptm80_21b_c5/seed-2_sample-4/ova_c4_iptm80_21b_c5_seed-2_sample-4_summary_confidences.json	experiments/e149_final20_stoichiometry_v1/out_s0/ova_c4_iptm80_21b_c5/seed-2_sample-4/ova_c4_iptm80_21b_c5_seed-2_sample-4_model.cif
ova_c4_iptm80_21b_c5	seed-3_sample-0	5	0.47	0.56	87.0282383558046	nan	nan	0.49	0.0	8	5	1	0	242	242	0	0.11	0.45	12.07	"{""A-B"": 34, ""A-C"": 8, ""A-D"": 57, ""A-E"": 0, ""B-C"": 56, ""B-D"": 8, ""B-E"": 0, ""C-D"": 34, ""C-E"": 19, ""D-E"": 26}"	[86, 90, 94, 95, 96, 97, 99, 127, 152, 155, 156, 182, 184, 187, 188, 190, 191, 192, 193, 197, 198, 203, 206, 216, 217, 236, 248, 271, 272, 276, 278, 336, 337, 338, 339, 340, 341, 342, 343, 344, 345, 346, 347, 348, 349, 350, 351, 353, 354, 355, 356, 357, 358, 360, 373, 374]	experiments/e149_final20_stoichiometry_v1/out_s0/ova_c4_iptm80_21b_c5/seed-3_sample-0/ova_c4_iptm80_21b_c5_seed-3_sample-0_summary_confidences.json	experiments/e149_final20_stoichiometry_v1/out_s0/ova_c4_iptm80_21b_c5/seed-3_sample-0/ova_c4_iptm80_21b_c5_seed-3_sample-0_model.cif
ova_c4_iptm80_21b_c5	seed-3_sample-1	5	0.5	0.59	87.26637303643894	nan	nan	0.51	0.0	7	5	1	0	236	236	0	0.11	0.51	10.2	"{""A-B"": 28, ""A-C"": 12, ""A-D"": 63, ""A-E"": 3, ""B-C"": 65, ""B-D"": 12, ""B-E"": 24, ""C-D"": 29, ""C-E"": 0, ""D-E"": 0}"	[1, 86, 90, 95, 96, 97, 98, 99, 182, 184, 188, 190, 191, 192, 193, 195, 213, 215, 216, 217, 222, 236, 237, 248, 270, 271, 272, 276, 277, 278, 280, 337, 338, 339, 340, 341, 342, 343, 344, 345, 346, 347, 348, 349, 350, 351, 352, 353, 354, 356, 357, 358, 360, 373, 374]	experiments/e149_final20_stoichiometry_v1/out_s0/ova_c4_iptm80_21b_c5/seed-3_sample-1/ova_c4_iptm80_21b_c5_seed-3_sample-1_summary_confidences.json	experiments/e149_final20_stoichiometry_v1/out_s0/ova_c4_iptm80_21b_c5/seed-3_sample-1/ova_c4_iptm80_21b_c5_seed-3_sample-1_model.cif
ova_c4_iptm80_21b_c5	seed-3_sample-2	5	0.49	0.58	86.94209851872736	nan	nan	0.5	0.0	9	5	1	0	206	206	0	0.11	0.48	10.79	"{""A-B"": 21, ""A-C"": 8, ""A-D"": 65, ""A-E"": 6, ""B-C"": 63, ""B-D"": 8, ""B-E"": 8, ""C-D"": 22, ""C-E"": 0, ""D-E"": 5}"	[86, 89, 90, 94, 95, 96, 97, 98, 99, 123, 124, 182, 184, 190, 191, 192, 193, 194, 210, 216, 217, 236, 237, 271, 272, 276, 278, 285, 334, 336, 337, 338, 339, 340, 341, 342, 343, 344, 345, 346, 347, 348, 349, 350, 351, 353, 354, 356, 357, 358, 373, 374]	experiments/e149_final20_stoichiometry_v1/out_s0/ova_c4_iptm80_21b_c5/seed-3_sample-2/ova_c4_iptm80_21b_c5_seed-3_sample-2_summary_confidences.json	experiments/e149_final20_stoichiometry_v1/out_s0/ova_c4_iptm80_21b_c5/seed-3_sample-2/ova_c4_iptm80_21b_c5_seed-3_sample-2_model.cif
ova_c4_iptm80_21b_c5	seed-3_sample-3	5	0.53	0.61	87.30082893371582	nan	nan	0.55	0.0	8	5	1	0	208	208	0	0.11	0.52	9.74	"{""A-B"": 21, ""A-C"": 10, ""A-D"": 61, ""A-E"": 16, ""B-C"": 58, ""B-D"": 10, ""B-E"": 0, ""C-D"": 21, ""C-E"": 0, ""D-E"": 11}"	[82, 86, 90, 95, 96, 97, 98, 99, 110, 113, 116, 119, 132, 137, 138, 141, 144, 145, 148, 151, 152, 155, 156, 182, 184, 188, 190, 191, 192, 193, 195, 196, 197, 198, 208, 216, 217, 236, 237, 238, 271, 272, 276, 278, 337, 338, 339, 340, 341, 342, 343, 344, 345, 346, 347, 348, 349, 350, 351, 354, 373, 374]	experiments/e149_final20_stoichiometry_v1/out_s0/ova_c4_iptm80_21b_c5/seed-3_sample-3/ova_c4_iptm80_21b_c5_seed-3_sample-3_summary_confidences.json	experiments/e149_final20_stoichiometry_v1/out_s0/ova_c4_iptm80_21b_c5/seed-3_sample-3/ova_c4_iptm80_21b_c5_seed-3_sample-3_model.cif
ova_c4_iptm80_21b_c5	seed-3_sample-4	5	0.46	0.55	87.21751305970503	nan	nan	0.48	0.0	8	5	1	0	218	218	0	0.11	0.45	11.725000000000001	"{""A-B"": 24, ""A-C"": 8, ""A-D"": 65, ""A-E"": 17, ""B-C"": 64, ""B-D"": 8, ""B-E"": 8, ""C-D"": 24, ""C-E"": 0, ""D-E"": 0}"	[3, 86, 90, 95, 96, 97, 98, 99, 182, 184, 188, 190, 191, 192, 193, 216, 217, 222, 224, 225, 227, 236, 237, 248, 249, 271, 272, 276, 277, 278, 337, 338, 339, 340, 341, 342, 343, 344, 345, 346, 347, 348, 349, 350, 351, 353, 354, 355, 356, 357, 372, 373, 374, 375]	experiments/e149_final20_stoichiometry_v1/out_s0/ova_c4_iptm80_21b_c5/seed-3_sample-4/ova_c4_iptm80_21b_c5_seed-3_sample-4_summary_confidences.json	experiments/e149_final20_stoichiometry_v1/out_s0/ova_c4_iptm80_21b_c5/seed-3_sample-4/ova_c4_iptm80_21b_c5_seed-3_sample-4_model.cif
ova_c4_iptm80_21b_c6	seed-1_sample-0	6	0.39	0.48	87.8905958857561	nan	nan	0.41	0.0	6	6	1	0	265	265	0	0.49	0.425	9.504999999999999	"{""A-B"": 0, ""A-C"": 48, ""A-D"": 39, ""A-E"": 0, ""A-F"": 0, ""B-C"": 0, ""B-D"": 51, ""B-E"": 0, ""B-F"": 40, ""C-D"": 0, ""C-E"": 39, ""C-F"": 0, ""D-E"": 0, ""D-F"": 0, ""E-F"": 48}"	[1, 2, 3, 6, 10, 64, 65, 66, 68, 71, 79, 86, 87, 90, 94, 95, 96, 97, 98, 99, 182, 184, 190, 191, 192, 193, 225, 261, 262, 263, 266, 267, 270, 271, 272, 337, 338, 340, 342, 344, 345, 348, 373, 374]	experiments/e149_final20_stoichiometry_v1/out_s5/ova_c4_iptm80_21b_c6/seed-1_sample-0/ova_c4_iptm80_21b_c6_seed-1_sample-0_summary_confidences.json	experiments/e149_final20_stoichiometry_v1/out_s5/ova_c4_iptm80_21b_c6/seed-1_sample-0/ova_c4_iptm80_21b_c6_seed-1_sample-0_model.cif
ova_c4_iptm80_21b_c6	seed-1_sample-1	6	0.4	0.49	87.33795338961744	nan	nan	0.42	0.0	6	6	1	0	244	244	0	0.47	0.43	8.94	"{""A-B"": 0, ""A-C"": 37, ""A-D"": 45, ""A-E"": 0, ""A-F"": 0, ""B-C"": 0, ""B-D"": 38, ""B-E"": 0, ""B-F"": 45, ""C-D"": 0, ""C-E"": 45, ""C-F"": 0, ""D-E"": 0, ""D-F"": 0, ""E-F"": 34}"	[1, 2, 3, 6, 64, 65, 82, 83, 86, 87, 90, 94, 95, 96, 97, 98, 99, 155, 182, 184, 190, 191, 192, 193, 195, 196, 262, 263, 264, 266, 267, 270, 271, 272, 337, 338, 340, 342, 344, 345, 348, 373, 374]	experiments/e149_final20_stoichiometry_v1/out_s5/ova_c4_iptm80_21b_c6/seed-1_sample-1/ova_c4_iptm80_21b_c6_seed-1_sample-1_summary_confidences.json	experiments/e149_final20_stoichiometry_v1/out_s5/ova_c4_iptm80_21b_c6/seed-1_sample-1/ova_c4_iptm80_21b_c6_seed-1_sample-1_model.cif
ova_c4_iptm80_21b_c6	seed-1_sample-2	6	0.38	0.47	87.48336782109553	nan	nan	0.4	0.0	6	6	1	0	230	230	0	0.43	0.405	9.465	"{""A-B"": 0, ""A-C"": 25, ""A-D"": 51, ""A-E"": 0, ""A-F"": 0, ""B-C"": 0, ""B-D"": 27, ""B-E"": 0, ""B-F"": 50, ""C-D"": 0, ""C-E"": 50, ""C-F"": 0, ""D-E"": 0, ""D-F"": 0, ""E-F"": 27}"	[1, 6, 64, 65, 83, 86, 87, 90, 94, 95, 96, 97, 98, 99, 155, 156, 182, 183, 184, 190, 191, 192, 193, 195, 196, 262, 263, 266, 267, 270, 271, 272, 337, 338, 340, 342, 344, 345, 373, 374]	experiments/e149_final20_stoichiometry_v1/out_s5/ova_c4_iptm80_21b_c6/seed-1_sample-2/ova_c4_iptm80_21b_c6_seed-1_sample-2_summary_confidences.json	experiments/e149_final20_stoichiometry_v1/out_s5/ova_c4_iptm80_21b_c6/seed-1_sample-2/ova_c4_iptm80_21b_c6_seed-1_sample-2_model.cif
ova_c4_iptm80_21b_c6	seed-1_sample-3	6	0.38	0.48	87.33810859640646	nan	nan	0.4	0.0	6	6	1	0	264	264	0	0.44	0.405	9.32	"{""A-B"": 0, ""A-C"": 41, ""A-D"": 47, ""A-E"": 0, ""A-F"": 0, ""B-C"": 0, ""B-D"": 40, ""B-E"": 0, ""B-F"": 48, ""C-D"": 0, ""C-E"": 47, ""C-F"": 0, ""D-E"": 0, ""D-F"": 0, ""E-F"": 41}"	[1, 2, 3, 6, 64, 65, 83, 86, 87, 90, 94, 95, 96, 97, 98, 99, 155, 156, 182, 183, 184, 188, 190, 191, 192, 193, 195, 196, 262, 263, 264, 266, 267, 270, 271, 272, 337, 338, 340, 342, 344, 347, 348, 373, 374]	experiments/e149_final20_stoichiometry_v1/out_s5/ova_c4_iptm80_21b_c6/seed-1_sample-3/ova_c4_iptm80_21b_c6_seed-1_sample-3_summary_confidences.json	experiments/e149_final20_stoichiometry_v1/out_s5/ova_c4_iptm80_21b_c6/seed-1_sample-3/ova_c4_iptm80_21b_c6_seed-1_sample-3_model.cif
ova_c4_iptm80_21b_c6	seed-1_sample-4	6	0.38	0.47	87.68178727342675	nan	nan	0.39	0.0	6	6	1	0	219	219	0	0.45	0.405	9.695	"{""A-B"": 0, ""A-C"": 26, ""A-D"": 45, ""A-E"": 0, ""A-F"": 0, ""B-C"": 0, ""B-D"": 28, ""B-E"": 0, ""B-F"": 47, ""C-D"": 0, ""C-E"": 47, ""C-F"": 0, ""D-E"": 0, ""D-F"": 0, ""E-F"": 26}"	[1, 2, 6, 64, 65, 86, 87, 90, 94, 95, 96, 97, 98, 99, 155, 156, 182, 184, 190, 191, 192, 193, 195, 196, 262, 263, 266, 267, 270, 271, 272, 337, 338, 340, 342, 344, 345, 348, 373, 374]	experiments/e149_final20_stoichiometry_v1/out_s5/ova_c4_iptm80_21b_c6/seed-1_sample-4/ova_c4_iptm80_21b_c6_seed-1_sample-4_summary_confidences.json	experiments/e149_final20_stoichiometry_v1/out_s5/ova_c4_iptm80_21b_c6/seed-1_sample-4/ova_c4_iptm80_21b_c6_seed-1_sample-4_model.cif
ova_c4_iptm80_21b_c6	seed-2_sample-0	6	0.37	0.47	87.63613994380971	nan	nan	0.39	0.0	6	6	1	0	298	298	0	0.4	0.375	10.005	"{""A-B"": 0, ""A-C"": 43, ""A-D"": 55, ""A-E"": 0, ""A-F"": 0, ""B-C"": 0, ""B-D"": 43, ""B-E"": 53, ""B-F"": 0, ""C-D"": 0, ""C-E"": 0, ""C-F"": 55, ""D-E"": 0, ""D-F"": 0, ""E-F"": 49}"	[1, 2, 3, 6, 64, 65, 79, 82, 83, 86, 87, 90, 94, 95, 96, 97, 98, 99, 155, 156, 182, 183, 184, 190, 191, 192, 193, 195, 196, 261, 262, 263, 264, 266, 267, 270, 271, 272, 337, 338, 340, 342, 343, 344, 345, 348, 373, 374]	experiments/e149_final20_stoichiometry_v1/out_s5/ova_c4_iptm80_21b_c6/seed-2_sample-0/ova_c4_iptm80_21b_c6_seed-2_sample-0_summary_confidences.json	experiments/e149_final20_stoichiometry_v1/out_s5/ova_c4_iptm80_21b_c6/seed-2_sample-0/ova_c4_iptm80_21b_c6_seed-2_sample-0_model.cif
ova_c4_iptm80_21b_c6	seed-2_sample-1	6	0.41	0.5	86.9393264197315	nan	nan	0.43	0.0	12	6	1	0	254	254	0	0.44	0.26	13.184999999999999	"{""A-B"": 14, ""A-C"": 19, ""A-D"": 39, ""A-E"": 0, ""A-F"": 13, ""B-C"": 0, ""B-D"": 18, ""B-E"": 41, ""B-F"": 15, ""C-D"": 12, ""C-E"": 14, ""C-F"": 38, ""D-E"": 13, ""D-F"": 0, ""E-F"": 18}"	[1, 6, 64, 86, 87, 90, 93, 94, 95, 96, 97, 155, 156, 157, 159, 184, 188, 189, 191, 216, 217, 262, 263, 266, 267, 271, 272, 276, 278, 336, 337, 338, 339, 340, 342, 345, 346, 347, 349, 350, 351, 353, 354, 355, 373, 374]	experiments/e149_final20_stoichiometry_v1/out_s5/ova_c4_iptm80_21b_c6/seed-2_sample-1/ova_c4_iptm80_21b_c6_seed-2_sample-1_summary_confidences.json	experiments/e149_final20_stoichiometry_v1/out_s5/ova_c4_iptm80_21b_c6/seed-2_sample-1/ova_c4_iptm80_21b_c6_seed-2_sample-1_model.cif
ova_c4_iptm80_21b_c6	seed-2_sample-2	6	0.47	0.55	86.17323843802812	nan	nan	0.49	0.0	12	6	1	0	553	553	0	0.53	0.315	10.455	"{""A-B"": 37, ""A-C"": 14, ""A-D"": 87, ""A-E"": 0, ""A-F"": 44, ""B-C"": 0, ""B-D"": 14, ""B-E"": 86, ""B-F"": 46, ""C-D"": 36, ""C-E"": 43, ""C-F"": 90, ""D-E"": 42, ""D-F"": 0, ""E-F"": 14}"	[86, 87, 90, 94, 95, 96, 97, 99, 140, 141, 144, 147, 148, 151, 155, 156, 157, 158, 159, 160, 163, 164, 184, 187, 188, 189, 190, 191, 192, 194, 210, 212, 215, 216, 217, 239, 271, 272, 276, 277, 278, 285, 287, 289, 332, 334, 336, 337, 338, 339, 340, 341, 342, 343, 344, 345, 346, 347, 348, 349, 350, 351, 352, 353, 354, 355, 373, 374]	experiments/e149_final20_stoichiometry_v1/out_s5/ova_c4_iptm80_21b_c6/seed-2_sample-2/ova_c4_iptm80_21b_c6_seed-2_sample-2_summary_confidences.json	experiments/e149_final20_stoichiometry_v1/out_s5/ova_c4_iptm80_21b_c6/seed-2_sample-2/ova_c4_iptm80_21b_c6_seed-2_sample-2_model.cif
ova_c4_iptm80_21b_c6	seed-2_sample-3	6	0.52	0.59	86.78300534381768	nan	nan	0.53	0.0	12	6	1	0	471	471	0	0.58	0.355	9.22	"{""A-B"": 31, ""A-C"": 12, ""A-D"": 83, ""A-E"": 0, ""A-F"": 31, ""B-C"": 0, ""B-D"": 12, ""B-E"": 81, ""B-F"": 30, ""C-D"": 31, ""C-E"": 33, ""C-F"": 81, ""D-E"": 34, ""D-F"": 0, ""E-F"": 12}"	[83, 86, 87, 90, 94, 95, 96, 97, 99, 140, 144, 147, 148, 151, 155, 156, 157, 158, 159, 160, 163, 164, 184, 187, 188, 189, 191, 192, 193, 194, 210, 214, 215, 216, 217, 271, 272, 278, 285, 287, 289, 332, 334, 336, 337, 338, 339, 340, 342, 343, 345, 346, 347, 348, 349, 350, 351, 352, 353, 354, 355, 373, 374]	experiments/e149_final20_stoichiometry_v1/out_s5/ova_c4_iptm80_21b_c6/seed-2_sample-3/ova_c4_iptm80_21b_c6_seed-2_sample-3_summary_confidences.json	experiments/e149_final20_stoichiometry_v1/out_s5/ova_c4_iptm80_21b_c6/seed-2_sample-3/ova_c4_iptm80_21b_c6_seed-2_sample-3_model.cif
ova_c4_iptm80_21b_c6	seed-2_sample-4	6	0.37	0.47	87.96580298824014	nan	nan	0.39	0.0	6	6	1	0	296	296	0	0.48	0.41000000000000003	9.98	"{""A-B"": 0, ""A-C"": 54, ""A-D"": 44, ""A-E"": 0, ""A-F"": 0, ""B-C"": 0, ""B-D"": 59, ""B-E"": 47, ""B-F"": 0, ""C-D"": 0, ""C-E"": 0, ""C-F"": 40, ""D-E"": 0, ""D-F"": 0, ""E-F"": 52}"	[1, 2, 3, 6, 10, 64, 65, 66, 70, 79, 83, 86, 87, 90, 94, 95, 96, 97, 98, 99, 182, 184, 190, 191, 192, 193, 225, 236, 261, 262, 263, 264, 266, 267, 270, 271, 272, 337, 338, 340, 342, 343, 344, 345, 348, 373, 374]	experiments/e149_final20_stoichiometry_v1/out_s5/ova_c4_iptm80_21b_c6/seed-2_sample-4/ova_c4_iptm80_21b_c6_seed-2_sample-4_summary_confidences.json	experiments/e149_final20_stoichiometry_v1/out_s5/ova_c4_iptm80_21b_c6/seed-2_sample-4/ova_c4_iptm80_21b_c6_seed-2_sample-4_model.cif
ova_c4_iptm80_21b_c6	seed-3_sample-0	6	0.34	0.44	86.49626928537003	nan	nan	0.36	0.0	6	6	1	0	222	222	0	0.36	0.33499999999999996	13.4	"{""A-B"": 58, ""A-C"": 20, ""A-D"": 0, ""A-E"": 0, ""A-F"": 0, ""B-C"": 0, ""B-D"": 0, ""B-E"": 22, ""B-F"": 0, ""C-D"": 48, ""C-E"": 0, ""C-F"": 0, ""D-E"": 0, ""D-F"": 22, ""E-F"": 52}"	[1, 6, 64, 86, 87, 90, 94, 95, 96, 97, 98, 99, 151, 152, 155, 156, 157, 182, 183, 184, 190, 191, 192, 193, 195, 196, 208, 210, 262, 263, 266, 267, 270, 271, 272, 336, 337, 338, 339, 340, 342, 345, 373, 374]	experiments/e149_final20_stoichiometry_v1/out_s5/ova_c4_iptm80_21b_c6/seed-3_sample-0/ova_c4_iptm80_21b_c6_seed-3_sample-0_summary_confidences.json	experiments/e149_final20_stoichiometry_v1/out_s5/ova_c4_iptm80_21b_c6/seed-3_sample-0/ova_c4_iptm80_21b_c6_seed-3_sample-0_model.cif
ova_c4_iptm80_21b_c6	seed-3_sample-1	6	0.31	0.42	86.50028496579185	nan	nan	0.33	0.0	6	6	1	0	290	290	0	0.3	0.29000000000000004	14.315000000000001	"{""A-B"": 65, ""A-C"": 30, ""A-D"": 0, ""A-E"": 0, ""A-F"": 0, ""B-C"": 0, ""B-D"": 0, ""B-E"": 32, ""B-F"": 0, ""C-D"": 65, ""C-E"": 0, ""C-F"": 0, ""D-E"": 0, ""D-F"": 31, ""E-F"": 67}"	[1, 3, 64, 65, 79, 82, 83, 86, 87, 90, 94, 95, 96, 97, 98, 99, 155, 156, 157, 182, 183, 184, 188, 190, 191, 192, 193, 195, 196, 208, 262, 263, 266, 267, 270, 271, 272, 336, 337, 338, 339, 340, 342, 343, 344, 345, 348, 373, 374]	experiments/e149_final20_stoichiometry_v1/out_s5/ova_c4_iptm80_21b_c6/seed-3_sample-1/ova_c4_iptm80_21b_c6_seed-3_sample-1_summary_confidences.json	experiments/e149_final20_stoichiometry_v1/out_s5/ova_c4_iptm80_21b_c6/seed-3_sample-1/ova_c4_iptm80_21b_c6_seed-3_sample-1_model.cif
ova_c4_iptm80_21b_c6	seed-3_sample-2	6	0.33	0.44	86.67012963764408	nan	nan	0.36	0.0	6	6	1	0	237	237	0	0.33	0.325	13.285	"{""A-B"": 52, ""A-C"": 26, ""A-D"": 0, ""A-E"": 0, ""A-F"": 0, ""B-C"": 0, ""B-D"": 0, ""B-E"": 25, ""B-F"": 0, ""C-D"": 52, ""C-E"": 0, ""C-F"": 0, ""D-E"": 0, ""D-F"": 29, ""E-F"": 53}"	[1, 6, 64, 65, 82, 83, 86, 87, 90, 94, 95, 96, 97, 98, 99, 155, 156, 182, 183, 184, 190, 191, 192, 193, 195, 196, 208, 262, 263, 266, 267, 270, 271, 272, 337, 338, 340, 342, 344, 345, 348, 373, 374]	experiments/e149_final20_stoichiometry_v1/out_s5/ova_c4_iptm80_21b_c6/seed-3_sample-2/ova_c4_iptm80_21b_c6_seed-3_sample-2_summary_confidences.json	experiments/e149_final20_stoichiometry_v1/out_s5/ova_c4_iptm80_21b_c6/seed-3_sample-2/ova_c4_iptm80_21b_c6_seed-3_sample-2_model.cif
ova_c4_iptm80_21b_c6	seed-3_sample-3	6	0.31	0.42	86.12893789419856	nan	nan	0.33	0.0	6	6	1	0	266	266	0	0.3	0.29000000000000004	14.120000000000001	"{""A-B"": 67, ""A-C"": 23, ""A-D"": 0, ""A-E"": 0, ""A-F"": 0, ""B-C"": 0, ""B-D"": 0, ""B-E"": 24, ""B-F"": 0, ""C-D"": 66, ""C-E"": 0, ""C-F"": 0, ""D-E"": 0, ""D-F"": 20, ""E-F"": 66}"	[1, 6, 64, 65, 83, 86, 90, 94, 95, 96, 97, 98, 99, 155, 156, 157, 182, 183, 184, 188, 190, 191, 192, 193, 194, 195, 196, 208, 262, 263, 266, 267, 270, 271, 272, 336, 337, 338, 339, 340, 342, 343, 344, 345, 348, 373, 374]	experiments/e149_final20_stoichiometry_v1/out_s5/ova_c4_iptm80_21b_c6/seed-3_sample-3/ova_c4_iptm80_21b_c6_seed-3_sample-3_summary_confidences.json	experiments/e149_final20_stoichiometry_v1/out_s5/ova_c4_iptm80_21b_c6/seed-3_sample-3/ova_c4_iptm80_21b_c6_seed-3_sample-3_model.cif
ova_c4_iptm80_21b_c6	seed-3_sample-4	6	0.33	0.43	85.86779793062358	nan	nan	0.35	0.0	12	6	1	0	342	342	0	0.31	0.19	17.75	"{""A-B"": 48, ""A-C"": 38, ""A-D"": 13, ""A-E"": 16, ""A-F"": 0, ""B-C"": 16, ""B-D"": 0, ""B-E"": 36, ""B-F"": 17, ""C-D"": 45, ""C-E"": 0, ""C-F"": 18, ""D-E"": 14, ""D-F"": 38, ""E-F"": 43}"	[1, 2, 3, 6, 10, 64, 65, 79, 82, 83, 86, 87, 90, 93, 94, 95, 96, 97, 151, 155, 156, 157, 183, 184, 185, 188, 191, 216, 217, 236, 262, 263, 266, 267, 270, 271, 272, 276, 277, 278, 336, 337, 338, 339, 340, 344, 345, 346, 347, 349, 350, 351, 353, 354, 355, 373, 374]	experiments/e149_final20_stoichiometry_v1/out_s5/ova_c4_iptm80_21b_c6/seed-3_sample-4/ova_c4_iptm80_21b_c6_seed-3_sample-4_summary_confidences.json	experiments/e149_final20_stoichiometry_v1/out_s5/ova_c4_iptm80_21b_c6/seed-3_sample-4/ova_c4_iptm80_21b_c6_seed-3_sample-4_model.cif
ova_c4_iptm80_21c_c1	seed-1_sample-0	1	0.0	0.92	91.23481861173798	nan	nan	0.92	0.0	0	1	0	0	0	0	0	0.0	nan	nan	{}	[]	experiments/e149_final20_stoichiometry_v1/out_s1/ova_c4_iptm80_21c_c1/seed-1_sample-0/ova_c4_iptm80_21c_c1_seed-1_sample-0_summary_confidences.json	experiments/e149_final20_stoichiometry_v1/out_s1/ova_c4_iptm80_21c_c1/seed-1_sample-0/ova_c4_iptm80_21c_c1_seed-1_sample-0_model.cif
ova_c4_iptm80_21c_c1	seed-1_sample-1	1	0.0	0.92	90.56569963662736	nan	nan	0.92	0.0	0	1	0	0	0	0	0	0.0	nan	nan	{}	[]	experiments/e149_final20_stoichiometry_v1/out_s1/ova_c4_iptm80_21c_c1/seed-1_sample-1/ova_c4_iptm80_21c_c1_seed-1_sample-1_summary_confidences.json	experiments/e149_final20_stoichiometry_v1/out_s1/ova_c4_iptm80_21c_c1/seed-1_sample-1/ova_c4_iptm80_21c_c1_seed-1_sample-1_model.cif
ova_c4_iptm80_21c_c1	seed-1_sample-2	1	0.0	0.92	90.9893781829992	nan	nan	0.92	0.0	0	1	0	0	0	0	0	0.0	nan	nan	{}	[]	experiments/e149_final20_stoichiometry_v1/out_s1/ova_c4_iptm80_21c_c1/seed-1_sample-2/ova_c4_iptm80_21c_c1_seed-1_sample-2_summary_confidences.json	experiments/e149_final20_stoichiometry_v1/out_s1/ova_c4_iptm80_21c_c1/seed-1_sample-2/ova_c4_iptm80_21c_c1_seed-1_sample-2_model.cif
ova_c4_iptm80_21c_c1	seed-1_sample-3	1	0.0	0.92	90.95362667222098	nan	nan	0.92	0.0	0	1	0	0	0	0	0	0.0	nan	nan	{}	[]	experiments/e149_final20_stoichiometry_v1/out_s1/ova_c4_iptm80_21c_c1/seed-1_sample-3/ova_c4_iptm80_21c_c1_seed-1_sample-3_summary_confidences.json	experiments/e149_final20_stoichiometry_v1/out_s1/ova_c4_iptm80_21c_c1/seed-1_sample-3/ova_c4_iptm80_21c_c1_seed-1_sample-3_model.cif
ova_c4_iptm80_21c_c1	seed-1_sample-4	1	0.0	0.92	91.02961143928488	nan	nan	0.92	0.0	0	1	0	0	0	0	0	0.0	nan	nan	{}	[]	experiments/e149_final20_stoichiometry_v1/out_s1/ova_c4_iptm80_21c_c1/seed-1_sample-4/ova_c4_iptm80_21c_c1_seed-1_sample-4_summary_confidences.json	experiments/e149_final20_stoichiometry_v1/out_s1/ova_c4_iptm80_21c_c1/seed-1_sample-4/ova_c4_iptm80_21c_c1_seed-1_sample-4_model.cif
ova_c4_iptm80_21c_c1	seed-2_sample-0	1	0.0	0.92	90.95194286880098	nan	nan	0.92	0.0	0	1	0	0	0	0	0	0.0	nan	nan	{}	[]	experiments/e149_final20_stoichiometry_v1/out_s1/ova_c4_iptm80_21c_c1/seed-2_sample-0/ova_c4_iptm80_21c_c1_seed-2_sample-0_summary_confidences.json	experiments/e149_final20_stoichiometry_v1/out_s1/ova_c4_iptm80_21c_c1/seed-2_sample-0/ova_c4_iptm80_21c_c1_seed-2_sample-0_model.cif
ova_c4_iptm80_21c_c1	seed-2_sample-1	1	0.0	0.92	91.24510365817213	nan	nan	0.92	0.0	0	1	0	0	0	0	0	0.0	nan	nan	{}	[]	experiments/e149_final20_stoichiometry_v1/out_s1/ova_c4_iptm80_21c_c1/seed-2_sample-1/ova_c4_iptm80_21c_c1_seed-2_sample-1_summary_confidences.json	experiments/e149_final20_stoichiometry_v1/out_s1/ova_c4_iptm80_21c_c1/seed-2_sample-1/ova_c4_iptm80_21c_c1_seed-2_sample-1_model.cif
ova_c4_iptm80_21c_c1	seed-2_sample-2	1	0.0	0.92	90.85370451181046	nan	nan	0.92	0.0	0	1	0	0	0	0	0	0.0	nan	nan	{}	[]	experiments/e149_final20_stoichiometry_v1/out_s1/ova_c4_iptm80_21c_c1/seed-2_sample-2/ova_c4_iptm80_21c_c1_seed-2_sample-2_summary_confidences.json	experiments/e149_final20_stoichiometry_v1/out_s1/ova_c4_iptm80_21c_c1/seed-2_sample-2/ova_c4_iptm80_21c_c1_seed-2_sample-2_model.cif
ova_c4_iptm80_21c_c1	seed-2_sample-3	1	0.0	0.92	91.39202057635846	nan	nan	0.92	0.0	0	1	0	0	0	0	0	0.0	nan	nan	{}	[]	experiments/e149_final20_stoichiometry_v1/out_s1/ova_c4_iptm80_21c_c1/seed-2_sample-3/ova_c4_iptm80_21c_c1_seed-2_sample-3_summary_confidences.json	experiments/e149_final20_stoichiometry_v1/out_s1/ova_c4_iptm80_21c_c1/seed-2_sample-3/ova_c4_iptm80_21c_c1_seed-2_sample-3_model.cif
ova_c4_iptm80_21c_c1	seed-2_sample-4	1	0.0	0.92	91.01950767991457	nan	nan	0.92	0.0	0	1	0	0	0	0	0	0.0	nan	nan	{}	[]	experiments/e149_final20_stoichiometry_v1/out_s1/ova_c4_iptm80_21c_c1/seed-2_sample-4/ova_c4_iptm80_21c_c1_seed-2_sample-4_summary_confidences.json	experiments/e149_final20_stoichiometry_v1/out_s1/ova_c4_iptm80_21c_c1/seed-2_sample-4/ova_c4_iptm80_21c_c1_seed-2_sample-4_model.cif
ova_c4_iptm80_21c_c1	seed-3_sample-0	1	0.0	0.92	90.9761658604281	nan	nan	0.92	0.0	0	1	0	0	0	0	0	0.0	nan	nan	{}	[]	experiments/e149_final20_stoichiometry_v1/out_s1/ova_c4_iptm80_21c_c1/seed-3_sample-0/ova_c4_iptm80_21c_c1_seed-3_sample-0_summary_confidences.json	experiments/e149_final20_stoichiometry_v1/out_s1/ova_c4_iptm80_21c_c1/seed-3_sample-0/ova_c4_iptm80_21c_c1_seed-3_sample-0_model.cif
ova_c4_iptm80_21c_c1	seed-3_sample-1	1	0.0	0.92	91.14435221617704	nan	nan	0.92	0.0	0	1	0	0	0	0	0	0.0	nan	nan	{}	[]	experiments/e149_final20_stoichiometry_v1/out_s1/ova_c4_iptm80_21c_c1/seed-3_sample-1/ova_c4_iptm80_21c_c1_seed-3_sample-1_summary_confidences.json	experiments/e149_final20_stoichiometry_v1/out_s1/ova_c4_iptm80_21c_c1/seed-3_sample-1/ova_c4_iptm80_21c_c1_seed-3_sample-1_model.cif
ova_c4_iptm80_21c_c1	seed-3_sample-2	1	0.0	0.92	91.01510351309504	nan	nan	0.92	0.0	0	1	0	0	0	0	0	0.0	nan	nan	{}	[]	experiments/e149_final20_stoichiometry_v1/out_s1/ova_c4_iptm80_21c_c1/seed-3_sample-2/ova_c4_iptm80_21c_c1_seed-3_sample-2_summary_confidences.json	experiments/e149_final20_stoichiometry_v1/out_s1/ova_c4_iptm80_21c_c1/seed-3_sample-2/ova_c4_iptm80_21c_c1_seed-3_sample-2_model.cif
ova_c4_iptm80_21c_c1	seed-3_sample-3	1	0.0	0.92	90.686994858974	nan	nan	0.92	0.0	0	1	0	0	0	0	0	0.0	nan	nan	{}	[]	experiments/e149_final20_stoichiometry_v1/out_s1/ova_c4_iptm80_21c_c1/seed-3_sample-3/ova_c4_iptm80_21c_c1_seed-3_sample-3_summary_confidences.json	experiments/e149_final20_stoichiometry_v1/out_s1/ova_c4_iptm80_21c_c1/seed-3_sample-3/ova_c4_iptm80_21c_c1_seed-3_sample-3_model.cif
ova_c4_iptm80_21c_c1	seed-3_sample-4	1	0.0	0.92	90.87650265471305	nan	nan	0.92	0.0	0	1	0	0	0	0	0	0.0	nan	nan	{}	[]	experiments/e149_final20_stoichiometry_v1/out_s1/ova_c4_iptm80_21c_c1/seed-3_sample-4/ova_c4_iptm80_21c_c1_seed-3_sample-4_summary_confidences.json	experiments/e149_final20_stoichiometry_v1/out_s1/ova_c4_iptm80_21c_c1/seed-3_sample-4/ova_c4_iptm80_21c_c1_seed-3_sample-4_model.cif
ova_c4_iptm80_21c_c2	seed-1_sample-0	2	0.32	0.62	89.51569941624459	nan	nan	0.38	0.0	1	2	1	0	74	74	0	0.32	0.32	12.7	"{""A-B"": 74}"	[95, 96, 97, 98, 99, 151, 155, 156, 157, 182, 183, 184, 188, 190, 191, 192, 194, 195, 196, 208, 236, 336, 337, 338, 339, 340, 342, 343, 344, 345, 348]	experiments/e149_final20_stoichiometry_v1/out_s6/ova_c4_iptm80_21c_c2/seed-1_sample-0/ova_c4_iptm80_21c_c2_seed-1_sample-0_summary_confidences.json	experiments/e149_final20_stoichiometry_v1/out_s6/ova_c4_iptm80_21c_c2/seed-1_sample-0/ova_c4_iptm80_21c_c2_seed-1_sample-0_model.cif
ova_c4_iptm80_21c_c2	seed-1_sample-1	2	0.37	0.64	89.76339348116069	nan	nan	0.42	0.0	1	2	1	0	54	54	0	0.37	0.37	12.04	"{""A-B"": 54}"	[96, 97, 98, 99, 155, 182, 183, 184, 188, 190, 191, 192, 193, 195, 236, 337, 338, 339, 340, 342, 343, 344, 345]	experiments/e149_final20_stoichiometry_v1/out_s6/ova_c4_iptm80_21c_c2/seed-1_sample-1/ova_c4_iptm80_21c_c2_seed-1_sample-1_summary_confidences.json	experiments/e149_final20_stoichiometry_v1/out_s6/ova_c4_iptm80_21c_c2/seed-1_sample-1/ova_c4_iptm80_21c_c2_seed-1_sample-1_model.cif
ova_c4_iptm80_21c_c2	seed-1_sample-2	2	0.38	0.64	89.78178767466174	nan	nan	0.43	0.0	1	2	1	0	54	54	0	0.38	0.38	11.75	"{""A-B"": 54}"	[94, 95, 96, 97, 98, 99, 182, 184, 190, 191, 192, 193, 236, 337, 338, 339, 340, 341, 342, 344, 345]	experiments/e149_final20_stoichiometry_v1/out_s6/ova_c4_iptm80_21c_c2/seed-1_sample-2/ova_c4_iptm80_21c_c2_seed-1_sample-2_summary_confidences.json	experiments/e149_final20_stoichiometry_v1/out_s6/ova_c4_iptm80_21c_c2/seed-1_sample-2/ova_c4_iptm80_21c_c2_seed-1_sample-2_model.cif
ova_c4_iptm80_21c_c2	seed-1_sample-3	2	0.35	0.63	89.53826423012531	nan	nan	0.4	0.0	1	2	1	0	57	57	0	0.35	0.35	12.45	"{""A-B"": 57}"	[95, 96, 97, 98, 99, 155, 156, 182, 183, 184, 188, 190, 191, 192, 195, 196, 236, 336, 337, 338, 339, 340, 342, 343, 344, 345, 349]	experiments/e149_final20_stoichiometry_v1/out_s6/ova_c4_iptm80_21c_c2/seed-1_sample-3/ova_c4_iptm80_21c_c2_seed-1_sample-3_summary_confidences.json	experiments/e149_final20_stoichiometry_v1/out_s6/ova_c4_iptm80_21c_c2/seed-1_sample-3/ova_c4_iptm80_21c_c2_seed-1_sample-3_model.cif
ova_c4_iptm80_21c_c2	seed-1_sample-4	2	0.36	0.64	89.8050000877578	nan	nan	0.42	0.0	1	2	1	0	50	50	0	0.36	0.36	12.45	"{""A-B"": 50}"	[95, 96, 97, 98, 99, 155, 156, 182, 183, 184, 190, 191, 192, 195, 196, 236, 337, 338, 339, 340, 342, 343, 344, 345]	experiments/e149_final20_stoichiometry_v1/out_s6/ova_c4_iptm80_21c_c2/seed-1_sample-4/ova_c4_iptm80_21c_c2_seed-1_sample-4_summary_confidences.json	experiments/e149_final20_stoichiometry_v1/out_s6/ova_c4_iptm80_21c_c2/seed-1_sample-4/ova_c4_iptm80_21c_c2_seed-1_sample-4_model.cif
ova_c4_iptm80_21c_c2	seed-2_sample-0	2	0.36	0.63	89.64310871381215	nan	nan	0.42	0.0	1	2	1	0	51	51	0	0.36	0.36	11.47	"{""A-B"": 51}"	[95, 96, 98, 99, 151, 155, 156, 157, 182, 183, 184, 188, 190, 191, 192, 194, 195, 196, 208, 336, 337, 338, 340, 342, 344, 345, 347]	experiments/e149_final20_stoichiometry_v1/out_s6/ova_c4_iptm80_21c_c2/seed-2_sample-0/ova_c4_iptm80_21c_c2_seed-2_sample-0_summary_confidences.json	experiments/e149_final20_stoichiometry_v1/out_s6/ova_c4_iptm80_21c_c2/seed-2_sample-0/ova_c4_iptm80_21c_c2_seed-2_sample-0_model.cif
ova_c4_iptm80_21c_c2	seed-2_sample-1	2	0.35	0.63	89.58510388982111	nan	nan	0.4	0.0	1	2	1	0	47	47	0	0.35	0.35	11.79	"{""A-B"": 47}"	[94, 95, 96, 97, 98, 99, 155, 156, 182, 183, 184, 190, 191, 192, 195, 196, 337, 338, 340, 342, 343, 344, 345]	experiments/e149_final20_stoichiometry_v1/out_s6/ova_c4_iptm80_21c_c2/seed-2_sample-1/ova_c4_iptm80_21c_c2_seed-2_sample-1_summary_confidences.json	experiments/e149_final20_stoichiometry_v1/out_s6/ova_c4_iptm80_21c_c2/seed-2_sample-1/ova_c4_iptm80_21c_c2_seed-2_sample-1_model.cif
ova_c4_iptm80_21c_c2	seed-2_sample-2	2	0.35	0.63	89.51854922240263	nan	nan	0.41	0.0	1	2	1	0	52	52	0	0.35	0.35	11.77	"{""A-B"": 52}"	[94, 95, 96, 98, 99, 155, 156, 157, 182, 183, 184, 190, 191, 192, 194, 195, 196, 208, 337, 338, 340, 342, 344, 345, 346]	experiments/e149_final20_stoichiometry_v1/out_s6/ova_c4_iptm80_21c_c2/seed-2_sample-2/ova_c4_iptm80_21c_c2_seed-2_sample-2_summary_confidences.json	experiments/e149_final20_stoichiometry_v1/out_s6/ova_c4_iptm80_21c_c2/seed-2_sample-2/ova_c4_iptm80_21c_c2_seed-2_sample-2_model.cif
ova_c4_iptm80_21c_c2	seed-2_sample-3	2	0.41	0.66	89.8234974658551	nan	nan	0.46	0.0	1	2	1	0	51	51	0	0.41	0.41	10.23	"{""A-B"": 51}"	[94, 95, 96, 97, 98, 99, 182, 184, 190, 191, 192, 193, 236, 338, 339, 340, 342, 343, 344, 345]	experiments/e149_final20_stoichiometry_v1/out_s6/ova_c4_iptm80_21c_c2/seed-2_sample-3/ova_c4_iptm80_21c_c2_seed-2_sample-3_summary_confidences.json	experiments/e149_final20_stoichiometry_v1/out_s6/ova_c4_iptm80_21c_c2/seed-2_sample-3/ova_c4_iptm80_21c_c2_seed-2_sample-3_model.cif
ova_c4_iptm80_21c_c2	seed-2_sample-4	2	0.37	0.64	89.20308288020792	nan	nan	0.43	0.0	1	2	1	0	50	50	0	0.37	0.37	10.97	"{""A-B"": 50}"	[96, 97, 98, 99, 155, 156, 182, 183, 184, 188, 190, 191, 192, 195, 196, 336, 337, 338, 339, 340, 342, 344, 345]	experiments/e149_final20_stoichiometry_v1/out_s6/ova_c4_iptm80_21c_c2/seed-2_sample-4/ova_c4_iptm80_21c_c2_seed-2_sample-4_summary_confidences.json	experiments/e149_final20_stoichiometry_v1/out_s6/ova_c4_iptm80_21c_c2/seed-2_sample-4/ova_c4_iptm80_21c_c2_seed-2_sample-4_model.cif
ova_c4_iptm80_21c_c2	seed-3_sample-0	2	0.3	0.61	89.27103633584136	nan	nan	0.36	0.0	1	2	1	0	71	71	0	0.3	0.3	13.47	"{""A-B"": 71}"	[95, 96, 97, 98, 99, 155, 156, 182, 183, 184, 188, 190, 191, 192, 195, 196, 236, 336, 337, 338, 339, 340, 342, 343, 344, 345, 348]	experiments/e149_final20_stoichiometry_v1/out_s6/ova_c4_iptm80_21c_c2/seed-3_sample-0/ova_c4_iptm80_21c_c2_seed-3_sample-0_summary_confidences.json	experiments/e149_final20_stoichiometry_v1/out_s6/ova_c4_iptm80_21c_c2/seed-3_sample-0/ova_c4_iptm80_21c_c2_seed-3_sample-0_model.cif
ova_c4_iptm80_21c_c2	seed-3_sample-1	2	0.32	0.61	89.19422275167673	nan	nan	0.38	0.0	1	2	1	0	34	34	0	0.32	0.32	13.65	"{""A-B"": 34}"	[96, 98, 99, 155, 156, 157, 182, 183, 184, 191, 192, 195, 196, 337, 338, 342, 344, 345]	experiments/e149_final20_stoichiometry_v1/out_s6/ova_c4_iptm80_21c_c2/seed-3_sample-1/ova_c4_iptm80_21c_c2_seed-3_sample-1_summary_confidences.json	experiments/e149_final20_stoichiometry_v1/out_s6/ova_c4_iptm80_21c_c2/seed-3_sample-1/ova_c4_iptm80_21c_c2_seed-3_sample-1_model.cif
ova_c4_iptm80_21c_c2	seed-3_sample-2	2	0.29	0.6	88.78937833914485	nan	nan	0.35	0.0	1	2	1	0	58	58	0	0.29	0.29	13.12	"{""A-B"": 58}"	[94, 95, 96, 97, 98, 99, 155, 156, 182, 183, 184, 188, 190, 191, 192, 195, 196, 236, 337, 338, 339, 340, 342, 343, 344, 345, 346, 348]	experiments/e149_final20_stoichiometry_v1/out_s6/ova_c4_iptm80_21c_c2/seed-3_sample-2/ova_c4_iptm80_21c_c2_seed-3_sample-2_summary_confidences.json	experiments/e149_final20_stoichiometry_v1/out_s6/ova_c4_iptm80_21c_c2/seed-3_sample-2/ova_c4_iptm80_21c_c2_seed-3_sample-2_model.cif
ova_c4_iptm80_21c_c2	seed-3_sample-3	2	0.33	0.62	89.02046645367083	nan	nan	0.38	0.0	1	2	1	0	55	55	0	0.33	0.33	12.99	"{""A-B"": 55}"	[94, 95, 96, 97, 98, 99, 155, 156, 182, 183, 184, 190, 191, 192, 195, 196, 236, 337, 338, 339, 340, 342, 343, 344, 345, 346, 348]	experiments/e149_final20_stoichiometry_v1/out_s6/ova_c4_iptm80_21c_c2/seed-3_sample-3/ova_c4_iptm80_21c_c2_seed-3_sample-3_summary_confidences.json	experiments/e149_final20_stoichiometry_v1/out_s6/ova_c4_iptm80_21c_c2/seed-3_sample-3/ova_c4_iptm80_21c_c2_seed-3_sample-3_model.cif
ova_c4_iptm80_21c_c2	seed-3_sample-4	2	0.29	0.6	88.92015538190931	nan	nan	0.35	0.0	1	2	1	0	51	51	0	0.29	0.29	13.81	"{""A-B"": 51}"	[96, 97, 98, 99, 155, 156, 182, 184, 190, 191, 192, 195, 196, 236, 337, 338, 339, 340, 342, 343, 344, 345, 347, 348]	experiments/e149_final20_stoichiometry_v1/out_s6/ova_c4_iptm80_21c_c2/seed-3_sample-4/ova_c4_iptm80_21c_c2_seed-3_sample-4_summary_confidences.json	experiments/e149_final20_stoichiometry_v1/out_s6/ova_c4_iptm80_21c_c2/seed-3_sample-4/ova_c4_iptm80_21c_c2_seed-3_sample-4_model.cif
ova_c4_iptm80_21c_c3	seed-1_sample-0	3	0.14	0.41	86.65310892292872	nan	nan	0.2	0.0	3	3	1	0	76	76	0	0.11	0.11	26.8	"{""A-B"": 9, ""A-C"": 46, ""B-C"": 21}"	[1, 2, 3, 6, 64, 65, 66, 68, 79, 86, 90, 217, 262, 263, 264, 266, 267, 270, 271, 272, 339, 340, 341, 342, 343, 344, 345, 346, 347, 350, 373, 375]	experiments/e149_final20_stoichiometry_v1/out_s1/ova_c4_iptm80_21c_c3/seed-1_sample-0/ova_c4_iptm80_21c_c3_seed-1_sample-0_summary_confidences.json	experiments/e149_final20_stoichiometry_v1/out_s1/ova_c4_iptm80_21c_c3/seed-1_sample-0/ova_c4_iptm80_21c_c3_seed-1_sample-0_model.cif
ova_c4_iptm80_21c_c3	seed-1_sample-1	3	0.19	0.44	86.66549210227215	nan	nan	0.24	0.0	3	3	1	0	103	103	0	0.13	0.13	20.58	"{""A-B"": 31, ""A-C"": 23, ""B-C"": 49}"	[94, 95, 96, 97, 98, 99, 152, 155, 156, 182, 183, 184, 186, 187, 190, 191, 192, 193, 195, 196, 208, 210, 216, 217, 236, 237, 238, 276, 278, 337, 338, 339, 340, 341, 342, 343, 344, 345, 346, 347, 348, 349, 350, 351, 354]	experiments/e149_final20_stoichiometry_v1/out_s1/ova_c4_iptm80_21c_c3/seed-1_sample-1/ova_c4_iptm80_21c_c3_seed-1_sample-1_summary_confidences.json	experiments/e149_final20_stoichiometry_v1/out_s1/ova_c4_iptm80_21c_c3/seed-1_sample-1/ova_c4_iptm80_21c_c3_seed-1_sample-1_model.cif
ova_c4_iptm80_21c_c3	seed-1_sample-2	3	0.16	0.42	86.09948181982485	nan	nan	0.21	0.0	3	3	1	0	148	148	0	0.13	0.13	25.13	"{""A-B"": 48, ""A-C"": 48, ""B-C"": 52}"	[1, 2, 77, 79, 94, 95, 96, 97, 110, 114, 116, 119, 123, 124, 127, 128, 131, 132, 133, 134, 138, 141, 144, 145, 147, 148, 149, 151, 152, 153, 156, 187, 216, 217, 238, 239, 271, 272, 275, 276, 277, 278, 340, 341, 342, 343, 345, 346, 349, 350, 354, 372, 373]	experiments/e149_final20_stoichiometry_v1/out_s1/ova_c4_iptm80_21c_c3/seed-1_sample-2/ova_c4_iptm80_21c_c3_seed-1_sample-2_summary_confidences.json	experiments/e149_final20_stoichiometry_v1/out_s1/ova_c4_iptm80_21c_c3/seed-1_sample-2/ova_c4_iptm80_21c_c3_seed-1_sample-2_model.cif
ova_c4_iptm80_21c_c3	seed-1_sample-3	3	0.18	0.43	86.99499980155669	nan	nan	0.23	0.0	3	3	1	0	89	89	0	0.13	0.13	21.4	"{""A-B"": 27, ""A-C"": 13, ""B-C"": 49}"	[90, 94, 95, 96, 97, 98, 99, 155, 156, 182, 184, 188, 190, 191, 192, 194, 195, 196, 236, 237, 238, 239, 337, 338, 340, 341, 342, 343, 344, 345, 346, 347, 348, 349, 350, 373]	experiments/e149_final20_stoichiometry_v1/out_s1/ova_c4_iptm80_21c_c3/seed-1_sample-3/ova_c4_iptm80_21c_c3_seed-1_sample-3_summary_confidences.json	experiments/e149_final20_stoichiometry_v1/out_s1/ova_c4_iptm80_21c_c3/seed-1_sample-3/ova_c4_iptm80_21c_c3_seed-1_sample-3_model.cif
ova_c4_iptm80_21c_c3	seed-1_sample-4	3	0.19	0.44	87.0889636617868	nan	nan	0.24	0.0	3	3	1	0	116	116	0	0.16	0.16	22.15	"{""A-B"": 39, ""A-C"": 38, ""B-C"": 39}"	[93, 94, 95, 96, 97, 98, 99, 101, 149, 152, 153, 154, 155, 182, 183, 184, 190, 191, 192, 193, 194, 195, 196, 208, 210, 213, 342, 343, 344, 348, 352]	experiments/e149_final20_stoichiometry_v1/out_s1/ova_c4_iptm80_21c_c3/seed-1_sample-4/ova_c4_iptm80_21c_c3_seed-1_sample-4_summary_confidences.json	experiments/e149_final20_stoichiometry_v1/out_s1/ova_c4_iptm80_21c_c3/seed-1_sample-4/ova_c4_iptm80_21c_c3_seed-1_sample-4_model.cif
ova_c4_iptm80_21c_c3	seed-2_sample-0	3	0.22	0.46	88.02792751727327	nan	nan	0.26	0.0	3	3	1	0	79	79	0	0.14	0.14	18.32	"{""A-B"": 21, ""A-C"": 37, ""B-C"": 21}"	[86, 90, 95, 184, 186, 187, 188, 191, 192, 216, 217, 234, 237, 238, 239, 270, 271, 272, 276, 278, 337, 338, 339, 340, 341, 342, 343, 344, 345, 346, 347, 349, 350, 373, 374]	experiments/e149_final20_stoichiometry_v1/out_s1/ova_c4_iptm80_21c_c3/seed-2_sample-0/ova_c4_iptm80_21c_c3_seed-2_sample-0_summary_confidences.json	experiments/e149_final20_stoichiometry_v1/out_s1/ova_c4_iptm80_21c_c3/seed-2_sample-0/ova_c4_iptm80_21c_c3_seed-2_sample-0_model.cif
ova_c4_iptm80_21c_c3	seed-2_sample-1	3	0.19	0.44	87.86220206621397	nan	nan	0.24	0.0	3	3	1	0	68	68	0	0.14	0.14	20.47	"{""A-B"": 10, ""A-C"": 17, ""B-C"": 41}"	[94, 95, 96, 97, 99, 148, 151, 152, 155, 156, 182, 184, 186, 191, 192, 194, 195, 196, 208, 210, 238, 271, 276, 337, 338, 340, 341, 342, 344, 345, 346, 347]	experiments/e149_final20_stoichiometry_v1/out_s1/ova_c4_iptm80_21c_c3/seed-2_sample-1/ova_c4_iptm80_21c_c3_seed-2_sample-1_summary_confidences.json	experiments/e149_final20_stoichiometry_v1/out_s1/ova_c4_iptm80_21c_c3/seed-2_sample-1/ova_c4_iptm80_21c_c3_seed-2_sample-1_model.cif
ova_c4_iptm80_21c_c3	seed-2_sample-2	3	0.23	0.47	87.77176152362725	nan	nan	0.28	0.0	3	3	1	0	67	67	0	0.16	0.16	19.08	"{""A-B"": 18, ""A-C"": 24, ""B-C"": 25}"	[1, 86, 90, 96, 184, 188, 191, 192, 193, 194, 195, 213, 236, 237, 238, 239, 270, 271, 272, 276, 280, 338, 339, 340, 341, 342, 343, 344, 345, 346, 347, 348, 349, 350, 352, 353, 371, 373, 374]	experiments/e149_final20_stoichiometry_v1/out_s1/ova_c4_iptm80_21c_c3/seed-2_sample-2/ova_c4_iptm80_21c_c3_seed-2_sample-2_summary_confidences.json	experiments/e149_final20_stoichiometry_v1/out_s1/ova_c4_iptm80_21c_c3/seed-2_sample-2/ova_c4_iptm80_21c_c3_seed-2_sample-2_model.cif
ova_c4_iptm80_21c_c3	seed-2_sample-3	3	0.19	0.44	87.43958562149285	nan	nan	0.24	0.0	3	3	1	0	75	75	0	0.14	0.14	19.53	"{""A-B"": 23, ""A-C"": 41, ""B-C"": 11}"	[93, 94, 95, 96, 97, 98, 99, 155, 156, 182, 184, 187, 190, 191, 192, 193, 195, 196, 216, 217, 276, 278, 338, 340, 341, 342, 343, 344, 345, 346, 347, 348, 349, 350, 351]	experiments/e149_final20_stoichiometry_v1/out_s1/ova_c4_iptm80_21c_c3/seed-2_sample-3/ova_c4_iptm80_21c_c3_seed-2_sample-3_summary_confidences.json	experiments/e149_final20_stoichiometry_v1/out_s1/ova_c4_iptm80_21c_c3/seed-2_sample-3/ova_c4_iptm80_21c_c3_seed-2_sample-3_model.cif
ova_c4_iptm80_21c_c3	seed-2_sample-4	3	0.16	0.42	86.52878228123323	nan	nan	0.21	0.0	3	3	1	0	149	149	0	0.13	0.13	19.29	"{""A-B"": 52, ""A-C"": 46, ""B-C"": 51}"	[3, 68, 77, 78, 79, 80, 81, 93, 94, 95, 96, 97, 99, 155, 182, 184, 186, 188, 191, 216, 217, 219, 232, 234, 238, 241, 271, 272, 274, 276, 278, 338, 339, 340, 341, 342, 343, 344, 345, 346, 347, 350, 351, 354, 372, 373, 374, 375]	experiments/e149_final20_stoichiometry_v1/out_s1/ova_c4_iptm80_21c_c3/seed-2_sample-4/ova_c4_iptm80_21c_c3_seed-2_sample-4_summary_confidences.json	experiments/e149_final20_stoichiometry_v1/out_s1/ova_c4_iptm80_21c_c3/seed-2_sample-4/ova_c4_iptm80_21c_c3_seed-2_sample-4_model.cif
ova_c4_iptm80_21c_c3	seed-3_sample-0	3	0.18	0.43	87.1261656864937	nan	nan	0.23	0.0	3	3	1	0	146	146	0	0.14	0.14	20.25	"{""A-B"": 49, ""A-C"": 45, ""B-C"": 52}"	[94, 95, 96, 97, 99, 155, 156, 157, 184, 186, 187, 188, 191, 194, 210, 216, 217, 234, 236, 275, 276, 278, 285, 287, 334, 336, 337, 338, 339, 340, 341, 342, 343, 344, 345, 346, 347, 350, 354, 355, 356]	experiments/e149_final20_stoichiometry_v1/out_s1/ova_c4_iptm80_21c_c3/seed-3_sample-0/ova_c4_iptm80_21c_c3_seed-3_sample-0_summary_confidences.json	experiments/e149_final20_stoichiometry_v1/out_s1/ova_c4_iptm80_21c_c3/seed-3_sample-0/ova_c4_iptm80_21c_c3_seed-3_sample-0_model.cif
ova_c4_iptm80_21c_c3	seed-3_sample-1	3	0.16	0.42	87.52056984580243	nan	nan	0.21	0.0	3	3	1	0	72	72	0	0.12	0.12	21.96	"{""A-B"": 27, ""A-C"": 29, ""B-C"": 16}"	[94, 96, 97, 99, 155, 182, 184, 187, 188, 191, 192, 193, 195, 216, 217, 236, 278, 336, 337, 338, 339, 340, 341, 342, 343, 344, 345, 346, 347, 348, 349, 350, 351, 352, 353, 354]	experiments/e149_final20_stoichiometry_v1/out_s1/ova_c4_iptm80_21c_c3/seed-3_sample-1/ova_c4_iptm80_21c_c3_seed-3_sample-1_summary_confidences.json	experiments/e149_final20_stoichiometry_v1/out_s1/ova_c4_iptm80_21c_c3/seed-3_sample-1/ova_c4_iptm80_21c_c3_seed-3_sample-1_model.cif
ova_c4_iptm80_21c_c3	seed-3_sample-2	3	0.2	0.44	87.367668300095	nan	nan	0.25	0.0	3	3	1	0	125	125	0	0.17	0.17	21.36	"{""A-B"": 41, ""A-C"": 41, ""B-C"": 43}"	[93, 94, 95, 96, 97, 98, 99, 101, 149, 152, 153, 154, 155, 182, 183, 184, 190, 191, 192, 193, 194, 195, 196, 208, 210, 213, 236, 237, 342, 343, 344, 345, 348, 349, 352]	experiments/e149_final20_stoichiometry_v1/out_s1/ova_c4_iptm80_21c_c3/seed-3_sample-2/ova_c4_iptm80_21c_c3_seed-3_sample-2_summary_confidences.json	experiments/e149_final20_stoichiometry_v1/out_s1/ova_c4_iptm80_21c_c3/seed-3_sample-2/ova_c4_iptm80_21c_c3_seed-3_sample-2_model.cif
ova_c4_iptm80_21c_c3	seed-3_sample-3	3	0.2	0.45	87.4636269307507	nan	nan	0.25	0.0	3	3	1	0	104	104	0	0.15	0.15	20.79	"{""A-B"": 13, ""A-C"": 55, ""B-C"": 36}"	[82, 83, 86, 90, 93, 94, 95, 96, 97, 98, 99, 155, 182, 183, 184, 186, 188, 191, 192, 217, 234, 237, 238, 239, 271, 272, 275, 276, 278, 334, 336, 337, 338, 339, 340, 341, 342, 343, 344, 345, 346, 347, 349, 350, 372, 373, 374]	experiments/e149_final20_stoichiometry_v1/out_s1/ova_c4_iptm80_21c_c3/seed-3_sample-3/ova_c4_iptm80_21c_c3_seed-3_sample-3_summary_confidences.json	experiments/e149_final20_stoichiometry_v1/out_s1/ova_c4_iptm80_21c_c3/seed-3_sample-3/ova_c4_iptm80_21c_c3_seed-3_sample-3_model.cif
ova_c4_iptm80_21c_c3	seed-3_sample-4	3	0.15	0.42	87.14500000316244	nan	nan	0.2	0.0	3	3	1	0	53	53	0	0.12	0.12	23.95	"{""A-B"": 12, ""A-C"": 8, ""B-C"": 33}"	[94, 95, 96, 99, 101, 148, 151, 152, 155, 156, 157, 190, 192, 193, 194, 195, 196, 197, 198, 206, 208, 210, 345, 346, 349, 350, 352]	experiments/e149_final20_stoichiometry_v1/out_s1/ova_c4_iptm80_21c_c3/seed-3_sample-4/ova_c4_iptm80_21c_c3_seed-3_sample-4_summary_confidences.json	experiments/e149_final20_stoichiometry_v1/out_s1/ova_c4_iptm80_21c_c3/seed-3_sample-4/ova_c4_iptm80_21c_c3_seed-3_sample-4_model.cif
ova_c4_iptm80_21c_c5	seed-1_sample-0	5	0.44	0.54	87.30632123798904	nan	nan	0.46	0.0	8	5	1	0	237	237	0	0.1	0.425	13.275	"{""A-B"": 29, ""A-C"": 60, ""A-D"": 10, ""A-E"": 27, ""B-C"": 9, ""B-D"": 62, ""B-E"": 9, ""C-D"": 29, ""C-E"": 2, ""D-E"": 0}"	[86, 87, 90, 95, 96, 97, 98, 99, 155, 156, 157, 159, 182, 184, 188, 190, 191, 192, 193, 196, 204, 205, 206, 207, 208, 209, 210, 216, 217, 236, 248, 249, 250, 271, 272, 276, 277, 278, 280, 282, 284, 285, 286, 287, 289, 337, 338, 339, 340, 341, 342, 343, 344, 345, 346, 347, 348, 349, 350, 351, 352, 353, 354, 356, 358, 360, 373, 374, 385, 386]	experiments/e149_final20_stoichiometry_v1/out_s6/ova_c4_iptm80_21c_c5/seed-1_sample-0/ova_c4_iptm80_21c_c5_seed-1_sample-0_summary_confidences.json	experiments/e149_final20_stoichiometry_v1/out_s6/ova_c4_iptm80_21c_c5/seed-1_sample-0/ova_c4_iptm80_21c_c5_seed-1_sample-0_model.cif
ova_c4_iptm80_21c_c5	seed-1_sample-1	5	0.47	0.56	87.1783677827509	nan	nan	0.49	0.0	8	5	1	0	233	233	0	0.11	0.455	12.01	"{""A-B"": 28, ""A-C"": 63, ""A-D"": 9, ""A-E"": 0, ""B-C"": 11, ""B-D"": 63, ""B-E"": 1, ""C-D"": 27, ""C-E"": 14, ""D-E"": 17}"	[83, 86, 87, 90, 95, 96, 97, 98, 99, 182, 184, 187, 188, 190, 191, 192, 193, 216, 217, 222, 236, 237, 271, 272, 275, 276, 277, 278, 337, 338, 339, 340, 341, 342, 343, 344, 345, 346, 347, 348, 349, 350, 351, 352, 353, 354, 355, 356, 357, 373, 374]	experiments/e149_final20_stoichiometry_v1/out_s6/ova_c4_iptm80_21c_c5/seed-1_sample-1/ova_c4_iptm80_21c_c5_seed-1_sample-1_summary_confidences.json	experiments/e149_final20_stoichiometry_v1/out_s6/ova_c4_iptm80_21c_c5/seed-1_sample-1/ova_c4_iptm80_21c_c5_seed-1_sample-1_model.cif
ova_c4_iptm80_21c_c5	seed-1_sample-2	5	0.46	0.55	87.42479261091954	nan	nan	0.47	0.0	8	5	1	0	231	231	0	0.11	0.44	12.55	"{""A-B"": 24, ""A-C"": 61, ""A-D"": 8, ""A-E"": 4, ""B-C"": 8, ""B-D"": 60, ""B-E"": 1, ""C-D"": 24, ""C-E"": 26, ""D-E"": 15}"	[86, 90, 95, 96, 97, 98, 99, 182, 183, 184, 188, 190, 191, 192, 193, 194, 210, 216, 217, 236, 271, 272, 276, 277, 278, 280, 285, 287, 334, 336, 337, 338, 339, 340, 341, 342, 343, 344, 345, 346, 347, 348, 349, 350, 351, 352, 353, 354, 355, 356, 357, 358, 373, 374]	experiments/e149_final20_stoichiometry_v1/out_s6/ova_c4_iptm80_21c_c5/seed-1_sample-2/ova_c4_iptm80_21c_c5_seed-1_sample-2_summary_confidences.json	experiments/e149_final20_stoichiometry_v1/out_s6/ova_c4_iptm80_21c_c5/seed-1_sample-2/ova_c4_iptm80_21c_c5_seed-1_sample-2_model.cif
ova_c4_iptm80_21c_c5	seed-1_sample-3	5	0.45	0.54	86.52611388567198	nan	nan	0.47	0.0	10	5	1	0	270	270	0	0.12	0.4	13.575	"{""A-B"": 28, ""A-C"": 65, ""A-D"": 15, ""A-E"": 6, ""B-C"": 15, ""B-D"": 65, ""B-E"": 5, ""C-D"": 28, ""C-E"": 15, ""D-E"": 28}"	[1, 71, 72, 73, 82, 83, 86, 89, 90, 94, 95, 96, 97, 98, 99, 120, 123, 124, 138, 141, 145, 182, 183, 184, 188, 190, 191, 192, 193, 194, 216, 217, 236, 237, 266, 270, 271, 272, 275, 276, 277, 278, 280, 285, 334, 336, 337, 338, 339, 340, 341, 342, 343, 344, 345, 346, 347, 348, 349, 350, 351, 352, 353, 354, 355, 356, 357, 358, 373, 374]	experiments/e149_final20_stoichiometry_v1/out_s6/ova_c4_iptm80_21c_c5/seed-1_sample-3/ova_c4_iptm80_21c_c5_seed-1_sample-3_summary_confidences.json	experiments/e149_final20_stoichiometry_v1/out_s6/ova_c4_iptm80_21c_c5/seed-1_sample-3/ova_c4_iptm80_21c_c5_seed-1_sample-3_model.cif
ova_c4_iptm80_21c_c5	seed-1_sample-4	5	0.38	0.5	87.31142502621665	nan	nan	0.41	0.0	8	5	1	0	267	267	0	0.11	0.345	15.265	"{""A-B"": 53, ""A-C"": 54, ""A-D"": 8, ""A-E"": 14, ""B-C"": 8, ""B-D"": 53, ""B-E"": 27, ""C-D"": 48, ""C-E"": 2, ""D-E"": 0}"	[86, 90, 94, 95, 96, 97, 98, 99, 148, 155, 157, 159, 182, 184, 187, 188, 190, 191, 192, 193, 215, 216, 217, 222, 224, 236, 271, 272, 276, 277, 278, 280, 334, 336, 337, 338, 339, 340, 341, 342, 343, 344, 345, 346, 347, 348, 349, 350, 351, 352, 353, 354, 355, 356, 357, 373, 374]	experiments/e149_final20_stoichiometry_v1/out_s6/ova_c4_iptm80_21c_c5/seed-1_sample-4/ova_c4_iptm80_21c_c5_seed-1_sample-4_summary_confidences.json	experiments/e149_final20_stoichiometry_v1/out_s6/ova_c4_iptm80_21c_c5/seed-1_sample-4/ova_c4_iptm80_21c_c5_seed-1_sample-4_model.cif
ova_c4_iptm80_21c_c5	seed-2_sample-0	5	0.51	0.6	87.74927450585241	nan	nan	0.53	0.0	7	5	1	0	212	212	0	0.1	0.51	9.77	"{""A-B"": 62, ""A-C"": 10, ""A-D"": 27, ""A-E"": 0, ""B-C"": 28, ""B-D"": 10, ""B-E"": 2, ""C-D"": 63, ""C-E"": 0, ""D-E"": 10}"	[1, 2, 48, 49, 52, 56, 61, 66, 67, 69, 86, 90, 95, 96, 97, 98, 99, 182, 184, 188, 190, 191, 192, 193, 216, 217, 236, 237, 271, 272, 276, 278, 337, 338, 339, 340, 341, 342, 343, 344, 345, 346, 347, 348, 349, 350, 351, 354, 373, 374]	experiments/e149_final20_stoichiometry_v1/out_s6/ova_c4_iptm80_21c_c5/seed-2_sample-0/ova_c4_iptm80_21c_c5_seed-2_sample-0_summary_confidences.json	experiments/e149_final20_stoichiometry_v1/out_s6/ova_c4_iptm80_21c_c5/seed-2_sample-0/ova_c4_iptm80_21c_c5_seed-2_sample-0_model.cif
ova_c4_iptm80_21c_c5	seed-2_sample-1	5	0.39	0.5	87.41772017207171	nan	nan	0.42	0.0	8	5	1	0	249	249	0	0.1	0.345	15.335	"{""A-B"": 52, ""A-C"": 8, ""A-D"": 43, ""A-E"": 13, ""B-C"": 43, ""B-D"": 8, ""B-E"": 30, ""C-D"": 51, ""C-E"": 1, ""D-E"": 0}"	[86, 90, 93, 94, 95, 96, 97, 99, 182, 184, 187, 190, 191, 192, 193, 194, 195, 213, 216, 217, 236, 271, 272, 276, 277, 278, 338, 339, 340, 341, 342, 343, 344, 345, 346, 347, 348, 349, 350, 351, 352, 353, 354, 356, 373, 374]	experiments/e149_final20_stoichiometry_v1/out_s6/ova_c4_iptm80_21c_c5/seed-2_sample-1/ova_c4_iptm80_21c_c5_seed-2_sample-1_summary_confidences.json	experiments/e149_final20_stoichiometry_v1/out_s6/ova_c4_iptm80_21c_c5/seed-2_sample-1/ova_c4_iptm80_21c_c5_seed-2_sample-1_model.cif
ova_c4_iptm80_21c_c5	seed-2_sample-2	5	0.47	0.56	87.87349739470012	nan	nan	0.48	0.0	8	5	1	0	232	232	0	0.11	0.45499999999999996	12.305	"{""A-B"": 61, ""A-C"": 9, ""A-D"": 20, ""A-E"": 12, ""B-C"": 30, ""B-D"": 9, ""B-E"": 0, ""C-D"": 63, ""C-E"": 0, ""D-E"": 28}"	[86, 87, 90, 95, 96, 97, 98, 99, 182, 184, 188, 190, 191, 192, 193, 216, 217, 236, 271, 272, 276, 277, 278, 279, 280, 337, 338, 339, 340, 341, 342, 343, 344, 345, 346, 347, 348, 349, 350, 351, 352, 353, 354, 355, 356, 357, 358, 373, 374]	experiments/e149_final20_stoichiometry_v1/out_s6/ova_c4_iptm80_21c_c5/seed-2_sample-2/ova_c4_iptm80_21c_c5_seed-2_sample-2_summary_confidences.json	experiments/e149_final20_stoichiometry_v1/out_s6/ova_c4_iptm80_21c_c5/seed-2_sample-2/ova_c4_iptm80_21c_c5_seed-2_sample-2_model.cif
ova_c4_iptm80_21c_c5	seed-2_sample-3	5	0.45	0.55	87.64958551634162	nan	nan	0.47	0.0	8	5	1	0	248	248	0	0.11	0.43	12.98	"{""A-B"": 68, ""A-C"": 10, ""A-D"": 24, ""A-E"": 20, ""B-C"": 28, ""B-D"": 10, ""B-E"": 2, ""C-D"": 65, ""C-E"": 0, ""D-E"": 21}"	[86, 87, 90, 95, 96, 97, 98, 99, 182, 184, 186, 188, 190, 191, 192, 193, 216, 217, 234, 236, 237, 238, 239, 271, 272, 276, 277, 278, 337, 338, 339, 340, 341, 342, 343, 344, 345, 346, 347, 348, 349, 350, 351, 353, 354, 355, 356, 373, 374]	experiments/e149_final20_stoichiometry_v1/out_s6/ova_c4_iptm80_21c_c5/seed-2_sample-3/ova_c4_iptm80_21c_c5_seed-2_sample-3_summary_confidences.json	experiments/e149_final20_stoichiometry_v1/out_s6/ova_c4_iptm80_21c_c5/seed-2_sample-3/ova_c4_iptm80_21c_c5_seed-2_sample-3_model.cif
ova_c4_iptm80_21c_c5	seed-2_sample-4	5	0.45	0.55	87.46360099871542	nan	nan	0.47	0.0	8	5	1	0	229	229	0	0.11	0.43	13.3	"{""A-B"": 69, ""A-C"": 8, ""A-D"": 22, ""A-E"": 12, ""B-C"": 27, ""B-D"": 8, ""B-E"": 0, ""C-D"": 65, ""C-E"": 0, ""D-E"": 18}"	[86, 90, 95, 96, 97, 98, 99, 182, 184, 186, 187, 188, 190, 191, 192, 193, 216, 217, 224, 234, 236, 237, 271, 272, 276, 277, 278, 337, 338, 339, 340, 341, 342, 343, 344, 345, 346, 347, 348, 349, 350, 351, 352, 353, 354, 355, 356, 357, 373, 374]	experiments/e149_final20_stoichiometry_v1/out_s6/ova_c4_iptm80_21c_c5/seed-2_sample-4/ova_c4_iptm80_21c_c5_seed-2_sample-4_summary_confidences.json	experiments/e149_final20_stoichiometry_v1/out_s6/ova_c4_iptm80_21c_c5/seed-2_sample-4/ova_c4_iptm80_21c_c5_seed-2_sample-4_model.cif
ova_c4_iptm80_21c_c5	seed-3_sample-0	5	0.45	0.55	87.17696897477066	nan	nan	0.47	0.0	9	5	1	0	222	222	0	0.12	0.39	13.04	"{""A-B"": 20, ""A-C"": 64, ""A-D"": 9, ""A-E"": 0, ""B-C"": 10, ""B-D"": 62, ""B-E"": 5, ""C-D"": 20, ""C-E"": 7, ""D-E"": 25}"	[83, 86, 90, 94, 95, 96, 97, 98, 99, 152, 153, 182, 183, 184, 188, 190, 191, 192, 193, 195, 197, 213, 216, 217, 236, 271, 272, 278, 336, 337, 338, 339, 340, 341, 342, 343, 344, 345, 346, 347, 348, 349, 350, 352, 353, 354, 355, 356, 373, 374]	experiments/e149_final20_stoichiometry_v1/out_s6/ova_c4_iptm80_21c_c5/seed-3_sample-0/ova_c4_iptm80_21c_c5_seed-3_sample-0_summary_confidences.json	experiments/e149_final20_stoichiometry_v1/out_s6/ova_c4_iptm80_21c_c5/seed-3_sample-0/ova_c4_iptm80_21c_c5_seed-3_sample-0_model.cif
ova_c4_iptm80_21c_c5	seed-3_sample-1	5	0.45	0.55	87.3216062852138	nan	nan	0.47	0.0	7	5	1	0	217	217	0	0.12	0.44	12.26	"{""A-B"": 15, ""A-C"": 58, ""A-D"": 14, ""A-E"": 4, ""B-C"": 12, ""B-D"": 63, ""B-E"": 30, ""C-D"": 19, ""C-E"": 0, ""D-E"": 2}"	[1, 86, 90, 94, 95, 96, 97, 98, 99, 151, 156, 182, 184, 188, 190, 191, 192, 193, 203, 216, 217, 236, 266, 270, 271, 272, 276, 278, 337, 338, 339, 340, 341, 342, 344, 345, 346, 347, 348, 349, 350, 352, 353, 354, 356, 373, 374]	experiments/e149_final20_stoichiometry_v1/out_s6/ova_c4_iptm80_21c_c5/seed-3_sample-1/ova_c4_iptm80_21c_c5_seed-3_sample-1_summary_confidences.json	experiments/e149_final20_stoichiometry_v1/out_s6/ova_c4_iptm80_21c_c5/seed-3_sample-1/ova_c4_iptm80_21c_c5_seed-3_sample-1_model.cif
ova_c4_iptm80_21c_c5	seed-3_sample-2	5	0.45	0.55	87.14588091163438	nan	nan	0.47	0.0	8	5	1	0	211	211	0	0.11	0.425	12.82	"{""A-B"": 16, ""A-C"": 49, ""A-D"": 11, ""A-E"": 23, ""B-C"": 10, ""B-D"": 49, ""B-E"": 0, ""C-D"": 18, ""C-E"": 35, ""D-E"": 0}"	[83, 86, 87, 90, 94, 95, 96, 97, 98, 99, 101, 123, 127, 128, 137, 138, 141, 144, 147, 148, 149, 151, 152, 153, 155, 156, 159, 182, 184, 188, 190, 191, 192, 193, 195, 196, 200, 203, 208, 216, 217, 236, 238, 271, 272, 278, 337, 338, 339, 340, 341, 342, 343, 344, 345, 346, 347, 348, 349, 350, 351, 352, 353, 354, 355, 373, 374]	experiments/e149_final20_stoichiometry_v1/out_s6/ova_c4_iptm80_21c_c5/seed-3_sample-2/ova_c4_iptm80_21c_c5_seed-3_sample-2_summary_confidences.json	experiments/e149_final20_stoichiometry_v1/out_s6/ova_c4_iptm80_21c_c5/seed-3_sample-2/ova_c4_iptm80_21c_c5_seed-3_sample-2_model.cif
ova_c4_iptm80_21c_c5	seed-3_sample-3	5	0.46	0.55	87.2375129838064	nan	nan	0.48	0.0	8	5	1	0	223	223	0	0.11	0.44	12.33	"{""A-B"": 19, ""A-C"": 61, ""A-D"": 10, ""A-E"": 0, ""B-C"": 10, ""B-D"": 58, ""B-E"": 0, ""C-D"": 18, ""C-E"": 27, ""D-E"": 20}"	[86, 90, 94, 95, 96, 97, 98, 99, 148, 149, 151, 152, 153, 155, 156, 182, 184, 188, 190, 191, 192, 193, 217, 222, 224, 227, 236, 237, 248, 249, 271, 272, 276, 278, 336, 337, 338, 339, 340, 341, 342, 343, 344, 345, 346, 347, 348, 349, 350, 352, 353, 354, 355, 356, 357, 373, 374]	experiments/e149_final20_stoichiometry_v1/out_s6/ova_c4_iptm80_21c_c5/seed-3_sample-3/ova_c4_iptm80_21c_c5_seed-3_sample-3_summary_confidences.json	experiments/e149_final20_stoichiometry_v1/out_s6/ova_c4_iptm80_21c_c5/seed-3_sample-3/ova_c4_iptm80_21c_c5_seed-3_sample-3_model.cif
ova_c4_iptm80_21c_c5	seed-3_sample-4	5	0.44	0.54	86.99497430435734	nan	nan	0.46	0.0	9	5	1	0	208	208	0	0.11	0.4	12.8	"{""A-B"": 15, ""A-C"": 63, ""A-D"": 8, ""A-E"": 15, ""B-C"": 9, ""B-D"": 59, ""B-E"": 7, ""C-D"": 16, ""C-E"": 16, ""D-E"": 0}"	[82, 86, 90, 94, 95, 96, 97, 98, 99, 123, 128, 129, 131, 145, 148, 149, 152, 182, 184, 188, 190, 191, 192, 193, 217, 219, 234, 236, 237, 238, 239, 241, 270, 271, 272, 276, 277, 278, 337, 338, 339, 340, 341, 342, 344, 345, 346, 347, 348, 349, 350, 351, 353, 354, 355, 356, 357, 358, 372, 373, 374]	experiments/e149_final20_stoichiometry_v1/out_s6/ova_c4_iptm80_21c_c5/seed-3_sample-4/ova_c4_iptm80_21c_c5_seed-3_sample-4_summary_confidences.json	experiments/e149_final20_stoichiometry_v1/out_s6/ova_c4_iptm80_21c_c5/seed-3_sample-4/ova_c4_iptm80_21c_c5_seed-3_sample-4_model.cif
ova_c4_iptm80_21c_c6	seed-1_sample-0	6	0.28	0.39	84.59373062015197	nan	nan	0.31	0.0	12	6	1	0	525	525	0	0.29	0.16	23.125	"{""A-B"": 119, ""A-C"": 10, ""A-D"": 36, ""A-E"": 9, ""A-F"": 0, ""B-C"": 0, ""B-D"": 9, ""B-E"": 41, ""B-F"": 9, ""C-D"": 119, ""C-E"": 9, ""C-F"": 35, ""D-E"": 0, ""D-F"": 11, ""E-F"": 118}"	[1, 2, 3, 4, 64, 65, 68, 70, 72, 73, 74, 77, 78, 79, 82, 83, 86, 89, 90, 95, 116, 117, 120, 121, 124, 125, 134, 138, 141, 144, 145, 147, 148, 151, 155, 156, 157, 159, 160, 186, 187, 191, 192, 196, 207, 208, 210, 216, 217, 234, 237, 238, 239, 241, 266, 270, 271, 275, 276, 277, 278, 287, 289, 341, 342, 344, 345, 346, 347, 348, 349, 350, 351, 354, 355, 372, 373, 375]	experiments/e149_final20_stoichiometry_v1/out_s2/ova_c4_iptm80_21c_c6/seed-1_sample-0/ova_c4_iptm80_21c_c6_seed-1_sample-0_summary_confidences.json	experiments/e149_final20_stoichiometry_v1/out_s2/ova_c4_iptm80_21c_c6/seed-1_sample-0/ova_c4_iptm80_21c_c6_seed-1_sample-0_model.cif
ova_c4_iptm80_21c_c6	seed-1_sample-1	6	0.28	0.39	84.60696888464102	nan	nan	0.3	0.0	12	6	1	0	504	504	0	0.3	0.15500000000000003	23.299999999999997	"{""A-B"": 125, ""A-C"": 8, ""A-D"": 29, ""A-E"": 8, ""A-F"": 0, ""B-C"": 0, ""B-D"": 10, ""B-E"": 25, ""B-F"": 9, ""C-D"": 122, ""C-E"": 8, ""C-F"": 29, ""D-E"": 0, ""D-F"": 9, ""E-F"": 122}"	[1, 2, 3, 4, 64, 65, 68, 70, 72, 73, 74, 78, 79, 81, 82, 83, 86, 89, 90, 116, 117, 120, 124, 125, 138, 141, 144, 145, 148, 151, 155, 156, 157, 159, 186, 191, 192, 196, 208, 210, 217, 234, 237, 238, 239, 241, 266, 271, 275, 276, 277, 278, 287, 289, 334, 341, 342, 344, 345, 346, 347, 348, 349, 350, 351, 354, 355, 372, 373, 375]	experiments/e149_final20_stoichiometry_v1/out_s2/ova_c4_iptm80_21c_c6/seed-1_sample-1/ova_c4_iptm80_21c_c6_seed-1_sample-1_summary_confidences.json	experiments/e149_final20_stoichiometry_v1/out_s2/ova_c4_iptm80_21c_c6/seed-1_sample-1/ova_c4_iptm80_21c_c6_seed-1_sample-1_model.cif
ova_c4_iptm80_21c_c6	seed-1_sample-2	6	0.25	0.37	84.91233145758278	nan	nan	0.27	0.0	12	6	1	0	618	618	0	0.28	0.12	25.784999999999997	"{""A-B"": 122, ""A-C"": 0, ""A-D"": 35, ""A-E"": 12, ""A-F"": 38, ""B-C"": 35, ""B-D"": 12, ""B-E"": 35, ""B-F"": 0, ""C-D"": 120, ""C-E"": 38, ""C-F"": 13, ""D-E"": 0, ""D-F"": 40, ""E-F"": 118}"	[1, 2, 3, 4, 64, 65, 68, 69, 70, 72, 73, 74, 78, 79, 81, 82, 83, 86, 89, 90, 107, 110, 113, 114, 116, 117, 119, 120, 122, 123, 124, 125, 131, 132, 133, 134, 137, 138, 141, 142, 145, 146, 149, 186, 190, 191, 192, 193, 194, 195, 196, 217, 234, 237, 238, 239, 241, 266, 271, 275, 276, 277, 278, 341, 344, 345, 346, 347, 348, 349, 350, 351, 353, 354, 355, 372, 373, 375]	experiments/e149_final20_stoichiometry_v1/out_s2/ova_c4_iptm80_21c_c6/seed-1_sample-2/ova_c4_iptm80_21c_c6_seed-1_sample-2_summary_confidences.json	experiments/e149_final20_stoichiometry_v1/out_s2/ova_c4_iptm80_21c_c6/seed-1_sample-2/ova_c4_iptm80_21c_c6_seed-1_sample-2_model.cif
ova_c4_iptm80_21c_c6	seed-1_sample-3	6	0.24	0.36	84.54215034919699	nan	nan	0.26	0.0	12	6	1	0	520	520	0	0.26	0.11	26.605	"{""A-B"": 120, ""A-C"": 0, ""A-D"": 23, ""A-E"": 23, ""A-F"": 11, ""B-C"": 21, ""B-D"": 11, ""B-E"": 0, ""B-F"": 24, ""C-D"": 118, ""C-E"": 11, ""C-F"": 20, ""D-E"": 17, ""D-F"": 0, ""E-F"": 121}"	[1, 2, 3, 64, 65, 68, 69, 70, 72, 73, 74, 78, 79, 82, 83, 86, 89, 90, 93, 94, 95, 96, 97, 110, 113, 114, 116, 117, 119, 120, 121, 124, 125, 131, 132, 133, 134, 137, 138, 141, 142, 145, 186, 187, 191, 192, 193, 194, 195, 196, 216, 217, 234, 236, 237, 238, 239, 241, 275, 276, 277, 278, 340, 341, 344, 345, 346, 347, 348, 349, 350, 351, 354, 372, 373]	experiments/e149_final20_stoichiometry_v1/out_s2/ova_c4_iptm80_21c_c6/seed-1_sample-3/ova_c4_iptm80_21c_c6_seed-1_sample-3_summary_confidences.json	experiments/e149_final20_stoichiometry_v1/out_s2/ova_c4_iptm80_21c_c6/seed-1_sample-3/ova_c4_iptm80_21c_c6_seed-1_sample-3_model.cif
ova_c4_iptm80_21c_c6	seed-1_sample-4	6	0.29	0.4	84.7375389158417	nan	nan	0.31	0.0	12	6	1	0	553	553	0	0.31	0.16999999999999998	22.855	"{""A-B"": 132, ""A-C"": 10, ""A-D"": 31, ""A-E"": 10, ""A-F"": 0, ""B-C"": 0, ""B-D"": 9, ""B-E"": 33, ""B-F"": 10, ""C-D"": 132, ""C-E"": 10, ""C-F"": 33, ""D-E"": 0, ""D-F"": 10, ""E-F"": 133}"	[1, 2, 3, 4, 6, 64, 65, 68, 69, 70, 72, 73, 74, 78, 79, 81, 82, 83, 86, 89, 90, 116, 117, 120, 124, 125, 138, 141, 144, 145, 148, 151, 155, 156, 157, 159, 160, 186, 191, 192, 194, 196, 208, 210, 216, 217, 234, 237, 238, 239, 241, 266, 270, 271, 272, 275, 276, 277, 278, 287, 334, 341, 342, 344, 345, 346, 347, 348, 349, 350, 351, 354, 355, 372, 373, 375]	experiments/e149_final20_stoichiometry_v1/out_s2/ova_c4_iptm80_21c_c6/seed-1_sample-4/ova_c4_iptm80_21c_c6_seed-1_sample-4_summary_confidences.json	experiments/e149_final20_stoichiometry_v1/out_s2/ova_c4_iptm80_21c_c6/seed-1_sample-4/ova_c4_iptm80_21c_c6_seed-1_sample-4_model.cif
ova_c4_iptm80_21c_c6	seed-2_sample-0	6	0.28	0.39	84.31826430404742	nan	nan	0.3	0.0	12	6	1	0	588	588	0	0.32	0.15000000000000002	23.58	"{""A-B"": 32, ""A-C"": 11, ""A-D"": 0, ""A-E"": 12, ""A-F"": 146, ""B-C"": 146, ""B-D"": 9, ""B-E"": 0, ""B-F"": 9, ""C-D"": 29, ""C-E"": 7, ""C-F"": 0, ""D-E"": 147, ""D-F"": 8, ""E-F"": 32}"	[1, 2, 3, 4, 64, 65, 68, 69, 70, 71, 72, 73, 74, 78, 79, 81, 82, 83, 86, 89, 90, 116, 117, 119, 120, 123, 124, 125, 138, 140, 141, 144, 145, 148, 151, 155, 156, 157, 159, 160, 186, 187, 191, 192, 194, 196, 208, 209, 210, 216, 217, 219, 234, 237, 238, 239, 241, 266, 270, 271, 275, 276, 277, 278, 287, 289, 334, 341, 342, 344, 345, 346, 347, 348, 349, 350, 351, 354, 355, 372, 373, 375]	experiments/e149_final20_stoichiometry_v1/out_s2/ova_c4_iptm80_21c_c6/seed-2_sample-0/ova_c4_iptm80_21c_c6_seed-2_sample-0_summary_confidences.json	experiments/e149_final20_stoichiometry_v1/out_s2/ova_c4_iptm80_21c_c6/seed-2_sample-0/ova_c4_iptm80_21c_c6_seed-2_sample-0_model.cif
ova_c4_iptm80_21c_c6	seed-2_sample-1	6	0.28	0.39	84.36487060507345	nan	nan	0.3	0.0	12	6	1	0	511	511	0	0.32	0.15500000000000003	22.98	"{""A-B"": 28, ""A-C"": 8, ""A-D"": 0, ""A-E"": 8, ""A-F"": 129, ""B-C"": 124, ""B-D"": 8, ""B-E"": 0, ""B-F"": 7, ""C-D"": 27, ""C-E"": 7, ""C-F"": 0, ""D-E"": 129, ""D-F"": 8, ""E-F"": 28}"	[1, 2, 3, 4, 6, 64, 65, 68, 69, 70, 71, 72, 73, 74, 78, 79, 81, 82, 83, 85, 86, 90, 116, 119, 120, 123, 124, 125, 140, 141, 144, 148, 155, 156, 157, 186, 191, 192, 194, 195, 196, 208, 210, 216, 217, 219, 234, 237, 238, 239, 241, 266, 270, 271, 275, 276, 277, 278, 285, 287, 336, 343, 345, 346, 347, 349, 350, 351, 354, 355, 372, 373, 375]	experiments/e149_final20_stoichiometry_v1/out_s2/ova_c4_iptm80_21c_c6/seed-2_sample-1/ova_c4_iptm80_21c_c6_seed-2_sample-1_summary_confidences.json	experiments/e149_final20_stoichiometry_v1/out_s2/ova_c4_iptm80_21c_c6/seed-2_sample-1/ova_c4_iptm80_21c_c6_seed-2_sample-1_model.cif
ova_c4_iptm80_21c_c6	seed-2_sample-2	6	0.29	0.4	84.52624348655266	nan	nan	0.31	0.0	12	6	1	0	545	545	0	0.33	0.16	22.625	"{""A-B"": 38, ""A-C"": 11, ""A-D"": 0, ""A-E"": 15, ""A-F"": 114, ""B-C"": 119, ""B-D"": 12, ""B-E"": 0, ""B-F"": 14, ""C-D"": 37, ""C-E"": 13, ""C-F"": 0, ""D-E"": 121, ""D-F"": 14, ""E-F"": 37}"	[1, 2, 3, 4, 64, 65, 68, 69, 70, 71, 72, 73, 74, 78, 79, 81, 82, 83, 85, 86, 90, 113, 114, 116, 117, 119, 120, 123, 124, 125, 138, 140, 141, 143, 144, 147, 148, 155, 156, 157, 159, 186, 191, 192, 194, 195, 196, 208, 210, 217, 219, 234, 237, 238, 239, 241, 266, 270, 271, 275, 276, 277, 278, 285, 287, 334, 336, 343, 344, 346, 347, 349, 350, 351, 354, 372, 373, 375]	experiments/e149_final20_stoichiometry_v1/out_s2/ova_c4_iptm80_21c_c6/seed-2_sample-2/ova_c4_iptm80_21c_c6_seed-2_sample-2_summary_confidences.json	experiments/e149_final20_stoichiometry_v1/out_s2/ova_c4_iptm80_21c_c6/seed-2_sample-2/ova_c4_iptm80_21c_c6_seed-2_sample-2_model.cif
ova_c4_iptm80_21c_c6	seed-2_sample-3	6	0.25	0.36	84.89647671595756	nan	nan	0.27	0.0	12	6	1	0	551	551	0	0.3	0.11	27.134999999999998	"{""A-B"": 27, ""A-C"": 0, ""A-D"": 26, ""A-E"": 8, ""A-F"": 125, ""B-C"": 129, ""B-D"": 25, ""B-E"": 0, ""B-F"": 7, ""C-D"": 8, ""C-E"": 26, ""C-F"": 23, ""D-E"": 124, ""D-F"": 0, ""E-F"": 23}"	[1, 2, 3, 4, 64, 65, 69, 70, 72, 73, 74, 78, 79, 82, 83, 86, 89, 90, 95, 107, 110, 113, 116, 117, 119, 120, 121, 123, 124, 125, 131, 132, 133, 134, 137, 138, 141, 142, 145, 149, 186, 187, 191, 192, 193, 194, 195, 196, 216, 217, 234, 237, 238, 239, 241, 266, 271, 275, 276, 277, 278, 341, 344, 345, 346, 347, 348, 349, 350, 351, 354, 355, 372, 373, 375]	experiments/e149_final20_stoichiometry_v1/out_s2/ova_c4_iptm80_21c_c6/seed-2_sample-3/ova_c4_iptm80_21c_c6_seed-2_sample-3_summary_confidences.json	experiments/e149_final20_stoichiometry_v1/out_s2/ova_c4_iptm80_21c_c6/seed-2_sample-3/ova_c4_iptm80_21c_c6_seed-2_sample-3_model.cif
ova_c4_iptm80_21c_c6	seed-2_sample-4	6	0.27	0.39	84.3328756124862	nan	nan	0.3	0.0	12	6	1	0	554	554	0	0.31	0.15000000000000002	23.515	"{""A-B"": 29, ""A-C"": 11, ""A-D"": 0, ""A-E"": 9, ""A-F"": 133, ""B-C"": 135, ""B-D"": 12, ""B-E"": 0, ""B-F"": 10, ""C-D"": 29, ""C-E"": 6, ""C-F"": 0, ""D-E"": 139, ""D-F"": 10, ""E-F"": 31}"	[1, 2, 3, 4, 64, 65, 68, 69, 70, 71, 72, 73, 74, 78, 79, 81, 82, 83, 85, 86, 89, 90, 95, 113, 114, 116, 119, 120, 123, 124, 125, 138, 140, 141, 143, 144, 147, 148, 156, 157, 159, 186, 187, 191, 192, 194, 195, 196, 208, 209, 210, 216, 217, 234, 237, 238, 239, 241, 266, 271, 275, 276, 277, 278, 287, 334, 340, 341, 343, 344, 345, 346, 347, 349, 350, 351, 354, 372, 373, 375]	experiments/e149_final20_stoichiometry_v1/out_s2/ova_c4_iptm80_21c_c6/seed-2_sample-4/ova_c4_iptm80_21c_c6_seed-2_sample-4_summary_confidences.json	experiments/e149_final20_stoichiometry_v1/out_s2/ova_c4_iptm80_21c_c6/seed-2_sample-4/ova_c4_iptm80_21c_c6_seed-2_sample-4_model.cif
ova_c4_iptm80_21c_c6	seed-3_sample-0	6	0.35	0.45	87.04126957908196	nan	nan	0.37	0.0	6	6	1	0	231	231	0	0.36	0.345	12.43	"{""A-B"": 65, ""A-C"": 0, ""A-D"": 13, ""A-E"": 0, ""A-F"": 0, ""B-C"": 0, ""B-D"": 0, ""B-E"": 16, ""B-F"": 0, ""C-D"": 61, ""C-E"": 0, ""C-F"": 16, ""D-E"": 0, ""D-F"": 0, ""E-F"": 60}"	[1, 6, 64, 86, 87, 90, 94, 95, 96, 97, 98, 99, 151, 152, 155, 156, 182, 183, 184, 190, 191, 192, 193, 194, 195, 196, 208, 210, 263, 266, 267, 271, 272, 336, 337, 338, 340, 342, 345, 373, 374]	experiments/e149_final20_stoichiometry_v1/out_s2/ova_c4_iptm80_21c_c6/seed-3_sample-0/ova_c4_iptm80_21c_c6_seed-3_sample-0_summary_confidences.json	experiments/e149_final20_stoichiometry_v1/out_s2/ova_c4_iptm80_21c_c6/seed-3_sample-0/ova_c4_iptm80_21c_c6_seed-3_sample-0_model.cif
ova_c4_iptm80_21c_c6	seed-3_sample-1	6	0.31	0.42	86.48101023935901	nan	nan	0.34	0.0	6	6	1	0	240	240	0	0.31	0.31	12.735	"{""A-B"": 55, ""A-C"": 0, ""A-D"": 23, ""A-E"": 0, ""A-F"": 0, ""B-C"": 0, ""B-D"": 0, ""B-E"": 25, ""B-F"": 0, ""C-D"": 55, ""C-E"": 0, ""C-F"": 24, ""D-E"": 0, ""D-F"": 0, ""E-F"": 58}"	[1, 64, 82, 83, 86, 87, 90, 94, 95, 96, 97, 98, 99, 155, 156, 157, 182, 183, 184, 188, 190, 191, 192, 194, 195, 196, 208, 263, 266, 267, 270, 271, 272, 337, 338, 340, 342, 343, 344, 345, 348, 373, 374]	experiments/e149_final20_stoichiometry_v1/out_s2/ova_c4_iptm80_21c_c6/seed-3_sample-1/ova_c4_iptm80_21c_c6_seed-3_sample-1_summary_confidences.json	experiments/e149_final20_stoichiometry_v1/out_s2/ova_c4_iptm80_21c_c6/seed-3_sample-1/ova_c4_iptm80_21c_c6_seed-3_sample-1_model.cif
ova_c4_iptm80_21c_c6	seed-3_sample-2	6	0.32	0.42	86.79494821222335	nan	nan	0.34	0.0	6	6	1	0	234	234	0	0.31	0.31	12.94	"{""A-B"": 52, ""A-C"": 0, ""A-D"": 27, ""A-E"": 0, ""A-F"": 0, ""B-C"": 0, ""B-D"": 0, ""B-E"": 25, ""B-F"": 0, ""C-D"": 51, ""C-E"": 0, ""C-F"": 28, ""D-E"": 0, ""D-F"": 0, ""E-F"": 51}"	[1, 6, 64, 65, 79, 82, 83, 86, 87, 90, 94, 95, 96, 97, 98, 99, 155, 156, 182, 183, 184, 188, 190, 191, 192, 193, 195, 196, 208, 262, 263, 266, 267, 270, 271, 272, 337, 338, 340, 342, 344, 345, 373, 374]	experiments/e149_final20_stoichiometry_v1/out_s2/ova_c4_iptm80_21c_c6/seed-3_sample-2/ova_c4_iptm80_21c_c6_seed-3_sample-2_summary_confidences.json	experiments/e149_final20_stoichiometry_v1/out_s2/ova_c4_iptm80_21c_c6/seed-3_sample-2/ova_c4_iptm80_21c_c6_seed-3_sample-2_model.cif
ova_c4_iptm80_21c_c6	seed-3_sample-3	6	0.32	0.42	86.97000002490424	nan	nan	0.34	0.0	6	6	1	0	290	290	0	0.31	0.29500000000000004	13.645	"{""A-B"": 74, ""A-C"": 0, ""A-D"": 25, ""A-E"": 0, ""A-F"": 0, ""B-C"": 0, ""B-D"": 0, ""B-E"": 28, ""B-F"": 0, ""C-D"": 72, ""C-E"": 0, ""C-F"": 24, ""D-E"": 0, ""D-F"": 0, ""E-F"": 67}"	[1, 6, 64, 65, 79, 82, 83, 86, 87, 90, 94, 95, 96, 97, 98, 99, 155, 156, 157, 182, 183, 184, 188, 190, 191, 192, 193, 194, 195, 196, 208, 210, 262, 263, 266, 267, 270, 271, 272, 336, 337, 338, 339, 340, 342, 343, 344, 345, 348, 373, 374]	experiments/e149_final20_stoichiometry_v1/out_s2/ova_c4_iptm80_21c_c6/seed-3_sample-3/ova_c4_iptm80_21c_c6_seed-3_sample-3_summary_confidences.json	experiments/e149_final20_stoichiometry_v1/out_s2/ova_c4_iptm80_21c_c6/seed-3_sample-3/ova_c4_iptm80_21c_c6_seed-3_sample-3_model.cif
ova_c4_iptm80_21c_c6	seed-3_sample-4	6	0.33	0.43	87.10256476723468	nan	nan	0.35	0.0	6	6	1	0	227	227	0	0.32	0.315	12.879999999999999	"{""A-B"": 54, ""A-C"": 0, ""A-D"": 18, ""A-E"": 0, ""A-F"": 0, ""B-C"": 0, ""B-D"": 0, ""B-E"": 22, ""B-F"": 0, ""C-D"": 59, ""C-E"": 0, ""C-F"": 20, ""D-E"": 0, ""D-F"": 0, ""E-F"": 54}"	[1, 6, 64, 86, 87, 90, 94, 95, 96, 97, 98, 99, 155, 156, 157, 182, 183, 184, 188, 190, 191, 192, 193, 194, 195, 196, 208, 210, 262, 263, 266, 267, 270, 271, 272, 337, 338, 340, 342, 344, 345, 348, 373, 374]	experiments/e149_final20_stoichiometry_v1/out_s2/ova_c4_iptm80_21c_c6/seed-3_sample-4/ova_c4_iptm80_21c_c6_seed-3_sample-4_summary_confidences.json	experiments/e149_final20_stoichiometry_v1/out_s2/ova_c4_iptm80_21c_c6/seed-3_sample-4/ova_c4_iptm80_21c_c6_seed-3_sample-4_model.cif
ova_c4_iptm80_20d_c1	seed-1_sample-0	1	0.0	0.92	91.58598443263553	nan	nan	0.92	0.0	0	1	0	0	0	0	0	0.0	nan	nan	{}	[]	experiments/e149_final20_stoichiometry_v1/out_s7/ova_c4_iptm80_20d_c1/seed-1_sample-0/ova_c4_iptm80_20d_c1_seed-1_sample-0_summary_confidences.json	experiments/e149_final20_stoichiometry_v1/out_s7/ova_c4_iptm80_20d_c1/seed-1_sample-0/ova_c4_iptm80_20d_c1_seed-1_sample-0_model.cif
ova_c4_iptm80_20d_c1	seed-1_sample-1	1	0.0	0.92	90.87440412155705	nan	nan	0.92	0.0	0	1	0	0	0	0	0	0.0	nan	nan	{}	[]	experiments/e149_final20_stoichiometry_v1/out_s7/ova_c4_iptm80_20d_c1/seed-1_sample-1/ova_c4_iptm80_20d_c1_seed-1_sample-1_summary_confidences.json	experiments/e149_final20_stoichiometry_v1/out_s7/ova_c4_iptm80_20d_c1/seed-1_sample-1/ova_c4_iptm80_20d_c1_seed-1_sample-1_model.cif
ova_c4_iptm80_20d_c1	seed-1_sample-2	1	0.0	0.92	91.3036785026906	nan	nan	0.92	0.0	0	1	0	0	0	0	0	0.0	nan	nan	{}	[]	experiments/e149_final20_stoichiometry_v1/out_s7/ova_c4_iptm80_20d_c1/seed-1_sample-2/ova_c4_iptm80_20d_c1_seed-1_sample-2_summary_confidences.json	experiments/e149_final20_stoichiometry_v1/out_s7/ova_c4_iptm80_20d_c1/seed-1_sample-2/ova_c4_iptm80_20d_c1_seed-1_sample-2_model.cif
ova_c4_iptm80_20d_c1	seed-1_sample-3	1	0.0	0.92	91.43678736316107	nan	nan	0.92	0.0	0	1	0	0	0	0	0	0.0	nan	nan	{}	[]	experiments/e149_final20_stoichiometry_v1/out_s7/ova_c4_iptm80_20d_c1/seed-1_sample-3/ova_c4_iptm80_20d_c1_seed-1_sample-3_summary_confidences.json	experiments/e149_final20_stoichiometry_v1/out_s7/ova_c4_iptm80_20d_c1/seed-1_sample-3/ova_c4_iptm80_20d_c1_seed-1_sample-3_model.cif
ova_c4_iptm80_20d_c1	seed-1_sample-4	1	0.0	0.92	91.3525388944952	nan	nan	0.92	0.0	0	1	0	0	0	0	0	0.0	nan	nan	{}	[]	experiments/e149_final20_stoichiometry_v1/out_s7/ova_c4_iptm80_20d_c1/seed-1_sample-4/ova_c4_iptm80_20d_c1_seed-1_sample-4_summary_confidences.json	experiments/e149_final20_stoichiometry_v1/out_s7/ova_c4_iptm80_20d_c1/seed-1_sample-4/ova_c4_iptm80_20d_c1_seed-1_sample-4_model.cif
ova_c4_iptm80_20d_c1	seed-2_sample-0	1	0.0	0.92	90.97502565136845	nan	nan	0.92	0.0	0	1	0	0	0	0	0	0.0	nan	nan	{}	[]	experiments/e149_final20_stoichiometry_v1/out_s7/ova_c4_iptm80_20d_c1/seed-2_sample-0/ova_c4_iptm80_20d_c1_seed-2_sample-0_summary_confidences.json	experiments/e149_final20_stoichiometry_v1/out_s7/ova_c4_iptm80_20d_c1/seed-2_sample-0/ova_c4_iptm80_20d_c1_seed-2_sample-0_model.cif
ova_c4_iptm80_20d_c1	seed-2_sample-1	1	0.0	0.92	91.5751811605661	nan	nan	0.92	0.0	0	1	0	0	0	0	0	0.0	nan	nan	{}	[]	experiments/e149_final20_stoichiometry_v1/out_s7/ova_c4_iptm80_20d_c1/seed-2_sample-1/ova_c4_iptm80_20d_c1_seed-2_sample-1_summary_confidences.json	experiments/e149_final20_stoichiometry_v1/out_s7/ova_c4_iptm80_20d_c1/seed-2_sample-1/ova_c4_iptm80_20d_c1_seed-2_sample-1_model.cif
ova_c4_iptm80_20d_c1	seed-2_sample-2	1	0.0	0.92	91.00873068577268	nan	nan	0.92	0.0	0	1	0	0	0	0	0	0.0	nan	nan	{}	[]	experiments/e149_final20_stoichiometry_v1/out_s7/ova_c4_iptm80_20d_c1/seed-2_sample-2/ova_c4_iptm80_20d_c1_seed-2_sample-2_summary_confidences.json	experiments/e149_final20_stoichiometry_v1/out_s7/ova_c4_iptm80_20d_c1/seed-2_sample-2/ova_c4_iptm80_20d_c1_seed-2_sample-2_model.cif
ova_c4_iptm80_20d_c1	seed-2_sample-3	1	0.0	0.92	91.55062199133047	nan	nan	0.92	0.0	0	1	0	0	0	0	0	0.0	nan	nan	{}	[]	experiments/e149_final20_stoichiometry_v1/out_s7/ova_c4_iptm80_20d_c1/seed-2_sample-3/ova_c4_iptm80_20d_c1_seed-2_sample-3_summary_confidences.json	experiments/e149_final20_stoichiometry_v1/out_s7/ova_c4_iptm80_20d_c1/seed-2_sample-3/ova_c4_iptm80_20d_c1_seed-2_sample-3_model.cif
ova_c4_iptm80_20d_c1	seed-2_sample-4	1	0.0	0.92	91.18443008778627	nan	nan	0.92	0.0	0	1	0	0	0	0	0	0.0	nan	nan	{}	[]	experiments/e149_final20_stoichiometry_v1/out_s7/ova_c4_iptm80_20d_c1/seed-2_sample-4/ova_c4_iptm80_20d_c1_seed-2_sample-4_summary_confidences.json	experiments/e149_final20_stoichiometry_v1/out_s7/ova_c4_iptm80_20d_c1/seed-2_sample-4/ova_c4_iptm80_20d_c1_seed-2_sample-4_model.cif
ova_c4_iptm80_20d_c1	seed-3_sample-0	1	0.0	0.92	91.23945595933984	nan	nan	0.92	0.0	0	1	0	0	0	0	0	0.0	nan	nan	{}	[]	experiments/e149_final20_stoichiometry_v1/out_s7/ova_c4_iptm80_20d_c1/seed-3_sample-0/ova_c4_iptm80_20d_c1_seed-3_sample-0_summary_confidences.json	experiments/e149_final20_stoichiometry_v1/out_s7/ova_c4_iptm80_20d_c1/seed-3_sample-0/ova_c4_iptm80_20d_c1_seed-3_sample-0_model.cif
ova_c4_iptm80_20d_c1	seed-3_sample-1	1	0.0	0.92	91.2343261501332	nan	nan	0.92	0.0	0	1	0	0	0	0	0	0.0	nan	nan	{}	[]	experiments/e149_final20_stoichiometry_v1/out_s7/ova_c4_iptm80_20d_c1/seed-3_sample-1/ova_c4_iptm80_20d_c1_seed-3_sample-1_summary_confidences.json	experiments/e149_final20_stoichiometry_v1/out_s7/ova_c4_iptm80_20d_c1/seed-3_sample-1/ova_c4_iptm80_20d_c1_seed-3_sample-1_model.cif
ova_c4_iptm80_20d_c1	seed-3_sample-2	1	0.0	0.92	91.34202068704397	nan	nan	0.92	0.0	0	1	0	0	0	0	0	0.0	nan	nan	{}	[]	experiments/e149_final20_stoichiometry_v1/out_s7/ova_c4_iptm80_20d_c1/seed-3_sample-2/ova_c4_iptm80_20d_c1_seed-3_sample-2_summary_confidences.json	experiments/e149_final20_stoichiometry_v1/out_s7/ova_c4_iptm80_20d_c1/seed-3_sample-2/ova_c4_iptm80_20d_c1_seed-3_sample-2_model.cif
ova_c4_iptm80_20d_c1	seed-3_sample-3	1	0.0	0.92	91.1359326752974	nan	nan	0.92	0.0	0	1	0	0	0	0	0	0.0	nan	nan	{}	[]	experiments/e149_final20_stoichiometry_v1/out_s7/ova_c4_iptm80_20d_c1/seed-3_sample-3/ova_c4_iptm80_20d_c1_seed-3_sample-3_summary_confidences.json	experiments/e149_final20_stoichiometry_v1/out_s7/ova_c4_iptm80_20d_c1/seed-3_sample-3/ova_c4_iptm80_20d_c1_seed-3_sample-3_model.cif
ova_c4_iptm80_20d_c1	seed-3_sample-4	1	0.0	0.92	91.24660636229837	nan	nan	0.92	0.0	0	1	0	0	0	0	0	0.0	nan	nan	{}	[]	experiments/e149_final20_stoichiometry_v1/out_s7/ova_c4_iptm80_20d_c1/seed-3_sample-4/ova_c4_iptm80_20d_c1_seed-3_sample-4_summary_confidences.json	experiments/e149_final20_stoichiometry_v1/out_s7/ova_c4_iptm80_20d_c1/seed-3_sample-4/ova_c4_iptm80_20d_c1_seed-3_sample-4_model.cif
ova_c4_iptm80_20d_c2	seed-1_sample-0	2	0.23	0.57	88.48049238926389	nan	nan	0.3	0.0	1	2	1	0	70	70	0	0.23	0.23	20.09	"{""A-B"": 70}"	[94, 95, 96, 97, 98, 99, 148, 151, 152, 153, 154, 155, 156, 157, 182, 183, 184, 190, 191, 192, 194, 195, 196, 207, 208, 209, 210, 336, 337, 338, 340, 342, 345]	experiments/e149_final20_stoichiometry_v1/out_s7/ova_c4_iptm80_20d_c2/seed-1_sample-0/ova_c4_iptm80_20d_c2_seed-1_sample-0_summary_confidences.json	experiments/e149_final20_stoichiometry_v1/out_s7/ova_c4_iptm80_20d_c2/seed-1_sample-0/ova_c4_iptm80_20d_c2_seed-1_sample-0_model.cif
ova_c4_iptm80_20d_c2	seed-1_sample-1	2	0.23	0.57	88.99246110076113	nan	nan	0.29	0.0	1	2	1	0	72	72	0	0.23	0.23	20.54	"{""A-B"": 72}"	[94, 95, 96, 97, 98, 99, 151, 152, 153, 154, 155, 156, 157, 182, 183, 184, 190, 191, 192, 193, 194, 195, 196, 208, 209, 210, 336, 337, 338, 340, 342, 344]	experiments/e149_final20_stoichiometry_v1/out_s7/ova_c4_iptm80_20d_c2/seed-1_sample-1/ova_c4_iptm80_20d_c2_seed-1_sample-1_summary_confidences.json	experiments/e149_final20_stoichiometry_v1/out_s7/ova_c4_iptm80_20d_c2/seed-1_sample-1/ova_c4_iptm80_20d_c2_seed-1_sample-1_model.cif
ova_c4_iptm80_20d_c2	seed-1_sample-2	2	0.24	0.58	88.74582897443227	nan	nan	0.31	0.0	1	2	1	0	94	94	0	0.24	0.24	20.45	"{""A-B"": 94}"	[92, 94, 95, 96, 99, 134, 138, 141, 144, 145, 147, 148, 149, 151, 152, 153, 155, 156, 182, 183, 184, 188, 189, 190, 191, 192, 334, 336, 337, 338, 339, 340, 342, 344, 345, 346]	experiments/e149_final20_stoichiometry_v1/out_s7/ova_c4_iptm80_20d_c2/seed-1_sample-2/ova_c4_iptm80_20d_c2_seed-1_sample-2_summary_confidences.json	experiments/e149_final20_stoichiometry_v1/out_s7/ova_c4_iptm80_20d_c2/seed-1_sample-2/ova_c4_iptm80_20d_c2_seed-1_sample-2_model.cif
ova_c4_iptm80_20d_c2	seed-1_sample-3	2	0.24	0.58	88.6968650521392	nan	nan	0.31	0.0	1	2	1	0	93	93	0	0.24	0.24	20.36	"{""A-B"": 93}"	[92, 94, 95, 96, 99, 134, 138, 141, 144, 145, 147, 148, 149, 151, 152, 154, 155, 156, 159, 160, 182, 183, 184, 185, 188, 190, 191, 192, 336, 337, 338, 339, 340, 342, 344, 345, 348]	experiments/e149_final20_stoichiometry_v1/out_s7/ova_c4_iptm80_20d_c2/seed-1_sample-3/ova_c4_iptm80_20d_c2_seed-1_sample-3_summary_confidences.json	experiments/e149_final20_stoichiometry_v1/out_s7/ova_c4_iptm80_20d_c2/seed-1_sample-3/ova_c4_iptm80_20d_c2_seed-1_sample-3_model.cif
ova_c4_iptm80_20d_c2	seed-1_sample-4	2	0.15	0.54	88.45494825728817	nan	nan	0.23	0.0	1	2	1	0	55	55	0	0.15	0.15	22.4	"{""A-B"": 55}"	[82, 86, 87, 90, 93, 95, 96, 97, 186, 217, 219, 234, 237, 238, 239, 271, 272, 274, 275, 276, 278, 340, 341, 346, 371, 372, 373, 374]	experiments/e149_final20_stoichiometry_v1/out_s7/ova_c4_iptm80_20d_c2/seed-1_sample-4/ova_c4_iptm80_20d_c2_seed-1_sample-4_summary_confidences.json	experiments/e149_final20_stoichiometry_v1/out_s7/ova_c4_iptm80_20d_c2/seed-1_sample-4/ova_c4_iptm80_20d_c2_seed-1_sample-4_model.cif
ova_c4_iptm80_20d_c2	seed-2_sample-0	2	0.18	0.55	88.90165815205154	nan	nan	0.25	0.0	1	2	1	0	51	51	0	0.18	0.18	21.09	"{""A-B"": 51}"	[96, 98, 99, 155, 156, 157, 159, 182, 183, 184, 191, 192, 193, 194, 195, 196, 337, 338, 340, 342, 344, 345, 347]	experiments/e149_final20_stoichiometry_v1/out_s7/ova_c4_iptm80_20d_c2/seed-2_sample-0/ova_c4_iptm80_20d_c2_seed-2_sample-0_summary_confidences.json	experiments/e149_final20_stoichiometry_v1/out_s7/ova_c4_iptm80_20d_c2/seed-2_sample-0/ova_c4_iptm80_20d_c2_seed-2_sample-0_model.cif
ova_c4_iptm80_20d_c2	seed-2_sample-1	2	0.28	0.6	88.98632138504266	nan	nan	0.34	0.0	1	2	1	0	70	70	0	0.28	0.28	18.9	"{""A-B"": 70}"	[94, 95, 96, 99, 144, 145, 147, 148, 149, 151, 152, 155, 156, 159, 182, 183, 184, 188, 190, 191, 192, 334, 336, 337, 338, 339, 340, 342, 344]	experiments/e149_final20_stoichiometry_v1/out_s7/ova_c4_iptm80_20d_c2/seed-2_sample-1/ova_c4_iptm80_20d_c2_seed-2_sample-1_summary_confidences.json	experiments/e149_final20_stoichiometry_v1/out_s7/ova_c4_iptm80_20d_c2/seed-2_sample-1/ova_c4_iptm80_20d_c2_seed-2_sample-1_model.cif
ova_c4_iptm80_20d_c2	seed-2_sample-2	2	0.25	0.58	88.9430827106219	nan	nan	0.32	0.0	1	2	1	0	67	67	0	0.25	0.25	19.55	"{""A-B"": 67}"	[94, 95, 96, 97, 98, 99, 151, 152, 153, 154, 155, 156, 157, 182, 183, 184, 190, 191, 192, 194, 195, 196, 207, 208, 209, 210, 336, 337, 338, 344, 345]	experiments/e149_final20_stoichiometry_v1/out_s7/ova_c4_iptm80_20d_c2/seed-2_sample-2/ova_c4_iptm80_20d_c2_seed-2_sample-2_summary_confidences.json	experiments/e149_final20_stoichiometry_v1/out_s7/ova_c4_iptm80_20d_c2/seed-2_sample-2/ova_c4_iptm80_20d_c2_seed-2_sample-2_model.cif
ova_c4_iptm80_20d_c2	seed-2_sample-3	2	0.15	0.54	87.881372945914	nan	nan	0.23	0.0	1	2	1	0	136	136	0	0.15	0.15	23.66	"{""A-B"": 136}"	[92, 93, 94, 95, 96, 99, 100, 101, 102, 103, 104, 105, 123, 127, 128, 129, 131, 133, 134, 137, 138, 141, 142, 144, 145, 148, 149, 151, 152, 153, 154, 155, 156, 157, 180, 182, 183, 184, 188, 190, 191, 192, 334, 336, 337, 338, 339, 340, 342, 344, 345, 346]	experiments/e149_final20_stoichiometry_v1/out_s7/ova_c4_iptm80_20d_c2/seed-2_sample-3/ova_c4_iptm80_20d_c2_seed-2_sample-3_summary_confidences.json	experiments/e149_final20_stoichiometry_v1/out_s7/ova_c4_iptm80_20d_c2/seed-2_sample-3/ova_c4_iptm80_20d_c2_seed-2_sample-3_model.cif
ova_c4_iptm80_20d_c2	seed-2_sample-4	2	0.14	0.54	88.11541446626495	nan	nan	0.22	0.0	1	2	1	0	120	120	0	0.14	0.14	24.05	"{""A-B"": 120}"	[92, 93, 94, 95, 96, 98, 99, 101, 103, 105, 110, 127, 128, 129, 131, 133, 134, 138, 141, 142, 144, 145, 148, 149, 151, 152, 153, 154, 155, 156, 157, 180, 182, 183, 184, 188, 191, 192, 334, 336, 337, 338, 339, 340, 342, 344, 345]	experiments/e149_final20_stoichiometry_v1/out_s7/ova_c4_iptm80_20d_c2/seed-2_sample-4/ova_c4_iptm80_20d_c2_seed-2_sample-4_summary_confidences.json	experiments/e149_final20_stoichiometry_v1/out_s7/ova_c4_iptm80_20d_c2/seed-2_sample-4/ova_c4_iptm80_20d_c2_seed-2_sample-4_model.cif
ova_c4_iptm80_20d_c2	seed-3_sample-0	2	0.24	0.58	88.12924885132152	nan	nan	0.31	0.0	1	2	1	0	97	97	0	0.24	0.24	20.83	"{""A-B"": 97}"	[94, 95, 96, 99, 134, 138, 141, 144, 145, 147, 148, 149, 151, 152, 154, 155, 156, 159, 160, 182, 183, 184, 185, 188, 189, 190, 191, 192, 236, 334, 336, 337, 338, 339, 340, 342, 344, 345, 348]	experiments/e149_final20_stoichiometry_v1/out_s7/ova_c4_iptm80_20d_c2/seed-3_sample-0/ova_c4_iptm80_20d_c2_seed-3_sample-0_summary_confidences.json	experiments/e149_final20_stoichiometry_v1/out_s7/ova_c4_iptm80_20d_c2/seed-3_sample-0/ova_c4_iptm80_20d_c2_seed-3_sample-0_model.cif
ova_c4_iptm80_20d_c2	seed-3_sample-1	2	0.22	0.57	88.43202067162706	nan	nan	0.29	0.0	1	2	1	0	54	54	0	0.22	0.22	21.08	"{""A-B"": 54}"	[94, 95, 96, 97, 98, 99, 151, 152, 155, 156, 157, 182, 184, 190, 191, 192, 193, 194, 195, 196, 207, 208, 209, 210, 337, 338, 342]	experiments/e149_final20_stoichiometry_v1/out_s7/ova_c4_iptm80_20d_c2/seed-3_sample-1/ova_c4_iptm80_20d_c2_seed-3_sample-1_summary_confidences.json	experiments/e149_final20_stoichiometry_v1/out_s7/ova_c4_iptm80_20d_c2/seed-3_sample-1/ova_c4_iptm80_20d_c2_seed-3_sample-1_model.cif
ova_c4_iptm80_20d_c2	seed-3_sample-2	2	0.23	0.57	88.28880855580068	nan	nan	0.3	0.0	1	2	1	0	58	58	0	0.23	0.23	21.09	"{""A-B"": 58}"	[94, 95, 96, 97, 98, 99, 151, 152, 153, 154, 155, 156, 157, 184, 190, 191, 192, 194, 195, 196, 207, 208, 209, 210, 337, 338]	experiments/e149_final20_stoichiometry_v1/out_s7/ova_c4_iptm80_20d_c2/seed-3_sample-2/ova_c4_iptm80_20d_c2_seed-3_sample-2_summary_confidences.json	experiments/e149_final20_stoichiometry_v1/out_s7/ova_c4_iptm80_20d_c2/seed-3_sample-2/ova_c4_iptm80_20d_c2_seed-3_sample-2_model.cif
ova_c4_iptm80_20d_c2	seed-3_sample-3	2	0.24	0.58	88.53310902254569	nan	nan	0.31	0.0	1	2	1	0	78	78	0	0.24	0.24	20.68	"{""A-B"": 78}"	[94, 95, 96, 97, 98, 99, 148, 151, 152, 153, 154, 155, 156, 157, 182, 183, 184, 190, 191, 192, 193, 194, 195, 196, 207, 208, 209, 210, 336, 337, 338, 340, 342, 344]	experiments/e149_final20_stoichiometry_v1/out_s7/ova_c4_iptm80_20d_c2/seed-3_sample-3/ova_c4_iptm80_20d_c2_seed-3_sample-3_summary_confidences.json	experiments/e149_final20_stoichiometry_v1/out_s7/ova_c4_iptm80_20d_c2/seed-3_sample-3/ova_c4_iptm80_20d_c2_seed-3_sample-3_model.cif
ova_c4_iptm80_20d_c2	seed-3_sample-4	2	0.19	0.56	88.30352326625369	nan	nan	0.26	0.0	1	2	1	0	44	44	0	0.19	0.19	21.35	"{""A-B"": 44}"	[96, 98, 99, 151, 155, 156, 157, 182, 183, 184, 190, 191, 192, 194, 195, 196, 208, 337, 338, 340, 342, 344, 345]	experiments/e149_final20_stoichiometry_v1/out_s7/ova_c4_iptm80_20d_c2/seed-3_sample-4/ova_c4_iptm80_20d_c2_seed-3_sample-4_summary_confidences.json	experiments/e149_final20_stoichiometry_v1/out_s7/ova_c4_iptm80_20d_c2/seed-3_sample-4/ova_c4_iptm80_20d_c2_seed-3_sample-4_model.cif
ova_c4_iptm80_20d_c3	seed-1_sample-0	3	0.15	0.42	86.42442993796551	nan	nan	0.21	0.0	3	3	1	0	102	102	0	0.12	0.12	25.15	"{""A-B"": 33, ""A-C"": 37, ""B-C"": 32}"	[73, 94, 95, 96, 97, 110, 114, 116, 119, 120, 123, 124, 131, 132, 133, 134, 138, 141, 144, 145, 147, 148, 149, 151, 152, 153, 187, 217, 270, 271, 272, 275, 276, 278, 340, 341, 342, 343, 345, 346, 349, 350, 354, 372, 373]	experiments/e149_final20_stoichiometry_v1/out_s1/ova_c4_iptm80_20d_c3/seed-1_sample-0/ova_c4_iptm80_20d_c3_seed-1_sample-0_summary_confidences.json	experiments/e149_final20_stoichiometry_v1/out_s1/ova_c4_iptm80_20d_c3/seed-1_sample-0/ova_c4_iptm80_20d_c3_seed-1_sample-0_model.cif
ova_c4_iptm80_20d_c3	seed-1_sample-1	3	0.18	0.43	86.75582898589613	nan	nan	0.23	0.0	3	3	1	0	91	91	0	0.13	0.13	21.23	"{""A-B"": 23, ""A-C"": 21, ""B-C"": 47}"	[94, 95, 96, 97, 98, 99, 152, 155, 156, 182, 183, 184, 186, 187, 190, 191, 192, 193, 195, 196, 208, 210, 216, 217, 236, 237, 238, 276, 278, 334, 336, 337, 338, 339, 340, 341, 342, 343, 344, 345, 346, 347, 348, 349, 350, 351, 354]	experiments/e149_final20_stoichiometry_v1/out_s1/ova_c4_iptm80_20d_c3/seed-1_sample-1/ova_c4_iptm80_20d_c3_seed-1_sample-1_summary_confidences.json	experiments/e149_final20_stoichiometry_v1/out_s1/ova_c4_iptm80_20d_c3/seed-1_sample-1/ova_c4_iptm80_20d_c3_seed-1_sample-1_model.cif
ova_c4_iptm80_20d_c3	seed-1_sample-2	3	0.15	0.42	86.06772028473375	nan	nan	0.21	0.0	3	3	1	0	177	177	0	0.12	0.12	25.46	"{""A-B"": 58, ""A-C"": 60, ""B-C"": 59}"	[1, 2, 75, 76, 77, 79, 80, 94, 95, 96, 97, 110, 114, 119, 123, 124, 127, 128, 129, 130, 131, 132, 133, 145, 148, 149, 151, 152, 155, 156, 159, 187, 216, 217, 236, 237, 238, 270, 271, 272, 275, 276, 277, 278, 340, 341, 345, 346, 349, 350, 372, 373, 374]	experiments/e149_final20_stoichiometry_v1/out_s1/ova_c4_iptm80_20d_c3/seed-1_sample-2/ova_c4_iptm80_20d_c3_seed-1_sample-2_summary_confidences.json	experiments/e149_final20_stoichiometry_v1/out_s1/ova_c4_iptm80_20d_c3/seed-1_sample-2/ova_c4_iptm80_20d_c3_seed-1_sample-2_model.cif
ova_c4_iptm80_20d_c3	seed-1_sample-3	3	0.17	0.43	86.9514508519148	nan	nan	0.22	0.0	3	3	1	0	102	102	0	0.13	0.13	22.09	"{""A-B"": 25, ""A-C"": 22, ""B-C"": 55}"	[94, 95, 96, 97, 98, 99, 151, 152, 155, 156, 182, 183, 184, 188, 190, 191, 192, 194, 195, 196, 208, 210, 236, 237, 238, 239, 271, 338, 340, 341, 342, 343, 344, 345, 346, 347, 348, 349, 372, 373]	experiments/e149_final20_stoichiometry_v1/out_s1/ova_c4_iptm80_20d_c3/seed-1_sample-3/ova_c4_iptm80_20d_c3_seed-1_sample-3_summary_confidences.json	experiments/e149_final20_stoichiometry_v1/out_s1/ova_c4_iptm80_20d_c3/seed-1_sample-3/ova_c4_iptm80_20d_c3_seed-1_sample-3_model.cif
ova_c4_iptm80_20d_c3	seed-1_sample-4	3	0.2	0.44	87.45406752670367	nan	nan	0.25	0.0	3	3	1	0	129	129	0	0.16	0.16	21.54	"{""A-B"": 44, ""A-C"": 40, ""B-C"": 45}"	[93, 94, 95, 96, 97, 98, 99, 101, 149, 152, 153, 154, 155, 182, 183, 184, 190, 191, 192, 193, 194, 195, 196, 208, 210, 213, 236, 237, 342, 343, 344, 345, 348, 349, 352]	experiments/e149_final20_stoichiometry_v1/out_s1/ova_c4_iptm80_20d_c3/seed-1_sample-4/ova_c4_iptm80_20d_c3_seed-1_sample-4_summary_confidences.json	experiments/e149_final20_stoichiometry_v1/out_s1/ova_c4_iptm80_20d_c3/seed-1_sample-4/ova_c4_iptm80_20d_c3_seed-1_sample-4_model.cif
ova_c4_iptm80_20d_c3	seed-2_sample-0	3	0.18	0.43	86.89341965116985	nan	nan	0.23	0.0	3	3	1	0	92	92	0	0.13	0.13	21.99	"{""A-B"": 14, ""A-C"": 60, ""B-C"": 18}"	[86, 90, 96, 97, 184, 186, 188, 190, 191, 192, 193, 234, 236, 238, 239, 271, 272, 276, 336, 337, 338, 339, 340, 341, 342, 343, 344, 345, 346, 347, 348, 349, 350, 352, 373, 374]	experiments/e149_final20_stoichiometry_v1/out_s1/ova_c4_iptm80_20d_c3/seed-2_sample-0/ova_c4_iptm80_20d_c3_seed-2_sample-0_summary_confidences.json	experiments/e149_final20_stoichiometry_v1/out_s1/ova_c4_iptm80_20d_c3/seed-2_sample-0/ova_c4_iptm80_20d_c3_seed-2_sample-0_model.cif
ova_c4_iptm80_20d_c3	seed-2_sample-1	3	0.17	0.43	87.06953366926915	nan	nan	0.23	0.0	3	3	1	0	155	155	0	0.12	0.12	25.47	"{""A-B"": 28, ""A-C"": 45, ""B-C"": 82}"	[92, 93, 94, 95, 96, 97, 99, 134, 138, 140, 141, 144, 145, 147, 148, 149, 151, 152, 153, 155, 156, 159, 160, 163, 164, 182, 183, 184, 188, 190, 191, 192, 193, 194, 195, 196, 197, 198, 201, 205, 206, 207, 208, 210, 291, 334, 336, 337, 338, 339, 340, 341, 342, 345, 346, 385]	experiments/e149_final20_stoichiometry_v1/out_s1/ova_c4_iptm80_20d_c3/seed-2_sample-1/ova_c4_iptm80_20d_c3_seed-2_sample-1_summary_confidences.json	experiments/e149_final20_stoichiometry_v1/out_s1/ova_c4_iptm80_20d_c3/seed-2_sample-1/ova_c4_iptm80_20d_c3_seed-2_sample-1_model.cif
ova_c4_iptm80_20d_c3	seed-2_sample-2	3	0.15	0.42	87.00020722898176	nan	nan	0.21	0.0	3	3	1	0	126	126	0	0.12	0.12	21.8	"{""A-B"": 42, ""A-C"": 44, ""B-C"": 40}"	[93, 94, 95, 96, 99, 155, 182, 184, 188, 191, 216, 217, 219, 232, 234, 241, 271, 272, 274, 275, 276, 278, 338, 339, 340, 341, 342, 343, 344, 345, 346, 347, 350, 351, 354, 372, 373, 375]	experiments/e149_final20_stoichiometry_v1/out_s1/ova_c4_iptm80_20d_c3/seed-2_sample-2/ova_c4_iptm80_20d_c3_seed-2_sample-2_summary_confidences.json	experiments/e149_final20_stoichiometry_v1/out_s1/ova_c4_iptm80_20d_c3/seed-2_sample-2/ova_c4_iptm80_20d_c3_seed-2_sample-2_model.cif
ova_c4_iptm80_20d_c3	seed-2_sample-3	3	0.18	0.43	86.80075111784465	nan	nan	0.23	0.0	3	3	1	0	122	122	0	0.13	0.13	22.08	"{""A-B"": 31, ""A-C"": 49, ""B-C"": 42}"	[1, 2, 3, 4, 64, 65, 66, 67, 68, 69, 82, 83, 86, 93, 94, 95, 96, 97, 98, 99, 155, 182, 184, 186, 187, 190, 191, 192, 195, 217, 236, 237, 238, 239, 270, 271, 272, 275, 276, 277, 278, 337, 338, 340, 341, 342, 343, 344, 345, 346, 347, 348, 350, 351, 354, 355, 356, 372, 373, 374]	experiments/e149_final20_stoichiometry_v1/out_s1/ova_c4_iptm80_20d_c3/seed-2_sample-3/ova_c4_iptm80_20d_c3_seed-2_sample-3_summary_confidences.json	experiments/e149_final20_stoichiometry_v1/out_s1/ova_c4_iptm80_20d_c3/seed-2_sample-3/ova_c4_iptm80_20d_c3_seed-2_sample-3_model.cif
ova_c4_iptm80_20d_c3	seed-2_sample-4	3	0.16	0.42	86.12626942451753	nan	nan	0.21	0.0	3	3	1	0	190	190	0	0.12	0.12	25.54	"{""A-B"": 61, ""A-C"": 61, ""B-C"": 68}"	[3, 4, 5, 64, 75, 76, 77, 78, 79, 83, 86, 87, 94, 95, 96, 110, 113, 114, 116, 119, 120, 123, 124, 127, 128, 131, 132, 133, 134, 138, 141, 142, 144, 145, 148, 149, 151, 152, 153, 155, 156, 159, 186, 187, 216, 217, 236, 238, 239, 271, 272, 275, 276, 277, 278, 340, 341, 345, 346, 372, 373, 374]	experiments/e149_final20_stoichiometry_v1/out_s1/ova_c4_iptm80_20d_c3/seed-2_sample-4/ova_c4_iptm80_20d_c3_seed-2_sample-4_summary_confidences.json	experiments/e149_final20_stoichiometry_v1/out_s1/ova_c4_iptm80_20d_c3/seed-2_sample-4/ova_c4_iptm80_20d_c3_seed-2_sample-4_model.cif
ova_c4_iptm80_20d_c3	seed-3_sample-0	3	0.18	0.43	86.39634709531161	nan	nan	0.23	0.0	3	3	1	0	162	162	0	0.13	0.13	23.83	"{""A-B"": 38, ""A-C"": 71, ""B-C"": 53}"	[73, 74, 75, 92, 93, 94, 95, 96, 99, 101, 110, 111, 113, 114, 116, 119, 120, 131, 132, 133, 134, 138, 141, 142, 144, 145, 147, 148, 149, 151, 152, 155, 156, 182, 184, 186, 188, 190, 191, 192, 216, 217, 219, 232, 234, 238, 241, 271, 272, 275, 276, 277, 278, 336, 337, 338, 339, 340, 341, 342, 343, 344, 345, 346, 347, 348, 349, 350, 351, 353, 354, 372, 373]	experiments/e149_final20_stoichiometry_v1/out_s1/ova_c4_iptm80_20d_c3/seed-3_sample-0/ova_c4_iptm80_20d_c3_seed-3_sample-0_summary_confidences.json	experiments/e149_final20_stoichiometry_v1/out_s1/ova_c4_iptm80_20d_c3/seed-3_sample-0/ova_c4_iptm80_20d_c3_seed-3_sample-0_model.cif
ova_c4_iptm80_20d_c3	seed-3_sample-1	3	0.17	0.43	86.91580329657836	nan	nan	0.22	0.0	3	3	1	0	87	87	0	0.11	0.11	27.88	"{""A-B"": 19, ""A-C"": 29, ""B-C"": 39}"	[1, 2, 3, 4, 5, 6, 64, 83, 87, 93, 94, 95, 96, 97, 98, 99, 124, 131, 132, 133, 134, 141, 142, 145, 149, 152, 182, 184, 190, 191, 192, 193, 198, 217, 224, 238, 266, 270, 271, 272, 275, 276, 278, 280, 338, 340, 342, 344, 345, 348, 349, 350, 353, 354, 355, 356, 357, 358, 360, 373, 374, 375, 376]	experiments/e149_final20_stoichiometry_v1/out_s1/ova_c4_iptm80_20d_c3/seed-3_sample-1/ova_c4_iptm80_20d_c3_seed-3_sample-1_summary_confidences.json	experiments/e149_final20_stoichiometry_v1/out_s1/ova_c4_iptm80_20d_c3/seed-3_sample-1/ova_c4_iptm80_20d_c3_seed-3_sample-1_model.cif
ova_c4_iptm80_20d_c3	seed-3_sample-2	3	0.15	0.41	86.00549212144446	nan	nan	0.2	0.0	3	3	1	0	191	191	0	0.12	0.12	25.38	"{""A-B"": 63, ""A-C"": 64, ""B-C"": 64}"	[76, 77, 78, 79, 80, 81, 86, 90, 91, 93, 94, 95, 96, 97, 148, 151, 152, 155, 156, 157, 159, 184, 190, 191, 192, 193, 219, 236, 237, 238, 239, 270, 271, 272, 273, 274, 275, 276, 338, 339, 340, 341, 342, 343, 344, 345, 346, 347, 372, 373]	experiments/e149_final20_stoichiometry_v1/out_s1/ova_c4_iptm80_20d_c3/seed-3_sample-2/ova_c4_iptm80_20d_c3_seed-3_sample-2_summary_confidences.json	experiments/e149_final20_stoichiometry_v1/out_s1/ova_c4_iptm80_20d_c3/seed-3_sample-2/ova_c4_iptm80_20d_c3_seed-3_sample-2_model.cif
ova_c4_iptm80_20d_c3	seed-3_sample-3	3	0.18	0.44	86.40274607702858	nan	nan	0.23	0.0	2	3	1	0	151	151	0	0.12	0.15	24.700000000000003	"{""A-B"": 3, ""A-C"": 90, ""B-C"": 58}"	[64, 65, 77, 78, 79, 80, 81, 83, 86, 90, 93, 94, 95, 96, 97, 99, 134, 138, 141, 142, 144, 145, 147, 148, 149, 151, 152, 154, 155, 156, 159, 160, 182, 183, 184, 186, 188, 190, 191, 192, 217, 236, 237, 238, 239, 271, 272, 274, 275, 276, 277, 278, 336, 337, 338, 339, 340, 341, 342, 344, 345, 346, 372, 373]	experiments/e149_final20_stoichiometry_v1/out_s1/ova_c4_iptm80_20d_c3/seed-3_sample-3/ova_c4_iptm80_20d_c3_seed-3_sample-3_summary_confidences.json	experiments/e149_final20_stoichiometry_v1/out_s1/ova_c4_iptm80_20d_c3/seed-3_sample-3/ova_c4_iptm80_20d_c3_seed-3_sample-3_model.cif
ova_c4_iptm80_20d_c3	seed-3_sample-4	3	0.18	0.43	86.53626941028654	nan	nan	0.23	0.0	3	3	1	0	103	103	0	0.14	0.14	21.81	"{""A-B"": 46, ""A-C"": 35, ""B-C"": 22}"	[96, 97, 148, 151, 152, 155, 156, 157, 184, 186, 188, 189, 190, 191, 192, 193, 194, 217, 238, 276, 278, 336, 337, 338, 339, 340, 341, 342, 343, 344, 345, 346, 347, 348, 349, 350, 351, 353, 354]	experiments/e149_final20_stoichiometry_v1/out_s1/ova_c4_iptm80_20d_c3/seed-3_sample-4/ova_c4_iptm80_20d_c3_seed-3_sample-4_summary_confidences.json	experiments/e149_final20_stoichiometry_v1/out_s1/ova_c4_iptm80_20d_c3/seed-3_sample-4/ova_c4_iptm80_20d_c3_seed-3_sample-4_model.cif
ova_c4_iptm80_20d_c5	seed-1_sample-0	5	0.38	0.49	86.98334180999915	nan	nan	0.4	0.0	8	5	1	0	209	209	0	0.1	0.33	15.785	"{""A-B"": 28, ""A-C"": 46, ""A-D"": 7, ""A-E"": 23, ""B-C"": 8, ""B-D"": 48, ""B-E"": 11, ""C-D"": 35, ""C-E"": 3, ""D-E"": 0}"	[3, 86, 90, 95, 96, 97, 98, 99, 182, 184, 190, 191, 192, 193, 195, 196, 216, 217, 219, 232, 234, 236, 237, 238, 239, 241, 266, 267, 270, 271, 272, 274, 276, 277, 278, 338, 339, 340, 341, 342, 343, 344, 345, 346, 347, 348, 349, 350, 351, 353, 354, 355, 356, 357, 358, 372, 373, 374]	experiments/e149_final20_stoichiometry_v1/out_s7/ova_c4_iptm80_20d_c5/seed-1_sample-0/ova_c4_iptm80_20d_c5_seed-1_sample-0_summary_confidences.json	experiments/e149_final20_stoichiometry_v1/out_s7/ova_c4_iptm80_20d_c5/seed-1_sample-0/ova_c4_iptm80_20d_c5_seed-1_sample-0_model.cif
ova_c4_iptm80_20d_c5	seed-1_sample-1	5	0.29	0.42	85.95492223630914	nan	nan	0.31	0.0	5	5	1	0	131	131	0	0.12	0.17	18.47	"{""A-B"": 17, ""A-C"": 37, ""A-D"": 0, ""A-E"": 0, ""B-C"": 2, ""B-D"": 38, ""B-E"": 0, ""C-D"": 0, ""C-E"": 18, ""D-E"": 19}"	[95, 96, 97, 98, 99, 182, 184, 188, 190, 191, 192, 217, 236, 275, 276, 277, 278, 279, 337, 338, 339, 340, 342, 343, 344, 345, 346, 347, 348, 349, 350, 351, 353, 354, 355, 356, 357]	experiments/e149_final20_stoichiometry_v1/out_s7/ova_c4_iptm80_20d_c5/seed-1_sample-1/ova_c4_iptm80_20d_c5_seed-1_sample-1_summary_confidences.json	experiments/e149_final20_stoichiometry_v1/out_s7/ova_c4_iptm80_20d_c5/seed-1_sample-1/ova_c4_iptm80_20d_c5_seed-1_sample-1_model.cif
ova_c4_iptm80_20d_c5	seed-1_sample-2	5	0.26	0.4	86.47435224859208	nan	nan	0.29	0.0	5	5	1	0	118	118	0	0.12	0.2	18.09	"{""A-B"": 26, ""A-C"": 28, ""A-D"": 0, ""A-E"": 2, ""B-C"": 0, ""B-D"": 32, ""B-E"": 0, ""C-D"": 0, ""C-E"": 22, ""D-E"": 8}"	[94, 96, 98, 99, 155, 156, 157, 182, 184, 191, 192, 195, 196, 216, 217, 271, 275, 276, 278, 334, 336, 337, 338, 339, 342, 344, 345, 346, 347, 348, 349, 350, 353, 354, 355, 356, 357]	experiments/e149_final20_stoichiometry_v1/out_s7/ova_c4_iptm80_20d_c5/seed-1_sample-2/ova_c4_iptm80_20d_c5_seed-1_sample-2_summary_confidences.json	experiments/e149_final20_stoichiometry_v1/out_s7/ova_c4_iptm80_20d_c5/seed-1_sample-2/ova_c4_iptm80_20d_c5_seed-1_sample-2_model.cif
ova_c4_iptm80_20d_c5	seed-1_sample-3	5	0.43	0.53	86.03717606302371	nan	nan	0.45	0.0	8	5	1	0	195	195	0	0.11	0.365	15.145	"{""A-B"": 15, ""A-C"": 50, ""A-D"": 17, ""A-E"": 0, ""B-C"": 16, ""B-D"": 49, ""B-E"": 2, ""C-D"": 11, ""C-E"": 15, ""D-E"": 20}"	[1, 2, 82, 83, 86, 90, 95, 96, 97, 98, 99, 182, 184, 190, 191, 192, 193, 216, 217, 219, 234, 236, 237, 238, 239, 266, 270, 271, 272, 276, 277, 278, 337, 338, 339, 340, 341, 342, 344, 345, 346, 347, 348, 349, 350, 352, 353, 354, 355, 356, 357, 372, 373, 374, 375]	experiments/e149_final20_stoichiometry_v1/out_s7/ova_c4_iptm80_20d_c5/seed-1_sample-3/ova_c4_iptm80_20d_c5_seed-1_sample-3_summary_confidences.json	experiments/e149_final20_stoichiometry_v1/out_s7/ova_c4_iptm80_20d_c5/seed-1_sample-3/ova_c4_iptm80_20d_c5_seed-1_sample-3_model.cif
ova_c4_iptm80_20d_c5	seed-1_sample-4	5	0.27	0.4	85.9763471376093	nan	nan	0.3	0.0	5	5	1	0	128	128	0	0.12	0.15	17.81	"{""A-B"": 19, ""A-C"": 35, ""A-D"": 0, ""A-E"": 0, ""B-C"": 0, ""B-D"": 36, ""B-E"": 0, ""C-D"": 0, ""C-E"": 19, ""D-E"": 19}"	[94, 95, 96, 97, 98, 99, 155, 182, 184, 188, 190, 191, 192, 195, 217, 276, 277, 278, 337, 338, 339, 340, 342, 343, 345, 346, 347, 348, 349, 350, 351, 354, 356]	experiments/e149_final20_stoichiometry_v1/out_s7/ova_c4_iptm80_20d_c5/seed-1_sample-4/ova_c4_iptm80_20d_c5_seed-1_sample-4_summary_confidences.json	experiments/e149_final20_stoichiometry_v1/out_s7/ova_c4_iptm80_20d_c5/seed-1_sample-4/ova_c4_iptm80_20d_c5_seed-1_sample-4_model.cif
ova_c4_iptm80_20d_c5	seed-2_sample-0	5	0.43	0.53	87.34810874622721	nan	nan	0.45	0.0	7	5	1	0	182	182	0	0.11	0.44	13.26	"{""A-B"": 49, ""A-C"": 11, ""A-D"": 19, ""A-E"": 0, ""B-C"": 19, ""B-D"": 12, ""B-E"": 1, ""C-D"": 52, ""C-E"": 19, ""D-E"": 0}"	[83, 86, 87, 90, 94, 95, 96, 97, 98, 99, 182, 184, 188, 190, 191, 192, 193, 216, 217, 236, 248, 271, 272, 278, 337, 338, 339, 340, 341, 342, 343, 344, 345, 346, 347, 348, 349, 350, 352, 353, 354, 356, 357, 358, 360, 373, 374]	experiments/e149_final20_stoichiometry_v1/out_s7/ova_c4_iptm80_20d_c5/seed-2_sample-0/ova_c4_iptm80_20d_c5_seed-2_sample-0_summary_confidences.json	experiments/e149_final20_stoichiometry_v1/out_s7/ova_c4_iptm80_20d_c5/seed-2_sample-0/ova_c4_iptm80_20d_c5_seed-2_sample-0_model.cif
ova_c4_iptm80_20d_c5	seed-2_sample-1	5	0.42	0.53	86.46106182355337	nan	nan	0.44	0.0	9	5	1	0	194	194	0	0.11	0.36	14.16	"{""A-B"": 49, ""A-C"": 11, ""A-D"": 15, ""A-E"": 6, ""B-C"": 18, ""B-D"": 12, ""B-E"": 22, ""C-D"": 53, ""C-E"": 8, ""D-E"": 0}"	[83, 86, 87, 90, 94, 95, 96, 97, 98, 99, 123, 124, 127, 182, 184, 188, 190, 191, 192, 193, 216, 217, 236, 271, 272, 278, 334, 336, 337, 338, 339, 340, 341, 342, 343, 344, 345, 346, 347, 348, 349, 350, 352, 353, 354, 356, 373, 374]	experiments/e149_final20_stoichiometry_v1/out_s7/ova_c4_iptm80_20d_c5/seed-2_sample-1/ova_c4_iptm80_20d_c5_seed-2_sample-1_summary_confidences.json	experiments/e149_final20_stoichiometry_v1/out_s7/ova_c4_iptm80_20d_c5/seed-2_sample-1/ova_c4_iptm80_20d_c5_seed-2_sample-1_model.cif
ova_c4_iptm80_20d_c5	seed-2_sample-2	5	0.43	0.53	87.08826426767932	nan	nan	0.45	0.0	9	5	1	0	203	203	0	0.11	0.38	14.14	"{""A-B"": 53, ""A-C"": 12, ""A-D"": 20, ""A-E"": 17, ""B-C"": 19, ""B-D"": 11, ""B-E"": 11, ""C-D"": 52, ""C-E"": 0, ""D-E"": 8}"	[86, 87, 90, 94, 95, 96, 97, 98, 99, 123, 127, 128, 129, 131, 149, 152, 153, 155, 157, 182, 184, 190, 191, 192, 193, 196, 197, 198, 208, 216, 217, 236, 271, 272, 278, 287, 334, 336, 337, 338, 339, 340, 341, 342, 343, 344, 345, 346, 347, 348, 349, 350, 352, 353, 354, 356, 357, 373, 374]	experiments/e149_final20_stoichiometry_v1/out_s7/ova_c4_iptm80_20d_c5/seed-2_sample-2/ova_c4_iptm80_20d_c5_seed-2_sample-2_summary_confidences.json	experiments/e149_final20_stoichiometry_v1/out_s7/ova_c4_iptm80_20d_c5/seed-2_sample-2/ova_c4_iptm80_20d_c5_seed-2_sample-2_model.cif
ova_c4_iptm80_20d_c5	seed-2_sample-3	5	0.43	0.53	87.13777175468485	nan	nan	0.45	0.0	8	5	1	0	217	217	0	0.11	0.395	14.27	"{""A-B"": 63, ""A-C"": 10, ""A-D"": 25, ""A-E"": 7, ""B-C"": 24, ""B-D"": 10, ""B-E"": 2, ""C-D"": 59, ""C-E"": 0, ""D-E"": 17}"	[86, 87, 90, 94, 95, 96, 97, 98, 99, 182, 184, 186, 188, 190, 191, 192, 193, 216, 217, 236, 237, 271, 272, 276, 278, 337, 338, 339, 340, 341, 342, 343, 344, 345, 346, 347, 348, 349, 350, 351, 352, 353, 354, 355, 356, 357, 373, 374]	experiments/e149_final20_stoichiometry_v1/out_s7/ova_c4_iptm80_20d_c5/seed-2_sample-3/ova_c4_iptm80_20d_c5_seed-2_sample-3_summary_confidences.json	experiments/e149_final20_stoichiometry_v1/out_s7/ova_c4_iptm80_20d_c5/seed-2_sample-3/ova_c4_iptm80_20d_c5_seed-2_sample-3_model.cif
ova_c4_iptm80_20d_c5	seed-2_sample-4	5	0.45	0.55	87.02878241464882	nan	nan	0.47	0.0	8	5	1	0	169	169	0	0.1	0.41000000000000003	13.905000000000001	"{""A-B"": 57, ""A-C"": 9, ""A-D"": 12, ""A-E"": 0, ""B-C"": 11, ""B-D"": 8, ""B-E"": 6, ""C-D"": 55, ""C-E"": 3, ""D-E"": 8}"	[72, 73, 75, 76, 77, 86, 89, 90, 94, 95, 96, 97, 98, 99, 116, 120, 124, 182, 184, 190, 191, 192, 193, 216, 217, 224, 236, 238, 271, 272, 276, 278, 337, 338, 339, 340, 341, 342, 344, 345, 346, 347, 348, 350, 353, 354, 356, 373, 374]	experiments/e149_final20_stoichiometry_v1/out_s7/ova_c4_iptm80_20d_c5/seed-2_sample-4/ova_c4_iptm80_20d_c5_seed-2_sample-4_summary_confidences.json	experiments/e149_final20_stoichiometry_v1/out_s7/ova_c4_iptm80_20d_c5/seed-2_sample-4/ova_c4_iptm80_20d_c5_seed-2_sample-4_model.cif
ova_c4_iptm80_20d_c5	seed-3_sample-0	5	0.42	0.52	87.05417098406065	nan	nan	0.44	0.0	9	5	1	0	218	218	0	0.12	0.35	14.19	"{""A-B"": 21, ""A-C"": 58, ""A-D"": 7, ""A-E"": 0, ""B-C"": 9, ""B-D"": 58, ""B-E"": 9, ""C-D"": 24, ""C-E"": 14, ""D-E"": 18}"	[86, 89, 90, 94, 95, 96, 97, 98, 99, 123, 124, 127, 128, 156, 157, 159, 160, 182, 184, 187, 190, 191, 192, 193, 216, 217, 222, 224, 236, 271, 272, 276, 278, 334, 336, 337, 338, 339, 340, 341, 342, 343, 344, 345, 346, 347, 348, 349, 350, 352, 353, 354, 355, 356, 373, 374]	experiments/e149_final20_stoichiometry_v1/out_s7/ova_c4_iptm80_20d_c5/seed-3_sample-0/ova_c4_iptm80_20d_c5_seed-3_sample-0_summary_confidences.json	experiments/e149_final20_stoichiometry_v1/out_s7/ova_c4_iptm80_20d_c5/seed-3_sample-0/ova_c4_iptm80_20d_c5_seed-3_sample-0_model.cif
ova_c4_iptm80_20d_c5	seed-3_sample-1	5	0.43	0.53	87.28437845694586	nan	nan	0.45	0.0	9	5	1	0	261	261	0	0.11	0.39	14.26	"{""A-B"": 30, ""A-C"": 62, ""A-D"": 8, ""A-E"": 11, ""B-C"": 8, ""B-D"": 61, ""B-E"": 20, ""C-D"": 30, ""C-E"": 0, ""D-E"": 31}"	[86, 90, 95, 96, 97, 98, 99, 110, 113, 114, 116, 119, 120, 123, 124, 131, 132, 133, 134, 138, 141, 142, 145, 148, 149, 152, 182, 184, 188, 190, 191, 192, 193, 216, 217, 236, 237, 238, 239, 271, 272, 276, 277, 278, 337, 338, 339, 340, 341, 342, 343, 344, 345, 346, 347, 348, 349, 350, 351, 352, 353, 354, 356, 373, 374]	experiments/e149_final20_stoichiometry_v1/out_s7/ova_c4_iptm80_20d_c5/seed-3_sample-1/ova_c4_iptm80_20d_c5_seed-3_sample-1_summary_confidences.json	experiments/e149_final20_stoichiometry_v1/out_s7/ova_c4_iptm80_20d_c5/seed-3_sample-1/ova_c4_iptm80_20d_c5_seed-3_sample-1_model.cif
ova_c4_iptm80_20d_c5	seed-3_sample-2	5	0.44	0.54	87.1382900890291	nan	nan	0.46	0.0	8	5	1	0	231	231	0	0.11	0.405	13.66	"{""A-B"": 29, ""A-C"": 59, ""A-D"": 9, ""A-E"": 20, ""B-C"": 8, ""B-D"": 60, ""B-E"": 15, ""C-D"": 30, ""C-E"": 0, ""D-E"": 1}"	[86, 87, 90, 95, 96, 97, 98, 99, 182, 183, 184, 188, 190, 191, 192, 193, 194, 216, 217, 236, 237, 271, 272, 276, 277, 278, 280, 334, 336, 337, 338, 339, 340, 341, 342, 343, 344, 345, 346, 347, 348, 349, 350, 351, 352, 353, 354, 355, 356, 357, 358, 373, 374]	experiments/e149_final20_stoichiometry_v1/out_s7/ova_c4_iptm80_20d_c5/seed-3_sample-2/ova_c4_iptm80_20d_c5_seed-3_sample-2_summary_confidences.json	experiments/e149_final20_stoichiometry_v1/out_s7/ova_c4_iptm80_20d_c5/seed-3_sample-2/ova_c4_iptm80_20d_c5_seed-3_sample-2_model.cif
ova_c4_iptm80_20d_c5	seed-3_sample-3	5	0.28	0.41	86.58341978992205	nan	nan	0.3	0.0	5	5	1	0	128	128	0	0.13	0.17	18.69	"{""A-B"": 0, ""A-C"": 41, ""A-D"": 0, ""A-E"": 11, ""B-C"": 0, ""B-D"": 47, ""B-E"": 14, ""C-D"": 15, ""C-E"": 0, ""D-E"": 0}"	[93, 94, 95, 96, 97, 98, 99, 155, 156, 182, 183, 184, 190, 191, 192, 195, 196, 217, 277, 278, 337, 338, 339, 340, 342, 343, 344, 345, 346, 347, 348, 349, 350, 351, 353, 354, 355, 356, 357]	experiments/e149_final20_stoichiometry_v1/out_s7/ova_c4_iptm80_20d_c5/seed-3_sample-3/ova_c4_iptm80_20d_c5_seed-3_sample-3_summary_confidences.json	experiments/e149_final20_stoichiometry_v1/out_s7/ova_c4_iptm80_20d_c5/seed-3_sample-3/ova_c4_iptm80_20d_c5_seed-3_sample-3_model.cif
ova_c4_iptm80_20d_c5	seed-3_sample-4	5	0.41	0.52	87.13025912349089	nan	nan	0.43	0.0	9	5	1	0	242	242	0	0.11	0.37	15.01	"{""A-B"": 28, ""A-C"": 63, ""A-D"": 8, ""A-E"": 13, ""B-C"": 8, ""B-D"": 61, ""B-E"": 9, ""C-D"": 30, ""C-E"": 22, ""D-E"": 0}"	[86, 90, 95, 96, 97, 98, 99, 103, 105, 119, 123, 127, 128, 129, 131, 148, 149, 152, 153, 182, 184, 190, 191, 192, 193, 216, 217, 219, 234, 236, 237, 238, 239, 241, 270, 271, 272, 273, 276, 277, 278, 337, 338, 339, 340, 341, 342, 343, 344, 345, 346, 347, 348, 349, 350, 351, 353, 354, 355, 356, 357, 372, 373, 374]	experiments/e149_final20_stoichiometry_v1/out_s7/ova_c4_iptm80_20d_c5/seed-3_sample-4/ova_c4_iptm80_20d_c5_seed-3_sample-4_summary_confidences.json	experiments/e149_final20_stoichiometry_v1/out_s7/ova_c4_iptm80_20d_c5/seed-3_sample-4/ova_c4_iptm80_20d_c5_seed-3_sample-4_model.cif
ova_c4_iptm80_20d_c6	seed-1_sample-0	6	0.33	0.44	87.3467616738433	nan	nan	0.35	0.0	6	6	1	0	238	238	0	0.36	0.345	12.885	"{""A-B"": 0, ""A-C"": 28, ""A-D"": 51, ""A-E"": 0, ""A-F"": 0, ""B-C"": 0, ""B-D"": 31, ""B-E"": 50, ""B-F"": 0, ""C-D"": 0, ""C-E"": 0, ""C-F"": 48, ""D-E"": 0, ""D-F"": 0, ""E-F"": 30}"	[1, 2, 6, 64, 65, 83, 86, 87, 90, 94, 95, 96, 97, 98, 99, 155, 156, 182, 183, 184, 190, 191, 192, 193, 195, 196, 262, 263, 266, 267, 270, 271, 272, 337, 338, 340, 342, 344, 345, 348, 373, 374]	experiments/e149_final20_stoichiometry_v1/out_s1/ova_c4_iptm80_20d_c6/seed-1_sample-0/ova_c4_iptm80_20d_c6_seed-1_sample-0_summary_confidences.json	experiments/e149_final20_stoichiometry_v1/out_s1/ova_c4_iptm80_20d_c6/seed-1_sample-0/ova_c4_iptm80_20d_c6_seed-1_sample-0_model.cif
ova_c4_iptm80_20d_c6	seed-1_sample-1	6	0.33	0.43	87.05329021394562	nan	nan	0.35	0.0	6	6	1	0	210	210	0	0.34	0.34	13.260000000000002	"{""A-B"": 0, ""A-C"": 23, ""A-D"": 50, ""A-E"": 0, ""A-F"": 0, ""B-C"": 0, ""B-D"": 25, ""B-E"": 44, ""B-F"": 0, ""C-D"": 0, ""C-E"": 0, ""C-F"": 46, ""D-E"": 0, ""D-F"": 0, ""E-F"": 22}"	[1, 6, 64, 83, 86, 87, 90, 94, 95, 96, 97, 98, 99, 152, 155, 156, 182, 183, 184, 190, 191, 192, 193, 194, 195, 196, 208, 210, 262, 263, 266, 267, 270, 271, 272, 337, 338, 340, 342, 345, 373, 374]	experiments/e149_final20_stoichiometry_v1/out_s1/ova_c4_iptm80_20d_c6/seed-1_sample-1/ova_c4_iptm80_20d_c6_seed-1_sample-1_summary_confidences.json	experiments/e149_final20_stoichiometry_v1/out_s1/ova_c4_iptm80_20d_c6/seed-1_sample-1/ova_c4_iptm80_20d_c6_seed-1_sample-1_model.cif
ova_c4_iptm80_20d_c6	seed-1_sample-2	6	0.33	0.43	87.29624333159293	nan	nan	0.35	0.0	6	6	1	0	212	212	0	0.34	0.335	13.17	"{""A-B"": 0, ""A-C"": 26, ""A-D"": 47, ""A-E"": 0, ""A-F"": 0, ""B-C"": 0, ""B-D"": 24, ""B-E"": 41, ""B-F"": 0, ""C-D"": 0, ""C-E"": 0, ""C-F"": 49, ""D-E"": 0, ""D-F"": 0, ""E-F"": 25}"	[1, 6, 64, 65, 83, 86, 87, 90, 94, 95, 96, 97, 98, 99, 155, 156, 182, 183, 184, 190, 191, 192, 193, 195, 196, 208, 210, 262, 263, 266, 267, 270, 271, 272, 337, 338, 340, 342, 344, 345, 348, 373, 374]	experiments/e149_final20_stoichiometry_v1/out_s1/ova_c4_iptm80_20d_c6/seed-1_sample-2/ova_c4_iptm80_20d_c6_seed-1_sample-2_summary_confidences.json	experiments/e149_final20_stoichiometry_v1/out_s1/ova_c4_iptm80_20d_c6/seed-1_sample-2/ova_c4_iptm80_20d_c6_seed-1_sample-2_model.cif
ova_c4_iptm80_20d_c6	seed-1_sample-3	6	0.32	0.42	87.20422280267113	nan	nan	0.34	0.0	6	6	1	0	237	237	0	0.32	0.315	13.445	"{""A-B"": 0, ""A-C"": 27, ""A-D"": 51, ""A-E"": 0, ""A-F"": 0, ""B-C"": 0, ""B-D"": 26, ""B-E"": 54, ""B-F"": 0, ""C-D"": 0, ""C-E"": 0, ""C-F"": 56, ""D-E"": 0, ""D-F"": 0, ""E-F"": 23}"	[1, 6, 64, 65, 82, 83, 86, 87, 90, 94, 95, 96, 97, 98, 99, 155, 156, 157, 182, 183, 184, 190, 191, 192, 193, 194, 195, 196, 208, 262, 263, 266, 267, 270, 271, 272, 337, 338, 340, 342, 344, 345, 348, 373, 374]	experiments/e149_final20_stoichiometry_v1/out_s1/ova_c4_iptm80_20d_c6/seed-1_sample-3/ova_c4_iptm80_20d_c6_seed-1_sample-3_summary_confidences.json	experiments/e149_final20_stoichiometry_v1/out_s1/ova_c4_iptm80_20d_c6/seed-1_sample-3/ova_c4_iptm80_20d_c6_seed-1_sample-3_model.cif
ova_c4_iptm80_20d_c6	seed-1_sample-4	6	0.33	0.43	87.22401554720389	nan	nan	0.35	0.0	6	6	1	0	201	201	0	0.35	0.33499999999999996	13.415	"{""A-B"": 0, ""A-C"": 25, ""A-D"": 43, ""A-E"": 0, ""A-F"": 0, ""B-C"": 0, ""B-D"": 25, ""B-E"": 45, ""B-F"": 0, ""C-D"": 0, ""C-E"": 0, ""C-F"": 40, ""D-E"": 0, ""D-F"": 0, ""E-F"": 23}"	[1, 2, 6, 64, 86, 87, 90, 94, 95, 96, 97, 98, 99, 155, 156, 182, 184, 190, 191, 192, 193, 195, 196, 262, 263, 266, 267, 270, 271, 272, 337, 338, 340, 342, 344, 345, 348, 373, 374]	experiments/e149_final20_stoichiometry_v1/out_s1/ova_c4_iptm80_20d_c6/seed-1_sample-4/ova_c4_iptm80_20d_c6_seed-1_sample-4_summary_confidences.json	experiments/e149_final20_stoichiometry_v1/out_s1/ova_c4_iptm80_20d_c6/seed-1_sample-4/ova_c4_iptm80_20d_c6_seed-1_sample-4_model.cif
ova_c4_iptm80_20d_c6	seed-2_sample-0	6	0.38	0.48	86.2377462140019	nan	nan	0.4	0.0	12	6	1	0	321	321	0	0.47	0.22	14.58	"{""A-B"": 39, ""A-C"": 25, ""A-D"": 9, ""A-E"": 33, ""A-F"": 0, ""B-C"": 0, ""B-D"": 27, ""B-E"": 8, ""B-F"": 35, ""C-D"": 39, ""C-E"": 27, ""C-F"": 10, ""D-E"": 0, ""D-F"": 31, ""E-F"": 38}"	[1, 6, 86, 90, 95, 96, 97, 148, 151, 152, 155, 156, 157, 159, 160, 184, 188, 189, 191, 192, 215, 216, 217, 271, 272, 278, 336, 337, 338, 339, 340, 342, 343, 344, 345, 346, 347, 348, 349, 350, 351, 352, 353, 354, 355, 373, 374]	experiments/e149_final20_stoichiometry_v1/out_s1/ova_c4_iptm80_20d_c6/seed-2_sample-0/ova_c4_iptm80_20d_c6_seed-2_sample-0_summary_confidences.json	experiments/e149_final20_stoichiometry_v1/out_s1/ova_c4_iptm80_20d_c6/seed-2_sample-0/ova_c4_iptm80_20d_c6_seed-2_sample-0_model.cif
ova_c4_iptm80_20d_c6	seed-2_sample-1	6	0.4	0.49	86.03113988767633	nan	nan	0.42	0.0	12	6	1	0	340	340	0	0.48	0.24	14.51	"{""A-B"": 68, ""A-C"": 17, ""A-D"": 13, ""A-E"": 18, ""A-F"": 0, ""B-C"": 0, ""B-D"": 18, ""B-E"": 10, ""B-F"": 18, ""C-D"": 64, ""C-E"": 18, ""C-F"": 14, ""D-E"": 0, ""D-F"": 17, ""E-F"": 65}"	[1, 6, 86, 87, 90, 94, 95, 96, 97, 99, 151, 155, 156, 157, 159, 160, 183, 184, 188, 189, 190, 191, 194, 210, 215, 216, 217, 266, 271, 272, 278, 285, 287, 289, 332, 334, 336, 337, 338, 339, 340, 342, 345, 346, 347, 348, 349, 350, 352, 353, 354, 355, 373, 374]	experiments/e149_final20_stoichiometry_v1/out_s1/ova_c4_iptm80_20d_c6/seed-2_sample-1/ova_c4_iptm80_20d_c6_seed-2_sample-1_summary_confidences.json	experiments/e149_final20_stoichiometry_v1/out_s1/ova_c4_iptm80_20d_c6/seed-2_sample-1/ova_c4_iptm80_20d_c6_seed-2_sample-1_model.cif
ova_c4_iptm80_20d_c6	seed-2_sample-2	6	0.33	0.43	86.81427466436989	nan	nan	0.35	0.0	6	6	1	0	245	245	0	0.34	0.32	13.120000000000001	"{""A-B"": 58, ""A-C"": 0, ""A-D"": 24, ""A-E"": 0, ""A-F"": 0, ""B-C"": 0, ""B-D"": 0, ""B-E"": 21, ""B-F"": 0, ""C-D"": 57, ""C-E"": 0, ""C-F"": 24, ""D-E"": 0, ""D-F"": 0, ""E-F"": 61}"	[1, 6, 64, 83, 86, 87, 90, 94, 95, 96, 97, 98, 99, 151, 152, 155, 156, 157, 182, 183, 184, 190, 191, 192, 193, 194, 195, 196, 208, 210, 262, 263, 266, 267, 270, 271, 272, 337, 338, 340, 342, 344, 345, 348, 373, 374]	experiments/e149_final20_stoichiometry_v1/out_s1/ova_c4_iptm80_20d_c6/seed-2_sample-2/ova_c4_iptm80_20d_c6_seed-2_sample-2_summary_confidences.json	experiments/e149_final20_stoichiometry_v1/out_s1/ova_c4_iptm80_20d_c6/seed-2_sample-2/ova_c4_iptm80_20d_c6_seed-2_sample-2_model.cif
ova_c4_iptm80_20d_c6	seed-2_sample-3	6	0.35	0.44	85.93386021549837	nan	nan	0.36	0.0	12	6	1	0	252	252	0	0.36	0.2	17.165	"{""A-B"": 40, ""A-C"": 9, ""A-D"": 27, ""A-E"": 9, ""A-F"": 0, ""B-C"": 0, ""B-D"": 9, ""B-E"": 26, ""B-F"": 9, ""C-D"": 38, ""C-E"": 9, ""C-F"": 29, ""D-E"": 0, ""D-F"": 9, ""E-F"": 38}"	[1, 6, 64, 65, 66, 67, 86, 87, 90, 93, 94, 95, 96, 97, 151, 155, 156, 157, 159, 184, 188, 191, 217, 263, 266, 267, 270, 271, 272, 273, 278, 336, 337, 338, 339, 340, 342, 345, 346, 349, 350, 351, 353, 354, 355, 373, 374]	experiments/e149_final20_stoichiometry_v1/out_s1/ova_c4_iptm80_20d_c6/seed-2_sample-3/ova_c4_iptm80_20d_c6_seed-2_sample-3_summary_confidences.json	experiments/e149_final20_stoichiometry_v1/out_s1/ova_c4_iptm80_20d_c6/seed-2_sample-3/ova_c4_iptm80_20d_c6_seed-2_sample-3_model.cif
ova_c4_iptm80_20d_c6	seed-2_sample-4	6	0.38	0.47	86.43974095675611	nan	nan	0.4	0.0	12	6	1	0	247	247	0	0.44	0.22499999999999998	14.845	"{""A-B"": 34, ""A-C"": 18, ""A-D"": 17, ""A-E"": 16, ""A-F"": 0, ""B-C"": 0, ""B-D"": 16, ""B-E"": 16, ""B-F"": 15, ""C-D"": 33, ""C-E"": 18, ""C-F"": 15, ""D-E"": 0, ""D-F"": 20, ""E-F"": 29}"	[1, 6, 86, 87, 90, 94, 95, 96, 97, 151, 155, 156, 157, 159, 188, 189, 191, 216, 217, 263, 266, 271, 272, 278, 336, 337, 338, 339, 342, 343, 345, 346, 347, 349, 350, 351, 352, 353, 354, 355, 373, 374]	experiments/e149_final20_stoichiometry_v1/out_s1/ova_c4_iptm80_20d_c6/seed-2_sample-4/ova_c4_iptm80_20d_c6_seed-2_sample-4_summary_confidences.json	experiments/e149_final20_stoichiometry_v1/out_s1/ova_c4_iptm80_20d_c6/seed-2_sample-4/ova_c4_iptm80_20d_c6_seed-2_sample-4_model.cif
ova_c4_iptm80_20d_c6	seed-3_sample-0	6	0.36	0.45	85.29414490220461	nan	nan	0.37	0.0	15	6	1	0	353	353	0	0.29	0.23	15.92	"{""A-B"": 46, ""A-C"": 23, ""A-D"": 10, ""A-E"": 25, ""A-F"": 12, ""B-C"": 13, ""B-D"": 24, ""B-E"": 11, ""B-F"": 25, ""C-D"": 43, ""C-E"": 26, ""C-F"": 11, ""D-E"": 15, ""D-F"": 24, ""E-F"": 45}"	[89, 93, 94, 95, 96, 97, 99, 101, 152, 155, 182, 184, 186, 187, 188, 190, 191, 192, 193, 217, 236, 238, 271, 276, 278, 334, 336, 337, 338, 339, 340, 341, 342, 343, 344, 345, 346, 347, 348, 349, 350, 352, 353, 354, 372]	experiments/e149_final20_stoichiometry_v1/out_s1/ova_c4_iptm80_20d_c6/seed-3_sample-0/ova_c4_iptm80_20d_c6_seed-3_sample-0_summary_confidences.json	experiments/e149_final20_stoichiometry_v1/out_s1/ova_c4_iptm80_20d_c6/seed-3_sample-0/ova_c4_iptm80_20d_c6_seed-3_sample-0_model.cif
ova_c4_iptm80_20d_c6	seed-3_sample-1	6	0.36	0.46	85.04287571487032	nan	nan	0.38	0.0	15	6	1	0	378	378	0	0.3	0.23	16.24	"{""A-B"": 44, ""A-C"": 30, ""A-D"": 10, ""A-E"": 29, ""A-F"": 10, ""B-C"": 10, ""B-D"": 30, ""B-E"": 11, ""B-F"": 29, ""C-D"": 46, ""C-E"": 31, ""C-F"": 11, ""D-E"": 10, ""D-F"": 30, ""E-F"": 47}"	[93, 94, 95, 96, 97, 99, 101, 155, 182, 184, 186, 187, 188, 189, 190, 191, 192, 193, 217, 234, 236, 238, 239, 271, 276, 278, 285, 334, 336, 337, 338, 339, 340, 341, 342, 343, 344, 345, 346, 347, 348, 349, 350, 352, 353, 354, 372]	experiments/e149_final20_stoichiometry_v1/out_s1/ova_c4_iptm80_20d_c6/seed-3_sample-1/ova_c4_iptm80_20d_c6_seed-3_sample-1_summary_confidences.json	experiments/e149_final20_stoichiometry_v1/out_s1/ova_c4_iptm80_20d_c6/seed-3_sample-1/ova_c4_iptm80_20d_c6_seed-3_sample-1_model.cif
ova_c4_iptm80_20d_c6	seed-3_sample-2	6	0.35	0.45	84.62023316022646	nan	nan	0.37	0.0	15	6	1	0	352	352	0	0.29	0.22	16.69	"{""A-B"": 51, ""A-C"": 24, ""A-D"": 11, ""A-E"": 22, ""A-F"": 8, ""B-C"": 9, ""B-D"": 22, ""B-E"": 11, ""B-F"": 24, ""C-D"": 52, ""C-E"": 23, ""C-F"": 11, ""D-E"": 12, ""D-F"": 22, ""E-F"": 50}"	[93, 94, 95, 96, 99, 101, 155, 182, 184, 186, 187, 188, 191, 192, 193, 216, 217, 234, 236, 237, 238, 271, 275, 276, 277, 278, 334, 336, 337, 338, 339, 340, 341, 342, 343, 344, 345, 346, 347, 348, 349, 350, 352, 353, 354, 372, 373]	experiments/e149_final20_stoichiometry_v1/out_s1/ova_c4_iptm80_20d_c6/seed-3_sample-2/ova_c4_iptm80_20d_c6_seed-3_sample-2_summary_confidences.json	experiments/e149_final20_stoichiometry_v1/out_s1/ova_c4_iptm80_20d_c6/seed-3_sample-2/ova_c4_iptm80_20d_c6_seed-3_sample-2_model.cif
ova_c4_iptm80_20d_c6	seed-3_sample-3	6	0.37	0.47	85.5186788232833	nan	nan	0.39	0.0	12	6	1	0	344	344	0	0.35	0.24	15.64	"{""A-B"": 50, ""A-C"": 27, ""A-D"": 11, ""A-E"": 28, ""A-F"": 2, ""B-C"": 2, ""B-D"": 27, ""B-E"": 11, ""B-F"": 26, ""C-D"": 46, ""C-E"": 26, ""C-F"": 10, ""D-E"": 2, ""D-F"": 25, ""E-F"": 51}"	[1, 96, 97, 186, 187, 188, 189, 190, 191, 192, 193, 216, 217, 236, 237, 238, 239, 271, 272, 276, 285, 334, 336, 337, 338, 339, 340, 341, 342, 343, 344, 345, 346, 347, 348, 349, 350, 351, 352, 353, 354, 373]	experiments/e149_final20_stoichiometry_v1/out_s1/ova_c4_iptm80_20d_c6/seed-3_sample-3/ova_c4_iptm80_20d_c6_seed-3_sample-3_summary_confidences.json	experiments/e149_final20_stoichiometry_v1/out_s1/ova_c4_iptm80_20d_c6/seed-3_sample-3/ova_c4_iptm80_20d_c6_seed-3_sample-3_model.cif
ova_c4_iptm80_20d_c6	seed-3_sample-4	6	0.35	0.44	84.29603630026388	nan	nan	0.37	0.0	15	6	1	0	419	419	0	0.28	0.22	16.31	"{""A-B"": 58, ""A-C"": 22, ""A-D"": 8, ""A-E"": 20, ""A-F"": 32, ""B-C"": 34, ""B-D"": 20, ""B-E"": 8, ""B-F"": 20, ""C-D"": 60, ""C-E"": 20, ""C-F"": 7, ""D-E"": 33, ""D-F"": 20, ""E-F"": 57}"	[73, 89, 93, 94, 95, 96, 97, 99, 101, 110, 120, 123, 131, 132, 133, 134, 152, 155, 182, 184, 186, 187, 188, 191, 192, 193, 216, 217, 234, 236, 237, 238, 271, 275, 276, 277, 278, 334, 336, 337, 338, 339, 340, 341, 342, 343, 344, 345, 346, 347, 348, 349, 350, 352, 353, 354, 372, 373]	experiments/e149_final20_stoichiometry_v1/out_s1/ova_c4_iptm80_20d_c6/seed-3_sample-4/ova_c4_iptm80_20d_c6_seed-3_sample-4_summary_confidences.json	experiments/e149_final20_stoichiometry_v1/out_s1/ova_c4_iptm80_20d_c6/seed-3_sample-4/ova_c4_iptm80_20d_c6_seed-3_sample-4_model.cif
ova_c4_iptm80_21e_c1	seed-1_sample-0	1	0.0	0.92	91.27979269670081	nan	nan	0.92	0.0	0	1	0	0	0	0	0	0.0	nan	nan	{}	[]	experiments/e149_final20_stoichiometry_v1/out_s3/ova_c4_iptm80_21e_c1/seed-1_sample-0/ova_c4_iptm80_21e_c1_seed-1_sample-0_summary_confidences.json	experiments/e149_final20_stoichiometry_v1/out_s3/ova_c4_iptm80_21e_c1/seed-1_sample-0/ova_c4_iptm80_21e_c1_seed-1_sample-0_model.cif
ova_c4_iptm80_21e_c1	seed-1_sample-1	1	0.0	0.92	90.55417078146662	nan	nan	0.92	0.0	0	1	0	0	0	0	0	0.0	nan	nan	{}	[]	experiments/e149_final20_stoichiometry_v1/out_s3/ova_c4_iptm80_21e_c1/seed-1_sample-1/ova_c4_iptm80_21e_c1_seed-1_sample-1_summary_confidences.json	experiments/e149_final20_stoichiometry_v1/out_s3/ova_c4_iptm80_21e_c1/seed-1_sample-1/ova_c4_iptm80_21e_c1_seed-1_sample-1_model.cif
ova_c4_iptm80_21e_c1	seed-1_sample-2	1	0.0	0.92	91.03683940116606	nan	nan	0.92	0.0	0	1	0	0	0	0	0	0.0	nan	nan	{}	[]	experiments/e149_final20_stoichiometry_v1/out_s3/ova_c4_iptm80_21e_c1/seed-1_sample-2/ova_c4_iptm80_21e_c1_seed-1_sample-2_summary_confidences.json	experiments/e149_final20_stoichiometry_v1/out_s3/ova_c4_iptm80_21e_c1/seed-1_sample-2/ova_c4_iptm80_21e_c1_seed-1_sample-2_model.cif
ova_c4_iptm80_21e_c1	seed-1_sample-3	1	0.0	0.92	91.07520713213194	nan	nan	0.92	0.0	0	1	0	0	0	0	0	0.0	nan	nan	{}	[]	experiments/e149_final20_stoichiometry_v1/out_s3/ova_c4_iptm80_21e_c1/seed-1_sample-3/ova_c4_iptm80_21e_c1_seed-1_sample-3_summary_confidences.json	experiments/e149_final20_stoichiometry_v1/out_s3/ova_c4_iptm80_21e_c1/seed-1_sample-3/ova_c4_iptm80_21e_c1_seed-1_sample-3_model.cif
ova_c4_iptm80_21e_c1	seed-1_sample-4	1	0.0	0.92	91.09953352577328	nan	nan	0.92	0.0	0	1	0	0	0	0	0	0.0	nan	nan	{}	[]	experiments/e149_final20_stoichiometry_v1/out_s3/ova_c4_iptm80_21e_c1/seed-1_sample-4/ova_c4_iptm80_21e_c1_seed-1_sample-4_summary_confidences.json	experiments/e149_final20_stoichiometry_v1/out_s3/ova_c4_iptm80_21e_c1/seed-1_sample-4/ova_c4_iptm80_21e_c1_seed-1_sample-4_model.cif
ova_c4_iptm80_21e_c1	seed-2_sample-0	1	0.0	0.92	90.87665798997632	nan	nan	0.92	0.0	0	1	0	0	0	0	0	0.0	nan	nan	{}	[]	experiments/e149_final20_stoichiometry_v1/out_s3/ova_c4_iptm80_21e_c1/seed-2_sample-0/ova_c4_iptm80_21e_c1_seed-2_sample-0_summary_confidences.json	experiments/e149_final20_stoichiometry_v1/out_s3/ova_c4_iptm80_21e_c1/seed-2_sample-0/ova_c4_iptm80_21e_c1_seed-2_sample-0_model.cif
ova_c4_iptm80_21e_c1	seed-2_sample-1	1	0.0	0.92	91.22246111736396	nan	nan	0.92	0.0	0	1	0	0	0	0	0	0.0	nan	nan	{}	[]	experiments/e149_final20_stoichiometry_v1/out_s3/ova_c4_iptm80_21e_c1/seed-2_sample-1/ova_c4_iptm80_21e_c1_seed-2_sample-1_summary_confidences.json	experiments/e149_final20_stoichiometry_v1/out_s3/ova_c4_iptm80_21e_c1/seed-2_sample-1/ova_c4_iptm80_21e_c1_seed-2_sample-1_model.cif
ova_c4_iptm80_21e_c1	seed-2_sample-2	1	0.0	0.92	90.82917118566641	nan	nan	0.92	0.0	0	1	0	0	0	0	0	0.0	nan	nan	{}	[]	experiments/e149_final20_stoichiometry_v1/out_s3/ova_c4_iptm80_21e_c1/seed-2_sample-2/ova_c4_iptm80_21e_c1_seed-2_sample-2_summary_confidences.json	experiments/e149_final20_stoichiometry_v1/out_s3/ova_c4_iptm80_21e_c1/seed-2_sample-2/ova_c4_iptm80_21e_c1_seed-2_sample-2_model.cif
ova_c4_iptm80_21e_c1	seed-2_sample-3	1	0.0	0.92	91.33098460973235	nan	nan	0.92	0.0	0	1	0	0	0	0	0	0.0	nan	nan	{}	[]	experiments/e149_final20_stoichiometry_v1/out_s3/ova_c4_iptm80_21e_c1/seed-2_sample-3/ova_c4_iptm80_21e_c1_seed-2_sample-3_summary_confidences.json	experiments/e149_final20_stoichiometry_v1/out_s3/ova_c4_iptm80_21e_c1/seed-2_sample-3/ova_c4_iptm80_21e_c1_seed-2_sample-3_model.cif
ova_c4_iptm80_21e_c1	seed-2_sample-4	1	0.0	0.92	91.0186788232833	nan	nan	0.92	0.0	0	1	0	0	0	0	0	0.0	nan	nan	{}	[]	experiments/e149_final20_stoichiometry_v1/out_s3/ova_c4_iptm80_21e_c1/seed-2_sample-4/ova_c4_iptm80_21e_c1_seed-2_sample-4_summary_confidences.json	experiments/e149_final20_stoichiometry_v1/out_s3/ova_c4_iptm80_21e_c1/seed-2_sample-4/ova_c4_iptm80_21e_c1_seed-2_sample-4_model.cif
ova_c4_iptm80_21e_c1	seed-3_sample-0	1	0.0	0.92	90.97147662899037	nan	nan	0.92	0.0	0	1	0	0	0	0	0	0.0	nan	nan	{}	[]	experiments/e149_final20_stoichiometry_v1/out_s3/ova_c4_iptm80_21e_c1/seed-3_sample-0/ova_c4_iptm80_21e_c1_seed-3_sample-0_summary_confidences.json	experiments/e149_final20_stoichiometry_v1/out_s3/ova_c4_iptm80_21e_c1/seed-3_sample-0/ova_c4_iptm80_21e_c1_seed-3_sample-0_model.cif
ova_c4_iptm80_21e_c1	seed-3_sample-1	1	0.0	0.92	90.94660627533118	nan	nan	0.92	0.0	0	1	0	0	0	0	0	0.0	nan	nan	{}	[]	experiments/e149_final20_stoichiometry_v1/out_s3/ova_c4_iptm80_21e_c1/seed-3_sample-1/ova_c4_iptm80_21e_c1_seed-3_sample-1_summary_confidences.json	experiments/e149_final20_stoichiometry_v1/out_s3/ova_c4_iptm80_21e_c1/seed-3_sample-1/ova_c4_iptm80_21e_c1_seed-3_sample-1_model.cif
ova_c4_iptm80_21e_c1	seed-3_sample-2	1	0.0	0.92	91.03251285256499	nan	nan	0.92	0.0	0	1	0	0	0	0	0	0.0	nan	nan	{}	[]	experiments/e149_final20_stoichiometry_v1/out_s3/ova_c4_iptm80_21e_c1/seed-3_sample-2/ova_c4_iptm80_21e_c1_seed-3_sample-2_summary_confidences.json	experiments/e149_final20_stoichiometry_v1/out_s3/ova_c4_iptm80_21e_c1/seed-3_sample-2/ova_c4_iptm80_21e_c1_seed-3_sample-2_model.cif
ova_c4_iptm80_21e_c1	seed-3_sample-3	1	0.0	0.92	90.70683956640372	nan	nan	0.92	0.0	0	1	0	0	0	0	0	0.0	nan	nan	{}	[]	experiments/e149_final20_stoichiometry_v1/out_s3/ova_c4_iptm80_21e_c1/seed-3_sample-3/ova_c4_iptm80_21e_c1_seed-3_sample-3_summary_confidences.json	experiments/e149_final20_stoichiometry_v1/out_s3/ova_c4_iptm80_21e_c1/seed-3_sample-3/ova_c4_iptm80_21e_c1_seed-3_sample-3_model.cif
ova_c4_iptm80_21e_c1	seed-3_sample-4	1	0.0	0.92	90.88740941774041	nan	nan	0.92	0.0	0	1	0	0	0	0	0	0.0	nan	nan	{}	[]	experiments/e149_final20_stoichiometry_v1/out_s3/ova_c4_iptm80_21e_c1/seed-3_sample-4/ova_c4_iptm80_21e_c1_seed-3_sample-4_summary_confidences.json	experiments/e149_final20_stoichiometry_v1/out_s3/ova_c4_iptm80_21e_c1/seed-3_sample-4/ova_c4_iptm80_21e_c1_seed-3_sample-4_model.cif
ova_c4_iptm80_21e_c2	seed-1_sample-0	2	0.29	0.6	89.01163240541449	nan	nan	0.35	0.0	1	2	1	0	101	101	0	0.29	0.29	15.6	"{""A-B"": 101}"	[94, 95, 96, 97, 98, 99, 148, 151, 152, 153, 154, 155, 156, 157, 182, 183, 184, 188, 190, 191, 192, 193, 194, 195, 196, 207, 208, 209, 210, 211, 236, 336, 337, 338, 339, 340, 342, 343, 344, 345]	experiments/e149_final20_stoichiometry_v1/out_s0/ova_c4_iptm80_21e_c2/seed-1_sample-0/ova_c4_iptm80_21e_c2_seed-1_sample-0_summary_confidences.json	experiments/e149_final20_stoichiometry_v1/out_s0/ova_c4_iptm80_21e_c2/seed-1_sample-0/ova_c4_iptm80_21e_c2_seed-1_sample-0_model.cif
ova_c4_iptm80_21e_c2	seed-1_sample-1	2	0.27	0.6	88.9825130719595	nan	nan	0.34	0.0	1	2	1	0	67	67	0	0.27	0.27	16.42	"{""A-B"": 67}"	[95, 96, 97, 98, 99, 155, 156, 157, 159, 182, 183, 184, 188, 190, 191, 192, 194, 195, 196, 197, 208, 336, 337, 338, 339, 340, 342, 344, 345]	experiments/e149_final20_stoichiometry_v1/out_s0/ova_c4_iptm80_21e_c2/seed-1_sample-1/ova_c4_iptm80_21e_c2_seed-1_sample-1_summary_confidences.json	experiments/e149_final20_stoichiometry_v1/out_s0/ova_c4_iptm80_21e_c2/seed-1_sample-1/ova_c4_iptm80_21e_c2_seed-1_sample-1_model.cif
ova_c4_iptm80_21e_c2	seed-1_sample-2	2	0.25	0.59	88.74093265236968	nan	nan	0.31	0.0	1	2	1	0	53	53	0	0.25	0.25	14.87	"{""A-B"": 53}"	[94, 95, 96, 97, 99, 155, 156, 182, 183, 184, 188, 191, 192, 195, 336, 337, 338, 339, 340, 342, 343, 344, 345, 346, 347]	experiments/e149_final20_stoichiometry_v1/out_s0/ova_c4_iptm80_21e_c2/seed-1_sample-2/ova_c4_iptm80_21e_c2_seed-1_sample-2_summary_confidences.json	experiments/e149_final20_stoichiometry_v1/out_s0/ova_c4_iptm80_21e_c2/seed-1_sample-2/ova_c4_iptm80_21e_c2_seed-1_sample-2_model.cif
ova_c4_iptm80_21e_c2	seed-1_sample-3	2	0.28	0.6	88.79898960726248	nan	nan	0.35	0.0	1	2	1	0	83	83	0	0.28	0.28	16.17	"{""A-B"": 83}"	[94, 95, 96, 97, 98, 99, 151, 152, 155, 156, 157, 182, 183, 184, 188, 190, 191, 192, 193, 194, 195, 196, 208, 210, 336, 337, 338, 339, 340, 342, 344, 345, 346]	experiments/e149_final20_stoichiometry_v1/out_s0/ova_c4_iptm80_21e_c2/seed-1_sample-3/ova_c4_iptm80_21e_c2_seed-1_sample-3_summary_confidences.json	experiments/e149_final20_stoichiometry_v1/out_s0/ova_c4_iptm80_21e_c2/seed-1_sample-3/ova_c4_iptm80_21e_c2_seed-1_sample-3_model.cif
ova_c4_iptm80_21e_c2	seed-1_sample-4	2	0.28	0.6	88.96886005302785	nan	nan	0.34	0.0	1	2	1	0	73	73	0	0.28	0.28	16.18	"{""A-B"": 73}"	[94, 95, 96, 97, 98, 99, 151, 152, 154, 155, 156, 157, 182, 183, 184, 188, 190, 191, 192, 194, 195, 196, 208, 210, 336, 337, 338, 339, 340, 342, 344, 345]	experiments/e149_final20_stoichiometry_v1/out_s0/ova_c4_iptm80_21e_c2/seed-1_sample-4/ova_c4_iptm80_21e_c2_seed-1_sample-4_summary_confidences.json	experiments/e149_final20_stoichiometry_v1/out_s0/ova_c4_iptm80_21e_c2/seed-1_sample-4/ova_c4_iptm80_21e_c2_seed-1_sample-4_model.cif
ova_c4_iptm80_21e_c2	seed-2_sample-0	2	0.32	0.63	89.39430049046334	nan	nan	0.38	0.0	1	2	1	0	67	67	0	0.32	0.32	11.51	"{""A-B"": 67}"	[96, 97, 98, 99, 155, 156, 157, 159, 182, 183, 184, 188, 190, 191, 192, 193, 194, 195, 196, 336, 337, 338, 339, 340, 342, 343, 344, 345, 347]	experiments/e149_final20_stoichiometry_v1/out_s0/ova_c4_iptm80_21e_c2/seed-2_sample-0/ova_c4_iptm80_21e_c2_seed-2_sample-0_summary_confidences.json	experiments/e149_final20_stoichiometry_v1/out_s0/ova_c4_iptm80_21e_c2/seed-2_sample-0/ova_c4_iptm80_21e_c2_seed-2_sample-0_model.cif
ova_c4_iptm80_21e_c2	seed-2_sample-1	2	0.31	0.62	89.18865294777667	nan	nan	0.37	0.0	1	2	1	0	68	68	0	0.31	0.31	10.97	"{""A-B"": 68}"	[94, 95, 96, 97, 98, 99, 155, 156, 157, 182, 183, 184, 188, 190, 191, 192, 193, 194, 195, 196, 336, 337, 338, 339, 340, 342, 343, 344, 345]	experiments/e149_final20_stoichiometry_v1/out_s0/ova_c4_iptm80_21e_c2/seed-2_sample-1/ova_c4_iptm80_21e_c2_seed-2_sample-1_summary_confidences.json	experiments/e149_final20_stoichiometry_v1/out_s0/ova_c4_iptm80_21e_c2/seed-2_sample-1/ova_c4_iptm80_21e_c2_seed-2_sample-1_model.cif
ova_c4_iptm80_21e_c2	seed-2_sample-2	2	0.32	0.62	89.32922277302322	nan	nan	0.38	0.0	1	2	1	0	70	70	0	0.32	0.32	10.47	"{""A-B"": 70}"	[94, 95, 96, 97, 98, 99, 151, 152, 155, 156, 182, 183, 184, 190, 191, 192, 194, 195, 196, 208, 210, 336, 337, 338, 339, 340, 342, 343, 344, 345]	experiments/e149_final20_stoichiometry_v1/out_s0/ova_c4_iptm80_21e_c2/seed-2_sample-2/ova_c4_iptm80_21e_c2_seed-2_sample-2_summary_confidences.json	experiments/e149_final20_stoichiometry_v1/out_s0/ova_c4_iptm80_21e_c2/seed-2_sample-2/ova_c4_iptm80_21e_c2_seed-2_sample-2_model.cif
ova_c4_iptm80_21e_c2	seed-2_sample-3	2	0.32	0.62	89.21427450031814	nan	nan	0.38	0.0	1	2	1	0	65	65	0	0.32	0.32	11.16	"{""A-B"": 65}"	[94, 95, 96, 97, 98, 99, 151, 155, 156, 157, 182, 183, 184, 188, 190, 191, 192, 194, 195, 196, 208, 336, 337, 338, 339, 340, 342, 343, 344, 345]	experiments/e149_final20_stoichiometry_v1/out_s0/ova_c4_iptm80_21e_c2/seed-2_sample-3/ova_c4_iptm80_21e_c2_seed-2_sample-3_summary_confidences.json	experiments/e149_final20_stoichiometry_v1/out_s0/ova_c4_iptm80_21e_c2/seed-2_sample-3/ova_c4_iptm80_21e_c2_seed-2_sample-3_model.cif
ova_c4_iptm80_21e_c2	seed-2_sample-4	2	0.36	0.65	89.46352338049697	nan	nan	0.42	0.0	1	2	1	0	66	66	0	0.36	0.36	10.76	"{""A-B"": 66}"	[94, 95, 96, 98, 99, 155, 156, 157, 159, 182, 183, 184, 188, 190, 191, 192, 194, 195, 196, 208, 336, 337, 338, 340, 342, 344, 345, 346]	experiments/e149_final20_stoichiometry_v1/out_s0/ova_c4_iptm80_21e_c2/seed-2_sample-4/ova_c4_iptm80_21e_c2_seed-2_sample-4_summary_confidences.json	experiments/e149_final20_stoichiometry_v1/out_s0/ova_c4_iptm80_21e_c2/seed-2_sample-4/ova_c4_iptm80_21e_c2_seed-2_sample-4_model.cif
ova_c4_iptm80_21e_c2	seed-3_sample-0	2	0.29	0.6	88.95810877350328	nan	nan	0.35	0.0	1	2	1	0	97	97	0	0.29	0.29	14.18	"{""A-B"": 97}"	[94, 95, 96, 97, 98, 99, 151, 152, 155, 156, 157, 182, 183, 184, 188, 190, 191, 192, 193, 194, 195, 196, 208, 210, 236, 336, 337, 338, 339, 340, 342, 343, 344, 345]	experiments/e149_final20_stoichiometry_v1/out_s0/ova_c4_iptm80_21e_c2/seed-3_sample-0/ova_c4_iptm80_21e_c2_seed-3_sample-0_summary_confidences.json	experiments/e149_final20_stoichiometry_v1/out_s0/ova_c4_iptm80_21e_c2/seed-3_sample-0/ova_c4_iptm80_21e_c2_seed-3_sample-0_model.cif
ova_c4_iptm80_21e_c2	seed-3_sample-1	2	0.29	0.61	89.00111401019319	nan	nan	0.35	0.0	1	2	1	0	53	53	0	0.29	0.29	14.76	"{""A-B"": 53}"	[95, 96, 97, 98, 99, 155, 156, 157, 182, 183, 184, 188, 190, 191, 192, 194, 195, 196, 208, 336, 337, 338, 339, 340, 342, 344, 345]	experiments/e149_final20_stoichiometry_v1/out_s0/ova_c4_iptm80_21e_c2/seed-3_sample-1/ova_c4_iptm80_21e_c2_seed-3_sample-1_summary_confidences.json	experiments/e149_final20_stoichiometry_v1/out_s0/ova_c4_iptm80_21e_c2/seed-3_sample-1/ova_c4_iptm80_21e_c2_seed-3_sample-1_model.cif
ova_c4_iptm80_21e_c2	seed-3_sample-2	2	0.27	0.6	88.39717622865668	nan	nan	0.34	0.0	1	2	1	0	84	84	0	0.27	0.27	13.55	"{""A-B"": 84}"	[94, 95, 96, 97, 98, 99, 101, 151, 152, 154, 155, 156, 157, 182, 183, 184, 188, 190, 191, 192, 193, 194, 195, 196, 208, 210, 336, 337, 338, 339, 340, 342, 343, 344, 345, 348]	experiments/e149_final20_stoichiometry_v1/out_s0/ova_c4_iptm80_21e_c2/seed-3_sample-2/ova_c4_iptm80_21e_c2_seed-3_sample-2_summary_confidences.json	experiments/e149_final20_stoichiometry_v1/out_s0/ova_c4_iptm80_21e_c2/seed-3_sample-2/ova_c4_iptm80_21e_c2_seed-3_sample-2_model.cif
ova_c4_iptm80_21e_c2	seed-3_sample-3	2	0.29	0.6	88.63875646047642	nan	nan	0.35	0.0	1	2	1	0	89	89	0	0.29	0.29	14.24	"{""A-B"": 89}"	[94, 95, 96, 97, 98, 99, 151, 152, 153, 154, 155, 156, 157, 182, 183, 184, 188, 190, 191, 192, 193, 194, 195, 196, 208, 209, 210, 336, 337, 338, 339, 340, 342, 344, 345]	experiments/e149_final20_stoichiometry_v1/out_s0/ova_c4_iptm80_21e_c2/seed-3_sample-3/ova_c4_iptm80_21e_c2_seed-3_sample-3_summary_confidences.json	experiments/e149_final20_stoichiometry_v1/out_s0/ova_c4_iptm80_21e_c2/seed-3_sample-3/ova_c4_iptm80_21e_c2_seed-3_sample-3_model.cif
ova_c4_iptm80_21e_c2	seed-3_sample-4	2	0.27	0.59	88.66650277962957	nan	nan	0.33	0.0	1	2	1	0	70	70	0	0.27	0.27	14.32	"{""A-B"": 70}"	[96, 97, 98, 99, 155, 156, 157, 159, 182, 183, 184, 188, 191, 192, 193, 194, 195, 196, 336, 337, 338, 339, 340, 342, 343, 344, 345, 348]	experiments/e149_final20_stoichiometry_v1/out_s0/ova_c4_iptm80_21e_c2/seed-3_sample-4/ova_c4_iptm80_21e_c2_seed-3_sample-4_summary_confidences.json	experiments/e149_final20_stoichiometry_v1/out_s0/ova_c4_iptm80_21e_c2/seed-3_sample-4/ova_c4_iptm80_21e_c2_seed-3_sample-4_model.cif
ova_c4_iptm80_21e_c3	seed-1_sample-0	3	0.18	0.44	86.54647649261	nan	nan	0.23	0.0	3	3	1	0	146	146	0	0.11	0.11	26.48	"{""A-B"": 73, ""A-C"": 64, ""B-C"": 9}"	[1, 64, 65, 68, 70, 72, 73, 78, 79, 86, 89, 90, 92, 93, 94, 95, 96, 99, 101, 120, 124, 131, 133, 144, 145, 147, 148, 149, 151, 152, 155, 156, 182, 183, 184, 188, 190, 191, 192, 217, 237, 238, 239, 271, 275, 276, 336, 337, 338, 339, 340, 342, 343, 345, 346, 372, 373, 374]	experiments/e149_final20_stoichiometry_v1/out_s3/ova_c4_iptm80_21e_c3/seed-1_sample-0/ova_c4_iptm80_21e_c3_seed-1_sample-0_summary_confidences.json	experiments/e149_final20_stoichiometry_v1/out_s3/ova_c4_iptm80_21e_c3/seed-1_sample-0/ova_c4_iptm80_21e_c3_seed-1_sample-0_model.cif
ova_c4_iptm80_21e_c3	seed-1_sample-1	3	0.19	0.44	86.55533681879389	nan	nan	0.24	0.0	3	3	1	0	111	111	0	0.13	0.13	21.69	"{""A-B"": 23, ""A-C"": 23, ""B-C"": 65}"	[94, 95, 96, 97, 98, 99, 151, 152, 155, 156, 157, 180, 182, 183, 184, 186, 187, 190, 191, 192, 193, 194, 195, 196, 208, 210, 216, 217, 238, 276, 278, 334, 336, 337, 338, 339, 340, 341, 342, 343, 344, 345, 346, 347, 348, 349, 350, 351, 354]	experiments/e149_final20_stoichiometry_v1/out_s3/ova_c4_iptm80_21e_c3/seed-1_sample-1/ova_c4_iptm80_21e_c3_seed-1_sample-1_summary_confidences.json	experiments/e149_final20_stoichiometry_v1/out_s3/ova_c4_iptm80_21e_c3/seed-1_sample-1/ova_c4_iptm80_21e_c3_seed-1_sample-1_model.cif
ova_c4_iptm80_21e_c3	seed-1_sample-2	3	0.15	0.41	85.95626963482002	nan	nan	0.2	0.0	3	3	1	0	175	175	0	0.12	0.12	25.36	"{""A-B"": 58, ""A-C"": 60, ""B-C"": 57}"	[1, 77, 80, 94, 95, 96, 97, 110, 114, 119, 123, 124, 127, 128, 130, 131, 132, 133, 144, 145, 148, 149, 151, 152, 155, 156, 159, 186, 187, 216, 217, 236, 237, 238, 270, 271, 272, 275, 276, 277, 278, 340, 341, 345, 346, 349, 350, 372, 373]	experiments/e149_final20_stoichiometry_v1/out_s3/ova_c4_iptm80_21e_c3/seed-1_sample-2/ova_c4_iptm80_21e_c3_seed-1_sample-2_summary_confidences.json	experiments/e149_final20_stoichiometry_v1/out_s3/ova_c4_iptm80_21e_c3/seed-1_sample-2/ova_c4_iptm80_21e_c3_seed-1_sample-2_model.cif
ova_c4_iptm80_21e_c3	seed-1_sample-3	3	0.18	0.43	86.83738347779901	nan	nan	0.23	0.0	3	3	1	0	99	99	0	0.13	0.13	21.37	"{""A-B"": 29, ""A-C"": 10, ""B-C"": 60}"	[90, 94, 95, 96, 97, 98, 99, 151, 152, 155, 156, 182, 183, 184, 190, 191, 192, 194, 195, 196, 208, 210, 236, 237, 238, 239, 271, 336, 338, 339, 340, 341, 342, 343, 344, 345, 346, 347, 348, 349, 372, 373]	experiments/e149_final20_stoichiometry_v1/out_s3/ova_c4_iptm80_21e_c3/seed-1_sample-3/ova_c4_iptm80_21e_c3_seed-1_sample-3_summary_confidences.json	experiments/e149_final20_stoichiometry_v1/out_s3/ova_c4_iptm80_21e_c3/seed-1_sample-3/ova_c4_iptm80_21e_c3_seed-1_sample-3_model.cif
ova_c4_iptm80_21e_c3	seed-1_sample-4	3	0.2	0.44	87.15722821290011	nan	nan	0.25	0.0	2	3	1	0	75	75	0	0.14	0.165	20.245	"{""A-B"": 52, ""A-C"": 4, ""B-C"": 19}"	[95, 96, 97, 98, 99, 182, 184, 186, 188, 190, 191, 192, 193, 217, 219, 234, 236, 238, 271, 275, 276, 278, 337, 338, 339, 340, 341, 342, 343, 344, 345, 346, 347, 348, 350, 351, 353, 354, 372]	experiments/e149_final20_stoichiometry_v1/out_s3/ova_c4_iptm80_21e_c3/seed-1_sample-4/ova_c4_iptm80_21e_c3_seed-1_sample-4_summary_confidences.json	experiments/e149_final20_stoichiometry_v1/out_s3/ova_c4_iptm80_21e_c3/seed-1_sample-4/ova_c4_iptm80_21e_c3_seed-1_sample-4_model.cif
ova_c4_iptm80_21e_c3	seed-2_sample-0	3	0.18	0.43	86.8620207692675	nan	nan	0.23	0.0	3	3	1	0	93	93	0	0.13	0.13	20.76	"{""A-B"": 14, ""A-C"": 60, ""B-C"": 19}"	[86, 87, 90, 96, 97, 184, 186, 188, 190, 191, 192, 193, 236, 238, 239, 271, 272, 276, 336, 337, 338, 339, 340, 341, 342, 343, 344, 345, 346, 347, 348, 349, 350, 352, 373, 374]	experiments/e149_final20_stoichiometry_v1/out_s3/ova_c4_iptm80_21e_c3/seed-2_sample-0/ova_c4_iptm80_21e_c3_seed-2_sample-0_summary_confidences.json	experiments/e149_final20_stoichiometry_v1/out_s3/ova_c4_iptm80_21e_c3/seed-2_sample-0/ova_c4_iptm80_21e_c3_seed-2_sample-0_model.cif
ova_c4_iptm80_21e_c3	seed-2_sample-1	3	0.19	0.44	87.38681345529507	nan	nan	0.24	0.0	3	3	1	0	82	82	0	0.14	0.14	21.33	"{""A-B"": 18, ""A-C"": 19, ""B-C"": 45}"	[94, 95, 96, 97, 99, 148, 151, 152, 155, 156, 157, 159, 182, 186, 191, 192, 194, 195, 196, 208, 209, 210, 234, 236, 237, 238, 239, 271, 276, 336, 338, 340, 341, 342, 344, 345, 346, 347, 372]	experiments/e149_final20_stoichiometry_v1/out_s3/ova_c4_iptm80_21e_c3/seed-2_sample-1/ova_c4_iptm80_21e_c3_seed-2_sample-1_summary_confidences.json	experiments/e149_final20_stoichiometry_v1/out_s3/ova_c4_iptm80_21e_c3/seed-2_sample-1/ova_c4_iptm80_21e_c3_seed-2_sample-1_model.cif
ova_c4_iptm80_21e_c3	seed-2_sample-2	3	0.21	0.45	87.32520741872837	nan	nan	0.25	0.0	3	3	1	0	99	99	0	0.17	0.17	22.69	"{""A-B"": 8, ""A-C"": 12, ""B-C"": 79}"	[82, 83, 86, 87, 90, 94, 95, 96, 97, 98, 99, 152, 155, 156, 182, 183, 184, 188, 190, 191, 192, 193, 194, 195, 196, 208, 210, 217, 236, 271, 272, 278, 336, 337, 338, 339, 340, 342, 343, 344, 345, 346, 347, 348, 350, 351, 354, 373, 374]	experiments/e149_final20_stoichiometry_v1/out_s3/ova_c4_iptm80_21e_c3/seed-2_sample-2/ova_c4_iptm80_21e_c3_seed-2_sample-2_summary_confidences.json	experiments/e149_final20_stoichiometry_v1/out_s3/ova_c4_iptm80_21e_c3/seed-2_sample-2/ova_c4_iptm80_21e_c3_seed-2_sample-2_model.cif
ova_c4_iptm80_21e_c3	seed-2_sample-3	3	0.18	0.43	86.86181329321985	nan	nan	0.23	0.0	3	3	1	0	92	92	0	0.13	0.13	21.38	"{""A-B"": 35, ""A-C"": 38, ""B-C"": 19}"	[93, 94, 95, 96, 97, 98, 99, 155, 156, 182, 184, 186, 187, 188, 190, 191, 192, 195, 196, 215, 216, 217, 234, 238, 278, 338, 340, 341, 342, 343, 344, 345, 346, 347, 348, 349, 350, 351, 354, 355]	experiments/e149_final20_stoichiometry_v1/out_s3/ova_c4_iptm80_21e_c3/seed-2_sample-3/ova_c4_iptm80_21e_c3_seed-2_sample-3_summary_confidences.json	experiments/e149_final20_stoichiometry_v1/out_s3/ova_c4_iptm80_21e_c3/seed-2_sample-3/ova_c4_iptm80_21e_c3_seed-2_sample-3_model.cif
ova_c4_iptm80_21e_c3	seed-2_sample-4	3	0.15	0.42	86.03953360522966	nan	nan	0.21	0.0	3	3	1	0	202	202	0	0.12	0.12	25.69	"{""A-B"": 68, ""A-C"": 66, ""B-C"": 68}"	[3, 4, 5, 64, 65, 75, 76, 77, 78, 79, 81, 83, 86, 87, 94, 95, 96, 110, 113, 114, 116, 119, 120, 123, 124, 127, 128, 132, 133, 134, 138, 141, 142, 144, 145, 147, 148, 149, 151, 152, 153, 155, 156, 159, 186, 187, 216, 217, 236, 238, 239, 271, 272, 275, 276, 277, 278, 340, 341, 345, 346, 372, 373, 374, 376]	experiments/e149_final20_stoichiometry_v1/out_s3/ova_c4_iptm80_21e_c3/seed-2_sample-4/ova_c4_iptm80_21e_c3_seed-2_sample-4_summary_confidences.json	experiments/e149_final20_stoichiometry_v1/out_s3/ova_c4_iptm80_21e_c3/seed-2_sample-4/ova_c4_iptm80_21e_c3_seed-2_sample-4_model.cif
ova_c4_iptm80_21e_c3	seed-3_sample-0	3	0.18	0.43	86.98088088554422	nan	nan	0.23	0.0	3	3	1	0	151	151	0	0.14	0.14	19.55	"{""A-B"": 52, ""A-C"": 47, ""B-C"": 52}"	[94, 95, 96, 97, 99, 155, 156, 157, 184, 186, 187, 188, 191, 194, 210, 216, 217, 234, 236, 275, 276, 277, 278, 285, 287, 334, 336, 337, 338, 339, 340, 341, 342, 343, 344, 345, 346, 347, 350, 354, 355, 356, 357]	experiments/e149_final20_stoichiometry_v1/out_s3/ova_c4_iptm80_21e_c3/seed-3_sample-0/ova_c4_iptm80_21e_c3_seed-3_sample-0_summary_confidences.json	experiments/e149_final20_stoichiometry_v1/out_s3/ova_c4_iptm80_21e_c3/seed-3_sample-0/ova_c4_iptm80_21e_c3_seed-3_sample-0_model.cif
ova_c4_iptm80_21e_c3	seed-3_sample-1	3	0.18	0.43	87.27766859222571	nan	nan	0.23	0.0	3	3	1	0	82	82	0	0.15	0.15	21.27	"{""A-B"": 28, ""A-C"": 29, ""B-C"": 25}"	[96, 99, 152, 155, 156, 157, 182, 184, 188, 192, 193, 195, 196, 197, 198, 205, 206, 207, 208, 213, 338, 339, 340, 341, 342, 345, 349, 352]	experiments/e149_final20_stoichiometry_v1/out_s3/ova_c4_iptm80_21e_c3/seed-3_sample-1/ova_c4_iptm80_21e_c3_seed-3_sample-1_summary_confidences.json	experiments/e149_final20_stoichiometry_v1/out_s3/ova_c4_iptm80_21e_c3/seed-3_sample-1/ova_c4_iptm80_21e_c3_seed-3_sample-1_model.cif
ova_c4_iptm80_21e_c3	seed-3_sample-2	3	0.18	0.43	87.01326425582016	nan	nan	0.23	0.0	3	3	1	0	126	126	0	0.14	0.14	22.14	"{""A-B"": 42, ""A-C"": 43, ""B-C"": 41}"	[94, 95, 96, 97, 98, 99, 101, 103, 149, 152, 153, 154, 155, 182, 183, 184, 190, 191, 192, 193, 194, 195, 196, 208, 210, 213, 236, 237, 342, 343, 344, 345, 348, 349]	experiments/e149_final20_stoichiometry_v1/out_s3/ova_c4_iptm80_21e_c3/seed-3_sample-2/ova_c4_iptm80_21e_c3_seed-3_sample-2_summary_confidences.json	experiments/e149_final20_stoichiometry_v1/out_s3/ova_c4_iptm80_21e_c3/seed-3_sample-2/ova_c4_iptm80_21e_c3_seed-3_sample-2_model.cif
ova_c4_iptm80_21e_c3	seed-3_sample-3	3	0.2	0.45	87.27062193717363	nan	nan	0.25	0.0	3	3	1	0	112	112	0	0.15	0.15	20.68	"{""A-B"": 9, ""A-C"": 57, ""B-C"": 46}"	[82, 83, 86, 90, 93, 94, 95, 96, 97, 98, 99, 182, 183, 184, 186, 188, 191, 192, 217, 234, 237, 238, 239, 271, 272, 275, 276, 278, 334, 336, 337, 338, 339, 340, 341, 342, 343, 344, 345, 346, 347, 350, 372, 373, 374]	experiments/e149_final20_stoichiometry_v1/out_s3/ova_c4_iptm80_21e_c3/seed-3_sample-3/ova_c4_iptm80_21e_c3_seed-3_sample-3_summary_confidences.json	experiments/e149_final20_stoichiometry_v1/out_s3/ova_c4_iptm80_21e_c3/seed-3_sample-3/ova_c4_iptm80_21e_c3_seed-3_sample-3_model.cif
ova_c4_iptm80_21e_c3	seed-3_sample-4	3	0.15	0.42	86.51927464737176	nan	nan	0.21	0.0	3	3	1	0	104	104	0	0.12	0.12	22.88	"{""A-B"": 39, ""A-C"": 33, ""B-C"": 32}"	[70, 71, 82, 86, 89, 90, 93, 94, 95, 96, 97, 148, 152, 155, 184, 186, 191, 192, 217, 236, 237, 238, 239, 271, 275, 276, 277, 278, 338, 339, 340, 342, 344, 345, 346, 347, 372, 373]	experiments/e149_final20_stoichiometry_v1/out_s3/ova_c4_iptm80_21e_c3/seed-3_sample-4/ova_c4_iptm80_21e_c3_seed-3_sample-4_summary_confidences.json	experiments/e149_final20_stoichiometry_v1/out_s3/ova_c4_iptm80_21e_c3/seed-3_sample-4/ova_c4_iptm80_21e_c3_seed-3_sample-4_model.cif
ova_c4_iptm80_21e_c5	seed-1_sample-0	5	0.42	0.52	87.12430053671407	nan	nan	0.44	0.0	8	5	1	0	217	217	0	0.11	0.39	13.95	"{""A-B"": 26, ""A-C"": 57, ""A-D"": 10, ""A-E"": 15, ""B-C"": 9, ""B-D"": 58, ""B-E"": 5, ""C-D"": 33, ""C-E"": 4, ""D-E"": 0}"	[86, 87, 90, 95, 96, 97, 98, 99, 155, 156, 157, 182, 184, 188, 190, 191, 192, 193, 194, 196, 208, 210, 216, 217, 236, 271, 272, 276, 277, 278, 285, 287, 336, 337, 338, 339, 340, 341, 342, 343, 344, 345, 346, 347, 348, 349, 350, 351, 352, 353, 354, 356, 358, 360, 373, 374]	experiments/e149_final20_stoichiometry_v1/out_s0/ova_c4_iptm80_21e_c5/seed-1_sample-0/ova_c4_iptm80_21e_c5_seed-1_sample-0_summary_confidences.json	experiments/e149_final20_stoichiometry_v1/out_s0/ova_c4_iptm80_21e_c5/seed-1_sample-0/ova_c4_iptm80_21e_c5_seed-1_sample-0_model.cif
ova_c4_iptm80_21e_c5	seed-1_sample-1	5	0.26	0.4	85.48961128472047	nan	nan	0.29	0.0	5	5	1	0	133	133	0	0.13	0.17	16.84	"{""A-B"": 22, ""A-C"": 35, ""A-D"": 0, ""A-E"": 0, ""B-C"": 0, ""B-D"": 34, ""B-E"": 1, ""C-D"": 0, ""C-E"": 18, ""D-E"": 23}"	[95, 96, 98, 99, 155, 156, 157, 159, 182, 183, 184, 188, 191, 192, 194, 195, 196, 197, 208, 210, 217, 275, 276, 277, 278, 285, 287, 334, 336, 337, 338, 341, 343, 344, 345, 346, 347, 349, 350, 353, 354, 355, 356, 357]	experiments/e149_final20_stoichiometry_v1/out_s0/ova_c4_iptm80_21e_c5/seed-1_sample-1/ova_c4_iptm80_21e_c5_seed-1_sample-1_summary_confidences.json	experiments/e149_final20_stoichiometry_v1/out_s0/ova_c4_iptm80_21e_c5/seed-1_sample-1/ova_c4_iptm80_21e_c5_seed-1_sample-1_model.cif
ova_c4_iptm80_21e_c5	seed-1_sample-2	5	0.46	0.56	87.68751318343563	nan	nan	0.48	0.0	9	5	1	0	258	258	0	0.11	0.43	12.33	"{""A-B"": 27, ""A-C"": 62, ""A-D"": 9, ""A-E"": 11, ""B-C"": 9, ""B-D"": 64, ""B-E"": 41, ""C-D"": 30, ""C-E"": 0, ""D-E"": 5}"	[86, 87, 90, 93, 94, 95, 96, 97, 98, 99, 182, 183, 184, 187, 188, 190, 191, 192, 193, 213, 215, 216, 217, 236, 271, 272, 275, 276, 277, 278, 280, 337, 338, 339, 340, 341, 342, 343, 344, 345, 346, 347, 348, 349, 350, 351, 352, 353, 354, 355, 356, 373, 374]	experiments/e149_final20_stoichiometry_v1/out_s0/ova_c4_iptm80_21e_c5/seed-1_sample-2/ova_c4_iptm80_21e_c5_seed-1_sample-2_summary_confidences.json	experiments/e149_final20_stoichiometry_v1/out_s0/ova_c4_iptm80_21e_c5/seed-1_sample-2/ova_c4_iptm80_21e_c5_seed-1_sample-2_model.cif
ova_c4_iptm80_21e_c5	seed-1_sample-3	5	0.44	0.54	86.55440412531244	nan	nan	0.46	0.0	8	5	1	0	219	219	0	0.11	0.395	13.335	"{""A-B"": 14, ""A-C"": 60, ""A-D"": 17, ""A-E"": 0, ""B-C"": 17, ""B-D"": 60, ""B-E"": 0, ""C-D"": 13, ""C-E"": 20, ""D-E"": 18}"	[1, 82, 83, 86, 90, 94, 95, 96, 97, 98, 99, 182, 184, 188, 190, 191, 192, 193, 215, 216, 217, 236, 266, 270, 271, 272, 275, 276, 277, 278, 337, 338, 339, 340, 341, 342, 343, 344, 345, 346, 347, 348, 349, 350, 351, 352, 353, 354, 355, 356, 357, 373, 374]	experiments/e149_final20_stoichiometry_v1/out_s0/ova_c4_iptm80_21e_c5/seed-1_sample-3/ova_c4_iptm80_21e_c5_seed-1_sample-3_summary_confidences.json	experiments/e149_final20_stoichiometry_v1/out_s0/ova_c4_iptm80_21e_c5/seed-1_sample-3/ova_c4_iptm80_21e_c5_seed-1_sample-3_model.cif
ova_c4_iptm80_21e_c5	seed-1_sample-4	5	0.44	0.54	87.41502580000329	nan	nan	0.46	0.0	8	5	1	0	249	249	0	0.11	0.395	13.08	"{""A-B"": 26, ""A-C"": 60, ""A-D"": 8, ""A-E"": 1, ""B-C"": 8, ""B-D"": 60, ""B-E"": 30, ""C-D"": 23, ""C-E"": 0, ""D-E"": 33}"	[86, 90, 94, 95, 96, 97, 98, 99, 101, 110, 119, 131, 132, 145, 148, 149, 151, 152, 155, 156, 182, 184, 187, 188, 190, 191, 192, 193, 194, 195, 196, 197, 198, 206, 207, 208, 216, 217, 236, 237, 271, 272, 276, 277, 278, 337, 338, 339, 340, 341, 342, 343, 344, 345, 346, 347, 348, 349, 350, 351, 352, 353, 354, 356, 373, 374]	experiments/e149_final20_stoichiometry_v1/out_s0/ova_c4_iptm80_21e_c5/seed-1_sample-4/ova_c4_iptm80_21e_c5_seed-1_sample-4_summary_confidences.json	experiments/e149_final20_stoichiometry_v1/out_s0/ova_c4_iptm80_21e_c5/seed-1_sample-4/ova_c4_iptm80_21e_c5_seed-1_sample-4_model.cif
ova_c4_iptm80_21e_c5	seed-2_sample-0	5	0.26	0.4	86.74430034815339	nan	nan	0.29	0.0	6	5	1	0	164	164	0	0.13	0.13	20.835	"{""A-B"": 1, ""A-C"": 20, ""A-D"": 45, ""A-E"": 1, ""B-C"": 42, ""B-D"": 15, ""B-E"": 0, ""C-D"": 0, ""C-E"": 24, ""D-E"": 16}"	[1, 86, 90, 93, 94, 95, 96, 98, 99, 101, 151, 155, 156, 157, 182, 184, 191, 192, 194, 195, 196, 215, 216, 217, 237, 238, 239, 278, 337, 338, 341, 342, 343, 344, 345, 346, 347, 348, 349, 350, 351, 353, 354, 355, 356, 373, 374]	experiments/e149_final20_stoichiometry_v1/out_s0/ova_c4_iptm80_21e_c5/seed-2_sample-0/ova_c4_iptm80_21e_c5_seed-2_sample-0_summary_confidences.json	experiments/e149_final20_stoichiometry_v1/out_s0/ova_c4_iptm80_21e_c5/seed-2_sample-0/ova_c4_iptm80_21e_c5_seed-2_sample-0_model.cif
ova_c4_iptm80_21e_c5	seed-2_sample-1	5	0.35	0.47	86.92738333390784	nan	nan	0.37	0.0	7	5	1	0	138	138	0	0.16	0.24	16.91	"{""A-B"": 15, ""A-C"": 0, ""A-D"": 3, ""A-E"": 32, ""B-C"": 35, ""B-D"": 8, ""B-E"": 0, ""C-D"": 8, ""C-E"": 11, ""D-E"": 26}"	[83, 86, 87, 90, 94, 95, 96, 97, 98, 99, 182, 183, 184, 188, 190, 191, 192, 193, 216, 217, 222, 236, 271, 272, 276, 277, 278, 279, 336, 337, 338, 339, 340, 341, 342, 343, 344, 345, 346, 347, 348, 349, 350, 351, 353, 354, 355, 356, 357, 373, 374]	experiments/e149_final20_stoichiometry_v1/out_s0/ova_c4_iptm80_21e_c5/seed-2_sample-1/ova_c4_iptm80_21e_c5_seed-2_sample-1_summary_confidences.json	experiments/e149_final20_stoichiometry_v1/out_s0/ova_c4_iptm80_21e_c5/seed-2_sample-1/ova_c4_iptm80_21e_c5_seed-2_sample-1_model.cif
ova_c4_iptm80_21e_c5	seed-2_sample-2	5	0.46	0.55	87.22354921528712	nan	nan	0.47	0.0	9	5	1	0	245	245	0	0.11	0.41	13.05	"{""A-B"": 29, ""A-C"": 12, ""A-D"": 58, ""A-E"": 5, ""B-C"": 62, ""B-D"": 10, ""B-E"": 0, ""C-D"": 25, ""C-E"": 21, ""D-E"": 23}"	[86, 87, 89, 90, 94, 95, 96, 97, 98, 99, 120, 123, 124, 157, 159, 160, 182, 184, 188, 190, 191, 192, 193, 194, 216, 217, 222, 224, 236, 271, 272, 276, 277, 278, 280, 287, 334, 336, 337, 338, 339, 340, 341, 342, 343, 344, 345, 346, 347, 348, 349, 350, 351, 352, 353, 354, 355, 356, 357, 373, 374]	experiments/e149_final20_stoichiometry_v1/out_s0/ova_c4_iptm80_21e_c5/seed-2_sample-2/ova_c4_iptm80_21e_c5_seed-2_sample-2_summary_confidences.json	experiments/e149_final20_stoichiometry_v1/out_s0/ova_c4_iptm80_21e_c5/seed-2_sample-2/ova_c4_iptm80_21e_c5_seed-2_sample-2_model.cif
ova_c4_iptm80_21e_c5	seed-2_sample-3	5	0.46	0.55	87.64994813988245	nan	nan	0.48	0.0	8	5	1	0	226	226	0	0.11	0.415	12.735	"{""A-B"": 36, ""A-C"": 8, ""A-D"": 44, ""A-E"": 0, ""B-C"": 44, ""B-D"": 8, ""B-E"": 0, ""C-D"": 37, ""C-E"": 23, ""D-E"": 26}"	[86, 90, 95, 96, 97, 98, 99, 182, 184, 190, 191, 192, 193, 198, 200, 215, 216, 217, 236, 250, 271, 272, 275, 276, 277, 278, 279, 280, 338, 339, 340, 341, 342, 343, 344, 345, 346, 347, 348, 349, 350, 351, 352, 353, 354, 355, 356, 357, 358, 360, 362, 363, 373, 374]	experiments/e149_final20_stoichiometry_v1/out_s0/ova_c4_iptm80_21e_c5/seed-2_sample-3/ova_c4_iptm80_21e_c5_seed-2_sample-3_summary_confidences.json	experiments/e149_final20_stoichiometry_v1/out_s0/ova_c4_iptm80_21e_c5/seed-2_sample-3/ova_c4_iptm80_21e_c5_seed-2_sample-3_model.cif
ova_c4_iptm80_21e_c5	seed-2_sample-4	5	0.47	0.56	87.42849747257529	nan	nan	0.49	0.0	8	5	1	0	235	235	0	0.11	0.45	12.129999999999999	"{""A-B"": 27, ""A-C"": 10, ""A-D"": 66, ""A-E"": 8, ""B-C"": 66, ""B-D"": 11, ""B-E"": 20, ""C-D"": 27, ""C-E"": 0, ""D-E"": 0}"	[82, 83, 86, 87, 90, 95, 96, 97, 98, 99, 182, 184, 186, 187, 188, 190, 191, 192, 193, 216, 217, 224, 225, 236, 237, 271, 272, 276, 277, 278, 337, 338, 339, 340, 341, 342, 343, 344, 345, 346, 347, 348, 349, 350, 351, 352, 353, 354, 356, 372, 373, 374]	experiments/e149_final20_stoichiometry_v1/out_s0/ova_c4_iptm80_21e_c5/seed-2_sample-4/ova_c4_iptm80_21e_c5_seed-2_sample-4_summary_confidences.json	experiments/e149_final20_stoichiometry_v1/out_s0/ova_c4_iptm80_21e_c5/seed-2_sample-4/ova_c4_iptm80_21e_c5_seed-2_sample-4_model.cif
ova_c4_iptm80_21e_c5	seed-3_sample-0	5	0.44	0.54	87.04852343346788	nan	nan	0.46	0.0	9	5	1	0	228	228	0	0.11	0.39	13.15	"{""A-B"": 20, ""A-C"": 66, ""A-D"": 10, ""A-E"": 0, ""B-C"": 10, ""B-D"": 64, ""B-E"": 5, ""C-D"": 21, ""C-E"": 11, ""D-E"": 21}"	[86, 90, 94, 95, 96, 97, 98, 99, 127, 128, 152, 153, 182, 183, 184, 188, 190, 191, 192, 193, 216, 217, 236, 271, 272, 278, 334, 336, 337, 338, 339, 340, 341, 342, 343, 344, 345, 346, 347, 348, 349, 350, 352, 353, 354, 355, 356, 373, 374]	experiments/e149_final20_stoichiometry_v1/out_s0/ova_c4_iptm80_21e_c5/seed-3_sample-0/ova_c4_iptm80_21e_c5_seed-3_sample-0_summary_confidences.json	experiments/e149_final20_stoichiometry_v1/out_s0/ova_c4_iptm80_21e_c5/seed-3_sample-0/ova_c4_iptm80_21e_c5_seed-3_sample-0_model.cif
ova_c4_iptm80_21e_c5	seed-3_sample-1	5	0.43	0.53	86.99150263336657	nan	nan	0.45	0.0	8	5	1	0	218	218	0	0.11	0.4	12.93	"{""A-B"": 18, ""A-C"": 58, ""A-D"": 15, ""A-E"": 13, ""B-C"": 12, ""B-D"": 65, ""B-E"": 18, ""C-D"": 17, ""C-E"": 0, ""D-E"": 2}"	[1, 86, 87, 90, 94, 95, 96, 97, 98, 99, 144, 147, 148, 151, 156, 159, 160, 182, 183, 184, 188, 190, 191, 192, 193, 216, 217, 222, 224, 225, 236, 270, 271, 272, 278, 334, 336, 337, 338, 339, 340, 341, 342, 343, 344, 345, 346, 347, 348, 349, 350, 352, 353, 354, 356, 357, 373, 374]	experiments/e149_final20_stoichiometry_v1/out_s0/ova_c4_iptm80_21e_c5/seed-3_sample-1/ova_c4_iptm80_21e_c5_seed-3_sample-1_summary_confidences.json	experiments/e149_final20_stoichiometry_v1/out_s0/ova_c4_iptm80_21e_c5/seed-3_sample-1/ova_c4_iptm80_21e_c5_seed-3_sample-1_model.cif
ova_c4_iptm80_21e_c5	seed-3_sample-2	5	0.45	0.55	86.97531094328727	nan	nan	0.47	0.0	8	5	1	0	212	212	0	0.11	0.41500000000000004	13.15	"{""A-B"": 15, ""A-C"": 53, ""A-D"": 9, ""A-E"": 20, ""B-C"": 10, ""B-D"": 53, ""B-E"": 0, ""C-D"": 16, ""C-E"": 36, ""D-E"": 0}"	[86, 87, 90, 92, 93, 94, 95, 96, 97, 98, 99, 101, 123, 127, 128, 137, 138, 141, 144, 147, 148, 149, 151, 152, 153, 155, 156, 159, 182, 184, 188, 190, 191, 192, 193, 195, 196, 200, 203, 208, 216, 217, 236, 238, 271, 272, 278, 337, 338, 339, 340, 341, 342, 343, 344, 345, 346, 347, 348, 349, 350, 351, 352, 353, 354, 355, 373, 374]	experiments/e149_final20_stoichiometry_v1/out_s0/ova_c4_iptm80_21e_c5/seed-3_sample-2/ova_c4_iptm80_21e_c5_seed-3_sample-2_summary_confidences.json	experiments/e149_final20_stoichiometry_v1/out_s0/ova_c4_iptm80_21e_c5/seed-3_sample-2/ova_c4_iptm80_21e_c5_seed-3_sample-2_model.cif
ova_c4_iptm80_21e_c5	seed-3_sample-3	5	0.43	0.53	87.11761648543758	nan	nan	0.45	0.0	8	5	1	0	204	204	0	0.12	0.395	13.415	"{""A-B"": 17, ""A-C"": 55, ""A-D"": 10, ""A-E"": 0, ""B-C"": 10, ""B-D"": 48, ""B-E"": 0, ""C-D"": 16, ""C-E"": 27, ""D-E"": 21}"	[86, 90, 94, 95, 96, 97, 98, 99, 144, 145, 148, 149, 152, 155, 182, 184, 188, 190, 191, 192, 193, 203, 216, 217, 222, 224, 227, 236, 248, 249, 250, 271, 272, 278, 336, 337, 338, 339, 340, 341, 342, 343, 344, 345, 346, 347, 348, 349, 350, 352, 353, 354, 355, 356, 357, 358, 373, 374]	experiments/e149_final20_stoichiometry_v1/out_s0/ova_c4_iptm80_21e_c5/seed-3_sample-3/ova_c4_iptm80_21e_c5_seed-3_sample-3_summary_confidences.json	experiments/e149_final20_stoichiometry_v1/out_s0/ova_c4_iptm80_21e_c5/seed-3_sample-3/ova_c4_iptm80_21e_c5_seed-3_sample-3_model.cif
ova_c4_iptm80_21e_c5	seed-3_sample-4	5	0.43	0.54	86.81886011825324	nan	nan	0.45	0.0	9	5	1	0	217	217	0	0.11	0.39	13.17	"{""A-B"": 15, ""A-C"": 64, ""A-D"": 8, ""A-E"": 15, ""B-C"": 9, ""B-D"": 61, ""B-E"": 10, ""C-D"": 19, ""C-E"": 15, ""D-E"": 1}"	[83, 86, 90, 94, 95, 96, 97, 98, 99, 123, 128, 131, 145, 148, 149, 152, 182, 183, 184, 188, 190, 191, 192, 193, 217, 219, 234, 236, 237, 238, 239, 241, 270, 271, 272, 276, 277, 278, 337, 338, 339, 340, 341, 342, 344, 345, 346, 347, 348, 349, 350, 351, 352, 353, 354, 355, 356, 357, 372, 373, 374]	experiments/e149_final20_stoichiometry_v1/out_s0/ova_c4_iptm80_21e_c5/seed-3_sample-4/ova_c4_iptm80_21e_c5_seed-3_sample-4_summary_confidences.json	experiments/e149_final20_stoichiometry_v1/out_s0/ova_c4_iptm80_21e_c5/seed-3_sample-4/ova_c4_iptm80_21e_c5_seed-3_sample-4_model.cif
ova_c4_iptm80_21e_c6	seed-1_sample-0	6	0.33	0.43	85.90976673580822	nan	nan	0.35	0.0	12	6	1	0	279	279	0	0.33	0.2	17.395	"{""A-B"": 15, ""A-C"": 16, ""A-D"": 51, ""A-E"": 0, ""A-F"": 13, ""B-C"": 0, ""B-D"": 17, ""B-E"": 53, ""B-F"": 11, ""C-D"": 13, ""C-E"": 12, ""C-F"": 49, ""D-E"": 13, ""D-F"": 0, ""E-F"": 16}"	[1, 6, 64, 86, 87, 90, 93, 94, 95, 96, 97, 99, 155, 156, 157, 159, 184, 188, 189, 190, 191, 194, 210, 216, 217, 263, 266, 270, 271, 272, 278, 285, 287, 334, 336, 337, 338, 339, 340, 342, 343, 345, 346, 347, 349, 350, 351, 353, 354, 355, 373, 374]	experiments/e149_final20_stoichiometry_v1/out_s6/ova_c4_iptm80_21e_c6/seed-1_sample-0/ova_c4_iptm80_21e_c6_seed-1_sample-0_summary_confidences.json	experiments/e149_final20_stoichiometry_v1/out_s6/ova_c4_iptm80_21e_c6/seed-1_sample-0/ova_c4_iptm80_21e_c6_seed-1_sample-0_model.cif
ova_c4_iptm80_21e_c6	seed-1_sample-1	6	0.34	0.44	85.65139899970336	nan	nan	0.36	0.0	12	6	1	0	359	359	0	0.34	0.20500000000000002	17.35	"{""A-B"": 22, ""A-C"": 15, ""A-D"": 68, ""A-E"": 0, ""A-F"": 18, ""B-C"": 0, ""B-D"": 16, ""B-E"": 68, ""B-F"": 19, ""C-D"": 19, ""C-E"": 19, ""C-F"": 68, ""D-E"": 17, ""D-F"": 0, ""E-F"": 10}"	[1, 86, 87, 90, 94, 95, 96, 97, 99, 151, 155, 156, 157, 159, 160, 184, 188, 189, 190, 191, 192, 194, 210, 215, 216, 217, 263, 266, 271, 272, 278, 285, 287, 289, 332, 334, 336, 337, 338, 339, 340, 342, 343, 345, 346, 347, 349, 350, 351, 352, 353, 354, 355, 373, 374]	experiments/e149_final20_stoichiometry_v1/out_s6/ova_c4_iptm80_21e_c6/seed-1_sample-1/ova_c4_iptm80_21e_c6_seed-1_sample-1_summary_confidences.json	experiments/e149_final20_stoichiometry_v1/out_s6/ova_c4_iptm80_21e_c6/seed-1_sample-1/ova_c4_iptm80_21e_c6_seed-1_sample-1_model.cif
ova_c4_iptm80_21e_c6	seed-1_sample-2	6	0.36	0.46	86.03790167576291	nan	nan	0.38	0.0	12	6	1	0	349	349	0	0.38	0.225	16.259999999999998	"{""A-B"": 22, ""A-C"": 12, ""A-D"": 60, ""A-E"": 0, ""A-F"": 21, ""B-C"": 0, ""B-D"": 14, ""B-E"": 58, ""B-F"": 20, ""C-D"": 20, ""C-E"": 21, ""C-F"": 67, ""D-E"": 20, ""D-F"": 0, ""E-F"": 14}"	[1, 86, 87, 90, 94, 95, 96, 97, 99, 151, 155, 156, 157, 158, 159, 160, 164, 184, 188, 189, 190, 191, 192, 194, 210, 215, 216, 217, 266, 271, 272, 278, 285, 287, 289, 332, 334, 336, 337, 338, 339, 340, 342, 343, 345, 346, 347, 349, 350, 351, 352, 353, 354, 355, 373, 374]	experiments/e149_final20_stoichiometry_v1/out_s6/ova_c4_iptm80_21e_c6/seed-1_sample-2/ova_c4_iptm80_21e_c6_seed-1_sample-2_summary_confidences.json	experiments/e149_final20_stoichiometry_v1/out_s6/ova_c4_iptm80_21e_c6/seed-1_sample-2/ova_c4_iptm80_21e_c6_seed-1_sample-2_model.cif
ova_c4_iptm80_21e_c6	seed-1_sample-3	6	0.35	0.45	85.96365279360757	nan	nan	0.37	0.0	12	6	1	0	316	316	0	0.35	0.215	16.91	"{""A-B"": 11, ""A-C"": 13, ""A-D"": 66, ""A-E"": 0, ""A-F"": 11, ""B-C"": 0, ""B-D"": 13, ""B-E"": 70, ""B-F"": 12, ""C-D"": 14, ""C-E"": 12, ""C-F"": 68, ""D-E"": 12, ""D-F"": 0, ""E-F"": 14}"	[1, 86, 87, 90, 94, 95, 96, 97, 98, 99, 155, 156, 157, 159, 160, 182, 183, 184, 188, 189, 190, 191, 192, 194, 195, 210, 216, 217, 263, 266, 271, 272, 278, 285, 287, 289, 334, 336, 337, 338, 339, 340, 342, 345, 346, 347, 349, 350, 351, 353, 354, 355, 373, 374]	experiments/e149_final20_stoichiometry_v1/out_s6/ova_c4_iptm80_21e_c6/seed-1_sample-3/ova_c4_iptm80_21e_c6_seed-1_sample-3_summary_confidences.json	experiments/e149_final20_stoichiometry_v1/out_s6/ova_c4_iptm80_21e_c6/seed-1_sample-3/ova_c4_iptm80_21e_c6_seed-1_sample-3_model.cif
ova_c4_iptm80_21e_c6	seed-1_sample-4	6	0.35	0.45	85.93147669184393	nan	nan	0.37	0.0	12	6	1	0	312	312	0	0.35	0.215	17.1	"{""A-B"": 15, ""A-C"": 15, ""A-D"": 57, ""A-E"": 0, ""A-F"": 17, ""B-C"": 0, ""B-D"": 14, ""B-E"": 60, ""B-F"": 16, ""C-D"": 16, ""C-E"": 16, ""C-F"": 59, ""D-E"": 13, ""D-F"": 0, ""E-F"": 14}"	[1, 86, 87, 90, 94, 95, 96, 97, 99, 155, 156, 157, 159, 160, 184, 188, 189, 190, 191, 194, 210, 215, 216, 217, 263, 266, 271, 272, 278, 285, 287, 289, 334, 336, 337, 338, 339, 340, 342, 345, 346, 347, 349, 350, 351, 353, 354, 355, 373, 374]	experiments/e149_final20_stoichiometry_v1/out_s6/ova_c4_iptm80_21e_c6/seed-1_sample-4/ova_c4_iptm80_21e_c6_seed-1_sample-4_summary_confidences.json	experiments/e149_final20_stoichiometry_v1/out_s6/ova_c4_iptm80_21e_c6/seed-1_sample-4/ova_c4_iptm80_21e_c6_seed-1_sample-4_model.cif
ova_c4_iptm80_21e_c6	seed-2_sample-0	6	0.26	0.37	84.60559577151284	nan	nan	0.28	0.0	12	6	1	0	640	640	0	0.29	0.135	23.86	"{""A-B"": 47, ""A-C"": 14, ""A-D"": 0, ""A-E"": 12, ""A-F"": 138, ""B-C"": 141, ""B-D"": 13, ""B-E"": 0, ""B-F"": 14, ""C-D"": 47, ""C-E"": 14, ""C-F"": 0, ""D-E"": 141, ""D-F"": 12, ""E-F"": 47}"	[1, 2, 3, 4, 64, 65, 68, 69, 70, 71, 72, 73, 74, 78, 79, 81, 82, 83, 86, 89, 90, 95, 116, 117, 120, 121, 123, 124, 125, 134, 137, 138, 141, 142, 144, 145, 147, 148, 151, 155, 156, 157, 159, 160, 186, 187, 191, 192, 194, 196, 207, 208, 210, 216, 217, 234, 236, 237, 238, 239, 241, 266, 271, 275, 276, 277, 278, 287, 289, 340, 341, 342, 344, 345, 346, 347, 348, 349, 350, 351, 354, 372, 373, 375]	experiments/e149_final20_stoichiometry_v1/out_s6/ova_c4_iptm80_21e_c6/seed-2_sample-0/ova_c4_iptm80_21e_c6_seed-2_sample-0_summary_confidences.json	experiments/e149_final20_stoichiometry_v1/out_s6/ova_c4_iptm80_21e_c6/seed-2_sample-0/ova_c4_iptm80_21e_c6_seed-2_sample-0_model.cif
ova_c4_iptm80_21e_c6	seed-2_sample-1	6	0.26	0.37	84.63323848111642	nan	nan	0.28	0.0	12	6	1	0	600	600	0	0.29	0.135	23.715	"{""A-B"": 45, ""A-C"": 13, ""A-D"": 0, ""A-E"": 12, ""A-F"": 133, ""B-C"": 126, ""B-D"": 11, ""B-E"": 0, ""B-F"": 12, ""C-D"": 48, ""C-E"": 10, ""C-F"": 0, ""D-E"": 133, ""D-F"": 10, ""E-F"": 47}"	[1, 2, 3, 4, 64, 65, 68, 70, 72, 73, 74, 78, 79, 81, 82, 83, 86, 89, 90, 95, 116, 117, 120, 121, 123, 124, 125, 134, 138, 141, 142, 144, 145, 147, 148, 151, 155, 156, 157, 159, 160, 186, 191, 192, 194, 196, 207, 208, 209, 210, 216, 217, 234, 237, 238, 239, 241, 266, 271, 275, 276, 277, 278, 287, 289, 341, 342, 344, 345, 346, 347, 348, 349, 350, 351, 354, 355, 372, 373, 375]	experiments/e149_final20_stoichiometry_v1/out_s6/ova_c4_iptm80_21e_c6/seed-2_sample-1/ova_c4_iptm80_21e_c6_seed-2_sample-1_summary_confidences.json	experiments/e149_final20_stoichiometry_v1/out_s6/ova_c4_iptm80_21e_c6/seed-2_sample-1/ova_c4_iptm80_21e_c6_seed-2_sample-1_model.cif
ova_c4_iptm80_21e_c6	seed-2_sample-2	6	0.24	0.36	85.01450760994551	nan	nan	0.26	0.0	6	6	1	0	290	290	0	0.11	0.11	26.045	"{""A-B"": 10, ""A-C"": 0, ""A-D"": 0, ""A-E"": 8, ""A-F"": 2, ""B-C"": 109, ""B-D"": 0, ""B-E"": 0, ""B-F"": 4, ""C-D"": 5, ""C-E"": 0, ""C-F"": 2, ""D-E"": 110, ""D-F"": 0, ""E-F"": 40}"	[1, 2, 3, 64, 65, 68, 70, 72, 73, 74, 78, 79, 82, 83, 86, 89, 90, 108, 110, 111, 112, 113, 114, 115, 116, 117, 119, 120, 121, 124, 125, 132, 134, 137, 138, 140, 141, 144, 186, 194, 195, 196, 208, 210, 217, 234, 237, 238, 239, 241, 271, 275, 276, 277, 278, 285, 317, 318, 341, 344, 345, 346, 347, 349, 350, 351, 354, 372, 373, 375]	experiments/e149_final20_stoichiometry_v1/out_s6/ova_c4_iptm80_21e_c6/seed-2_sample-2/ova_c4_iptm80_21e_c6_seed-2_sample-2_summary_confidences.json	experiments/e149_final20_stoichiometry_v1/out_s6/ova_c4_iptm80_21e_c6/seed-2_sample-2/ova_c4_iptm80_21e_c6_seed-2_sample-2_model.cif
ova_c4_iptm80_21e_c6	seed-2_sample-3	6	0.24	0.36	84.3161918659902	nan	nan	0.27	0.0	6	6	1	0	339	339	0	0.14	0.14500000000000002	22.275	"{""A-B"": 30, ""A-C"": 0, ""A-D"": 0, ""A-E"": 0, ""A-F"": 114, ""B-C"": 29, ""B-D"": 0, ""B-E"": 0, ""B-F"": 0, ""C-D"": 116, ""C-E"": 0, ""C-F"": 0, ""D-E"": 28, ""D-F"": 0, ""E-F"": 22}"	[1, 2, 3, 4, 6, 64, 65, 67, 68, 69, 70, 71, 72, 73, 74, 78, 79, 82, 83, 86, 89, 90, 124, 144, 147, 148, 151, 156, 157, 158, 159, 160, 186, 190, 191, 192, 194, 195, 196, 197, 207, 208, 209, 210, 217, 219, 234, 237, 238, 239, 241, 266, 270, 271, 272, 275, 276, 277, 278, 289, 336, 341, 342, 344, 345, 346, 347, 349, 350, 351, 354, 372, 373, 374, 375, 385]	experiments/e149_final20_stoichiometry_v1/out_s6/ova_c4_iptm80_21e_c6/seed-2_sample-3/ova_c4_iptm80_21e_c6_seed-2_sample-3_summary_confidences.json	experiments/e149_final20_stoichiometry_v1/out_s6/ova_c4_iptm80_21e_c6/seed-2_sample-3/ova_c4_iptm80_21e_c6_seed-2_sample-3_model.cif
ova_c4_iptm80_21e_c6	seed-2_sample-4	6	0.24	0.36	85.05401580691955	nan	nan	0.27	0.0	11	6	1	0	461	461	0	0.27	0.11	27.13	"{""A-B"": 25, ""A-C"": 0, ""A-D"": 5, ""A-E"": 23, ""A-F"": 96, ""B-C"": 98, ""B-D"": 0, ""B-E"": 25, ""B-F"": 3, ""C-D"": 27, ""C-E"": 6, ""C-F"": 26, ""D-E"": 105, ""D-F"": 22, ""E-F"": 0}"	[1, 2, 3, 4, 64, 65, 68, 69, 70, 71, 72, 73, 78, 79, 82, 83, 86, 89, 90, 110, 111, 114, 116, 119, 120, 122, 123, 124, 129, 130, 131, 132, 134, 186, 190, 191, 192, 193, 194, 195, 196, 208, 210, 217, 234, 237, 238, 239, 241, 266, 271, 275, 276, 277, 278, 341, 344, 345, 346, 347, 348, 349, 350, 351, 352, 354, 372, 373, 375]	experiments/e149_final20_stoichiometry_v1/out_s6/ova_c4_iptm80_21e_c6/seed-2_sample-4/ova_c4_iptm80_21e_c6_seed-2_sample-4_summary_confidences.json	experiments/e149_final20_stoichiometry_v1/out_s6/ova_c4_iptm80_21e_c6/seed-2_sample-4/ova_c4_iptm80_21e_c6_seed-2_sample-4_model.cif
ova_c4_iptm80_21e_c6	seed-3_sample-0	6	0.43	0.51	85.34813462884932	nan	nan	0.44	0.0	12	6	1	0	365	365	0	0.46	0.275	13.79	"{""A-B"": 77, ""A-C"": 19, ""A-D"": 9, ""A-E"": 19, ""A-F"": 0, ""B-C"": 0, ""B-D"": 19, ""B-E"": 11, ""B-F"": 19, ""C-D"": 74, ""C-E"": 18, ""C-F"": 9, ""D-E"": 0, ""D-F"": 19, ""E-F"": 72}"	[86, 87, 90, 94, 95, 96, 97, 98, 99, 155, 156, 157, 159, 160, 182, 183, 184, 188, 189, 190, 191, 194, 210, 215, 216, 217, 271, 272, 278, 285, 287, 289, 332, 334, 336, 337, 338, 339, 340, 342, 345, 346, 347, 348, 349, 350, 352, 353, 354, 355, 373, 374]	experiments/e149_final20_stoichiometry_v1/out_s6/ova_c4_iptm80_21e_c6/seed-3_sample-0/ova_c4_iptm80_21e_c6_seed-3_sample-0_summary_confidences.json	experiments/e149_final20_stoichiometry_v1/out_s6/ova_c4_iptm80_21e_c6/seed-3_sample-0/ova_c4_iptm80_21e_c6_seed-3_sample-0_model.cif
ova_c4_iptm80_21e_c6	seed-3_sample-1	6	0.39	0.48	85.43844549149429	nan	nan	0.41	0.0	12	6	1	0	281	281	0	0.41	0.245	15.14	"{""A-B"": 64, ""A-C"": 8, ""A-D"": 14, ""A-E"": 7, ""A-F"": 0, ""B-C"": 0, ""B-D"": 8, ""B-E"": 16, ""B-F"": 8, ""C-D"": 60, ""C-E"": 8, ""C-F"": 16, ""D-E"": 0, ""D-F"": 10, ""E-F"": 62}"	[1, 83, 86, 87, 90, 93, 94, 95, 96, 97, 98, 99, 155, 156, 157, 159, 183, 184, 188, 189, 190, 191, 194, 210, 217, 263, 266, 271, 272, 278, 285, 287, 289, 334, 336, 337, 338, 339, 340, 342, 345, 346, 349, 350, 351, 353, 354, 355, 373, 374]	experiments/e149_final20_stoichiometry_v1/out_s6/ova_c4_iptm80_21e_c6/seed-3_sample-1/ova_c4_iptm80_21e_c6_seed-3_sample-1_summary_confidences.json	experiments/e149_final20_stoichiometry_v1/out_s6/ova_c4_iptm80_21e_c6/seed-3_sample-1/ova_c4_iptm80_21e_c6_seed-3_sample-1_model.cif
ova_c4_iptm80_21e_c6	seed-3_sample-2	6	0.34	0.44	86.28608819240115	nan	nan	0.36	0.0	6	6	1	0	235	235	0	0.31	0.32	13.06	"{""A-B"": 55, ""A-C"": 0, ""A-D"": 23, ""A-E"": 0, ""A-F"": 0, ""B-C"": 0, ""B-D"": 0, ""B-E"": 20, ""B-F"": 0, ""C-D"": 55, ""C-E"": 0, ""C-F"": 25, ""D-E"": 0, ""D-F"": 0, ""E-F"": 57}"	[1, 6, 64, 79, 82, 86, 87, 90, 94, 95, 96, 97, 98, 99, 155, 156, 157, 182, 183, 184, 188, 190, 191, 192, 193, 195, 196, 208, 210, 262, 263, 266, 267, 271, 272, 336, 337, 338, 339, 340, 342, 344, 345, 373, 374]	experiments/e149_final20_stoichiometry_v1/out_s6/ova_c4_iptm80_21e_c6/seed-3_sample-2/ova_c4_iptm80_21e_c6_seed-3_sample-2_summary_confidences.json	experiments/e149_final20_stoichiometry_v1/out_s6/ova_c4_iptm80_21e_c6/seed-3_sample-2/ova_c4_iptm80_21e_c6_seed-3_sample-2_model.cif
ova_c4_iptm80_21e_c6	seed-3_sample-3	6	0.36	0.46	86.52683933040639	nan	nan	0.38	0.0	6	6	1	0	265	265	0	0.36	0.345	12.52	"{""A-B"": 74, ""A-C"": 0, ""A-D"": 16, ""A-E"": 0, ""A-F"": 0, ""B-C"": 0, ""B-D"": 0, ""B-E"": 18, ""B-F"": 0, ""C-D"": 71, ""C-E"": 0, ""C-F"": 15, ""D-E"": 0, ""D-F"": 0, ""E-F"": 71}"	[1, 6, 64, 83, 86, 87, 90, 94, 95, 96, 97, 98, 99, 151, 152, 155, 156, 157, 182, 183, 184, 188, 190, 191, 192, 193, 194, 195, 196, 208, 210, 263, 266, 267, 271, 272, 336, 337, 338, 339, 340, 342, 345, 348, 373, 374]	experiments/e149_final20_stoichiometry_v1/out_s6/ova_c4_iptm80_21e_c6/seed-3_sample-3/ova_c4_iptm80_21e_c6_seed-3_sample-3_summary_confidences.json	experiments/e149_final20_stoichiometry_v1/out_s6/ova_c4_iptm80_21e_c6/seed-3_sample-3/ova_c4_iptm80_21e_c6_seed-3_sample-3_model.cif
ova_c4_iptm80_21e_c6	seed-3_sample-4	6	0.41	0.5	86.06259067317983	nan	nan	0.43	0.0	12	6	1	0	366	366	0	0.44	0.265	14.36	"{""A-B"": 74, ""A-C"": 20, ""A-D"": 11, ""A-E"": 17, ""A-F"": 0, ""B-C"": 0, ""B-D"": 19, ""B-E"": 12, ""B-F"": 20, ""C-D"": 67, ""C-E"": 21, ""C-F"": 14, ""D-E"": 0, ""D-F"": 21, ""E-F"": 70}"	[1, 6, 86, 87, 90, 93, 94, 95, 96, 97, 98, 99, 155, 156, 157, 159, 160, 183, 184, 188, 189, 190, 191, 192, 194, 210, 216, 217, 271, 272, 278, 285, 287, 289, 334, 336, 337, 338, 339, 340, 342, 345, 346, 347, 348, 349, 350, 352, 353, 354, 355, 373, 374]	experiments/e149_final20_stoichiometry_v1/out_s6/ova_c4_iptm80_21e_c6/seed-3_sample-4/ova_c4_iptm80_21e_c6_seed-3_sample-4_summary_confidences.json	experiments/e149_final20_stoichiometry_v1/out_s6/ova_c4_iptm80_21e_c6/seed-3_sample-4/ova_c4_iptm80_21e_c6_seed-3_sample-4_model.cif
ova_c4_iptm80_19f_c1	seed-1_sample-0	1	0.0	0.92	91.09443029097325	nan	nan	0.92	0.0	0	1	0	0	0	0	0	0.0	nan	nan	{}	[]	experiments/e149_final20_stoichiometry_v1/out_s3/ova_c4_iptm80_19f_c1/seed-1_sample-0/ova_c4_iptm80_19f_c1_seed-1_sample-0_summary_confidences.json	experiments/e149_final20_stoichiometry_v1/out_s3/ova_c4_iptm80_19f_c1/seed-1_sample-0/ova_c4_iptm80_19f_c1_seed-1_sample-0_model.cif
ova_c4_iptm80_19f_c1	seed-1_sample-1	1	0.0	0.92	90.23365281159396	nan	nan	0.92	0.0	0	1	0	0	0	0	0	0.0	nan	nan	{}	[]	experiments/e149_final20_stoichiometry_v1/out_s3/ova_c4_iptm80_19f_c1/seed-1_sample-1/ova_c4_iptm80_19f_c1_seed-1_sample-1_summary_confidences.json	experiments/e149_final20_stoichiometry_v1/out_s3/ova_c4_iptm80_19f_c1/seed-1_sample-1/ova_c4_iptm80_19f_c1_seed-1_sample-1_model.cif
ova_c4_iptm80_19f_c1	seed-1_sample-2	1	0.0	0.92	90.75598447928157	nan	nan	0.92	0.0	0	1	0	0	0	0	0	0.0	nan	nan	{}	[]	experiments/e149_final20_stoichiometry_v1/out_s3/ova_c4_iptm80_19f_c1/seed-1_sample-2/ova_c4_iptm80_19f_c1_seed-1_sample-2_summary_confidences.json	experiments/e149_final20_stoichiometry_v1/out_s3/ova_c4_iptm80_19f_c1/seed-1_sample-2/ova_c4_iptm80_19f_c1_seed-1_sample-2_model.cif
ova_c4_iptm80_19f_c1	seed-1_sample-3	1	0.0	0.92	91.03300508686915	nan	nan	0.92	0.0	0	1	0	0	0	0	0	0.0	nan	nan	{}	[]	experiments/e149_final20_stoichiometry_v1/out_s3/ova_c4_iptm80_19f_c1/seed-1_sample-3/ova_c4_iptm80_19f_c1_seed-1_sample-3_summary_confidences.json	experiments/e149_final20_stoichiometry_v1/out_s3/ova_c4_iptm80_19f_c1/seed-1_sample-3/ova_c4_iptm80_19f_c1_seed-1_sample-3_model.cif
ova_c4_iptm80_19f_c1	seed-1_sample-4	1	0.0	0.92	90.56961138631395	nan	nan	0.92	0.0	0	1	0	0	0	0	0	0.0	nan	nan	{}	[]	experiments/e149_final20_stoichiometry_v1/out_s3/ova_c4_iptm80_19f_c1/seed-1_sample-4/ova_c4_iptm80_19f_c1_seed-1_sample-4_summary_confidences.json	experiments/e149_final20_stoichiometry_v1/out_s3/ova_c4_iptm80_19f_c1/seed-1_sample-4/ova_c4_iptm80_19f_c1_seed-1_sample-4_model.cif
ova_c4_iptm80_19f_c1	seed-2_sample-0	1	0.0	0.92	90.70665813110035	nan	nan	0.92	0.0	0	1	0	0	0	0	0	0.0	nan	nan	{}	[]	experiments/e149_final20_stoichiometry_v1/out_s3/ova_c4_iptm80_19f_c1/seed-2_sample-0/ova_c4_iptm80_19f_c1_seed-2_sample-0_summary_confidences.json	experiments/e149_final20_stoichiometry_v1/out_s3/ova_c4_iptm80_19f_c1/seed-2_sample-0/ova_c4_iptm80_19f_c1_seed-2_sample-0_model.cif
ova_c4_iptm80_19f_c1	seed-2_sample-1	1	0.0	0.92	91.11165800736975	nan	nan	0.92	0.0	0	1	0	0	0	0	0	0.0	nan	nan	{}	[]	experiments/e149_final20_stoichiometry_v1/out_s3/ova_c4_iptm80_19f_c1/seed-2_sample-1/ova_c4_iptm80_19f_c1_seed-2_sample-1_summary_confidences.json	experiments/e149_final20_stoichiometry_v1/out_s3/ova_c4_iptm80_19f_c1/seed-2_sample-1/ova_c4_iptm80_19f_c1_seed-2_sample-1_model.cif
ova_c4_iptm80_19f_c1	seed-2_sample-2	1	0.0	0.92	90.83437828696454	nan	nan	0.92	0.0	0	1	0	0	0	0	0	0.0	nan	nan	{}	[]	experiments/e149_final20_stoichiometry_v1/out_s3/ova_c4_iptm80_19f_c1/seed-2_sample-2/ova_c4_iptm80_19f_c1_seed-2_sample-2_summary_confidences.json	experiments/e149_final20_stoichiometry_v1/out_s3/ova_c4_iptm80_19f_c1/seed-2_sample-2/ova_c4_iptm80_19f_c1_seed-2_sample-2_model.cif
ova_c4_iptm80_19f_c1	seed-2_sample-3	1	0.0	0.92	91.14634724355115	nan	nan	0.92	0.0	0	1	0	0	0	0	0	0.0	nan	nan	{}	[]	experiments/e149_final20_stoichiometry_v1/out_s3/ova_c4_iptm80_19f_c1/seed-2_sample-3/ova_c4_iptm80_19f_c1_seed-2_sample-3_summary_confidences.json	experiments/e149_final20_stoichiometry_v1/out_s3/ova_c4_iptm80_19f_c1/seed-2_sample-3/ova_c4_iptm80_19f_c1_seed-2_sample-3_model.cif
ova_c4_iptm80_19f_c1	seed-2_sample-4	1	0.0	0.92	91.0180310955937	nan	nan	0.92	0.0	0	1	0	0	0	0	0	0.0	nan	nan	{}	[]	experiments/e149_final20_stoichiometry_v1/out_s3/ova_c4_iptm80_19f_c1/seed-2_sample-4/ova_c4_iptm80_19f_c1_seed-2_sample-4_summary_confidences.json	experiments/e149_final20_stoichiometry_v1/out_s3/ova_c4_iptm80_19f_c1/seed-2_sample-4/ova_c4_iptm80_19f_c1_seed-2_sample-4_model.cif
ova_c4_iptm80_19f_c1	seed-3_sample-0	1	0.0	0.92	90.67580325862905	nan	nan	0.92	0.0	0	1	0	0	0	0	0	0.0	nan	nan	{}	[]	experiments/e149_final20_stoichiometry_v1/out_s3/ova_c4_iptm80_19f_c1/seed-3_sample-0/ova_c4_iptm80_19f_c1_seed-3_sample-0_summary_confidences.json	experiments/e149_final20_stoichiometry_v1/out_s3/ova_c4_iptm80_19f_c1/seed-3_sample-0/ova_c4_iptm80_19f_c1_seed-3_sample-0_model.cif
ova_c4_iptm80_19f_c1	seed-3_sample-1	1	0.0	0.92	90.64953378074527	nan	nan	0.92	0.0	0	1	0	0	0	0	0	0.0	nan	nan	{}	[]	experiments/e149_final20_stoichiometry_v1/out_s3/ova_c4_iptm80_19f_c1/seed-3_sample-1/ova_c4_iptm80_19f_c1_seed-3_sample-1_summary_confidences.json	experiments/e149_final20_stoichiometry_v1/out_s3/ova_c4_iptm80_19f_c1/seed-3_sample-1/ova_c4_iptm80_19f_c1_seed-3_sample-1_model.cif
ova_c4_iptm80_19f_c1	seed-3_sample-2	1	0.0	0.92	90.81414513266766	nan	nan	0.92	0.0	0	1	0	0	0	0	0	0.0	nan	nan	{}	[]	experiments/e149_final20_stoichiometry_v1/out_s3/ova_c4_iptm80_19f_c1/seed-3_sample-2/ova_c4_iptm80_19f_c1_seed-3_sample-2_summary_confidences.json	experiments/e149_final20_stoichiometry_v1/out_s3/ova_c4_iptm80_19f_c1/seed-3_sample-2/ova_c4_iptm80_19f_c1_seed-3_sample-2_model.cif
ova_c4_iptm80_19f_c1	seed-3_sample-3	1	0.0	0.92	90.28645089500309	nan	nan	0.92	0.0	0	1	0	0	0	0	0	0.0	nan	nan	{}	[]	experiments/e149_final20_stoichiometry_v1/out_s3/ova_c4_iptm80_19f_c1/seed-3_sample-3/ova_c4_iptm80_19f_c1_seed-3_sample-3_summary_confidences.json	experiments/e149_final20_stoichiometry_v1/out_s3/ova_c4_iptm80_19f_c1/seed-3_sample-3/ova_c4_iptm80_19f_c1_seed-3_sample-3_model.cif
ova_c4_iptm80_19f_c1	seed-3_sample-4	1	0.0	0.92	90.59116584896424	nan	nan	0.92	0.0	0	1	0	0	0	0	0	0.0	nan	nan	{}	[]	experiments/e149_final20_stoichiometry_v1/out_s3/ova_c4_iptm80_19f_c1/seed-3_sample-4/ova_c4_iptm80_19f_c1_seed-3_sample-4_summary_confidences.json	experiments/e149_final20_stoichiometry_v1/out_s3/ova_c4_iptm80_19f_c1/seed-3_sample-4/ova_c4_iptm80_19f_c1_seed-3_sample-4_model.cif
ova_c4_iptm80_19f_c2	seed-1_sample-0	2	0.19	0.56	88.52339377922098	nan	nan	0.26	0.0	1	2	1	0	72	72	0	0.19	0.19	20.71	"{""A-B"": 72}"	[94, 95, 96, 97, 98, 99, 151, 152, 154, 155, 156, 157, 182, 183, 184, 188, 190, 191, 192, 194, 195, 196, 208, 210, 336, 337, 338, 339, 340, 342, 344, 347]	experiments/e149_final20_stoichiometry_v1/out_s3/ova_c4_iptm80_19f_c2/seed-1_sample-0/ova_c4_iptm80_19f_c2_seed-1_sample-0_summary_confidences.json	experiments/e149_final20_stoichiometry_v1/out_s3/ova_c4_iptm80_19f_c2/seed-1_sample-0/ova_c4_iptm80_19f_c2_seed-1_sample-0_model.cif
ova_c4_iptm80_19f_c2	seed-1_sample-1	2	0.19	0.56	88.43227967573571	nan	nan	0.27	0.0	1	2	1	0	58	58	0	0.19	0.19	20.76	"{""A-B"": 58}"	[95, 96, 97, 98, 99, 151, 155, 156, 157, 182, 183, 184, 188, 190, 191, 192, 194, 195, 196, 208, 336, 337, 338, 339, 340, 342, 344, 345, 347]	experiments/e149_final20_stoichiometry_v1/out_s3/ova_c4_iptm80_19f_c2/seed-1_sample-1/ova_c4_iptm80_19f_c2_seed-1_sample-1_summary_confidences.json	experiments/e149_final20_stoichiometry_v1/out_s3/ova_c4_iptm80_19f_c2/seed-1_sample-1/ova_c4_iptm80_19f_c2_seed-1_sample-1_model.cif
ova_c4_iptm80_19f_c2	seed-1_sample-2	2	0.23	0.58	88.50906744645667	nan	nan	0.3	0.0	1	2	1	0	46	46	0	0.23	0.23	18.89	"{""A-B"": 46}"	[86, 90, 93, 95, 96, 97, 217, 219, 234, 236, 237, 238, 239, 270, 271, 272, 275, 276, 278, 340, 341, 342, 349, 371, 373, 374]	experiments/e149_final20_stoichiometry_v1/out_s3/ova_c4_iptm80_19f_c2/seed-1_sample-2/ova_c4_iptm80_19f_c2_seed-1_sample-2_summary_confidences.json	experiments/e149_final20_stoichiometry_v1/out_s3/ova_c4_iptm80_19f_c2/seed-1_sample-2/ova_c4_iptm80_19f_c2_seed-1_sample-2_model.cif
ova_c4_iptm80_19f_c2	seed-1_sample-3	2	0.14	0.53	87.71810871578869	nan	nan	0.22	0.0	1	2	1	0	36	36	0	0.14	0.14	20.59	"{""A-B"": 36}"	[216, 217, 219, 271, 274, 275, 276, 278, 346, 348, 349, 350, 351, 372]	experiments/e149_final20_stoichiometry_v1/out_s3/ova_c4_iptm80_19f_c2/seed-1_sample-3/ova_c4_iptm80_19f_c2_seed-1_sample-3_summary_confidences.json	experiments/e149_final20_stoichiometry_v1/out_s3/ova_c4_iptm80_19f_c2/seed-1_sample-3/ova_c4_iptm80_19f_c2_seed-1_sample-3_model.cif
ova_c4_iptm80_19f_c2	seed-1_sample-4	2	0.24	0.58	88.5050517759175	nan	nan	0.3	0.0	1	2	1	0	51	51	0	0.24	0.24	19.03	"{""A-B"": 51}"	[86, 90, 93, 95, 96, 97, 217, 219, 234, 236, 237, 238, 239, 271, 272, 275, 276, 278, 340, 341, 342, 345, 346, 371, 372, 373, 374]	experiments/e149_final20_stoichiometry_v1/out_s3/ova_c4_iptm80_19f_c2/seed-1_sample-4/ova_c4_iptm80_19f_c2_seed-1_sample-4_summary_confidences.json	experiments/e149_final20_stoichiometry_v1/out_s3/ova_c4_iptm80_19f_c2/seed-1_sample-4/ova_c4_iptm80_19f_c2_seed-1_sample-4_model.cif
ova_c4_iptm80_19f_c2	seed-2_sample-0	2	0.36	0.63	89.4220467602033	nan	nan	0.41	0.0	1	2	1	0	62	62	0	0.36	0.36	12.85	"{""A-B"": 62}"	[94, 95, 96, 97, 98, 99, 155, 156, 157, 159, 182, 184, 191, 192, 193, 194, 195, 196, 208, 337, 338, 339, 340, 342, 343, 344, 345, 346, 347]	experiments/e149_final20_stoichiometry_v1/out_s3/ova_c4_iptm80_19f_c2/seed-2_sample-0/ova_c4_iptm80_19f_c2_seed-2_sample-0_summary_confidences.json	experiments/e149_final20_stoichiometry_v1/out_s3/ova_c4_iptm80_19f_c2/seed-2_sample-0/ova_c4_iptm80_19f_c2_seed-2_sample-0_model.cif
ova_c4_iptm80_19f_c2	seed-2_sample-1	2	0.35	0.63	89.35199477635517	nan	nan	0.4	0.0	1	2	1	0	47	47	0	0.35	0.35	13.25	"{""A-B"": 47}"	[94, 95, 96, 97, 98, 99, 155, 156, 157, 182, 184, 190, 191, 192, 194, 195, 196, 208, 337, 338, 340, 342, 343, 344, 347]	experiments/e149_final20_stoichiometry_v1/out_s3/ova_c4_iptm80_19f_c2/seed-2_sample-1/ova_c4_iptm80_19f_c2_seed-2_sample-1_summary_confidences.json	experiments/e149_final20_stoichiometry_v1/out_s3/ova_c4_iptm80_19f_c2/seed-2_sample-1/ova_c4_iptm80_19f_c2_seed-2_sample-1_model.cif
ova_c4_iptm80_19f_c2	seed-2_sample-2	2	0.41	0.65	89.46634722497178	nan	nan	0.46	0.0	1	2	1	0	52	52	0	0.41	0.41	11.69	"{""A-B"": 52}"	[94, 95, 96, 97, 98, 99, 151, 155, 156, 157, 182, 183, 184, 191, 192, 194, 195, 196, 208, 337, 338, 340, 342, 344, 345, 346, 347]	experiments/e149_final20_stoichiometry_v1/out_s3/ova_c4_iptm80_19f_c2/seed-2_sample-2/ova_c4_iptm80_19f_c2_seed-2_sample-2_summary_confidences.json	experiments/e149_final20_stoichiometry_v1/out_s3/ova_c4_iptm80_19f_c2/seed-2_sample-2/ova_c4_iptm80_19f_c2_seed-2_sample-2_model.cif
ova_c4_iptm80_19f_c2	seed-2_sample-3	2	0.36	0.63	89.3718133837448	nan	nan	0.42	0.0	1	2	1	0	58	58	0	0.36	0.36	12.65	"{""A-B"": 58}"	[94, 95, 96, 98, 99, 151, 155, 156, 157, 182, 183, 184, 190, 191, 192, 194, 195, 196, 208, 337, 338, 340, 342, 344, 345, 346, 347]	experiments/e149_final20_stoichiometry_v1/out_s3/ova_c4_iptm80_19f_c2/seed-2_sample-3/ova_c4_iptm80_19f_c2_seed-2_sample-3_summary_confidences.json	experiments/e149_final20_stoichiometry_v1/out_s3/ova_c4_iptm80_19f_c2/seed-2_sample-3/ova_c4_iptm80_19f_c2_seed-2_sample-3_model.cif
ova_c4_iptm80_19f_c2	seed-2_sample-4	2	0.33	0.62	89.22569966686822	nan	nan	0.39	0.0	1	2	1	0	55	55	0	0.33	0.33	13.3	"{""A-B"": 55}"	[94, 95, 96, 98, 99, 155, 156, 157, 159, 182, 183, 184, 191, 192, 193, 195, 196, 208, 337, 338, 342, 344, 345, 346, 347]	experiments/e149_final20_stoichiometry_v1/out_s3/ova_c4_iptm80_19f_c2/seed-2_sample-4/ova_c4_iptm80_19f_c2_seed-2_sample-4_summary_confidences.json	experiments/e149_final20_stoichiometry_v1/out_s3/ova_c4_iptm80_19f_c2/seed-2_sample-4/ova_c4_iptm80_19f_c2_seed-2_sample-4_model.cif
ova_c4_iptm80_19f_c2	seed-3_sample-0	2	0.18	0.55	88.03023317564337	nan	nan	0.25	0.0	1	2	1	0	51	51	0	0.18	0.18	19.95	"{""A-B"": 51}"	[96, 98, 99, 155, 156, 157, 159, 182, 183, 184, 188, 191, 192, 193, 194, 195, 196, 197, 208, 336, 337, 338, 340, 342, 344, 345, 347]	experiments/e149_final20_stoichiometry_v1/out_s3/ova_c4_iptm80_19f_c2/seed-3_sample-0/ova_c4_iptm80_19f_c2_seed-3_sample-0_summary_confidences.json	experiments/e149_final20_stoichiometry_v1/out_s3/ova_c4_iptm80_19f_c2/seed-3_sample-0/ova_c4_iptm80_19f_c2_seed-3_sample-0_model.cif
ova_c4_iptm80_19f_c2	seed-3_sample-1	2	0.29	0.6	88.45966303533841	nan	nan	0.36	0.0	1	2	1	0	54	54	0	0.29	0.29	16.01	"{""A-B"": 54}"	[86, 87, 90, 95, 96, 97, 217, 219, 234, 236, 237, 238, 239, 270, 271, 272, 276, 278, 340, 341, 342, 344, 345, 346, 371, 372, 373, 374]	experiments/e149_final20_stoichiometry_v1/out_s3/ova_c4_iptm80_19f_c2/seed-3_sample-1/ova_c4_iptm80_19f_c2_seed-3_sample-1_summary_confidences.json	experiments/e149_final20_stoichiometry_v1/out_s3/ova_c4_iptm80_19f_c2/seed-3_sample-1/ova_c4_iptm80_19f_c2_seed-3_sample-1_model.cif
ova_c4_iptm80_19f_c2	seed-3_sample-2	2	0.28	0.6	88.3440156650049	nan	nan	0.35	0.0	1	2	1	0	44	44	0	0.28	0.28	16.52	"{""A-B"": 44}"	[1, 86, 87, 89, 90, 95, 96, 97, 217, 234, 236, 237, 238, 239, 270, 271, 272, 276, 278, 340, 341, 371, 372, 373, 374]	experiments/e149_final20_stoichiometry_v1/out_s3/ova_c4_iptm80_19f_c2/seed-3_sample-2/ova_c4_iptm80_19f_c2_seed-3_sample-2_summary_confidences.json	experiments/e149_final20_stoichiometry_v1/out_s3/ova_c4_iptm80_19f_c2/seed-3_sample-2/ova_c4_iptm80_19f_c2_seed-3_sample-2_model.cif
ova_c4_iptm80_19f_c2	seed-3_sample-3	2	0.29	0.6	88.47466336383721	nan	nan	0.35	0.0	1	2	1	0	47	47	0	0.29	0.29	16.48	"{""A-B"": 47}"	[86, 87, 89, 90, 95, 96, 97, 217, 219, 234, 236, 237, 238, 239, 271, 272, 276, 278, 340, 341, 342, 347, 349, 371, 372, 373, 374]	experiments/e149_final20_stoichiometry_v1/out_s3/ova_c4_iptm80_19f_c2/seed-3_sample-3/ova_c4_iptm80_19f_c2_seed-3_sample-3_summary_confidences.json	experiments/e149_final20_stoichiometry_v1/out_s3/ova_c4_iptm80_19f_c2/seed-3_sample-3/ova_c4_iptm80_19f_c2_seed-3_sample-3_model.cif
ova_c4_iptm80_19f_c2	seed-3_sample-4	2	0.2	0.55	88.25450779613436	nan	nan	0.27	0.0	1	2	1	0	41	41	0	0.2	0.2	19.73	"{""A-B"": 41}"	[96, 98, 99, 151, 155, 156, 157, 159, 182, 183, 184, 191, 192, 195, 196, 208, 337, 338, 340, 342, 344, 347]	experiments/e149_final20_stoichiometry_v1/out_s3/ova_c4_iptm80_19f_c2/seed-3_sample-4/ova_c4_iptm80_19f_c2_seed-3_sample-4_summary_confidences.json	experiments/e149_final20_stoichiometry_v1/out_s3/ova_c4_iptm80_19f_c2/seed-3_sample-4/ova_c4_iptm80_19f_c2_seed-3_sample-4_model.cif
ova_c4_iptm80_19f_c3	seed-1_sample-0	3	0.16	0.42	86.3403627662461	nan	nan	0.21	0.0	3	3	1	0	133	133	0	0.13	0.13	23.61	"{""A-B"": 43, ""A-C"": 42, ""B-C"": 48}"	[3, 93, 94, 95, 96, 97, 99, 155, 182, 184, 186, 188, 216, 217, 219, 232, 234, 241, 269, 271, 272, 274, 275, 276, 278, 338, 339, 340, 341, 342, 344, 345, 346, 348, 349, 350, 351, 354, 372, 373, 374, 375]	experiments/e149_final20_stoichiometry_v1/out_s4/ova_c4_iptm80_19f_c3/seed-1_sample-0/ova_c4_iptm80_19f_c3_seed-1_sample-0_summary_confidences.json	experiments/e149_final20_stoichiometry_v1/out_s4/ova_c4_iptm80_19f_c3/seed-1_sample-0/ova_c4_iptm80_19f_c3_seed-1_sample-0_model.cif
ova_c4_iptm80_19f_c3	seed-1_sample-1	3	0.2	0.44	86.52639899970336	nan	nan	0.25	0.0	3	3	1	0	117	117	0	0.13	0.13	21.72	"{""A-B"": 37, ""A-C"": 25, ""B-C"": 55}"	[94, 95, 96, 97, 98, 99, 151, 152, 155, 156, 157, 182, 183, 184, 187, 190, 191, 192, 193, 194, 195, 196, 208, 210, 215, 216, 217, 278, 336, 337, 338, 340, 341, 342, 343, 344, 345, 346, 347, 348, 349, 350, 351, 352, 354]	experiments/e149_final20_stoichiometry_v1/out_s4/ova_c4_iptm80_19f_c3/seed-1_sample-1/ova_c4_iptm80_19f_c3_seed-1_sample-1_summary_confidences.json	experiments/e149_final20_stoichiometry_v1/out_s4/ova_c4_iptm80_19f_c3/seed-1_sample-1/ova_c4_iptm80_19f_c3_seed-1_sample-1_model.cif
ova_c4_iptm80_19f_c3	seed-1_sample-2	3	0.15	0.41	86.11101026979753	nan	nan	0.2	0.0	3	3	1	0	169	169	0	0.11	0.11	25.44	"{""A-B"": 65, ""A-C"": 40, ""B-C"": 64}"	[1, 64, 65, 68, 70, 72, 73, 77, 78, 79, 82, 83, 86, 87, 89, 90, 91, 92, 93, 94, 95, 96, 97, 98, 99, 100, 101, 102, 119, 120, 123, 124, 127, 128, 131, 132, 133, 145, 148, 149, 152, 153, 155, 182, 183, 184, 191, 192, 217, 219, 234, 235, 236, 237, 238, 239, 240, 271, 272, 275, 276, 277, 336, 337, 338, 340, 341, 342, 344, 345, 346, 371, 372, 373, 374]	experiments/e149_final20_stoichiometry_v1/out_s4/ova_c4_iptm80_19f_c3/seed-1_sample-2/ova_c4_iptm80_19f_c3_seed-1_sample-2_summary_confidences.json	experiments/e149_final20_stoichiometry_v1/out_s4/ova_c4_iptm80_19f_c3/seed-1_sample-2/ova_c4_iptm80_19f_c3_seed-1_sample-2_model.cif
ova_c4_iptm80_19f_c3	seed-1_sample-3	3	0.18	0.44	86.91577709771191	nan	nan	0.23	0.0	3	3	1	0	101	101	0	0.13	0.13	21.98	"{""A-B"": 18, ""A-C"": 27, ""B-C"": 56}"	[94, 95, 96, 97, 98, 99, 151, 152, 155, 156, 157, 182, 183, 184, 186, 190, 191, 192, 194, 195, 196, 208, 210, 236, 237, 238, 239, 337, 338, 340, 341, 342, 344, 345, 346, 347, 348, 349, 372, 373]	experiments/e149_final20_stoichiometry_v1/out_s4/ova_c4_iptm80_19f_c3/seed-1_sample-3/ova_c4_iptm80_19f_c3_seed-1_sample-3_summary_confidences.json	experiments/e149_final20_stoichiometry_v1/out_s4/ova_c4_iptm80_19f_c3/seed-1_sample-3/ova_c4_iptm80_19f_c3_seed-1_sample-3_model.cif
ova_c4_iptm80_19f_c3	seed-1_sample-4	3	0.14	0.41	86.59738341020179	nan	nan	0.2	0.0	3	3	1	0	98	98	0	0.12	0.12	26.77	"{""A-B"": 30, ""A-C"": 33, ""B-C"": 35}"	[110, 111, 113, 114, 115, 116, 119, 120, 130, 131, 132, 133, 134, 138, 141, 142, 144, 145, 190, 191, 192, 193, 342, 343, 345, 348, 349, 350, 351, 352, 353]	experiments/e149_final20_stoichiometry_v1/out_s4/ova_c4_iptm80_19f_c3/seed-1_sample-4/ova_c4_iptm80_19f_c3_seed-1_sample-4_summary_confidences.json	experiments/e149_final20_stoichiometry_v1/out_s4/ova_c4_iptm80_19f_c3/seed-1_sample-4/ova_c4_iptm80_19f_c3_seed-1_sample-4_model.cif
ova_c4_iptm80_19f_c3	seed-2_sample-0	3	0.19	0.44	87.05103648882456	nan	nan	0.24	0.0	3	3	1	0	127	127	0	0.14	0.14	22.72	"{""A-B"": 31, ""A-C"": 54, ""B-C"": 42}"	[93, 94, 95, 96, 97, 98, 99, 116, 124, 131, 132, 141, 144, 145, 147, 148, 151, 152, 153, 155, 156, 182, 183, 184, 187, 188, 191, 192, 195, 196, 215, 216, 217, 236, 237, 271, 275, 276, 277, 278, 336, 337, 338, 339, 340, 341, 342, 343, 344, 345, 346, 347, 348, 349, 350, 351, 354, 373]	experiments/e149_final20_stoichiometry_v1/out_s4/ova_c4_iptm80_19f_c3/seed-2_sample-0/ova_c4_iptm80_19f_c3_seed-2_sample-0_summary_confidences.json	experiments/e149_final20_stoichiometry_v1/out_s4/ova_c4_iptm80_19f_c3/seed-2_sample-0/ova_c4_iptm80_19f_c3_seed-2_sample-0_model.cif
ova_c4_iptm80_19f_c3	seed-2_sample-1	3	0.15	0.41	86.4111399576454	nan	nan	0.21	0.0	3	3	1	0	108	108	0	0.12	0.12	25.95	"{""A-B"": 23, ""A-C"": 39, ""B-C"": 46}"	[93, 94, 95, 96, 97, 99, 101, 127, 131, 138, 140, 141, 143, 144, 145, 147, 148, 149, 151, 152, 155, 156, 157, 159, 160, 163, 164, 165, 180, 182, 184, 188, 191, 192, 194, 195, 196, 197, 201, 205, 207, 208, 209, 210, 334, 336, 337, 338, 339, 340, 342, 385]	experiments/e149_final20_stoichiometry_v1/out_s4/ova_c4_iptm80_19f_c3/seed-2_sample-1/ova_c4_iptm80_19f_c3_seed-2_sample-1_summary_confidences.json	experiments/e149_final20_stoichiometry_v1/out_s4/ova_c4_iptm80_19f_c3/seed-2_sample-1/ova_c4_iptm80_19f_c3_seed-2_sample-1_model.cif
ova_c4_iptm80_19f_c3	seed-2_sample-2	3	0.15	0.41	86.7993002975543	nan	nan	0.2	0.0	3	3	1	0	134	134	0	0.12	0.12	25.61	"{""A-B"": 45, ""A-C"": 44, ""B-C"": 45}"	[94, 95, 96, 110, 116, 119, 123, 124, 127, 131, 132, 133, 134, 138, 141, 144, 145, 148, 149, 151, 152, 153, 216, 217, 238, 271, 272, 275, 276, 278, 340, 341, 342, 343, 345, 346, 349, 350, 351, 354, 372, 373]	experiments/e149_final20_stoichiometry_v1/out_s4/ova_c4_iptm80_19f_c3/seed-2_sample-2/ova_c4_iptm80_19f_c3_seed-2_sample-2_summary_confidences.json	experiments/e149_final20_stoichiometry_v1/out_s4/ova_c4_iptm80_19f_c3/seed-2_sample-2/ova_c4_iptm80_19f_c3_seed-2_sample-2_model.cif
ova_c4_iptm80_19f_c3	seed-2_sample-3	3	0.15	0.41	86.63502606209077	nan	nan	0.2	0.0	3	3	1	0	231	231	0	0.11	0.11	26.49	"{""A-B"": 110, ""A-C"": 41, ""B-C"": 80}"	[1, 2, 3, 4, 5, 6, 64, 65, 68, 70, 71, 72, 73, 74, 78, 79, 81, 82, 83, 85, 86, 87, 89, 90, 92, 93, 94, 95, 96, 98, 99, 101, 103, 105, 110, 116, 120, 121, 124, 125, 127, 128, 131, 132, 133, 134, 137, 138, 141, 142, 144, 145, 147, 148, 149, 151, 152, 153, 154, 155, 156, 157, 160, 180, 182, 183, 184, 188, 191, 192, 238, 239, 334, 336, 337, 338, 339, 342, 344, 345, 372, 373, 374, 375]	experiments/e149_final20_stoichiometry_v1/out_s4/ova_c4_iptm80_19f_c3/seed-2_sample-3/ova_c4_iptm80_19f_c3_seed-2_sample-3_summary_confidences.json	experiments/e149_final20_stoichiometry_v1/out_s4/ova_c4_iptm80_19f_c3/seed-2_sample-3/ova_c4_iptm80_19f_c3_seed-2_sample-3_model.cif
ova_c4_iptm80_19f_c3	seed-2_sample-4	3	0.15	0.42	85.85803091711331	nan	nan	0.21	0.0	3	3	1	0	157	157	0	0.12	0.12	25.5	"{""A-B"": 54, ""A-C"": 49, ""B-C"": 54}"	[4, 64, 75, 76, 77, 78, 81, 82, 83, 86, 87, 94, 95, 96, 110, 113, 114, 116, 120, 123, 124, 128, 132, 133, 134, 138, 141, 142, 144, 145, 148, 149, 152, 153, 186, 216, 217, 219, 236, 238, 239, 271, 272, 275, 276, 277, 278, 340, 341, 342, 343, 349, 350, 372, 373, 374]	experiments/e149_final20_stoichiometry_v1/out_s4/ova_c4_iptm80_19f_c3/seed-2_sample-4/ova_c4_iptm80_19f_c3_seed-2_sample-4_summary_confidences.json	experiments/e149_final20_stoichiometry_v1/out_s4/ova_c4_iptm80_19f_c3/seed-2_sample-4/ova_c4_iptm80_19f_c3_seed-2_sample-4_model.cif
ova_c4_iptm80_19f_c3	seed-3_sample-0	3	0.16	0.42	86.06168400067739	nan	nan	0.21	0.0	3	3	1	0	214	214	0	0.13	0.13	26.04	"{""A-B"": 78, ""A-C"": 65, ""B-C"": 71}"	[1, 3, 64, 71, 73, 74, 75, 83, 86, 87, 90, 94, 95, 96, 110, 113, 114, 116, 119, 120, 121, 123, 124, 127, 128, 132, 133, 134, 138, 141, 142, 144, 145, 148, 149, 151, 152, 153, 186, 187, 216, 217, 219, 236, 238, 239, 271, 272, 275, 276, 277, 278, 340, 341, 342, 343, 345, 346, 349, 350, 372, 373, 374, 375]	experiments/e149_final20_stoichiometry_v1/out_s4/ova_c4_iptm80_19f_c3/seed-3_sample-0/ova_c4_iptm80_19f_c3_seed-3_sample-0_summary_confidences.json	experiments/e149_final20_stoichiometry_v1/out_s4/ova_c4_iptm80_19f_c3/seed-3_sample-0/ova_c4_iptm80_19f_c3_seed-3_sample-0_model.cif
ova_c4_iptm80_19f_c3	seed-3_sample-1	3	0.18	0.43	86.65225382790047	nan	nan	0.23	0.0	3	3	1	0	60	60	0	0.09	0.09	30.05	"{""A-B"": 9, ""A-C"": 16, ""B-C"": 35}"	[49, 51, 52, 53, 55, 56, 61, 96, 97, 98, 99, 137, 138, 140, 141, 144, 151, 155, 156, 157, 170, 182, 183, 184, 191, 192, 195, 196, 201, 202, 204, 205, 206, 208, 308, 309, 310, 337, 338, 344, 347]	experiments/e149_final20_stoichiometry_v1/out_s4/ova_c4_iptm80_19f_c3/seed-3_sample-1/ova_c4_iptm80_19f_c3_seed-3_sample-1_summary_confidences.json	experiments/e149_final20_stoichiometry_v1/out_s4/ova_c4_iptm80_19f_c3/seed-3_sample-1/ova_c4_iptm80_19f_c3_seed-3_sample-1_model.cif
ova_c4_iptm80_19f_c3	seed-3_sample-2	3	0.15	0.41	85.52165805243457	nan	nan	0.2	0.0	3	3	1	0	151	151	0	0.11	0.11	21.68	"{""A-B"": 48, ""A-C"": 53, ""B-C"": 50}"	[78, 89, 93, 94, 95, 96, 97, 98, 99, 155, 156, 157, 160, 182, 183, 184, 186, 187, 188, 191, 192, 216, 217, 234, 236, 237, 238, 276, 336, 337, 338, 339, 340, 341, 342, 343, 344, 345, 346, 347, 348, 349, 350]	experiments/e149_final20_stoichiometry_v1/out_s4/ova_c4_iptm80_19f_c3/seed-3_sample-2/ova_c4_iptm80_19f_c3_seed-3_sample-2_summary_confidences.json	experiments/e149_final20_stoichiometry_v1/out_s4/ova_c4_iptm80_19f_c3/seed-3_sample-2/ova_c4_iptm80_19f_c3_seed-3_sample-2_model.cif
ova_c4_iptm80_19f_c3	seed-3_sample-3	3	0.2	0.45	86.75883437438333	nan	nan	0.25	0.0	3	3	1	0	100	100	0	0.15	0.15	20.77	"{""A-B"": 22, ""A-C"": 46, ""B-C"": 32}"	[82, 83, 86, 90, 93, 95, 96, 97, 98, 99, 182, 183, 184, 186, 187, 188, 191, 192, 216, 217, 218, 234, 236, 238, 239, 271, 272, 275, 276, 278, 336, 338, 339, 340, 341, 342, 344, 345, 346, 347, 348, 349, 350, 372, 373, 374]	experiments/e149_final20_stoichiometry_v1/out_s4/ova_c4_iptm80_19f_c3/seed-3_sample-3/ova_c4_iptm80_19f_c3_seed-3_sample-3_summary_confidences.json	experiments/e149_final20_stoichiometry_v1/out_s4/ova_c4_iptm80_19f_c3/seed-3_sample-3/ova_c4_iptm80_19f_c3_seed-3_sample-3_model.cif
ova_c4_iptm80_19f_c3	seed-3_sample-4	3	0.16	0.42	86.10158025909583	nan	nan	0.21	0.0	3	3	1	0	81	81	0	0.12	0.12	24.87	"{""A-B"": 35, ""A-C"": 20, ""B-C"": 26}"	[73, 94, 95, 96, 110, 116, 119, 120, 123, 131, 132, 133, 134, 137, 138, 141, 144, 145, 147, 148, 149, 151, 152, 153, 186, 216, 217, 219, 234, 238, 271, 274, 275, 276, 278, 340, 341, 342, 343, 345, 346, 348, 349, 350, 351, 354, 373]	experiments/e149_final20_stoichiometry_v1/out_s4/ova_c4_iptm80_19f_c3/seed-3_sample-4/ova_c4_iptm80_19f_c3_seed-3_sample-4_summary_confidences.json	experiments/e149_final20_stoichiometry_v1/out_s4/ova_c4_iptm80_19f_c3/seed-3_sample-4/ova_c4_iptm80_19f_c3_seed-3_sample-4_model.cif
ova_c4_iptm80_19f_c5	seed-1_sample-0	5	0.44	0.54	86.70582893845949	nan	nan	0.46	0.0	8	5	1	0	224	224	0	0.11	0.385	13.905000000000001	"{""A-B"": 8, ""A-C"": 51, ""A-D"": 30, ""A-E"": 0, ""B-C"": 30, ""B-D"": 54, ""B-E"": 12, ""C-D"": 8, ""C-E"": 0, ""D-E"": 31}"	[22, 23, 24, 25, 26, 86, 90, 94, 95, 96, 97, 98, 99, 140, 144, 148, 151, 152, 156, 159, 160, 164, 165, 182, 184, 190, 191, 192, 193, 195, 196, 201, 202, 205, 207, 208, 210, 216, 217, 236, 271, 272, 276, 277, 278, 287, 289, 338, 339, 340, 341, 342, 343, 344, 345, 346, 347, 348, 349, 350, 351, 354, 373, 374, 385]	experiments/e149_final20_stoichiometry_v1/out_s5/ova_c4_iptm80_19f_c5/seed-1_sample-0/ova_c4_iptm80_19f_c5_seed-1_sample-0_summary_confidences.json	experiments/e149_final20_stoichiometry_v1/out_s5/ova_c4_iptm80_19f_c5/seed-1_sample-0/ova_c4_iptm80_19f_c5_seed-1_sample-0_model.cif
ova_c4_iptm80_19f_c5	seed-1_sample-1	5	0.27	0.4	85.77616580903839	nan	nan	0.29	0.0	5	5	1	0	166	166	0	0.11	0.16	20.32	"{""A-B"": 0, ""A-C"": 42, ""A-D"": 33, ""A-E"": 0, ""B-C"": 0, ""B-D"": 41, ""B-E"": 21, ""C-D"": 0, ""C-E"": 29, ""D-E"": 0}"	[94, 96, 97, 98, 99, 182, 184, 188, 190, 191, 192, 216, 217, 219, 236, 271, 272, 274, 275, 276, 277, 278, 336, 337, 338, 339, 340, 342, 343, 344, 345, 346, 347, 348, 349, 350, 351, 353, 354, 355, 356]	experiments/e149_final20_stoichiometry_v1/out_s5/ova_c4_iptm80_19f_c5/seed-1_sample-1/ova_c4_iptm80_19f_c5_seed-1_sample-1_summary_confidences.json	experiments/e149_final20_stoichiometry_v1/out_s5/ova_c4_iptm80_19f_c5/seed-1_sample-1/ova_c4_iptm80_19f_c5_seed-1_sample-1_model.cif
ova_c4_iptm80_19f_c5	seed-1_sample-2	5	0.48	0.57	86.8208030443735	nan	nan	0.5	0.0	8	5	1	0	225	225	0	0.1	0.425	12.969999999999999	"{""A-B"": 17, ""A-C"": 57, ""A-D"": 24, ""A-E"": 0, ""B-C"": 25, ""B-D"": 59, ""B-E"": 7, ""C-D"": 17, ""C-E"": 0, ""D-E"": 19}"	[1, 2, 24, 25, 86, 90, 95, 96, 97, 98, 99, 148, 152, 156, 159, 160, 163, 164, 165, 166, 182, 184, 188, 190, 191, 192, 193, 196, 197, 198, 202, 204, 205, 206, 207, 208, 216, 217, 236, 251, 254, 258, 266, 270, 271, 272, 276, 277, 278, 337, 338, 339, 340, 341, 342, 344, 345, 346, 347, 348, 349, 350, 351, 354, 373, 374, 375]	experiments/e149_final20_stoichiometry_v1/out_s5/ova_c4_iptm80_19f_c5/seed-1_sample-2/ova_c4_iptm80_19f_c5_seed-1_sample-2_summary_confidences.json	experiments/e149_final20_stoichiometry_v1/out_s5/ova_c4_iptm80_19f_c5/seed-1_sample-2/ova_c4_iptm80_19f_c5_seed-1_sample-2_model.cif
ova_c4_iptm80_19f_c5	seed-1_sample-3	5	0.43	0.53	86.88147664440729	nan	nan	0.45	0.0	8	5	1	0	245	245	0	0.1	0.385	14.46	"{""A-B"": 10, ""A-C"": 66, ""A-D"": 29, ""A-E"": 0, ""B-C"": 31, ""B-D"": 64, ""B-E"": 24, ""C-D"": 8, ""C-E"": 13, ""D-E"": 0}"	[4, 64, 70, 71, 72, 73, 78, 79, 82, 86, 87, 89, 90, 95, 96, 97, 98, 99, 182, 184, 188, 190, 191, 192, 193, 198, 203, 204, 206, 216, 217, 222, 224, 236, 237, 239, 248, 249, 250, 251, 271, 272, 275, 276, 277, 278, 337, 338, 339, 340, 341, 342, 343, 344, 345, 346, 347, 348, 349, 350, 351, 353, 354, 356, 357, 358, 373, 374]	experiments/e149_final20_stoichiometry_v1/out_s5/ova_c4_iptm80_19f_c5/seed-1_sample-3/ova_c4_iptm80_19f_c5_seed-1_sample-3_summary_confidences.json	experiments/e149_final20_stoichiometry_v1/out_s5/ova_c4_iptm80_19f_c5/seed-1_sample-3/ova_c4_iptm80_19f_c5_seed-1_sample-3_model.cif
ova_c4_iptm80_19f_c5	seed-1_sample-4	5	0.43	0.53	86.70536274489962	nan	nan	0.45	0.0	8	5	1	0	234	234	0	0.11	0.38	14.504999999999999	"{""A-B"": 8, ""A-C"": 63, ""A-D"": 17, ""A-E"": 29, ""B-C"": 23, ""B-D"": 63, ""B-E"": 0, ""C-D"": 8, ""C-E"": 0, ""D-E"": 23}"	[86, 90, 93, 94, 95, 96, 97, 98, 99, 182, 184, 187, 188, 190, 191, 192, 193, 215, 216, 217, 222, 224, 236, 248, 271, 272, 275, 276, 277, 278, 337, 338, 339, 340, 341, 342, 343, 344, 345, 346, 347, 348, 349, 350, 351, 352, 353, 354, 355, 356, 357, 358, 373, 374]	experiments/e149_final20_stoichiometry_v1/out_s5/ova_c4_iptm80_19f_c5/seed-1_sample-4/ova_c4_iptm80_19f_c5_seed-1_sample-4_summary_confidences.json	experiments/e149_final20_stoichiometry_v1/out_s5/ova_c4_iptm80_19f_c5/seed-1_sample-4/ova_c4_iptm80_19f_c5_seed-1_sample-4_model.cif
ova_c4_iptm80_19f_c5	seed-2_sample-0	5	0.44	0.54	86.91103616032575	nan	nan	0.46	0.0	8	5	1	0	225	225	0	0.11	0.4	13.23	"{""A-B"": 21, ""A-C"": 58, ""A-D"": 11, ""A-E"": 0, ""B-C"": 9, ""B-D"": 59, ""B-E"": 12, ""C-D"": 26, ""C-E"": 0, ""D-E"": 29}"	[3, 5, 86, 87, 90, 92, 93, 94, 95, 96, 97, 98, 99, 148, 151, 152, 182, 184, 190, 191, 192, 193, 196, 198, 200, 204, 205, 206, 207, 208, 216, 217, 236, 237, 238, 239, 248, 249, 250, 271, 272, 276, 277, 278, 337, 338, 339, 340, 341, 342, 343, 344, 345, 346, 347, 348, 349, 350, 351, 352, 353, 354, 355, 358, 363, 372, 373, 374, 375]	experiments/e149_final20_stoichiometry_v1/out_s5/ova_c4_iptm80_19f_c5/seed-2_sample-0/ova_c4_iptm80_19f_c5_seed-2_sample-0_summary_confidences.json	experiments/e149_final20_stoichiometry_v1/out_s5/ova_c4_iptm80_19f_c5/seed-2_sample-0/ova_c4_iptm80_19f_c5_seed-2_sample-0_model.cif
ova_c4_iptm80_19f_c5	seed-2_sample-1	5	0.27	0.4	86.11160611365126	nan	nan	0.29	0.0	5	5	1	0	157	157	0	0.13	0.16	20.2	"{""A-B"": 38, ""A-C"": 43, ""A-D"": 0, ""A-E"": 0, ""B-C"": 0, ""B-D"": 0, ""B-E"": 20, ""C-D"": 23, ""C-E"": 0, ""D-E"": 33}"	[94, 95, 96, 97, 98, 99, 155, 182, 183, 184, 188, 190, 191, 192, 193, 195, 217, 219, 236, 271, 272, 274, 275, 276, 277, 278, 336, 337, 338, 339, 340, 342, 344, 345, 346, 347, 348, 349, 350, 351, 353, 354, 355, 356]	experiments/e149_final20_stoichiometry_v1/out_s5/ova_c4_iptm80_19f_c5/seed-2_sample-1/ova_c4_iptm80_19f_c5_seed-2_sample-1_summary_confidences.json	experiments/e149_final20_stoichiometry_v1/out_s5/ova_c4_iptm80_19f_c5/seed-2_sample-1/ova_c4_iptm80_19f_c5_seed-2_sample-1_model.cif
ova_c4_iptm80_19f_c5	seed-2_sample-2	5	0.47	0.57	87.25813462450097	nan	nan	0.49	0.0	8	5	1	0	213	213	0	0.12	0.435	11.719999999999999	"{""A-B"": 22, ""A-C"": 60, ""A-D"": 8, ""A-E"": 0, ""B-C"": 8, ""B-D"": 63, ""B-E"": 10, ""C-D"": 25, ""C-E"": 0, ""D-E"": 17}"	[86, 90, 94, 95, 96, 97, 98, 99, 140, 144, 147, 151, 156, 159, 160, 164, 182, 184, 188, 190, 191, 192, 193, 204, 205, 206, 207, 208, 216, 217, 236, 237, 271, 272, 276, 277, 278, 337, 338, 339, 340, 341, 342, 343, 344, 345, 346, 347, 348, 349, 350, 351, 354, 373, 374]	experiments/e149_final20_stoichiometry_v1/out_s5/ova_c4_iptm80_19f_c5/seed-2_sample-2/ova_c4_iptm80_19f_c5_seed-2_sample-2_summary_confidences.json	experiments/e149_final20_stoichiometry_v1/out_s5/ova_c4_iptm80_19f_c5/seed-2_sample-2/ova_c4_iptm80_19f_c5_seed-2_sample-2_model.cif
ova_c4_iptm80_19f_c5	seed-2_sample-3	5	0.29	0.42	86.3892748047033	nan	nan	0.32	0.0	5	5	1	0	183	183	0	0.12	0.18	18.58	"{""A-B"": 27, ""A-C"": 40, ""A-D"": 1, ""A-E"": 0, ""B-C"": 1, ""B-D"": 39, ""B-E"": 0, ""C-D"": 0, ""C-E"": 41, ""D-E"": 34}"	[95, 96, 97, 98, 99, 182, 184, 188, 190, 191, 192, 193, 217, 219, 236, 271, 272, 274, 275, 276, 277, 278, 279, 336, 337, 338, 339, 340, 342, 343, 344, 345, 346, 347, 348, 349, 350, 351, 353, 354, 355, 356, 357]	experiments/e149_final20_stoichiometry_v1/out_s5/ova_c4_iptm80_19f_c5/seed-2_sample-3/ova_c4_iptm80_19f_c5_seed-2_sample-3_summary_confidences.json	experiments/e149_final20_stoichiometry_v1/out_s5/ova_c4_iptm80_19f_c5/seed-2_sample-3/ova_c4_iptm80_19f_c5_seed-2_sample-3_model.cif
ova_c4_iptm80_19f_c5	seed-2_sample-4	5	0.46	0.55	86.85186532371402	nan	nan	0.48	0.0	7	5	1	0	233	233	0	0.12	0.44	12.05	"{""A-B"": 30, ""A-C"": 60, ""A-D"": 9, ""A-E"": 0, ""B-C"": 12, ""B-D"": 59, ""B-E"": 32, ""C-D"": 28, ""C-E"": 1, ""D-E"": 2}"	[1, 2, 86, 87, 90, 95, 96, 97, 98, 99, 110, 116, 131, 132, 134, 137, 138, 140, 141, 142, 144, 145, 148, 149, 152, 182, 184, 188, 190, 191, 192, 193, 216, 217, 236, 237, 271, 272, 276, 277, 278, 337, 338, 339, 340, 341, 342, 343, 344, 345, 346, 347, 348, 349, 350, 351, 354, 373, 374]	experiments/e149_final20_stoichiometry_v1/out_s5/ova_c4_iptm80_19f_c5/seed-2_sample-4/ova_c4_iptm80_19f_c5_seed-2_sample-4_summary_confidences.json	experiments/e149_final20_stoichiometry_v1/out_s5/ova_c4_iptm80_19f_c5/seed-2_sample-4/ova_c4_iptm80_19f_c5_seed-2_sample-4_model.cif
ova_c4_iptm80_19f_c5	seed-3_sample-0	5	0.4	0.51	86.94370482252052	nan	nan	0.42	0.0	8	5	1	0	221	221	0	0.11	0.35	15.215	"{""A-B"": 8, ""A-C"": 59, ""A-D"": 26, ""A-E"": 0, ""B-C"": 25, ""B-D"": 57, ""B-E"": 6, ""C-D"": 8, ""C-E"": 32, ""D-E"": 0}"	[86, 90, 94, 95, 96, 97, 98, 99, 155, 156, 182, 184, 188, 190, 191, 192, 193, 197, 198, 200, 204, 206, 216, 217, 236, 248, 249, 250, 271, 272, 276, 277, 278, 336, 337, 338, 339, 340, 341, 342, 344, 345, 346, 347, 348, 349, 350, 351, 352, 353, 354, 356, 357, 358, 360, 362, 373, 374]	experiments/e149_final20_stoichiometry_v1/out_s5/ova_c4_iptm80_19f_c5/seed-3_sample-0/ova_c4_iptm80_19f_c5_seed-3_sample-0_summary_confidences.json	experiments/e149_final20_stoichiometry_v1/out_s5/ova_c4_iptm80_19f_c5/seed-3_sample-0/ova_c4_iptm80_19f_c5_seed-3_sample-0_model.cif
ova_c4_iptm80_19f_c5	seed-3_sample-1	5	0.4	0.51	86.62461137524541	nan	nan	0.42	0.0	8	5	1	0	206	206	0	0.1	0.355	15.405000000000001	"{""A-B"": 10, ""A-C"": 54, ""A-D"": 27, ""A-E"": 0, ""B-C"": 22, ""B-D"": 53, ""B-E"": 17, ""C-D"": 10, ""C-E"": 13, ""D-E"": 0}"	[64, 86, 87, 90, 95, 96, 97, 98, 99, 182, 184, 188, 190, 191, 192, 193, 203, 216, 217, 219, 222, 236, 271, 272, 274, 275, 276, 277, 278, 337, 338, 339, 340, 341, 342, 343, 344, 345, 346, 347, 348, 349, 350, 351, 353, 354, 355, 356, 357, 373, 374]	experiments/e149_final20_stoichiometry_v1/out_s5/ova_c4_iptm80_19f_c5/seed-3_sample-1/ova_c4_iptm80_19f_c5_seed-3_sample-1_summary_confidences.json	experiments/e149_final20_stoichiometry_v1/out_s5/ova_c4_iptm80_19f_c5/seed-3_sample-1/ova_c4_iptm80_19f_c5_seed-3_sample-1_model.cif
ova_c4_iptm80_19f_c5	seed-3_sample-2	5	0.41	0.51	86.7778497014021	nan	nan	0.43	0.0	8	5	1	0	222	222	0	0.12	0.365	14.475	"{""A-B"": 8, ""A-C"": 60, ""A-D"": 25, ""A-E"": 11, ""B-C"": 25, ""B-D"": 60, ""B-E"": 0, ""C-D"": 8, ""C-E"": 0, ""D-E"": 25}"	[86, 90, 94, 95, 96, 97, 98, 99, 182, 184, 188, 190, 191, 192, 193, 216, 217, 222, 224, 236, 271, 272, 276, 277, 278, 337, 338, 339, 340, 341, 342, 343, 344, 345, 346, 347, 348, 349, 350, 351, 353, 354, 356, 357, 373, 374]	experiments/e149_final20_stoichiometry_v1/out_s5/ova_c4_iptm80_19f_c5/seed-3_sample-2/ova_c4_iptm80_19f_c5_seed-3_sample-2_summary_confidences.json	experiments/e149_final20_stoichiometry_v1/out_s5/ova_c4_iptm80_19f_c5/seed-3_sample-2/ova_c4_iptm80_19f_c5_seed-3_sample-2_model.cif
ova_c4_iptm80_19f_c5	seed-3_sample-3	5	0.45	0.55	87.03888614437123	nan	nan	0.47	0.0	8	5	1	0	227	227	0	0.11	0.41500000000000004	13.35	"{""A-B"": 8, ""A-C"": 61, ""A-D"": 29, ""A-E"": 12, ""B-C"": 31, ""B-D"": 62, ""B-E"": 0, ""C-D"": 8, ""C-E"": 16, ""D-E"": 0}"	[86, 90, 94, 95, 96, 97, 98, 99, 119, 120, 144, 145, 148, 151, 152, 156, 182, 184, 188, 190, 191, 192, 193, 195, 196, 197, 198, 200, 206, 208, 216, 217, 236, 237, 271, 272, 276, 277, 278, 337, 338, 339, 340, 341, 342, 343, 344, 345, 346, 347, 348, 349, 350, 351, 354, 362, 373, 374]	experiments/e149_final20_stoichiometry_v1/out_s5/ova_c4_iptm80_19f_c5/seed-3_sample-3/ova_c4_iptm80_19f_c5_seed-3_sample-3_summary_confidences.json	experiments/e149_final20_stoichiometry_v1/out_s5/ova_c4_iptm80_19f_c5/seed-3_sample-3/ova_c4_iptm80_19f_c5_seed-3_sample-3_model.cif
ova_c4_iptm80_19f_c5	seed-3_sample-4	5	0.43	0.53	86.35481860106474	nan	nan	0.45	0.0	8	5	1	0	213	213	0	0.13	0.36	14.835	"{""A-B"": 10, ""A-C"": 48, ""A-D"": 25, ""A-E"": 0, ""B-C"": 25, ""B-D"": 53, ""B-E"": 31, ""C-D"": 12, ""C-E"": 0, ""D-E"": 9}"	[1, 3, 64, 65, 82, 83, 86, 87, 90, 94, 95, 96, 97, 98, 99, 140, 141, 144, 148, 151, 152, 156, 159, 160, 164, 182, 184, 188, 190, 191, 192, 193, 195, 196, 197, 198, 206, 207, 208, 210, 216, 217, 236, 271, 272, 276, 277, 278, 337, 338, 339, 340, 341, 342, 343, 344, 345, 346, 347, 348, 349, 350, 351, 354, 373, 374]	experiments/e149_final20_stoichiometry_v1/out_s5/ova_c4_iptm80_19f_c5/seed-3_sample-4/ova_c4_iptm80_19f_c5_seed-3_sample-4_summary_confidences.json	experiments/e149_final20_stoichiometry_v1/out_s5/ova_c4_iptm80_19f_c5/seed-3_sample-4/ova_c4_iptm80_19f_c5_seed-3_sample-4_model.cif
ova_c4_iptm80_19f_c6	seed-1_sample-0	6	0.34	0.44	86.8683418511109	nan	nan	0.36	0.0	6	6	1	0	224	224	0	0.37	0.355	12.05	"{""A-B"": 29, ""A-C"": 0, ""A-D"": 48, ""A-E"": 0, ""A-F"": 0, ""B-C"": 0, ""B-D"": 0, ""B-E"": 0, ""B-F"": 44, ""C-D"": 30, ""C-E"": 45, ""C-F"": 0, ""D-E"": 0, ""D-F"": 0, ""E-F"": 28}"	[1, 2, 6, 64, 65, 83, 86, 87, 90, 94, 95, 96, 97, 98, 99, 155, 156, 182, 183, 184, 190, 191, 192, 193, 195, 196, 262, 263, 266, 267, 270, 271, 272, 337, 338, 339, 340, 342, 343, 373, 374]	experiments/e149_final20_stoichiometry_v1/out_s7/ova_c4_iptm80_19f_c6/seed-1_sample-0/ova_c4_iptm80_19f_c6_seed-1_sample-0_summary_confidences.json	experiments/e149_final20_stoichiometry_v1/out_s7/ova_c4_iptm80_19f_c6/seed-1_sample-0/ova_c4_iptm80_19f_c6_seed-1_sample-0_model.cif
ova_c4_iptm80_19f_c6	seed-1_sample-1	6	0.35	0.45	86.96308280272805	nan	nan	0.37	0.0	6	6	1	0	213	213	0	0.38	0.365	11.795	"{""A-B"": 27, ""A-C"": 0, ""A-D"": 45, ""A-E"": 0, ""A-F"": 0, ""B-C"": 0, ""B-D"": 0, ""B-E"": 0, ""B-F"": 44, ""C-D"": 26, ""C-E"": 44, ""C-F"": 0, ""D-E"": 0, ""D-F"": 0, ""E-F"": 27}"	[1, 2, 6, 64, 65, 83, 86, 87, 90, 94, 95, 96, 97, 98, 99, 155, 156, 182, 184, 190, 191, 192, 193, 195, 196, 262, 263, 266, 267, 270, 271, 272, 337, 338, 339, 340, 342, 344, 345, 347, 373, 374]	experiments/e149_final20_stoichiometry_v1/out_s7/ova_c4_iptm80_19f_c6/seed-1_sample-1/ova_c4_iptm80_19f_c6_seed-1_sample-1_summary_confidences.json	experiments/e149_final20_stoichiometry_v1/out_s7/ova_c4_iptm80_19f_c6/seed-1_sample-1/ova_c4_iptm80_19f_c6_seed-1_sample-1_model.cif
ova_c4_iptm80_19f_c6	seed-1_sample-2	6	0.34	0.44	86.839481808361	nan	nan	0.36	0.0	6	6	1	0	217	217	0	0.36	0.355	12.05	"{""A-B"": 24, ""A-C"": 0, ""A-D"": 49, ""A-E"": 0, ""A-F"": 0, ""B-C"": 0, ""B-D"": 0, ""B-E"": 0, ""B-F"": 47, ""C-D"": 24, ""C-E"": 48, ""C-F"": 0, ""D-E"": 0, ""D-F"": 0, ""E-F"": 25}"	[1, 64, 65, 83, 86, 87, 90, 94, 95, 96, 97, 98, 99, 155, 156, 157, 182, 183, 184, 190, 191, 192, 195, 196, 208, 262, 263, 266, 267, 270, 271, 272, 337, 338, 339, 340, 342, 343, 373, 374]	experiments/e149_final20_stoichiometry_v1/out_s7/ova_c4_iptm80_19f_c6/seed-1_sample-2/ova_c4_iptm80_19f_c6_seed-1_sample-2_summary_confidences.json	experiments/e149_final20_stoichiometry_v1/out_s7/ova_c4_iptm80_19f_c6/seed-1_sample-2/ova_c4_iptm80_19f_c6_seed-1_sample-2_model.cif
ova_c4_iptm80_19f_c6	seed-1_sample-3	6	0.34	0.44	86.65069956606534	nan	nan	0.36	0.0	6	6	1	0	182	182	0	0.35	0.355	12.34	"{""A-B"": 24, ""A-C"": 0, ""A-D"": 36, ""A-E"": 0, ""A-F"": 0, ""B-C"": 0, ""B-D"": 0, ""B-E"": 0, ""B-F"": 38, ""C-D"": 23, ""C-E"": 36, ""C-F"": 0, ""D-E"": 0, ""D-F"": 0, ""E-F"": 25}"	[1, 6, 64, 83, 86, 87, 90, 94, 95, 96, 97, 98, 99, 155, 156, 157, 182, 184, 190, 191, 192, 195, 196, 208, 262, 263, 266, 267, 270, 271, 272, 337, 338, 340, 342, 343, 373, 374]	experiments/e149_final20_stoichiometry_v1/out_s7/ova_c4_iptm80_19f_c6/seed-1_sample-3/ova_c4_iptm80_19f_c6_seed-1_sample-3_summary_confidences.json	experiments/e149_final20_stoichiometry_v1/out_s7/ova_c4_iptm80_19f_c6/seed-1_sample-3/ova_c4_iptm80_19f_c6_seed-1_sample-3_model.cif
ova_c4_iptm80_19f_c6	seed-1_sample-4	6	0.34	0.44	86.73378247671177	nan	nan	0.36	0.0	6	6	1	0	211	211	0	0.35	0.35	12.07	"{""A-B"": 21, ""A-C"": 0, ""A-D"": 51, ""A-E"": 0, ""A-F"": 0, ""B-C"": 0, ""B-D"": 0, ""B-E"": 0, ""B-F"": 49, ""C-D"": 22, ""C-E"": 47, ""C-F"": 0, ""D-E"": 0, ""D-F"": 0, ""E-F"": 21}"	[1, 64, 86, 87, 90, 94, 95, 96, 97, 98, 99, 151, 155, 156, 157, 182, 183, 184, 190, 191, 192, 195, 196, 208, 262, 263, 266, 267, 270, 271, 272, 337, 338, 339, 340, 342, 343, 373, 374]	experiments/e149_final20_stoichiometry_v1/out_s7/ova_c4_iptm80_19f_c6/seed-1_sample-4/ova_c4_iptm80_19f_c6_seed-1_sample-4_summary_confidences.json	experiments/e149_final20_stoichiometry_v1/out_s7/ova_c4_iptm80_19f_c6/seed-1_sample-4/ova_c4_iptm80_19f_c6_seed-1_sample-4_model.cif
ova_c4_iptm80_19f_c6	seed-2_sample-0	6	0.39	0.49	87.65432650314094	nan	nan	0.41	0.0	6	6	1	0	295	295	0	0.52	0.44	8.219999999999999	"{""A-B"": 56, ""A-C"": 0, ""A-D"": 48, ""A-E"": 0, ""A-F"": 0, ""B-C"": 0, ""B-D"": 0, ""B-E"": 47, ""B-F"": 0, ""C-D"": 0, ""C-E"": 46, ""C-F"": 45, ""D-E"": 0, ""D-F"": 53, ""E-F"": 0}"	[1, 2, 3, 6, 10, 64, 65, 66, 79, 83, 86, 87, 90, 95, 96, 97, 98, 99, 155, 182, 183, 184, 188, 190, 191, 192, 193, 195, 236, 261, 262, 263, 264, 266, 267, 270, 271, 272, 337, 338, 339, 340, 341, 342, 343, 373, 374]	experiments/e149_final20_stoichiometry_v1/out_s7/ova_c4_iptm80_19f_c6/seed-2_sample-0/ova_c4_iptm80_19f_c6_seed-2_sample-0_summary_confidences.json	experiments/e149_final20_stoichiometry_v1/out_s7/ova_c4_iptm80_19f_c6/seed-2_sample-0/ova_c4_iptm80_19f_c6_seed-2_sample-0_model.cif
ova_c4_iptm80_19f_c6	seed-2_sample-1	6	0.38	0.48	87.46132119331953	nan	nan	0.4	0.0	6	6	1	0	227	227	0	0.46	0.41500000000000004	9.225	"{""A-B"": 33, ""A-C"": 0, ""A-D"": 41, ""A-E"": 0, ""A-F"": 0, ""B-C"": 0, ""B-D"": 0, ""B-E"": 42, ""B-F"": 0, ""C-D"": 0, ""C-E"": 35, ""C-F"": 42, ""D-E"": 0, ""D-F"": 34, ""E-F"": 0}"	[1, 6, 64, 65, 79, 82, 83, 86, 87, 90, 94, 95, 96, 97, 98, 99, 155, 156, 182, 184, 190, 191, 192, 193, 195, 196, 262, 263, 266, 267, 270, 271, 272, 337, 338, 339, 340, 342, 343, 373, 374]	experiments/e149_final20_stoichiometry_v1/out_s7/ova_c4_iptm80_19f_c6/seed-2_sample-1/ova_c4_iptm80_19f_c6_seed-2_sample-1_summary_confidences.json	experiments/e149_final20_stoichiometry_v1/out_s7/ova_c4_iptm80_19f_c6/seed-2_sample-1/ova_c4_iptm80_19f_c6_seed-2_sample-1_model.cif
ova_c4_iptm80_19f_c6	seed-2_sample-2	6	0.39	0.48	87.46383426844147	nan	nan	0.41	0.0	6	6	1	0	232	232	0	0.51	0.435	8.8	"{""A-B"": 42, ""A-C"": 0, ""A-D"": 36, ""A-E"": 0, ""A-F"": 0, ""B-C"": 0, ""B-D"": 0, ""B-E"": 39, ""B-F"": 0, ""C-D"": 0, ""C-E"": 41, ""C-F"": 36, ""D-E"": 0, ""D-F"": 38, ""E-F"": 0}"	[1, 2, 3, 6, 10, 64, 65, 79, 83, 86, 87, 90, 94, 95, 96, 97, 98, 99, 155, 182, 184, 190, 191, 192, 193, 195, 196, 262, 263, 266, 267, 270, 271, 272, 337, 338, 339, 340, 342, 343, 348, 373, 374]	experiments/e149_final20_stoichiometry_v1/out_s7/ova_c4_iptm80_19f_c6/seed-2_sample-2/ova_c4_iptm80_19f_c6_seed-2_sample-2_summary_confidences.json	experiments/e149_final20_stoichiometry_v1/out_s7/ova_c4_iptm80_19f_c6/seed-2_sample-2/ova_c4_iptm80_19f_c6_seed-2_sample-2_model.cif
ova_c4_iptm80_19f_c6	seed-2_sample-3	6	0.4	0.49	87.27803110705756	nan	nan	0.42	0.0	6	6	1	0	254	254	0	0.51	0.44	8.41	"{""A-B"": 39, ""A-C"": 0, ""A-D"": 44, ""A-E"": 0, ""A-F"": 0, ""B-C"": 0, ""B-D"": 0, ""B-E"": 41, ""B-F"": 0, ""C-D"": 0, ""C-E"": 45, ""C-F"": 41, ""D-E"": 0, ""D-F"": 44, ""E-F"": 0}"	[1, 2, 3, 6, 64, 65, 66, 79, 86, 87, 90, 94, 95, 96, 97, 98, 99, 155, 182, 184, 190, 191, 192, 193, 195, 196, 262, 263, 266, 267, 268, 270, 271, 272, 273, 337, 338, 339, 340, 342, 343, 344, 347, 373, 374]	experiments/e149_final20_stoichiometry_v1/out_s7/ova_c4_iptm80_19f_c6/seed-2_sample-3/ova_c4_iptm80_19f_c6_seed-2_sample-3_summary_confidences.json	experiments/e149_final20_stoichiometry_v1/out_s7/ova_c4_iptm80_19f_c6/seed-2_sample-3/ova_c4_iptm80_19f_c6_seed-2_sample-3_model.cif
ova_c4_iptm80_19f_c6	seed-2_sample-4	6	0.42	0.51	87.42658013259809	nan	nan	0.44	0.0	6	6	1	0	299	299	0	0.49	0.45999999999999996	8.51	"{""A-B"": 36, ""A-C"": 0, ""A-D"": 67, ""A-E"": 0, ""A-F"": 0, ""B-C"": 0, ""B-D"": 0, ""B-E"": 65, ""B-F"": 0, ""C-D"": 0, ""C-E"": 35, ""C-F"": 63, ""D-E"": 0, ""D-F"": 33, ""E-F"": 0}"	[1, 3, 6, 64, 65, 79, 83, 86, 87, 90, 94, 95, 96, 97, 98, 99, 155, 156, 182, 183, 184, 188, 190, 191, 192, 193, 195, 196, 236, 262, 263, 266, 267, 270, 271, 272, 337, 338, 339, 340, 341, 342, 343, 344, 345, 373, 374]	experiments/e149_final20_stoichiometry_v1/out_s7/ova_c4_iptm80_19f_c6/seed-2_sample-4/ova_c4_iptm80_19f_c6_seed-2_sample-4_summary_confidences.json	experiments/e149_final20_stoichiometry_v1/out_s7/ova_c4_iptm80_19f_c6/seed-2_sample-4/ova_c4_iptm80_19f_c6_seed-2_sample-4_model.cif
ova_c4_iptm80_19f_c6	seed-3_sample-0	6	0.67	0.71	87.55334197918985	nan	nan	0.68	0.0	12	6	1	0	342	342	0	0.59	0.585	6.18	"{""A-B"": 10, ""A-C"": 37, ""A-D"": 29, ""A-E"": 39, ""A-F"": 0, ""B-C"": 0, ""B-D"": 38, ""B-E"": 30, ""B-F"": 36, ""C-D"": 10, ""C-E"": 37, ""C-F"": 32, ""D-E"": 0, ""D-F"": 34, ""E-F"": 10}"	[82, 83, 86, 89, 90, 93, 94, 95, 96, 97, 98, 99, 152, 155, 182, 183, 188, 190, 191, 192, 193, 195, 196, 213, 214, 217, 236, 237, 238, 271, 272, 275, 276, 277, 278, 340, 342, 343, 346, 347, 348, 349, 350, 351, 352, 353, 354, 373, 374]	experiments/e149_final20_stoichiometry_v1/out_s7/ova_c4_iptm80_19f_c6/seed-3_sample-0/ova_c4_iptm80_19f_c6_seed-3_sample-0_summary_confidences.json	experiments/e149_final20_stoichiometry_v1/out_s7/ova_c4_iptm80_19f_c6/seed-3_sample-0/ova_c4_iptm80_19f_c6_seed-3_sample-0_model.cif
ova_c4_iptm80_19f_c6	seed-3_sample-1	6	0.71	0.74	87.099015408847	nan	nan	0.71	0.0	12	6	1	0	345	345	0	0.63	0.625	5.465	"{""A-B"": 14, ""A-C"": 33, ""A-D"": 34, ""A-E"": 34, ""A-F"": 0, ""B-C"": 0, ""B-D"": 32, ""B-E"": 34, ""B-F"": 34, ""C-D"": 14, ""C-E"": 34, ""C-F"": 34, ""D-E"": 0, ""D-F"": 34, ""E-F"": 14}"	[64, 82, 83, 86, 87, 89, 93, 94, 95, 96, 97, 98, 99, 152, 155, 182, 183, 188, 190, 191, 192, 193, 195, 196, 213, 216, 217, 237, 270, 271, 272, 275, 276, 277, 278, 340, 342, 343, 344, 346, 347, 348, 349, 350, 351, 352, 353, 354, 373, 374]	experiments/e149_final20_stoichiometry_v1/out_s7/ova_c4_iptm80_19f_c6/seed-3_sample-1/ova_c4_iptm80_19f_c6_seed-3_sample-1_summary_confidences.json	experiments/e149_final20_stoichiometry_v1/out_s7/ova_c4_iptm80_19f_c6/seed-3_sample-1/ova_c4_iptm80_19f_c6_seed-3_sample-1_model.cif
ova_c4_iptm80_19f_c6	seed-3_sample-2	6	0.69	0.73	87.05782398164581	nan	nan	0.7	0.0	12	6	1	0	324	324	0	0.61	0.605	5.785	"{""A-B"": 12, ""A-C"": 31, ""A-D"": 35, ""A-E"": 31, ""A-F"": 0, ""B-C"": 0, ""B-D"": 31, ""B-E"": 29, ""B-F"": 31, ""C-D"": 13, ""C-E"": 33, ""C-F"": 34, ""D-E"": 0, ""D-F"": 32, ""E-F"": 12}"	[64, 82, 83, 86, 93, 94, 95, 96, 97, 98, 99, 152, 155, 182, 183, 187, 188, 190, 191, 192, 193, 195, 196, 213, 214, 216, 217, 237, 238, 270, 271, 272, 275, 276, 277, 278, 340, 342, 343, 345, 346, 347, 348, 349, 350, 351, 352, 353, 354, 373, 374]	experiments/e149_final20_stoichiometry_v1/out_s7/ova_c4_iptm80_19f_c6/seed-3_sample-2/ova_c4_iptm80_19f_c6_seed-3_sample-2_summary_confidences.json	experiments/e149_final20_stoichiometry_v1/out_s7/ova_c4_iptm80_19f_c6/seed-3_sample-2/ova_c4_iptm80_19f_c6_seed-3_sample-2_model.cif
ova_c4_iptm80_19f_c6	seed-3_sample-3	6	0.6	0.65	86.10393778153652	nan	nan	0.61	0.0	9	6	1	0	294	294	0	0.56	0.56	5.8	"{""A-B"": 0, ""A-C"": 29, ""A-D"": 37, ""A-E"": 32, ""A-F"": 0, ""B-C"": 0, ""B-D"": 32, ""B-E"": 35, ""B-F"": 32, ""C-D"": 0, ""C-E"": 32, ""C-F"": 36, ""D-E"": 0, ""D-F"": 29, ""E-F"": 0}"	[93, 94, 95, 96, 97, 98, 99, 101, 152, 153, 155, 182, 183, 184, 187, 190, 191, 192, 193, 194, 195, 196, 208, 210, 213, 216, 217, 276, 277, 278, 341, 343, 344, 345, 346, 347, 348, 349, 350, 351, 352, 354]	experiments/e149_final20_stoichiometry_v1/out_s7/ova_c4_iptm80_19f_c6/seed-3_sample-3/ova_c4_iptm80_19f_c6_seed-3_sample-3_summary_confidences.json	experiments/e149_final20_stoichiometry_v1/out_s7/ova_c4_iptm80_19f_c6/seed-3_sample-3/ova_c4_iptm80_19f_c6_seed-3_sample-3_model.cif
ova_c4_iptm80_19f_c6	seed-3_sample-4	6	0.7	0.74	87.00443000002846	nan	nan	0.71	0.0	12	6	1	0	351	351	0	0.64	0.62	5.645	"{""A-B"": 12, ""A-C"": 34, ""A-D"": 37, ""A-E"": 35, ""A-F"": 0, ""B-C"": 0, ""B-D"": 34, ""B-E"": 36, ""B-F"": 34, ""C-D"": 12, ""C-E"": 36, ""C-F"": 34, ""D-E"": 0, ""D-F"": 35, ""E-F"": 12}"	[64, 82, 83, 86, 93, 94, 95, 96, 97, 98, 99, 101, 152, 155, 182, 183, 188, 190, 191, 192, 193, 195, 196, 208, 213, 216, 217, 237, 271, 272, 275, 276, 277, 278, 341, 342, 343, 344, 345, 346, 347, 348, 349, 350, 351, 352, 354, 373, 374]	experiments/e149_final20_stoichiometry_v1/out_s7/ova_c4_iptm80_19f_c6/seed-3_sample-4/ova_c4_iptm80_19f_c6_seed-3_sample-4_summary_confidences.json	experiments/e149_final20_stoichiometry_v1/out_s7/ova_c4_iptm80_19f_c6/seed-3_sample-4/ova_c4_iptm80_19f_c6_seed-3_sample-4_model.cif
ova_c4_iptm80_21g_c1	seed-1_sample-0	1	0.0	0.92	91.27932647349303	nan	nan	0.92	0.0	0	1	0	0	0	0	0	0.0	nan	nan	{}	[]	experiments/e149_final20_stoichiometry_v1/out_s3/ova_c4_iptm80_21g_c1/seed-1_sample-0/ova_c4_iptm80_21g_c1_seed-1_sample-0_summary_confidences.json	experiments/e149_final20_stoichiometry_v1/out_s3/ova_c4_iptm80_21g_c1/seed-1_sample-0/ova_c4_iptm80_21g_c1_seed-1_sample-0_model.cif
ova_c4_iptm80_21g_c1	seed-1_sample-1	1	0.0	0.91	90.57963740887419	nan	nan	0.91	0.0	0	1	0	0	0	0	0	0.0	nan	nan	{}	[]	experiments/e149_final20_stoichiometry_v1/out_s3/ova_c4_iptm80_21g_c1/seed-1_sample-1/ova_c4_iptm80_21g_c1_seed-1_sample-1_summary_confidences.json	experiments/e149_final20_stoichiometry_v1/out_s3/ova_c4_iptm80_21g_c1/seed-1_sample-1/ova_c4_iptm80_21g_c1_seed-1_sample-1_model.cif
ova_c4_iptm80_21g_c1	seed-1_sample-2	1	0.0	0.92	90.88121759088546	nan	nan	0.92	0.0	0	1	0	0	0	0	0	0.0	nan	nan	{}	[]	experiments/e149_final20_stoichiometry_v1/out_s3/ova_c4_iptm80_21g_c1/seed-1_sample-2/ova_c4_iptm80_21g_c1_seed-1_sample-2_summary_confidences.json	experiments/e149_final20_stoichiometry_v1/out_s3/ova_c4_iptm80_21g_c1/seed-1_sample-2/ova_c4_iptm80_21g_c1_seed-1_sample-2_model.cif
ova_c4_iptm80_21g_c1	seed-1_sample-3	1	0.0	0.92	91.436735756039	nan	nan	0.92	0.0	0	1	0	0	0	0	0	0.0	nan	nan	{}	[]	experiments/e149_final20_stoichiometry_v1/out_s3/ova_c4_iptm80_21g_c1/seed-1_sample-3/ova_c4_iptm80_21g_c1_seed-1_sample-3_summary_confidences.json	experiments/e149_final20_stoichiometry_v1/out_s3/ova_c4_iptm80_21g_c1/seed-1_sample-3/ova_c4_iptm80_21g_c1_seed-1_sample-3_model.cif
ova_c4_iptm80_21g_c1	seed-1_sample-4	1	0.0	0.92	91.1640155772471	nan	nan	0.92	0.0	0	1	0	0	0	0	0	0.0	nan	nan	{}	[]	experiments/e149_final20_stoichiometry_v1/out_s3/ova_c4_iptm80_21g_c1/seed-1_sample-4/ova_c4_iptm80_21g_c1_seed-1_sample-4_summary_confidences.json	experiments/e149_final20_stoichiometry_v1/out_s3/ova_c4_iptm80_21g_c1/seed-1_sample-4/ova_c4_iptm80_21g_c1_seed-1_sample-4_model.cif
ova_c4_iptm80_21g_c1	seed-2_sample-0	1	0.0	0.92	90.92194276523097	nan	nan	0.92	0.0	0	1	0	0	0	0	0	0.0	nan	nan	{}	[]	experiments/e149_final20_stoichiometry_v1/out_s3/ova_c4_iptm80_21g_c1/seed-2_sample-0/ova_c4_iptm80_21g_c1_seed-2_sample-0_summary_confidences.json	experiments/e149_final20_stoichiometry_v1/out_s3/ova_c4_iptm80_21g_c1/seed-2_sample-0/ova_c4_iptm80_21g_c1_seed-2_sample-0_model.cif
ova_c4_iptm80_21g_c1	seed-2_sample-1	1	0.0	0.92	91.32663206980018	nan	nan	0.92	0.0	0	1	0	0	0	0	0	0.0	nan	nan	{}	[]	experiments/e149_final20_stoichiometry_v1/out_s3/ova_c4_iptm80_21g_c1/seed-2_sample-1/ova_c4_iptm80_21g_c1_seed-2_sample-1_summary_confidences.json	experiments/e149_final20_stoichiometry_v1/out_s3/ova_c4_iptm80_21g_c1/seed-2_sample-1/ova_c4_iptm80_21g_c1_seed-2_sample-1_model.cif
ova_c4_iptm80_21g_c1	seed-2_sample-2	1	0.0	0.92	90.97795311527548	nan	nan	0.92	0.0	0	1	0	0	0	0	0	0.0	nan	nan	{}	[]	experiments/e149_final20_stoichiometry_v1/out_s3/ova_c4_iptm80_21g_c1/seed-2_sample-2/ova_c4_iptm80_21g_c1_seed-2_sample-2_summary_confidences.json	experiments/e149_final20_stoichiometry_v1/out_s3/ova_c4_iptm80_21g_c1/seed-2_sample-2/ova_c4_iptm80_21g_c1_seed-2_sample-2_model.cif
ova_c4_iptm80_21g_c1	seed-2_sample-3	1	0.0	0.92	91.09551831971795	nan	nan	0.92	0.0	0	1	0	0	0	0	0	0.0	nan	nan	{}	[]	experiments/e149_final20_stoichiometry_v1/out_s3/ova_c4_iptm80_21g_c1/seed-2_sample-3/ova_c4_iptm80_21g_c1_seed-2_sample-3_summary_confidences.json	experiments/e149_final20_stoichiometry_v1/out_s3/ova_c4_iptm80_21g_c1/seed-2_sample-3/ova_c4_iptm80_21g_c1_seed-2_sample-3_model.cif
ova_c4_iptm80_21g_c1	seed-2_sample-4	1	0.0	0.92	91.13831608036021	nan	nan	0.92	0.0	0	1	0	0	0	0	0	0.0	nan	nan	{}	[]	experiments/e149_final20_stoichiometry_v1/out_s3/ova_c4_iptm80_21g_c1/seed-2_sample-4/ova_c4_iptm80_21g_c1_seed-2_sample-4_summary_confidences.json	experiments/e149_final20_stoichiometry_v1/out_s3/ova_c4_iptm80_21g_c1/seed-2_sample-4/ova_c4_iptm80_21g_c1_seed-2_sample-4_model.cif
ova_c4_iptm80_21g_c1	seed-3_sample-0	1	0.0	0.92	91.00564760988858	nan	nan	0.92	0.0	0	1	0	0	0	0	0	0.0	nan	nan	{}	[]	experiments/e149_final20_stoichiometry_v1/out_s3/ova_c4_iptm80_21g_c1/seed-3_sample-0/ova_c4_iptm80_21g_c1_seed-3_sample-0_summary_confidences.json	experiments/e149_final20_stoichiometry_v1/out_s3/ova_c4_iptm80_21g_c1/seed-3_sample-0/ova_c4_iptm80_21g_c1_seed-3_sample-0_model.cif
ova_c4_iptm80_21g_c1	seed-3_sample-1	1	0.0	0.92	91.18751293636974	nan	nan	0.92	0.0	0	1	0	0	0	0	0	0.0	nan	nan	{}	[]	experiments/e149_final20_stoichiometry_v1/out_s3/ova_c4_iptm80_21g_c1/seed-3_sample-1/ova_c4_iptm80_21g_c1_seed-3_sample-1_summary_confidences.json	experiments/e149_final20_stoichiometry_v1/out_s3/ova_c4_iptm80_21g_c1/seed-3_sample-1/ova_c4_iptm80_21g_c1_seed-3_sample-1_model.cif
ova_c4_iptm80_21g_c1	seed-3_sample-2	1	0.0	0.92	91.16681333156447	nan	nan	0.92	0.0	0	1	0	0	0	0	0	0.0	nan	nan	{}	[]	experiments/e149_final20_stoichiometry_v1/out_s3/ova_c4_iptm80_21g_c1/seed-3_sample-2/ova_c4_iptm80_21g_c1_seed-3_sample-2_summary_confidences.json	experiments/e149_final20_stoichiometry_v1/out_s3/ova_c4_iptm80_21g_c1/seed-3_sample-2/ova_c4_iptm80_21g_c1_seed-3_sample-2_model.cif
ova_c4_iptm80_21g_c1	seed-3_sample-3	1	0.0	0.92	90.8932901985287	nan	nan	0.92	0.0	0	1	0	0	0	0	0	0.0	nan	nan	{}	[]	experiments/e149_final20_stoichiometry_v1/out_s3/ova_c4_iptm80_21g_c1/seed-3_sample-3/ova_c4_iptm80_21g_c1_seed-3_sample-3_summary_confidences.json	experiments/e149_final20_stoichiometry_v1/out_s3/ova_c4_iptm80_21g_c1/seed-3_sample-3/ova_c4_iptm80_21g_c1_seed-3_sample-3_model.cif
ova_c4_iptm80_21g_c1	seed-3_sample-4	1	0.0	0.92	91.05233150936779	nan	nan	0.92	0.0	0	1	0	0	0	0	0	0.0	nan	nan	{}	[]	experiments/e149_final20_stoichiometry_v1/out_s3/ova_c4_iptm80_21g_c1/seed-3_sample-4/ova_c4_iptm80_21g_c1_seed-3_sample-4_summary_confidences.json	experiments/e149_final20_stoichiometry_v1/out_s3/ova_c4_iptm80_21g_c1/seed-3_sample-4/ova_c4_iptm80_21g_c1_seed-3_sample-4_model.cif
ova_c4_iptm80_21g_c2	seed-1_sample-0	2	0.16	0.54	87.48007785223926	nan	nan	0.23	0.0	1	2	1	0	53	53	0	0.16	0.16	23.06	"{""A-B"": 53}"	[94, 95, 96, 97, 98, 99, 148, 151, 152, 153, 154, 155, 156, 157, 182, 184, 191, 192, 194, 195, 196, 207, 208, 209, 210, 338]	experiments/e149_final20_stoichiometry_v1/out_s3/ova_c4_iptm80_21g_c2/seed-1_sample-0/ova_c4_iptm80_21g_c2_seed-1_sample-0_summary_confidences.json	experiments/e149_final20_stoichiometry_v1/out_s3/ova_c4_iptm80_21g_c2/seed-1_sample-0/ova_c4_iptm80_21g_c2_seed-1_sample-0_model.cif
ova_c4_iptm80_21g_c2	seed-1_sample-1	2	0.18	0.55	87.89639898903012	nan	nan	0.26	0.0	1	2	1	0	80	80	0	0.18	0.18	22.13	"{""A-B"": 80}"	[94, 95, 96, 97, 98, 99, 101, 151, 152, 153, 154, 155, 156, 157, 182, 183, 184, 190, 191, 192, 193, 194, 195, 196, 207, 208, 209, 210, 336, 337, 338, 340, 342, 345]	experiments/e149_final20_stoichiometry_v1/out_s3/ova_c4_iptm80_21g_c2/seed-1_sample-1/ova_c4_iptm80_21g_c2_seed-1_sample-1_summary_confidences.json	experiments/e149_final20_stoichiometry_v1/out_s3/ova_c4_iptm80_21g_c2/seed-1_sample-1/ova_c4_iptm80_21g_c2_seed-1_sample-1_model.cif
ova_c4_iptm80_21g_c2	seed-1_sample-2	2	0.19	0.56	87.67222785949707	nan	nan	0.26	0.0	1	2	1	0	80	80	0	0.19	0.19	22.64	"{""A-B"": 80}"	[92, 94, 95, 96, 99, 141, 144, 145, 147, 148, 149, 151, 152, 153, 155, 156, 182, 183, 184, 188, 190, 191, 192, 334, 336, 337, 338, 339, 340, 342]	experiments/e149_final20_stoichiometry_v1/out_s3/ova_c4_iptm80_21g_c2/seed-1_sample-2/ova_c4_iptm80_21g_c2_seed-1_sample-2_summary_confidences.json	experiments/e149_final20_stoichiometry_v1/out_s3/ova_c4_iptm80_21g_c2/seed-1_sample-2/ova_c4_iptm80_21g_c2_seed-1_sample-2_model.cif
ova_c4_iptm80_21g_c2	seed-1_sample-3	2	0.17	0.55	87.5122280219676	nan	nan	0.24	0.0	1	2	1	0	66	66	0	0.17	0.17	22.13	"{""A-B"": 66}"	[94, 95, 96, 97, 98, 99, 151, 152, 155, 156, 157, 182, 183, 184, 190, 191, 192, 193, 194, 195, 196, 208, 209, 210, 336, 337, 338, 340, 342, 344, 345]	experiments/e149_final20_stoichiometry_v1/out_s3/ova_c4_iptm80_21g_c2/seed-1_sample-3/ova_c4_iptm80_21g_c2_seed-1_sample-3_summary_confidences.json	experiments/e149_final20_stoichiometry_v1/out_s3/ova_c4_iptm80_21g_c2/seed-1_sample-3/ova_c4_iptm80_21g_c2_seed-1_sample-3_model.cif
ova_c4_iptm80_21g_c2	seed-1_sample-4	2	0.16	0.54	87.89735741689415	nan	nan	0.24	0.0	1	2	1	0	56	56	0	0.16	0.16	22.81	"{""A-B"": 56}"	[94, 95, 96, 97, 98, 99, 151, 152, 154, 155, 156, 157, 182, 184, 190, 191, 192, 194, 195, 196, 207, 208, 209, 210, 337, 338, 345]	experiments/e149_final20_stoichiometry_v1/out_s3/ova_c4_iptm80_21g_c2/seed-1_sample-4/ova_c4_iptm80_21g_c2_seed-1_sample-4_summary_confidences.json	experiments/e149_final20_stoichiometry_v1/out_s3/ova_c4_iptm80_21g_c2/seed-1_sample-4/ova_c4_iptm80_21g_c2_seed-1_sample-4_model.cif
ova_c4_iptm80_21g_c2	seed-2_sample-0	2	0.19	0.55	87.44650252742471	nan	nan	0.26	0.0	1	2	1	0	62	62	0	0.19	0.19	18.97	"{""A-B"": 62}"	[86, 89, 90, 96, 97, 188, 237, 238, 239, 270, 271, 272, 276, 338, 339, 340, 341, 342, 343, 344, 345, 346, 347, 348, 351, 353, 354, 371, 372, 373, 374]	experiments/e149_final20_stoichiometry_v1/out_s3/ova_c4_iptm80_21g_c2/seed-2_sample-0/ova_c4_iptm80_21g_c2_seed-2_sample-0_summary_confidences.json	experiments/e149_final20_stoichiometry_v1/out_s3/ova_c4_iptm80_21g_c2/seed-2_sample-0/ova_c4_iptm80_21g_c2_seed-2_sample-0_model.cif
ova_c4_iptm80_21g_c2	seed-2_sample-1	2	0.19	0.56	87.63103631370426	nan	nan	0.26	0.0	1	2	1	0	71	71	0	0.19	0.19	23.14	"{""A-B"": 71}"	[94, 95, 96, 99, 141, 144, 145, 147, 148, 149, 151, 152, 155, 156, 159, 182, 183, 184, 188, 190, 191, 192, 334, 336, 337, 338, 339, 340, 342, 344, 347]	experiments/e149_final20_stoichiometry_v1/out_s3/ova_c4_iptm80_21g_c2/seed-2_sample-1/ova_c4_iptm80_21g_c2_seed-2_sample-1_summary_confidences.json	experiments/e149_final20_stoichiometry_v1/out_s3/ova_c4_iptm80_21g_c2/seed-2_sample-1/ova_c4_iptm80_21g_c2_seed-2_sample-1_model.cif
ova_c4_iptm80_21g_c2	seed-2_sample-2	2	0.17	0.55	87.44836802309659	nan	nan	0.25	0.0	1	2	1	0	61	61	0	0.17	0.17	21.93	"{""A-B"": 61}"	[94, 95, 96, 97, 98, 99, 151, 152, 153, 154, 155, 156, 157, 182, 183, 184, 191, 192, 194, 195, 196, 207, 208, 209, 210, 336, 337, 338, 345]	experiments/e149_final20_stoichiometry_v1/out_s3/ova_c4_iptm80_21g_c2/seed-2_sample-2/ova_c4_iptm80_21g_c2_seed-2_sample-2_summary_confidences.json	experiments/e149_final20_stoichiometry_v1/out_s3/ova_c4_iptm80_21g_c2/seed-2_sample-2/ova_c4_iptm80_21g_c2_seed-2_sample-2_model.cif
ova_c4_iptm80_21g_c2	seed-2_sample-3	2	0.13	0.53	87.56862720430206	nan	nan	0.21	0.0	1	2	1	0	49	49	0	0.13	0.13	20.28	"{""A-B"": 49}"	[94, 96, 97, 99, 101, 152, 153, 155, 156, 157, 182, 184, 188, 191, 192, 236, 334, 336, 337, 338, 339, 340, 341, 342, 344, 345]	experiments/e149_final20_stoichiometry_v1/out_s3/ova_c4_iptm80_21g_c2/seed-2_sample-3/ova_c4_iptm80_21g_c2_seed-2_sample-3_summary_confidences.json	experiments/e149_final20_stoichiometry_v1/out_s3/ova_c4_iptm80_21g_c2/seed-2_sample-3/ova_c4_iptm80_21g_c2_seed-2_sample-3_model.cif
ova_c4_iptm80_21g_c2	seed-2_sample-4	2	0.17	0.54	87.66132124470923	nan	nan	0.24	0.0	1	2	1	0	35	35	0	0.17	0.17	20.89	"{""A-B"": 35}"	[86, 90, 95, 96, 97, 217, 219, 236, 237, 238, 239, 271, 272, 276, 340, 341, 342, 343, 344, 354, 373, 374]	experiments/e149_final20_stoichiometry_v1/out_s3/ova_c4_iptm80_21g_c2/seed-2_sample-4/ova_c4_iptm80_21g_c2_seed-2_sample-4_summary_confidences.json	experiments/e149_final20_stoichiometry_v1/out_s3/ova_c4_iptm80_21g_c2/seed-2_sample-4/ova_c4_iptm80_21g_c2_seed-2_sample-4_model.cif
ova_c4_iptm80_21g_c2	seed-3_sample-0	2	0.21	0.56	87.36626943281895	nan	nan	0.28	0.0	1	2	1	0	60	60	0	0.21	0.21	20.23	"{""A-B"": 60}"	[86, 90, 95, 96, 97, 186, 216, 217, 219, 236, 237, 238, 239, 270, 271, 272, 275, 276, 278, 340, 341, 342, 343, 344, 345, 346, 354, 371, 372, 373, 374]	experiments/e149_final20_stoichiometry_v1/out_s3/ova_c4_iptm80_21g_c2/seed-3_sample-0/ova_c4_iptm80_21g_c2_seed-3_sample-0_summary_confidences.json	experiments/e149_final20_stoichiometry_v1/out_s3/ova_c4_iptm80_21g_c2/seed-3_sample-0/ova_c4_iptm80_21g_c2_seed-3_sample-0_model.cif
ova_c4_iptm80_21g_c2	seed-3_sample-1	2	0.22	0.57	87.601424993011	nan	nan	0.29	0.0	1	2	1	0	36	36	0	0.22	0.22	20.48	"{""A-B"": 36}"	[86, 87, 90, 95, 97, 217, 219, 236, 237, 238, 239, 270, 271, 272, 276, 340, 341, 371, 373, 374]	experiments/e149_final20_stoichiometry_v1/out_s3/ova_c4_iptm80_21g_c2/seed-3_sample-1/ova_c4_iptm80_21g_c2_seed-3_sample-1_summary_confidences.json	experiments/e149_final20_stoichiometry_v1/out_s3/ova_c4_iptm80_21g_c2/seed-3_sample-1/ova_c4_iptm80_21g_c2_seed-3_sample-1_model.cif
ova_c4_iptm80_21g_c2	seed-3_sample-2	2	0.22	0.57	87.46512964475959	nan	nan	0.29	0.0	1	2	1	0	48	48	0	0.22	0.22	20.51	"{""A-B"": 48}"	[1, 86, 87, 89, 90, 95, 96, 97, 217, 219, 234, 236, 237, 238, 239, 270, 271, 272, 276, 278, 340, 341, 354, 371, 372, 373, 374]	experiments/e149_final20_stoichiometry_v1/out_s3/ova_c4_iptm80_21g_c2/seed-3_sample-2/ova_c4_iptm80_21g_c2_seed-3_sample-2_summary_confidences.json	experiments/e149_final20_stoichiometry_v1/out_s3/ova_c4_iptm80_21g_c2/seed-3_sample-2/ova_c4_iptm80_21g_c2_seed-3_sample-2_model.cif
ova_c4_iptm80_21g_c2	seed-3_sample-3	2	0.22	0.57	87.73619183357515	nan	nan	0.29	0.0	1	2	1	0	54	54	0	0.22	0.22	20.46	"{""A-B"": 54}"	[86, 90, 95, 96, 97, 186, 187, 217, 219, 236, 237, 238, 239, 270, 271, 272, 276, 340, 341, 342, 343, 344, 346, 354, 371, 372, 373, 374]	experiments/e149_final20_stoichiometry_v1/out_s3/ova_c4_iptm80_21g_c2/seed-3_sample-3/ova_c4_iptm80_21g_c2_seed-3_sample-3_summary_confidences.json	experiments/e149_final20_stoichiometry_v1/out_s3/ova_c4_iptm80_21g_c2/seed-3_sample-3/ova_c4_iptm80_21g_c2_seed-3_sample-3_model.cif
ova_c4_iptm80_21g_c2	seed-3_sample-4	2	0.14	0.53	87.53647663926832	nan	nan	0.22	0.0	1	2	1	0	54	54	0	0.14	0.14	23.17	"{""A-B"": 54}"	[94, 95, 96, 97, 98, 99, 151, 152, 154, 155, 156, 157, 182, 184, 190, 191, 192, 194, 195, 196, 208, 209, 210, 337, 338]	experiments/e149_final20_stoichiometry_v1/out_s3/ova_c4_iptm80_21g_c2/seed-3_sample-4/ova_c4_iptm80_21g_c2_seed-3_sample-4_summary_confidences.json	experiments/e149_final20_stoichiometry_v1/out_s3/ova_c4_iptm80_21g_c2/seed-3_sample-4/ova_c4_iptm80_21g_c2_seed-3_sample-4_model.cif
ova_c4_iptm80_21g_c3	seed-1_sample-0	3	0.15	0.41	85.7665025483759	nan	nan	0.2	0.0	3	3	1	0	138	138	0	0.12	0.12	25.49	"{""A-B"": 49, ""A-C"": 49, ""B-C"": 40}"	[73, 94, 95, 96, 110, 114, 116, 117, 119, 120, 124, 127, 131, 132, 133, 134, 137, 138, 141, 144, 145, 148, 149, 151, 152, 153, 217, 238, 270, 271, 272, 276, 277, 278, 340, 341, 342, 343, 344, 346, 349, 350, 351, 353, 354, 373]	experiments/e149_final20_stoichiometry_v1/out_s2/ova_c4_iptm80_21g_c3/seed-1_sample-0/ova_c4_iptm80_21g_c3_seed-1_sample-0_summary_confidences.json	experiments/e149_final20_stoichiometry_v1/out_s2/ova_c4_iptm80_21g_c3/seed-1_sample-0/ova_c4_iptm80_21g_c3_seed-1_sample-0_model.cif
ova_c4_iptm80_21g_c3	seed-1_sample-1	3	0.18	0.43	85.74580311157543	nan	nan	0.23	0.0	3	3	1	0	125	125	0	0.13	0.13	20.96	"{""A-B"": 43, ""A-C"": 21, ""B-C"": 61}"	[94, 95, 96, 97, 98, 99, 152, 155, 156, 157, 182, 183, 184, 186, 187, 188, 190, 191, 192, 193, 194, 195, 196, 208, 210, 215, 216, 217, 218, 234, 236, 238, 276, 277, 278, 337, 338, 340, 341, 342, 343, 344, 345, 346, 347, 348, 349, 350, 351, 353, 354, 355]	experiments/e149_final20_stoichiometry_v1/out_s2/ova_c4_iptm80_21g_c3/seed-1_sample-1/ova_c4_iptm80_21g_c3_seed-1_sample-1_summary_confidences.json	experiments/e149_final20_stoichiometry_v1/out_s2/ova_c4_iptm80_21g_c3/seed-1_sample-1/ova_c4_iptm80_21g_c3_seed-1_sample-1_model.cif
ova_c4_iptm80_21g_c3	seed-1_sample-2	3	0.15	0.41	85.58225374765347	nan	nan	0.2	0.0	3	3	1	0	133	133	0	0.12	0.12	25.88	"{""A-B"": 42, ""A-C"": 45, ""B-C"": 46}"	[94, 95, 96, 110, 114, 116, 119, 120, 123, 124, 127, 128, 131, 132, 133, 134, 137, 138, 141, 144, 145, 148, 149, 152, 153, 217, 238, 239, 270, 271, 272, 275, 276, 277, 278, 340, 341, 342, 343, 345, 346, 349, 350, 351, 354, 372, 373]	experiments/e149_final20_stoichiometry_v1/out_s2/ova_c4_iptm80_21g_c3/seed-1_sample-2/ova_c4_iptm80_21g_c3_seed-1_sample-2_summary_confidences.json	experiments/e149_final20_stoichiometry_v1/out_s2/ova_c4_iptm80_21g_c3/seed-1_sample-2/ova_c4_iptm80_21g_c3_seed-1_sample-2_model.cif
ova_c4_iptm80_21g_c3	seed-1_sample-3	3	0.21	0.45	86.05007767553774	nan	nan	0.25	0.0	3	3	1	0	105	105	0	0.18	0.18	20.92	"{""A-B"": 36, ""A-C"": 34, ""B-C"": 35}"	[94, 95, 96, 97, 98, 99, 101, 149, 152, 153, 154, 155, 182, 183, 184, 190, 191, 192, 193, 194, 195, 196, 208, 210, 213, 342, 343, 344, 347]	experiments/e149_final20_stoichiometry_v1/out_s2/ova_c4_iptm80_21g_c3/seed-1_sample-3/ova_c4_iptm80_21g_c3_seed-1_sample-3_summary_confidences.json	experiments/e149_final20_stoichiometry_v1/out_s2/ova_c4_iptm80_21g_c3/seed-1_sample-3/ova_c4_iptm80_21g_c3_seed-1_sample-3_model.cif
ova_c4_iptm80_21g_c3	seed-1_sample-4	3	0.15	0.42	86.25329013686105	nan	nan	0.21	0.0	3	3	1	0	109	109	0	0.12	0.12	25.36	"{""A-B"": 36, ""A-C"": 37, ""B-C"": 36}"	[94, 95, 96, 97, 110, 113, 114, 116, 119, 123, 124, 127, 131, 132, 133, 134, 138, 141, 144, 145, 148, 149, 152, 186, 187, 217, 238, 270, 271, 272, 275, 276, 278, 340, 341, 343, 346, 349, 350, 354, 372, 373]	experiments/e149_final20_stoichiometry_v1/out_s2/ova_c4_iptm80_21g_c3/seed-1_sample-4/ova_c4_iptm80_21g_c3_seed-1_sample-4_summary_confidences.json	experiments/e149_final20_stoichiometry_v1/out_s2/ova_c4_iptm80_21g_c3/seed-1_sample-4/ova_c4_iptm80_21g_c3_seed-1_sample-4_model.cif
ova_c4_iptm80_21g_c3	seed-2_sample-0	3	0.15	0.41	86.21334213296366	nan	nan	0.2	0.0	3	3	1	0	136	136	0	0.12	0.12	25.32	"{""A-B"": 48, ""A-C"": 42, ""B-C"": 46}"	[94, 96, 131, 132, 133, 134, 138, 140, 141, 142, 144, 145, 147, 148, 149, 151, 152, 153, 155, 156, 159, 160, 187, 188, 215, 216, 217, 276, 278, 339, 340, 341, 342, 343, 344, 346, 348, 350, 351, 354, 356]	experiments/e149_final20_stoichiometry_v1/out_s2/ova_c4_iptm80_21g_c3/seed-2_sample-0/ova_c4_iptm80_21g_c3_seed-2_sample-0_summary_confidences.json	experiments/e149_final20_stoichiometry_v1/out_s2/ova_c4_iptm80_21g_c3/seed-2_sample-0/ova_c4_iptm80_21g_c3_seed-2_sample-0_model.cif
ova_c4_iptm80_21g_c3	seed-2_sample-1	3	0.15	0.41	86.33557001420253	nan	nan	0.2	0.0	3	3	1	0	120	120	0	0.12	0.12	26.25	"{""A-B"": 40, ""A-C"": 40, ""B-C"": 40}"	[94, 95, 96, 110, 116, 123, 128, 131, 132, 133, 134, 137, 138, 140, 141, 142, 144, 145, 148, 149, 152, 216, 217, 238, 271, 275, 276, 277, 278, 340, 341, 342, 343, 344, 346, 349, 350, 354, 373]	experiments/e149_final20_stoichiometry_v1/out_s2/ova_c4_iptm80_21g_c3/seed-2_sample-1/ova_c4_iptm80_21g_c3_seed-2_sample-1_summary_confidences.json	experiments/e149_final20_stoichiometry_v1/out_s2/ova_c4_iptm80_21g_c3/seed-2_sample-1/ova_c4_iptm80_21g_c3_seed-2_sample-1_model.cif
ova_c4_iptm80_21g_c3	seed-2_sample-2	3	0.19	0.44	86.55632123798904	nan	nan	0.24	0.0	3	3	1	0	116	116	0	0.16	0.16	18.28	"{""A-B"": 37, ""A-C"": 40, ""B-C"": 39}"	[96, 97, 99, 182, 184, 188, 189, 190, 191, 192, 217, 277, 278, 279, 334, 336, 337, 338, 339, 340, 342, 343, 344, 345, 346, 348, 349, 350, 351, 353, 354, 356, 357]	experiments/e149_final20_stoichiometry_v1/out_s2/ova_c4_iptm80_21g_c3/seed-2_sample-2/ova_c4_iptm80_21g_c3_seed-2_sample-2_summary_confidences.json	experiments/e149_final20_stoichiometry_v1/out_s2/ova_c4_iptm80_21g_c3/seed-2_sample-2/ova_c4_iptm80_21g_c3_seed-2_sample-2_model.cif
ova_c4_iptm80_21g_c3	seed-2_sample-3	3	0.17	0.43	86.01562178814349	nan	nan	0.22	0.0	3	3	1	0	69	69	0	0.13	0.13	22.08	"{""A-B"": 20, ""A-C"": 30, ""B-C"": 19}"	[94, 95, 96, 97, 98, 99, 155, 156, 182, 184, 186, 187, 190, 191, 192, 193, 195, 196, 216, 217, 218, 234, 237, 238, 239, 276, 278, 336, 338, 340, 341, 342, 343, 344, 345, 346, 348, 349, 350, 351, 353, 354]	experiments/e149_final20_stoichiometry_v1/out_s2/ova_c4_iptm80_21g_c3/seed-2_sample-3/ova_c4_iptm80_21g_c3_seed-2_sample-3_summary_confidences.json	experiments/e149_final20_stoichiometry_v1/out_s2/ova_c4_iptm80_21g_c3/seed-2_sample-3/ova_c4_iptm80_21g_c3_seed-2_sample-3_model.cif
ova_c4_iptm80_21g_c3	seed-2_sample-4	3	0.15	0.41	85.42834178647847	nan	nan	0.2	0.0	3	3	1	0	170	170	0	0.12	0.12	26.48	"{""A-B"": 60, ""A-C"": 54, ""B-C"": 56}"	[64, 65, 75, 76, 77, 78, 79, 81, 82, 83, 86, 94, 95, 96, 110, 113, 114, 119, 120, 123, 124, 128, 131, 132, 133, 134, 137, 138, 141, 142, 144, 145, 148, 149, 151, 152, 153, 186, 187, 217, 219, 236, 238, 239, 271, 272, 275, 276, 277, 278, 340, 341, 342, 343, 354, 372, 373, 374]	experiments/e149_final20_stoichiometry_v1/out_s2/ova_c4_iptm80_21g_c3/seed-2_sample-4/ova_c4_iptm80_21g_c3_seed-2_sample-4_summary_confidences.json	experiments/e149_final20_stoichiometry_v1/out_s2/ova_c4_iptm80_21g_c3/seed-2_sample-4/ova_c4_iptm80_21g_c3_seed-2_sample-4_model.cif
ova_c4_iptm80_21g_c3	seed-3_sample-0	3	0.2	0.44	86.40176162324421	nan	nan	0.25	0.0	3	3	1	0	137	137	0	0.17	0.17	19.59	"{""A-B"": 47, ""A-C"": 44, ""B-C"": 46}"	[95, 96, 97, 182, 183, 184, 188, 189, 190, 191, 192, 217, 236, 275, 276, 277, 278, 279, 336, 337, 338, 339, 340, 341, 342, 343, 344, 345, 346, 348, 349, 350, 351, 354, 355, 356, 357]	experiments/e149_final20_stoichiometry_v1/out_s2/ova_c4_iptm80_21g_c3/seed-3_sample-0/ova_c4_iptm80_21g_c3_seed-3_sample-0_summary_confidences.json	experiments/e149_final20_stoichiometry_v1/out_s2/ova_c4_iptm80_21g_c3/seed-3_sample-0/ova_c4_iptm80_21g_c3_seed-3_sample-0_model.cif
ova_c4_iptm80_21g_c3	seed-3_sample-1	3	0.17	0.43	86.19601025359	nan	nan	0.22	0.0	3	3	1	0	73	73	0	0.14	0.14	22.07	"{""A-B"": 25, ""A-C"": 25, ""B-C"": 23}"	[96, 97, 99, 152, 155, 156, 157, 182, 184, 188, 192, 193, 195, 196, 197, 198, 206, 207, 208, 213, 337, 338, 339, 342, 344]	experiments/e149_final20_stoichiometry_v1/out_s2/ova_c4_iptm80_21g_c3/seed-3_sample-1/ova_c4_iptm80_21g_c3_seed-3_sample-1_summary_confidences.json	experiments/e149_final20_stoichiometry_v1/out_s2/ova_c4_iptm80_21g_c3/seed-3_sample-1/ova_c4_iptm80_21g_c3_seed-3_sample-1_model.cif
ova_c4_iptm80_21g_c3	seed-3_sample-2	3	0.14	0.4	85.72367855921928	nan	nan	0.19	0.0	3	3	1	0	192	192	0	0.11	0.11	27.73	"{""A-B"": 62, ""A-C"": 63, ""B-C"": 67}"	[69, 70, 71, 72, 73, 74, 78, 82, 85, 94, 95, 96, 97, 98, 99, 101, 114, 116, 117, 119, 120, 121, 123, 124, 125, 129, 130, 132, 155, 156, 157, 180, 182, 184, 188, 190, 191, 192, 287, 332, 334, 336, 337, 338, 339, 340, 342, 344, 345]	experiments/e149_final20_stoichiometry_v1/out_s2/ova_c4_iptm80_21g_c3/seed-3_sample-2/ova_c4_iptm80_21g_c3_seed-3_sample-2_summary_confidences.json	experiments/e149_final20_stoichiometry_v1/out_s2/ova_c4_iptm80_21g_c3/seed-3_sample-2/ova_c4_iptm80_21g_c3_seed-3_sample-2_model.cif
ova_c4_iptm80_21g_c3	seed-3_sample-3	3	0.21	0.45	86.40647693495676	nan	nan	0.26	0.0	3	3	1	0	115	115	0	0.18	0.18	21.65	"{""A-B"": 37, ""A-C"": 41, ""B-C"": 37}"	[94, 95, 96, 97, 98, 99, 101, 148, 149, 151, 152, 153, 154, 155, 156, 182, 183, 184, 190, 191, 192, 193, 194, 195, 196, 208, 210, 213, 342, 343, 344, 347, 348, 351]	experiments/e149_final20_stoichiometry_v1/out_s2/ova_c4_iptm80_21g_c3/seed-3_sample-3/ova_c4_iptm80_21g_c3_seed-3_sample-3_summary_confidences.json	experiments/e149_final20_stoichiometry_v1/out_s2/ova_c4_iptm80_21g_c3/seed-3_sample-3/ova_c4_iptm80_21g_c3_seed-3_sample-3_model.cif
ova_c4_iptm80_21g_c3	seed-3_sample-4	3	0.18	0.43	85.78538867970205	nan	nan	0.23	0.0	3	3	1	0	89	89	0	0.14	0.14	20.28	"{""A-B"": 37, ""A-C"": 37, ""B-C"": 15}"	[96, 97, 148, 151, 152, 155, 156, 182, 184, 188, 189, 190, 191, 192, 217, 236, 275, 276, 277, 278, 336, 337, 338, 339, 340, 341, 342, 343, 344, 345, 346, 347, 348, 349, 350, 351, 354]	experiments/e149_final20_stoichiometry_v1/out_s2/ova_c4_iptm80_21g_c3/seed-3_sample-4/ova_c4_iptm80_21g_c3_seed-3_sample-4_summary_confidences.json	experiments/e149_final20_stoichiometry_v1/out_s2/ova_c4_iptm80_21g_c3/seed-3_sample-4/ova_c4_iptm80_21g_c3_seed-3_sample-4_model.cif
ova_c4_iptm80_21g_c5	seed-1_sample-0	5	0.37	0.49	86.27220198280453	nan	nan	0.39	0.0	8	5	1	0	218	218	0	0.11	0.32	15.66	"{""A-B"": 31, ""A-C"": 47, ""A-D"": 9, ""A-E"": 28, ""B-C"": 9, ""B-D"": 52, ""B-E"": 11, ""C-D"": 28, ""C-E"": 3, ""D-E"": 0}"	[86, 87, 90, 94, 95, 96, 97, 98, 99, 155, 182, 183, 184, 188, 190, 191, 192, 193, 194, 195, 197, 211, 213, 216, 217, 236, 271, 272, 276, 277, 278, 280, 282, 334, 336, 337, 338, 339, 340, 341, 342, 343, 344, 345, 346, 347, 348, 349, 350, 351, 352, 353, 354, 355, 356, 357, 358, 362, 373, 374]	experiments/e149_final20_stoichiometry_v1/out_s3/ova_c4_iptm80_21g_c5/seed-1_sample-0/ova_c4_iptm80_21g_c5_seed-1_sample-0_summary_confidences.json	experiments/e149_final20_stoichiometry_v1/out_s3/ova_c4_iptm80_21g_c5/seed-1_sample-0/ova_c4_iptm80_21g_c5_seed-1_sample-0_model.cif
ova_c4_iptm80_21g_c5	seed-1_sample-1	5	0.25	0.39	84.92326432065025	nan	nan	0.28	0.0	5	5	1	0	126	126	0	0.13	0.14	23.46	"{""A-B"": 0, ""A-C"": 34, ""A-D"": 28, ""A-E"": 0, ""B-C"": 1, ""B-D"": 12, ""B-E"": 34, ""C-D"": 0, ""C-E"": 17, ""D-E"": 0}"	[93, 94, 95, 96, 97, 98, 99, 155, 182, 183, 184, 188, 190, 191, 192, 195, 216, 217, 236, 275, 276, 277, 278, 336, 337, 338, 339, 340, 342, 344, 345, 346, 347, 348, 349, 350, 351, 353, 354, 355, 356]	experiments/e149_final20_stoichiometry_v1/out_s3/ova_c4_iptm80_21g_c5/seed-1_sample-1/ova_c4_iptm80_21g_c5_seed-1_sample-1_summary_confidences.json	experiments/e149_final20_stoichiometry_v1/out_s3/ova_c4_iptm80_21g_c5/seed-1_sample-1/ova_c4_iptm80_21g_c5_seed-1_sample-1_model.cif
ova_c4_iptm80_21g_c5	seed-1_sample-2	5	0.38	0.5	86.4591192037948	nan	nan	0.41	0.0	8	5	1	0	206	206	0	0.12	0.33999999999999997	15.225	"{""A-B"": 25, ""A-C"": 52, ""A-D"": 9, ""A-E"": 4, ""B-C"": 10, ""B-D"": 50, ""B-E"": 0, ""C-D"": 26, ""C-E"": 12, ""D-E"": 18}"	[86, 87, 90, 94, 95, 96, 97, 98, 99, 182, 184, 188, 189, 190, 191, 192, 193, 216, 217, 236, 271, 272, 276, 277, 278, 336, 337, 338, 339, 340, 342, 343, 344, 345, 346, 347, 348, 349, 350, 351, 352, 353, 354, 355, 356, 373, 374]	experiments/e149_final20_stoichiometry_v1/out_s3/ova_c4_iptm80_21g_c5/seed-1_sample-2/ova_c4_iptm80_21g_c5_seed-1_sample-2_summary_confidences.json	experiments/e149_final20_stoichiometry_v1/out_s3/ova_c4_iptm80_21g_c5/seed-1_sample-2/ova_c4_iptm80_21g_c5_seed-1_sample-2_model.cif
ova_c4_iptm80_21g_c5	seed-1_sample-3	5	0.36	0.48	85.53321241467728	nan	nan	0.39	0.0	9	5	1	0	197	197	0	0.11	0.31	17.21	"{""A-B"": 17, ""A-C"": 55, ""A-D"": 10, ""A-E"": 5, ""B-C"": 10, ""B-D"": 57, ""B-E"": 1, ""C-D"": 17, ""C-E"": 14, ""D-E"": 11}"	[83, 86, 90, 94, 95, 96, 97, 98, 99, 123, 149, 152, 153, 182, 184, 186, 190, 191, 192, 193, 216, 217, 219, 234, 236, 237, 238, 239, 270, 271, 272, 276, 277, 278, 337, 338, 339, 340, 341, 342, 343, 344, 345, 346, 347, 348, 349, 350, 352, 353, 354, 355, 356, 357, 372, 373, 374, 375]	experiments/e149_final20_stoichiometry_v1/out_s3/ova_c4_iptm80_21g_c5/seed-1_sample-3/ova_c4_iptm80_21g_c5_seed-1_sample-3_summary_confidences.json	experiments/e149_final20_stoichiometry_v1/out_s3/ova_c4_iptm80_21g_c5/seed-1_sample-3/ova_c4_iptm80_21g_c5_seed-1_sample-3_model.cif
ova_c4_iptm80_21g_c5	seed-1_sample-4	5	0.26	0.4	85.13536270418315	nan	nan	0.29	0.0	5	5	1	0	149	149	0	0.12	0.15	20.71	"{""A-B"": 0, ""A-C"": 34, ""A-D"": 0, ""A-E"": 27, ""B-C"": 2, ""B-D"": 37, ""B-E"": 25, ""C-D"": 24, ""C-E"": 0, ""D-E"": 0}"	[94, 95, 96, 97, 98, 99, 155, 182, 183, 184, 188, 190, 191, 192, 193, 195, 217, 236, 275, 276, 277, 278, 279, 334, 336, 337, 338, 339, 340, 342, 344, 345, 346, 347, 348, 349, 350, 351, 353, 354, 355, 357]	experiments/e149_final20_stoichiometry_v1/out_s3/ova_c4_iptm80_21g_c5/seed-1_sample-4/ova_c4_iptm80_21g_c5_seed-1_sample-4_summary_confidences.json	experiments/e149_final20_stoichiometry_v1/out_s3/ova_c4_iptm80_21g_c5/seed-1_sample-4/ova_c4_iptm80_21g_c5_seed-1_sample-4_model.cif
ova_c4_iptm80_21g_c5	seed-2_sample-0	5	0.47	0.57	86.60740938334885	nan	nan	0.49	0.0	8	5	1	0	213	213	0	0.13	0.455	11.17	"{""A-B"": 35, ""A-C"": 42, ""A-D"": 13, ""A-E"": 8, ""B-C"": 14, ""B-D"": 43, ""B-E"": 0, ""C-D"": 34, ""C-E"": 4, ""D-E"": 20}"	[83, 86, 87, 90, 94, 95, 96, 97, 98, 99, 148, 151, 152, 153, 155, 182, 183, 184, 190, 191, 192, 193, 215, 216, 217, 236, 239, 271, 272, 276, 277, 278, 337, 338, 339, 340, 341, 342, 343, 344, 345, 346, 347, 348, 349, 350, 351, 352, 353, 354, 355, 356, 357, 373, 374]	experiments/e149_final20_stoichiometry_v1/out_s3/ova_c4_iptm80_21g_c5/seed-2_sample-0/ova_c4_iptm80_21g_c5_seed-2_sample-0_summary_confidences.json	experiments/e149_final20_stoichiometry_v1/out_s3/ova_c4_iptm80_21g_c5/seed-2_sample-0/ova_c4_iptm80_21g_c5_seed-2_sample-0_model.cif
ova_c4_iptm80_21g_c5	seed-2_sample-1	5	0.47	0.56	85.82041453821054	nan	nan	0.49	0.0	9	5	1	0	211	211	0	0.13	0.45	11.6	"{""A-B"": 33, ""A-C"": 41, ""A-D"": 13, ""A-E"": 12, ""B-C"": 13, ""B-D"": 38, ""B-E"": 0, ""C-D"": 34, ""C-E"": 14, ""D-E"": 13}"	[82, 83, 86, 87, 90, 92, 93, 94, 96, 97, 98, 99, 131, 149, 152, 153, 155, 182, 184, 190, 191, 192, 193, 195, 213, 216, 217, 236, 271, 272, 278, 334, 336, 337, 338, 339, 340, 341, 342, 343, 344, 345, 346, 347, 348, 349, 350, 351, 352, 353, 354, 355, 373, 374]	experiments/e149_final20_stoichiometry_v1/out_s3/ova_c4_iptm80_21g_c5/seed-2_sample-1/ova_c4_iptm80_21g_c5_seed-2_sample-1_summary_confidences.json	experiments/e149_final20_stoichiometry_v1/out_s3/ova_c4_iptm80_21g_c5/seed-2_sample-1/ova_c4_iptm80_21g_c5_seed-2_sample-1_model.cif
ova_c4_iptm80_21g_c5	seed-2_sample-2	5	0.46	0.56	86.58264249099969	nan	nan	0.48	0.0	8	5	1	0	219	219	0	0.12	0.45	11.555	"{""A-B"": 36, ""A-C"": 43, ""A-D"": 14, ""A-E"": 2, ""B-C"": 15, ""B-D"": 41, ""B-E"": 5, ""C-D"": 41, ""C-E"": 2, ""D-E"": 20}"	[73, 83, 86, 87, 90, 96, 97, 98, 99, 110, 116, 120, 132, 134, 138, 182, 183, 184, 190, 191, 192, 193, 215, 216, 217, 222, 236, 239, 271, 272, 275, 276, 278, 280, 336, 337, 338, 339, 340, 341, 342, 343, 344, 345, 346, 347, 348, 349, 350, 351, 352, 353, 354, 355, 356, 357, 358, 373, 374]	experiments/e149_final20_stoichiometry_v1/out_s3/ova_c4_iptm80_21g_c5/seed-2_sample-2/ova_c4_iptm80_21g_c5_seed-2_sample-2_summary_confidences.json	experiments/e149_final20_stoichiometry_v1/out_s3/ova_c4_iptm80_21g_c5/seed-2_sample-2/ova_c4_iptm80_21g_c5_seed-2_sample-2_model.cif
ova_c4_iptm80_21g_c5	seed-2_sample-3	5	0.48	0.57	86.67116561454813	nan	nan	0.5	0.0	9	5	1	0	217	217	0	0.13	0.46	11.12	"{""A-B"": 37, ""A-C"": 39, ""A-D"": 12, ""A-E"": 0, ""B-C"": 12, ""B-D"": 41, ""B-E"": 21, ""C-D"": 38, ""C-E"": 9, ""D-E"": 8}"	[83, 86, 87, 90, 94, 96, 97, 98, 99, 101, 131, 144, 145, 148, 149, 151, 152, 153, 155, 156, 182, 184, 190, 191, 192, 193, 195, 196, 197, 198, 215, 216, 217, 236, 271, 272, 276, 278, 337, 338, 339, 340, 341, 342, 343, 344, 345, 346, 347, 348, 349, 350, 351, 353, 354, 355, 356, 357, 362, 373, 374]	experiments/e149_final20_stoichiometry_v1/out_s3/ova_c4_iptm80_21g_c5/seed-2_sample-3/ova_c4_iptm80_21g_c5_seed-2_sample-3_summary_confidences.json	experiments/e149_final20_stoichiometry_v1/out_s3/ova_c4_iptm80_21g_c5/seed-2_sample-3/ova_c4_iptm80_21g_c5_seed-2_sample-3_model.cif
ova_c4_iptm80_21g_c5	seed-2_sample-4	5	0.48	0.57	86.6032643095817	nan	nan	0.5	0.0	8	5	1	0	230	230	0	0.13	0.46	11.145	"{""A-B"": 38, ""A-C"": 43, ""A-D"": 10, ""A-E"": 0, ""B-C"": 13, ""B-D"": 43, ""B-E"": 31, ""C-D"": 38, ""C-E"": 2, ""D-E"": 12}"	[83, 86, 87, 90, 94, 96, 97, 98, 99, 138, 141, 144, 145, 147, 148, 149, 151, 152, 153, 155, 156, 159, 182, 184, 187, 188, 190, 191, 192, 193, 196, 197, 198, 208, 215, 216, 217, 236, 271, 272, 278, 337, 338, 339, 340, 341, 342, 343, 344, 345, 346, 347, 348, 349, 350, 351, 352, 353, 354, 355, 373, 374]	experiments/e149_final20_stoichiometry_v1/out_s3/ova_c4_iptm80_21g_c5/seed-2_sample-4/ova_c4_iptm80_21g_c5_seed-2_sample-4_summary_confidences.json	experiments/e149_final20_stoichiometry_v1/out_s3/ova_c4_iptm80_21g_c5/seed-2_sample-4/ova_c4_iptm80_21g_c5_seed-2_sample-4_model.cif
ova_c4_iptm80_21g_c5	seed-3_sample-0	5	0.49	0.58	85.92924863192701	nan	nan	0.51	0.0	8	5	1	0	222	222	0	0.16	0.46	10.735	"{""A-B"": 14, ""A-C"": 36, ""A-D"": 37, ""A-E"": 1, ""B-C"": 36, ""B-D"": 38, ""B-E"": 30, ""C-D"": 14, ""C-E"": 0, ""D-E"": 16}"	[73, 83, 86, 87, 90, 93, 94, 96, 97, 98, 99, 101, 120, 123, 124, 131, 148, 149, 151, 152, 153, 155, 156, 182, 184, 190, 191, 192, 193, 195, 196, 197, 198, 208, 211, 213, 215, 216, 217, 236, 238, 239, 271, 272, 276, 278, 282, 337, 338, 339, 340, 341, 342, 343, 344, 345, 346, 347, 348, 349, 350, 351, 354, 355, 372, 373, 374]	experiments/e149_final20_stoichiometry_v1/out_s3/ova_c4_iptm80_21g_c5/seed-3_sample-0/ova_c4_iptm80_21g_c5_seed-3_sample-0_summary_confidences.json	experiments/e149_final20_stoichiometry_v1/out_s3/ova_c4_iptm80_21g_c5/seed-3_sample-0/ova_c4_iptm80_21g_c5_seed-3_sample-0_model.cif
ova_c4_iptm80_21g_c5	seed-3_sample-1	5	0.47	0.56	85.78748704979456	nan	nan	0.48	0.0	9	5	1	0	223	223	0	0.12	0.42	11.3	"{""A-B"": 16, ""A-C"": 40, ""A-D"": 36, ""A-E"": 0, ""B-C"": 35, ""B-D"": 40, ""B-E"": 15, ""C-D"": 15, ""C-E"": 21, ""D-E"": 5}"	[82, 83, 86, 87, 90, 94, 96, 97, 98, 99, 152, 155, 182, 183, 184, 190, 191, 192, 193, 195, 197, 211, 213, 215, 216, 217, 236, 239, 271, 272, 276, 277, 278, 282, 285, 287, 334, 336, 337, 338, 339, 340, 341, 342, 343, 344, 345, 346, 347, 348, 349, 350, 351, 352, 353, 354, 355, 356, 357, 373, 374]	experiments/e149_final20_stoichiometry_v1/out_s3/ova_c4_iptm80_21g_c5/seed-3_sample-1/ova_c4_iptm80_21g_c5_seed-3_sample-1_summary_confidences.json	experiments/e149_final20_stoichiometry_v1/out_s3/ova_c4_iptm80_21g_c5/seed-3_sample-1/ova_c4_iptm80_21g_c5_seed-3_sample-1_model.cif
ova_c4_iptm80_21g_c5	seed-3_sample-2	5	0.5	0.59	86.09818638421093	nan	nan	0.52	0.0	9	5	1	0	203	203	0	0.15	0.47	10.43	"{""A-B"": 12, ""A-C"": 42, ""A-D"": 31, ""A-E"": 15, ""B-C"": 32, ""B-D"": 40, ""B-E"": 12, ""C-D"": 9, ""C-E"": 0, ""D-E"": 10}"	[83, 86, 87, 90, 94, 95, 96, 97, 98, 99, 101, 148, 151, 152, 153, 155, 156, 180, 182, 184, 190, 191, 192, 193, 195, 196, 197, 198, 208, 211, 216, 217, 236, 271, 272, 277, 278, 282, 337, 338, 339, 340, 341, 342, 343, 344, 345, 346, 347, 348, 349, 350, 351, 352, 353, 354, 355, 356, 357, 373, 374]	experiments/e149_final20_stoichiometry_v1/out_s3/ova_c4_iptm80_21g_c5/seed-3_sample-2/ova_c4_iptm80_21g_c5_seed-3_sample-2_summary_confidences.json	experiments/e149_final20_stoichiometry_v1/out_s3/ova_c4_iptm80_21g_c5/seed-3_sample-2/ova_c4_iptm80_21g_c5_seed-3_sample-2_model.cif
ova_c4_iptm80_21g_c5	seed-3_sample-3	5	0.48	0.57	85.91145077641146	nan	nan	0.5	0.0	9	5	1	0	221	221	0	0.14	0.45	11.16	"{""A-B"": 16, ""A-C"": 43, ""A-D"": 36, ""A-E"": 10, ""B-C"": 37, ""B-D"": 43, ""B-E"": 7, ""C-D"": 15, ""C-E"": 0, ""D-E"": 14}"	[82, 83, 86, 87, 89, 90, 93, 94, 96, 97, 98, 99, 152, 155, 156, 157, 182, 184, 190, 191, 192, 193, 195, 196, 197, 198, 206, 208, 210, 211, 213, 215, 216, 217, 236, 239, 271, 272, 276, 278, 282, 334, 337, 338, 339, 340, 341, 342, 343, 344, 345, 346, 347, 348, 349, 350, 351, 352, 353, 354, 355, 356, 357, 373, 374]	experiments/e149_final20_stoichiometry_v1/out_s3/ova_c4_iptm80_21g_c5/seed-3_sample-3/ova_c4_iptm80_21g_c5_seed-3_sample-3_summary_confidences.json	experiments/e149_final20_stoichiometry_v1/out_s3/ova_c4_iptm80_21g_c5/seed-3_sample-3/ova_c4_iptm80_21g_c5_seed-3_sample-3_model.cif
ova_c4_iptm80_21g_c5	seed-3_sample-4	5	0.5	0.59	86.01839385749145	nan	nan	0.52	0.0	9	5	1	0	216	216	0	0.17	0.47	10.38	"{""A-B"": 14, ""A-C"": 34, ""A-D"": 38, ""A-E"": 8, ""B-C"": 38, ""B-D"": 39, ""B-E"": 19, ""C-D"": 15, ""C-E"": 0, ""D-E"": 11}"	[73, 82, 83, 86, 87, 90, 93, 94, 96, 97, 99, 116, 131, 148, 149, 151, 152, 153, 155, 156, 182, 184, 190, 191, 192, 193, 195, 196, 197, 208, 211, 215, 216, 217, 236, 271, 272, 276, 277, 278, 282, 337, 338, 339, 340, 341, 342, 343, 344, 345, 346, 347, 348, 349, 350, 351, 352, 353, 354, 355, 356, 357, 362, 373, 374]	experiments/e149_final20_stoichiometry_v1/out_s3/ova_c4_iptm80_21g_c5/seed-3_sample-4/ova_c4_iptm80_21g_c5_seed-3_sample-4_summary_confidences.json	experiments/e149_final20_stoichiometry_v1/out_s3/ova_c4_iptm80_21g_c5/seed-3_sample-4/ova_c4_iptm80_21g_c5_seed-3_sample-4_model.cif
ova_c4_iptm80_21g_c6	seed-1_sample-0	6	0.27	0.38	85.48774609541029	nan	nan	0.29	0.0	6	6	1	0	208	208	0	0.22	0.22	17.895	"{""A-B"": 18, ""A-C"": 0, ""A-D"": 52, ""A-E"": 0, ""A-F"": 0, ""B-C"": 52, ""B-D"": 0, ""B-E"": 0, ""B-F"": 0, ""C-D"": 0, ""C-E"": 18, ""C-F"": 0, ""D-E"": 0, ""D-F"": 17, ""E-F"": 51}"	[1, 64, 86, 87, 90, 94, 95, 96, 97, 98, 99, 152, 155, 156, 182, 183, 184, 190, 191, 192, 193, 194, 195, 196, 208, 210, 262, 263, 266, 267, 270, 271, 272, 337, 338, 340, 342, 373, 374]	experiments/e149_final20_stoichiometry_v1/out_s4/ova_c4_iptm80_21g_c6/seed-1_sample-0/ova_c4_iptm80_21g_c6_seed-1_sample-0_summary_confidences.json	experiments/e149_final20_stoichiometry_v1/out_s4/ova_c4_iptm80_21g_c6/seed-1_sample-0/ova_c4_iptm80_21g_c6_seed-1_sample-0_model.cif
ova_c4_iptm80_21g_c6	seed-1_sample-1	6	0.3	0.41	85.27575126213114	nan	nan	0.32	0.0	11	6	1	0	301	301	0	0.27	0.21	18.47	"{""A-B"": 8, ""A-C"": 6, ""A-D"": 72, ""A-E"": 0, ""A-F"": 5, ""B-C"": 77, ""B-D"": 6, ""B-E"": 4, ""B-F"": 0, ""C-D"": 0, ""C-E"": 19, ""C-F"": 5, ""D-E"": 6, ""D-F"": 14, ""E-F"": 79}"	[1, 6, 86, 87, 90, 94, 95, 96, 97, 98, 99, 101, 152, 155, 156, 182, 183, 184, 188, 190, 191, 192, 193, 194, 195, 196, 207, 208, 209, 210, 236, 239, 263, 266, 271, 272, 336, 337, 338, 339, 340, 342, 345, 346, 347, 349, 350, 351, 354, 373, 374]	experiments/e149_final20_stoichiometry_v1/out_s4/ova_c4_iptm80_21g_c6/seed-1_sample-1/ova_c4_iptm80_21g_c6_seed-1_sample-1_summary_confidences.json	experiments/e149_final20_stoichiometry_v1/out_s4/ova_c4_iptm80_21g_c6/seed-1_sample-1/ova_c4_iptm80_21g_c6_seed-1_sample-1_model.cif
ova_c4_iptm80_21g_c6	seed-1_sample-2	6	0.27	0.38	84.99207249577181	nan	nan	0.3	0.0	12	6	1	0	322	322	0	0.25	0.155	20.755000000000003	"{""A-B"": 22, ""A-C"": 34, ""A-D"": 29, ""A-E"": 0, ""A-F"": 23, ""B-C"": 28, ""B-D"": 0, ""B-E"": 33, ""B-F"": 23, ""C-D"": 20, ""C-E"": 22, ""C-F"": 0, ""D-E"": 23, ""D-F"": 35, ""E-F"": 30}"	[73, 83, 86, 87, 89, 90, 93, 94, 95, 96, 97, 99, 182, 184, 190, 191, 192, 193, 195, 213, 215, 216, 225, 236, 271, 272, 273, 275, 276, 277, 278, 337, 338, 339, 340, 342, 343, 344, 345, 346, 347, 348, 349, 350, 351, 352, 354, 373]	experiments/e149_final20_stoichiometry_v1/out_s4/ova_c4_iptm80_21g_c6/seed-1_sample-2/ova_c4_iptm80_21g_c6_seed-1_sample-2_summary_confidences.json	experiments/e149_final20_stoichiometry_v1/out_s4/ova_c4_iptm80_21g_c6/seed-1_sample-2/ova_c4_iptm80_21g_c6_seed-1_sample-2_model.cif
ova_c4_iptm80_21g_c6	seed-1_sample-3	6	0.26	0.37	85.49476689748813	nan	nan	0.28	0.0	6	6	1	0	241	241	0	0.22	0.22	18.32	"{""A-B"": 20, ""A-C"": 0, ""A-D"": 59, ""A-E"": 0, ""A-F"": 0, ""B-C"": 60, ""B-D"": 0, ""B-E"": 0, ""B-F"": 0, ""C-D"": 0, ""C-E"": 20, ""C-F"": 0, ""D-E"": 0, ""D-F"": 22, ""E-F"": 60}"	[1, 6, 64, 86, 87, 90, 94, 95, 96, 97, 98, 99, 152, 155, 156, 182, 183, 184, 190, 191, 192, 193, 194, 195, 196, 208, 210, 262, 263, 266, 267, 270, 271, 272, 337, 338, 340, 342, 343, 344, 345, 373, 374]	experiments/e149_final20_stoichiometry_v1/out_s4/ova_c4_iptm80_21g_c6/seed-1_sample-3/ova_c4_iptm80_21g_c6_seed-1_sample-3_summary_confidences.json	experiments/e149_final20_stoichiometry_v1/out_s4/ova_c4_iptm80_21g_c6/seed-1_sample-3/ova_c4_iptm80_21g_c6_seed-1_sample-3_model.cif
ova_c4_iptm80_21g_c6	seed-1_sample-4	6	0.28	0.39	85.47722778913271	nan	nan	0.3	0.0	6	6	1	0	260	260	0	0.24	0.22999999999999998	18.215	"{""A-B"": 20, ""A-C"": 0, ""A-D"": 68, ""A-E"": 0, ""A-F"": 0, ""B-C"": 68, ""B-D"": 0, ""B-E"": 0, ""B-F"": 0, ""C-D"": 0, ""C-E"": 21, ""C-F"": 0, ""D-E"": 0, ""D-F"": 18, ""E-F"": 65}"	[1, 6, 86, 87, 90, 94, 95, 96, 97, 98, 99, 151, 152, 155, 156, 182, 183, 184, 188, 190, 191, 192, 193, 194, 195, 196, 208, 210, 239, 262, 263, 266, 270, 271, 272, 336, 337, 338, 339, 340, 342, 344, 345, 348, 373, 374]	experiments/e149_final20_stoichiometry_v1/out_s4/ova_c4_iptm80_21g_c6/seed-1_sample-4/ova_c4_iptm80_21g_c6_seed-1_sample-4_summary_confidences.json	experiments/e149_final20_stoichiometry_v1/out_s4/ova_c4_iptm80_21g_c6/seed-1_sample-4/ova_c4_iptm80_21g_c6_seed-1_sample-4_model.cif
ova_c4_iptm80_21g_c6	seed-2_sample-0	6	0.29	0.4	85.09730579198333	nan	nan	0.31	0.0	12	6	1	0	357	357	0	0.27	0.16	20.155	"{""A-B"": 32, ""A-C"": 16, ""A-D"": 31, ""A-E"": 35, ""A-F"": 0, ""B-C"": 31, ""B-D"": 15, ""B-E"": 0, ""B-F"": 36, ""C-D"": 0, ""C-E"": 39, ""C-F"": 37, ""D-E"": 35, ""D-F"": 33, ""E-F"": 17}"	[64, 82, 83, 86, 87, 89, 90, 93, 94, 95, 96, 97, 98, 99, 101, 152, 153, 155, 156, 182, 183, 188, 190, 191, 192, 193, 195, 196, 197, 213, 217, 219, 237, 239, 270, 271, 272, 275, 276, 277, 278, 342, 343, 344, 345, 346, 347, 348, 349, 350, 351, 353, 354, 355, 356, 373, 374]	experiments/e149_final20_stoichiometry_v1/out_s4/ova_c4_iptm80_21g_c6/seed-2_sample-0/ova_c4_iptm80_21g_c6_seed-2_sample-0_summary_confidences.json	experiments/e149_final20_stoichiometry_v1/out_s4/ova_c4_iptm80_21g_c6/seed-2_sample-0/ova_c4_iptm80_21g_c6_seed-2_sample-0_model.cif
ova_c4_iptm80_21g_c6	seed-2_sample-1	6	0.29	0.4	84.48344571108645	nan	nan	0.31	0.0	12	6	1	0	384	384	0	0.27	0.16499999999999998	20.265	"{""A-B"": 11, ""A-C"": 22, ""A-D"": 43, ""A-E"": 46, ""A-F"": 0, ""B-C"": 43, ""B-D"": 23, ""B-E"": 0, ""B-F"": 49, ""C-D"": 0, ""C-E"": 18, ""C-F"": 43, ""D-E"": 47, ""D-F"": 14, ""E-F"": 25}"	[1, 2, 64, 77, 78, 82, 83, 86, 90, 93, 94, 95, 96, 97, 98, 99, 101, 151, 152, 153, 155, 156, 182, 183, 188, 190, 191, 192, 193, 194, 195, 196, 197, 208, 213, 215, 217, 237, 239, 266, 270, 271, 272, 273, 276, 277, 278, 342, 343, 344, 345, 346, 347, 348, 349, 350, 351, 353, 354, 355, 356, 373, 374]	experiments/e149_final20_stoichiometry_v1/out_s4/ova_c4_iptm80_21g_c6/seed-2_sample-1/ova_c4_iptm80_21g_c6_seed-2_sample-1_summary_confidences.json	experiments/e149_final20_stoichiometry_v1/out_s4/ova_c4_iptm80_21g_c6/seed-2_sample-1/ova_c4_iptm80_21g_c6_seed-2_sample-1_model.cif
ova_c4_iptm80_21g_c6	seed-2_sample-2	6	0.29	0.4	84.78134712159942	nan	nan	0.31	0.0	12	6	1	0	381	381	0	0.28	0.16	20.71	"{""A-B"": 40, ""A-C"": 16, ""A-D"": 34, ""A-E"": 40, ""A-F"": 0, ""B-C"": 35, ""B-D"": 16, ""B-E"": 0, ""B-F"": 38, ""C-D"": 0, ""C-E"": 36, ""C-F"": 37, ""D-E"": 35, ""D-F"": 35, ""E-F"": 19}"	[1, 64, 82, 83, 86, 90, 93, 94, 95, 96, 97, 98, 99, 101, 152, 153, 155, 156, 182, 183, 188, 190, 191, 192, 193, 194, 195, 196, 208, 213, 217, 237, 239, 266, 270, 271, 272, 275, 276, 277, 278, 342, 343, 344, 345, 346, 347, 348, 349, 350, 351, 353, 354, 355, 356, 373, 374, 375]	experiments/e149_final20_stoichiometry_v1/out_s4/ova_c4_iptm80_21g_c6/seed-2_sample-2/ova_c4_iptm80_21g_c6_seed-2_sample-2_summary_confidences.json	experiments/e149_final20_stoichiometry_v1/out_s4/ova_c4_iptm80_21g_c6/seed-2_sample-2/ova_c4_iptm80_21g_c6_seed-2_sample-2_model.cif
ova_c4_iptm80_21g_c6	seed-2_sample-3	6	0.29	0.4	85.09316046126766	nan	nan	0.31	0.0	12	6	1	0	386	386	0	0.27	0.16499999999999998	20.475	"{""A-B"": 39, ""A-C"": 10, ""A-D"": 37, ""A-E"": 43, ""A-F"": 0, ""B-C"": 37, ""B-D"": 11, ""B-E"": 0, ""B-F"": 42, ""C-D"": 0, ""C-E"": 32, ""C-F"": 42, ""D-E"": 44, ""D-F"": 37, ""E-F"": 12}"	[64, 82, 83, 86, 90, 93, 94, 95, 96, 97, 98, 99, 101, 152, 153, 155, 156, 182, 183, 190, 191, 192, 193, 194, 195, 196, 208, 213, 217, 237, 239, 271, 272, 275, 276, 277, 278, 342, 343, 344, 345, 346, 347, 348, 349, 350, 351, 353, 354, 355, 356, 373, 374]	experiments/e149_final20_stoichiometry_v1/out_s4/ova_c4_iptm80_21g_c6/seed-2_sample-3/ova_c4_iptm80_21g_c6_seed-2_sample-3_summary_confidences.json	experiments/e149_final20_stoichiometry_v1/out_s4/ova_c4_iptm80_21g_c6/seed-2_sample-3/ova_c4_iptm80_21g_c6_seed-2_sample-3_model.cif
ova_c4_iptm80_21g_c6	seed-2_sample-4	6	0.28	0.39	85.40113984735518	nan	nan	0.3	0.0	6	6	1	0	211	211	0	0.24	0.2	16.555	"{""A-B"": 31, ""A-C"": 1, ""A-D"": 39, ""A-E"": 0, ""A-F"": 0, ""B-C"": 0, ""B-D"": 1, ""B-E"": 38, ""B-F"": 1, ""C-D"": 31, ""C-E"": 0, ""C-F"": 38, ""D-E"": 0, ""D-F"": 0, ""E-F"": 31}"	[94, 95, 96, 97, 98, 99, 182, 184, 190, 191, 192, 193, 217, 236, 278, 337, 338, 340, 342, 343, 344, 345, 346, 347, 348, 349, 350, 351, 352, 353, 354, 355]	experiments/e149_final20_stoichiometry_v1/out_s4/ova_c4_iptm80_21g_c6/seed-2_sample-4/ova_c4_iptm80_21g_c6_seed-2_sample-4_summary_confidences.json	experiments/e149_final20_stoichiometry_v1/out_s4/ova_c4_iptm80_21g_c6/seed-2_sample-4/ova_c4_iptm80_21g_c6_seed-2_sample-4_model.cif
ova_c4_iptm80_21g_c6	seed-3_sample-0	6	0.36	0.46	85.2073055128977	nan	nan	0.38	0.0	12	6	1	0	287	287	0	0.43	0.20500000000000002	15.885000000000002	"{""A-B"": 10, ""A-C"": 25, ""A-D"": 37, ""A-E"": 0, ""A-F"": 24, ""B-C"": 0, ""B-D"": 25, ""B-E"": 25, ""B-F"": 33, ""C-D"": 11, ""C-E"": 38, ""C-F"": 24, ""D-E"": 25, ""D-F"": 0, ""E-F"": 10}"	[86, 87, 90, 96, 97, 144, 148, 151, 152, 154, 155, 156, 157, 159, 188, 190, 191, 192, 193, 195, 215, 216, 217, 271, 272, 278, 336, 337, 338, 339, 340, 342, 343, 344, 345, 346, 347, 348, 349, 350, 351, 353, 354, 355, 356, 373, 374]	experiments/e149_final20_stoichiometry_v1/out_s4/ova_c4_iptm80_21g_c6/seed-3_sample-0/ova_c4_iptm80_21g_c6_seed-3_sample-0_summary_confidences.json	experiments/e149_final20_stoichiometry_v1/out_s4/ova_c4_iptm80_21g_c6/seed-3_sample-0/ova_c4_iptm80_21g_c6_seed-3_sample-0_model.cif
ova_c4_iptm80_21g_c6	seed-3_sample-1	6	0.33	0.43	85.5208806942164	nan	nan	0.35	0.0	6	6	1	0	163	163	0	0.34	0.33	12.879999999999999	"{""A-B"": 11, ""A-C"": 0, ""A-D"": 39, ""A-E"": 0, ""A-F"": 0, ""B-C"": 0, ""B-D"": 0, ""B-E"": 0, ""B-F"": 40, ""C-D"": 15, ""C-E"": 42, ""C-F"": 0, ""D-E"": 0, ""D-F"": 0, ""E-F"": 16}"	[1, 64, 83, 86, 87, 90, 95, 96, 97, 98, 99, 151, 152, 155, 156, 182, 183, 184, 190, 191, 192, 193, 195, 196, 208, 210, 263, 266, 270, 271, 272, 337, 338, 345, 373, 374]	experiments/e149_final20_stoichiometry_v1/out_s4/ova_c4_iptm80_21g_c6/seed-3_sample-1/ova_c4_iptm80_21g_c6_seed-3_sample-1_summary_confidences.json	experiments/e149_final20_stoichiometry_v1/out_s4/ova_c4_iptm80_21g_c6/seed-3_sample-1/ova_c4_iptm80_21g_c6_seed-3_sample-1_model.cif
ova_c4_iptm80_21g_c6	seed-3_sample-2	6	0.31	0.42	86.27062167034248	nan	nan	0.33	0.0	6	6	1	0	183	183	0	0.31	0.315	13.17	"{""A-B"": 18, ""A-C"": 0, ""A-D"": 43, ""A-E"": 0, ""A-F"": 0, ""B-C"": 0, ""B-D"": 0, ""B-E"": 0, ""B-F"": 42, ""C-D"": 20, ""C-E"": 42, ""C-F"": 0, ""D-E"": 0, ""D-F"": 0, ""E-F"": 18}"	[1, 6, 64, 83, 86, 87, 90, 95, 96, 97, 98, 99, 155, 156, 182, 183, 184, 190, 191, 192, 193, 195, 196, 208, 262, 263, 266, 267, 271, 272, 337, 338, 340, 342, 344, 345, 373, 374]	experiments/e149_final20_stoichiometry_v1/out_s4/ova_c4_iptm80_21g_c6/seed-3_sample-2/ova_c4_iptm80_21g_c6_seed-3_sample-2_summary_confidences.json	experiments/e149_final20_stoichiometry_v1/out_s4/ova_c4_iptm80_21g_c6/seed-3_sample-2/ova_c4_iptm80_21g_c6_seed-3_sample-2_model.cif
ova_c4_iptm80_21g_c6	seed-3_sample-3	6	0.32	0.42	86.0259843935003	nan	nan	0.34	0.0	6	6	1	0	211	211	0	0.31	0.315	12.425	"{""A-B"": 23, ""A-C"": 0, ""A-D"": 51, ""A-E"": 0, ""A-F"": 0, ""B-C"": 0, ""B-D"": 0, ""B-E"": 0, ""B-F"": 46, ""C-D"": 20, ""C-E"": 50, ""C-F"": 0, ""D-E"": 0, ""D-F"": 0, ""E-F"": 21}"	[1, 64, 82, 83, 86, 87, 90, 94, 95, 96, 97, 98, 99, 151, 152, 155, 156, 157, 182, 183, 184, 190, 191, 192, 194, 195, 196, 208, 210, 263, 266, 267, 270, 271, 272, 337, 338, 344, 345, 373, 374]	experiments/e149_final20_stoichiometry_v1/out_s4/ova_c4_iptm80_21g_c6/seed-3_sample-3/ova_c4_iptm80_21g_c6_seed-3_sample-3_summary_confidences.json	experiments/e149_final20_stoichiometry_v1/out_s4/ova_c4_iptm80_21g_c6/seed-3_sample-3/ova_c4_iptm80_21g_c6_seed-3_sample-3_model.cif
ova_c4_iptm80_21g_c6	seed-3_sample-4	6	0.34	0.44	84.75204644672611	nan	nan	0.36	0.0	12	6	1	0	272	272	0	0.35	0.195	16.42	"{""A-B"": 20, ""A-C"": 14, ""A-D"": 42, ""A-E"": 0, ""A-F"": 16, ""B-C"": 0, ""B-D"": 15, ""B-E"": 16, ""B-F"": 41, ""C-D"": 19, ""C-E"": 43, ""C-F"": 14, ""D-E"": 14, ""D-F"": 0, ""E-F"": 18}"	[1, 64, 82, 83, 86, 87, 90, 94, 95, 96, 97, 151, 155, 156, 157, 159, 184, 188, 189, 191, 194, 216, 217, 263, 266, 270, 271, 272, 278, 287, 334, 336, 337, 338, 339, 340, 342, 345, 346, 348, 349, 350, 351, 354, 373, 374]	experiments/e149_final20_stoichiometry_v1/out_s4/ova_c4_iptm80_21g_c6/seed-3_sample-4/ova_c4_iptm80_21g_c6_seed-3_sample-4_summary_confidences.json	experiments/e149_final20_stoichiometry_v1/out_s4/ova_c4_iptm80_21g_c6/seed-3_sample-4/ova_c4_iptm80_21g_c6_seed-3_sample-4_model.cif
ova_c4_iptm80_21h_c1	seed-1_sample-0	1	0.0	0.92	91.41046623862469	nan	nan	0.92	0.0	0	1	0	0	0	0	0	0.0	nan	nan	{}	[]	experiments/e149_final20_stoichiometry_v1/out_s2/ova_c4_iptm80_21h_c1/seed-1_sample-0/ova_c4_iptm80_21h_c1_seed-1_sample-0_summary_confidences.json	experiments/e149_final20_stoichiometry_v1/out_s2/ova_c4_iptm80_21h_c1/seed-1_sample-0/ova_c4_iptm80_21h_c1_seed-1_sample-0_model.cif
ova_c4_iptm80_21h_c1	seed-1_sample-1	1	0.0	0.92	90.88336795352284	nan	nan	0.92	0.0	0	1	0	0	0	0	0	0.0	nan	nan	{}	[]	experiments/e149_final20_stoichiometry_v1/out_s2/ova_c4_iptm80_21h_c1/seed-1_sample-1/ova_c4_iptm80_21h_c1_seed-1_sample-1_summary_confidences.json	experiments/e149_final20_stoichiometry_v1/out_s2/ova_c4_iptm80_21h_c1/seed-1_sample-1/ova_c4_iptm80_21h_c1_seed-1_sample-1_model.cif
ova_c4_iptm80_21h_c1	seed-1_sample-2	1	0.0	0.92	91.0908290783976	nan	nan	0.92	0.0	0	1	0	0	0	0	0	0.0	nan	nan	{}	[]	experiments/e149_final20_stoichiometry_v1/out_s2/ova_c4_iptm80_21h_c1/seed-1_sample-2/ova_c4_iptm80_21h_c1_seed-1_sample-2_summary_confidences.json	experiments/e149_final20_stoichiometry_v1/out_s2/ova_c4_iptm80_21h_c1/seed-1_sample-2/ova_c4_iptm80_21h_c1_seed-1_sample-2_model.cif
ova_c4_iptm80_21h_c1	seed-1_sample-3	1	0.0	0.92	91.56880840242218	nan	nan	0.92	0.0	0	1	0	0	0	0	0	0.0	nan	nan	{}	[]	experiments/e149_final20_stoichiometry_v1/out_s2/ova_c4_iptm80_21h_c1/seed-1_sample-3/ova_c4_iptm80_21h_c1_seed-1_sample-3_summary_confidences.json	experiments/e149_final20_stoichiometry_v1/out_s2/ova_c4_iptm80_21h_c1/seed-1_sample-3/ova_c4_iptm80_21h_c1_seed-1_sample-3_model.cif
ova_c4_iptm80_21h_c1	seed-1_sample-4	1	0.0	0.92	91.08139885027792	nan	nan	0.92	0.0	0	1	0	0	0	0	0	0.0	nan	nan	{}	[]	experiments/e149_final20_stoichiometry_v1/out_s2/ova_c4_iptm80_21h_c1/seed-1_sample-4/ova_c4_iptm80_21h_c1_seed-1_sample-4_summary_confidences.json	experiments/e149_final20_stoichiometry_v1/out_s2/ova_c4_iptm80_21h_c1/seed-1_sample-4/ova_c4_iptm80_21h_c1_seed-1_sample-4_model.cif
ova_c4_iptm80_21h_c1	seed-2_sample-0	1	0.0	0.92	91.12121736200362	nan	nan	0.92	0.0	0	1	0	0	0	0	0	0.0	nan	nan	{}	[]	experiments/e149_final20_stoichiometry_v1/out_s2/ova_c4_iptm80_21h_c1/seed-2_sample-0/ova_c4_iptm80_21h_c1_seed-2_sample-0_summary_confidences.json	experiments/e149_final20_stoichiometry_v1/out_s2/ova_c4_iptm80_21h_c1/seed-2_sample-0/ova_c4_iptm80_21h_c1_seed-2_sample-0_model.cif
ova_c4_iptm80_21h_c1	seed-2_sample-1	1	0.0	0.92	91.59756466761772	nan	nan	0.92	0.0	0	1	0	0	0	0	0	0.0	nan	nan	{}	[]	experiments/e149_final20_stoichiometry_v1/out_s2/ova_c4_iptm80_21h_c1/seed-2_sample-1/ova_c4_iptm80_21h_c1_seed-2_sample-1_summary_confidences.json	experiments/e149_final20_stoichiometry_v1/out_s2/ova_c4_iptm80_21h_c1/seed-2_sample-1/ova_c4_iptm80_21h_c1_seed-2_sample-1_model.cif
ova_c4_iptm80_21h_c1	seed-2_sample-2	1	0.0	0.92	91.3805181473648	nan	nan	0.92	0.0	0	1	0	0	0	0	0	0.0	nan	nan	{}	[]	experiments/e149_final20_stoichiometry_v1/out_s2/ova_c4_iptm80_21h_c1/seed-2_sample-2/ova_c4_iptm80_21h_c1_seed-2_sample-2_summary_confidences.json	experiments/e149_final20_stoichiometry_v1/out_s2/ova_c4_iptm80_21h_c1/seed-2_sample-2/ova_c4_iptm80_21h_c1_seed-2_sample-2_model.cif
ova_c4_iptm80_21h_c1	seed-2_sample-3	1	0.0	0.92	91.50810882093992	nan	nan	0.92	0.0	0	1	0	0	0	0	0	0.0	nan	nan	{}	[]	experiments/e149_final20_stoichiometry_v1/out_s2/ova_c4_iptm80_21h_c1/seed-2_sample-3/ova_c4_iptm80_21h_c1_seed-2_sample-3_summary_confidences.json	experiments/e149_final20_stoichiometry_v1/out_s2/ova_c4_iptm80_21h_c1/seed-2_sample-3/ova_c4_iptm80_21h_c1_seed-2_sample-3_model.cif
ova_c4_iptm80_21h_c1	seed-2_sample-4	1	0.0	0.92	91.42414492276049	nan	nan	0.92	0.0	0	1	0	0	0	0	0	0.0	nan	nan	{}	[]	experiments/e149_final20_stoichiometry_v1/out_s2/ova_c4_iptm80_21h_c1/seed-2_sample-4/ova_c4_iptm80_21h_c1_seed-2_sample-4_summary_confidences.json	experiments/e149_final20_stoichiometry_v1/out_s2/ova_c4_iptm80_21h_c1/seed-2_sample-4/ova_c4_iptm80_21h_c1_seed-2_sample-4_model.cif
ova_c4_iptm80_21h_c1	seed-3_sample-0	1	0.0	0.92	91.14722791483983	nan	nan	0.92	0.0	0	1	0	0	0	0	0	0.0	nan	nan	{}	[]	experiments/e149_final20_stoichiometry_v1/out_s2/ova_c4_iptm80_21h_c1/seed-3_sample-0/ova_c4_iptm80_21h_c1_seed-3_sample-0_summary_confidences.json	experiments/e149_final20_stoichiometry_v1/out_s2/ova_c4_iptm80_21h_c1/seed-3_sample-0/ova_c4_iptm80_21h_c1_seed-3_sample-0_model.cif
ova_c4_iptm80_21h_c1	seed-3_sample-1	1	0.0	0.92	91.27585478273699	nan	nan	0.92	0.0	0	1	0	0	0	0	0	0.0	nan	nan	{}	[]	experiments/e149_final20_stoichiometry_v1/out_s2/ova_c4_iptm80_21h_c1/seed-3_sample-1/ova_c4_iptm80_21h_c1_seed-3_sample-1_summary_confidences.json	experiments/e149_final20_stoichiometry_v1/out_s2/ova_c4_iptm80_21h_c1/seed-3_sample-1/ova_c4_iptm80_21h_c1_seed-3_sample-1_model.cif
ova_c4_iptm80_21h_c1	seed-3_sample-2	1	0.0	0.92	91.21888596529787	nan	nan	0.92	0.0	0	1	0	0	0	0	0	0.0	nan	nan	{}	[]	experiments/e149_final20_stoichiometry_v1/out_s2/ova_c4_iptm80_21h_c1/seed-3_sample-2/ova_c4_iptm80_21h_c1_seed-3_sample-2_summary_confidences.json	experiments/e149_final20_stoichiometry_v1/out_s2/ova_c4_iptm80_21h_c1/seed-3_sample-2/ova_c4_iptm80_21h_c1_seed-3_sample-2_model.cif
ova_c4_iptm80_21h_c1	seed-3_sample-3	1	0.0	0.92	91.08512972303005	nan	nan	0.92	0.0	0	1	0	0	0	0	0	0.0	nan	nan	{}	[]	experiments/e149_final20_stoichiometry_v1/out_s2/ova_c4_iptm80_21h_c1/seed-3_sample-3/ova_c4_iptm80_21h_c1_seed-3_sample-3_summary_confidences.json	experiments/e149_final20_stoichiometry_v1/out_s2/ova_c4_iptm80_21h_c1/seed-3_sample-3/ova_c4_iptm80_21h_c1_seed-3_sample-3_model.cif
ova_c4_iptm80_21h_c1	seed-3_sample-4	1	0.0	0.92	91.17720202707874	nan	nan	0.92	0.0	0	1	0	0	0	0	0	0.0	nan	nan	{}	[]	experiments/e149_final20_stoichiometry_v1/out_s2/ova_c4_iptm80_21h_c1/seed-3_sample-4/ova_c4_iptm80_21h_c1_seed-3_sample-4_summary_confidences.json	experiments/e149_final20_stoichiometry_v1/out_s2/ova_c4_iptm80_21h_c1/seed-3_sample-4/ova_c4_iptm80_21h_c1_seed-3_sample-4_model.cif
ova_c4_iptm80_21h_c2	seed-1_sample-0	2	0.21	0.57	88.02639904911653	nan	nan	0.29	0.0	1	2	1	0	66	66	0	0.21	0.21	20.21	"{""A-B"": 66}"	[94, 95, 96, 97, 98, 99, 148, 151, 152, 153, 154, 155, 156, 157, 182, 183, 184, 191, 192, 194, 195, 196, 207, 208, 209, 210, 336, 337, 338, 344]	experiments/e149_final20_stoichiometry_v1/out_s0/ova_c4_iptm80_21h_c2/seed-1_sample-0/ova_c4_iptm80_21h_c2_seed-1_sample-0_summary_confidences.json	experiments/e149_final20_stoichiometry_v1/out_s0/ova_c4_iptm80_21h_c2/seed-1_sample-0/ova_c4_iptm80_21h_c2_seed-1_sample-0_model.cif
ova_c4_iptm80_21h_c2	seed-1_sample-1	2	0.22	0.57	88.5023057670791	nan	nan	0.29	0.0	1	2	1	0	76	76	0	0.22	0.22	20.47	"{""A-B"": 76}"	[94, 95, 96, 97, 98, 99, 151, 152, 153, 154, 155, 156, 157, 182, 183, 184, 190, 191, 192, 193, 194, 195, 196, 208, 209, 210, 336, 337, 338, 340, 342, 344, 345]	experiments/e149_final20_stoichiometry_v1/out_s0/ova_c4_iptm80_21h_c2/seed-1_sample-1/ova_c4_iptm80_21h_c2_seed-1_sample-1_summary_confidences.json	experiments/e149_final20_stoichiometry_v1/out_s0/ova_c4_iptm80_21h_c2/seed-1_sample-1/ova_c4_iptm80_21h_c2_seed-1_sample-1_model.cif
ova_c4_iptm80_21h_c2	seed-1_sample-2	2	0.23	0.58	88.30484452519391	nan	nan	0.3	0.0	1	2	1	0	94	94	0	0.23	0.23	21.04	"{""A-B"": 94}"	[92, 94, 95, 96, 99, 134, 138, 140, 141, 144, 145, 147, 148, 149, 151, 152, 153, 155, 156, 182, 183, 184, 188, 189, 190, 191, 192, 334, 336, 337, 338, 339, 340, 342, 344, 345]	experiments/e149_final20_stoichiometry_v1/out_s0/ova_c4_iptm80_21h_c2/seed-1_sample-2/ova_c4_iptm80_21h_c2_seed-1_sample-2_summary_confidences.json	experiments/e149_final20_stoichiometry_v1/out_s0/ova_c4_iptm80_21h_c2/seed-1_sample-2/ova_c4_iptm80_21h_c2_seed-1_sample-2_model.cif
ova_c4_iptm80_21h_c2	seed-1_sample-3	2	0.23	0.58	88.43665810817264	nan	nan	0.3	0.0	1	2	1	0	92	92	0	0.23	0.23	20.63	"{""A-B"": 92}"	[92, 94, 95, 96, 99, 134, 138, 141, 144, 145, 147, 148, 149, 151, 152, 154, 155, 156, 159, 160, 182, 183, 184, 188, 190, 191, 192, 336, 337, 338, 339, 340, 342, 344, 345, 348]	experiments/e149_final20_stoichiometry_v1/out_s0/ova_c4_iptm80_21h_c2/seed-1_sample-3/ova_c4_iptm80_21h_c2_seed-1_sample-3_summary_confidences.json	experiments/e149_final20_stoichiometry_v1/out_s0/ova_c4_iptm80_21h_c2/seed-1_sample-3/ova_c4_iptm80_21h_c2_seed-1_sample-3_model.cif
ova_c4_iptm80_21h_c2	seed-1_sample-4	2	0.21	0.56	88.5364765503246	nan	nan	0.28	0.0	1	2	1	0	62	62	0	0.21	0.21	20.47	"{""A-B"": 62}"	[94, 95, 96, 97, 98, 99, 151, 152, 154, 155, 156, 157, 182, 183, 184, 190, 191, 192, 193, 194, 195, 196, 208, 209, 210, 337, 338, 345]	experiments/e149_final20_stoichiometry_v1/out_s0/ova_c4_iptm80_21h_c2/seed-1_sample-4/ova_c4_iptm80_21h_c2_seed-1_sample-4_summary_confidences.json	experiments/e149_final20_stoichiometry_v1/out_s0/ova_c4_iptm80_21h_c2/seed-1_sample-4/ova_c4_iptm80_21h_c2_seed-1_sample-4_model.cif
ova_c4_iptm80_21h_c2	seed-2_sample-0	2	0.25	0.59	88.5091710461236	nan	nan	0.32	0.0	1	2	1	0	92	92	0	0.25	0.25	19.43	"{""A-B"": 92}"	[92, 94, 95, 96, 99, 101, 141, 144, 145, 147, 148, 149, 151, 152, 153, 154, 155, 156, 159, 160, 182, 183, 184, 185, 188, 190, 191, 192, 236, 334, 336, 337, 338, 339, 340, 342, 344, 347]	experiments/e149_final20_stoichiometry_v1/out_s0/ova_c4_iptm80_21h_c2/seed-2_sample-0/ova_c4_iptm80_21h_c2_seed-2_sample-0_summary_confidences.json	experiments/e149_final20_stoichiometry_v1/out_s0/ova_c4_iptm80_21h_c2/seed-2_sample-0/ova_c4_iptm80_21h_c2_seed-2_sample-0_model.cif
ova_c4_iptm80_21h_c2	seed-2_sample-1	2	0.24	0.58	88.32715012743066	nan	nan	0.3	0.0	1	2	1	0	72	72	0	0.24	0.24	20.19	"{""A-B"": 72}"	[94, 95, 96, 99, 141, 144, 145, 147, 148, 149, 151, 152, 155, 156, 159, 182, 183, 184, 188, 190, 191, 192, 336, 337, 338, 339, 340, 342, 344]	experiments/e149_final20_stoichiometry_v1/out_s0/ova_c4_iptm80_21h_c2/seed-2_sample-1/ova_c4_iptm80_21h_c2_seed-2_sample-1_summary_confidences.json	experiments/e149_final20_stoichiometry_v1/out_s0/ova_c4_iptm80_21h_c2/seed-2_sample-1/ova_c4_iptm80_21h_c2_seed-2_sample-1_model.cif
ova_c4_iptm80_21h_c2	seed-2_sample-2	2	0.23	0.57	88.31277203930475	nan	nan	0.3	0.0	1	2	1	0	67	67	0	0.23	0.23	20.1	"{""A-B"": 67}"	[94, 95, 96, 97, 98, 99, 148, 151, 152, 153, 154, 155, 156, 157, 182, 183, 184, 190, 191, 192, 194, 195, 196, 207, 208, 209, 210, 336, 337, 338, 344, 345]	experiments/e149_final20_stoichiometry_v1/out_s0/ova_c4_iptm80_21h_c2/seed-2_sample-2/ova_c4_iptm80_21h_c2_seed-2_sample-2_summary_confidences.json	experiments/e149_final20_stoichiometry_v1/out_s0/ova_c4_iptm80_21h_c2/seed-2_sample-2/ova_c4_iptm80_21h_c2_seed-2_sample-2_model.cif
ova_c4_iptm80_21h_c2	seed-2_sample-3	2	0.13	0.53	87.79103623029482	nan	nan	0.21	0.0	1	2	1	0	60	60	0	0.13	0.13	20.59	"{""A-B"": 60}"	[93, 94, 96, 97, 99, 101, 152, 153, 155, 156, 157, 182, 184, 188, 190, 191, 192, 236, 334, 336, 337, 338, 339, 340, 341, 342, 343, 344, 345, 347, 348]	experiments/e149_final20_stoichiometry_v1/out_s0/ova_c4_iptm80_21h_c2/seed-2_sample-3/ova_c4_iptm80_21h_c2_seed-2_sample-3_summary_confidences.json	experiments/e149_final20_stoichiometry_v1/out_s0/ova_c4_iptm80_21h_c2/seed-2_sample-3/ova_c4_iptm80_21h_c2_seed-2_sample-3_model.cif
ova_c4_iptm80_21h_c2	seed-2_sample-4	2	0.19	0.56	88.19176160980383	nan	nan	0.26	0.0	1	2	1	0	54	54	0	0.19	0.19	21.39	"{""A-B"": 54}"	[94, 95, 96, 97, 98, 99, 151, 152, 154, 155, 156, 157, 182, 184, 190, 191, 192, 194, 195, 196, 208, 209, 210, 338, 344, 345]	experiments/e149_final20_stoichiometry_v1/out_s0/ova_c4_iptm80_21h_c2/seed-2_sample-4/ova_c4_iptm80_21h_c2_seed-2_sample-4_summary_confidences.json	experiments/e149_final20_stoichiometry_v1/out_s0/ova_c4_iptm80_21h_c2/seed-2_sample-4/ova_c4_iptm80_21h_c2_seed-2_sample-4_model.cif
ova_c4_iptm80_21h_c2	seed-3_sample-0	2	0.19	0.56	87.59569943877699	nan	nan	0.27	0.0	1	2	1	0	100	100	0	0.19	0.19	22.57	"{""A-B"": 100}"	[94, 95, 96, 99, 101, 134, 138, 141, 142, 144, 145, 147, 148, 149, 151, 152, 154, 155, 156, 159, 160, 182, 183, 184, 185, 188, 190, 191, 192, 236, 334, 336, 337, 338, 339, 340, 342, 344, 345, 348]	experiments/e149_final20_stoichiometry_v1/out_s0/ova_c4_iptm80_21h_c2/seed-3_sample-0/ova_c4_iptm80_21h_c2_seed-3_sample-0_summary_confidences.json	experiments/e149_final20_stoichiometry_v1/out_s0/ova_c4_iptm80_21h_c2/seed-3_sample-0/ova_c4_iptm80_21h_c2_seed-3_sample-0_model.cif
ova_c4_iptm80_21h_c2	seed-3_sample-1	2	0.19	0.56	87.54639904239635	nan	nan	0.26	0.0	1	2	1	0	41	41	0	0.19	0.19	22.37	"{""A-B"": 41}"	[86, 87, 89, 90, 95, 96, 97, 217, 219, 234, 237, 238, 239, 270, 271, 272, 276, 278, 341, 371, 372, 373, 374]	experiments/e149_final20_stoichiometry_v1/out_s0/ova_c4_iptm80_21h_c2/seed-3_sample-1/ova_c4_iptm80_21h_c2_seed-3_sample-1_summary_confidences.json	experiments/e149_final20_stoichiometry_v1/out_s0/ova_c4_iptm80_21h_c2/seed-3_sample-1/ova_c4_iptm80_21h_c2_seed-3_sample-1_model.cif
ova_c4_iptm80_21h_c2	seed-3_sample-2	2	0.18	0.55	87.71507760280154	nan	nan	0.25	0.0	1	2	1	0	63	63	0	0.18	0.18	22.94	"{""A-B"": 63}"	[94, 95, 96, 97, 98, 99, 148, 151, 152, 153, 154, 155, 156, 157, 182, 184, 190, 191, 192, 193, 194, 195, 196, 207, 208, 209, 210, 337, 338]	experiments/e149_final20_stoichiometry_v1/out_s0/ova_c4_iptm80_21h_c2/seed-3_sample-2/ova_c4_iptm80_21h_c2_seed-3_sample-2_summary_confidences.json	experiments/e149_final20_stoichiometry_v1/out_s0/ova_c4_iptm80_21h_c2/seed-3_sample-2/ova_c4_iptm80_21h_c2_seed-3_sample-2_model.cif
ova_c4_iptm80_21h_c2	seed-3_sample-3	2	0.19	0.56	87.72968915830621	nan	nan	0.27	0.0	1	2	1	0	76	76	0	0.19	0.19	22.53	"{""A-B"": 76}"	[94, 95, 96, 97, 98, 99, 148, 151, 152, 153, 154, 155, 156, 157, 182, 183, 184, 190, 191, 192, 193, 194, 195, 196, 207, 208, 209, 210, 336, 337, 338, 345]	experiments/e149_final20_stoichiometry_v1/out_s0/ova_c4_iptm80_21h_c2/seed-3_sample-3/ova_c4_iptm80_21h_c2_seed-3_sample-3_summary_confidences.json	experiments/e149_final20_stoichiometry_v1/out_s0/ova_c4_iptm80_21h_c2/seed-3_sample-3/ova_c4_iptm80_21h_c2_seed-3_sample-3_model.cif
ova_c4_iptm80_21h_c2	seed-3_sample-4	2	0.17	0.55	87.7518393462186	nan	nan	0.25	0.0	1	2	1	0	59	59	0	0.17	0.17	22.99	"{""A-B"": 59}"	[94, 95, 96, 97, 98, 99, 151, 152, 154, 155, 156, 157, 182, 183, 184, 190, 191, 192, 194, 195, 196, 208, 209, 210, 337, 338]	experiments/e149_final20_stoichiometry_v1/out_s0/ova_c4_iptm80_21h_c2/seed-3_sample-4/ova_c4_iptm80_21h_c2_seed-3_sample-4_summary_confidences.json	experiments/e149_final20_stoichiometry_v1/out_s0/ova_c4_iptm80_21h_c2/seed-3_sample-4/ova_c4_iptm80_21h_c2_seed-3_sample-4_model.cif
ova_c4_iptm80_21h_c3	seed-1_sample-0	3	0.15	0.41	86.11702083923656	nan	nan	0.2	0.0	3	3	1	0	113	113	0	0.12	0.12	25.8	"{""A-B"": 38, ""A-C"": 40, ""B-C"": 35}"	[73, 94, 95, 96, 110, 114, 116, 119, 120, 123, 124, 131, 132, 133, 134, 138, 141, 144, 145, 147, 148, 149, 151, 152, 153, 187, 217, 270, 271, 272, 275, 276, 278, 340, 341, 342, 343, 344, 346, 349, 350, 351, 354, 372, 373]	experiments/e149_final20_stoichiometry_v1/out_s2/ova_c4_iptm80_21h_c3/seed-1_sample-0/ova_c4_iptm80_21h_c3_seed-1_sample-0_summary_confidences.json	experiments/e149_final20_stoichiometry_v1/out_s2/ova_c4_iptm80_21h_c3/seed-1_sample-0/ova_c4_iptm80_21h_c3_seed-1_sample-0_model.cif
ova_c4_iptm80_21h_c3	seed-1_sample-1	3	0.19	0.43	86.48520725625784	nan	nan	0.24	0.0	3	3	1	0	94	94	0	0.13	0.13	20.67	"{""A-B"": 34, ""A-C"": 19, ""B-C"": 41}"	[94, 95, 96, 97, 98, 99, 155, 156, 182, 183, 184, 186, 187, 190, 191, 192, 193, 195, 196, 210, 216, 217, 218, 234, 236, 237, 238, 275, 276, 278, 334, 336, 337, 338, 339, 340, 341, 342, 343, 344, 345, 346, 347, 348, 349, 350, 351, 352, 354]	experiments/e149_final20_stoichiometry_v1/out_s2/ova_c4_iptm80_21h_c3/seed-1_sample-1/ova_c4_iptm80_21h_c3_seed-1_sample-1_summary_confidences.json	experiments/e149_final20_stoichiometry_v1/out_s2/ova_c4_iptm80_21h_c3/seed-1_sample-1/ova_c4_iptm80_21h_c3_seed-1_sample-1_model.cif
ova_c4_iptm80_21h_c3	seed-1_sample-2	3	0.15	0.41	85.90067360438213	nan	nan	0.2	0.0	3	3	1	0	192	192	0	0.12	0.12	26.05	"{""A-B"": 62, ""A-C"": 63, ""B-C"": 67}"	[1, 2, 77, 89, 92, 93, 94, 95, 96, 97, 110, 114, 116, 119, 122, 123, 124, 127, 128, 129, 130, 131, 132, 133, 141, 144, 145, 148, 149, 151, 152, 155, 156, 159, 187, 216, 217, 236, 237, 238, 239, 270, 271, 272, 275, 276, 277, 278, 340, 341, 345, 346, 349, 350, 354, 372, 373]	experiments/e149_final20_stoichiometry_v1/out_s2/ova_c4_iptm80_21h_c3/seed-1_sample-2/ova_c4_iptm80_21h_c3_seed-1_sample-2_summary_confidences.json	experiments/e149_final20_stoichiometry_v1/out_s2/ova_c4_iptm80_21h_c3/seed-1_sample-2/ova_c4_iptm80_21h_c3_seed-1_sample-2_model.cif
ova_c4_iptm80_21h_c3	seed-1_sample-3	3	0.17	0.43	86.6985233978904	nan	nan	0.22	0.0	3	3	1	0	86	86	0	0.13	0.13	21.18	"{""A-B"": 23, ""A-C"": 13, ""B-C"": 50}"	[93, 94, 95, 96, 97, 99, 184, 186, 188, 190, 191, 192, 193, 217, 234, 236, 237, 238, 239, 241, 271, 276, 338, 339, 340, 341, 342, 343, 344, 345, 346, 347, 348, 349, 351, 354, 372, 373]	experiments/e149_final20_stoichiometry_v1/out_s2/ova_c4_iptm80_21h_c3/seed-1_sample-3/ova_c4_iptm80_21h_c3_seed-1_sample-3_summary_confidences.json	experiments/e149_final20_stoichiometry_v1/out_s2/ova_c4_iptm80_21h_c3/seed-1_sample-3/ova_c4_iptm80_21h_c3_seed-1_sample-3_model.cif
ova_c4_iptm80_21h_c3	seed-1_sample-4	3	0.19	0.44	86.884533709195	nan	nan	0.24	0.0	3	3	1	0	103	103	0	0.16	0.16	21.78	"{""A-B"": 34, ""A-C"": 34, ""B-C"": 35}"	[94, 95, 96, 97, 98, 99, 101, 149, 152, 153, 154, 155, 182, 183, 184, 190, 191, 192, 193, 194, 195, 196, 208, 210, 213, 342, 343, 344]	experiments/e149_final20_stoichiometry_v1/out_s2/ova_c4_iptm80_21h_c3/seed-1_sample-4/ova_c4_iptm80_21h_c3_seed-1_sample-4_summary_confidences.json	experiments/e149_final20_stoichiometry_v1/out_s2/ova_c4_iptm80_21h_c3/seed-1_sample-4/ova_c4_iptm80_21h_c3_seed-1_sample-4_model.cif
ova_c4_iptm80_21h_c3	seed-2_sample-0	3	0.16	0.42	86.83536269627704	nan	nan	0.21	0.0	3	3	1	0	145	145	0	0.13	0.13	20.14	"{""A-B"": 48, ""A-C"": 48, ""B-C"": 49}"	[93, 94, 95, 96, 99, 155, 184, 186, 188, 191, 192, 216, 217, 219, 232, 234, 241, 271, 272, 276, 278, 338, 339, 340, 341, 342, 343, 344, 345, 346, 347, 350, 351, 354, 372, 373, 375]	experiments/e149_final20_stoichiometry_v1/out_s2/ova_c4_iptm80_21h_c3/seed-2_sample-0/ova_c4_iptm80_21h_c3_seed-2_sample-0_summary_confidences.json	experiments/e149_final20_stoichiometry_v1/out_s2/ova_c4_iptm80_21h_c3/seed-2_sample-0/ova_c4_iptm80_21h_c3_seed-2_sample-0_model.cif
ova_c4_iptm80_21h_c3	seed-2_sample-1	3	0.18	0.43	86.98417096310946	nan	nan	0.23	0.0	3	3	1	0	92	92	0	0.13	0.13	20.18	"{""A-B"": 49, ""A-C"": 20, ""B-C"": 23}"	[94, 95, 96, 97, 98, 99, 182, 184, 190, 191, 192, 193, 236, 237, 238, 239, 338, 339, 340, 341, 342, 343, 344, 345, 346, 347, 349, 350]	experiments/e149_final20_stoichiometry_v1/out_s2/ova_c4_iptm80_21h_c3/seed-2_sample-1/ova_c4_iptm80_21h_c3_seed-2_sample-1_summary_confidences.json	experiments/e149_final20_stoichiometry_v1/out_s2/ova_c4_iptm80_21h_c3/seed-2_sample-1/ova_c4_iptm80_21h_c3_seed-2_sample-1_model.cif
ova_c4_iptm80_21h_c3	seed-2_sample-2	3	0.16	0.42	86.37075131668328	nan	nan	0.21	0.0	3	3	1	0	130	130	0	0.13	0.13	20.17	"{""A-B"": 43, ""A-C"": 43, ""B-C"": 44}"	[94, 95, 96, 99, 155, 184, 188, 190, 191, 192, 193, 215, 216, 217, 219, 232, 234, 241, 270, 271, 272, 274, 276, 278, 338, 339, 340, 341, 342, 343, 344, 345, 346, 347, 348, 350, 351, 354, 372]	experiments/e149_final20_stoichiometry_v1/out_s2/ova_c4_iptm80_21h_c3/seed-2_sample-2/ova_c4_iptm80_21h_c3_seed-2_sample-2_summary_confidences.json	experiments/e149_final20_stoichiometry_v1/out_s2/ova_c4_iptm80_21h_c3/seed-2_sample-2/ova_c4_iptm80_21h_c3_seed-2_sample-2_model.cif
ova_c4_iptm80_21h_c3	seed-2_sample-3	3	0.17	0.43	86.52341963219519	nan	nan	0.22	0.0	3	3	1	0	77	77	0	0.13	0.13	21.1	"{""A-B"": 30, ""A-C"": 32, ""B-C"": 15}"	[94, 95, 96, 97, 98, 99, 155, 182, 184, 187, 190, 191, 192, 193, 196, 215, 216, 217, 218, 238, 276, 278, 338, 340, 341, 342, 343, 344, 345, 346, 347, 348, 349, 350, 351, 353, 354]	experiments/e149_final20_stoichiometry_v1/out_s2/ova_c4_iptm80_21h_c3/seed-2_sample-3/ova_c4_iptm80_21h_c3_seed-2_sample-3_summary_confidences.json	experiments/e149_final20_stoichiometry_v1/out_s2/ova_c4_iptm80_21h_c3/seed-2_sample-3/ova_c4_iptm80_21h_c3_seed-2_sample-3_model.cif
ova_c4_iptm80_21h_c3	seed-2_sample-4	3	0.15	0.41	86.42593263220911	nan	nan	0.2	0.0	3	3	1	0	123	123	0	0.12	0.12	23.19	"{""A-B"": 41, ""A-C"": 41, ""B-C"": 41}"	[90, 93, 94, 95, 96, 97, 98, 99, 101, 144, 145, 148, 149, 151, 152, 153, 155, 156, 159, 182, 184, 186, 191, 217, 219, 234, 236, 237, 238, 239, 271, 272, 276, 334, 336, 338, 340, 341, 342, 372]	experiments/e149_final20_stoichiometry_v1/out_s2/ova_c4_iptm80_21h_c3/seed-2_sample-4/ova_c4_iptm80_21h_c3_seed-2_sample-4_summary_confidences.json	experiments/e149_final20_stoichiometry_v1/out_s2/ova_c4_iptm80_21h_c3/seed-2_sample-4/ova_c4_iptm80_21h_c3_seed-2_sample-4_model.cif
ova_c4_iptm80_21h_c3	seed-3_sample-0	3	0.17	0.43	86.18735750722144	nan	nan	0.22	0.0	3	3	1	0	104	104	0	0.14	0.14	19.4	"{""A-B"": 37, ""A-C"": 32, ""B-C"": 35}"	[96, 97, 99, 155, 182, 184, 186, 188, 191, 194, 210, 217, 234, 236, 238, 275, 276, 277, 285, 336, 337, 338, 339, 340, 341, 342, 343, 344, 345, 346, 347, 349]	experiments/e149_final20_stoichiometry_v1/out_s2/ova_c4_iptm80_21h_c3/seed-3_sample-0/ova_c4_iptm80_21h_c3_seed-3_sample-0_summary_confidences.json	experiments/e149_final20_stoichiometry_v1/out_s2/ova_c4_iptm80_21h_c3/seed-3_sample-0/ova_c4_iptm80_21h_c3_seed-3_sample-0_model.cif
ova_c4_iptm80_21h_c3	seed-3_sample-1	3	0.17	0.43	86.6131865941181	nan	nan	0.22	0.0	3	3	1	0	73	73	0	0.14	0.14	22.34	"{""A-B"": 25, ""A-C"": 25, ""B-C"": 23}"	[96, 97, 99, 152, 155, 156, 157, 182, 184, 188, 192, 193, 195, 196, 197, 198, 206, 207, 208, 213, 338, 339, 341, 342, 345, 352]	experiments/e149_final20_stoichiometry_v1/out_s2/ova_c4_iptm80_21h_c3/seed-3_sample-1/ova_c4_iptm80_21h_c3_seed-3_sample-1_summary_confidences.json	experiments/e149_final20_stoichiometry_v1/out_s2/ova_c4_iptm80_21h_c3/seed-3_sample-1/ova_c4_iptm80_21h_c3_seed-3_sample-1_model.cif
ova_c4_iptm80_21h_c3	seed-3_sample-2	3	0.19	0.44	86.82033684093099	nan	nan	0.24	0.0	3	3	1	0	119	119	0	0.16	0.16	21.76	"{""A-B"": 40, ""A-C"": 40, ""B-C"": 39}"	[94, 95, 96, 97, 98, 99, 101, 149, 152, 153, 154, 155, 182, 183, 184, 190, 191, 192, 193, 194, 195, 196, 208, 210, 213, 237, 342, 343, 344, 345, 348]	experiments/e149_final20_stoichiometry_v1/out_s2/ova_c4_iptm80_21h_c3/seed-3_sample-2/ova_c4_iptm80_21h_c3_seed-3_sample-2_summary_confidences.json	experiments/e149_final20_stoichiometry_v1/out_s2/ova_c4_iptm80_21h_c3/seed-3_sample-2/ova_c4_iptm80_21h_c3_seed-3_sample-2_model.cif
ova_c4_iptm80_21h_c3	seed-3_sample-3	3	0.18	0.43	86.4018653217375	nan	nan	0.23	0.0	3	3	1	0	114	114	0	0.14	0.14	20.65	"{""A-B"": 37, ""A-C"": 49, ""B-C"": 28}"	[93, 94, 95, 96, 97, 98, 99, 182, 183, 184, 188, 190, 191, 192, 193, 217, 236, 237, 238, 239, 271, 276, 337, 338, 339, 340, 341, 342, 343, 344, 345, 346, 347, 348, 349, 350, 351, 354]	experiments/e149_final20_stoichiometry_v1/out_s2/ova_c4_iptm80_21h_c3/seed-3_sample-3/ova_c4_iptm80_21h_c3_seed-3_sample-3_summary_confidences.json	experiments/e149_final20_stoichiometry_v1/out_s2/ova_c4_iptm80_21h_c3/seed-3_sample-3/ova_c4_iptm80_21h_c3_seed-3_sample-3_model.cif
ova_c4_iptm80_21h_c3	seed-3_sample-4	3	0.19	0.44	86.1032383478985	nan	nan	0.24	0.0	3	3	1	0	85	85	0	0.15	0.15	20.16	"{""A-B"": 40, ""A-C"": 32, ""B-C"": 13}"	[96, 97, 148, 151, 152, 155, 156, 184, 188, 190, 191, 192, 194, 217, 276, 278, 334, 336, 337, 338, 340, 341, 342, 343, 344, 345, 346, 347, 348, 349, 350, 351, 354]	experiments/e149_final20_stoichiometry_v1/out_s2/ova_c4_iptm80_21h_c3/seed-3_sample-4/ova_c4_iptm80_21h_c3_seed-3_sample-4_summary_confidences.json	experiments/e149_final20_stoichiometry_v1/out_s2/ova_c4_iptm80_21h_c3/seed-3_sample-4/ova_c4_iptm80_21h_c3_seed-3_sample-4_model.cif
ova_c4_iptm80_21h_c5	seed-1_sample-0	5	0.44	0.54	86.25031100653614	nan	nan	0.46	0.0	9	5	1	0	230	230	0	0.11	0.4	13.31	"{""A-B"": 42, ""A-C"": 42, ""A-D"": 13, ""A-E"": 18, ""B-C"": 12, ""B-D"": 45, ""B-E"": 12, ""C-D"": 41, ""C-E"": 5, ""D-E"": 0}"	[82, 83, 86, 87, 90, 96, 97, 98, 99, 123, 134, 138, 141, 143, 144, 145, 147, 148, 149, 151, 152, 153, 156, 159, 160, 182, 184, 190, 191, 192, 193, 215, 216, 217, 236, 271, 272, 278, 337, 338, 339, 340, 341, 342, 343, 344, 345, 346, 347, 348, 349, 350, 351, 352, 353, 354, 355, 373, 374]	experiments/e149_final20_stoichiometry_v1/out_s0/ova_c4_iptm80_21h_c5/seed-1_sample-0/ova_c4_iptm80_21h_c5_seed-1_sample-0_summary_confidences.json	experiments/e149_final20_stoichiometry_v1/out_s0/ova_c4_iptm80_21h_c5/seed-1_sample-0/ova_c4_iptm80_21h_c5_seed-1_sample-0_model.cif
ova_c4_iptm80_21h_c5	seed-1_sample-1	5	0.44	0.54	86.02582905823702	nan	nan	0.46	0.0	8	5	1	0	218	218	0	0.12	0.41	12.98	"{""A-B"": 44, ""A-C"": 36, ""A-D"": 13, ""A-E"": 4, ""B-C"": 14, ""B-D"": 38, ""B-E"": 0, ""C-D"": 42, ""C-E"": 11, ""D-E"": 16}"	[82, 83, 86, 87, 90, 95, 96, 97, 98, 99, 182, 184, 186, 187, 190, 191, 192, 193, 215, 216, 217, 236, 237, 238, 271, 272, 278, 337, 338, 339, 340, 341, 342, 343, 344, 345, 346, 347, 348, 349, 350, 351, 352, 353, 354, 355, 356, 358, 373, 374]	experiments/e149_final20_stoichiometry_v1/out_s0/ova_c4_iptm80_21h_c5/seed-1_sample-1/ova_c4_iptm80_21h_c5_seed-1_sample-1_summary_confidences.json	experiments/e149_final20_stoichiometry_v1/out_s0/ova_c4_iptm80_21h_c5/seed-1_sample-1/ova_c4_iptm80_21h_c5_seed-1_sample-1_model.cif
ova_c4_iptm80_21h_c5	seed-1_sample-2	5	0.44	0.54	85.82292754415403	nan	nan	0.46	0.0	9	5	1	0	218	218	0	0.12	0.4	13.44	"{""A-B"": 37, ""A-C"": 36, ""A-D"": 13, ""A-E"": 8, ""B-C"": 13, ""B-D"": 40, ""B-E"": 0, ""C-D"": 41, ""C-E"": 15, ""D-E"": 15}"	[82, 83, 86, 87, 90, 96, 97, 98, 99, 110, 119, 120, 131, 132, 137, 138, 140, 141, 164, 182, 183, 184, 190, 191, 192, 193, 194, 196, 210, 215, 216, 217, 236, 271, 272, 278, 285, 287, 334, 336, 337, 338, 339, 340, 341, 342, 343, 344, 345, 346, 347, 348, 349, 350, 351, 352, 353, 354, 355, 357, 358, 373, 374]	experiments/e149_final20_stoichiometry_v1/out_s0/ova_c4_iptm80_21h_c5/seed-1_sample-2/ova_c4_iptm80_21h_c5_seed-1_sample-2_summary_confidences.json	experiments/e149_final20_stoichiometry_v1/out_s0/ova_c4_iptm80_21h_c5/seed-1_sample-2/ova_c4_iptm80_21h_c5_seed-1_sample-2_model.cif
ova_c4_iptm80_21h_c5	seed-1_sample-3	5	0.43	0.53	85.46132123285007	nan	nan	0.45	0.0	9	5	1	0	237	237	0	0.12	0.39	13.39	"{""A-B"": 35, ""A-C"": 42, ""A-D"": 14, ""A-E"": 11, ""B-C"": 16, ""B-D"": 39, ""B-E"": 1, ""C-D"": 41, ""C-E"": 13, ""D-E"": 25}"	[1, 82, 83, 86, 89, 90, 92, 93, 94, 96, 97, 98, 99, 123, 127, 128, 131, 153, 182, 183, 184, 185, 188, 190, 191, 192, 193, 215, 216, 217, 236, 239, 270, 271, 272, 275, 276, 278, 285, 287, 334, 336, 337, 338, 339, 340, 341, 342, 343, 344, 345, 346, 347, 348, 349, 350, 351, 352, 353, 354, 355, 356, 358, 373, 374]	experiments/e149_final20_stoichiometry_v1/out_s0/ova_c4_iptm80_21h_c5/seed-1_sample-3/ova_c4_iptm80_21h_c5_seed-1_sample-3_summary_confidences.json	experiments/e149_final20_stoichiometry_v1/out_s0/ova_c4_iptm80_21h_c5/seed-1_sample-3/ova_c4_iptm80_21h_c5_seed-1_sample-3_model.cif
ova_c4_iptm80_21h_c5	seed-1_sample-4	5	0.44	0.55	86.63393796416761	nan	nan	0.46	0.0	8	5	1	0	222	222	0	0.11	0.425	12.59	"{""A-B"": 43, ""A-C"": 45, ""A-D"": 14, ""A-E"": 4, ""B-C"": 13, ""B-D"": 43, ""B-E"": 11, ""C-D"": 39, ""C-E"": 10, ""D-E"": 0}"	[82, 83, 86, 87, 89, 90, 92, 93, 94, 96, 97, 98, 99, 110, 111, 123, 127, 131, 132, 133, 134, 182, 183, 184, 190, 191, 192, 193, 215, 216, 217, 236, 271, 272, 278, 337, 338, 339, 340, 341, 342, 343, 344, 345, 346, 347, 348, 349, 350, 351, 352, 353, 354, 355, 356, 373, 374]	experiments/e149_final20_stoichiometry_v1/out_s0/ova_c4_iptm80_21h_c5/seed-1_sample-4/ova_c4_iptm80_21h_c5_seed-1_sample-4_summary_confidences.json	experiments/e149_final20_stoichiometry_v1/out_s0/ova_c4_iptm80_21h_c5/seed-1_sample-4/ova_c4_iptm80_21h_c5_seed-1_sample-4_model.cif
ova_c4_iptm80_21h_c5	seed-2_sample-0	5	0.46	0.56	86.46525923575761	nan	nan	0.48	0.0	9	5	1	0	227	227	0	0.14	0.38	12.49	"{""A-B"": 37, ""A-C"": 51, ""A-D"": 10, ""A-E"": 5, ""B-C"": 9, ""B-D"": 53, ""B-E"": 0, ""C-D"": 38, ""C-E"": 6, ""D-E"": 18}"	[86, 87, 90, 93, 94, 95, 96, 97, 98, 99, 124, 155, 156, 157, 182, 183, 184, 190, 191, 192, 193, 216, 217, 236, 271, 272, 273, 275, 276, 278, 337, 338, 339, 340, 341, 342, 343, 344, 345, 346, 347, 348, 349, 350, 351, 352, 353, 354, 355, 356, 357, 373, 374]	experiments/e149_final20_stoichiometry_v1/out_s0/ova_c4_iptm80_21h_c5/seed-2_sample-0/ova_c4_iptm80_21h_c5_seed-2_sample-0_summary_confidences.json	experiments/e149_final20_stoichiometry_v1/out_s0/ova_c4_iptm80_21h_c5/seed-2_sample-0/ova_c4_iptm80_21h_c5_seed-2_sample-0_model.cif
ova_c4_iptm80_21h_c5	seed-2_sample-1	5	0.46	0.56	86.0485233840547	nan	nan	0.48	0.0	9	5	1	0	194	194	0	0.13	0.39	12.44	"{""A-B"": 13, ""A-C"": 52, ""A-D"": 11, ""A-E"": 5, ""B-C"": 10, ""B-D"": 50, ""B-E"": 0, ""C-D"": 18, ""C-E"": 24, ""D-E"": 11}"	[83, 86, 87, 90, 93, 94, 95, 96, 97, 98, 99, 127, 182, 184, 185, 188, 190, 191, 192, 193, 217, 236, 271, 272, 278, 336, 337, 338, 339, 340, 341, 342, 344, 345, 346, 347, 348, 349, 350, 351, 352, 353, 354, 356, 373, 374]	experiments/e149_final20_stoichiometry_v1/out_s0/ova_c4_iptm80_21h_c5/seed-2_sample-1/ova_c4_iptm80_21h_c5_seed-2_sample-1_summary_confidences.json	experiments/e149_final20_stoichiometry_v1/out_s0/ova_c4_iptm80_21h_c5/seed-2_sample-1/ova_c4_iptm80_21h_c5_seed-2_sample-1_model.cif
ova_c4_iptm80_21h_c5	seed-2_sample-2	5	0.35	0.47	86.17924864180965	nan	nan	0.37	0.0	7	5	1	0	204	204	0	0.2	0.2	15.64	"{""A-B"": 8, ""A-C"": 0, ""A-D"": 14, ""A-E"": 34, ""B-C"": 13, ""B-D"": 56, ""B-E"": 1, ""C-D"": 9, ""C-E"": 69, ""D-E"": 0}"	[82, 83, 86, 87, 90, 94, 95, 96, 97, 98, 99, 151, 152, 154, 155, 156, 157, 182, 183, 184, 186, 188, 190, 191, 192, 193, 194, 195, 196, 208, 210, 216, 217, 218, 219, 234, 271, 272, 273, 274, 275, 276, 278, 336, 337, 338, 339, 340, 341, 342, 343, 344, 345, 346, 347, 348, 349, 350, 351, 354, 373, 374]	experiments/e149_final20_stoichiometry_v1/out_s0/ova_c4_iptm80_21h_c5/seed-2_sample-2/ova_c4_iptm80_21h_c5_seed-2_sample-2_summary_confidences.json	experiments/e149_final20_stoichiometry_v1/out_s0/ova_c4_iptm80_21h_c5/seed-2_sample-2/ova_c4_iptm80_21h_c5_seed-2_sample-2_model.cif
ova_c4_iptm80_21h_c5	seed-2_sample-3	5	0.48	0.57	86.33932636438874	nan	nan	0.5	0.0	8	5	1	0	223	223	0	0.13	0.43	11.695	"{""A-B"": 28, ""A-C"": 48, ""A-D"": 17, ""A-E"": 1, ""B-C"": 16, ""B-D"": 48, ""B-E"": 0, ""C-D"": 24, ""C-E"": 24, ""D-E"": 17}"	[1, 86, 87, 89, 90, 94, 95, 96, 97, 98, 99, 182, 184, 185, 188, 190, 191, 192, 193, 216, 217, 236, 237, 266, 270, 271, 272, 277, 278, 336, 337, 338, 339, 340, 341, 342, 344, 345, 346, 347, 348, 349, 350, 351, 352, 353, 354, 355, 356, 373, 374]	experiments/e149_final20_stoichiometry_v1/out_s0/ova_c4_iptm80_21h_c5/seed-2_sample-3/ova_c4_iptm80_21h_c5_seed-2_sample-3_summary_confidences.json	experiments/e149_final20_stoichiometry_v1/out_s0/ova_c4_iptm80_21h_c5/seed-2_sample-3/ova_c4_iptm80_21h_c5_seed-2_sample-3_model.cif
ova_c4_iptm80_21h_c5	seed-2_sample-4	5	0.46	0.56	86.29831612542503	nan	nan	0.48	0.0	8	5	1	0	223	223	0	0.12	0.41000000000000003	12.355	"{""A-B"": 30, ""A-C"": 46, ""A-D"": 10, ""A-E"": 0, ""B-C"": 12, ""B-D"": 46, ""B-E"": 0, ""C-D"": 30, ""C-E"": 17, ""D-E"": 32}"	[86, 87, 90, 94, 95, 96, 97, 98, 99, 148, 151, 152, 155, 157, 182, 184, 185, 188, 190, 191, 192, 193, 216, 217, 222, 224, 225, 227, 236, 248, 271, 272, 278, 285, 334, 336, 337, 338, 339, 340, 341, 342, 343, 344, 345, 346, 347, 348, 349, 350, 351, 352, 353, 354, 355, 356, 357, 358, 373, 374]	experiments/e149_final20_stoichiometry_v1/out_s0/ova_c4_iptm80_21h_c5/seed-2_sample-4/ova_c4_iptm80_21h_c5_seed-2_sample-4_summary_confidences.json	experiments/e149_final20_stoichiometry_v1/out_s0/ova_c4_iptm80_21h_c5/seed-2_sample-4/ova_c4_iptm80_21h_c5_seed-2_sample-4_model.cif
ova_c4_iptm80_21h_c5	seed-3_sample-0	5	0.43	0.53	86.3111656564505	nan	nan	0.45	0.0	8	5	1	0	212	212	0	0.12	0.405	12.969999999999999	"{""A-B"": 7, ""A-C"": 43, ""A-D"": 41, ""A-E"": 0, ""B-C"": 40, ""B-D"": 42, ""B-E"": 6, ""C-D"": 9, ""C-E"": 23, ""D-E"": 1}"	[82, 83, 86, 90, 94, 96, 97, 98, 99, 155, 156, 157, 182, 183, 184, 190, 191, 192, 193, 215, 216, 217, 236, 271, 272, 278, 280, 336, 337, 338, 339, 340, 341, 342, 343, 344, 345, 346, 347, 348, 349, 350, 351, 352, 353, 354, 355, 356, 357, 358, 373, 374]	experiments/e149_final20_stoichiometry_v1/out_s0/ova_c4_iptm80_21h_c5/seed-3_sample-0/ova_c4_iptm80_21h_c5_seed-3_sample-0_summary_confidences.json	experiments/e149_final20_stoichiometry_v1/out_s0/ova_c4_iptm80_21h_c5/seed-3_sample-0/ova_c4_iptm80_21h_c5_seed-3_sample-0_model.cif
ova_c4_iptm80_21h_c5	seed-3_sample-1	5	0.45	0.54	85.87766834120676	nan	nan	0.47	0.0	9	5	1	0	252	252	0	0.12	0.39	13.84	"{""A-B"": 17, ""A-C"": 41, ""A-D"": 36, ""A-E"": 7, ""B-C"": 38, ""B-D"": 39, ""B-E"": 36, ""C-D"": 17, ""C-E"": 0, ""D-E"": 21}"	[3, 82, 83, 86, 87, 90, 93, 94, 96, 97, 98, 99, 101, 123, 127, 141, 148, 149, 151, 152, 153, 155, 156, 159, 182, 184, 185, 186, 188, 190, 191, 192, 193, 195, 196, 198, 200, 204, 205, 206, 207, 208, 215, 216, 217, 236, 238, 239, 250, 271, 272, 276, 278, 337, 338, 339, 340, 341, 342, 343, 344, 345, 346, 347, 348, 349, 350, 351, 352, 353, 354, 355, 372, 373, 374, 375]	experiments/e149_final20_stoichiometry_v1/out_s0/ova_c4_iptm80_21h_c5/seed-3_sample-1/ova_c4_iptm80_21h_c5_seed-3_sample-1_summary_confidences.json	experiments/e149_final20_stoichiometry_v1/out_s0/ova_c4_iptm80_21h_c5/seed-3_sample-1/ova_c4_iptm80_21h_c5_seed-3_sample-1_model.cif
ova_c4_iptm80_21h_c5	seed-3_sample-2	5	0.44	0.54	86.14139887953051	nan	nan	0.46	0.0	10	5	1	0	220	220	0	0.11	0.385	13.155000000000001	"{""A-B"": 14, ""A-C"": 40, ""A-D"": 35, ""A-E"": 17, ""B-C"": 38, ""B-D"": 40, ""B-E"": 13, ""C-D"": 9, ""C-E"": 6, ""D-E"": 8}"	[82, 83, 86, 87, 89, 90, 94, 96, 97, 98, 99, 116, 119, 120, 123, 124, 127, 128, 129, 137, 138, 141, 155, 157, 182, 183, 184, 190, 191, 192, 193, 216, 217, 236, 271, 272, 278, 334, 336, 337, 338, 339, 340, 341, 342, 343, 344, 345, 346, 347, 348, 349, 350, 351, 352, 353, 354, 355, 357, 358, 373, 374]	experiments/e149_final20_stoichiometry_v1/out_s0/ova_c4_iptm80_21h_c5/seed-3_sample-2/ova_c4_iptm80_21h_c5_seed-3_sample-2_summary_confidences.json	experiments/e149_final20_stoichiometry_v1/out_s0/ova_c4_iptm80_21h_c5/seed-3_sample-2/ova_c4_iptm80_21h_c5_seed-3_sample-2_model.cif
ova_c4_iptm80_21h_c5	seed-3_sample-3	5	0.44	0.54	86.06704665465676	nan	nan	0.46	0.0	8	5	1	0	229	229	0	0.12	0.415	12.399999999999999	"{""A-B"": 14, ""A-C"": 41, ""A-D"": 43, ""A-E"": 18, ""B-C"": 38, ""B-D"": 40, ""B-E"": 4, ""C-D"": 14, ""C-E"": 0, ""D-E"": 17}"	[82, 83, 86, 87, 90, 96, 97, 98, 99, 182, 183, 184, 190, 191, 192, 193, 195, 196, 210, 213, 215, 216, 217, 236, 271, 272, 278, 285, 287, 334, 336, 337, 338, 339, 340, 341, 342, 343, 344, 345, 346, 347, 348, 349, 350, 351, 352, 353, 354, 355, 356, 357, 358, 360, 373, 374]	experiments/e149_final20_stoichiometry_v1/out_s0/ova_c4_iptm80_21h_c5/seed-3_sample-3/ova_c4_iptm80_21h_c5_seed-3_sample-3_summary_confidences.json	experiments/e149_final20_stoichiometry_v1/out_s0/ova_c4_iptm80_21h_c5/seed-3_sample-3/ova_c4_iptm80_21h_c5_seed-3_sample-3_model.cif
ova_c4_iptm80_21h_c5	seed-3_sample-4	5	0.46	0.56	86.6509844231482	nan	nan	0.48	0.0	8	5	1	0	207	207	0	0.11	0.43	12.120000000000001	"{""A-B"": 14, ""A-C"": 37, ""A-D"": 39, ""A-E"": 6, ""B-C"": 39, ""B-D"": 40, ""B-E"": 0, ""C-D"": 14, ""C-E"": 18, ""D-E"": 0}"	[82, 83, 86, 87, 90, 94, 95, 96, 97, 98, 99, 140, 144, 159, 160, 163, 164, 182, 184, 190, 191, 192, 193, 202, 204, 205, 206, 207, 208, 215, 216, 217, 236, 271, 272, 278, 337, 338, 339, 340, 341, 342, 343, 344, 345, 346, 347, 348, 349, 350, 351, 354, 355, 373, 374]	experiments/e149_final20_stoichiometry_v1/out_s0/ova_c4_iptm80_21h_c5/seed-3_sample-4/ova_c4_iptm80_21h_c5_seed-3_sample-4_summary_confidences.json	experiments/e149_final20_stoichiometry_v1/out_s0/ova_c4_iptm80_21h_c5/seed-3_sample-4/ova_c4_iptm80_21h_c5_seed-3_sample-4_model.cif
ova_c4_iptm80_21h_c6	seed-1_sample-0	6	0.38	0.48	85.80823840996145	nan	nan	0.4	0.0	12	6	1	0	338	338	0	0.45	0.22999999999999998	15.115	"{""A-B"": 18, ""A-C"": 19, ""A-D"": 61, ""A-E"": 0, ""A-F"": 14, ""B-C"": 15, ""B-D"": 15, ""B-E"": 65, ""B-F"": 0, ""C-D"": 0, ""C-E"": 16, ""C-F"": 62, ""D-E"": 18, ""D-F"": 13, ""E-F"": 22}"	[1, 86, 87, 90, 94, 95, 96, 97, 99, 151, 155, 156, 157, 159, 160, 184, 188, 189, 190, 191, 192, 194, 210, 215, 216, 217, 263, 266, 271, 272, 278, 285, 287, 289, 332, 334, 336, 337, 338, 339, 340, 342, 345, 346, 347, 348, 349, 350, 351, 353, 354, 355, 373, 374]	experiments/e149_final20_stoichiometry_v1/out_s1/ova_c4_iptm80_21h_c6/seed-1_sample-0/ova_c4_iptm80_21h_c6_seed-1_sample-0_summary_confidences.json	experiments/e149_final20_stoichiometry_v1/out_s1/ova_c4_iptm80_21h_c6/seed-1_sample-0/ova_c4_iptm80_21h_c6_seed-1_sample-0_model.cif
ova_c4_iptm80_21h_c6	seed-1_sample-1	6	0.31	0.42	86.2337047991975	nan	nan	0.33	0.0	6	6	1	0	237	237	0	0.3	0.305	13.59	"{""A-B"": 0, ""A-C"": 0, ""A-D"": 52, ""A-E"": 0, ""A-F"": 26, ""B-C"": 0, ""B-D"": 22, ""B-E"": 55, ""B-F"": 0, ""C-D"": 0, ""C-E"": 26, ""C-F"": 56, ""D-E"": 0, ""D-F"": 0, ""E-F"": 0}"	[1, 6, 64, 65, 83, 86, 87, 90, 94, 95, 96, 97, 98, 99, 152, 155, 156, 182, 183, 184, 190, 191, 192, 193, 194, 195, 196, 208, 210, 262, 263, 266, 267, 270, 271, 272, 337, 338, 340, 342, 344, 345, 373, 374]	experiments/e149_final20_stoichiometry_v1/out_s1/ova_c4_iptm80_21h_c6/seed-1_sample-1/ova_c4_iptm80_21h_c6_seed-1_sample-1_summary_confidences.json	experiments/e149_final20_stoichiometry_v1/out_s1/ova_c4_iptm80_21h_c6/seed-1_sample-1/ova_c4_iptm80_21h_c6_seed-1_sample-1_model.cif
ova_c4_iptm80_21h_c6	seed-1_sample-2	6	0.32	0.42	86.25284992474965	nan	nan	0.34	0.0	6	6	1	0	229	229	0	0.33	0.325	13.46	"{""A-B"": 0, ""A-C"": 0, ""A-D"": 56, ""A-E"": 0, ""A-F"": 22, ""B-C"": 0, ""B-D"": 22, ""B-E"": 52, ""B-F"": 0, ""C-D"": 0, ""C-E"": 22, ""C-F"": 55, ""D-E"": 0, ""D-F"": 0, ""E-F"": 0}"	[1, 64, 83, 86, 87, 90, 94, 95, 96, 97, 98, 99, 151, 152, 155, 156, 157, 182, 183, 184, 190, 191, 192, 194, 195, 196, 208, 210, 263, 266, 267, 270, 271, 272, 337, 338, 340, 342, 343, 373, 374]	experiments/e149_final20_stoichiometry_v1/out_s1/ova_c4_iptm80_21h_c6/seed-1_sample-2/ova_c4_iptm80_21h_c6_seed-1_sample-2_summary_confidences.json	experiments/e149_final20_stoichiometry_v1/out_s1/ova_c4_iptm80_21h_c6/seed-1_sample-2/ova_c4_iptm80_21h_c6_seed-1_sample-2_model.cif
ova_c4_iptm80_21h_c6	seed-1_sample-3	6	0.4	0.49	85.98702080879805	nan	nan	0.42	0.0	12	6	1	0	324	324	0	0.45	0.255	14.39	"{""A-B"": 16, ""A-C"": 17, ""A-D"": 65, ""A-E"": 0, ""A-F"": 14, ""B-C"": 15, ""B-D"": 14, ""B-E"": 61, ""B-F"": 0, ""C-D"": 0, ""C-E"": 14, ""C-F"": 61, ""D-E"": 16, ""D-F"": 16, ""E-F"": 15}"	[1, 86, 87, 90, 93, 94, 95, 96, 97, 99, 152, 155, 156, 157, 159, 160, 184, 188, 189, 190, 191, 194, 210, 215, 216, 217, 263, 266, 271, 272, 278, 285, 287, 289, 332, 334, 336, 337, 338, 339, 340, 342, 345, 346, 347, 348, 349, 350, 351, 353, 354, 355, 373, 374]	experiments/e149_final20_stoichiometry_v1/out_s1/ova_c4_iptm80_21h_c6/seed-1_sample-3/ova_c4_iptm80_21h_c6_seed-1_sample-3_summary_confidences.json	experiments/e149_final20_stoichiometry_v1/out_s1/ova_c4_iptm80_21h_c6/seed-1_sample-3/ova_c4_iptm80_21h_c6_seed-1_sample-3_model.cif
ova_c4_iptm80_21h_c6	seed-1_sample-4	6	0.32	0.42	86.09103616902247	nan	nan	0.34	0.0	6	6	1	0	217	217	0	0.31	0.31	13.805	"{""A-B"": 0, ""A-C"": 0, ""A-D"": 48, ""A-E"": 0, ""A-F"": 26, ""B-C"": 0, ""B-D"": 26, ""B-E"": 46, ""B-F"": 0, ""C-D"": 0, ""C-E"": 26, ""C-F"": 45, ""D-E"": 0, ""D-F"": 0, ""E-F"": 0}"	[1, 6, 64, 65, 86, 87, 90, 94, 95, 96, 97, 98, 99, 155, 156, 182, 183, 184, 190, 191, 192, 193, 194, 195, 196, 208, 262, 263, 266, 267, 270, 271, 272, 337, 338, 340, 342, 343, 344, 345, 373, 374]	experiments/e149_final20_stoichiometry_v1/out_s1/ova_c4_iptm80_21h_c6/seed-1_sample-4/ova_c4_iptm80_21h_c6_seed-1_sample-4_summary_confidences.json	experiments/e149_final20_stoichiometry_v1/out_s1/ova_c4_iptm80_21h_c6/seed-1_sample-4/ova_c4_iptm80_21h_c6_seed-1_sample-4_model.cif
ova_c4_iptm80_21h_c6	seed-2_sample-0	6	0.33	0.43	86.1584972618775	nan	nan	0.35	0.0	6	6	1	0	245	245	0	0.31	0.32	13.03	"{""A-B"": 55, ""A-C"": 22, ""A-D"": 0, ""A-E"": 0, ""A-F"": 0, ""B-C"": 0, ""B-D"": 0, ""B-E"": 28, ""B-F"": 0, ""C-D"": 55, ""C-E"": 0, ""C-F"": 0, ""D-E"": 0, ""D-F"": 24, ""E-F"": 61}"	[1, 64, 65, 83, 86, 87, 90, 94, 95, 96, 97, 98, 99, 155, 156, 182, 183, 184, 190, 191, 192, 193, 195, 196, 208, 210, 262, 263, 266, 267, 270, 271, 272, 337, 338, 339, 340, 342, 343, 344, 345, 348, 373, 374]	experiments/e149_final20_stoichiometry_v1/out_s1/ova_c4_iptm80_21h_c6/seed-2_sample-0/ova_c4_iptm80_21h_c6_seed-2_sample-0_summary_confidences.json	experiments/e149_final20_stoichiometry_v1/out_s1/ova_c4_iptm80_21h_c6/seed-2_sample-0/ova_c4_iptm80_21h_c6_seed-2_sample-0_model.cif
ova_c4_iptm80_21h_c6	seed-2_sample-1	6	0.33	0.43	85.49375642766607	nan	nan	0.35	0.0	6	6	1	0	255	255	0	0.31	0.315	13.135	"{""A-B"": 57, ""A-C"": 30, ""A-D"": 0, ""A-E"": 0, ""A-F"": 0, ""B-C"": 0, ""B-D"": 0, ""B-E"": 30, ""B-F"": 0, ""C-D"": 53, ""C-E"": 0, ""C-F"": 0, ""D-E"": 0, ""D-F"": 31, ""E-F"": 54}"	[1, 6, 64, 65, 66, 83, 86, 87, 90, 94, 95, 96, 97, 98, 99, 155, 156, 182, 183, 184, 190, 191, 192, 193, 194, 195, 196, 208, 210, 236, 262, 263, 266, 267, 270, 271, 272, 273, 337, 338, 339, 340, 342, 343, 344, 373, 374]	experiments/e149_final20_stoichiometry_v1/out_s1/ova_c4_iptm80_21h_c6/seed-2_sample-1/ova_c4_iptm80_21h_c6_seed-2_sample-1_summary_confidences.json	experiments/e149_final20_stoichiometry_v1/out_s1/ova_c4_iptm80_21h_c6/seed-2_sample-1/ova_c4_iptm80_21h_c6_seed-2_sample-1_model.cif
ova_c4_iptm80_21h_c6	seed-2_sample-2	6	0.35	0.44	85.74655434998823	nan	nan	0.37	0.0	6	6	1	0	210	210	0	0.35	0.33499999999999996	12.74	"{""A-B"": 53, ""A-C"": 17, ""A-D"": 0, ""A-E"": 0, ""A-F"": 0, ""B-C"": 0, ""B-D"": 0, ""B-E"": 18, ""B-F"": 0, ""C-D"": 50, ""C-E"": 0, ""C-F"": 0, ""D-E"": 0, ""D-F"": 20, ""E-F"": 52}"	[1, 6, 64, 65, 66, 86, 87, 90, 94, 95, 96, 97, 98, 99, 152, 155, 156, 182, 183, 184, 190, 191, 192, 193, 194, 195, 196, 208, 210, 263, 266, 267, 271, 272, 337, 338, 340, 342, 373, 374]	experiments/e149_final20_stoichiometry_v1/out_s1/ova_c4_iptm80_21h_c6/seed-2_sample-2/ova_c4_iptm80_21h_c6_seed-2_sample-2_summary_confidences.json	experiments/e149_final20_stoichiometry_v1/out_s1/ova_c4_iptm80_21h_c6/seed-2_sample-2/ova_c4_iptm80_21h_c6_seed-2_sample-2_model.cif
ova_c4_iptm80_21h_c6	seed-2_sample-3	6	0.38	0.47	85.20974101921438	nan	nan	0.4	0.0	12	6	1	0	366	366	0	0.44	0.22	15.155000000000001	"{""A-B"": 68, ""A-C"": 12, ""A-D"": 21, ""A-E"": 21, ""A-F"": 0, ""B-C"": 19, ""B-D"": 0, ""B-E"": 12, ""B-F"": 22, ""C-D"": 71, ""C-E"": 0, ""C-F"": 19, ""D-E"": 19, ""D-F"": 12, ""E-F"": 70}"	[86, 87, 90, 94, 95, 96, 97, 99, 152, 155, 156, 157, 158, 159, 160, 164, 182, 184, 188, 189, 190, 191, 192, 194, 210, 215, 216, 217, 271, 272, 278, 285, 287, 289, 332, 334, 336, 337, 338, 339, 340, 342, 345, 346, 347, 348, 349, 350, 351, 353, 354, 355, 373, 374]	experiments/e149_final20_stoichiometry_v1/out_s1/ova_c4_iptm80_21h_c6/seed-2_sample-3/ova_c4_iptm80_21h_c6_seed-2_sample-3_summary_confidences.json	experiments/e149_final20_stoichiometry_v1/out_s1/ova_c4_iptm80_21h_c6/seed-2_sample-3/ova_c4_iptm80_21h_c6_seed-2_sample-3_model.cif
ova_c4_iptm80_21h_c6	seed-2_sample-4	6	0.35	0.45	85.97567353718021	nan	nan	0.37	0.0	6	6	1	0	289	289	0	0.37	0.325	12.955	"{""A-B"": 76, ""A-C"": 18, ""A-D"": 0, ""A-E"": 0, ""A-F"": 0, ""B-C"": 0, ""B-D"": 0, ""B-E"": 17, ""B-F"": 0, ""C-D"": 77, ""C-E"": 0, ""C-F"": 0, ""D-E"": 0, ""D-F"": 17, ""E-F"": 84}"	[1, 6, 83, 86, 87, 90, 94, 95, 96, 97, 98, 99, 151, 152, 155, 156, 182, 183, 184, 188, 190, 191, 192, 193, 194, 195, 196, 207, 208, 209, 210, 263, 266, 271, 272, 336, 337, 338, 339, 340, 342, 344, 345, 373, 374]	experiments/e149_final20_stoichiometry_v1/out_s1/ova_c4_iptm80_21h_c6/seed-2_sample-4/ova_c4_iptm80_21h_c6_seed-2_sample-4_summary_confidences.json	experiments/e149_final20_stoichiometry_v1/out_s1/ova_c4_iptm80_21h_c6/seed-2_sample-4/ova_c4_iptm80_21h_c6_seed-2_sample-4_model.cif
ova_c4_iptm80_21h_c6	seed-3_sample-0	6	0.33	0.44	86.28598439508151	nan	nan	0.35	0.0	6	6	1	0	227	227	0	0.34	0.34	11.44	"{""A-B"": 22, ""A-C"": 0, ""A-D"": 53, ""A-E"": 0, ""A-F"": 0, ""B-C"": 0, ""B-D"": 0, ""B-E"": 51, ""B-F"": 0, ""C-D"": 26, ""C-E"": 0, ""C-F"": 51, ""D-E"": 0, ""D-F"": 0, ""E-F"": 24}"	[1, 6, 64, 82, 83, 86, 87, 90, 94, 95, 96, 97, 98, 99, 155, 156, 182, 183, 184, 190, 191, 192, 193, 194, 195, 196, 208, 262, 263, 266, 267, 270, 271, 272, 337, 338, 340, 342, 343, 344, 348, 373, 374]	experiments/e149_final20_stoichiometry_v1/out_s1/ova_c4_iptm80_21h_c6/seed-3_sample-0/ova_c4_iptm80_21h_c6_seed-3_sample-0_summary_confidences.json	experiments/e149_final20_stoichiometry_v1/out_s1/ova_c4_iptm80_21h_c6/seed-3_sample-0/ova_c4_iptm80_21h_c6_seed-3_sample-0_model.cif
ova_c4_iptm80_21h_c6	seed-3_sample-1	6	0.33	0.44	86.30821272499203	nan	nan	0.36	0.0	6	6	1	0	244	244	0	0.35	0.33999999999999997	11.434999999999999	"{""A-B"": 22, ""A-C"": 0, ""A-D"": 52, ""A-E"": 0, ""A-F"": 0, ""B-C"": 0, ""B-D"": 0, ""B-E"": 54, ""B-F"": 0, ""C-D"": 31, ""C-E"": 0, ""C-F"": 55, ""D-E"": 0, ""D-F"": 0, ""E-F"": 30}"	[1, 6, 64, 65, 79, 83, 86, 87, 90, 94, 95, 96, 97, 98, 99, 155, 156, 182, 183, 184, 190, 191, 192, 193, 195, 196, 208, 210, 262, 263, 266, 267, 270, 271, 272, 337, 338, 340, 342, 343, 344, 345, 373, 374]	experiments/e149_final20_stoichiometry_v1/out_s1/ova_c4_iptm80_21h_c6/seed-3_sample-1/ova_c4_iptm80_21h_c6_seed-3_sample-1_summary_confidences.json	experiments/e149_final20_stoichiometry_v1/out_s1/ova_c4_iptm80_21h_c6/seed-3_sample-1/ova_c4_iptm80_21h_c6_seed-3_sample-1_model.cif
ova_c4_iptm80_21h_c6	seed-3_sample-2	6	0.32	0.43	85.8707513759791	nan	nan	0.34	0.0	6	6	1	0	221	221	0	0.35	0.33999999999999997	11.575	"{""A-B"": 32, ""A-C"": 0, ""A-D"": 41, ""A-E"": 0, ""A-F"": 0, ""B-C"": 0, ""B-D"": 0, ""B-E"": 39, ""B-F"": 0, ""C-D"": 34, ""C-E"": 0, ""C-F"": 41, ""D-E"": 0, ""D-F"": 0, ""E-F"": 34}"	[1, 2, 3, 64, 65, 66, 67, 82, 83, 86, 87, 90, 95, 96, 97, 98, 99, 155, 156, 182, 183, 184, 190, 191, 192, 195, 196, 225, 263, 266, 267, 270, 271, 272, 337, 338, 340, 342, 343, 344, 345, 348, 373, 374]	experiments/e149_final20_stoichiometry_v1/out_s1/ova_c4_iptm80_21h_c6/seed-3_sample-2/ova_c4_iptm80_21h_c6_seed-3_sample-2_summary_confidences.json	experiments/e149_final20_stoichiometry_v1/out_s1/ova_c4_iptm80_21h_c6/seed-3_sample-2/ova_c4_iptm80_21h_c6_seed-3_sample-2_model.cif
ova_c4_iptm80_21h_c6	seed-3_sample-3	6	0.33	0.43	86.13844557253191	nan	nan	0.35	0.0	6	6	1	0	216	216	0	0.34	0.34	11.555	"{""A-B"": 28, ""A-C"": 0, ""A-D"": 45, ""A-E"": 0, ""A-F"": 0, ""B-C"": 0, ""B-D"": 0, ""B-E"": 49, ""B-F"": 0, ""C-D"": 24, ""C-E"": 0, ""C-F"": 45, ""D-E"": 0, ""D-F"": 0, ""E-F"": 25}"	[1, 6, 64, 82, 83, 86, 87, 90, 95, 96, 97, 98, 99, 151, 155, 156, 157, 182, 183, 184, 190, 191, 192, 194, 195, 196, 208, 262, 263, 266, 267, 270, 271, 272, 337, 338, 340, 342, 343, 373, 374]	experiments/e149_final20_stoichiometry_v1/out_s1/ova_c4_iptm80_21h_c6/seed-3_sample-3/ova_c4_iptm80_21h_c6_seed-3_sample-3_summary_confidences.json	experiments/e149_final20_stoichiometry_v1/out_s1/ova_c4_iptm80_21h_c6/seed-3_sample-3/ova_c4_iptm80_21h_c6_seed-3_sample-3_model.cif
ova_c4_iptm80_21h_c6	seed-3_sample-4	6	0.31	0.42	85.44344548240227	nan	nan	0.33	0.0	6	6	1	0	300	300	0	0.32	0.315	11.48	"{""A-B"": 51, ""A-C"": 0, ""A-D"": 44, ""A-E"": 0, ""A-F"": 0, ""B-C"": 0, ""B-D"": 0, ""B-E"": 47, ""B-F"": 0, ""C-D"": 54, ""C-E"": 0, ""C-F"": 50, ""D-E"": 0, ""D-F"": 0, ""E-F"": 54}"	[1, 2, 3, 6, 64, 65, 69, 82, 83, 86, 87, 95, 96, 97, 98, 99, 155, 156, 182, 183, 184, 190, 191, 192, 193, 195, 196, 224, 225, 236, 262, 263, 266, 267, 270, 271, 272, 273, 337, 338, 340, 342, 343, 344, 345, 373, 374]	experiments/e149_final20_stoichiometry_v1/out_s1/ova_c4_iptm80_21h_c6/seed-3_sample-4/ova_c4_iptm80_21h_c6_seed-3_sample-4_summary_confidences.json	experiments/e149_final20_stoichiometry_v1/out_s1/ova_c4_iptm80_21h_c6/seed-3_sample-4/ova_c4_iptm80_21h_c6_seed-3_sample-4_model.cif
ova_c4_iptm80_21i_c1	seed-1_sample-0	1	0.0	0.92	91.32069950400239	nan	nan	0.92	0.0	0	1	0	0	0	0	0	0.0	nan	nan	{}	[]	experiments/e149_final20_stoichiometry_v1/out_s5/ova_c4_iptm80_21i_c1/seed-1_sample-0/ova_c4_iptm80_21i_c1_seed-1_sample-0_summary_confidences.json	experiments/e149_final20_stoichiometry_v1/out_s5/ova_c4_iptm80_21i_c1/seed-1_sample-0/ova_c4_iptm80_21i_c1_seed-1_sample-0_model.cif
ova_c4_iptm80_21i_c1	seed-1_sample-1	1	0.0	0.92	90.43725377908025	nan	nan	0.92	0.0	0	1	0	0	0	0	0	0.0	nan	nan	{}	[]	experiments/e149_final20_stoichiometry_v1/out_s5/ova_c4_iptm80_21i_c1/seed-1_sample-1/ova_c4_iptm80_21i_c1_seed-1_sample-1_summary_confidences.json	experiments/e149_final20_stoichiometry_v1/out_s5/ova_c4_iptm80_21i_c1/seed-1_sample-1/ova_c4_iptm80_21i_c1_seed-1_sample-1_model.cif
ova_c4_iptm80_21i_c1	seed-1_sample-2	1	0.0	0.92	90.93093267253026	nan	nan	0.92	0.0	0	1	0	0	0	0	0	0.0	nan	nan	{}	[]	experiments/e149_final20_stoichiometry_v1/out_s5/ova_c4_iptm80_21i_c1/seed-1_sample-2/ova_c4_iptm80_21i_c1_seed-1_sample-2_summary_confidences.json	experiments/e149_final20_stoichiometry_v1/out_s5/ova_c4_iptm80_21i_c1/seed-1_sample-2/ova_c4_iptm80_21i_c1_seed-1_sample-2_model.cif
ova_c4_iptm80_21i_c1	seed-1_sample-3	1	0.0	0.92	91.11893775426044	nan	nan	0.92	0.0	0	1	0	0	0	0	0	0.0	nan	nan	{}	[]	experiments/e149_final20_stoichiometry_v1/out_s5/ova_c4_iptm80_21i_c1/seed-1_sample-3/ova_c4_iptm80_21i_c1_seed-1_sample-3_summary_confidences.json	experiments/e149_final20_stoichiometry_v1/out_s5/ova_c4_iptm80_21i_c1/seed-1_sample-3/ova_c4_iptm80_21i_c1_seed-1_sample-3_model.cif
ova_c4_iptm80_21i_c1	seed-1_sample-4	1	0.0	0.92	90.73621751854456	nan	nan	0.92	0.0	0	1	0	0	0	0	0	0.0	nan	nan	{}	[]	experiments/e149_final20_stoichiometry_v1/out_s5/ova_c4_iptm80_21i_c1/seed-1_sample-4/ova_c4_iptm80_21i_c1_seed-1_sample-4_summary_confidences.json	experiments/e149_final20_stoichiometry_v1/out_s5/ova_c4_iptm80_21i_c1/seed-1_sample-4/ova_c4_iptm80_21i_c1_seed-1_sample-4_model.cif
ova_c4_iptm80_21i_c1	seed-2_sample-0	1	0.0	0.92	90.97533675673094	nan	nan	0.92	0.0	0	1	0	0	0	0	0	0.0	nan	nan	{}	[]	experiments/e149_final20_stoichiometry_v1/out_s5/ova_c4_iptm80_21i_c1/seed-2_sample-0/ova_c4_iptm80_21i_c1_seed-2_sample-0_summary_confidences.json	experiments/e149_final20_stoichiometry_v1/out_s5/ova_c4_iptm80_21i_c1/seed-2_sample-0/ova_c4_iptm80_21i_c1_seed-2_sample-0_model.cif
ova_c4_iptm80_21i_c1	seed-2_sample-1	1	0.0	0.92	91.32461151557882	nan	nan	0.92	0.0	0	1	0	0	0	0	0	0.0	nan	nan	{}	[]	experiments/e149_final20_stoichiometry_v1/out_s5/ova_c4_iptm80_21i_c1/seed-2_sample-1/ova_c4_iptm80_21i_c1_seed-2_sample-1_summary_confidences.json	experiments/e149_final20_stoichiometry_v1/out_s5/ova_c4_iptm80_21i_c1/seed-2_sample-1/ova_c4_iptm80_21i_c1_seed-2_sample-1_model.cif
ova_c4_iptm80_21i_c1	seed-2_sample-2	1	0.0	0.92	90.8709067507729	nan	nan	0.92	0.0	0	1	0	0	0	0	0	0.0	nan	nan	{}	[]	experiments/e149_final20_stoichiometry_v1/out_s5/ova_c4_iptm80_21i_c1/seed-2_sample-2/ova_c4_iptm80_21i_c1_seed-2_sample-2_summary_confidences.json	experiments/e149_final20_stoichiometry_v1/out_s5/ova_c4_iptm80_21i_c1/seed-2_sample-2/ova_c4_iptm80_21i_c1_seed-2_sample-2_model.cif
ova_c4_iptm80_21i_c1	seed-2_sample-3	1	0.0	0.92	91.14968908636064	nan	nan	0.92	0.0	0	1	0	0	0	0	0	0.0	nan	nan	{}	[]	experiments/e149_final20_stoichiometry_v1/out_s5/ova_c4_iptm80_21i_c1/seed-2_sample-3/ova_c4_iptm80_21i_c1_seed-2_sample-3_summary_confidences.json	experiments/e149_final20_stoichiometry_v1/out_s5/ova_c4_iptm80_21i_c1/seed-2_sample-3/ova_c4_iptm80_21i_c1_seed-2_sample-3_model.cif
ova_c4_iptm80_21i_c1	seed-2_sample-4	1	0.0	0.92	90.95518138865732	nan	nan	0.92	0.0	0	1	0	0	0	0	0	0.0	nan	nan	{}	[]	experiments/e149_final20_stoichiometry_v1/out_s5/ova_c4_iptm80_21i_c1/seed-2_sample-4/ova_c4_iptm80_21i_c1_seed-2_sample-4_summary_confidences.json	experiments/e149_final20_stoichiometry_v1/out_s5/ova_c4_iptm80_21i_c1/seed-2_sample-4/ova_c4_iptm80_21i_c1_seed-2_sample-4_model.cif
ova_c4_iptm80_21i_c1	seed-3_sample-0	1	0.0	0.92	90.68992233276367	nan	nan	0.92	0.0	0	1	0	0	0	0	0	0.0	nan	nan	{}	[]	experiments/e149_final20_stoichiometry_v1/out_s5/ova_c4_iptm80_21i_c1/seed-3_sample-0/ova_c4_iptm80_21i_c1_seed-3_sample-0_summary_confidences.json	experiments/e149_final20_stoichiometry_v1/out_s5/ova_c4_iptm80_21i_c1/seed-3_sample-0/ova_c4_iptm80_21i_c1_seed-3_sample-0_model.cif
ova_c4_iptm80_21i_c1	seed-3_sample-1	1	0.0	0.92	90.94546640228113	nan	nan	0.92	0.0	0	1	0	0	0	0	0	0.0	nan	nan	{}	[]	experiments/e149_final20_stoichiometry_v1/out_s5/ova_c4_iptm80_21i_c1/seed-3_sample-1/ova_c4_iptm80_21i_c1_seed-3_sample-1_summary_confidences.json	experiments/e149_final20_stoichiometry_v1/out_s5/ova_c4_iptm80_21i_c1/seed-3_sample-1/ova_c4_iptm80_21i_c1_seed-3_sample-1_model.cif
ova_c4_iptm80_21i_c1	seed-3_sample-2	1	0.0	0.92	90.90181353672799	nan	nan	0.92	0.0	0	1	0	0	0	0	0	0.0	nan	nan	{}	[]	experiments/e149_final20_stoichiometry_v1/out_s5/ova_c4_iptm80_21i_c1/seed-3_sample-2/ova_c4_iptm80_21i_c1_seed-3_sample-2_summary_confidences.json	experiments/e149_final20_stoichiometry_v1/out_s5/ova_c4_iptm80_21i_c1/seed-3_sample-2/ova_c4_iptm80_21i_c1_seed-3_sample-2_model.cif
ova_c4_iptm80_21i_c1	seed-3_sample-3	1	0.0	0.92	90.55712428117663	nan	nan	0.92	0.0	0	1	0	0	0	0	0	0.0	nan	nan	{}	[]	experiments/e149_final20_stoichiometry_v1/out_s5/ova_c4_iptm80_21i_c1/seed-3_sample-3/ova_c4_iptm80_21i_c1_seed-3_sample-3_summary_confidences.json	experiments/e149_final20_stoichiometry_v1/out_s5/ova_c4_iptm80_21i_c1/seed-3_sample-3/ova_c4_iptm80_21i_c1_seed-3_sample-3_model.cif
ova_c4_iptm80_21i_c1	seed-3_sample-4	1	0.0	0.92	90.82510346328657	nan	nan	0.92	0.0	0	1	0	0	0	0	0	0.0	nan	nan	{}	[]	experiments/e149_final20_stoichiometry_v1/out_s5/ova_c4_iptm80_21i_c1/seed-3_sample-4/ova_c4_iptm80_21i_c1_seed-3_sample-4_summary_confidences.json	experiments/e149_final20_stoichiometry_v1/out_s5/ova_c4_iptm80_21i_c1/seed-3_sample-4/ova_c4_iptm80_21i_c1_seed-3_sample-4_model.cif
ova_c4_iptm80_21i_c2	seed-1_sample-0	2	0.31	0.61	89.31230581609697	nan	nan	0.37	0.0	1	2	1	0	57	57	0	0.31	0.31	16.02	"{""A-B"": 57}"	[95, 96, 98, 99, 151, 155, 156, 157, 182, 183, 184, 188, 190, 191, 192, 194, 195, 196, 208, 336, 337, 338, 339, 340, 342, 343, 344, 347]	experiments/e149_final20_stoichiometry_v1/out_s5/ova_c4_iptm80_21i_c2/seed-1_sample-0/ova_c4_iptm80_21i_c2_seed-1_sample-0_summary_confidences.json	experiments/e149_final20_stoichiometry_v1/out_s5/ova_c4_iptm80_21i_c2/seed-1_sample-0/ova_c4_iptm80_21i_c2_seed-1_sample-0_model.cif
ova_c4_iptm80_21i_c2	seed-1_sample-1	2	0.32	0.62	89.34572527198594	nan	nan	0.38	0.0	1	2	1	0	52	52	0	0.32	0.32	15.92	"{""A-B"": 52}"	[95, 96, 97, 98, 99, 155, 156, 157, 182, 183, 184, 188, 190, 191, 192, 195, 196, 208, 336, 337, 338, 340, 342, 343, 344, 345]	experiments/e149_final20_stoichiometry_v1/out_s5/ova_c4_iptm80_21i_c2/seed-1_sample-1/ova_c4_iptm80_21i_c2_seed-1_sample-1_summary_confidences.json	experiments/e149_final20_stoichiometry_v1/out_s5/ova_c4_iptm80_21i_c2/seed-1_sample-1/ova_c4_iptm80_21i_c2_seed-1_sample-1_model.cif
ova_c4_iptm80_21i_c2	seed-1_sample-2	2	0.34	0.63	89.4253368476512	nan	nan	0.4	0.0	1	2	1	0	43	43	0	0.34	0.34	15.22	"{""A-B"": 43}"	[94, 95, 96, 97, 98, 99, 182, 183, 184, 190, 191, 192, 193, 236, 337, 338, 339, 340, 341, 342, 344, 347]	experiments/e149_final20_stoichiometry_v1/out_s5/ova_c4_iptm80_21i_c2/seed-1_sample-2/ova_c4_iptm80_21i_c2_seed-1_sample-2_summary_confidences.json	experiments/e149_final20_stoichiometry_v1/out_s5/ova_c4_iptm80_21i_c2/seed-1_sample-2/ova_c4_iptm80_21i_c2_seed-1_sample-2_model.cif
ova_c4_iptm80_21i_c2	seed-1_sample-3	2	0.31	0.61	89.25279800138325	nan	nan	0.37	0.0	1	2	1	0	38	38	0	0.31	0.31	15.72	"{""A-B"": 38}"	[96, 98, 99, 155, 156, 157, 182, 183, 184, 191, 192, 195, 196, 208, 337, 338, 342, 344, 345, 347]	experiments/e149_final20_stoichiometry_v1/out_s5/ova_c4_iptm80_21i_c2/seed-1_sample-3/ova_c4_iptm80_21i_c2_seed-1_sample-3_summary_confidences.json	experiments/e149_final20_stoichiometry_v1/out_s5/ova_c4_iptm80_21i_c2/seed-1_sample-3/ova_c4_iptm80_21i_c2_seed-1_sample-3_model.cif
ova_c4_iptm80_21i_c2	seed-1_sample-4	2	0.34	0.63	89.39347156465362	nan	nan	0.4	0.0	1	2	1	0	48	48	0	0.34	0.34	15.11	"{""A-B"": 48}"	[96, 98, 99, 155, 156, 157, 182, 183, 184, 191, 192, 195, 196, 208, 337, 338, 339, 340, 342, 343, 345, 346]	experiments/e149_final20_stoichiometry_v1/out_s5/ova_c4_iptm80_21i_c2/seed-1_sample-4/ova_c4_iptm80_21i_c2_seed-1_sample-4_summary_confidences.json	experiments/e149_final20_stoichiometry_v1/out_s5/ova_c4_iptm80_21i_c2/seed-1_sample-4/ova_c4_iptm80_21i_c2_seed-1_sample-4_model.cif
ova_c4_iptm80_21i_c2	seed-2_sample-0	2	0.37	0.64	89.63069932571965	nan	nan	0.42	0.0	1	2	1	0	49	49	0	0.37	0.37	12.3	"{""A-B"": 49}"	[94, 95, 96, 97, 98, 99, 151, 155, 156, 157, 182, 183, 184, 190, 191, 192, 194, 195, 196, 208, 337, 338, 340, 342, 344, 347]	experiments/e149_final20_stoichiometry_v1/out_s5/ova_c4_iptm80_21i_c2/seed-2_sample-0/ova_c4_iptm80_21i_c2_seed-2_sample-0_summary_confidences.json	experiments/e149_final20_stoichiometry_v1/out_s5/ova_c4_iptm80_21i_c2/seed-2_sample-0/ova_c4_iptm80_21i_c2_seed-2_sample-0_model.cif
ova_c4_iptm80_21i_c2	seed-2_sample-1	2	0.36	0.64	89.51803129324641	nan	nan	0.41	0.0	1	2	1	0	52	52	0	0.36	0.36	12.45	"{""A-B"": 52}"	[94, 95, 96, 97, 98, 99, 155, 156, 157, 182, 183, 184, 190, 191, 192, 194, 195, 196, 208, 336, 337, 338, 340, 342, 343, 344]	experiments/e149_final20_stoichiometry_v1/out_s5/ova_c4_iptm80_21i_c2/seed-2_sample-1/ova_c4_iptm80_21i_c2_seed-2_sample-1_summary_confidences.json	experiments/e149_final20_stoichiometry_v1/out_s5/ova_c4_iptm80_21i_c2/seed-2_sample-1/ova_c4_iptm80_21i_c2_seed-2_sample-1_model.cif
ova_c4_iptm80_21i_c2	seed-2_sample-2	2	0.4	0.66	89.64803119521066	nan	nan	0.45	0.0	1	2	1	0	50	50	0	0.4	0.4	11.78	"{""A-B"": 50}"	[94, 95, 96, 97, 98, 99, 151, 155, 156, 157, 182, 183, 184, 190, 191, 192, 194, 195, 196, 208, 337, 338, 340, 342, 344, 345, 346]	experiments/e149_final20_stoichiometry_v1/out_s5/ova_c4_iptm80_21i_c2/seed-2_sample-2/ova_c4_iptm80_21i_c2_seed-2_sample-2_summary_confidences.json	experiments/e149_final20_stoichiometry_v1/out_s5/ova_c4_iptm80_21i_c2/seed-2_sample-2/ova_c4_iptm80_21i_c2_seed-2_sample-2_model.cif
ova_c4_iptm80_21i_c2	seed-2_sample-3	2	0.37	0.64	89.60295340187191	nan	nan	0.42	0.0	1	2	1	0	58	58	0	0.37	0.37	12.65	"{""A-B"": 58}"	[94, 95, 96, 97, 98, 99, 155, 156, 182, 184, 190, 191, 192, 193, 195, 196, 337, 338, 339, 340, 342, 343, 344, 345]	experiments/e149_final20_stoichiometry_v1/out_s5/ova_c4_iptm80_21i_c2/seed-2_sample-3/ova_c4_iptm80_21i_c2_seed-2_sample-3_summary_confidences.json	experiments/e149_final20_stoichiometry_v1/out_s5/ova_c4_iptm80_21i_c2/seed-2_sample-3/ova_c4_iptm80_21i_c2_seed-2_sample-3_model.cif
ova_c4_iptm80_21i_c2	seed-2_sample-4	2	0.33	0.62	89.23349751091992	nan	nan	0.39	0.0	1	2	1	0	41	41	0	0.33	0.33	12.78	"{""A-B"": 41}"	[95, 96, 98, 99, 155, 156, 157, 159, 182, 183, 184, 191, 192, 193, 195, 196, 208, 337, 338, 339, 340, 342, 345, 346]	experiments/e149_final20_stoichiometry_v1/out_s5/ova_c4_iptm80_21i_c2/seed-2_sample-4/ova_c4_iptm80_21i_c2_seed-2_sample-4_summary_confidences.json	experiments/e149_final20_stoichiometry_v1/out_s5/ova_c4_iptm80_21i_c2/seed-2_sample-4/ova_c4_iptm80_21i_c2_seed-2_sample-4_model.cif
ova_c4_iptm80_21i_c2	seed-3_sample-0	2	0.13	0.53	87.47945610599814	nan	nan	0.21	0.0	1	2	1	0	128	128	0	0.13	0.13	24.37	"{""A-B"": 128}"	[1, 2, 3, 4, 5, 6, 63, 64, 65, 68, 72, 75, 76, 78, 79, 82, 83, 86, 90, 124, 125, 216, 217, 219, 234, 237, 238, 239, 241, 266, 270, 271, 272, 274, 275, 276, 277, 278, 345, 346, 347, 349, 350, 351, 354, 355, 372, 373, 374, 375]	experiments/e149_final20_stoichiometry_v1/out_s5/ova_c4_iptm80_21i_c2/seed-3_sample-0/ova_c4_iptm80_21i_c2_seed-3_sample-0_summary_confidences.json	experiments/e149_final20_stoichiometry_v1/out_s5/ova_c4_iptm80_21i_c2/seed-3_sample-0/ova_c4_iptm80_21i_c2_seed-3_sample-0_model.cif
ova_c4_iptm80_21i_c2	seed-3_sample-1	2	0.2	0.56	88.168082864791	nan	nan	0.27	0.0	1	2	1	0	44	44	0	0.2	0.2	20.11	"{""A-B"": 44}"	[86, 87, 90, 95, 96, 97, 217, 219, 234, 237, 238, 239, 270, 271, 272, 276, 340, 341, 342, 345, 346, 371, 372, 373, 374]	experiments/e149_final20_stoichiometry_v1/out_s5/ova_c4_iptm80_21i_c2/seed-3_sample-1/ova_c4_iptm80_21i_c2_seed-3_sample-1_summary_confidences.json	experiments/e149_final20_stoichiometry_v1/out_s5/ova_c4_iptm80_21i_c2/seed-3_sample-1/ova_c4_iptm80_21i_c2_seed-3_sample-1_model.cif
ova_c4_iptm80_21i_c2	seed-3_sample-2	2	0.18	0.55	87.89261653880381	nan	nan	0.25	0.0	1	2	1	0	78	78	0	0.18	0.18	20.5	"{""A-B"": 78}"	[94, 95, 96, 97, 98, 99, 151, 152, 155, 156, 157, 182, 183, 184, 188, 190, 191, 192, 194, 195, 196, 208, 210, 236, 336, 337, 338, 339, 340, 342, 343, 348]	experiments/e149_final20_stoichiometry_v1/out_s5/ova_c4_iptm80_21i_c2/seed-3_sample-2/ova_c4_iptm80_21i_c2_seed-3_sample-2_summary_confidences.json	experiments/e149_final20_stoichiometry_v1/out_s5/ova_c4_iptm80_21i_c2/seed-3_sample-2/ova_c4_iptm80_21i_c2_seed-3_sample-2_model.cif
ova_c4_iptm80_21i_c2	seed-3_sample-3	2	0.2	0.56	87.93248690471748	nan	nan	0.27	0.0	1	2	1	0	56	56	0	0.2	0.2	20.07	"{""A-B"": 56}"	[86, 87, 89, 90, 93, 95, 96, 97, 186, 187, 217, 219, 234, 236, 237, 238, 239, 271, 272, 275, 276, 278, 340, 341, 342, 343, 344, 347, 349, 371, 372, 373, 374]	experiments/e149_final20_stoichiometry_v1/out_s5/ova_c4_iptm80_21i_c2/seed-3_sample-3/ova_c4_iptm80_21i_c2_seed-3_sample-3_summary_confidences.json	experiments/e149_final20_stoichiometry_v1/out_s5/ova_c4_iptm80_21i_c2/seed-3_sample-3/ova_c4_iptm80_21i_c2_seed-3_sample-3_model.cif
ova_c4_iptm80_21i_c2	seed-3_sample-4	2	0.2	0.56	88.13007771783542	nan	nan	0.27	0.0	1	2	1	0	39	39	0	0.2	0.2	20.73	"{""A-B"": 39}"	[96, 97, 98, 99, 151, 155, 156, 157, 159, 182, 183, 184, 191, 192, 195, 196, 208, 337, 338, 348]	experiments/e149_final20_stoichiometry_v1/out_s5/ova_c4_iptm80_21i_c2/seed-3_sample-4/ova_c4_iptm80_21i_c2_seed-3_sample-4_summary_confidences.json	experiments/e149_final20_stoichiometry_v1/out_s5/ova_c4_iptm80_21i_c2/seed-3_sample-4/ova_c4_iptm80_21i_c2_seed-3_sample-4_model.cif
ova_c4_iptm80_21i_c3	seed-1_sample-0	3	0.15	0.41	86.71233157419788	nan	nan	0.2	0.0	3	3	1	0	77	77	0	0.11	0.11	26.76	"{""A-B"": 13, ""A-C"": 38, ""B-C"": 26}"	[1, 2, 3, 5, 6, 64, 65, 68, 79, 82, 83, 86, 90, 96, 191, 217, 262, 263, 266, 267, 270, 271, 272, 340, 341, 342, 343, 344, 345, 346, 347, 348, 349, 350, 373]	experiments/e149_final20_stoichiometry_v1/out_s2/ova_c4_iptm80_21i_c3/seed-1_sample-0/ova_c4_iptm80_21i_c3_seed-1_sample-0_summary_confidences.json	experiments/e149_final20_stoichiometry_v1/out_s2/ova_c4_iptm80_21i_c3/seed-1_sample-0/ova_c4_iptm80_21i_c3_seed-1_sample-0_model.cif
ova_c4_iptm80_21i_c3	seed-1_sample-1	3	0.19	0.44	86.52186516282472	nan	nan	0.24	0.0	3	3	1	0	114	114	0	0.13	0.13	21.11	"{""A-B"": 44, ""A-C"": 17, ""B-C"": 53}"	[94, 95, 96, 97, 98, 99, 155, 156, 182, 183, 184, 186, 187, 190, 191, 192, 193, 195, 196, 208, 214, 215, 216, 217, 234, 238, 278, 337, 338, 339, 340, 341, 342, 343, 344, 345, 346, 347, 348, 349, 350, 351, 354]	experiments/e149_final20_stoichiometry_v1/out_s2/ova_c4_iptm80_21i_c3/seed-1_sample-1/ova_c4_iptm80_21i_c3_seed-1_sample-1_summary_confidences.json	experiments/e149_final20_stoichiometry_v1/out_s2/ova_c4_iptm80_21i_c3/seed-1_sample-1/ova_c4_iptm80_21i_c3_seed-1_sample-1_model.cif
ova_c4_iptm80_21i_c3	seed-1_sample-2	3	0.15	0.41	86.1608289906398	nan	nan	0.2	0.0	3	3	1	0	164	164	0	0.12	0.12	25.83	"{""A-B"": 105, ""A-C"": 33, ""B-C"": 26}"	[1, 2, 3, 4, 5, 6, 63, 64, 65, 68, 69, 70, 75, 76, 77, 79, 82, 83, 86, 90, 93, 94, 95, 96, 97, 99, 101, 155, 156, 157, 182, 184, 217, 219, 232, 234, 236, 237, 238, 239, 241, 266, 270, 271, 272, 274, 275, 276, 277, 278, 338, 340, 342, 343, 344, 345, 346, 348, 349, 350, 351, 354, 372, 373, 375]	experiments/e149_final20_stoichiometry_v1/out_s2/ova_c4_iptm80_21i_c3/seed-1_sample-2/ova_c4_iptm80_21i_c3_seed-1_sample-2_summary_confidences.json	experiments/e149_final20_stoichiometry_v1/out_s2/ova_c4_iptm80_21i_c3/seed-1_sample-2/ova_c4_iptm80_21i_c3_seed-1_sample-2_model.cif
ova_c4_iptm80_21i_c3	seed-1_sample-3	3	0.18	0.43	86.85238329240077	nan	nan	0.23	0.0	3	3	1	0	96	96	0	0.13	0.13	22.27	"{""A-B"": 25, ""A-C"": 16, ""B-C"": 55}"	[94, 95, 96, 97, 98, 99, 151, 155, 156, 157, 182, 184, 190, 191, 192, 194, 195, 196, 208, 236, 237, 238, 239, 271, 337, 338, 340, 341, 342, 343, 344, 345, 346, 347, 348, 349]	experiments/e149_final20_stoichiometry_v1/out_s2/ova_c4_iptm80_21i_c3/seed-1_sample-3/ova_c4_iptm80_21i_c3_seed-1_sample-3_summary_confidences.json	experiments/e149_final20_stoichiometry_v1/out_s2/ova_c4_iptm80_21i_c3/seed-1_sample-3/ova_c4_iptm80_21i_c3_seed-1_sample-3_model.cif
ova_c4_iptm80_21i_c3	seed-1_sample-4	3	0.15	0.42	86.33494829760932	nan	nan	0.21	0.0	3	3	1	0	142	142	0	0.12	0.12	26.46	"{""A-B"": 47, ""A-C"": 47, ""B-C"": 48}"	[1, 2, 94, 95, 96, 110, 113, 114, 119, 120, 123, 124, 132, 133, 134, 138, 141, 142, 144, 145, 148, 149, 151, 152, 186, 187, 217, 219, 236, 271, 272, 275, 276, 277, 278, 340, 341, 344, 345, 346, 349, 372, 373]	experiments/e149_final20_stoichiometry_v1/out_s2/ova_c4_iptm80_21i_c3/seed-1_sample-4/ova_c4_iptm80_21i_c3_seed-1_sample-4_summary_confidences.json	experiments/e149_final20_stoichiometry_v1/out_s2/ova_c4_iptm80_21i_c3/seed-1_sample-4/ova_c4_iptm80_21i_c3_seed-1_sample-4_model.cif
ova_c4_iptm80_21i_c3	seed-2_sample-0	3	0.17	0.43	86.99238337383369	nan	nan	0.22	0.0	3	3	1	0	89	89	0	0.13	0.13	22.12	"{""A-B"": 9, ""A-C"": 54, ""B-C"": 26}"	[94, 95, 96, 97, 99, 155, 182, 184, 186, 187, 188, 191, 192, 216, 217, 236, 238, 276, 278, 334, 336, 337, 338, 339, 340, 341, 342, 343, 344, 345, 346, 347, 349, 351]	experiments/e149_final20_stoichiometry_v1/out_s2/ova_c4_iptm80_21i_c3/seed-2_sample-0/ova_c4_iptm80_21i_c3_seed-2_sample-0_summary_confidences.json	experiments/e149_final20_stoichiometry_v1/out_s2/ova_c4_iptm80_21i_c3/seed-2_sample-0/ova_c4_iptm80_21i_c3_seed-2_sample-0_model.cif
ova_c4_iptm80_21i_c3	seed-2_sample-1	3	0.16	0.42	86.8689896084484	nan	nan	0.21	0.0	3	3	1	0	139	139	0	0.12	0.12	22.0	"{""A-B"": 44, ""A-C"": 48, ""B-C"": 47}"	[94, 95, 96, 97, 99, 155, 156, 157, 182, 184, 186, 187, 188, 191, 216, 217, 234, 276, 277, 278, 334, 336, 337, 338, 339, 340, 341, 342, 343, 344, 345, 346, 347, 348, 349, 350, 351, 354, 355, 356]	experiments/e149_final20_stoichiometry_v1/out_s2/ova_c4_iptm80_21i_c3/seed-2_sample-1/ova_c4_iptm80_21i_c3_seed-2_sample-1_summary_confidences.json	experiments/e149_final20_stoichiometry_v1/out_s2/ova_c4_iptm80_21i_c3/seed-2_sample-1/ova_c4_iptm80_21i_c3_seed-2_sample-1_model.cif
ova_c4_iptm80_21i_c3	seed-2_sample-2	3	0.15	0.42	86.58870466756079	nan	nan	0.21	0.0	3	3	1	0	126	126	0	0.12	0.12	22.53	"{""A-B"": 42, ""A-C"": 42, ""B-C"": 42}"	[94, 95, 96, 99, 155, 184, 188, 191, 192, 216, 217, 219, 232, 234, 241, 270, 271, 272, 274, 276, 278, 338, 339, 340, 341, 342, 343, 344, 345, 346, 347, 349, 350, 351, 354, 372]	experiments/e149_final20_stoichiometry_v1/out_s2/ova_c4_iptm80_21i_c3/seed-2_sample-2/ova_c4_iptm80_21i_c3_seed-2_sample-2_summary_confidences.json	experiments/e149_final20_stoichiometry_v1/out_s2/ova_c4_iptm80_21i_c3/seed-2_sample-2/ova_c4_iptm80_21i_c3_seed-2_sample-2_model.cif
ova_c4_iptm80_21i_c3	seed-2_sample-3	3	0.19	0.44	86.86634709056796	nan	nan	0.24	0.0	3	3	1	0	68	68	0	0.13	0.13	22.67	"{""A-B"": 35, ""A-C"": 20, ""B-C"": 13}"	[94, 95, 96, 98, 99, 155, 156, 157, 182, 184, 190, 191, 192, 193, 194, 195, 196, 217, 337, 338, 341, 342, 343, 344, 345, 346, 347, 348, 349]	experiments/e149_final20_stoichiometry_v1/out_s2/ova_c4_iptm80_21i_c3/seed-2_sample-3/ova_c4_iptm80_21i_c3_seed-2_sample-3_summary_confidences.json	experiments/e149_final20_stoichiometry_v1/out_s2/ova_c4_iptm80_21i_c3/seed-2_sample-3/ova_c4_iptm80_21i_c3_seed-2_sample-3_model.cif
ova_c4_iptm80_21i_c3	seed-2_sample-4	3	0.15	0.41	86.59756463796981	nan	nan	0.2	0.0	3	3	1	0	176	176	0	0.12	0.12	26.76	"{""A-B"": 39, ""A-C"": 109, ""B-C"": 28}"	[92, 93, 94, 95, 96, 97, 99, 101, 105, 110, 127, 128, 129, 131, 132, 133, 134, 138, 140, 141, 142, 144, 145, 147, 148, 149, 151, 152, 153, 154, 155, 156, 157, 159, 160, 163, 164, 165, 180, 182, 183, 184, 188, 191, 192, 193, 194, 195, 196, 199, 207, 208, 209, 210, 236, 334, 336, 337, 338, 339, 340, 341, 342, 343, 344, 345, 385]	experiments/e149_final20_stoichiometry_v1/out_s2/ova_c4_iptm80_21i_c3/seed-2_sample-4/ova_c4_iptm80_21i_c3_seed-2_sample-4_summary_confidences.json	experiments/e149_final20_stoichiometry_v1/out_s2/ova_c4_iptm80_21i_c3/seed-2_sample-4/ova_c4_iptm80_21i_c3_seed-2_sample-4_model.cif
ova_c4_iptm80_21i_c3	seed-3_sample-0	3	0.16	0.42	85.83349738837524	nan	nan	0.22	0.0	3	3	1	0	210	210	0	0.13	0.13	25.84	"{""A-B"": 71, ""A-C"": 69, ""B-C"": 70}"	[1, 3, 4, 64, 71, 73, 74, 75, 83, 86, 87, 90, 94, 95, 96, 110, 113, 114, 116, 119, 120, 121, 123, 124, 127, 128, 132, 133, 134, 138, 141, 142, 144, 145, 148, 149, 151, 152, 153, 186, 187, 216, 217, 219, 236, 238, 239, 271, 272, 275, 276, 277, 278, 340, 341, 343, 349, 350, 372, 373, 374, 375]	experiments/e149_final20_stoichiometry_v1/out_s2/ova_c4_iptm80_21i_c3/seed-3_sample-0/ova_c4_iptm80_21i_c3_seed-3_sample-0_summary_confidences.json	experiments/e149_final20_stoichiometry_v1/out_s2/ova_c4_iptm80_21i_c3/seed-3_sample-0/ova_c4_iptm80_21i_c3_seed-3_sample-0_model.cif
ova_c4_iptm80_21i_c3	seed-3_sample-1	3	0.14	0.4	85.90766844477679	nan	nan	0.19	0.0	3	3	1	0	226	226	0	0.11	0.11	26.48	"{""A-B"": 74, ""A-C"": 77, ""B-C"": 75}"	[22, 23, 24, 25, 26, 27, 93, 94, 95, 96, 97, 98, 99, 101, 140, 144, 148, 151, 152, 153, 155, 156, 157, 163, 164, 165, 182, 183, 184, 188, 191, 192, 195, 196, 197, 198, 200, 201, 202, 203, 204, 205, 206, 207, 208, 209, 293, 334, 336, 337, 338, 339, 384, 385]	experiments/e149_final20_stoichiometry_v1/out_s2/ova_c4_iptm80_21i_c3/seed-3_sample-1/ova_c4_iptm80_21i_c3_seed-3_sample-1_summary_confidences.json	experiments/e149_final20_stoichiometry_v1/out_s2/ova_c4_iptm80_21i_c3/seed-3_sample-1/ova_c4_iptm80_21i_c3_seed-3_sample-1_model.cif
ova_c4_iptm80_21i_c3	seed-3_sample-2	3	0.14	0.41	85.73088082624841	nan	nan	0.2	0.0	3	3	1	0	120	120	0	0.11	0.11	25.25	"{""A-B"": 39, ""A-C"": 41, ""B-C"": 40}"	[70, 71, 73, 90, 91, 93, 94, 95, 96, 97, 148, 152, 156, 184, 188, 190, 192, 236, 237, 238, 239, 241, 271, 274, 275, 276, 338, 339, 340, 341, 342, 343, 345, 347, 348, 349, 372, 373, 374]	experiments/e149_final20_stoichiometry_v1/out_s2/ova_c4_iptm80_21i_c3/seed-3_sample-2/ova_c4_iptm80_21i_c3_seed-3_sample-2_summary_confidences.json	experiments/e149_final20_stoichiometry_v1/out_s2/ova_c4_iptm80_21i_c3/seed-3_sample-2/ova_c4_iptm80_21i_c3_seed-3_sample-2_model.cif
ova_c4_iptm80_21i_c3	seed-3_sample-3	3	0.19	0.44	86.99386022498571	nan	nan	0.24	0.0	3	3	1	0	102	102	0	0.16	0.16	20.79	"{""A-B"": 33, ""A-C"": 47, ""B-C"": 22}"	[82, 83, 86, 90, 93, 95, 96, 97, 99, 182, 183, 184, 187, 188, 190, 191, 192, 215, 216, 217, 234, 236, 238, 239, 271, 272, 275, 276, 278, 336, 337, 338, 339, 340, 341, 342, 343, 344, 345, 346, 347, 348, 349, 350, 351, 354, 373, 374]	experiments/e149_final20_stoichiometry_v1/out_s2/ova_c4_iptm80_21i_c3/seed-3_sample-3/ova_c4_iptm80_21i_c3_seed-3_sample-3_summary_confidences.json	experiments/e149_final20_stoichiometry_v1/out_s2/ova_c4_iptm80_21i_c3/seed-3_sample-3/ova_c4_iptm80_21i_c3_seed-3_sample-3_model.cif
ova_c4_iptm80_21i_c3	seed-3_sample-4	3	0.15	0.41	85.77725388719628	nan	nan	0.2	0.0	3	3	1	0	163	163	0	0.12	0.12	22.31	"{""A-B"": 56, ""A-C"": 52, ""B-C"": 55}"	[93, 94, 95, 96, 97, 98, 99, 155, 156, 157, 182, 183, 184, 186, 188, 191, 192, 216, 217, 234, 236, 237, 238, 276, 278, 336, 337, 338, 339, 340, 341, 342, 343, 344, 345, 346, 347, 350, 351]	experiments/e149_final20_stoichiometry_v1/out_s2/ova_c4_iptm80_21i_c3/seed-3_sample-4/ova_c4_iptm80_21i_c3_seed-3_sample-4_summary_confidences.json	experiments/e149_final20_stoichiometry_v1/out_s2/ova_c4_iptm80_21i_c3/seed-3_sample-4/ova_c4_iptm80_21i_c3_seed-3_sample-4_model.cif
ova_c4_iptm80_21i_c5	seed-1_sample-0	5	0.46	0.56	86.83727983860155	nan	nan	0.48	0.0	8	5	1	0	217	217	0	0.11	0.415	12.79	"{""A-B"": 8, ""A-C"": 52, ""A-D"": 26, ""A-E"": 0, ""B-C"": 27, ""B-D"": 56, ""B-E"": 11, ""C-D"": 8, ""C-E"": 0, ""D-E"": 29}"	[22, 23, 24, 25, 26, 86, 90, 95, 96, 97, 98, 99, 140, 144, 148, 151, 156, 159, 160, 163, 164, 165, 182, 184, 190, 191, 192, 193, 195, 196, 202, 204, 205, 207, 208, 210, 216, 217, 236, 271, 272, 276, 277, 278, 287, 289, 291, 338, 339, 340, 341, 342, 343, 344, 345, 346, 347, 348, 349, 350, 351, 354, 373, 374, 385]	experiments/e149_final20_stoichiometry_v1/out_s5/ova_c4_iptm80_21i_c5/seed-1_sample-0/ova_c4_iptm80_21i_c5_seed-1_sample-0_summary_confidences.json	experiments/e149_final20_stoichiometry_v1/out_s5/ova_c4_iptm80_21i_c5/seed-1_sample-0/ova_c4_iptm80_21i_c5_seed-1_sample-0_model.cif
ova_c4_iptm80_21i_c5	seed-1_sample-1	5	0.28	0.41	85.79878251663762	nan	nan	0.3	0.0	5	5	1	0	150	150	0	0.12	0.18	18.68	"{""A-B"": 0, ""A-C"": 40, ""A-D"": 31, ""A-E"": 0, ""B-C"": 0, ""B-D"": 41, ""B-E"": 19, ""C-D"": 0, ""C-E"": 19, ""D-E"": 0}"	[94, 96, 97, 98, 99, 155, 182, 184, 188, 190, 191, 192, 195, 216, 217, 236, 275, 276, 277, 278, 336, 337, 338, 339, 340, 342, 343, 344, 345, 346, 347, 348, 349, 350, 351, 354, 355, 356]	experiments/e149_final20_stoichiometry_v1/out_s5/ova_c4_iptm80_21i_c5/seed-1_sample-1/ova_c4_iptm80_21i_c5_seed-1_sample-1_summary_confidences.json	experiments/e149_final20_stoichiometry_v1/out_s5/ova_c4_iptm80_21i_c5/seed-1_sample-1/ova_c4_iptm80_21i_c5_seed-1_sample-1_model.cif
ova_c4_iptm80_21i_c5	seed-1_sample-2	5	0.49	0.58	86.95370468574484	nan	nan	0.51	0.0	8	5	1	0	265	265	0	0.1	0.445	11.940000000000001	"{""A-B"": 20, ""A-C"": 66, ""A-D"": 25, ""A-E"": 0, ""B-C"": 27, ""B-D"": 66, ""B-E"": 6, ""C-D"": 20, ""C-E"": 0, ""D-E"": 35}"	[1, 2, 86, 87, 90, 94, 95, 96, 97, 98, 99, 144, 151, 152, 155, 156, 159, 160, 163, 164, 182, 184, 188, 190, 191, 192, 193, 196, 197, 198, 200, 204, 205, 206, 207, 208, 216, 217, 236, 237, 266, 270, 271, 272, 276, 277, 278, 289, 291, 293, 296, 337, 338, 339, 340, 341, 342, 343, 344, 345, 346, 347, 348, 349, 350, 351, 354, 373, 374, 375]	experiments/e149_final20_stoichiometry_v1/out_s5/ova_c4_iptm80_21i_c5/seed-1_sample-2/ova_c4_iptm80_21i_c5_seed-1_sample-2_summary_confidences.json	experiments/e149_final20_stoichiometry_v1/out_s5/ova_c4_iptm80_21i_c5/seed-1_sample-2/ova_c4_iptm80_21i_c5_seed-1_sample-2_model.cif
ova_c4_iptm80_21i_c5	seed-1_sample-3	5	0.42	0.52	86.75715026460163	nan	nan	0.44	0.0	8	5	1	0	274	274	0	0.1	0.385	14.29	"{""A-B"": 10, ""A-C"": 66, ""A-D"": 28, ""A-E"": 0, ""B-C"": 28, ""B-D"": 65, ""B-E"": 39, ""C-D"": 8, ""C-E"": 30, ""D-E"": 0}"	[4, 64, 65, 67, 68, 69, 70, 71, 72, 73, 82, 83, 86, 87, 90, 95, 96, 97, 98, 99, 182, 184, 188, 190, 191, 192, 193, 203, 216, 217, 222, 224, 225, 226, 227, 234, 236, 237, 238, 239, 241, 248, 249, 250, 251, 271, 272, 276, 277, 278, 337, 338, 339, 340, 341, 342, 343, 344, 345, 346, 347, 348, 349, 350, 351, 352, 353, 354, 356, 357, 358, 360, 362, 372, 373, 374, 375]	experiments/e149_final20_stoichiometry_v1/out_s5/ova_c4_iptm80_21i_c5/seed-1_sample-3/ova_c4_iptm80_21i_c5_seed-1_sample-3_summary_confidences.json	experiments/e149_final20_stoichiometry_v1/out_s5/ova_c4_iptm80_21i_c5/seed-1_sample-3/ova_c4_iptm80_21i_c5_seed-1_sample-3_model.cif
ova_c4_iptm80_21i_c5	seed-1_sample-4	5	0.42	0.52	86.21880835696206	nan	nan	0.44	0.0	8	5	1	0	270	270	0	0.11	0.37	14.545	"{""A-B"": 8, ""A-C"": 57, ""A-D"": 34, ""A-E"": 42, ""B-C"": 39, ""B-D"": 58, ""B-E"": 2, ""C-D"": 8, ""C-E"": 0, ""D-E"": 22}"	[86, 90, 93, 94, 95, 96, 97, 98, 99, 182, 184, 187, 188, 190, 191, 192, 193, 215, 216, 217, 222, 224, 236, 271, 272, 275, 276, 277, 278, 337, 338, 339, 340, 341, 342, 343, 344, 345, 346, 347, 348, 349, 350, 351, 352, 353, 354, 355, 356, 357, 358, 373, 374]	experiments/e149_final20_stoichiometry_v1/out_s5/ova_c4_iptm80_21i_c5/seed-1_sample-4/ova_c4_iptm80_21i_c5_seed-1_sample-4_summary_confidences.json	experiments/e149_final20_stoichiometry_v1/out_s5/ova_c4_iptm80_21i_c5/seed-1_sample-4/ova_c4_iptm80_21i_c5_seed-1_sample-4_model.cif
ova_c4_iptm80_21i_c5	seed-2_sample-0	5	0.46	0.56	87.2723836157606	nan	nan	0.48	0.0	8	5	1	0	191	191	0	0.12	0.41	12.635	"{""A-B"": 9, ""A-C"": 62, ""A-D"": 19, ""A-E"": 0, ""B-C"": 17, ""B-D"": 58, ""B-E"": 10, ""C-D"": 9, ""C-E"": 0, ""D-E"": 7}"	[86, 90, 95, 96, 97, 98, 99, 140, 144, 147, 156, 159, 160, 164, 182, 184, 188, 190, 191, 192, 193, 204, 205, 207, 208, 209, 216, 217, 236, 237, 271, 272, 276, 278, 337, 338, 339, 340, 341, 342, 343, 344, 345, 346, 347, 348, 349, 350, 354, 373, 374]	experiments/e149_final20_stoichiometry_v1/out_s5/ova_c4_iptm80_21i_c5/seed-2_sample-0/ova_c4_iptm80_21i_c5_seed-2_sample-0_summary_confidences.json	experiments/e149_final20_stoichiometry_v1/out_s5/ova_c4_iptm80_21i_c5/seed-2_sample-0/ova_c4_iptm80_21i_c5_seed-2_sample-0_model.cif
ova_c4_iptm80_21i_c5	seed-2_sample-1	5	0.45	0.55	86.43046627143504	nan	nan	0.47	0.0	8	5	1	0	202	202	0	0.12	0.395	14.135000000000002	"{""A-B"": 12, ""A-C"": 51, ""A-D"": 13, ""A-E"": 25, ""B-C"": 25, ""B-D"": 3, ""B-E"": 48, ""C-D"": 0, ""C-E"": 10, ""D-E"": 15}"	[3, 86, 87, 90, 95, 96, 97, 98, 99, 182, 184, 188, 190, 191, 192, 193, 216, 217, 219, 232, 234, 236, 237, 238, 239, 241, 270, 271, 272, 276, 277, 278, 337, 338, 339, 340, 341, 342, 343, 344, 345, 346, 347, 348, 349, 350, 351, 353, 354, 355, 356, 357, 358, 372, 373, 374, 375]	experiments/e149_final20_stoichiometry_v1/out_s5/ova_c4_iptm80_21i_c5/seed-2_sample-1/ova_c4_iptm80_21i_c5_seed-2_sample-1_summary_confidences.json	experiments/e149_final20_stoichiometry_v1/out_s5/ova_c4_iptm80_21i_c5/seed-2_sample-1/ova_c4_iptm80_21i_c5_seed-2_sample-1_model.cif
ova_c4_iptm80_21i_c5	seed-2_sample-2	5	0.44	0.54	87.13857516352995	nan	nan	0.46	0.0	8	5	1	0	204	204	0	0.1	0.42000000000000004	13.350000000000001	"{""A-B"": 8, ""A-C"": 59, ""A-D"": 19, ""A-E"": 4, ""B-C"": 23, ""B-D"": 56, ""B-E"": 22, ""C-D"": 8, ""C-E"": 5, ""D-E"": 0}"	[64, 65, 68, 70, 73, 79, 82, 83, 85, 86, 89, 90, 95, 96, 97, 98, 99, 124, 182, 184, 188, 190, 191, 192, 193, 216, 217, 224, 225, 227, 236, 248, 249, 271, 272, 276, 278, 337, 338, 339, 340, 341, 342, 343, 344, 345, 346, 347, 348, 349, 350, 351, 353, 354, 356, 357, 372, 373, 374]	experiments/e149_final20_stoichiometry_v1/out_s5/ova_c4_iptm80_21i_c5/seed-2_sample-2/ova_c4_iptm80_21i_c5_seed-2_sample-2_summary_confidences.json	experiments/e149_final20_stoichiometry_v1/out_s5/ova_c4_iptm80_21i_c5/seed-2_sample-2/ova_c4_iptm80_21i_c5_seed-2_sample-2_model.cif
ova_c4_iptm80_21i_c5	seed-2_sample-3	5	0.43	0.53	87.19038877338943	nan	nan	0.45	0.0	8	5	1	0	254	254	0	0.12	0.395	13.495000000000001	"{""A-B"": 8, ""A-C"": 54, ""A-D"": 29, ""A-E"": 0, ""B-C"": 27, ""B-D"": 54, ""B-E"": 41, ""C-D"": 9, ""C-E"": 30, ""D-E"": 2}"	[86, 90, 95, 96, 97, 98, 99, 182, 184, 186, 187, 190, 191, 192, 193, 214, 215, 216, 217, 234, 236, 271, 272, 275, 276, 277, 278, 280, 337, 338, 339, 340, 341, 342, 343, 344, 345, 346, 347, 348, 349, 350, 351, 352, 353, 354, 355, 356, 357, 358, 373, 374]	experiments/e149_final20_stoichiometry_v1/out_s5/ova_c4_iptm80_21i_c5/seed-2_sample-3/ova_c4_iptm80_21i_c5_seed-2_sample-3_summary_confidences.json	experiments/e149_final20_stoichiometry_v1/out_s5/ova_c4_iptm80_21i_c5/seed-2_sample-3/ova_c4_iptm80_21i_c5_seed-2_sample-3_model.cif
ova_c4_iptm80_21i_c5	seed-2_sample-4	5	0.3	0.43	86.24362680702012	nan	nan	0.32	0.0	8	5	1	0	167	167	0	0.2	0.175	21.045	"{""A-B"": 0, ""A-C"": 37, ""A-D"": 26, ""A-E"": 8, ""B-C"": 6, ""B-D"": 22, ""B-E"": 28, ""C-D"": 0, ""C-E"": 16, ""D-E"": 24}"	[82, 83, 86, 93, 94, 95, 96, 97, 98, 99, 152, 153, 155, 182, 184, 190, 191, 192, 193, 195, 196, 208, 213, 216, 217, 236, 237, 271, 272, 275, 276, 277, 278, 338, 339, 340, 341, 342, 343, 344, 345, 346, 347, 348, 349, 350, 351, 352, 354, 373, 374]	experiments/e149_final20_stoichiometry_v1/out_s5/ova_c4_iptm80_21i_c5/seed-2_sample-4/ova_c4_iptm80_21i_c5_seed-2_sample-4_summary_confidences.json	experiments/e149_final20_stoichiometry_v1/out_s5/ova_c4_iptm80_21i_c5/seed-2_sample-4/ova_c4_iptm80_21i_c5_seed-2_sample-4_model.cif
ova_c4_iptm80_21i_c5	seed-3_sample-0	5	0.41	0.51	87.21033672471121	nan	nan	0.43	0.0	8	5	1	0	248	248	0	0.11	0.365	14.685	"{""A-B"": 8, ""A-C"": 51, ""A-D"": 49, ""A-E"": 2, ""B-C"": 41, ""B-D"": 52, ""B-E"": 20, ""C-D"": 8, ""C-E"": 17, ""D-E"": 0}"	[86, 90, 95, 96, 97, 98, 99, 182, 184, 187, 188, 190, 191, 192, 193, 215, 216, 217, 236, 237, 238, 239, 271, 272, 276, 277, 278, 337, 338, 339, 340, 341, 342, 343, 344, 345, 346, 347, 348, 349, 350, 351, 353, 354, 356, 373, 374]	experiments/e149_final20_stoichiometry_v1/out_s5/ova_c4_iptm80_21i_c5/seed-3_sample-0/ova_c4_iptm80_21i_c5_seed-3_sample-0_summary_confidences.json	experiments/e149_final20_stoichiometry_v1/out_s5/ova_c4_iptm80_21i_c5/seed-3_sample-0/ova_c4_iptm80_21i_c5_seed-3_sample-0_model.cif
ova_c4_iptm80_21i_c5	seed-3_sample-1	5	0.45	0.54	87.4710622995011	nan	nan	0.47	0.0	8	5	1	0	213	213	0	0.11	0.42000000000000004	13.18	"{""A-B"": 9, ""A-C"": 64, ""A-D"": 25, ""A-E"": 0, ""B-C"": 22, ""B-D"": 61, ""B-E"": 11, ""C-D"": 9, ""C-E"": 12, ""D-E"": 0}"	[1, 86, 90, 95, 96, 97, 98, 99, 182, 184, 188, 190, 191, 192, 193, 204, 216, 217, 236, 237, 248, 271, 272, 275, 276, 277, 278, 337, 338, 339, 340, 341, 342, 343, 344, 345, 346, 347, 348, 349, 350, 351, 353, 354, 355, 356, 357, 373, 374]	experiments/e149_final20_stoichiometry_v1/out_s5/ova_c4_iptm80_21i_c5/seed-3_sample-1/ova_c4_iptm80_21i_c5_seed-3_sample-1_summary_confidences.json	experiments/e149_final20_stoichiometry_v1/out_s5/ova_c4_iptm80_21i_c5/seed-3_sample-1/ova_c4_iptm80_21i_c5_seed-3_sample-1_model.cif
ova_c4_iptm80_21i_c5	seed-3_sample-2	5	0.45	0.55	87.14049220702809	nan	nan	0.47	0.0	8	5	1	0	223	223	0	0.12	0.42	12.844999999999999	"{""A-B"": 8, ""A-C"": 60, ""A-D"": 26, ""A-E"": 12, ""B-C"": 25, ""B-D"": 60, ""B-E"": 0, ""C-D"": 8, ""C-E"": 0, ""D-E"": 24}"	[86, 90, 95, 96, 97, 98, 99, 182, 184, 188, 190, 191, 192, 193, 215, 216, 217, 236, 271, 272, 275, 276, 277, 278, 337, 338, 339, 340, 341, 342, 343, 344, 345, 346, 347, 348, 349, 350, 351, 352, 353, 354, 355, 356, 357, 373, 374]	experiments/e149_final20_stoichiometry_v1/out_s5/ova_c4_iptm80_21i_c5/seed-3_sample-2/ova_c4_iptm80_21i_c5_seed-3_sample-2_summary_confidences.json	experiments/e149_final20_stoichiometry_v1/out_s5/ova_c4_iptm80_21i_c5/seed-3_sample-2/ova_c4_iptm80_21i_c5_seed-3_sample-2_model.cif
ova_c4_iptm80_21i_c5	seed-3_sample-3	5	0.48	0.57	87.38810894032217	nan	nan	0.5	0.0	8	5	1	0	224	224	0	0.11	0.44	11.675	"{""A-B"": 8, ""A-C"": 63, ""A-D"": 29, ""A-E"": 0, ""B-C"": 30, ""B-D"": 65, ""B-E"": 7, ""C-D"": 8, ""C-E"": 0, ""D-E"": 14}"	[86, 90, 94, 95, 96, 97, 98, 99, 140, 144, 148, 151, 159, 160, 163, 164, 182, 184, 190, 191, 192, 193, 204, 205, 206, 207, 208, 216, 217, 236, 237, 271, 272, 276, 277, 278, 337, 338, 339, 340, 341, 342, 343, 344, 345, 346, 347, 348, 349, 350, 351, 354, 373, 374]	experiments/e149_final20_stoichiometry_v1/out_s5/ova_c4_iptm80_21i_c5/seed-3_sample-3/ova_c4_iptm80_21i_c5_seed-3_sample-3_summary_confidences.json	experiments/e149_final20_stoichiometry_v1/out_s5/ova_c4_iptm80_21i_c5/seed-3_sample-3/ova_c4_iptm80_21i_c5_seed-3_sample-3_model.cif
ova_c4_iptm80_21i_c5	seed-3_sample-4	5	0.44	0.54	87.09725375990793	nan	nan	0.46	0.0	8	5	1	0	222	222	0	0.12	0.4	13.25	"{""A-B"": 11, ""A-C"": 51, ""A-D"": 22, ""A-E"": 1, ""B-C"": 22, ""B-D"": 53, ""B-E"": 13, ""C-D"": 11, ""C-E"": 0, ""D-E"": 38}"	[86, 87, 90, 94, 95, 96, 97, 98, 99, 145, 148, 149, 152, 153, 155, 182, 184, 188, 190, 191, 192, 193, 195, 196, 197, 200, 203, 204, 208, 210, 216, 217, 236, 250, 271, 272, 276, 278, 337, 338, 339, 340, 341, 342, 343, 344, 345, 346, 347, 348, 349, 350, 351, 352, 353, 354, 356, 358, 360, 362, 363, 373, 374]	experiments/e149_final20_stoichiometry_v1/out_s5/ova_c4_iptm80_21i_c5/seed-3_sample-4/ova_c4_iptm80_21i_c5_seed-3_sample-4_summary_confidences.json	experiments/e149_final20_stoichiometry_v1/out_s5/ova_c4_iptm80_21i_c5/seed-3_sample-4/ova_c4_iptm80_21i_c5_seed-3_sample-4_model.cif
ova_c4_iptm80_21i_c6	seed-1_sample-0	6	0.42	0.51	87.08279794485458	nan	nan	0.44	0.0	12	6	1	0	240	240	0	0.45	0.27	12.65	"{""A-B"": 15, ""A-C"": 19, ""A-D"": 31, ""A-E"": 16, ""A-F"": 0, ""B-C"": 0, ""B-D"": 19, ""B-E"": 14, ""B-F"": 31, ""C-D"": 15, ""C-E"": 32, ""C-F"": 15, ""D-E"": 0, ""D-F"": 14, ""E-F"": 19}"	[1, 6, 64, 86, 87, 90, 94, 95, 96, 97, 155, 156, 157, 159, 188, 189, 191, 215, 216, 217, 239, 262, 263, 266, 267, 270, 271, 272, 276, 278, 336, 337, 338, 339, 340, 342, 345, 346, 347, 349, 350, 351, 353, 354, 355, 373, 374]	experiments/e149_final20_stoichiometry_v1/out_s6/ova_c4_iptm80_21i_c6/seed-1_sample-0/ova_c4_iptm80_21i_c6_seed-1_sample-0_summary_confidences.json	experiments/e149_final20_stoichiometry_v1/out_s6/ova_c4_iptm80_21i_c6/seed-1_sample-0/ova_c4_iptm80_21i_c6_seed-1_sample-0_model.cif
ova_c4_iptm80_21i_c6	seed-1_sample-1	6	0.4	0.49	86.3118652482107	nan	nan	0.42	0.0	12	6	1	0	256	256	0	0.42	0.255	13.32	"{""A-B"": 14, ""A-C"": 24, ""A-D"": 36, ""A-E"": 13, ""A-F"": 0, ""B-C"": 0, ""B-D"": 19, ""B-E"": 14, ""B-F"": 38, ""C-D"": 14, ""C-E"": 38, ""C-F"": 13, ""D-E"": 0, ""D-F"": 13, ""E-F"": 20}"	[1, 6, 64, 82, 83, 86, 87, 90, 94, 95, 96, 97, 151, 155, 156, 157, 159, 184, 188, 189, 191, 216, 217, 262, 263, 266, 267, 270, 271, 272, 276, 278, 336, 337, 338, 339, 340, 342, 345, 346, 349, 350, 351, 353, 354, 355, 373, 374]	experiments/e149_final20_stoichiometry_v1/out_s6/ova_c4_iptm80_21i_c6/seed-1_sample-1/ova_c4_iptm80_21i_c6_seed-1_sample-1_summary_confidences.json	experiments/e149_final20_stoichiometry_v1/out_s6/ova_c4_iptm80_21i_c6/seed-1_sample-1/ova_c4_iptm80_21i_c6_seed-1_sample-1_model.cif
ova_c4_iptm80_21i_c6	seed-1_sample-2	6	0.35	0.45	87.67515554082209	nan	nan	0.37	0.0	6	6	1	0	220	220	0	0.36	0.36	11.0	"{""A-B"": 0, ""A-C"": 24, ""A-D"": 51, ""A-E"": 0, ""A-F"": 0, ""B-C"": 0, ""B-D"": 25, ""B-E"": 0, ""B-F"": 47, ""C-D"": 0, ""C-E"": 49, ""C-F"": 0, ""D-E"": 0, ""D-F"": 0, ""E-F"": 24}"	[1, 6, 64, 83, 86, 87, 90, 94, 95, 96, 97, 98, 99, 155, 156, 182, 183, 184, 190, 191, 192, 193, 194, 195, 196, 208, 262, 263, 266, 267, 270, 271, 272, 337, 338, 340, 342, 344, 345, 348, 373, 374]	experiments/e149_final20_stoichiometry_v1/out_s6/ova_c4_iptm80_21i_c6/seed-1_sample-2/ova_c4_iptm80_21i_c6_seed-1_sample-2_summary_confidences.json	experiments/e149_final20_stoichiometry_v1/out_s6/ova_c4_iptm80_21i_c6/seed-1_sample-2/ova_c4_iptm80_21i_c6_seed-1_sample-2_model.cif
ova_c4_iptm80_21i_c6	seed-1_sample-3	6	0.43	0.51	86.99041447614759	nan	nan	0.45	0.0	12	6	1	0	255	255	0	0.45	0.28500000000000003	12.52	"{""A-B"": 12, ""A-C"": 20, ""A-D"": 40, ""A-E"": 12, ""A-F"": 0, ""B-C"": 0, ""B-D"": 19, ""B-E"": 13, ""B-F"": 41, ""C-D"": 12, ""C-E"": 40, ""C-F"": 13, ""D-E"": 0, ""D-F"": 12, ""E-F"": 21}"	[1, 3, 6, 86, 87, 90, 94, 95, 96, 97, 155, 156, 157, 159, 184, 188, 189, 190, 191, 192, 194, 216, 217, 262, 263, 266, 271, 272, 276, 278, 287, 337, 338, 339, 340, 342, 345, 346, 349, 350, 351, 353, 354, 355, 373, 374]	experiments/e149_final20_stoichiometry_v1/out_s6/ova_c4_iptm80_21i_c6/seed-1_sample-3/ova_c4_iptm80_21i_c6_seed-1_sample-3_summary_confidences.json	experiments/e149_final20_stoichiometry_v1/out_s6/ova_c4_iptm80_21i_c6/seed-1_sample-3/ova_c4_iptm80_21i_c6_seed-1_sample-3_model.cif
ova_c4_iptm80_21i_c6	seed-1_sample-4	6	0.42	0.51	86.98160626110018	nan	nan	0.44	0.0	12	6	1	0	250	250	0	0.44	0.28500000000000003	12.58	"{""A-B"": 13, ""A-C"": 17, ""A-D"": 41, ""A-E"": 13, ""A-F"": 0, ""B-C"": 0, ""B-D"": 17, ""B-E"": 12, ""B-F"": 43, ""C-D"": 12, ""C-E"": 41, ""C-F"": 12, ""D-E"": 0, ""D-F"": 13, ""E-F"": 16}"	[1, 6, 86, 87, 90, 94, 95, 96, 97, 155, 156, 157, 159, 184, 188, 189, 190, 191, 192, 194, 216, 217, 262, 263, 266, 271, 272, 276, 278, 287, 334, 337, 338, 339, 340, 342, 345, 346, 349, 350, 351, 353, 354, 355, 373, 374]	experiments/e149_final20_stoichiometry_v1/out_s6/ova_c4_iptm80_21i_c6/seed-1_sample-4/ova_c4_iptm80_21i_c6_seed-1_sample-4_summary_confidences.json	experiments/e149_final20_stoichiometry_v1/out_s6/ova_c4_iptm80_21i_c6/seed-1_sample-4/ova_c4_iptm80_21i_c6_seed-1_sample-4_model.cif
ova_c4_iptm80_21i_c6	seed-2_sample-0	6	0.36	0.46	87.77634713563276	nan	nan	0.38	0.0	6	6	1	0	300	300	0	0.39	0.36	10.64	"{""A-B"": 0, ""A-C"": 42, ""A-D"": 55, ""A-E"": 0, ""A-F"": 0, ""B-C"": 0, ""B-D"": 44, ""B-E"": 55, ""B-F"": 0, ""C-D"": 0, ""C-E"": 0, ""C-F"": 57, ""D-E"": 0, ""D-F"": 0, ""E-F"": 47}"	[1, 2, 3, 6, 64, 65, 79, 82, 83, 86, 87, 90, 94, 95, 96, 97, 98, 99, 155, 156, 182, 183, 184, 190, 191, 192, 193, 195, 196, 261, 262, 263, 264, 266, 267, 270, 271, 272, 337, 338, 340, 342, 343, 344, 345, 348, 373, 374]	experiments/e149_final20_stoichiometry_v1/out_s6/ova_c4_iptm80_21i_c6/seed-2_sample-0/ova_c4_iptm80_21i_c6_seed-2_sample-0_summary_confidences.json	experiments/e149_final20_stoichiometry_v1/out_s6/ova_c4_iptm80_21i_c6/seed-2_sample-0/ova_c4_iptm80_21i_c6_seed-2_sample-0_model.cif
ova_c4_iptm80_21i_c6	seed-2_sample-1	6	0.42	0.51	87.02720217136522	nan	nan	0.44	0.0	12	6	1	0	241	241	0	0.43	0.275	13.035	"{""A-B"": 13, ""A-C"": 17, ""A-D"": 35, ""A-E"": 0, ""A-F"": 13, ""B-C"": 0, ""B-D"": 19, ""B-E"": 38, ""B-F"": 13, ""C-D"": 13, ""C-E"": 13, ""C-F"": 36, ""D-E"": 13, ""D-F"": 0, ""E-F"": 18}"	[1, 3, 6, 64, 86, 90, 94, 95, 96, 97, 155, 156, 157, 159, 184, 188, 189, 191, 216, 217, 262, 263, 266, 267, 271, 272, 276, 278, 336, 337, 338, 339, 340, 342, 345, 346, 349, 350, 351, 353, 354, 355, 373, 374]	experiments/e149_final20_stoichiometry_v1/out_s6/ova_c4_iptm80_21i_c6/seed-2_sample-1/ova_c4_iptm80_21i_c6_seed-2_sample-1_summary_confidences.json	experiments/e149_final20_stoichiometry_v1/out_s6/ova_c4_iptm80_21i_c6/seed-2_sample-1/ova_c4_iptm80_21i_c6_seed-2_sample-1_model.cif
ova_c4_iptm80_21i_c6	seed-2_sample-2	6	0.51	0.58	86.81536260417089	nan	nan	0.53	0.0	12	6	1	0	452	452	0	0.54	0.355	10.055	"{""A-B"": 29, ""A-C"": 21, ""A-D"": 71, ""A-E"": 0, ""A-F"": 30, ""B-C"": 0, ""B-D"": 21, ""B-E"": 73, ""B-F"": 29, ""C-D"": 25, ""C-E"": 27, ""C-F"": 75, ""D-E"": 29, ""D-F"": 0, ""E-F"": 22}"	[1, 2, 86, 87, 90, 94, 95, 96, 97, 98, 99, 147, 151, 155, 156, 157, 158, 159, 160, 164, 184, 188, 189, 190, 191, 192, 194, 210, 215, 216, 217, 266, 270, 271, 272, 276, 278, 285, 287, 289, 332, 334, 336, 337, 338, 339, 340, 342, 343, 344, 345, 346, 347, 348, 349, 350, 351, 352, 353, 354, 355, 373, 374, 375]	experiments/e149_final20_stoichiometry_v1/out_s6/ova_c4_iptm80_21i_c6/seed-2_sample-2/ova_c4_iptm80_21i_c6_seed-2_sample-2_summary_confidences.json	experiments/e149_final20_stoichiometry_v1/out_s6/ova_c4_iptm80_21i_c6/seed-2_sample-2/ova_c4_iptm80_21i_c6_seed-2_sample-2_model.cif
ova_c4_iptm80_21i_c6	seed-2_sample-3	6	0.54	0.61	87.20375645098909	nan	nan	0.56	0.0	12	6	1	0	450	450	0	0.61	0.38	9.254999999999999	"{""A-B"": 24, ""A-C"": 15, ""A-D"": 85, ""A-E"": 0, ""A-F"": 24, ""B-C"": 0, ""B-D"": 14, ""B-E"": 89, ""B-F"": 24, ""C-D"": 24, ""C-E"": 24, ""C-F"": 87, ""D-E"": 26, ""D-F"": 0, ""E-F"": 14}"	[1, 86, 87, 90, 94, 95, 96, 97, 98, 99, 147, 151, 155, 156, 157, 158, 159, 160, 182, 183, 184, 188, 189, 190, 191, 192, 194, 210, 215, 216, 217, 263, 266, 271, 272, 276, 278, 285, 287, 289, 332, 334, 336, 337, 338, 339, 340, 342, 343, 344, 345, 346, 347, 348, 349, 350, 352, 353, 354, 355, 373, 374]	experiments/e149_final20_stoichiometry_v1/out_s6/ova_c4_iptm80_21i_c6/seed-2_sample-3/ova_c4_iptm80_21i_c6_seed-2_sample-3_summary_confidences.json	experiments/e149_final20_stoichiometry_v1/out_s6/ova_c4_iptm80_21i_c6/seed-2_sample-3/ova_c4_iptm80_21i_c6_seed-2_sample-3_model.cif
ova_c4_iptm80_21i_c6	seed-2_sample-4	6	0.36	0.46	88.02901576343595	nan	nan	0.38	0.0	6	6	1	0	287	287	0	0.45	0.39	10.434999999999999	"{""A-B"": 0, ""A-C"": 47, ""A-D"": 47, ""A-E"": 0, ""A-F"": 0, ""B-C"": 0, ""B-D"": 54, ""B-E"": 51, ""B-F"": 0, ""C-D"": 0, ""C-E"": 0, ""C-F"": 43, ""D-E"": 0, ""D-F"": 0, ""E-F"": 45}"	[1, 2, 3, 6, 64, 65, 66, 79, 83, 86, 87, 90, 94, 95, 96, 97, 98, 99, 155, 182, 183, 184, 190, 191, 192, 193, 195, 236, 262, 263, 264, 266, 267, 270, 271, 272, 337, 338, 340, 342, 343, 344, 345, 348, 373, 374]	experiments/e149_final20_stoichiometry_v1/out_s6/ova_c4_iptm80_21i_c6/seed-2_sample-4/ova_c4_iptm80_21i_c6_seed-2_sample-4_summary_confidences.json	experiments/e149_final20_stoichiometry_v1/out_s6/ova_c4_iptm80_21i_c6/seed-2_sample-4/ova_c4_iptm80_21i_c6_seed-2_sample-4_model.cif
ova_c4_iptm80_21i_c6	seed-3_sample-0	6	0.36	0.45	87.10997413477132	nan	nan	0.38	0.0	6	6	1	0	223	223	0	0.38	0.36	11.975	"{""A-B"": 59, ""A-C"": 16, ""A-D"": 0, ""A-E"": 0, ""A-F"": 0, ""B-C"": 0, ""B-D"": 0, ""B-E"": 20, ""B-F"": 0, ""C-D"": 52, ""C-E"": 0, ""C-F"": 0, ""D-E"": 0, ""D-F"": 20, ""E-F"": 56}"	[1, 6, 64, 86, 87, 90, 94, 95, 96, 97, 98, 99, 151, 152, 155, 156, 182, 183, 184, 190, 191, 192, 193, 195, 196, 208, 210, 262, 263, 266, 267, 271, 272, 336, 337, 338, 339, 340, 342, 345, 348, 373, 374]	experiments/e149_final20_stoichiometry_v1/out_s6/ova_c4_iptm80_21i_c6/seed-3_sample-0/ova_c4_iptm80_21i_c6_seed-3_sample-0_summary_confidences.json	experiments/e149_final20_stoichiometry_v1/out_s6/ova_c4_iptm80_21i_c6/seed-3_sample-0/ova_c4_iptm80_21i_c6_seed-3_sample-0_model.cif
ova_c4_iptm80_21i_c6	seed-3_sample-1	6	0.32	0.43	87.02777210294892	nan	nan	0.34	0.0	6	6	1	0	311	311	0	0.32	0.32	12.445	"{""A-B"": 68, ""A-C"": 36, ""A-D"": 0, ""A-E"": 0, ""A-F"": 0, ""B-C"": 0, ""B-D"": 0, ""B-E"": 36, ""B-F"": 0, ""C-D"": 68, ""C-E"": 0, ""C-F"": 0, ""D-E"": 0, ""D-F"": 36, ""E-F"": 67}"	[1, 3, 64, 65, 79, 82, 83, 86, 87, 90, 94, 95, 96, 97, 98, 99, 155, 156, 182, 183, 184, 188, 190, 191, 192, 193, 195, 196, 208, 262, 263, 266, 267, 270, 271, 272, 336, 337, 338, 339, 340, 342, 343, 344, 345, 348, 373, 374]	experiments/e149_final20_stoichiometry_v1/out_s6/ova_c4_iptm80_21i_c6/seed-3_sample-1/ova_c4_iptm80_21i_c6_seed-3_sample-1_summary_confidences.json	experiments/e149_final20_stoichiometry_v1/out_s6/ova_c4_iptm80_21i_c6/seed-3_sample-1/ova_c4_iptm80_21i_c6_seed-3_sample-1_model.cif
ova_c4_iptm80_21i_c6	seed-3_sample-2	6	0.35	0.45	87.15937833835424	nan	nan	0.37	0.0	6	6	1	0	244	244	0	0.34	0.345	12.004999999999999	"{""A-B"": 54, ""A-C"": 26, ""A-D"": 0, ""A-E"": 0, ""A-F"": 0, ""B-C"": 0, ""B-D"": 0, ""B-E"": 26, ""B-F"": 0, ""C-D"": 55, ""C-E"": 0, ""C-F"": 0, ""D-E"": 0, ""D-F"": 29, ""E-F"": 54}"	[1, 6, 64, 65, 82, 83, 86, 87, 90, 94, 95, 96, 97, 98, 99, 155, 156, 182, 183, 184, 190, 191, 192, 193, 195, 196, 208, 262, 263, 266, 267, 270, 271, 272, 337, 338, 340, 342, 344, 345, 348, 373, 374]	experiments/e149_final20_stoichiometry_v1/out_s6/ova_c4_iptm80_21i_c6/seed-3_sample-2/ova_c4_iptm80_21i_c6_seed-3_sample-2_summary_confidences.json	experiments/e149_final20_stoichiometry_v1/out_s6/ova_c4_iptm80_21i_c6/seed-3_sample-2/ova_c4_iptm80_21i_c6_seed-3_sample-2_model.cif
ova_c4_iptm80_21i_c6	seed-3_sample-3	6	0.43	0.52	86.54673567460608	nan	nan	0.45	0.0	12	6	1	0	390	390	0	0.51	0.27	12.2	"{""A-B"": 79, ""A-C"": 11, ""A-D"": 20, ""A-E"": 19, ""A-F"": 0, ""B-C"": 19, ""B-D"": 0, ""B-E"": 14, ""B-F"": 18, ""C-D"": 78, ""C-E"": 0, ""C-F"": 19, ""D-E"": 19, ""D-F"": 14, ""E-F"": 80}"	[1, 86, 87, 90, 93, 94, 95, 96, 97, 98, 99, 155, 156, 157, 159, 160, 164, 182, 183, 184, 188, 189, 190, 191, 194, 210, 215, 216, 217, 263, 266, 271, 272, 278, 285, 287, 289, 332, 334, 336, 337, 338, 339, 340, 342, 343, 345, 346, 347, 349, 350, 351, 353, 354, 355, 373, 374]	experiments/e149_final20_stoichiometry_v1/out_s6/ova_c4_iptm80_21i_c6/seed-3_sample-3/ova_c4_iptm80_21i_c6_seed-3_sample-3_summary_confidences.json	experiments/e149_final20_stoichiometry_v1/out_s6/ova_c4_iptm80_21i_c6/seed-3_sample-3/ova_c4_iptm80_21i_c6_seed-3_sample-3_model.cif
ova_c4_iptm80_21i_c6	seed-3_sample-4	6	0.4	0.49	86.71499989563937	nan	nan	0.42	0.0	12	6	1	0	252	252	0	0.43	0.255	13.775	"{""A-B"": 39, ""A-C"": 17, ""A-D"": 13, ""A-E"": 14, ""A-F"": 0, ""B-C"": 13, ""B-D"": 0, ""B-E"": 16, ""B-F"": 14, ""C-D"": 41, ""C-E"": 0, ""C-F"": 13, ""D-E"": 13, ""D-F"": 19, ""E-F"": 40}"	[1, 6, 64, 86, 90, 93, 94, 95, 96, 97, 155, 156, 157, 159, 184, 188, 189, 191, 194, 216, 217, 262, 263, 266, 267, 271, 272, 276, 278, 336, 337, 338, 339, 340, 342, 345, 346, 349, 350, 351, 353, 354, 355, 373, 374]	experiments/e149_final20_stoichiometry_v1/out_s6/ova_c4_iptm80_21i_c6/seed-3_sample-4/ova_c4_iptm80_21i_c6_seed-3_sample-4_summary_confidences.json	experiments/e149_final20_stoichiometry_v1/out_s6/ova_c4_iptm80_21i_c6/seed-3_sample-4/ova_c4_iptm80_21i_c6_seed-3_sample-4_model.cif
ova_c4_iptm80_19j_c1	seed-1_sample-0	1	0.0	0.92	91.64458560449472	nan	nan	0.92	0.0	0	1	0	0	0	0	0	0.0	nan	nan	{}	[]	experiments/e149_final20_stoichiometry_v1/out_s3/ova_c4_iptm80_19j_c1/seed-1_sample-0/ova_c4_iptm80_19j_c1_seed-1_sample-0_summary_confidences.json	experiments/e149_final20_stoichiometry_v1/out_s3/ova_c4_iptm80_19j_c1/seed-1_sample-0/ova_c4_iptm80_19j_c1_seed-1_sample-0_model.cif
ova_c4_iptm80_19j_c1	seed-1_sample-1	1	0.0	0.92	90.80562176482047	nan	nan	0.92	0.0	0	1	0	0	0	0	0	0.0	nan	nan	{}	[]	experiments/e149_final20_stoichiometry_v1/out_s3/ova_c4_iptm80_19j_c1/seed-1_sample-1/ova_c4_iptm80_19j_c1_seed-1_sample-1_summary_confidences.json	experiments/e149_final20_stoichiometry_v1/out_s3/ova_c4_iptm80_19j_c1/seed-1_sample-1/ova_c4_iptm80_19j_c1_seed-1_sample-1_model.cif
ova_c4_iptm80_19j_c1	seed-1_sample-2	1	0.0	0.92	91.29461135271299	nan	nan	0.92	0.0	0	1	0	0	0	0	0	0.0	nan	nan	{}	[]	experiments/e149_final20_stoichiometry_v1/out_s3/ova_c4_iptm80_19j_c1/seed-1_sample-2/ova_c4_iptm80_19j_c1_seed-1_sample-2_summary_confidences.json	experiments/e149_final20_stoichiometry_v1/out_s3/ova_c4_iptm80_19j_c1/seed-1_sample-2/ova_c4_iptm80_19j_c1_seed-1_sample-2_model.cif
ova_c4_iptm80_19j_c1	seed-1_sample-3	1	0.0	0.92	91.5388343000659	nan	nan	0.92	0.0	0	1	0	0	0	0	0	0.0	nan	nan	{}	[]	experiments/e149_final20_stoichiometry_v1/out_s3/ova_c4_iptm80_19j_c1/seed-1_sample-3/ova_c4_iptm80_19j_c1_seed-1_sample-3_summary_confidences.json	experiments/e149_final20_stoichiometry_v1/out_s3/ova_c4_iptm80_19j_c1/seed-1_sample-3/ova_c4_iptm80_19j_c1_seed-1_sample-3_model.cif
ova_c4_iptm80_19j_c1	seed-1_sample-4	1	0.0	0.92	91.28834176928268	nan	nan	0.92	0.0	0	1	0	0	0	0	0	0.0	nan	nan	{}	[]	experiments/e149_final20_stoichiometry_v1/out_s3/ova_c4_iptm80_19j_c1/seed-1_sample-4/ova_c4_iptm80_19j_c1_seed-1_sample-4_summary_confidences.json	experiments/e149_final20_stoichiometry_v1/out_s3/ova_c4_iptm80_19j_c1/seed-1_sample-4/ova_c4_iptm80_19j_c1_seed-1_sample-4_model.cif
ova_c4_iptm80_19j_c1	seed-2_sample-0	1	0.0	0.92	91.04199460874567	nan	nan	0.92	0.0	0	1	0	0	0	0	0	0.0	nan	nan	{}	[]	experiments/e149_final20_stoichiometry_v1/out_s3/ova_c4_iptm80_19j_c1/seed-2_sample-0/ova_c4_iptm80_19j_c1_seed-2_sample-0_summary_confidences.json	experiments/e149_final20_stoichiometry_v1/out_s3/ova_c4_iptm80_19j_c1/seed-2_sample-0/ova_c4_iptm80_19j_c1_seed-2_sample-0_model.cif
ova_c4_iptm80_19j_c1	seed-2_sample-1	1	0.0	0.92	91.60279795789965	nan	nan	0.92	0.0	0	1	0	0	0	0	0	0.0	nan	nan	{}	[]	experiments/e149_final20_stoichiometry_v1/out_s3/ova_c4_iptm80_19j_c1/seed-2_sample-1/ova_c4_iptm80_19j_c1_seed-2_sample-1_summary_confidences.json	experiments/e149_final20_stoichiometry_v1/out_s3/ova_c4_iptm80_19j_c1/seed-2_sample-1/ova_c4_iptm80_19j_c1_seed-2_sample-1_model.cif
ova_c4_iptm80_19j_c1	seed-2_sample-2	1	0.0	0.92	91.43546644023046	nan	nan	0.92	0.0	0	1	0	0	0	0	0	0.0	nan	nan	{}	[]	experiments/e149_final20_stoichiometry_v1/out_s3/ova_c4_iptm80_19j_c1/seed-2_sample-2/ova_c4_iptm80_19j_c1_seed-2_sample-2_summary_confidences.json	experiments/e149_final20_stoichiometry_v1/out_s3/ova_c4_iptm80_19j_c1/seed-2_sample-2/ova_c4_iptm80_19j_c1_seed-2_sample-2_model.cif
ova_c4_iptm80_19j_c1	seed-2_sample-3	1	0.0	0.92	91.54101026861161	nan	nan	0.92	0.0	0	1	0	0	0	0	0	0.0	nan	nan	{}	[]	experiments/e149_final20_stoichiometry_v1/out_s3/ova_c4_iptm80_19j_c1/seed-2_sample-3/ova_c4_iptm80_19j_c1_seed-2_sample-3_summary_confidences.json	experiments/e149_final20_stoichiometry_v1/out_s3/ova_c4_iptm80_19j_c1/seed-2_sample-3/ova_c4_iptm80_19j_c1_seed-2_sample-3_model.cif
ova_c4_iptm80_19j_c1	seed-2_sample-4	1	0.0	0.92	91.55238331414257	nan	nan	0.92	0.0	0	1	0	0	0	0	0	0.0	nan	nan	{}	[]	experiments/e149_final20_stoichiometry_v1/out_s3/ova_c4_iptm80_19j_c1/seed-2_sample-4/ova_c4_iptm80_19j_c1_seed-2_sample-4_summary_confidences.json	experiments/e149_final20_stoichiometry_v1/out_s3/ova_c4_iptm80_19j_c1/seed-2_sample-4/ova_c4_iptm80_19j_c1_seed-2_sample-4_model.cif
ova_c4_iptm80_19j_c1	seed-3_sample-0	1	0.0	0.92	91.12357532916292	nan	nan	0.92	0.0	0	1	0	0	0	0	0	0.0	nan	nan	{}	[]	experiments/e149_final20_stoichiometry_v1/out_s3/ova_c4_iptm80_19j_c1/seed-3_sample-0/ova_c4_iptm80_19j_c1_seed-3_sample-0_summary_confidences.json	experiments/e149_final20_stoichiometry_v1/out_s3/ova_c4_iptm80_19j_c1/seed-3_sample-0/ova_c4_iptm80_19j_c1_seed-3_sample-0_model.cif
ova_c4_iptm80_19j_c1	seed-3_sample-1	1	0.0	0.92	91.28020720407753	nan	nan	0.92	0.0	0	1	0	0	0	0	0	0.0	nan	nan	{}	[]	experiments/e149_final20_stoichiometry_v1/out_s3/ova_c4_iptm80_19j_c1/seed-3_sample-1/ova_c4_iptm80_19j_c1_seed-3_sample-1_summary_confidences.json	experiments/e149_final20_stoichiometry_v1/out_s3/ova_c4_iptm80_19j_c1/seed-3_sample-1/ova_c4_iptm80_19j_c1_seed-3_sample-1_model.cif
ova_c4_iptm80_19j_c1	seed-3_sample-2	1	0.0	0.92	91.30782365551885	nan	nan	0.92	0.0	0	1	0	0	0	0	0	0.0	nan	nan	{}	[]	experiments/e149_final20_stoichiometry_v1/out_s3/ova_c4_iptm80_19j_c1/seed-3_sample-2/ova_c4_iptm80_19j_c1_seed-3_sample-2_summary_confidences.json	experiments/e149_final20_stoichiometry_v1/out_s3/ova_c4_iptm80_19j_c1/seed-3_sample-2/ova_c4_iptm80_19j_c1_seed-3_sample-2_model.cif
ova_c4_iptm80_19j_c1	seed-3_sample-3	1	0.0	0.92	91.11893804085688	nan	nan	0.92	0.0	0	1	0	0	0	0	0	0.0	nan	nan	{}	[]	experiments/e149_final20_stoichiometry_v1/out_s3/ova_c4_iptm80_19j_c1/seed-3_sample-3/ova_c4_iptm80_19j_c1_seed-3_sample-3_summary_confidences.json	experiments/e149_final20_stoichiometry_v1/out_s3/ova_c4_iptm80_19j_c1/seed-3_sample-3/ova_c4_iptm80_19j_c1_seed-3_sample-3_model.cif
ova_c4_iptm80_19j_c1	seed-3_sample-4	1	0.0	0.92	91.1888342051926	nan	nan	0.92	0.0	0	1	0	0	0	0	0	0.0	nan	nan	{}	[]	experiments/e149_final20_stoichiometry_v1/out_s3/ova_c4_iptm80_19j_c1/seed-3_sample-4/ova_c4_iptm80_19j_c1_seed-3_sample-4_summary_confidences.json	experiments/e149_final20_stoichiometry_v1/out_s3/ova_c4_iptm80_19j_c1/seed-3_sample-4/ova_c4_iptm80_19j_c1_seed-3_sample-4_model.cif
ova_c4_iptm80_19j_c2	seed-1_sample-0	2	0.21	0.57	88.89199494080222	nan	nan	0.28	0.0	1	2	1	0	71	71	0	0.21	0.21	19.58	"{""A-B"": 71}"	[94, 95, 96, 97, 98, 99, 151, 152, 155, 156, 157, 182, 183, 184, 188, 190, 191, 192, 194, 195, 196, 208, 210, 336, 337, 338, 339, 340, 342, 344, 345]	experiments/e149_final20_stoichiometry_v1/out_s3/ova_c4_iptm80_19j_c2/seed-1_sample-0/ova_c4_iptm80_19j_c2_seed-1_sample-0_summary_confidences.json	experiments/e149_final20_stoichiometry_v1/out_s3/ova_c4_iptm80_19j_c2/seed-1_sample-0/ova_c4_iptm80_19j_c2_seed-1_sample-0_model.cif
ova_c4_iptm80_19j_c2	seed-1_sample-1	2	0.23	0.58	88.97922288568526	nan	nan	0.3	0.0	1	2	1	0	44	44	0	0.23	0.23	19.03	"{""A-B"": 44}"	[94, 95, 96, 97, 98, 99, 155, 182, 183, 184, 190, 191, 192, 193, 195, 236, 337, 338, 340, 342, 343, 344, 345, 348]	experiments/e149_final20_stoichiometry_v1/out_s3/ova_c4_iptm80_19j_c2/seed-1_sample-1/ova_c4_iptm80_19j_c2_seed-1_sample-1_summary_confidences.json	experiments/e149_final20_stoichiometry_v1/out_s3/ova_c4_iptm80_19j_c2/seed-1_sample-1/ova_c4_iptm80_19j_c2_seed-1_sample-1_model.cif
ova_c4_iptm80_19j_c2	seed-1_sample-2	2	0.2	0.56	88.67168393900975	nan	nan	0.27	0.0	1	2	1	0	85	85	0	0.2	0.2	21.26	"{""A-B"": 85}"	[92, 93, 94, 95, 96, 99, 131, 141, 144, 145, 147, 148, 149, 151, 152, 153, 155, 156, 182, 183, 184, 188, 190, 191, 192, 334, 336, 337, 338, 339, 340, 342]	experiments/e149_final20_stoichiometry_v1/out_s3/ova_c4_iptm80_19j_c2/seed-1_sample-2/ova_c4_iptm80_19j_c2_seed-1_sample-2_summary_confidences.json	experiments/e149_final20_stoichiometry_v1/out_s3/ova_c4_iptm80_19j_c2/seed-1_sample-2/ova_c4_iptm80_19j_c2_seed-1_sample-2_model.cif
ova_c4_iptm80_19j_c2	seed-1_sample-3	2	0.14	0.53	88.09132133246703	nan	nan	0.22	0.0	1	2	1	0	53	53	0	0.14	0.14	20.15	"{""A-B"": 53}"	[92, 93, 94, 95, 96, 97, 98, 99, 101, 123, 127, 148, 152, 155, 156, 157, 180, 182, 183, 184, 336, 338, 339, 340, 341, 342]	experiments/e149_final20_stoichiometry_v1/out_s3/ova_c4_iptm80_19j_c2/seed-1_sample-3/ova_c4_iptm80_19j_c2_seed-1_sample-3_summary_confidences.json	experiments/e149_final20_stoichiometry_v1/out_s3/ova_c4_iptm80_19j_c2/seed-1_sample-3/ova_c4_iptm80_19j_c2_seed-1_sample-3_model.cif
ova_c4_iptm80_19j_c2	seed-1_sample-4	2	0.24	0.58	89.08440406087766	nan	nan	0.3	0.0	1	2	1	0	42	42	0	0.24	0.24	18.95	"{""A-B"": 42}"	[94, 95, 96, 97, 98, 99, 155, 156, 182, 183, 184, 190, 191, 192, 195, 196, 236, 337, 338, 340, 342, 344, 345, 348]	experiments/e149_final20_stoichiometry_v1/out_s3/ova_c4_iptm80_19j_c2/seed-1_sample-4/ova_c4_iptm80_19j_c2_seed-1_sample-4_summary_confidences.json	experiments/e149_final20_stoichiometry_v1/out_s3/ova_c4_iptm80_19j_c2/seed-1_sample-4/ova_c4_iptm80_19j_c2_seed-1_sample-4_model.cif
ova_c4_iptm80_19j_c2	seed-2_sample-0	2	0.24	0.59	89.05272030212718	nan	nan	0.31	0.0	1	2	1	0	97	97	0	0.24	0.24	19.82	"{""A-B"": 97}"	[92, 93, 94, 95, 96, 99, 134, 138, 141, 142, 144, 145, 147, 148, 149, 151, 152, 153, 154, 155, 156, 159, 182, 183, 184, 188, 190, 191, 192, 334, 336, 337, 338, 339, 340, 342, 344, 345, 346]	experiments/e149_final20_stoichiometry_v1/out_s3/ova_c4_iptm80_19j_c2/seed-2_sample-0/ova_c4_iptm80_19j_c2_seed-2_sample-0_summary_confidences.json	experiments/e149_final20_stoichiometry_v1/out_s3/ova_c4_iptm80_19j_c2/seed-2_sample-0/ova_c4_iptm80_19j_c2_seed-2_sample-0_model.cif
ova_c4_iptm80_19j_c2	seed-2_sample-1	2	0.24	0.59	89.04699482695426	nan	nan	0.31	0.0	1	2	1	0	84	84	0	0.24	0.24	20.05	"{""A-B"": 84}"	[92, 93, 94, 95, 96, 99, 134, 138, 141, 144, 145, 147, 148, 149, 151, 152, 153, 155, 156, 159, 182, 183, 184, 188, 190, 191, 192, 334, 336, 337, 338, 339, 340, 342, 344, 345, 346]	experiments/e149_final20_stoichiometry_v1/out_s3/ova_c4_iptm80_19j_c2/seed-2_sample-1/ova_c4_iptm80_19j_c2_seed-2_sample-1_summary_confidences.json	experiments/e149_final20_stoichiometry_v1/out_s3/ova_c4_iptm80_19j_c2/seed-2_sample-1/ova_c4_iptm80_19j_c2_seed-2_sample-1_model.cif
ova_c4_iptm80_19j_c2	seed-2_sample-2	2	0.23	0.58	89.0953884717714	nan	nan	0.3	0.0	1	2	1	0	77	77	0	0.23	0.23	19.6	"{""A-B"": 77}"	[94, 95, 96, 97, 98, 99, 151, 152, 154, 155, 156, 157, 182, 183, 184, 190, 191, 192, 194, 195, 196, 208, 209, 210, 336, 337, 338, 340, 342, 344, 345]	experiments/e149_final20_stoichiometry_v1/out_s3/ova_c4_iptm80_19j_c2/seed-2_sample-2/ova_c4_iptm80_19j_c2_seed-2_sample-2_summary_confidences.json	experiments/e149_final20_stoichiometry_v1/out_s3/ova_c4_iptm80_19j_c2/seed-2_sample-2/ova_c4_iptm80_19j_c2_seed-2_sample-2_model.cif
ova_c4_iptm80_19j_c2	seed-2_sample-3	2	0.15	0.54	88.08461147762951	nan	nan	0.23	0.0	1	2	1	0	120	120	0	0.15	0.15	23.17	"{""A-B"": 120}"	[92, 93, 94, 95, 96, 99, 100, 101, 102, 103, 105, 123, 127, 128, 129, 131, 133, 134, 137, 138, 141, 144, 145, 148, 149, 151, 152, 153, 155, 156, 157, 180, 182, 183, 184, 188, 191, 192, 334, 336, 337, 338, 339, 340, 342, 344, 345]	experiments/e149_final20_stoichiometry_v1/out_s3/ova_c4_iptm80_19j_c2/seed-2_sample-3/ova_c4_iptm80_19j_c2_seed-2_sample-3_summary_confidences.json	experiments/e149_final20_stoichiometry_v1/out_s3/ova_c4_iptm80_19j_c2/seed-2_sample-3/ova_c4_iptm80_19j_c2_seed-2_sample-3_model.cif
ova_c4_iptm80_19j_c2	seed-2_sample-4	2	0.14	0.54	88.50194310400771	nan	nan	0.22	0.0	1	2	1	0	128	128	0	0.14	0.14	23.41	"{""A-B"": 128}"	[92, 93, 94, 95, 96, 98, 99, 101, 102, 103, 105, 127, 128, 129, 131, 133, 134, 137, 138, 140, 141, 144, 145, 148, 149, 151, 152, 153, 154, 155, 156, 157, 180, 182, 183, 184, 188, 190, 191, 192, 334, 336, 337, 338, 339, 340, 342, 344, 345]	experiments/e149_final20_stoichiometry_v1/out_s3/ova_c4_iptm80_19j_c2/seed-2_sample-4/ova_c4_iptm80_19j_c2_seed-2_sample-4_summary_confidences.json	experiments/e149_final20_stoichiometry_v1/out_s3/ova_c4_iptm80_19j_c2/seed-2_sample-4/ova_c4_iptm80_19j_c2_seed-2_sample-4_model.cif
ova_c4_iptm80_19j_c2	seed-3_sample-0	2	0.26	0.59	88.78098447335199	nan	nan	0.33	0.0	1	2	1	0	104	104	0	0.26	0.26	19.67	"{""A-B"": 104}"	[92, 94, 95, 96, 99, 101, 134, 138, 141, 142, 144, 145, 147, 148, 149, 151, 152, 153, 154, 155, 156, 159, 160, 182, 183, 184, 185, 188, 190, 191, 192, 336, 337, 338, 339, 340, 342, 344, 345, 346, 349]	experiments/e149_final20_stoichiometry_v1/out_s3/ova_c4_iptm80_19j_c2/seed-3_sample-0/ova_c4_iptm80_19j_c2_seed-3_sample-0_summary_confidences.json	experiments/e149_final20_stoichiometry_v1/out_s3/ova_c4_iptm80_19j_c2/seed-3_sample-0/ova_c4_iptm80_19j_c2_seed-3_sample-0_model.cif
ova_c4_iptm80_19j_c2	seed-3_sample-1	2	0.23	0.58	88.93238342364218	nan	nan	0.3	0.0	1	2	1	0	51	51	0	0.23	0.23	20.26	"{""A-B"": 51}"	[95, 96, 97, 98, 99, 151, 152, 153, 154, 155, 156, 157, 184, 191, 192, 194, 195, 196, 207, 208, 209, 210, 337, 338, 345]	experiments/e149_final20_stoichiometry_v1/out_s3/ova_c4_iptm80_19j_c2/seed-3_sample-1/ova_c4_iptm80_19j_c2_seed-3_sample-1_summary_confidences.json	experiments/e149_final20_stoichiometry_v1/out_s3/ova_c4_iptm80_19j_c2/seed-3_sample-1/ova_c4_iptm80_19j_c2_seed-3_sample-1_model.cif
ova_c4_iptm80_19j_c2	seed-3_sample-2	2	0.21	0.57	88.76559590552138	nan	nan	0.28	0.0	1	2	1	0	55	55	0	0.21	0.21	21.13	"{""A-B"": 55}"	[94, 95, 96, 97, 98, 99, 148, 151, 152, 153, 154, 155, 156, 157, 184, 191, 192, 194, 195, 196, 207, 208, 209, 210, 338]	experiments/e149_final20_stoichiometry_v1/out_s3/ova_c4_iptm80_19j_c2/seed-3_sample-2/ova_c4_iptm80_19j_c2_seed-3_sample-2_summary_confidences.json	experiments/e149_final20_stoichiometry_v1/out_s3/ova_c4_iptm80_19j_c2/seed-3_sample-2/ova_c4_iptm80_19j_c2_seed-3_sample-2_model.cif
ova_c4_iptm80_19j_c2	seed-3_sample-3	2	0.17	0.55	88.71909318439701	nan	nan	0.25	0.0	1	2	1	0	53	53	0	0.17	0.17	21.56	"{""A-B"": 53}"	[94, 95, 96, 97, 98, 99, 155, 156, 182, 183, 184, 190, 191, 192, 194, 195, 196, 337, 338, 340, 342, 343, 344, 345, 348]	experiments/e149_final20_stoichiometry_v1/out_s3/ova_c4_iptm80_19j_c2/seed-3_sample-3/ova_c4_iptm80_19j_c2_seed-3_sample-3_summary_confidences.json	experiments/e149_final20_stoichiometry_v1/out_s3/ova_c4_iptm80_19j_c2/seed-3_sample-3/ova_c4_iptm80_19j_c2_seed-3_sample-3_model.cif
ova_c4_iptm80_19j_c2	seed-3_sample-4	2	0.26	0.6	88.84821238542467	nan	nan	0.33	0.0	1	2	1	0	89	89	0	0.26	0.26	19.39	"{""A-B"": 89}"	[94, 95, 96, 99, 101, 134, 138, 141, 144, 145, 147, 148, 149, 151, 152, 154, 155, 156, 159, 182, 183, 184, 188, 190, 191, 192, 336, 337, 338, 339, 340, 342, 344, 345, 346]	experiments/e149_final20_stoichiometry_v1/out_s3/ova_c4_iptm80_19j_c2/seed-3_sample-4/ova_c4_iptm80_19j_c2_seed-3_sample-4_summary_confidences.json	experiments/e149_final20_stoichiometry_v1/out_s3/ova_c4_iptm80_19j_c2/seed-3_sample-4/ova_c4_iptm80_19j_c2_seed-3_sample-4_model.cif
ova_c4_iptm80_19j_c3	seed-1_sample-0	3	0.17	0.42	86.95163225757025	nan	nan	0.22	0.0	3	3	1	0	86	86	0	0.13	0.13	20.5	"{""A-B"": 29, ""A-C"": 28, ""B-C"": 29}"	[93, 94, 95, 96, 97, 99, 155, 186, 188, 191, 192, 216, 217, 234, 238, 241, 271, 272, 276, 278, 338, 339, 340, 341, 342, 343, 344, 346, 350, 372, 373]	experiments/e149_final20_stoichiometry_v1/out_s2/ova_c4_iptm80_19j_c3/seed-1_sample-0/ova_c4_iptm80_19j_c3_seed-1_sample-0_summary_confidences.json	experiments/e149_final20_stoichiometry_v1/out_s2/ova_c4_iptm80_19j_c3/seed-1_sample-0/ova_c4_iptm80_19j_c3_seed-1_sample-0_model.cif
ova_c4_iptm80_19j_c3	seed-1_sample-1	3	0.17	0.43	87.11689127788642	nan	nan	0.22	0.0	3	3	1	0	79	79	0	0.13	0.13	20.64	"{""A-B"": 30, ""A-C"": 24, ""B-C"": 25}"	[95, 96, 97, 184, 188, 191, 192, 193, 194, 195, 216, 217, 236, 275, 276, 277, 278, 279, 338, 339, 340, 341, 342, 343, 344, 346, 347, 348, 349, 350, 353, 354, 357]	experiments/e149_final20_stoichiometry_v1/out_s2/ova_c4_iptm80_19j_c3/seed-1_sample-1/ova_c4_iptm80_19j_c3_seed-1_sample-1_summary_confidences.json	experiments/e149_final20_stoichiometry_v1/out_s2/ova_c4_iptm80_19j_c3/seed-1_sample-1/ova_c4_iptm80_19j_c3_seed-1_sample-1_model.cif
ova_c4_iptm80_19j_c3	seed-1_sample-2	3	0.17	0.42	86.98233173548249	nan	nan	0.22	0.0	3	3	1	0	98	98	0	0.13	0.13	22.21	"{""A-B"": 35, ""A-C"": 29, ""B-C"": 34}"	[96, 99, 152, 155, 156, 157, 182, 183, 184, 188, 191, 192, 193, 194, 195, 196, 197, 198, 205, 206, 207, 208, 213, 337, 338, 339, 340, 341, 345, 348]	experiments/e149_final20_stoichiometry_v1/out_s2/ova_c4_iptm80_19j_c3/seed-1_sample-2/ova_c4_iptm80_19j_c3_seed-1_sample-2_summary_confidences.json	experiments/e149_final20_stoichiometry_v1/out_s2/ova_c4_iptm80_19j_c3/seed-1_sample-2/ova_c4_iptm80_19j_c3_seed-1_sample-2_model.cif
ova_c4_iptm80_19j_c3	seed-1_sample-3	3	0.16	0.42	86.57310882133524	nan	nan	0.21	0.0	3	3	1	0	114	114	0	0.13	0.13	20.38	"{""A-B"": 40, ""A-C"": 37, ""B-C"": 37}"	[93, 94, 95, 96, 97, 99, 101, 155, 156, 184, 186, 187, 188, 191, 192, 216, 217, 219, 232, 234, 237, 238, 241, 271, 272, 276, 278, 338, 339, 340, 341, 342, 343, 344, 350, 372, 373, 375]	experiments/e149_final20_stoichiometry_v1/out_s2/ova_c4_iptm80_19j_c3/seed-1_sample-3/ova_c4_iptm80_19j_c3_seed-1_sample-3_summary_confidences.json	experiments/e149_final20_stoichiometry_v1/out_s2/ova_c4_iptm80_19j_c3/seed-1_sample-3/ova_c4_iptm80_19j_c3_seed-1_sample-3_model.cif
ova_c4_iptm80_19j_c3	seed-1_sample-4	3	0.18	0.43	87.17948189177044	nan	nan	0.23	0.0	3	3	1	0	75	75	0	0.14	0.14	19.87	"{""A-B"": 21, ""A-C"": 21, ""B-C"": 33}"	[94, 96, 184, 190, 191, 192, 215, 216, 217, 271, 272, 276, 277, 278, 338, 339, 340, 341, 342, 343, 344, 345, 346, 347, 349, 350, 351, 353, 354]	experiments/e149_final20_stoichiometry_v1/out_s2/ova_c4_iptm80_19j_c3/seed-1_sample-4/ova_c4_iptm80_19j_c3_seed-1_sample-4_summary_confidences.json	experiments/e149_final20_stoichiometry_v1/out_s2/ova_c4_iptm80_19j_c3/seed-1_sample-4/ova_c4_iptm80_19j_c3_seed-1_sample-4_model.cif
ova_c4_iptm80_19j_c3	seed-2_sample-0	3	0.2	0.44	87.19930062763432	nan	nan	0.25	0.0	3	3	1	0	124	124	0	0.14	0.14	21.41	"{""A-B"": 75, ""A-C"": 27, ""B-C"": 22}"	[92, 94, 95, 96, 99, 110, 111, 116, 132, 134, 136, 137, 138, 141, 144, 145, 147, 148, 149, 151, 152, 153, 155, 156, 182, 183, 184, 188, 190, 191, 192, 216, 217, 219, 271, 275, 276, 277, 278, 336, 337, 338, 339, 340, 341, 342, 343, 344, 345, 346, 347, 348, 349, 350, 353, 354]	experiments/e149_final20_stoichiometry_v1/out_s2/ova_c4_iptm80_19j_c3/seed-2_sample-0/ova_c4_iptm80_19j_c3_seed-2_sample-0_summary_confidences.json	experiments/e149_final20_stoichiometry_v1/out_s2/ova_c4_iptm80_19j_c3/seed-2_sample-0/ova_c4_iptm80_19j_c3_seed-2_sample-0_model.cif
ova_c4_iptm80_19j_c3	seed-2_sample-1	3	0.14	0.4	87.04637316965686	nan	nan	0.19	0.0	3	3	1	0	117	117	0	0.11	0.11	27.17	"{""A-B"": 35, ""A-C"": 41, ""B-C"": 41}"	[108, 110, 111, 112, 113, 114, 116, 119, 130, 131, 132, 133, 134, 136, 137, 138, 141, 142, 188, 190, 191, 192, 193, 319, 341, 342, 343, 344, 345, 346, 347, 348]	experiments/e149_final20_stoichiometry_v1/out_s2/ova_c4_iptm80_19j_c3/seed-2_sample-1/ova_c4_iptm80_19j_c3_seed-2_sample-1_summary_confidences.json	experiments/e149_final20_stoichiometry_v1/out_s2/ova_c4_iptm80_19j_c3/seed-2_sample-1/ova_c4_iptm80_19j_c3_seed-2_sample-1_model.cif
ova_c4_iptm80_19j_c3	seed-2_sample-2	3	0.17	0.43	86.58468903655215	nan	nan	0.22	0.0	3	3	1	0	139	139	0	0.14	0.14	20.55	"{""A-B"": 45, ""A-C"": 48, ""B-C"": 46}"	[86, 90, 93, 94, 95, 96, 97, 98, 99, 151, 152, 155, 156, 182, 184, 186, 188, 191, 192, 236, 237, 238, 239, 337, 338, 339, 340, 341, 342, 343, 344, 346, 372, 373, 374]	experiments/e149_final20_stoichiometry_v1/out_s2/ova_c4_iptm80_19j_c3/seed-2_sample-2/ova_c4_iptm80_19j_c3_seed-2_sample-2_summary_confidences.json	experiments/e149_final20_stoichiometry_v1/out_s2/ova_c4_iptm80_19j_c3/seed-2_sample-2/ova_c4_iptm80_19j_c3_seed-2_sample-2_model.cif
ova_c4_iptm80_19j_c3	seed-2_sample-3	3	0.17	0.43	86.93689128895498	nan	nan	0.22	0.0	3	3	1	0	63	63	0	0.13	0.13	22.89	"{""A-B"": 15, ""A-C"": 32, ""B-C"": 16}"	[94, 95, 96, 97, 98, 99, 155, 156, 157, 182, 184, 186, 187, 190, 191, 192, 193, 194, 195, 196, 217, 234, 237, 238, 239, 275, 276, 278, 338, 340, 341, 342, 343, 344, 345, 347, 348, 349, 350, 353, 354]	experiments/e149_final20_stoichiometry_v1/out_s2/ova_c4_iptm80_19j_c3/seed-2_sample-3/ova_c4_iptm80_19j_c3_seed-2_sample-3_summary_confidences.json	experiments/e149_final20_stoichiometry_v1/out_s2/ova_c4_iptm80_19j_c3/seed-2_sample-3/ova_c4_iptm80_19j_c3_seed-2_sample-3_model.cif
ova_c4_iptm80_19j_c3	seed-2_sample-4	3	0.14	0.41	86.1573834691023	nan	nan	0.19	0.0	3	3	1	0	125	125	0	0.11	0.11	26.13	"{""A-B"": 43, ""A-C"": 39, ""B-C"": 43}"	[3, 77, 79, 94, 95, 96, 110, 116, 117, 119, 120, 124, 127, 131, 132, 133, 134, 137, 138, 141, 144, 145, 148, 149, 152, 153, 216, 217, 238, 270, 271, 272, 275, 276, 277, 278, 340, 341, 342, 343, 344, 346, 350, 354, 373, 374, 375]	experiments/e149_final20_stoichiometry_v1/out_s2/ova_c4_iptm80_19j_c3/seed-2_sample-4/ova_c4_iptm80_19j_c3_seed-2_sample-4_summary_confidences.json	experiments/e149_final20_stoichiometry_v1/out_s2/ova_c4_iptm80_19j_c3/seed-2_sample-4/ova_c4_iptm80_19j_c3_seed-2_sample-4_model.cif
ova_c4_iptm80_19j_c3	seed-3_sample-0	3	0.18	0.43	86.96828990402616	nan	nan	0.23	0.0	3	3	1	0	106	106	0	0.15	0.15	20.74	"{""A-B"": 39, ""A-C"": 31, ""B-C"": 36}"	[94, 95, 96, 99, 101, 155, 182, 183, 184, 187, 188, 191, 215, 216, 217, 276, 277, 278, 334, 336, 337, 338, 339, 343, 344, 345, 346, 347, 350, 351, 353, 354, 356]	experiments/e149_final20_stoichiometry_v1/out_s2/ova_c4_iptm80_19j_c3/seed-3_sample-0/ova_c4_iptm80_19j_c3_seed-3_sample-0_summary_confidences.json	experiments/e149_final20_stoichiometry_v1/out_s2/ova_c4_iptm80_19j_c3/seed-3_sample-0/ova_c4_iptm80_19j_c3_seed-3_sample-0_model.cif
ova_c4_iptm80_19j_c3	seed-3_sample-1	3	0.16	0.42	87.3617099109709	nan	nan	0.22	0.0	3	3	1	0	93	93	0	0.13	0.13	21.25	"{""A-B"": 32, ""A-C"": 29, ""B-C"": 32}"	[182, 184, 188, 189, 190, 191, 192, 193, 334, 336, 337, 338, 339, 340, 342, 345, 346, 348, 349, 350, 352, 353, 354]	experiments/e149_final20_stoichiometry_v1/out_s2/ova_c4_iptm80_19j_c3/seed-3_sample-1/ova_c4_iptm80_19j_c3_seed-3_sample-1_summary_confidences.json	experiments/e149_final20_stoichiometry_v1/out_s2/ova_c4_iptm80_19j_c3/seed-3_sample-1/ova_c4_iptm80_19j_c3_seed-3_sample-1_model.cif
ova_c4_iptm80_19j_c3	seed-3_sample-2	3	0.17	0.43	86.59551794417781	nan	nan	0.22	0.0	3	3	1	0	125	125	0	0.14	0.14	21.48	"{""A-B"": 44, ""A-C"": 38, ""B-C"": 43}"	[96, 97, 98, 99, 155, 156, 157, 182, 183, 184, 188, 190, 191, 192, 193, 194, 195, 196, 210, 336, 337, 338, 339, 340, 342, 345, 346, 348, 349, 350, 352, 353, 354, 356]	experiments/e149_final20_stoichiometry_v1/out_s2/ova_c4_iptm80_19j_c3/seed-3_sample-2/ova_c4_iptm80_19j_c3_seed-3_sample-2_summary_confidences.json	experiments/e149_final20_stoichiometry_v1/out_s2/ova_c4_iptm80_19j_c3/seed-3_sample-2/ova_c4_iptm80_19j_c3_seed-3_sample-2_model.cif
ova_c4_iptm80_19j_c3	seed-3_sample-3	3	0.19	0.44	86.71217605116453	nan	nan	0.24	0.0	3	3	1	0	151	151	0	0.16	0.16	20.36	"{""A-B"": 51, ""A-C"": 50, ""B-C"": 50}"	[94, 95, 96, 97, 98, 99, 101, 155, 156, 157, 180, 182, 183, 184, 187, 188, 191, 216, 217, 276, 277, 278, 334, 336, 337, 338, 339, 340, 341, 342, 343, 344, 345, 346, 348, 349, 350, 351, 353, 354, 355, 356]	experiments/e149_final20_stoichiometry_v1/out_s2/ova_c4_iptm80_19j_c3/seed-3_sample-3/ova_c4_iptm80_19j_c3_seed-3_sample-3_summary_confidences.json	experiments/e149_final20_stoichiometry_v1/out_s2/ova_c4_iptm80_19j_c3/seed-3_sample-3/ova_c4_iptm80_19j_c3_seed-3_sample-3_model.cif
ova_c4_iptm80_19j_c3	seed-3_sample-4	3	0.14	0.41	86.62155438951878	nan	nan	0.2	0.0	3	3	1	0	65	65	0	0.11	0.11	26.12	"{""A-B"": 23, ""A-C"": 22, ""B-C"": 20}"	[140, 141, 143, 144, 145, 147, 148, 149, 151, 152, 153, 155, 156, 159, 160, 163, 164, 191, 192, 198, 205, 206, 207, 208, 342]	experiments/e149_final20_stoichiometry_v1/out_s2/ova_c4_iptm80_19j_c3/seed-3_sample-4/ova_c4_iptm80_19j_c3_seed-3_sample-4_summary_confidences.json	experiments/e149_final20_stoichiometry_v1/out_s2/ova_c4_iptm80_19j_c3/seed-3_sample-4/ova_c4_iptm80_19j_c3_seed-3_sample-4_model.cif
ova_c4_iptm80_19j_c5	seed-1_sample-0	5	0.37	0.49	86.65240935093381	nan	nan	0.4	0.0	8	5	1	0	184	184	0	0.11	0.32	15.485	"{""A-B"": 19, ""A-C"": 46, ""A-D"": 10, ""A-E"": 24, ""B-C"": 9, ""B-D"": 47, ""B-E"": 10, ""C-D"": 19, ""C-E"": 0, ""D-E"": 0}"	[86, 87, 90, 94, 95, 96, 97, 98, 99, 155, 156, 157, 182, 184, 188, 190, 191, 192, 193, 196, 197, 217, 236, 248, 249, 271, 272, 277, 278, 282, 334, 336, 337, 338, 339, 340, 341, 342, 343, 344, 345, 346, 347, 349, 350, 352, 353, 354, 355, 358, 360, 362, 373, 374]	experiments/e149_final20_stoichiometry_v1/out_s3/ova_c4_iptm80_19j_c5/seed-1_sample-0/ova_c4_iptm80_19j_c5_seed-1_sample-0_summary_confidences.json	experiments/e149_final20_stoichiometry_v1/out_s3/ova_c4_iptm80_19j_c5/seed-1_sample-0/ova_c4_iptm80_19j_c5_seed-1_sample-0_model.cif
ova_c4_iptm80_19j_c5	seed-1_sample-1	5	0.25	0.39	85.52930052169246	nan	nan	0.28	0.0	5	5	1	0	129	129	0	0.13	0.13	18.95	"{""A-B"": 9, ""A-C"": 41, ""A-D"": 0, ""A-E"": 0, ""B-C"": 0, ""B-D"": 30, ""B-E"": 0, ""C-D"": 0, ""C-E"": 27, ""D-E"": 22}"	[94, 95, 96, 97, 98, 99, 182, 184, 190, 191, 192, 193, 217, 236, 275, 276, 277, 278, 279, 336, 337, 338, 339, 340, 342, 344, 345, 347, 349, 350, 353, 354, 355, 356, 357]	experiments/e149_final20_stoichiometry_v1/out_s3/ova_c4_iptm80_19j_c5/seed-1_sample-1/ova_c4_iptm80_19j_c5_seed-1_sample-1_summary_confidences.json	experiments/e149_final20_stoichiometry_v1/out_s3/ova_c4_iptm80_19j_c5/seed-1_sample-1/ova_c4_iptm80_19j_c5_seed-1_sample-1_model.cif
ova_c4_iptm80_19j_c5	seed-1_sample-2	5	0.27	0.4	85.93409326780646	nan	nan	0.3	0.0	6	5	1	0	148	148	0	0.13	0.15000000000000002	21.4	"{""A-B"": 16, ""A-C"": 34, ""A-D"": 1, ""A-E"": 5, ""B-C"": 0, ""B-D"": 36, ""B-E"": 0, ""C-D"": 0, ""C-E"": 28, ""D-E"": 28}"	[94, 96, 97, 98, 99, 116, 120, 138, 140, 141, 144, 155, 182, 183, 184, 190, 191, 192, 193, 195, 196, 197, 198, 200, 203, 206, 207, 208, 217, 250, 277, 278, 334, 336, 337, 338, 339, 340, 342, 344, 345, 346, 347, 348, 349, 350, 352, 353, 354, 355, 356, 357, 358, 360, 362]	experiments/e149_final20_stoichiometry_v1/out_s3/ova_c4_iptm80_19j_c5/seed-1_sample-2/ova_c4_iptm80_19j_c5_seed-1_sample-2_summary_confidences.json	experiments/e149_final20_stoichiometry_v1/out_s3/ova_c4_iptm80_19j_c5/seed-1_sample-2/ova_c4_iptm80_19j_c5_seed-1_sample-2_model.cif
ova_c4_iptm80_19j_c5	seed-1_sample-3	5	0.41	0.52	86.31515560248972	nan	nan	0.43	0.0	8	5	1	0	169	169	0	0.12	0.36	14.27	"{""A-B"": 16, ""A-C"": 42, ""A-D"": 11, ""A-E"": 0, ""B-C"": 10, ""B-D"": 39, ""B-E"": 0, ""C-D"": 16, ""C-E"": 12, ""D-E"": 23}"	[83, 86, 87, 90, 95, 96, 97, 98, 99, 131, 148, 152, 182, 184, 188, 190, 191, 192, 193, 198, 204, 206, 217, 236, 271, 272, 277, 278, 336, 337, 338, 339, 340, 341, 342, 344, 345, 346, 347, 349, 350, 352, 353, 354, 355, 356, 357, 373, 374]	experiments/e149_final20_stoichiometry_v1/out_s3/ova_c4_iptm80_19j_c5/seed-1_sample-3/ova_c4_iptm80_19j_c5_seed-1_sample-3_summary_confidences.json	experiments/e149_final20_stoichiometry_v1/out_s3/ova_c4_iptm80_19j_c5/seed-1_sample-3/ova_c4_iptm80_19j_c5_seed-1_sample-3_model.cif
ova_c4_iptm80_19j_c5	seed-1_sample-4	5	0.28	0.41	86.3591452089616	nan	nan	0.3	0.0	5	5	1	0	144	144	0	0.15	0.16	18.07	"{""A-B"": 0, ""A-C"": 33, ""A-D"": 0, ""A-E"": 25, ""B-C"": 2, ""B-D"": 36, ""B-E"": 37, ""C-D"": 11, ""C-E"": 0, ""D-E"": 0}"	[94, 95, 96, 97, 98, 99, 155, 182, 183, 184, 188, 190, 191, 192, 193, 195, 217, 236, 275, 276, 277, 278, 279, 336, 337, 338, 339, 340, 342, 344, 345, 346, 347, 348, 349, 350, 352, 353, 354, 355, 356, 357]	experiments/e149_final20_stoichiometry_v1/out_s3/ova_c4_iptm80_19j_c5/seed-1_sample-4/ova_c4_iptm80_19j_c5_seed-1_sample-4_summary_confidences.json	experiments/e149_final20_stoichiometry_v1/out_s3/ova_c4_iptm80_19j_c5/seed-1_sample-4/ova_c4_iptm80_19j_c5_seed-1_sample-4_model.cif
ova_c4_iptm80_19j_c5	seed-2_sample-0	5	0.38	0.49	86.16186528378817	nan	nan	0.4	0.0	7	5	1	0	126	126	0	0.13	0.26	15.41	"{""A-B"": 9, ""A-C"": 41, ""A-D"": 9, ""A-E"": 0, ""B-C"": 6, ""B-D"": 1, ""B-E"": 11, ""C-D"": 10, ""C-E"": 0, ""D-E"": 39}"	[1, 2, 3, 86, 90, 95, 96, 97, 98, 99, 138, 141, 144, 148, 151, 152, 155, 156, 157, 159, 160, 182, 184, 190, 191, 192, 193, 194, 195, 196, 208, 210, 217, 236, 238, 239, 271, 272, 276, 277, 278, 287, 336, 337, 338, 339, 340, 341, 342, 343, 344, 345, 346, 347, 350, 351, 353, 354, 372, 373, 374]	experiments/e149_final20_stoichiometry_v1/out_s3/ova_c4_iptm80_19j_c5/seed-2_sample-0/ova_c4_iptm80_19j_c5_seed-2_sample-0_summary_confidences.json	experiments/e149_final20_stoichiometry_v1/out_s3/ova_c4_iptm80_19j_c5/seed-2_sample-0/ova_c4_iptm80_19j_c5_seed-2_sample-0_model.cif
ova_c4_iptm80_19j_c5	seed-2_sample-1	5	0.49	0.58	86.67297928567996	nan	nan	0.51	0.0	8	5	1	0	163	163	0	0.1	0.44	11.76	"{""A-B"": 9, ""A-C"": 49, ""A-D"": 14, ""A-E"": 16, ""B-C"": 14, ""B-D"": 42, ""B-E"": 0, ""C-D"": 11, ""C-E"": 8, ""D-E"": 0}"	[21, 22, 24, 86, 87, 90, 95, 96, 97, 98, 99, 151, 156, 159, 160, 165, 182, 183, 184, 188, 190, 191, 192, 193, 196, 198, 201, 204, 205, 206, 207, 208, 236, 271, 272, 277, 278, 337, 338, 339, 340, 341, 342, 344, 345, 346, 347, 350, 353, 354, 373, 374]	experiments/e149_final20_stoichiometry_v1/out_s3/ova_c4_iptm80_19j_c5/seed-2_sample-1/ova_c4_iptm80_19j_c5_seed-2_sample-1_summary_confidences.json	experiments/e149_final20_stoichiometry_v1/out_s3/ova_c4_iptm80_19j_c5/seed-2_sample-1/ova_c4_iptm80_19j_c5_seed-2_sample-1_model.cif
ova_c4_iptm80_19j_c5	seed-2_sample-2	5	0.46	0.56	86.99901569939648	nan	nan	0.48	0.0	8	5	1	0	182	182	0	0.12	0.42000000000000004	12.165	"{""A-B"": 11, ""A-C"": 41, ""A-D"": 14, ""A-E"": 0, ""B-C"": 14, ""B-D"": 43, ""B-E"": 23, ""C-D"": 12, ""C-E"": 24, ""D-E"": 0}"	[86, 87, 90, 94, 95, 96, 97, 98, 99, 131, 148, 152, 182, 183, 184, 188, 190, 191, 192, 193, 198, 204, 206, 222, 236, 271, 272, 277, 278, 334, 336, 337, 338, 339, 340, 341, 342, 344, 345, 346, 347, 349, 350, 352, 353, 354, 355, 356, 357, 373, 374]	experiments/e149_final20_stoichiometry_v1/out_s3/ova_c4_iptm80_19j_c5/seed-2_sample-2/ova_c4_iptm80_19j_c5_seed-2_sample-2_summary_confidences.json	experiments/e149_final20_stoichiometry_v1/out_s3/ova_c4_iptm80_19j_c5/seed-2_sample-2/ova_c4_iptm80_19j_c5_seed-2_sample-2_model.cif
ova_c4_iptm80_19j_c5	seed-2_sample-3	5	0.47	0.57	86.99038856387756	nan	nan	0.49	0.0	8	5	1	0	169	169	0	0.12	0.44999999999999996	11.555	"{""A-B"": 11, ""A-C"": 40, ""A-D"": 18, ""A-E"": 20, ""B-C"": 16, ""B-D"": 40, ""B-E"": 0, ""C-D"": 12, ""C-E"": 0, ""D-E"": 12}"	[86, 87, 90, 95, 96, 97, 98, 99, 182, 184, 190, 191, 192, 193, 216, 217, 236, 271, 272, 275, 276, 277, 278, 337, 338, 339, 340, 341, 342, 343, 344, 345, 346, 347, 348, 349, 350, 352, 353, 354, 355, 356, 357, 373, 374]	experiments/e149_final20_stoichiometry_v1/out_s3/ova_c4_iptm80_19j_c5/seed-2_sample-3/ova_c4_iptm80_19j_c5_seed-2_sample-3_summary_confidences.json	experiments/e149_final20_stoichiometry_v1/out_s3/ova_c4_iptm80_19j_c5/seed-2_sample-3/ova_c4_iptm80_19j_c5_seed-2_sample-3_model.cif
ova_c4_iptm80_19j_c5	seed-2_sample-4	5	0.28	0.41	85.82499984385436	nan	nan	0.31	0.0	5	5	1	0	120	120	0	0.17	0.16	18.58	"{""A-B"": 0, ""A-C"": 38, ""A-D"": 11, ""A-E"": 0, ""B-C"": 16, ""B-D"": 0, ""B-E"": 18, ""C-D"": 3, ""C-E"": 0, ""D-E"": 34}"	[94, 95, 96, 97, 98, 99, 101, 152, 155, 180, 182, 184, 190, 191, 192, 193, 195, 217, 236, 267, 270, 271, 272, 273, 275, 276, 277, 278, 337, 338, 339, 340, 342, 344, 345, 347, 349, 350, 353, 354, 355, 356, 357]	experiments/e149_final20_stoichiometry_v1/out_s3/ova_c4_iptm80_19j_c5/seed-2_sample-4/ova_c4_iptm80_19j_c5_seed-2_sample-4_summary_confidences.json	experiments/e149_final20_stoichiometry_v1/out_s3/ova_c4_iptm80_19j_c5/seed-2_sample-4/ova_c4_iptm80_19j_c5_seed-2_sample-4_model.cif
ova_c4_iptm80_19j_c5	seed-3_sample-0	5	0.45	0.55	86.1679015876098	nan	nan	0.47	0.0	9	5	1	0	207	207	0	0.11	0.4	13.14	"{""A-B"": 11, ""A-C"": 41, ""A-D"": 24, ""A-E"": 15, ""B-C"": 23, ""B-D"": 41, ""B-E"": 13, ""C-D"": 14, ""C-E"": 0, ""D-E"": 25}"	[72, 73, 74, 83, 86, 87, 90, 94, 95, 96, 97, 98, 99, 120, 123, 124, 144, 147, 148, 151, 155, 156, 157, 182, 184, 188, 190, 191, 192, 193, 217, 222, 224, 225, 236, 271, 272, 277, 278, 334, 336, 337, 338, 339, 340, 341, 342, 343, 344, 345, 346, 347, 348, 349, 350, 352, 353, 354, 355, 356, 357, 373, 374]	experiments/e149_final20_stoichiometry_v1/out_s3/ova_c4_iptm80_19j_c5/seed-3_sample-0/ova_c4_iptm80_19j_c5_seed-3_sample-0_summary_confidences.json	experiments/e149_final20_stoichiometry_v1/out_s3/ova_c4_iptm80_19j_c5/seed-3_sample-0/ova_c4_iptm80_19j_c5_seed-3_sample-0_model.cif
ova_c4_iptm80_19j_c5	seed-3_sample-1	5	0.45	0.55	86.44445592257642	nan	nan	0.47	0.0	8	5	1	0	185	185	0	0.12	0.42000000000000004	12.975000000000001	"{""A-B"": 13, ""A-C"": 42, ""A-D"": 22, ""A-E"": 0, ""B-C"": 19, ""B-D"": 47, ""B-E"": 9, ""C-D"": 13, ""C-E"": 20, ""D-E"": 0}"	[83, 86, 87, 90, 94, 95, 96, 97, 98, 99, 182, 184, 190, 191, 192, 193, 215, 216, 217, 236, 271, 272, 276, 277, 278, 337, 338, 339, 340, 341, 342, 343, 344, 345, 346, 347, 348, 349, 350, 351, 352, 353, 354, 355, 356, 357, 373, 374]	experiments/e149_final20_stoichiometry_v1/out_s3/ova_c4_iptm80_19j_c5/seed-3_sample-1/ova_c4_iptm80_19j_c5_seed-3_sample-1_summary_confidences.json	experiments/e149_final20_stoichiometry_v1/out_s3/ova_c4_iptm80_19j_c5/seed-3_sample-1/ova_c4_iptm80_19j_c5_seed-3_sample-1_model.cif
ova_c4_iptm80_19j_c5	seed-3_sample-2	5	0.45	0.54	86.44075120916021	nan	nan	0.47	0.0	8	5	1	0	175	175	0	0.11	0.42000000000000004	12.615	"{""A-B"": 11, ""A-C"": 42, ""A-D"": 16, ""A-E"": 21, ""B-C"": 18, ""B-D"": 43, ""B-E"": 0, ""C-D"": 8, ""C-E"": 0, ""D-E"": 16}"	[86, 87, 90, 95, 96, 97, 98, 99, 144, 148, 152, 155, 182, 184, 188, 190, 191, 192, 193, 203, 217, 224, 227, 236, 248, 249, 271, 272, 277, 278, 336, 337, 338, 339, 340, 341, 342, 344, 345, 346, 347, 348, 349, 350, 352, 353, 354, 355, 356, 373, 374]	experiments/e149_final20_stoichiometry_v1/out_s3/ova_c4_iptm80_19j_c5/seed-3_sample-2/ova_c4_iptm80_19j_c5_seed-3_sample-2_summary_confidences.json	experiments/e149_final20_stoichiometry_v1/out_s3/ova_c4_iptm80_19j_c5/seed-3_sample-2/ova_c4_iptm80_19j_c5_seed-3_sample-2_model.cif
ova_c4_iptm80_19j_c5	seed-3_sample-3	5	0.44	0.54	86.67878226047971	nan	nan	0.46	0.0	8	5	1	0	198	198	0	0.11	0.41500000000000004	13.23	"{""A-B"": 10, ""A-C"": 45, ""A-D"": 22, ""A-E"": 0, ""B-C"": 21, ""B-D"": 46, ""B-E"": 32, ""C-D"": 9, ""C-E"": 13, ""D-E"": 0}"	[86, 90, 94, 95, 96, 97, 98, 99, 148, 152, 182, 184, 188, 189, 190, 191, 192, 193, 194, 217, 222, 224, 225, 227, 236, 248, 249, 271, 272, 277, 278, 334, 336, 337, 338, 339, 340, 341, 342, 343, 344, 345, 346, 347, 348, 349, 350, 352, 353, 354, 355, 356, 357, 358, 373, 374]	experiments/e149_final20_stoichiometry_v1/out_s3/ova_c4_iptm80_19j_c5/seed-3_sample-3/ova_c4_iptm80_19j_c5_seed-3_sample-3_summary_confidences.json	experiments/e149_final20_stoichiometry_v1/out_s3/ova_c4_iptm80_19j_c5/seed-3_sample-3/ova_c4_iptm80_19j_c5_seed-3_sample-3_model.cif
ova_c4_iptm80_19j_c5	seed-3_sample-4	5	0.45	0.55	86.36810899645553	nan	nan	0.47	0.0	8	5	1	0	196	196	0	0.12	0.39	13.29	"{""A-B"": 11, ""A-C"": 38, ""A-D"": 21, ""A-E"": 0, ""B-C"": 20, ""B-D"": 37, ""B-E"": 22, ""C-D"": 12, ""C-E"": 0, ""D-E"": 35}"	[86, 87, 90, 95, 96, 97, 98, 99, 144, 147, 148, 151, 152, 155, 156, 157, 159, 160, 164, 182, 184, 188, 190, 191, 192, 193, 195, 196, 197, 198, 205, 206, 207, 208, 209, 210, 217, 236, 267, 270, 271, 272, 276, 277, 278, 287, 289, 291, 337, 338, 339, 340, 341, 342, 343, 344, 345, 346, 347, 350, 353, 354, 355, 356, 357, 373, 374]	experiments/e149_final20_stoichiometry_v1/out_s3/ova_c4_iptm80_19j_c5/seed-3_sample-4/ova_c4_iptm80_19j_c5_seed-3_sample-4_summary_confidences.json	experiments/e149_final20_stoichiometry_v1/out_s3/ova_c4_iptm80_19j_c5/seed-3_sample-4/ova_c4_iptm80_19j_c5_seed-3_sample-4_model.cif
ova_c4_iptm80_19j_c6	seed-1_sample-0	6	0.27	0.38	84.91064770357596	nan	nan	0.29	0.0	12	6	1	0	301	301	0	0.26	0.155	21.64	"{""A-B"": 29, ""A-C"": 10, ""A-D"": 27, ""A-E"": 35, ""A-F"": 0, ""B-C"": 25, ""B-D"": 12, ""B-E"": 0, ""B-F"": 27, ""C-D"": 0, ""C-E"": 29, ""C-F"": 32, ""D-E"": 35, ""D-F"": 29, ""E-F"": 11}"	[64, 82, 83, 86, 89, 90, 93, 94, 95, 96, 98, 99, 101, 151, 152, 153, 155, 156, 182, 190, 191, 192, 193, 194, 195, 196, 197, 208, 213, 217, 271, 272, 275, 276, 277, 278, 342, 344, 345, 346, 347, 348, 349, 350, 353, 354, 373, 374]	experiments/e149_final20_stoichiometry_v1/out_s7/ova_c4_iptm80_19j_c6/seed-1_sample-0/ova_c4_iptm80_19j_c6_seed-1_sample-0_summary_confidences.json	experiments/e149_final20_stoichiometry_v1/out_s7/ova_c4_iptm80_19j_c6/seed-1_sample-0/ova_c4_iptm80_19j_c6_seed-1_sample-0_model.cif
ova_c4_iptm80_19j_c6	seed-1_sample-1	6	0.27	0.38	85.15673562282107	nan	nan	0.29	0.0	12	6	1	0	262	262	0	0.25	0.155	21.55	"{""A-B"": 23, ""A-C"": 6, ""A-D"": 29, ""A-E"": 30, ""A-F"": 0, ""B-C"": 27, ""B-D"": 8, ""B-E"": 0, ""B-F"": 26, ""C-D"": 0, ""C-E"": 25, ""C-F"": 29, ""D-E"": 29, ""D-F"": 24, ""E-F"": 6}"	[64, 83, 86, 89, 90, 93, 94, 95, 96, 97, 98, 99, 152, 153, 155, 156, 182, 190, 191, 192, 193, 194, 195, 196, 208, 213, 217, 271, 272, 275, 276, 277, 278, 342, 344, 345, 346, 347, 348, 349, 350, 354, 373, 374]	experiments/e149_final20_stoichiometry_v1/out_s7/ova_c4_iptm80_19j_c6/seed-1_sample-1/ova_c4_iptm80_19j_c6_seed-1_sample-1_summary_confidences.json	experiments/e149_final20_stoichiometry_v1/out_s7/ova_c4_iptm80_19j_c6/seed-1_sample-1/ova_c4_iptm80_19j_c6_seed-1_sample-1_model.cif
ova_c4_iptm80_19j_c6	seed-1_sample-2	6	0.27	0.38	85.02165806231721	nan	nan	0.29	0.0	10	6	1	0	279	279	0	0.23	0.14500000000000002	22.005	"{""A-B"": 34, ""A-C"": 3, ""A-D"": 27, ""A-E"": 29, ""A-F"": 0, ""B-C"": 29, ""B-D"": 5, ""B-E"": 0, ""B-F"": 27, ""C-D"": 0, ""C-E"": 30, ""C-F"": 34, ""D-E"": 29, ""D-F"": 29, ""E-F"": 3}"	[64, 89, 90, 93, 94, 95, 96, 97, 98, 99, 101, 152, 153, 155, 182, 183, 190, 191, 192, 193, 194, 195, 196, 208, 213, 217, 271, 272, 275, 276, 277, 278, 342, 344, 345, 346, 347, 348, 349, 350, 351, 353, 354, 357, 373, 374]	experiments/e149_final20_stoichiometry_v1/out_s7/ova_c4_iptm80_19j_c6/seed-1_sample-2/ova_c4_iptm80_19j_c6_seed-1_sample-2_summary_confidences.json	experiments/e149_final20_stoichiometry_v1/out_s7/ova_c4_iptm80_19j_c6/seed-1_sample-2/ova_c4_iptm80_19j_c6_seed-1_sample-2_model.cif
ova_c4_iptm80_19j_c6	seed-1_sample-3	6	0.28	0.39	85.0747668508421	nan	nan	0.3	0.0	12	6	1	0	331	331	0	0.28	0.165	21.005	"{""A-B"": 33, ""A-C"": 10, ""A-D"": 30, ""A-E"": 33, ""A-F"": 0, ""B-C"": 31, ""B-D"": 10, ""B-E"": 0, ""B-F"": 37, ""C-D"": 0, ""C-E"": 34, ""C-F"": 38, ""D-E"": 34, ""D-F"": 31, ""E-F"": 10}"	[64, 83, 86, 89, 90, 92, 93, 94, 95, 96, 98, 99, 151, 152, 153, 155, 156, 182, 183, 190, 191, 192, 193, 194, 195, 196, 197, 208, 213, 217, 271, 272, 275, 276, 277, 278, 342, 343, 344, 345, 346, 347, 348, 349, 350, 351, 352, 353, 354, 373, 374]	experiments/e149_final20_stoichiometry_v1/out_s7/ova_c4_iptm80_19j_c6/seed-1_sample-3/ova_c4_iptm80_19j_c6_seed-1_sample-3_summary_confidences.json	experiments/e149_final20_stoichiometry_v1/out_s7/ova_c4_iptm80_19j_c6/seed-1_sample-3/ova_c4_iptm80_19j_c6_seed-1_sample-3_model.cif
ova_c4_iptm80_19j_c6	seed-1_sample-4	6	0.28	0.39	85.20567347472196	nan	nan	0.3	0.0	12	6	1	0	377	377	0	0.28	0.155	21.119999999999997	"{""A-B"": 37, ""A-C"": 11, ""A-D"": 0, ""A-E"": 44, ""A-F"": 31, ""B-C"": 43, ""B-D"": 11, ""B-E"": 0, ""B-F"": 33, ""C-D"": 36, ""C-E"": 37, ""C-F"": 0, ""D-E"": 38, ""D-F"": 44, ""E-F"": 12}"	[64, 82, 83, 86, 89, 90, 92, 93, 94, 95, 96, 97, 98, 99, 152, 155, 182, 190, 191, 192, 193, 195, 196, 208, 213, 217, 220, 271, 272, 275, 276, 277, 278, 279, 342, 343, 344, 345, 346, 347, 348, 349, 350, 352, 353, 354, 357, 373, 374]	experiments/e149_final20_stoichiometry_v1/out_s7/ova_c4_iptm80_19j_c6/seed-1_sample-4/ova_c4_iptm80_19j_c6_seed-1_sample-4_summary_confidences.json	experiments/e149_final20_stoichiometry_v1/out_s7/ova_c4_iptm80_19j_c6/seed-1_sample-4/ova_c4_iptm80_19j_c6_seed-1_sample-4_model.cif
ova_c4_iptm80_19j_c6	seed-2_sample-0	6	0.7	0.74	88.79854917773311	nan	nan	0.71	0.0	9	6	1	0	306	306	0	0.71	0.71	3.73	"{""A-B"": 35, ""A-C"": 0, ""A-D"": 34, ""A-E"": 0, ""A-F"": 34, ""B-C"": 33, ""B-D"": 34, ""B-E"": 0, ""B-F"": 0, ""C-D"": 0, ""C-E"": 34, ""C-F"": 35, ""D-E"": 33, ""D-F"": 0, ""E-F"": 34}"	[94, 95, 96, 97, 98, 99, 101, 149, 152, 153, 154, 155, 182, 183, 184, 190, 191, 192, 193, 194, 195, 196, 208, 210, 213, 217, 275, 276, 277, 278, 342, 344, 345, 347, 349, 350, 353, 354, 355, 356]	experiments/e149_final20_stoichiometry_v1/out_s7/ova_c4_iptm80_19j_c6/seed-2_sample-0/ova_c4_iptm80_19j_c6_seed-2_sample-0_summary_confidences.json	experiments/e149_final20_stoichiometry_v1/out_s7/ova_c4_iptm80_19j_c6/seed-2_sample-0/ova_c4_iptm80_19j_c6_seed-2_sample-0_model.cif
ova_c4_iptm80_19j_c6	seed-2_sample-1	6	0.69	0.73	88.72093274803359	nan	nan	0.69	0.0	9	6	1	0	281	281	0	0.7	0.7	3.95	"{""A-B"": 33, ""A-C"": 0, ""A-D"": 33, ""A-E"": 0, ""A-F"": 28, ""B-C"": 27, ""B-D"": 34, ""B-E"": 0, ""B-F"": 0, ""C-D"": 0, ""C-E"": 33, ""C-F"": 33, ""D-E"": 27, ""D-F"": 0, ""E-F"": 33}"	[94, 95, 96, 97, 98, 99, 101, 149, 152, 153, 155, 182, 183, 184, 190, 191, 192, 193, 194, 195, 196, 208, 210, 213, 217, 275, 276, 277, 278, 342, 344, 345, 347, 349, 350, 353, 354, 355]	experiments/e149_final20_stoichiometry_v1/out_s7/ova_c4_iptm80_19j_c6/seed-2_sample-1/ova_c4_iptm80_19j_c6_seed-2_sample-1_summary_confidences.json	experiments/e149_final20_stoichiometry_v1/out_s7/ova_c4_iptm80_19j_c6/seed-2_sample-1/ova_c4_iptm80_19j_c6_seed-2_sample-1_model.cif
ova_c4_iptm80_19j_c6	seed-2_sample-2	6	0.71	0.75	88.9260881157119	nan	nan	0.72	0.0	9	6	1	0	327	327	0	0.72	0.72	3.64	"{""A-B"": 36, ""A-C"": 0, ""A-D"": 35, ""A-E"": 0, ""A-F"": 38, ""B-C"": 38, ""B-D"": 36, ""B-E"": 0, ""B-F"": 0, ""C-D"": 0, ""C-E"": 36, ""C-F"": 35, ""D-E"": 38, ""D-F"": 0, ""E-F"": 35}"	[94, 95, 96, 97, 98, 99, 101, 149, 152, 153, 154, 155, 182, 183, 184, 190, 191, 192, 193, 194, 195, 196, 208, 210, 213, 217, 275, 276, 277, 278, 342, 344, 345, 347, 348, 349, 350, 353, 354, 355, 356, 357]	experiments/e149_final20_stoichiometry_v1/out_s7/ova_c4_iptm80_19j_c6/seed-2_sample-2/ova_c4_iptm80_19j_c6_seed-2_sample-2_summary_confidences.json	experiments/e149_final20_stoichiometry_v1/out_s7/ova_c4_iptm80_19j_c6/seed-2_sample-2/ova_c4_iptm80_19j_c6_seed-2_sample-2_model.cif
ova_c4_iptm80_19j_c6	seed-2_sample-3	6	0.67	0.72	88.58538859866444	nan	nan	0.68	0.0	9	6	1	0	314	314	0	0.7	0.7	3.95	"{""A-B"": 33, ""A-C"": 0, ""A-D"": 34, ""A-E"": 0, ""A-F"": 37, ""B-C"": 36, ""B-D"": 34, ""B-E"": 0, ""B-F"": 0, ""C-D"": 0, ""C-E"": 34, ""C-F"": 35, ""D-E"": 37, ""D-F"": 0, ""E-F"": 34}"	[94, 95, 96, 97, 98, 99, 101, 149, 152, 153, 155, 182, 183, 184, 190, 191, 192, 193, 194, 195, 196, 208, 210, 213, 217, 275, 276, 277, 278, 342, 344, 345, 347, 348, 349, 350, 353, 354, 355, 356, 357]	experiments/e149_final20_stoichiometry_v1/out_s7/ova_c4_iptm80_19j_c6/seed-2_sample-3/ova_c4_iptm80_19j_c6_seed-2_sample-3_summary_confidences.json	experiments/e149_final20_stoichiometry_v1/out_s7/ova_c4_iptm80_19j_c6/seed-2_sample-3/ova_c4_iptm80_19j_c6_seed-2_sample-3_model.cif
ova_c4_iptm80_19j_c6	seed-2_sample-4	6	0.72	0.76	88.95725388601036	nan	nan	0.73	0.0	9	6	1	0	318	318	0	0.72	0.72	3.55	"{""A-B"": 35, ""A-C"": 0, ""A-D"": 33, ""A-E"": 0, ""A-F"": 38, ""B-C"": 38, ""B-D"": 34, ""B-E"": 0, ""B-F"": 0, ""C-D"": 0, ""C-E"": 34, ""C-F"": 34, ""D-E"": 38, ""D-F"": 0, ""E-F"": 34}"	[94, 95, 96, 97, 98, 99, 101, 149, 152, 153, 155, 182, 183, 184, 188, 190, 191, 192, 193, 194, 195, 196, 208, 210, 213, 217, 275, 276, 277, 278, 342, 344, 345, 347, 348, 349, 350, 353, 354, 355, 356, 357]	experiments/e149_final20_stoichiometry_v1/out_s7/ova_c4_iptm80_19j_c6/seed-2_sample-4/ova_c4_iptm80_19j_c6_seed-2_sample-4_summary_confidences.json	experiments/e149_final20_stoichiometry_v1/out_s7/ova_c4_iptm80_19j_c6/seed-2_sample-4/ova_c4_iptm80_19j_c6_seed-2_sample-4_model.cif
ova_c4_iptm80_19j_c6	seed-3_sample-0	6	0.4	0.49	85.98992233078714	nan	nan	0.42	0.0	12	6	1	0	252	252	0	0.39	0.25	12.629999999999999	"{""A-B"": 19, ""A-C"": 0, ""A-D"": 19, ""A-E"": 18, ""A-F"": 27, ""B-C"": 19, ""B-D"": 26, ""B-E"": 0, ""B-F"": 18, ""C-D"": 20, ""C-E"": 27, ""C-F"": 18, ""D-E"": 20, ""D-F"": 0, ""E-F"": 21}"	[1, 64, 86, 87, 90, 94, 95, 96, 151, 152, 155, 156, 157, 184, 188, 216, 217, 236, 262, 263, 266, 267, 271, 272, 278, 336, 338, 339, 340, 343, 345, 346, 347, 348, 349, 350, 351, 352, 353, 354, 356, 373, 374]	experiments/e149_final20_stoichiometry_v1/out_s7/ova_c4_iptm80_19j_c6/seed-3_sample-0/ova_c4_iptm80_19j_c6_seed-3_sample-0_summary_confidences.json	experiments/e149_final20_stoichiometry_v1/out_s7/ova_c4_iptm80_19j_c6/seed-3_sample-0/ova_c4_iptm80_19j_c6_seed-3_sample-0_model.cif
ova_c4_iptm80_19j_c6	seed-3_sample-1	6	0.48	0.56	86.35101032751211	nan	nan	0.5	0.0	12	6	1	0	272	272	0	0.51	0.325	9.975000000000001	"{""A-B"": 13, ""A-C"": 0, ""A-D"": 18, ""A-E"": 18, ""A-F"": 41, ""B-C"": 18, ""B-D"": 36, ""B-E"": 0, ""B-F"": 19, ""C-D"": 14, ""C-E"": 43, ""C-F"": 19, ""D-E"": 19, ""D-F"": 0, ""E-F"": 14}"	[1, 6, 86, 87, 90, 94, 95, 96, 97, 151, 155, 156, 157, 159, 188, 189, 191, 194, 216, 217, 263, 266, 271, 272, 278, 334, 336, 337, 338, 339, 340, 342, 345, 346, 347, 348, 349, 350, 352, 353, 354, 356, 373, 374]	experiments/e149_final20_stoichiometry_v1/out_s7/ova_c4_iptm80_19j_c6/seed-3_sample-1/ova_c4_iptm80_19j_c6_seed-3_sample-1_summary_confidences.json	experiments/e149_final20_stoichiometry_v1/out_s7/ova_c4_iptm80_19j_c6/seed-3_sample-1/ova_c4_iptm80_19j_c6_seed-3_sample-1_model.cif
ova_c4_iptm80_19j_c6	seed-3_sample-2	6	0.47	0.55	86.34173582996111	nan	nan	0.49	0.0	12	6	1	0	258	258	0	0.49	0.315	10.36	"{""A-B"": 18, ""A-C"": 0, ""A-D"": 16, ""A-E"": 17, ""A-F"": 36, ""B-C"": 18, ""B-D"": 32, ""B-E"": 0, ""B-F"": 17, ""C-D"": 17, ""C-E"": 35, ""C-F"": 18, ""D-E"": 17, ""D-F"": 0, ""E-F"": 17}"	[1, 6, 64, 86, 87, 90, 94, 95, 96, 97, 151, 155, 156, 157, 159, 188, 189, 191, 216, 217, 263, 266, 267, 271, 272, 278, 336, 337, 338, 339, 340, 342, 345, 346, 347, 348, 349, 350, 351, 352, 353, 354, 356, 373, 374]	experiments/e149_final20_stoichiometry_v1/out_s7/ova_c4_iptm80_19j_c6/seed-3_sample-2/ova_c4_iptm80_19j_c6_seed-3_sample-2_summary_confidences.json	experiments/e149_final20_stoichiometry_v1/out_s7/ova_c4_iptm80_19j_c6/seed-3_sample-2/ova_c4_iptm80_19j_c6_seed-3_sample-2_model.cif
ova_c4_iptm80_19j_c6	seed-3_sample-3	6	0.48	0.55	85.78347141878592	nan	nan	0.49	0.0	12	6	1	0	283	283	0	0.52	0.32	9.74	"{""A-B"": 11, ""A-C"": 0, ""A-D"": 24, ""A-E"": 24, ""A-F"": 35, ""B-C"": 24, ""B-D"": 34, ""B-E"": 0, ""B-F"": 24, ""C-D"": 11, ""C-E"": 35, ""C-F"": 25, ""D-E"": 24, ""D-F"": 0, ""E-F"": 12}"	[1, 86, 87, 90, 95, 96, 97, 151, 152, 155, 156, 157, 159, 188, 191, 215, 216, 217, 263, 271, 272, 278, 336, 337, 338, 339, 340, 342, 343, 345, 346, 347, 348, 349, 350, 351, 352, 353, 354, 356, 373, 374]	experiments/e149_final20_stoichiometry_v1/out_s7/ova_c4_iptm80_19j_c6/seed-3_sample-3/ova_c4_iptm80_19j_c6_seed-3_sample-3_summary_confidences.json	experiments/e149_final20_stoichiometry_v1/out_s7/ova_c4_iptm80_19j_c6/seed-3_sample-3/ova_c4_iptm80_19j_c6_seed-3_sample-3_model.cif
ova_c4_iptm80_19j_c6	seed-3_sample-4	6	0.47	0.55	86.49557008891526	nan	nan	0.49	0.0	12	6	1	0	243	243	0	0.5	0.315	9.99	"{""A-B"": 16, ""A-C"": 0, ""A-D"": 18, ""A-E"": 16, ""A-F"": 33, ""B-C"": 16, ""B-D"": 29, ""B-E"": 0, ""B-F"": 17, ""C-D"": 16, ""C-E"": 31, ""C-F"": 18, ""D-E"": 17, ""D-F"": 0, ""E-F"": 16}"	[1, 6, 86, 87, 90, 94, 95, 96, 97, 151, 155, 156, 157, 159, 188, 191, 216, 217, 263, 266, 271, 272, 278, 336, 337, 338, 339, 340, 345, 346, 347, 348, 349, 350, 352, 353, 354, 356, 373, 374]	experiments/e149_final20_stoichiometry_v1/out_s7/ova_c4_iptm80_19j_c6/seed-3_sample-4/ova_c4_iptm80_19j_c6_seed-3_sample-4_summary_confidences.json	experiments/e149_final20_stoichiometry_v1/out_s7/ova_c4_iptm80_19j_c6/seed-3_sample-4/ova_c4_iptm80_19j_c6_seed-3_sample-4_model.cif
ova_c4_iptm80_19k_c1	seed-1_sample-0	1	0.0	0.92	90.9366580389942	nan	nan	0.92	0.0	0	1	0	0	0	0	0	0.0	nan	nan	{}	[]	experiments/e149_final20_stoichiometry_v1/out_s4/ova_c4_iptm80_19k_c1/seed-1_sample-0/ova_c4_iptm80_19k_c1_seed-1_sample-0_summary_confidences.json	experiments/e149_final20_stoichiometry_v1/out_s4/ova_c4_iptm80_19k_c1/seed-1_sample-0/ova_c4_iptm80_19k_c1_seed-1_sample-0_model.cif
ova_c4_iptm80_19k_c1	seed-1_sample-1	1	0.0	0.92	90.74924872205665	nan	nan	0.92	0.0	0	1	0	0	0	0	0	0.0	nan	nan	{}	[]	experiments/e149_final20_stoichiometry_v1/out_s4/ova_c4_iptm80_19k_c1/seed-1_sample-1/ova_c4_iptm80_19k_c1_seed-1_sample-1_summary_confidences.json	experiments/e149_final20_stoichiometry_v1/out_s4/ova_c4_iptm80_19k_c1/seed-1_sample-1/ova_c4_iptm80_19k_c1_seed-1_sample-1_model.cif
ova_c4_iptm80_19k_c1	seed-1_sample-2	1	0.0	0.92	90.96450780957474	nan	nan	0.92	0.0	0	1	0	0	0	0	0	0.0	nan	nan	{}	[]	experiments/e149_final20_stoichiometry_v1/out_s4/ova_c4_iptm80_19k_c1/seed-1_sample-2/ova_c4_iptm80_19k_c1_seed-1_sample-2_summary_confidences.json	experiments/e149_final20_stoichiometry_v1/out_s4/ova_c4_iptm80_19k_c1/seed-1_sample-2/ova_c4_iptm80_19k_c1_seed-1_sample-2_model.cif
ova_c4_iptm80_19k_c1	seed-1_sample-3	1	0.0	0.92	90.99111390978561	nan	nan	0.92	0.0	0	1	0	0	0	0	0	0.0	nan	nan	{}	[]	experiments/e149_final20_stoichiometry_v1/out_s4/ova_c4_iptm80_19k_c1/seed-1_sample-3/ova_c4_iptm80_19k_c1_seed-1_sample-3_summary_confidences.json	experiments/e149_final20_stoichiometry_v1/out_s4/ova_c4_iptm80_19k_c1/seed-1_sample-3/ova_c4_iptm80_19k_c1_seed-1_sample-3_model.cif
ova_c4_iptm80_19k_c1	seed-1_sample-4	1	0.0	0.92	90.7623316710477	nan	nan	0.92	0.0	0	1	0	0	0	0	0	0.0	nan	nan	{}	[]	experiments/e149_final20_stoichiometry_v1/out_s4/ova_c4_iptm80_19k_c1/seed-1_sample-4/ova_c4_iptm80_19k_c1_seed-1_sample-4_summary_confidences.json	experiments/e149_final20_stoichiometry_v1/out_s4/ova_c4_iptm80_19k_c1/seed-1_sample-4/ova_c4_iptm80_19k_c1_seed-1_sample-4_model.cif
ova_c4_iptm80_19k_c1	seed-2_sample-0	1	0.0	0.92	90.9441192113056	nan	nan	0.92	0.0	0	1	0	0	0	0	0	0.0	nan	nan	{}	[]	experiments/e149_final20_stoichiometry_v1/out_s4/ova_c4_iptm80_19k_c1/seed-2_sample-0/ova_c4_iptm80_19k_c1_seed-2_sample-0_summary_confidences.json	experiments/e149_final20_stoichiometry_v1/out_s4/ova_c4_iptm80_19k_c1/seed-2_sample-0/ova_c4_iptm80_19k_c1_seed-2_sample-0_model.cif
ova_c4_iptm80_19k_c1	seed-2_sample-1	1	0.0	0.92	90.96069942731313	nan	nan	0.92	0.0	0	1	0	0	0	0	0	0.0	nan	nan	{}	[]	experiments/e149_final20_stoichiometry_v1/out_s4/ova_c4_iptm80_19k_c1/seed-2_sample-1/ova_c4_iptm80_19k_c1_seed-2_sample-1_summary_confidences.json	experiments/e149_final20_stoichiometry_v1/out_s4/ova_c4_iptm80_19k_c1/seed-2_sample-1/ova_c4_iptm80_19k_c1_seed-2_sample-1_model.cif
ova_c4_iptm80_19k_c1	seed-2_sample-2	1	0.0	0.92	90.59523297838597	nan	nan	0.92	0.0	0	1	0	0	0	0	0	0.0	nan	nan	{}	[]	experiments/e149_final20_stoichiometry_v1/out_s4/ova_c4_iptm80_19k_c1/seed-2_sample-2/ova_c4_iptm80_19k_c1_seed-2_sample-2_summary_confidences.json	experiments/e149_final20_stoichiometry_v1/out_s4/ova_c4_iptm80_19k_c1/seed-2_sample-2/ova_c4_iptm80_19k_c1_seed-2_sample-2_model.cif
ova_c4_iptm80_19k_c1	seed-2_sample-3	1	0.0	0.92	91.07997421897137	nan	nan	0.92	0.0	0	1	0	0	0	0	0	0.0	nan	nan	{}	[]	experiments/e149_final20_stoichiometry_v1/out_s4/ova_c4_iptm80_19k_c1/seed-2_sample-3/ova_c4_iptm80_19k_c1_seed-2_sample-3_summary_confidences.json	experiments/e149_final20_stoichiometry_v1/out_s4/ova_c4_iptm80_19k_c1/seed-2_sample-3/ova_c4_iptm80_19k_c1_seed-2_sample-3_model.cif
ova_c4_iptm80_19k_c1	seed-2_sample-4	1	0.0	0.92	90.76497420869343	nan	nan	0.92	0.0	0	1	0	0	0	0	0	0.0	nan	nan	{}	[]	experiments/e149_final20_stoichiometry_v1/out_s4/ova_c4_iptm80_19k_c1/seed-2_sample-4/ova_c4_iptm80_19k_c1_seed-2_sample-4_summary_confidences.json	experiments/e149_final20_stoichiometry_v1/out_s4/ova_c4_iptm80_19k_c1/seed-2_sample-4/ova_c4_iptm80_19k_c1_seed-2_sample-4_model.cif
ova_c4_iptm80_19k_c1	seed-3_sample-0	1	0.0	0.92	90.8855957466086	nan	nan	0.92	0.0	0	1	0	0	0	0	0	0.0	nan	nan	{}	[]	experiments/e149_final20_stoichiometry_v1/out_s4/ova_c4_iptm80_19k_c1/seed-3_sample-0/ova_c4_iptm80_19k_c1_seed-3_sample-0_summary_confidences.json	experiments/e149_final20_stoichiometry_v1/out_s4/ova_c4_iptm80_19k_c1/seed-3_sample-0/ova_c4_iptm80_19k_c1_seed-3_sample-0_model.cif
ova_c4_iptm80_19k_c1	seed-3_sample-1	1	0.0	0.92	91.16569937078447	nan	nan	0.92	0.0	0	1	0	0	0	0	0	0.0	nan	nan	{}	[]	experiments/e149_final20_stoichiometry_v1/out_s4/ova_c4_iptm80_19k_c1/seed-3_sample-1/ova_c4_iptm80_19k_c1_seed-3_sample-1_summary_confidences.json	experiments/e149_final20_stoichiometry_v1/out_s4/ova_c4_iptm80_19k_c1/seed-3_sample-1/ova_c4_iptm80_19k_c1_seed-3_sample-1_model.cif
ova_c4_iptm80_19k_c1	seed-3_sample-2	1	0.0	0.92	91.23349748127201	nan	nan	0.92	0.0	0	1	0	0	0	0	0	0.0	nan	nan	{}	[]	experiments/e149_final20_stoichiometry_v1/out_s4/ova_c4_iptm80_19k_c1/seed-3_sample-2/ova_c4_iptm80_19k_c1_seed-3_sample-2_summary_confidences.json	experiments/e149_final20_stoichiometry_v1/out_s4/ova_c4_iptm80_19k_c1/seed-3_sample-2/ova_c4_iptm80_19k_c1_seed-3_sample-2_model.cif
ova_c4_iptm80_19k_c1	seed-3_sample-3	1	0.0	0.92	90.87616576555479	nan	nan	0.92	0.0	0	1	0	0	0	0	0	0.0	nan	nan	{}	[]	experiments/e149_final20_stoichiometry_v1/out_s4/ova_c4_iptm80_19k_c1/seed-3_sample-3/ova_c4_iptm80_19k_c1_seed-3_sample-3_summary_confidences.json	experiments/e149_final20_stoichiometry_v1/out_s4/ova_c4_iptm80_19k_c1/seed-3_sample-3/ova_c4_iptm80_19k_c1_seed-3_sample-3_model.cif
ova_c4_iptm80_19k_c1	seed-3_sample-4	1	0.0	0.92	91.15963720410599	nan	nan	0.92	0.0	0	1	0	0	0	0	0	0.0	nan	nan	{}	[]	experiments/e149_final20_stoichiometry_v1/out_s4/ova_c4_iptm80_19k_c1/seed-3_sample-4/ova_c4_iptm80_19k_c1_seed-3_sample-4_summary_confidences.json	experiments/e149_final20_stoichiometry_v1/out_s4/ova_c4_iptm80_19k_c1/seed-3_sample-4/ova_c4_iptm80_19k_c1_seed-3_sample-4_model.cif
ova_c4_iptm80_19k_c2	seed-1_sample-0	2	0.37	0.64	89.74044059595296	nan	nan	0.43	0.0	1	2	1	0	48	48	0	0.37	0.37	11.5	"{""A-B"": 48}"	[95, 96, 97, 98, 99, 155, 156, 182, 183, 184, 190, 191, 192, 194, 195, 196, 208, 337, 338, 340, 342, 344, 347]	experiments/e149_final20_stoichiometry_v1/out_s2/ova_c4_iptm80_19k_c2/seed-1_sample-0/ova_c4_iptm80_19k_c2_seed-1_sample-0_summary_confidences.json	experiments/e149_final20_stoichiometry_v1/out_s2/ova_c4_iptm80_19k_c2/seed-1_sample-0/ova_c4_iptm80_19k_c2_seed-1_sample-0_model.cif
ova_c4_iptm80_19k_c2	seed-1_sample-1	2	0.43	0.67	90.01981847891535	nan	nan	0.48	0.0	1	2	1	0	49	49	0	0.43	0.43	10.08	"{""A-B"": 49}"	[94, 95, 96, 97, 98, 99, 155, 182, 183, 184, 190, 191, 192, 193, 196, 236, 337, 338, 340, 342, 345, 346]	experiments/e149_final20_stoichiometry_v1/out_s2/ova_c4_iptm80_19k_c2/seed-1_sample-1/ova_c4_iptm80_19k_c2_seed-1_sample-1_summary_confidences.json	experiments/e149_final20_stoichiometry_v1/out_s2/ova_c4_iptm80_19k_c2/seed-1_sample-1/ova_c4_iptm80_19k_c2_seed-1_sample-1_model.cif
ova_c4_iptm80_19k_c2	seed-1_sample-2	2	0.44	0.68	89.84691702887184	nan	nan	0.49	0.0	1	2	1	0	40	40	0	0.44	0.44	9.97	"{""A-B"": 40}"	[94, 95, 96, 97, 98, 99, 182, 184, 190, 191, 192, 193, 236, 337, 338, 340, 341, 342, 345, 346]	experiments/e149_final20_stoichiometry_v1/out_s2/ova_c4_iptm80_19k_c2/seed-1_sample-2/ova_c4_iptm80_19k_c2_seed-1_sample-2_summary_confidences.json	experiments/e149_final20_stoichiometry_v1/out_s2/ova_c4_iptm80_19k_c2/seed-1_sample-2/ova_c4_iptm80_19k_c2_seed-1_sample-2_model.cif
ova_c4_iptm80_19k_c2	seed-1_sample-3	2	0.39	0.65	89.63448182535913	nan	nan	0.44	0.0	1	2	1	0	45	45	0	0.39	0.39	11.33	"{""A-B"": 45}"	[95, 96, 97, 98, 99, 155, 156, 182, 183, 184, 190, 191, 192, 195, 196, 236, 337, 338, 340, 342, 344, 345]	experiments/e149_final20_stoichiometry_v1/out_s2/ova_c4_iptm80_19k_c2/seed-1_sample-3/ova_c4_iptm80_19k_c2_seed-1_sample-3_summary_confidences.json	experiments/e149_final20_stoichiometry_v1/out_s2/ova_c4_iptm80_19k_c2/seed-1_sample-3/ova_c4_iptm80_19k_c2_seed-1_sample-3_model.cif
ova_c4_iptm80_19k_c2	seed-1_sample-4	2	0.43	0.67	90.03702072776044	nan	nan	0.48	0.0	1	2	1	0	43	43	0	0.43	0.43	10.13	"{""A-B"": 43}"	[94, 95, 96, 97, 98, 99, 155, 156, 182, 183, 184, 190, 191, 192, 195, 196, 337, 338, 340, 342, 345, 346]	experiments/e149_final20_stoichiometry_v1/out_s2/ova_c4_iptm80_19k_c2/seed-1_sample-4/ova_c4_iptm80_19k_c2_seed-1_sample-4_summary_confidences.json	experiments/e149_final20_stoichiometry_v1/out_s2/ova_c4_iptm80_19k_c2/seed-1_sample-4/ova_c4_iptm80_19k_c2_seed-1_sample-4_model.cif
ova_c4_iptm80_19k_c2	seed-2_sample-0	2	0.44	0.67	90.04932654583392	nan	nan	0.49	0.0	1	2	1	0	53	53	0	0.44	0.44	9.24	"{""A-B"": 53}"	[94, 95, 96, 97, 98, 99, 151, 152, 155, 156, 182, 183, 184, 190, 191, 192, 194, 195, 196, 208, 210, 337, 338, 340, 342, 344, 347]	experiments/e149_final20_stoichiometry_v1/out_s2/ova_c4_iptm80_19k_c2/seed-2_sample-0/ova_c4_iptm80_19k_c2_seed-2_sample-0_summary_confidences.json	experiments/e149_final20_stoichiometry_v1/out_s2/ova_c4_iptm80_19k_c2/seed-2_sample-0/ova_c4_iptm80_19k_c2_seed-2_sample-0_model.cif
ova_c4_iptm80_19k_c2	seed-2_sample-1	2	0.46	0.69	90.18046611331287	nan	nan	0.51	0.0	1	2	1	0	34	34	0	0.46	0.46	8.98	"{""A-B"": 34}"	[94, 95, 96, 97, 98, 99, 182, 184, 190, 191, 192, 338, 340, 342, 343, 344]	experiments/e149_final20_stoichiometry_v1/out_s2/ova_c4_iptm80_19k_c2/seed-2_sample-1/ova_c4_iptm80_19k_c2_seed-2_sample-1_summary_confidences.json	experiments/e149_final20_stoichiometry_v1/out_s2/ova_c4_iptm80_19k_c2/seed-2_sample-1/ova_c4_iptm80_19k_c2_seed-2_sample-1_model.cif
ova_c4_iptm80_19k_c2	seed-2_sample-2	2	0.48	0.7	90.01098452948536	nan	nan	0.53	0.0	1	2	1	0	41	41	0	0.48	0.48	8.14	"{""A-B"": 41}"	[94, 95, 96, 97, 98, 99, 155, 156, 182, 183, 184, 190, 191, 192, 195, 196, 337, 338, 340, 342, 344, 345]	experiments/e149_final20_stoichiometry_v1/out_s2/ova_c4_iptm80_19k_c2/seed-2_sample-2/ova_c4_iptm80_19k_c2_seed-2_sample-2_summary_confidences.json	experiments/e149_final20_stoichiometry_v1/out_s2/ova_c4_iptm80_19k_c2/seed-2_sample-2/ova_c4_iptm80_19k_c2_seed-2_sample-2_model.cif
ova_c4_iptm80_19k_c2	seed-2_sample-3	2	0.44	0.68	90.12049231257464	nan	nan	0.49	0.0	1	2	1	0	50	50	0	0.44	0.44	9.52	"{""A-B"": 50}"	[94, 95, 96, 97, 98, 99, 182, 184, 190, 191, 192, 193, 236, 338, 339, 340, 341, 342, 344, 345]	experiments/e149_final20_stoichiometry_v1/out_s2/ova_c4_iptm80_19k_c2/seed-2_sample-3/ova_c4_iptm80_19k_c2_seed-2_sample-3_summary_confidences.json	experiments/e149_final20_stoichiometry_v1/out_s2/ova_c4_iptm80_19k_c2/seed-2_sample-3/ova_c4_iptm80_19k_c2_seed-2_sample-3_model.cif
ova_c4_iptm80_19k_c2	seed-2_sample-4	2	0.46	0.69	89.80790149115528	nan	nan	0.5	0.0	1	2	1	0	43	43	0	0.46	0.46	8.55	"{""A-B"": 43}"	[95, 96, 97, 98, 99, 182, 183, 184, 190, 191, 192, 193, 236, 337, 338, 339, 340, 342, 344, 345]	experiments/e149_final20_stoichiometry_v1/out_s2/ova_c4_iptm80_19k_c2/seed-2_sample-4/ova_c4_iptm80_19k_c2_seed-2_sample-4_summary_confidences.json	experiments/e149_final20_stoichiometry_v1/out_s2/ova_c4_iptm80_19k_c2/seed-2_sample-4/ova_c4_iptm80_19k_c2_seed-2_sample-4_model.cif
ova_c4_iptm80_19k_c2	seed-3_sample-0	2	0.62	0.77	89.83059585156218	nan	nan	0.65	0.0	1	2	1	0	79	79	0	0.62	0.62	6.62	"{""A-B"": 79}"	[86, 87, 89, 90, 93, 95, 96, 97, 184, 186, 187, 217, 219, 234, 236, 237, 238, 239, 271, 272, 275, 276, 278, 339, 340, 341, 342, 344, 345, 346, 347, 371, 372, 373, 374]	experiments/e149_final20_stoichiometry_v1/out_s2/ova_c4_iptm80_19k_c2/seed-3_sample-0/ova_c4_iptm80_19k_c2_seed-3_sample-0_summary_confidences.json	experiments/e149_final20_stoichiometry_v1/out_s2/ova_c4_iptm80_19k_c2/seed-3_sample-0/ova_c4_iptm80_19k_c2_seed-3_sample-0_model.cif
ova_c4_iptm80_19k_c2	seed-3_sample-1	2	0.55	0.73	89.70132138939101	nan	nan	0.58	0.0	1	2	1	0	63	63	0	0.55	0.55	8.0	"{""A-B"": 63}"	[86, 87, 90, 93, 95, 96, 97, 184, 186, 217, 219, 234, 236, 237, 238, 239, 270, 271, 272, 275, 276, 278, 339, 340, 341, 342, 344, 345, 346, 347, 371, 372, 373, 374]	experiments/e149_final20_stoichiometry_v1/out_s2/ova_c4_iptm80_19k_c2/seed-3_sample-1/ova_c4_iptm80_19k_c2_seed-3_sample-1_summary_confidences.json	experiments/e149_final20_stoichiometry_v1/out_s2/ova_c4_iptm80_19k_c2/seed-3_sample-1/ova_c4_iptm80_19k_c2_seed-3_sample-1_model.cif
ova_c4_iptm80_19k_c2	seed-3_sample-2	2	0.53	0.73	89.56398959975168	nan	nan	0.57	0.0	1	2	1	0	51	51	0	0.53	0.53	8.75	"{""A-B"": 51}"	[81, 86, 87, 89, 90, 93, 95, 96, 97, 217, 219, 234, 236, 237, 238, 239, 271, 272, 275, 276, 278, 340, 341, 371, 372, 373, 374]	experiments/e149_final20_stoichiometry_v1/out_s2/ova_c4_iptm80_19k_c2/seed-3_sample-2/ova_c4_iptm80_19k_c2_seed-3_sample-2_summary_confidences.json	experiments/e149_final20_stoichiometry_v1/out_s2/ova_c4_iptm80_19k_c2/seed-3_sample-2/ova_c4_iptm80_19k_c2_seed-3_sample-2_model.cif
ova_c4_iptm80_19k_c2	seed-3_sample-3	2	0.54	0.73	89.6027200333195	nan	nan	0.57	0.0	1	2	1	0	63	63	0	0.54	0.54	8.53	"{""A-B"": 63}"	[86, 87, 89, 90, 93, 95, 96, 97, 186, 187, 217, 219, 234, 236, 237, 238, 239, 271, 272, 275, 276, 278, 340, 341, 342, 344, 347, 371, 372, 373, 374]	experiments/e149_final20_stoichiometry_v1/out_s2/ova_c4_iptm80_19k_c2/seed-3_sample-3/ova_c4_iptm80_19k_c2_seed-3_sample-3_summary_confidences.json	experiments/e149_final20_stoichiometry_v1/out_s2/ova_c4_iptm80_19k_c2/seed-3_sample-3/ova_c4_iptm80_19k_c2_seed-3_sample-3_model.cif
ova_c4_iptm80_19k_c2	seed-3_sample-4	2	0.14	0.53	88.25414523188932	nan	nan	0.22	0.0	1	2	1	0	51	51	0	0.14	0.14	19.83	"{""A-B"": 51}"	[94, 95, 96, 97, 98, 99, 151, 152, 155, 156, 157, 182, 183, 184, 190, 191, 192, 194, 195, 196, 208, 210, 337, 338, 340, 342]	experiments/e149_final20_stoichiometry_v1/out_s2/ova_c4_iptm80_19k_c2/seed-3_sample-4/ova_c4_iptm80_19k_c2_seed-3_sample-4_summary_confidences.json	experiments/e149_final20_stoichiometry_v1/out_s2/ova_c4_iptm80_19k_c2/seed-3_sample-4/ova_c4_iptm80_19k_c2_seed-3_sample-4_model.cif
ova_c4_iptm80_19k_c3	seed-1_sample-0	3	0.16	0.42	87.57088079106623	nan	nan	0.21	0.0	3	3	1	0	42	42	0	0.13	0.13	21.32	"{""A-B"": 16, ""A-C"": 13, ""B-C"": 13}"	[75, 82, 83, 86, 87, 90, 93, 94, 95, 96, 217, 225, 271, 272, 273, 275, 277, 278, 346, 373]	experiments/e149_final20_stoichiometry_v1/out_s4/ova_c4_iptm80_19k_c3/seed-1_sample-0/ova_c4_iptm80_19k_c3_seed-1_sample-0_summary_confidences.json	experiments/e149_final20_stoichiometry_v1/out_s4/ova_c4_iptm80_19k_c3/seed-1_sample-0/ova_c4_iptm80_19k_c3_seed-1_sample-0_model.cif
ova_c4_iptm80_19k_c3	seed-1_sample-1	3	0.24	0.47	87.39779799960438	nan	nan	0.29	0.0	3	3	1	0	114	114	0	0.23	0.23	19.29	"{""A-B"": 38, ""A-C"": 28, ""B-C"": 48}"	[82, 83, 86, 87, 90, 95, 96, 97, 98, 99, 155, 156, 182, 183, 184, 190, 191, 192, 193, 195, 196, 215, 216, 217, 234, 236, 237, 238, 239, 271, 272, 274, 275, 276, 278, 337, 338, 339, 340, 341, 342, 343, 344, 345, 346, 347, 348, 349, 350, 351, 354, 355, 371, 372, 373, 374]	experiments/e149_final20_stoichiometry_v1/out_s4/ova_c4_iptm80_19k_c3/seed-1_sample-1/ova_c4_iptm80_19k_c3_seed-1_sample-1_summary_confidences.json	experiments/e149_final20_stoichiometry_v1/out_s4/ova_c4_iptm80_19k_c3/seed-1_sample-1/ova_c4_iptm80_19k_c3_seed-1_sample-1_model.cif
ova_c4_iptm80_19k_c3	seed-1_sample-2	3	0.34	0.54	88.32958532738562	nan	nan	0.38	0.0	3	3	1	0	102	102	0	0.33	0.33	14.0	"{""A-B"": 35, ""A-C"": 33, ""B-C"": 34}"	[94, 95, 96, 97, 98, 99, 101, 152, 153, 154, 155, 182, 183, 184, 190, 191, 192, 193, 194, 195, 196, 208, 210, 213, 340, 343, 352]	experiments/e149_final20_stoichiometry_v1/out_s4/ova_c4_iptm80_19k_c3/seed-1_sample-2/ova_c4_iptm80_19k_c3_seed-1_sample-2_summary_confidences.json	experiments/e149_final20_stoichiometry_v1/out_s4/ova_c4_iptm80_19k_c3/seed-1_sample-2/ova_c4_iptm80_19k_c3_seed-1_sample-2_model.cif
ova_c4_iptm80_19k_c3	seed-1_sample-3	3	0.19	0.44	87.39202069495009	nan	nan	0.24	0.0	3	3	1	0	98	98	0	0.13	0.13	19.45	"{""A-B"": 25, ""A-C"": 25, ""B-C"": 48}"	[93, 94, 95, 96, 97, 98, 99, 155, 156, 182, 183, 184, 186, 187, 190, 191, 192, 193, 195, 196, 216, 217, 236, 238, 276, 277, 278, 337, 338, 339, 340, 341, 342, 343, 344, 345, 346, 347, 348, 349, 351, 354]	experiments/e149_final20_stoichiometry_v1/out_s4/ova_c4_iptm80_19k_c3/seed-1_sample-3/ova_c4_iptm80_19k_c3_seed-1_sample-3_summary_confidences.json	experiments/e149_final20_stoichiometry_v1/out_s4/ova_c4_iptm80_19k_c3/seed-1_sample-3/ova_c4_iptm80_19k_c3_seed-1_sample-3_model.cif
ova_c4_iptm80_19k_c3	seed-1_sample-4	3	0.3	0.51	88.27069952574419	nan	nan	0.34	0.0	3	3	1	0	103	103	0	0.28	0.28	15.94	"{""A-B"": 35, ""A-C"": 34, ""B-C"": 34}"	[93, 94, 95, 96, 97, 98, 99, 101, 149, 152, 153, 154, 155, 156, 182, 183, 184, 190, 192, 193, 194, 195, 196, 208, 210, 213, 342, 343, 348, 352]	experiments/e149_final20_stoichiometry_v1/out_s4/ova_c4_iptm80_19k_c3/seed-1_sample-4/ova_c4_iptm80_19k_c3_seed-1_sample-4_summary_confidences.json	experiments/e149_final20_stoichiometry_v1/out_s4/ova_c4_iptm80_19k_c3/seed-1_sample-4/ova_c4_iptm80_19k_c3_seed-1_sample-4_model.cif
ova_c4_iptm80_19k_c3	seed-2_sample-0	3	0.22	0.46	87.6609325507762	nan	nan	0.27	0.0	3	3	1	0	84	84	0	0.14	0.14	19.45	"{""A-B"": 30, ""A-C"": 34, ""B-C"": 20}"	[86, 87, 90, 95, 96, 97, 184, 186, 188, 190, 191, 192, 193, 217, 234, 236, 237, 238, 239, 271, 272, 276, 336, 338, 339, 340, 341, 342, 343, 344, 345, 346, 348, 349, 372, 373, 374]	experiments/e149_final20_stoichiometry_v1/out_s4/ova_c4_iptm80_19k_c3/seed-2_sample-0/ova_c4_iptm80_19k_c3_seed-2_sample-0_summary_confidences.json	experiments/e149_final20_stoichiometry_v1/out_s4/ova_c4_iptm80_19k_c3/seed-2_sample-0/ova_c4_iptm80_19k_c3_seed-2_sample-0_model.cif
ova_c4_iptm80_19k_c3	seed-2_sample-1	3	0.18	0.43	87.56911929036669	nan	nan	0.23	0.0	3	3	1	0	77	77	0	0.13	0.13	19.71	"{""A-B"": 17, ""A-C"": 21, ""B-C"": 39}"	[94, 95, 96, 97, 99, 182, 184, 186, 188, 190, 191, 192, 193, 236, 237, 238, 239, 338, 339, 340, 341, 342, 343, 344, 345, 346, 347, 348, 349, 350]	experiments/e149_final20_stoichiometry_v1/out_s4/ova_c4_iptm80_19k_c3/seed-2_sample-1/ova_c4_iptm80_19k_c3_seed-2_sample-1_summary_confidences.json	experiments/e149_final20_stoichiometry_v1/out_s4/ova_c4_iptm80_19k_c3/seed-2_sample-1/ova_c4_iptm80_19k_c3_seed-2_sample-1_model.cif
ova_c4_iptm80_19k_c3	seed-2_sample-2	3	0.16	0.42	87.32259047710833	nan	nan	0.21	0.0	3	3	1	0	36	36	0	0.13	0.13	22.92	"{""A-B"": 10, ""A-C"": 12, ""B-C"": 14}"	[76, 83, 86, 87, 90, 93, 94, 95, 96, 225, 237, 271, 272, 273, 275, 276, 277, 278, 340, 346, 373]	experiments/e149_final20_stoichiometry_v1/out_s4/ova_c4_iptm80_19k_c3/seed-2_sample-2/ova_c4_iptm80_19k_c3_seed-2_sample-2_summary_confidences.json	experiments/e149_final20_stoichiometry_v1/out_s4/ova_c4_iptm80_19k_c3/seed-2_sample-2/ova_c4_iptm80_19k_c3_seed-2_sample-2_model.cif
ova_c4_iptm80_19k_c3	seed-2_sample-3	3	0.19	0.44	86.91505196922184	nan	nan	0.24	0.0	3	3	1	0	81	81	0	0.13	0.13	20.57	"{""A-B"": 31, ""A-C"": 36, ""B-C"": 14}"	[94, 95, 96, 97, 98, 99, 155, 156, 182, 184, 187, 188, 190, 191, 192, 193, 194, 195, 196, 215, 216, 217, 338, 340, 341, 342, 343, 344, 345, 346, 347, 348, 349, 350, 351, 352]	experiments/e149_final20_stoichiometry_v1/out_s4/ova_c4_iptm80_19k_c3/seed-2_sample-3/ova_c4_iptm80_19k_c3_seed-2_sample-3_summary_confidences.json	experiments/e149_final20_stoichiometry_v1/out_s4/ova_c4_iptm80_19k_c3/seed-2_sample-3/ova_c4_iptm80_19k_c3_seed-2_sample-3_model.cif
ova_c4_iptm80_19k_c3	seed-2_sample-4	3	0.17	0.43	87.33727971012728	nan	nan	0.22	0.0	3	3	1	0	135	135	0	0.14	0.14	20.18	"{""A-B"": 45, ""A-C"": 48, ""B-C"": 42}"	[94, 95, 96, 97, 99, 155, 156, 157, 182, 184, 186, 187, 188, 191, 217, 219, 234, 236, 275, 276, 277, 278, 285, 334, 336, 337, 338, 339, 340, 341, 342, 343, 344, 345, 346, 348, 349, 350, 351, 354, 355, 356]	experiments/e149_final20_stoichiometry_v1/out_s4/ova_c4_iptm80_19k_c3/seed-2_sample-4/ova_c4_iptm80_19k_c3_seed-2_sample-4_summary_confidences.json	experiments/e149_final20_stoichiometry_v1/out_s4/ova_c4_iptm80_19k_c3/seed-2_sample-4/ova_c4_iptm80_19k_c3_seed-2_sample-4_model.cif
ova_c4_iptm80_19k_c3	seed-3_sample-0	3	0.23	0.46	86.74067351978678	nan	nan	0.28	0.0	3	3	1	0	105	105	0	0.19	0.19	20.19	"{""A-B"": 43, ""A-C"": 39, ""B-C"": 23}"	[82, 83, 86, 87, 90, 95, 96, 97, 98, 99, 155, 182, 183, 184, 187, 190, 191, 192, 195, 215, 216, 217, 234, 236, 238, 239, 271, 272, 275, 276, 278, 337, 338, 339, 340, 341, 342, 343, 344, 345, 346, 347, 348, 349, 350, 351, 354, 355, 372, 373, 374]	experiments/e149_final20_stoichiometry_v1/out_s4/ova_c4_iptm80_19k_c3/seed-3_sample-0/ova_c4_iptm80_19k_c3_seed-3_sample-0_summary_confidences.json	experiments/e149_final20_stoichiometry_v1/out_s4/ova_c4_iptm80_19k_c3/seed-3_sample-0/ova_c4_iptm80_19k_c3_seed-3_sample-0_model.cif
ova_c4_iptm80_19k_c3	seed-3_sample-1	3	0.21	0.45	87.32808296421031	nan	nan	0.26	0.0	3	3	1	0	96	96	0	0.18	0.18	21.56	"{""A-B"": 34, ""A-C"": 32, ""B-C"": 30}"	[94, 95, 96, 97, 98, 99, 101, 149, 152, 153, 154, 155, 182, 183, 190, 191, 192, 193, 194, 195, 196, 208, 210, 213, 342, 343, 352]	experiments/e149_final20_stoichiometry_v1/out_s4/ova_c4_iptm80_19k_c3/seed-3_sample-1/ova_c4_iptm80_19k_c3_seed-3_sample-1_summary_confidences.json	experiments/e149_final20_stoichiometry_v1/out_s4/ova_c4_iptm80_19k_c3/seed-3_sample-1/ova_c4_iptm80_19k_c3_seed-3_sample-1_model.cif
ova_c4_iptm80_19k_c3	seed-3_sample-2	3	0.21	0.45	87.18049212440926	nan	nan	0.25	0.0	3	3	1	0	122	122	0	0.18	0.18	21.35	"{""A-B"": 42, ""A-C"": 40, ""B-C"": 40}"	[93, 94, 95, 96, 97, 98, 99, 101, 152, 153, 154, 155, 156, 182, 183, 184, 190, 192, 193, 194, 195, 196, 208, 210, 213, 237, 342, 344, 345, 346, 352]	experiments/e149_final20_stoichiometry_v1/out_s4/ova_c4_iptm80_19k_c3/seed-3_sample-2/ova_c4_iptm80_19k_c3_seed-3_sample-2_summary_confidences.json	experiments/e149_final20_stoichiometry_v1/out_s4/ova_c4_iptm80_19k_c3/seed-3_sample-2/ova_c4_iptm80_19k_c3_seed-3_sample-2_model.cif
ova_c4_iptm80_19k_c3	seed-3_sample-3	3	0.25	0.48	87.43774588985147	nan	nan	0.3	0.0	3	3	1	0	112	112	0	0.23	0.23	18.89	"{""A-B"": 37, ""A-C"": 38, ""B-C"": 37}"	[93, 94, 95, 96, 97, 98, 99, 101, 152, 153, 154, 155, 156, 182, 183, 184, 190, 192, 193, 194, 195, 196, 208, 210, 213, 340, 343, 347, 348, 352]	experiments/e149_final20_stoichiometry_v1/out_s4/ova_c4_iptm80_19k_c3/seed-3_sample-3/ova_c4_iptm80_19k_c3_seed-3_sample-3_summary_confidences.json	experiments/e149_final20_stoichiometry_v1/out_s4/ova_c4_iptm80_19k_c3/seed-3_sample-3/ova_c4_iptm80_19k_c3_seed-3_sample-3_model.cif
ova_c4_iptm80_19k_c3	seed-3_sample-4	3	0.15	0.41	86.47961127325661	nan	nan	0.2	0.0	3	3	1	0	126	126	0	0.11	0.11	27.22	"{""A-B"": 31, ""A-C"": 69, ""B-C"": 26}"	[25, 26, 27, 94, 95, 96, 97, 98, 99, 134, 137, 138, 140, 141, 143, 144, 145, 147, 148, 151, 152, 153, 155, 156, 163, 164, 165, 182, 183, 184, 188, 191, 192, 195, 196, 198, 201, 202, 204, 205, 206, 207, 208, 334, 336, 337, 338, 339, 342, 344, 345, 385]	experiments/e149_final20_stoichiometry_v1/out_s4/ova_c4_iptm80_19k_c3/seed-3_sample-4/ova_c4_iptm80_19k_c3_seed-3_sample-4_summary_confidences.json	experiments/e149_final20_stoichiometry_v1/out_s4/ova_c4_iptm80_19k_c3/seed-3_sample-4/ova_c4_iptm80_19k_c3_seed-3_sample-4_model.cif
ova_c4_iptm80_19k_c5	seed-1_sample-0	5	0.45	0.55	87.01567359291828	nan	nan	0.47	0.0	7	5	1	0	197	197	0	0.1	0.41	12.72	"{""A-B"": 8, ""A-C"": 53, ""A-D"": 31, ""A-E"": 3, ""B-C"": 30, ""B-D"": 53, ""B-E"": 11, ""C-D"": 8, ""C-E"": 0, ""D-E"": 0}"	[1, 2, 3, 10, 59, 61, 64, 65, 68, 86, 90, 95, 96, 97, 98, 99, 182, 184, 188, 190, 191, 192, 193, 216, 217, 236, 237, 261, 262, 271, 272, 276, 277, 278, 338, 339, 340, 341, 342, 343, 344, 345, 346, 347, 348, 349, 350, 351, 354, 373, 374]	experiments/e149_final20_stoichiometry_v1/out_s0/ova_c4_iptm80_19k_c5/seed-1_sample-0/ova_c4_iptm80_19k_c5_seed-1_sample-0_summary_confidences.json	experiments/e149_final20_stoichiometry_v1/out_s0/ova_c4_iptm80_19k_c5/seed-1_sample-0/ova_c4_iptm80_19k_c5_seed-1_sample-0_model.cif
ova_c4_iptm80_19k_c5	seed-1_sample-1	5	0.27	0.4	86.44499988259429	nan	nan	0.3	0.0	5	5	1	0	162	162	0	0.12	0.16	18.1	"{""A-B"": 0, ""A-C"": 46, ""A-D"": 25, ""A-E"": 0, ""B-C"": 0, ""B-D"": 46, ""B-E"": 23, ""C-D"": 0, ""C-E"": 22, ""D-E"": 0}"	[94, 95, 96, 97, 98, 99, 155, 182, 183, 184, 188, 190, 191, 192, 193, 195, 196, 216, 217, 236, 275, 276, 277, 278, 336, 337, 338, 339, 340, 341, 342, 343, 344, 345, 346, 347, 348, 349, 350, 351, 353, 354, 355, 356]	experiments/e149_final20_stoichiometry_v1/out_s0/ova_c4_iptm80_19k_c5/seed-1_sample-1/ova_c4_iptm80_19k_c5_seed-1_sample-1_summary_confidences.json	experiments/e149_final20_stoichiometry_v1/out_s0/ova_c4_iptm80_19k_c5/seed-1_sample-1/ova_c4_iptm80_19k_c5_seed-1_sample-1_model.cif
ova_c4_iptm80_19k_c5	seed-1_sample-2	5	0.46	0.56	86.98989660628719	nan	nan	0.48	0.0	8	5	1	0	209	209	0	0.1	0.405	12.89	"{""A-B"": 11, ""A-C"": 55, ""A-D"": 26, ""A-E"": 0, ""B-C"": 25, ""B-D"": 58, ""B-E"": 14, ""C-D"": 11, ""C-E"": 0, ""D-E"": 9}"	[1, 2, 24, 86, 90, 94, 95, 96, 97, 98, 99, 144, 148, 156, 159, 160, 164, 165, 182, 184, 188, 190, 191, 192, 193, 196, 204, 205, 207, 208, 216, 217, 236, 255, 258, 271, 272, 276, 277, 278, 308, 309, 337, 338, 339, 340, 341, 342, 343, 344, 345, 346, 347, 348, 349, 350, 351, 354, 373, 374]	experiments/e149_final20_stoichiometry_v1/out_s0/ova_c4_iptm80_19k_c5/seed-1_sample-2/ova_c4_iptm80_19k_c5_seed-1_sample-2_summary_confidences.json	experiments/e149_final20_stoichiometry_v1/out_s0/ova_c4_iptm80_19k_c5/seed-1_sample-2/ova_c4_iptm80_19k_c5_seed-1_sample-2_model.cif
ova_c4_iptm80_19k_c5	seed-1_sample-3	5	0.38	0.49	86.73445600302108	nan	nan	0.4	0.0	8	5	1	0	210	210	0	0.1	0.325	15.43	"{""A-B"": 8, ""A-C"": 52, ""A-D"": 27, ""A-E"": 0, ""B-C"": 27, ""B-D"": 51, ""B-E"": 21, ""C-D"": 8, ""C-E"": 16, ""D-E"": 0}"	[3, 70, 75, 76, 77, 82, 86, 90, 93, 94, 95, 96, 97, 98, 99, 182, 184, 190, 191, 192, 193, 216, 217, 222, 224, 225, 227, 229, 236, 238, 239, 248, 249, 271, 272, 275, 276, 277, 278, 338, 339, 340, 341, 342, 344, 345, 346, 347, 348, 349, 350, 351, 353, 354, 356, 358, 360, 362, 372, 373, 374, 375]	experiments/e149_final20_stoichiometry_v1/out_s0/ova_c4_iptm80_19k_c5/seed-1_sample-3/ova_c4_iptm80_19k_c5_seed-1_sample-3_summary_confidences.json	experiments/e149_final20_stoichiometry_v1/out_s0/ova_c4_iptm80_19k_c5/seed-1_sample-3/ova_c4_iptm80_19k_c5_seed-1_sample-3_model.cif
ova_c4_iptm80_19k_c5	seed-1_sample-4	5	0.42	0.52	86.52484482681196	nan	nan	0.44	0.0	8	5	1	0	240	240	0	0.11	0.355	14.594999999999999	"{""A-B"": 8, ""A-C"": 55, ""A-D"": 24, ""A-E"": 33, ""B-C"": 26, ""B-D"": 61, ""B-E"": 0, ""C-D"": 8, ""C-E"": 0, ""D-E"": 25}"	[86, 90, 94, 95, 96, 97, 98, 99, 182, 183, 184, 186, 187, 188, 190, 191, 192, 193, 216, 217, 222, 224, 234, 236, 238, 271, 272, 275, 277, 278, 337, 338, 339, 340, 341, 342, 343, 344, 345, 346, 347, 348, 349, 350, 351, 352, 353, 354, 355, 356, 357, 373, 374]	experiments/e149_final20_stoichiometry_v1/out_s0/ova_c4_iptm80_19k_c5/seed-1_sample-4/ova_c4_iptm80_19k_c5_seed-1_sample-4_summary_confidences.json	experiments/e149_final20_stoichiometry_v1/out_s0/ova_c4_iptm80_19k_c5/seed-1_sample-4/ova_c4_iptm80_19k_c5_seed-1_sample-4_model.cif
ova_c4_iptm80_19k_c5	seed-2_sample-0	5	0.35	0.47	85.24098457573609	nan	nan	0.38	0.0	7	5	1	0	140	140	0	0.23	0.23	16.56	"{""A-B"": 12, ""A-C"": 40, ""A-D"": 16, ""A-E"": 0, ""B-C"": 5, ""B-D"": 0, ""B-E"": 30, ""C-D"": 12, ""C-E"": 0, ""D-E"": 25}"	[1, 82, 86, 87, 89, 90, 94, 95, 96, 97, 98, 99, 148, 155, 156, 182, 183, 184, 190, 191, 192, 193, 194, 195, 196, 208, 210, 215, 216, 217, 236, 263, 271, 272, 276, 278, 337, 338, 339, 340, 341, 342, 343, 344, 345, 346, 347, 348, 349, 350, 351, 354, 373, 374]	experiments/e149_final20_stoichiometry_v1/out_s0/ova_c4_iptm80_19k_c5/seed-2_sample-0/ova_c4_iptm80_19k_c5_seed-2_sample-0_summary_confidences.json	experiments/e149_final20_stoichiometry_v1/out_s0/ova_c4_iptm80_19k_c5/seed-2_sample-0/ova_c4_iptm80_19k_c5_seed-2_sample-0_model.cif
ova_c4_iptm80_19k_c5	seed-2_sample-1	5	0.34	0.46	85.909999985769	nan	nan	0.36	0.0	7	5	1	0	145	145	0	0.23	0.23	16.42	"{""A-B"": 8, ""A-C"": 34, ""A-D"": 22, ""A-E"": 0, ""B-C"": 8, ""B-D"": 0, ""B-E"": 40, ""C-D"": 8, ""C-E"": 0, ""D-E"": 25}"	[86, 87, 90, 94, 95, 96, 97, 98, 99, 152, 155, 156, 182, 184, 190, 191, 192, 193, 194, 195, 196, 208, 210, 216, 217, 271, 272, 275, 276, 277, 278, 337, 338, 339, 340, 342, 344, 345, 346, 347, 348, 349, 350, 351, 354, 373, 374]	experiments/e149_final20_stoichiometry_v1/out_s0/ova_c4_iptm80_19k_c5/seed-2_sample-1/ova_c4_iptm80_19k_c5_seed-2_sample-1_summary_confidences.json	experiments/e149_final20_stoichiometry_v1/out_s0/ova_c4_iptm80_19k_c5/seed-2_sample-1/ova_c4_iptm80_19k_c5_seed-2_sample-1_model.cif
ova_c4_iptm80_19k_c5	seed-2_sample-2	5	0.35	0.47	86.46448201589634	nan	nan	0.38	0.0	6	5	1	0	151	151	0	0.21	0.265	16.32	"{""A-B"": 11, ""A-C"": 47, ""A-D"": 0, ""A-E"": 1, ""B-C"": 8, ""B-D"": 52, ""B-E"": 0, ""C-D"": 0, ""C-E"": 12, ""D-E"": 20}"	[1, 64, 82, 83, 86, 87, 90, 94, 95, 96, 97, 98, 99, 152, 155, 156, 182, 183, 184, 190, 191, 192, 193, 194, 195, 196, 208, 210, 216, 217, 219, 266, 270, 271, 272, 274, 276, 278, 337, 338, 340, 342, 344, 345, 346, 347, 348, 349, 350, 351, 354, 373, 374]	experiments/e149_final20_stoichiometry_v1/out_s0/ova_c4_iptm80_19k_c5/seed-2_sample-2/ova_c4_iptm80_19k_c5_seed-2_sample-2_summary_confidences.json	experiments/e149_final20_stoichiometry_v1/out_s0/ova_c4_iptm80_19k_c5/seed-2_sample-2/ova_c4_iptm80_19k_c5_seed-2_sample-2_model.cif
ova_c4_iptm80_19k_c5	seed-2_sample-3	5	0.42	0.52	85.88010376846235	nan	nan	0.44	0.0	8	5	1	0	221	221	0	0.11	0.335	15.15	"{""A-B"": 10, ""A-C"": 52, ""A-D"": 26, ""A-E"": 0, ""B-C"": 27, ""B-D"": 50, ""B-E"": 0, ""C-D"": 8, ""C-E"": 22, ""D-E"": 26}"	[68, 69, 70, 71, 72, 73, 74, 75, 82, 83, 85, 86, 90, 94, 95, 96, 97, 98, 99, 101, 116, 117, 120, 124, 152, 155, 156, 157, 182, 184, 186, 188, 190, 191, 192, 193, 216, 217, 223, 224, 225, 226, 227, 234, 235, 236, 238, 239, 241, 249, 255, 258, 259, 263, 267, 271, 272, 276, 278, 334, 337, 338, 339, 340, 341, 342, 343, 344, 345, 346, 347, 348, 349, 350, 351, 354, 372, 373, 374]	experiments/e149_final20_stoichiometry_v1/out_s0/ova_c4_iptm80_19k_c5/seed-2_sample-3/ova_c4_iptm80_19k_c5_seed-2_sample-3_summary_confidences.json	experiments/e149_final20_stoichiometry_v1/out_s0/ova_c4_iptm80_19k_c5/seed-2_sample-3/ova_c4_iptm80_19k_c5_seed-2_sample-3_model.cif
ova_c4_iptm80_19k_c5	seed-2_sample-4	5	0.35	0.47	86.45401566263308	nan	nan	0.38	0.0	8	5	1	0	189	189	0	0.29	0.25	17.165	"{""A-B"": 16, ""A-C"": 52, ""A-D"": 10, ""A-E"": 0, ""B-C"": 5, ""B-D"": 48, ""B-E"": 10, ""C-D"": 0, ""C-E"": 26, ""D-E"": 22}"	[82, 83, 86, 87, 90, 94, 95, 96, 97, 98, 99, 151, 152, 155, 156, 182, 183, 184, 186, 190, 191, 192, 193, 194, 195, 196, 208, 210, 217, 219, 234, 238, 270, 271, 272, 274, 275, 276, 337, 338, 340, 342, 343, 344, 345, 346, 348, 349, 350, 351, 371, 372, 373, 374]	experiments/e149_final20_stoichiometry_v1/out_s0/ova_c4_iptm80_19k_c5/seed-2_sample-4/ova_c4_iptm80_19k_c5_seed-2_sample-4_summary_confidences.json	experiments/e149_final20_stoichiometry_v1/out_s0/ova_c4_iptm80_19k_c5/seed-2_sample-4/ova_c4_iptm80_19k_c5_seed-2_sample-4_model.cif
ova_c4_iptm80_19k_c5	seed-3_sample-0	5	0.36	0.48	86.54492228018805	nan	nan	0.38	0.0	6	5	1	0	190	190	0	0.11	0.26	15.990000000000002	"{""A-B"": 2, ""A-C"": 46, ""A-D"": 23, ""A-E"": 17, ""B-C"": 34, ""B-D"": 49, ""B-E"": 0, ""C-D"": 2, ""C-E"": 0, ""D-E"": 17}"	[95, 96, 97, 98, 99, 182, 183, 184, 186, 187, 188, 190, 191, 192, 193, 216, 217, 222, 224, 236, 275, 276, 277, 278, 337, 338, 339, 340, 341, 342, 343, 344, 345, 346, 347, 348, 349, 350, 351, 353, 354, 356, 357]	experiments/e149_final20_stoichiometry_v1/out_s0/ova_c4_iptm80_19k_c5/seed-3_sample-0/ova_c4_iptm80_19k_c5_seed-3_sample-0_summary_confidences.json	experiments/e149_final20_stoichiometry_v1/out_s0/ova_c4_iptm80_19k_c5/seed-3_sample-0/ova_c4_iptm80_19k_c5_seed-3_sample-0_model.cif
ova_c4_iptm80_19k_c5	seed-3_sample-1	5	0.39	0.5	86.47287561485804	nan	nan	0.41	0.0	8	5	1	0	206	206	0	0.11	0.335	14.75	"{""A-B"": 9, ""A-C"": 53, ""A-D"": 27, ""A-E"": 0, ""B-C"": 25, ""B-D"": 53, ""B-E"": 13, ""C-D"": 8, ""C-E"": 18, ""D-E"": 0}"	[3, 86, 87, 90, 95, 96, 97, 98, 99, 182, 184, 186, 188, 190, 191, 192, 193, 198, 206, 216, 217, 234, 236, 237, 238, 239, 241, 271, 272, 276, 277, 278, 337, 338, 339, 340, 341, 342, 343, 344, 345, 346, 347, 348, 349, 350, 351, 353, 354, 355, 356, 372, 373, 374, 375]	experiments/e149_final20_stoichiometry_v1/out_s0/ova_c4_iptm80_19k_c5/seed-3_sample-1/ova_c4_iptm80_19k_c5_seed-3_sample-1_summary_confidences.json	experiments/e149_final20_stoichiometry_v1/out_s0/ova_c4_iptm80_19k_c5/seed-3_sample-1/ova_c4_iptm80_19k_c5_seed-3_sample-1_model.cif
ova_c4_iptm80_19k_c5	seed-3_sample-2	5	0.41	0.51	86.6331348814495	nan	nan	0.43	0.0	8	5	1	0	232	232	0	0.11	0.36	14.129999999999999	"{""A-B"": 9, ""A-C"": 56, ""A-D"": 27, ""A-E"": 24, ""B-C"": 27, ""B-D"": 55, ""B-E"": 0, ""C-D"": 8, ""C-E"": 0, ""D-E"": 26}"	[86, 87, 90, 95, 96, 97, 98, 99, 144, 145, 148, 149, 151, 152, 155, 156, 159, 182, 184, 188, 190, 191, 192, 193, 216, 217, 222, 224, 225, 227, 236, 248, 271, 272, 276, 277, 278, 334, 336, 337, 338, 339, 340, 341, 342, 344, 345, 346, 347, 348, 349, 350, 351, 352, 353, 354, 355, 356, 357, 373, 374]	experiments/e149_final20_stoichiometry_v1/out_s0/ova_c4_iptm80_19k_c5/seed-3_sample-2/ova_c4_iptm80_19k_c5_seed-3_sample-2_summary_confidences.json	experiments/e149_final20_stoichiometry_v1/out_s0/ova_c4_iptm80_19k_c5/seed-3_sample-2/ova_c4_iptm80_19k_c5_seed-3_sample-2_model.cif
ova_c4_iptm80_19k_c5	seed-3_sample-3	5	0.44	0.54	86.506891151784	nan	nan	0.46	0.0	8	5	1	0	241	241	0	0.12	0.38	13.3	"{""A-B"": 12, ""A-C"": 55, ""A-D"": 30, ""A-E"": 0, ""B-C"": 27, ""B-D"": 51, ""B-E"": 29, ""C-D"": 11, ""C-E"": 0, ""D-E"": 26}"	[1, 83, 86, 87, 90, 94, 95, 96, 97, 98, 99, 138, 140, 141, 144, 147, 148, 151, 152, 156, 159, 160, 164, 182, 184, 188, 190, 191, 192, 193, 196, 198, 201, 204, 205, 206, 207, 208, 210, 216, 217, 236, 237, 239, 271, 272, 276, 277, 278, 337, 338, 339, 340, 341, 342, 343, 344, 345, 346, 347, 348, 349, 350, 351, 354, 373, 374, 385]	experiments/e149_final20_stoichiometry_v1/out_s0/ova_c4_iptm80_19k_c5/seed-3_sample-3/ova_c4_iptm80_19k_c5_seed-3_sample-3_summary_confidences.json	experiments/e149_final20_stoichiometry_v1/out_s0/ova_c4_iptm80_19k_c5/seed-3_sample-3/ova_c4_iptm80_19k_c5_seed-3_sample-3_model.cif
ova_c4_iptm80_19k_c5	seed-3_sample-4	5	0.35	0.47	85.7507252470817	nan	nan	0.37	0.0	7	5	1	0	146	146	0	0.23	0.23	16.81	"{""A-B"": 12, ""A-C"": 36, ""A-D"": 11, ""A-E"": 0, ""B-C"": 22, ""B-D"": 1, ""B-E"": 21, ""C-D"": 11, ""C-E"": 0, ""D-E"": 32}"	[1, 64, 82, 83, 86, 87, 90, 94, 95, 96, 97, 98, 99, 144, 148, 151, 155, 156, 182, 184, 190, 191, 192, 193, 194, 195, 196, 208, 210, 216, 217, 271, 272, 276, 278, 337, 338, 339, 340, 341, 342, 343, 344, 345, 346, 347, 348, 349, 350, 351, 353, 354, 373, 374]	experiments/e149_final20_stoichiometry_v1/out_s0/ova_c4_iptm80_19k_c5/seed-3_sample-4/ova_c4_iptm80_19k_c5_seed-3_sample-4_summary_confidences.json	experiments/e149_final20_stoichiometry_v1/out_s0/ova_c4_iptm80_19k_c5/seed-3_sample-4/ova_c4_iptm80_19k_c5_seed-3_sample-4_model.cif
ova_c4_iptm80_19k_c6	seed-1_sample-0	6	0.67	0.71	87.51261637989103	nan	nan	0.67	0.0	9	6	1	0	290	290	0	0.68	0.68	3.85	"{""A-B"": 0, ""A-C"": 31, ""A-D"": 0, ""A-E"": 33, ""A-F"": 30, ""B-C"": 30, ""B-D"": 35, ""B-E"": 0, ""B-F"": 31, ""C-D"": 0, ""C-E"": 33, ""C-F"": 0, ""D-E"": 31, ""D-F"": 36, ""E-F"": 0}"	[93, 94, 95, 96, 97, 98, 99, 101, 152, 153, 155, 156, 182, 183, 184, 190, 191, 192, 193, 194, 195, 196, 208, 210, 213, 216, 217, 237, 276, 277, 278, 341, 342, 343, 344, 345, 346, 347, 348, 349, 350, 351, 352, 354]	experiments/e149_final20_stoichiometry_v1/out_s2/ova_c4_iptm80_19k_c6/seed-1_sample-0/ova_c4_iptm80_19k_c6_seed-1_sample-0_summary_confidences.json	experiments/e149_final20_stoichiometry_v1/out_s2/ova_c4_iptm80_19k_c6/seed-1_sample-0/ova_c4_iptm80_19k_c6_seed-1_sample-0_model.cif
ova_c4_iptm80_19k_c6	seed-1_sample-1	6	0.65	0.7	87.45588088159117	nan	nan	0.66	0.0	9	6	1	0	331	331	0	0.66	0.66	4.0	"{""A-B"": 0, ""A-C"": 34, ""A-D"": 0, ""A-E"": 33, ""A-F"": 42, ""B-C"": 44, ""B-D"": 34, ""B-E"": 0, ""B-F"": 34, ""C-D"": 0, ""C-E"": 33, ""C-F"": 0, ""D-E"": 44, ""D-F"": 33, ""E-F"": 0}"	[93, 94, 95, 96, 97, 98, 99, 101, 152, 153, 155, 156, 182, 183, 184, 186, 187, 190, 191, 192, 193, 194, 195, 196, 208, 210, 213, 216, 217, 276, 277, 278, 342, 343, 344, 345, 346, 347, 348, 349, 350, 351, 352, 354]	experiments/e149_final20_stoichiometry_v1/out_s2/ova_c4_iptm80_19k_c6/seed-1_sample-1/ova_c4_iptm80_19k_c6_seed-1_sample-1_summary_confidences.json	experiments/e149_final20_stoichiometry_v1/out_s2/ova_c4_iptm80_19k_c6/seed-1_sample-1/ova_c4_iptm80_19k_c6_seed-1_sample-1_model.cif
ova_c4_iptm80_19k_c6	seed-1_sample-2	6	0.67	0.71	87.4821245559139	nan	nan	0.68	0.0	9	6	1	0	356	356	0	0.68	0.68	3.7	"{""A-B"": 0, ""A-C"": 38, ""A-D"": 0, ""A-E"": 37, ""A-F"": 42, ""B-C"": 44, ""B-D"": 38, ""B-E"": 0, ""B-F"": 37, ""C-D"": 0, ""C-E"": 37, ""C-F"": 0, ""D-E"": 44, ""D-F"": 39, ""E-F"": 0}"	[93, 94, 95, 96, 97, 98, 99, 101, 149, 152, 153, 154, 155, 182, 183, 184, 190, 191, 192, 193, 194, 195, 196, 208, 210, 213, 216, 217, 276, 277, 278, 341, 342, 343, 344, 345, 346, 347, 348, 349, 350, 351, 353, 354, 355]	experiments/e149_final20_stoichiometry_v1/out_s2/ova_c4_iptm80_19k_c6/seed-1_sample-2/ova_c4_iptm80_19k_c6_seed-1_sample-2_summary_confidences.json	experiments/e149_final20_stoichiometry_v1/out_s2/ova_c4_iptm80_19k_c6/seed-1_sample-2/ova_c4_iptm80_19k_c6_seed-1_sample-2_model.cif
ova_c4_iptm80_19k_c6	seed-1_sample-3	6	0.66	0.7	87.35463729423563	nan	nan	0.67	0.0	9	6	1	0	331	331	0	0.66	0.66	3.86	"{""A-B"": 0, ""A-C"": 38, ""A-D"": 0, ""A-E"": 37, ""A-F"": 37, ""B-C"": 33, ""B-D"": 38, ""B-E"": 0, ""B-F"": 39, ""C-D"": 0, ""C-E"": 37, ""C-F"": 0, ""D-E"": 35, ""D-F"": 37, ""E-F"": 0}"	[93, 94, 95, 96, 97, 98, 99, 101, 152, 153, 155, 182, 183, 184, 190, 191, 192, 193, 194, 195, 196, 208, 210, 213, 216, 217, 237, 276, 277, 278, 341, 342, 343, 344, 345, 346, 347, 348, 349, 350, 351, 352, 353, 354, 355]	experiments/e149_final20_stoichiometry_v1/out_s2/ova_c4_iptm80_19k_c6/seed-1_sample-3/ova_c4_iptm80_19k_c6_seed-1_sample-3_summary_confidences.json	experiments/e149_final20_stoichiometry_v1/out_s2/ova_c4_iptm80_19k_c6/seed-1_sample-3/ova_c4_iptm80_19k_c6_seed-1_sample-3_model.cif
ova_c4_iptm80_19k_c6	seed-1_sample-4	6	0.71	0.75	87.82963726063467	nan	nan	0.72	0.0	12	6	1	0	370	370	0	0.68	0.645	4.84	"{""A-B"": 8, ""A-C"": 37, ""A-D"": 0, ""A-E"": 37, ""A-F"": 41, ""B-C"": 42, ""B-D"": 41, ""B-E"": 0, ""B-F"": 35, ""C-D"": 8, ""C-E"": 38, ""C-F"": 0, ""D-E"": 41, ""D-F"": 34, ""E-F"": 8}"	[83, 86, 90, 93, 94, 95, 96, 97, 98, 99, 101, 152, 155, 182, 183, 184, 190, 192, 193, 195, 196, 213, 214, 215, 216, 217, 236, 237, 271, 272, 275, 276, 277, 278, 340, 341, 342, 343, 344, 345, 346, 347, 348, 349, 350, 351, 352, 353, 354, 373, 374]	experiments/e149_final20_stoichiometry_v1/out_s2/ova_c4_iptm80_19k_c6/seed-1_sample-4/ova_c4_iptm80_19k_c6_seed-1_sample-4_summary_confidences.json	experiments/e149_final20_stoichiometry_v1/out_s2/ova_c4_iptm80_19k_c6/seed-1_sample-4/ova_c4_iptm80_19k_c6_seed-1_sample-4_model.cif
ova_c4_iptm80_19k_c6	seed-2_sample-0	6	0.38	0.47	87.2624612225152	nan	nan	0.4	0.0	6	6	1	0	279	279	0	0.49	0.41000000000000003	9.69	"{""A-B"": 25, ""A-C"": 0, ""A-D"": 72, ""A-E"": 0, ""A-F"": 0, ""B-C"": 0, ""B-D"": 0, ""B-E"": 65, ""B-F"": 0, ""C-D"": 0, ""C-E"": 23, ""C-F"": 69, ""D-E"": 0, ""D-F"": 25, ""E-F"": 0}"	[1, 6, 64, 86, 87, 90, 94, 95, 96, 97, 98, 99, 155, 156, 157, 182, 183, 184, 188, 190, 191, 192, 193, 194, 195, 196, 208, 236, 262, 263, 266, 267, 270, 271, 272, 336, 337, 338, 339, 340, 341, 342, 343, 373, 374]	experiments/e149_final20_stoichiometry_v1/out_s2/ova_c4_iptm80_19k_c6/seed-2_sample-0/ova_c4_iptm80_19k_c6_seed-2_sample-0_summary_confidences.json	experiments/e149_final20_stoichiometry_v1/out_s2/ova_c4_iptm80_19k_c6/seed-2_sample-0/ova_c4_iptm80_19k_c6_seed-2_sample-0_model.cif
ova_c4_iptm80_19k_c6	seed-2_sample-1	6	0.4	0.49	87.17691713046534	nan	nan	0.41	0.0	6	6	1	0	226	226	0	0.5	0.435	9.485	"{""A-B"": 22, ""A-C"": 0, ""A-D"": 53, ""A-E"": 0, ""A-F"": 0, ""B-C"": 0, ""B-D"": 0, ""B-E"": 54, ""B-F"": 0, ""C-D"": 0, ""C-E"": 23, ""C-F"": 53, ""D-E"": 0, ""D-F"": 21, ""E-F"": 0}"	[1, 6, 64, 82, 83, 86, 87, 90, 94, 95, 96, 97, 98, 99, 151, 152, 155, 156, 182, 183, 184, 190, 191, 192, 194, 195, 196, 208, 210, 262, 263, 266, 267, 270, 271, 272, 337, 338, 340, 342, 343, 373, 374]	experiments/e149_final20_stoichiometry_v1/out_s2/ova_c4_iptm80_19k_c6/seed-2_sample-1/ova_c4_iptm80_19k_c6_seed-2_sample-1_summary_confidences.json	experiments/e149_final20_stoichiometry_v1/out_s2/ova_c4_iptm80_19k_c6/seed-2_sample-1/ova_c4_iptm80_19k_c6_seed-2_sample-1_model.cif
ova_c4_iptm80_19k_c6	seed-2_sample-2	6	0.4	0.49	86.9921241621897	nan	nan	0.42	0.0	6	6	1	0	242	242	0	0.5	0.435	9.28	"{""A-B"": 24, ""A-C"": 0, ""A-D"": 56, ""A-E"": 0, ""A-F"": 0, ""B-C"": 0, ""B-D"": 0, ""B-E"": 55, ""B-F"": 0, ""C-D"": 0, ""C-E"": 25, ""C-F"": 57, ""D-E"": 0, ""D-F"": 25, ""E-F"": 0}"	[1, 6, 64, 83, 86, 87, 90, 94, 95, 96, 97, 98, 99, 151, 152, 155, 156, 157, 182, 183, 184, 190, 191, 192, 194, 195, 196, 208, 210, 262, 263, 266, 267, 270, 271, 272, 337, 338, 340, 342, 348, 373, 374]	experiments/e149_final20_stoichiometry_v1/out_s2/ova_c4_iptm80_19k_c6/seed-2_sample-2/ova_c4_iptm80_19k_c6_seed-2_sample-2_summary_confidences.json	experiments/e149_final20_stoichiometry_v1/out_s2/ova_c4_iptm80_19k_c6/seed-2_sample-2/ova_c4_iptm80_19k_c6_seed-2_sample-2_model.cif
ova_c4_iptm80_19k_c6	seed-2_sample-3	6	0.4	0.49	86.88103614569945	nan	nan	0.41	0.0	6	6	1	0	225	225	0	0.51	0.44	9.395	"{""A-B"": 21, ""A-C"": 0, ""A-D"": 54, ""A-E"": 0, ""A-F"": 0, ""B-C"": 0, ""B-D"": 0, ""B-E"": 54, ""B-F"": 0, ""C-D"": 0, ""C-E"": 22, ""C-F"": 53, ""D-E"": 0, ""D-F"": 21, ""E-F"": 0}"	[1, 64, 83, 86, 87, 90, 94, 95, 96, 97, 98, 99, 151, 152, 155, 156, 182, 183, 184, 190, 191, 192, 194, 195, 196, 208, 210, 262, 263, 266, 267, 270, 271, 272, 337, 338, 340, 342, 344, 373, 374]	experiments/e149_final20_stoichiometry_v1/out_s2/ova_c4_iptm80_19k_c6/seed-2_sample-3/ova_c4_iptm80_19k_c6_seed-2_sample-3_summary_confidences.json	experiments/e149_final20_stoichiometry_v1/out_s2/ova_c4_iptm80_19k_c6/seed-2_sample-3/ova_c4_iptm80_19k_c6_seed-2_sample-3_model.cif
ova_c4_iptm80_19k_c6	seed-2_sample-4	6	0.43	0.51	86.93595866465198	nan	nan	0.45	0.0	6	6	1	0	314	314	0	0.49	0.44999999999999996	8.355	"{""A-B"": 23, ""A-C"": 0, ""A-D"": 81, ""A-E"": 0, ""A-F"": 0, ""B-C"": 0, ""B-D"": 0, ""B-E"": 82, ""B-F"": 0, ""C-D"": 0, ""C-E"": 22, ""C-F"": 84, ""D-E"": 0, ""D-F"": 22, ""E-F"": 0}"	[1, 6, 64, 83, 86, 87, 90, 94, 95, 96, 97, 98, 99, 151, 152, 155, 156, 157, 182, 183, 184, 188, 190, 191, 192, 193, 194, 195, 196, 208, 210, 262, 263, 266, 267, 271, 272, 336, 337, 338, 339, 340, 342, 343, 373, 374]	experiments/e149_final20_stoichiometry_v1/out_s2/ova_c4_iptm80_19k_c6/seed-2_sample-4/ova_c4_iptm80_19k_c6_seed-2_sample-4_summary_confidences.json	experiments/e149_final20_stoichiometry_v1/out_s2/ova_c4_iptm80_19k_c6/seed-2_sample-4/ova_c4_iptm80_19k_c6_seed-2_sample-4_model.cif
ova_c4_iptm80_19k_c6	seed-3_sample-0	6	0.4	0.49	86.2825386462434	nan	nan	0.42	0.0	6	6	1	0	219	219	0	0.51	0.445	8.55	"{""A-B"": 23, ""A-C"": 0, ""A-D"": 0, ""A-E"": 0, ""A-F"": 49, ""B-C"": 51, ""B-D"": 0, ""B-E"": 0, ""B-F"": 0, ""C-D"": 22, ""C-E"": 0, ""C-F"": 0, ""D-E"": 51, ""D-F"": 0, ""E-F"": 23}"	[1, 64, 82, 83, 86, 87, 90, 94, 95, 96, 97, 98, 99, 151, 152, 155, 156, 182, 183, 184, 190, 191, 192, 194, 195, 196, 208, 210, 262, 263, 266, 267, 270, 271, 272, 337, 338, 340, 342, 343, 373, 374]	experiments/e149_final20_stoichiometry_v1/out_s2/ova_c4_iptm80_19k_c6/seed-3_sample-0/ova_c4_iptm80_19k_c6_seed-3_sample-0_summary_confidences.json	experiments/e149_final20_stoichiometry_v1/out_s2/ova_c4_iptm80_19k_c6/seed-3_sample-0/ova_c4_iptm80_19k_c6_seed-3_sample-0_model.cif
ova_c4_iptm80_19k_c6	seed-3_sample-1	6	0.42	0.51	84.9643005608277	nan	nan	0.44	0.0	12	6	1	0	441	441	0	0.46	0.28	12.379999999999999	"{""A-B"": 13, ""A-C"": 26, ""A-D"": 0, ""A-E"": 24, ""A-F"": 87, ""B-C"": 83, ""B-D"": 24, ""B-E"": 0, ""B-F"": 24, ""C-D"": 14, ""C-E"": 25, ""C-F"": 0, ""D-E"": 84, ""D-F"": 24, ""E-F"": 13}"	[1, 83, 86, 87, 90, 94, 95, 96, 97, 98, 99, 147, 151, 155, 156, 157, 158, 159, 160, 182, 183, 184, 188, 189, 190, 191, 194, 210, 212, 216, 217, 236, 263, 266, 271, 272, 278, 285, 287, 289, 332, 334, 336, 337, 338, 339, 340, 342, 343, 344, 345, 346, 348, 349, 350, 352, 353, 354, 355, 373, 374]	experiments/e149_final20_stoichiometry_v1/out_s2/ova_c4_iptm80_19k_c6/seed-3_sample-1/ova_c4_iptm80_19k_c6_seed-3_sample-1_summary_confidences.json	experiments/e149_final20_stoichiometry_v1/out_s2/ova_c4_iptm80_19k_c6/seed-3_sample-1/ova_c4_iptm80_19k_c6_seed-3_sample-1_model.cif
ova_c4_iptm80_19k_c6	seed-3_sample-2	6	0.4	0.49	85.13126942530815	nan	nan	0.42	0.0	12	6	1	0	477	477	0	0.43	0.265	12.46	"{""A-B"": 23, ""A-C"": 26, ""A-D"": 0, ""A-E"": 26, ""A-F"": 84, ""B-C"": 84, ""B-D"": 26, ""B-E"": 0, ""B-F"": 27, ""C-D"": 22, ""C-E"": 27, ""C-F"": 0, ""D-E"": 84, ""D-F"": 26, ""E-F"": 22}"	[1, 2, 83, 86, 87, 90, 94, 95, 96, 97, 98, 99, 144, 147, 148, 151, 155, 156, 157, 158, 159, 160, 164, 182, 184, 188, 189, 191, 192, 194, 210, 216, 217, 236, 266, 270, 271, 272, 276, 278, 285, 287, 289, 332, 334, 336, 337, 338, 339, 340, 342, 344, 345, 346, 348, 349, 350, 352, 353, 354, 355, 373, 374, 375]	experiments/e149_final20_stoichiometry_v1/out_s2/ova_c4_iptm80_19k_c6/seed-3_sample-2/ova_c4_iptm80_19k_c6_seed-3_sample-2_summary_confidences.json	experiments/e149_final20_stoichiometry_v1/out_s2/ova_c4_iptm80_19k_c6/seed-3_sample-2/ova_c4_iptm80_19k_c6_seed-3_sample-2_model.cif
ova_c4_iptm80_19k_c6	seed-3_sample-3	6	0.39	0.48	85.24619170668211	nan	nan	0.41	0.0	12	6	1	0	362	362	0	0.37	0.26	13.51	"{""A-B"": 23, ""A-C"": 23, ""A-D"": 0, ""A-E"": 22, ""A-F"": 51, ""B-C"": 54, ""B-D"": 24, ""B-E"": 0, ""B-F"": 22, ""C-D"": 21, ""C-E"": 23, ""C-F"": 0, ""D-E"": 52, ""D-F"": 24, ""E-F"": 23}"	[1, 6, 64, 86, 87, 90, 93, 94, 95, 96, 97, 151, 155, 156, 157, 159, 184, 188, 191, 216, 217, 262, 263, 266, 267, 270, 271, 272, 278, 336, 337, 338, 339, 340, 342, 344, 345, 346, 348, 349, 350, 352, 353, 354, 355, 373, 374]	experiments/e149_final20_stoichiometry_v1/out_s2/ova_c4_iptm80_19k_c6/seed-3_sample-3/ova_c4_iptm80_19k_c6_seed-3_sample-3_summary_confidences.json	experiments/e149_final20_stoichiometry_v1/out_s2/ova_c4_iptm80_19k_c6/seed-3_sample-3/ova_c4_iptm80_19k_c6_seed-3_sample-3_model.cif
ova_c4_iptm80_19k_c6	seed-3_sample-4	6	0.41	0.49	86.68126936403581	nan	nan	0.42	0.0	6	6	1	0	207	207	0	0.49	0.44	8.805	"{""A-B"": 23, ""A-C"": 0, ""A-D"": 0, ""A-E"": 0, ""A-F"": 45, ""B-C"": 47, ""B-D"": 0, ""B-E"": 0, ""B-F"": 0, ""C-D"": 23, ""C-E"": 0, ""C-F"": 0, ""D-E"": 45, ""D-F"": 0, ""E-F"": 24}"	[1, 64, 82, 83, 86, 87, 90, 94, 95, 96, 97, 98, 99, 151, 152, 155, 156, 182, 184, 191, 192, 194, 195, 196, 208, 210, 263, 266, 267, 270, 271, 272, 338, 340, 342, 343, 373, 374]	experiments/e149_final20_stoichiometry_v1/out_s2/ova_c4_iptm80_19k_c6/seed-3_sample-4/ova_c4_iptm80_19k_c6_seed-3_sample-4_summary_confidences.json	experiments/e149_final20_stoichiometry_v1/out_s2/ova_c4_iptm80_19k_c6/seed-3_sample-4/ova_c4_iptm80_19k_c6_seed-3_sample-4_model.cif
ova_c4_iptm80_19l_c1	seed-1_sample-0	1	0.0	0.92	91.28209841436673	nan	nan	0.92	0.0	0	1	0	0	0	0	0	0.0	nan	nan	{}	[]	experiments/e149_final20_stoichiometry_v1/out_s4/ova_c4_iptm80_19l_c1/seed-1_sample-0/ova_c4_iptm80_19l_c1_seed-1_sample-0_summary_confidences.json	experiments/e149_final20_stoichiometry_v1/out_s4/ova_c4_iptm80_19l_c1/seed-1_sample-0/ova_c4_iptm80_19l_c1_seed-1_sample-0_model.cif
ova_c4_iptm80_19l_c1	seed-1_sample-1	1	0.0	0.92	91.13132123008293	nan	nan	0.92	0.0	0	1	0	0	0	0	0	0.0	nan	nan	{}	[]	experiments/e149_final20_stoichiometry_v1/out_s4/ova_c4_iptm80_19l_c1/seed-1_sample-1/ova_c4_iptm80_19l_c1_seed-1_sample-1_summary_confidences.json	experiments/e149_final20_stoichiometry_v1/out_s4/ova_c4_iptm80_19l_c1/seed-1_sample-1/ova_c4_iptm80_19l_c1_seed-1_sample-1_model.cif
ova_c4_iptm80_19l_c1	seed-1_sample-2	1	0.0	0.92	91.02160640578195	nan	nan	0.92	0.0	0	1	0	0	0	0	0	0.0	nan	nan	{}	[]	experiments/e149_final20_stoichiometry_v1/out_s4/ova_c4_iptm80_19l_c1/seed-1_sample-2/ova_c4_iptm80_19l_c1_seed-1_sample-2_summary_confidences.json	experiments/e149_final20_stoichiometry_v1/out_s4/ova_c4_iptm80_19l_c1/seed-1_sample-2/ova_c4_iptm80_19l_c1_seed-1_sample-2_model.cif
ova_c4_iptm80_19l_c1	seed-1_sample-3	1	0.0	0.92	91.26997405136187	nan	nan	0.92	0.0	0	1	0	0	0	0	0	0.0	nan	nan	{}	[]	experiments/e149_final20_stoichiometry_v1/out_s4/ova_c4_iptm80_19l_c1/seed-1_sample-3/ova_c4_iptm80_19l_c1_seed-1_sample-3_summary_confidences.json	experiments/e149_final20_stoichiometry_v1/out_s4/ova_c4_iptm80_19l_c1/seed-1_sample-3/ova_c4_iptm80_19l_c1_seed-1_sample-3_model.cif
ova_c4_iptm80_19l_c1	seed-1_sample-4	1	0.0	0.92	91.0676165664752	nan	nan	0.92	0.0	0	1	0	0	0	0	0	0.0	nan	nan	{}	[]	experiments/e149_final20_stoichiometry_v1/out_s4/ova_c4_iptm80_19l_c1/seed-1_sample-4/ova_c4_iptm80_19l_c1_seed-1_sample-4_summary_confidences.json	experiments/e149_final20_stoichiometry_v1/out_s4/ova_c4_iptm80_19l_c1/seed-1_sample-4/ova_c4_iptm80_19l_c1_seed-1_sample-4_model.cif
ova_c4_iptm80_19l_c1	seed-2_sample-0	1	0.0	0.92	91.43077728785381	nan	nan	0.92	0.0	0	1	0	0	0	0	0	0.0	nan	nan	{}	[]	experiments/e149_final20_stoichiometry_v1/out_s4/ova_c4_iptm80_19l_c1/seed-2_sample-0/ova_c4_iptm80_19l_c1_seed-2_sample-0_summary_confidences.json	experiments/e149_final20_stoichiometry_v1/out_s4/ova_c4_iptm80_19l_c1/seed-2_sample-0/ova_c4_iptm80_19l_c1_seed-2_sample-0_model.cif
ova_c4_iptm80_19l_c1	seed-2_sample-1	1	0.0	0.92	92.04427437461102	nan	nan	0.92	0.0	0	1	0	0	0	0	0	0.0	nan	nan	{}	[]	experiments/e149_final20_stoichiometry_v1/out_s4/ova_c4_iptm80_19l_c1/seed-2_sample-1/ova_c4_iptm80_19l_c1_seed-2_sample-1_summary_confidences.json	experiments/e149_final20_stoichiometry_v1/out_s4/ova_c4_iptm80_19l_c1/seed-2_sample-1/ova_c4_iptm80_19l_c1_seed-2_sample-1_model.cif
ova_c4_iptm80_19l_c1	seed-2_sample-2	1	0.0	0.92	91.36818649608236	nan	nan	0.92	0.0	0	1	0	0	0	0	0	0.0	nan	nan	{}	[]	experiments/e149_final20_stoichiometry_v1/out_s4/ova_c4_iptm80_19l_c1/seed-2_sample-2/ova_c4_iptm80_19l_c1_seed-2_sample-2_summary_confidences.json	experiments/e149_final20_stoichiometry_v1/out_s4/ova_c4_iptm80_19l_c1/seed-2_sample-2/ova_c4_iptm80_19l_c1_seed-2_sample-2_model.cif
ova_c4_iptm80_19l_c1	seed-2_sample-3	1	0.0	0.92	91.87059568494095	nan	nan	0.92	0.0	0	1	0	0	0	0	0	0.0	nan	nan	{}	[]	experiments/e149_final20_stoichiometry_v1/out_s4/ova_c4_iptm80_19l_c1/seed-2_sample-3/ova_c4_iptm80_19l_c1_seed-2_sample-3_summary_confidences.json	experiments/e149_final20_stoichiometry_v1/out_s4/ova_c4_iptm80_19l_c1/seed-2_sample-3/ova_c4_iptm80_19l_c1_seed-2_sample-3_model.cif
ova_c4_iptm80_19l_c1	seed-2_sample-4	1	0.0	0.92	91.61147653253585	nan	nan	0.92	0.0	0	1	0	0	0	0	0	0.0	nan	nan	{}	[]	experiments/e149_final20_stoichiometry_v1/out_s4/ova_c4_iptm80_19l_c1/seed-2_sample-4/ova_c4_iptm80_19l_c1_seed-2_sample-4_summary_confidences.json	experiments/e149_final20_stoichiometry_v1/out_s4/ova_c4_iptm80_19l_c1/seed-2_sample-4/ova_c4_iptm80_19l_c1_seed-2_sample-4_model.cif
ova_c4_iptm80_19l_c1	seed-3_sample-0	1	0.0	0.92	91.21632130281913	nan	nan	0.92	0.0	0	1	0	0	0	0	0	0.0	nan	nan	{}	[]	experiments/e149_final20_stoichiometry_v1/out_s4/ova_c4_iptm80_19l_c1/seed-3_sample-0/ova_c4_iptm80_19l_c1_seed-3_sample-0_summary_confidences.json	experiments/e149_final20_stoichiometry_v1/out_s4/ova_c4_iptm80_19l_c1/seed-3_sample-0/ova_c4_iptm80_19l_c1_seed-3_sample-0_model.cif
ova_c4_iptm80_19l_c1	seed-3_sample-1	1	0.0	0.92	91.40202078547503	nan	nan	0.92	0.0	0	1	0	0	0	0	0	0.0	nan	nan	{}	[]	experiments/e149_final20_stoichiometry_v1/out_s4/ova_c4_iptm80_19l_c1/seed-3_sample-1/ova_c4_iptm80_19l_c1_seed-3_sample-1_summary_confidences.json	experiments/e149_final20_stoichiometry_v1/out_s4/ova_c4_iptm80_19l_c1/seed-3_sample-1/ova_c4_iptm80_19l_c1_seed-3_sample-1_model.cif
ova_c4_iptm80_19l_c1	seed-3_sample-2	1	0.0	0.92	91.3318394181642	nan	nan	0.92	0.0	0	1	0	0	0	0	0	0.0	nan	nan	{}	[]	experiments/e149_final20_stoichiometry_v1/out_s4/ova_c4_iptm80_19l_c1/seed-3_sample-2/ova_c4_iptm80_19l_c1_seed-3_sample-2_summary_confidences.json	experiments/e149_final20_stoichiometry_v1/out_s4/ova_c4_iptm80_19l_c1/seed-3_sample-2/ova_c4_iptm80_19l_c1_seed-3_sample-2_model.cif
ova_c4_iptm80_19l_c1	seed-3_sample-3	1	0.0	0.92	91.24411912038536	nan	nan	0.92	0.0	0	1	0	0	0	0	0	0.0	nan	nan	{}	[]	experiments/e149_final20_stoichiometry_v1/out_s4/ova_c4_iptm80_19l_c1/seed-3_sample-3/ova_c4_iptm80_19l_c1_seed-3_sample-3_summary_confidences.json	experiments/e149_final20_stoichiometry_v1/out_s4/ova_c4_iptm80_19l_c1/seed-3_sample-3/ova_c4_iptm80_19l_c1_seed-3_sample-3_model.cif
ova_c4_iptm80_19l_c1	seed-3_sample-4	1	0.0	0.92	91.27538856941183	nan	nan	0.92	0.0	0	1	0	0	0	0	0	0.0	nan	nan	{}	[]	experiments/e149_final20_stoichiometry_v1/out_s4/ova_c4_iptm80_19l_c1/seed-3_sample-4/ova_c4_iptm80_19l_c1_seed-3_sample-4_summary_confidences.json	experiments/e149_final20_stoichiometry_v1/out_s4/ova_c4_iptm80_19l_c1/seed-3_sample-4/ova_c4_iptm80_19l_c1_seed-3_sample-4_model.cif
ova_c4_iptm80_19l_c2	seed-1_sample-0	2	0.21	0.56	87.94253901743518	nan	nan	0.28	0.0	1	2	1	0	54	54	0	0.21	0.21	12.52	"{""A-B"": 54}"	[95, 96, 97, 186, 187, 188, 191, 216, 217, 236, 237, 238, 239, 271, 276, 278, 339, 340, 341, 342, 343, 344, 346, 373]	experiments/e149_final20_stoichiometry_v1/out_s4/ova_c4_iptm80_19l_c2/seed-1_sample-0/ova_c4_iptm80_19l_c2_seed-1_sample-0_summary_confidences.json	experiments/e149_final20_stoichiometry_v1/out_s4/ova_c4_iptm80_19l_c2/seed-1_sample-0/ova_c4_iptm80_19l_c2_seed-1_sample-0_model.cif
ova_c4_iptm80_19l_c2	seed-1_sample-1	2	0.27	0.6	88.26235750425666	nan	nan	0.34	0.0	1	2	1	0	81	81	0	0.27	0.27	14.35	"{""A-B"": 81}"	[95, 97, 186, 187, 216, 217, 219, 234, 236, 237, 238, 239, 271, 274, 275, 276, 277, 278, 340, 341, 342, 343, 344, 345, 346, 348, 350, 351, 354, 356, 357, 372, 373]	experiments/e149_final20_stoichiometry_v1/out_s4/ova_c4_iptm80_19l_c2/seed-1_sample-1/ova_c4_iptm80_19l_c2_seed-1_sample-1_summary_confidences.json	experiments/e149_final20_stoichiometry_v1/out_s4/ova_c4_iptm80_19l_c2/seed-1_sample-1/ova_c4_iptm80_19l_c2_seed-1_sample-1_model.cif
ova_c4_iptm80_19l_c2	seed-1_sample-2	2	0.23	0.57	88.40551826002684	nan	nan	0.3	0.0	1	2	1	0	66	66	0	0.23	0.23	13.29	"{""A-B"": 66}"	[86, 90, 95, 96, 97, 186, 187, 188, 217, 219, 234, 236, 237, 238, 239, 270, 271, 272, 276, 278, 340, 341, 342, 343, 344, 346, 347, 372, 373, 374]	experiments/e149_final20_stoichiometry_v1/out_s4/ova_c4_iptm80_19l_c2/seed-1_sample-2/ova_c4_iptm80_19l_c2_seed-1_sample-2_summary_confidences.json	experiments/e149_final20_stoichiometry_v1/out_s4/ova_c4_iptm80_19l_c2/seed-1_sample-2/ova_c4_iptm80_19l_c2_seed-1_sample-2_model.cif
ova_c4_iptm80_19l_c2	seed-1_sample-3	2	0.24	0.58	88.13020740765981	nan	nan	0.3	0.0	1	2	1	0	54	54	0	0.24	0.24	13.06	"{""A-B"": 54}"	[83, 86, 87, 90, 93, 95, 96, 97, 217, 219, 234, 237, 238, 239, 270, 271, 272, 275, 276, 278, 340, 341, 342, 344, 346, 371, 372, 373, 374]	experiments/e149_final20_stoichiometry_v1/out_s4/ova_c4_iptm80_19l_c2/seed-1_sample-3/ova_c4_iptm80_19l_c2_seed-1_sample-3_summary_confidences.json	experiments/e149_final20_stoichiometry_v1/out_s4/ova_c4_iptm80_19l_c2/seed-1_sample-3/ova_c4_iptm80_19l_c2_seed-1_sample-3_model.cif
ova_c4_iptm80_19l_c2	seed-1_sample-4	2	0.24	0.58	88.47613998768861	nan	nan	0.31	0.0	1	2	1	0	71	71	0	0.24	0.24	13.49	"{""A-B"": 71}"	[86, 90, 93, 95, 96, 97, 186, 187, 217, 219, 234, 236, 237, 238, 239, 270, 271, 272, 275, 276, 278, 340, 341, 342, 343, 345, 346, 347, 371, 372, 373, 374]	experiments/e149_final20_stoichiometry_v1/out_s4/ova_c4_iptm80_19l_c2/seed-1_sample-4/ova_c4_iptm80_19l_c2_seed-1_sample-4_summary_confidences.json	experiments/e149_final20_stoichiometry_v1/out_s4/ova_c4_iptm80_19l_c2/seed-1_sample-4/ova_c4_iptm80_19l_c2_seed-1_sample-4_model.cif
ova_c4_iptm80_19l_c2	seed-2_sample-0	2	0.58	0.75	89.98487061416547	nan	nan	0.61	0.0	1	2	1	0	97	97	0	0.58	0.58	6.45	"{""A-B"": 97}"	[86, 90, 95, 96, 97, 184, 186, 187, 188, 217, 219, 234, 236, 237, 238, 239, 270, 271, 272, 276, 278, 337, 338, 339, 340, 341, 342, 343, 344, 345, 346, 347, 371, 372, 373, 374]	experiments/e149_final20_stoichiometry_v1/out_s4/ova_c4_iptm80_19l_c2/seed-2_sample-0/ova_c4_iptm80_19l_c2_seed-2_sample-0_summary_confidences.json	experiments/e149_final20_stoichiometry_v1/out_s4/ova_c4_iptm80_19l_c2/seed-2_sample-0/ova_c4_iptm80_19l_c2_seed-2_sample-0_model.cif
ova_c4_iptm80_19l_c2	seed-2_sample-1	2	0.5	0.71	89.85215006220525	nan	nan	0.55	0.0	1	2	1	0	53	53	0	0.5	0.5	8.39	"{""A-B"": 53}"	[86, 90, 95, 96, 97, 188, 217, 234, 236, 237, 238, 239, 271, 272, 276, 278, 340, 341, 342, 345, 346, 347, 372, 373, 374]	experiments/e149_final20_stoichiometry_v1/out_s4/ova_c4_iptm80_19l_c2/seed-2_sample-1/ova_c4_iptm80_19l_c2_seed-2_sample-1_summary_confidences.json	experiments/e149_final20_stoichiometry_v1/out_s4/ova_c4_iptm80_19l_c2/seed-2_sample-1/ova_c4_iptm80_19l_c2_seed-2_sample-1_model.cif
ova_c4_iptm80_19l_c2	seed-2_sample-2	2	0.57	0.75	89.66733155719974	nan	nan	0.61	0.0	1	2	1	0	84	84	0	0.57	0.57	6.62	"{""A-B"": 84}"	[86, 90, 95, 96, 97, 184, 186, 187, 188, 191, 217, 219, 234, 236, 237, 238, 239, 271, 272, 276, 278, 338, 339, 340, 341, 342, 343, 344, 346, 347, 371, 372, 373, 374]	experiments/e149_final20_stoichiometry_v1/out_s4/ova_c4_iptm80_19l_c2/seed-2_sample-2/ova_c4_iptm80_19l_c2_seed-2_sample-2_summary_confidences.json	experiments/e149_final20_stoichiometry_v1/out_s4/ova_c4_iptm80_19l_c2/seed-2_sample-2/ova_c4_iptm80_19l_c2_seed-2_sample-2_model.cif
ova_c4_iptm80_19l_c2	seed-2_sample-3	2	0.5	0.71	89.65414531490346	nan	nan	0.54	0.0	1	2	1	0	98	98	0	0.5	0.5	7.39	"{""A-B"": 98}"	[86, 90, 95, 96, 97, 184, 186, 187, 188, 191, 217, 219, 234, 236, 237, 238, 239, 271, 272, 276, 278, 337, 338, 339, 340, 341, 342, 343, 344, 345, 346, 347, 350, 373, 374]	experiments/e149_final20_stoichiometry_v1/out_s4/ova_c4_iptm80_19l_c2/seed-2_sample-3/ova_c4_iptm80_19l_c2_seed-2_sample-3_summary_confidences.json	experiments/e149_final20_stoichiometry_v1/out_s4/ova_c4_iptm80_19l_c2/seed-2_sample-3/ova_c4_iptm80_19l_c2_seed-2_sample-3_model.cif
ova_c4_iptm80_19l_c2	seed-2_sample-4	2	0.54	0.73	89.4960105382099	nan	nan	0.58	0.0	1	2	1	0	105	105	0	0.54	0.54	7.05	"{""A-B"": 105}"	[86, 90, 95, 96, 97, 184, 186, 187, 188, 190, 191, 216, 217, 219, 234, 236, 237, 238, 239, 270, 271, 272, 276, 278, 337, 338, 339, 340, 341, 342, 343, 344, 346, 347, 349, 350, 371, 372, 373, 374]	experiments/e149_final20_stoichiometry_v1/out_s4/ova_c4_iptm80_19l_c2/seed-2_sample-4/ova_c4_iptm80_19l_c2_seed-2_sample-4_summary_confidences.json	experiments/e149_final20_stoichiometry_v1/out_s4/ova_c4_iptm80_19l_c2/seed-2_sample-4/ova_c4_iptm80_19l_c2_seed-2_sample-4_model.cif
ova_c4_iptm80_19l_c2	seed-3_sample-0	2	0.48	0.7	88.76979266547168	nan	nan	0.52	0.0	1	2	1	0	73	73	0	0.48	0.48	8.57	"{""A-B"": 73}"	[86, 90, 95, 96, 97, 187, 188, 217, 219, 234, 236, 237, 238, 239, 270, 271, 272, 276, 278, 338, 339, 340, 341, 342, 343, 344, 345, 346, 371, 372, 373, 374]	experiments/e149_final20_stoichiometry_v1/out_s4/ova_c4_iptm80_19l_c2/seed-3_sample-0/ova_c4_iptm80_19l_c2_seed-3_sample-0_summary_confidences.json	experiments/e149_final20_stoichiometry_v1/out_s4/ova_c4_iptm80_19l_c2/seed-3_sample-0/ova_c4_iptm80_19l_c2_seed-3_sample-0_model.cif
ova_c4_iptm80_19l_c2	seed-3_sample-1	2	0.5	0.71	88.99909334726284	nan	nan	0.54	0.0	1	2	1	0	76	76	0	0.5	0.5	7.74	"{""A-B"": 76}"	[86, 90, 95, 96, 97, 184, 186, 187, 188, 217, 219, 234, 236, 237, 238, 239, 271, 272, 276, 278, 338, 339, 340, 341, 342, 343, 344, 345, 346, 347, 373, 374]	experiments/e149_final20_stoichiometry_v1/out_s4/ova_c4_iptm80_19l_c2/seed-3_sample-1/ova_c4_iptm80_19l_c2_seed-3_sample-1_summary_confidences.json	experiments/e149_final20_stoichiometry_v1/out_s4/ova_c4_iptm80_19l_c2/seed-3_sample-1/ova_c4_iptm80_19l_c2_seed-3_sample-1_model.cif
ova_c4_iptm80_19l_c2	seed-3_sample-2	2	0.52	0.72	89.06235753192803	nan	nan	0.56	0.0	1	2	1	0	77	77	0	0.52	0.52	7.75	"{""A-B"": 77}"	[1, 81, 86, 87, 89, 90, 93, 95, 96, 97, 186, 187, 188, 217, 219, 234, 236, 237, 238, 239, 271, 272, 275, 276, 278, 339, 340, 341, 342, 343, 344, 345, 346, 347, 371, 372, 373, 374]	experiments/e149_final20_stoichiometry_v1/out_s4/ova_c4_iptm80_19l_c2/seed-3_sample-2/ova_c4_iptm80_19l_c2_seed-3_sample-2_summary_confidences.json	experiments/e149_final20_stoichiometry_v1/out_s4/ova_c4_iptm80_19l_c2/seed-3_sample-2/ova_c4_iptm80_19l_c2_seed-3_sample-2_model.cif
ova_c4_iptm80_19l_c2	seed-3_sample-3	2	0.51	0.71	89.17660613381183	nan	nan	0.55	0.0	1	2	1	0	83	83	0	0.51	0.51	7.98	"{""A-B"": 83}"	[86, 87, 89, 90, 93, 95, 96, 97, 186, 187, 188, 216, 217, 219, 234, 236, 237, 238, 239, 271, 272, 275, 276, 278, 339, 340, 341, 342, 343, 344, 345, 346, 347, 371, 372, 373, 374]	experiments/e149_final20_stoichiometry_v1/out_s4/ova_c4_iptm80_19l_c2/seed-3_sample-3/ova_c4_iptm80_19l_c2_seed-3_sample-3_summary_confidences.json	experiments/e149_final20_stoichiometry_v1/out_s4/ova_c4_iptm80_19l_c2/seed-3_sample-3/ova_c4_iptm80_19l_c2_seed-3_sample-3_model.cif
ova_c4_iptm80_19l_c2	seed-3_sample-4	2	0.48	0.7	89.07398963098082	nan	nan	0.52	0.0	1	2	1	0	79	79	0	0.48	0.48	8.15	"{""A-B"": 79}"	[86, 90, 95, 96, 97, 186, 187, 188, 217, 219, 234, 236, 237, 238, 239, 270, 271, 272, 276, 278, 339, 340, 341, 342, 343, 344, 345, 346, 347, 371, 372, 373, 374]	experiments/e149_final20_stoichiometry_v1/out_s4/ova_c4_iptm80_19l_c2/seed-3_sample-4/ova_c4_iptm80_19l_c2_seed-3_sample-4_summary_confidences.json	experiments/e149_final20_stoichiometry_v1/out_s4/ova_c4_iptm80_19l_c2/seed-3_sample-4/ova_c4_iptm80_19l_c2_seed-3_sample-4_model.cif
ova_c4_iptm80_19l_c3	seed-1_sample-0	3	0.14	0.41	86.12419687281	nan	nan	0.19	0.0	3	3	1	0	134	134	0	0.11	0.11	27.89	"{""A-B"": 15, ""A-C"": 34, ""B-C"": 85}"	[75, 76, 77, 79, 81, 86, 89, 93, 94, 95, 96, 97, 99, 120, 124, 131, 132, 133, 134, 141, 144, 145, 147, 148, 149, 151, 152, 154, 155, 156, 159, 160, 182, 183, 184, 188, 190, 191, 192, 237, 271, 336, 337, 338, 339, 340, 342, 344, 345, 346, 347, 372, 373]	experiments/e149_final20_stoichiometry_v1/out_s5/ova_c4_iptm80_19l_c3/seed-1_sample-0/ova_c4_iptm80_19l_c3_seed-1_sample-0_summary_confidences.json	experiments/e149_final20_stoichiometry_v1/out_s5/ova_c4_iptm80_19l_c3/seed-1_sample-0/ova_c4_iptm80_19l_c3_seed-1_sample-0_model.cif
ova_c4_iptm80_19l_c3	seed-1_sample-1	3	0.19	0.43	86.62059599130265	nan	nan	0.24	0.0	3	3	1	0	159	159	0	0.13	0.13	23.71	"{""A-B"": 40, ""A-C"": 39, ""B-C"": 80}"	[1, 2, 4, 64, 65, 82, 83, 86, 89, 90, 91, 93, 94, 95, 96, 97, 98, 99, 151, 152, 155, 156, 182, 183, 184, 186, 187, 188, 190, 191, 192, 193, 194, 195, 196, 208, 210, 217, 218, 219, 236, 237, 238, 239, 271, 272, 275, 276, 277, 278, 279, 336, 337, 338, 339, 340, 341, 342, 343, 344, 345, 346, 347, 348, 349, 350, 354, 357, 372, 373, 374]	experiments/e149_final20_stoichiometry_v1/out_s5/ova_c4_iptm80_19l_c3/seed-1_sample-1/ova_c4_iptm80_19l_c3_seed-1_sample-1_summary_confidences.json	experiments/e149_final20_stoichiometry_v1/out_s5/ova_c4_iptm80_19l_c3/seed-1_sample-1/ova_c4_iptm80_19l_c3_seed-1_sample-1_model.cif
ova_c4_iptm80_19l_c3	seed-1_sample-2	3	0.18	0.43	86.57805703711634	nan	nan	0.23	0.0	3	3	1	0	140	140	0	0.14	0.14	21.75	"{""A-B"": 50, ""A-C"": 43, ""B-C"": 47}"	[1, 2, 3, 4, 5, 6, 64, 83, 93, 94, 95, 96, 97, 184, 185, 188, 191, 219, 222, 236, 237, 271, 272, 273, 274, 275, 276, 338, 339, 340, 341, 342, 343, 344, 345, 346, 373, 374, 375]	experiments/e149_final20_stoichiometry_v1/out_s5/ova_c4_iptm80_19l_c3/seed-1_sample-2/ova_c4_iptm80_19l_c3_seed-1_sample-2_summary_confidences.json	experiments/e149_final20_stoichiometry_v1/out_s5/ova_c4_iptm80_19l_c3/seed-1_sample-2/ova_c4_iptm80_19l_c3_seed-1_sample-2_model.cif
ova_c4_iptm80_19l_c3	seed-1_sample-3	3	0.19	0.44	86.89246112447947	nan	nan	0.24	0.0	3	3	1	0	155	155	0	0.15	0.15	21.27	"{""A-B"": 54, ""A-C"": 50, ""B-C"": 51}"	[1, 2, 3, 4, 5, 64, 83, 94, 95, 96, 97, 155, 184, 188, 191, 217, 219, 236, 237, 271, 272, 274, 275, 276, 277, 278, 337, 338, 339, 340, 341, 342, 343, 344, 345, 346, 347, 348, 357, 372, 373, 374, 375]	experiments/e149_final20_stoichiometry_v1/out_s5/ova_c4_iptm80_19l_c3/seed-1_sample-3/ova_c4_iptm80_19l_c3_seed-1_sample-3_summary_confidences.json	experiments/e149_final20_stoichiometry_v1/out_s5/ova_c4_iptm80_19l_c3/seed-1_sample-3/ova_c4_iptm80_19l_c3_seed-1_sample-3_model.cif
ova_c4_iptm80_19l_c3	seed-1_sample-4	3	0.18	0.43	86.82616587624031	nan	nan	0.23	0.0	3	3	1	0	97	97	0	0.13	0.13	21.42	"{""A-B"": 45, ""A-C"": 27, ""B-C"": 25}"	[86, 89, 90, 93, 95, 97, 186, 187, 216, 217, 219, 234, 237, 238, 239, 271, 275, 276, 277, 278, 279, 340, 341, 343, 344, 347, 348, 349, 350, 351, 352, 353, 354, 355, 356, 357, 372, 373, 374]	experiments/e149_final20_stoichiometry_v1/out_s5/ova_c4_iptm80_19l_c3/seed-1_sample-4/ova_c4_iptm80_19l_c3_seed-1_sample-4_summary_confidences.json	experiments/e149_final20_stoichiometry_v1/out_s5/ova_c4_iptm80_19l_c3/seed-1_sample-4/ova_c4_iptm80_19l_c3_seed-1_sample-4_model.cif
ova_c4_iptm80_19l_c3	seed-2_sample-0	3	0.19	0.44	86.86088092586537	nan	nan	0.24	0.0	3	3	1	0	163	163	0	0.16	0.16	19.48	"{""A-B"": 55, ""A-C"": 55, ""B-C"": 53}"	[1, 2, 3, 4, 5, 6, 64, 70, 83, 86, 93, 94, 95, 96, 97, 123, 184, 185, 188, 191, 217, 219, 236, 237, 271, 272, 274, 275, 276, 277, 278, 337, 338, 339, 340, 341, 342, 343, 344, 345, 346, 347, 348, 355, 356, 357, 373, 374, 375]	experiments/e149_final20_stoichiometry_v1/out_s5/ova_c4_iptm80_19l_c3/seed-2_sample-0/ova_c4_iptm80_19l_c3_seed-2_sample-0_summary_confidences.json	experiments/e149_final20_stoichiometry_v1/out_s5/ova_c4_iptm80_19l_c3/seed-2_sample-0/ova_c4_iptm80_19l_c3_seed-2_sample-0_model.cif
ova_c4_iptm80_19l_c3	seed-2_sample-1	3	0.2	0.45	87.10422274732836	nan	nan	0.25	0.0	3	3	1	0	151	151	0	0.17	0.17	19.08	"{""A-B"": 50, ""A-C"": 49, ""B-C"": 52}"	[3, 4, 5, 6, 64, 83, 86, 93, 94, 95, 96, 97, 184, 188, 191, 217, 219, 236, 237, 271, 272, 274, 275, 276, 277, 278, 337, 338, 339, 340, 341, 342, 343, 344, 346, 347, 348, 356, 357, 372, 373, 374, 375]	experiments/e149_final20_stoichiometry_v1/out_s5/ova_c4_iptm80_19l_c3/seed-2_sample-1/ova_c4_iptm80_19l_c3_seed-2_sample-1_summary_confidences.json	experiments/e149_final20_stoichiometry_v1/out_s5/ova_c4_iptm80_19l_c3/seed-2_sample-1/ova_c4_iptm80_19l_c3_seed-2_sample-1_model.cif
ova_c4_iptm80_19l_c3	seed-2_sample-2	3	0.2	0.44	86.92316075063123	nan	nan	0.25	0.0	3	3	1	0	135	135	0	0.16	0.16	20.13	"{""A-B"": 45, ""A-C"": 45, ""B-C"": 45}"	[1, 2, 3, 4, 5, 6, 64, 83, 94, 95, 96, 97, 184, 188, 191, 219, 236, 237, 266, 271, 272, 274, 275, 276, 277, 338, 339, 340, 341, 342, 343, 344, 345, 372, 373, 374, 375]	experiments/e149_final20_stoichiometry_v1/out_s5/ova_c4_iptm80_19l_c3/seed-2_sample-2/ova_c4_iptm80_19l_c3_seed-2_sample-2_summary_confidences.json	experiments/e149_final20_stoichiometry_v1/out_s5/ova_c4_iptm80_19l_c3/seed-2_sample-2/ova_c4_iptm80_19l_c3_seed-2_sample-2_model.cif
ova_c4_iptm80_19l_c3	seed-2_sample-3	3	0.14	0.41	86.41181356795711	nan	nan	0.19	0.0	3	3	1	0	133	133	0	0.11	0.11	27.85	"{""A-B"": 32, ""A-C"": 62, ""B-C"": 39}"	[66, 67, 68, 69, 70, 72, 73, 82, 86, 89, 90, 93, 94, 95, 96, 97, 124, 125, 132, 141, 144, 145, 147, 148, 149, 151, 152, 155, 156, 159, 160, 182, 184, 188, 190, 191, 192, 219, 237, 238, 239, 271, 274, 275, 276, 336, 337, 338, 339, 342, 345, 346, 372, 373]	experiments/e149_final20_stoichiometry_v1/out_s5/ova_c4_iptm80_19l_c3/seed-2_sample-3/ova_c4_iptm80_19l_c3_seed-2_sample-3_summary_confidences.json	experiments/e149_final20_stoichiometry_v1/out_s5/ova_c4_iptm80_19l_c3/seed-2_sample-3/ova_c4_iptm80_19l_c3_seed-2_sample-3_model.cif
ova_c4_iptm80_19l_c3	seed-2_sample-4	3	0.18	0.43	85.70585476178579	nan	nan	0.23	0.0	3	3	1	0	161	161	0	0.15	0.15	18.67	"{""A-B"": 56, ""A-C"": 55, ""B-C"": 50}"	[93, 94, 95, 96, 97, 99, 155, 182, 184, 186, 187, 188, 190, 191, 192, 215, 216, 217, 219, 232, 234, 238, 241, 271, 272, 276, 278, 337, 338, 339, 340, 341, 342, 343, 344, 345, 346, 347, 348, 350, 351, 354, 372, 373, 374, 375]	experiments/e149_final20_stoichiometry_v1/out_s5/ova_c4_iptm80_19l_c3/seed-2_sample-4/ova_c4_iptm80_19l_c3_seed-2_sample-4_summary_confidences.json	experiments/e149_final20_stoichiometry_v1/out_s5/ova_c4_iptm80_19l_c3/seed-2_sample-4/ova_c4_iptm80_19l_c3_seed-2_sample-4_model.cif
ova_c4_iptm80_19l_c3	seed-3_sample-0	3	0.17	0.43	85.97365305213731	nan	nan	0.22	0.0	3	3	1	0	157	157	0	0.14	0.14	20.98	"{""A-B"": 27, ""A-C"": 85, ""B-C"": 45}"	[82, 86, 87, 89, 90, 93, 94, 95, 96, 97, 98, 99, 101, 155, 182, 184, 186, 188, 191, 192, 216, 217, 218, 219, 234, 236, 238, 239, 270, 271, 272, 275, 276, 278, 334, 336, 337, 338, 339, 340, 341, 342, 343, 344, 345, 346, 347, 348, 349, 350, 351, 372, 373, 375]	experiments/e149_final20_stoichiometry_v1/out_s5/ova_c4_iptm80_19l_c3/seed-3_sample-0/ova_c4_iptm80_19l_c3_seed-3_sample-0_summary_confidences.json	experiments/e149_final20_stoichiometry_v1/out_s5/ova_c4_iptm80_19l_c3/seed-3_sample-0/ova_c4_iptm80_19l_c3_seed-3_sample-0_model.cif
ova_c4_iptm80_19l_c3	seed-3_sample-1	3	0.16	0.42	86.22544043545896	nan	nan	0.21	0.0	3	3	1	0	158	158	0	0.12	0.12	23.21	"{""A-B"": 54, ""A-C"": 51, ""B-C"": 53}"	[1, 2, 3, 4, 64, 65, 82, 83, 86, 87, 90, 93, 95, 96, 97, 184, 186, 220, 221, 222, 224, 225, 227, 236, 237, 238, 239, 270, 271, 272, 273, 275, 276, 277, 278, 340, 346, 347, 348, 353, 354, 355, 356, 357, 372, 373, 374, 375]	experiments/e149_final20_stoichiometry_v1/out_s5/ova_c4_iptm80_19l_c3/seed-3_sample-1/ova_c4_iptm80_19l_c3_seed-3_sample-1_summary_confidences.json	experiments/e149_final20_stoichiometry_v1/out_s5/ova_c4_iptm80_19l_c3/seed-3_sample-1/ova_c4_iptm80_19l_c3_seed-3_sample-1_model.cif
ova_c4_iptm80_19l_c3	seed-3_sample-2	3	0.16	0.42	86.14906737965006	nan	nan	0.21	0.0	3	3	1	0	115	115	0	0.13	0.13	25.99	"{""A-B"": 38, ""A-C"": 38, ""B-C"": 39}"	[94, 95, 96, 110, 113, 114, 116, 119, 120, 123, 124, 127, 128, 131, 132, 133, 134, 138, 141, 144, 145, 148, 151, 152, 155, 186, 187, 217, 238, 239, 270, 271, 272, 275, 276, 277, 278, 340, 341, 343, 350, 372, 373, 374]	experiments/e149_final20_stoichiometry_v1/out_s5/ova_c4_iptm80_19l_c3/seed-3_sample-2/ova_c4_iptm80_19l_c3_seed-3_sample-2_summary_confidences.json	experiments/e149_final20_stoichiometry_v1/out_s5/ova_c4_iptm80_19l_c3/seed-3_sample-2/ova_c4_iptm80_19l_c3_seed-3_sample-2_model.cif
ova_c4_iptm80_19l_c3	seed-3_sample-3	3	0.18	0.43	85.9412175509596	nan	nan	0.23	0.0	3	3	1	0	168	168	0	0.14	0.14	22.27	"{""A-B"": 60, ""A-C"": 56, ""B-C"": 52}"	[2, 3, 4, 5, 6, 64, 78, 81, 83, 86, 93, 94, 95, 96, 97, 123, 124, 184, 185, 188, 190, 191, 219, 236, 237, 271, 272, 274, 275, 276, 277, 278, 279, 337, 338, 339, 340, 341, 342, 343, 344, 345, 346, 354, 355, 356, 357, 372, 373, 374, 375]	experiments/e149_final20_stoichiometry_v1/out_s5/ova_c4_iptm80_19l_c3/seed-3_sample-3/ova_c4_iptm80_19l_c3_seed-3_sample-3_summary_confidences.json	experiments/e149_final20_stoichiometry_v1/out_s5/ova_c4_iptm80_19l_c3/seed-3_sample-3/ova_c4_iptm80_19l_c3_seed-3_sample-3_model.cif
ova_c4_iptm80_19l_c3	seed-3_sample-4	3	0.16	0.42	86.57119161971492	nan	nan	0.21	0.0	3	3	1	0	122	122	0	0.14	0.14	24.5	"{""A-B"": 43, ""A-C"": 39, ""B-C"": 40}"	[71, 72, 73, 74, 113, 114, 115, 116, 117, 119, 120, 121, 123, 124, 132, 215, 216, 217, 275, 276, 277, 278, 341, 343, 344, 346, 349, 350, 351, 352, 354, 355]	experiments/e149_final20_stoichiometry_v1/out_s5/ova_c4_iptm80_19l_c3/seed-3_sample-4/ova_c4_iptm80_19l_c3_seed-3_sample-4_summary_confidences.json	experiments/e149_final20_stoichiometry_v1/out_s5/ova_c4_iptm80_19l_c3/seed-3_sample-4/ova_c4_iptm80_19l_c3_seed-3_sample-4_model.cif
ova_c4_iptm80_19l_c5	seed-1_sample-0	5	0.2	0.35	84.69955965150824	nan	nan	0.23	0.0	9	5	1	0	279	279	0	0.12	0.11	26.4	"{""A-B"": 67, ""A-C"": 25, ""A-D"": 5, ""A-E"": 13, ""B-C"": 0, ""B-D"": 21, ""B-E"": 25, ""C-D"": 80, ""C-E"": 19, ""D-E"": 24}"	[1, 3, 64, 65, 68, 69, 70, 71, 72, 73, 79, 82, 83, 85, 86, 89, 90, 95, 96, 110, 113, 114, 116, 119, 120, 123, 124, 131, 132, 138, 140, 141, 144, 145, 148, 149, 151, 152, 155, 156, 157, 159, 186, 190, 191, 192, 194, 195, 196, 208, 210, 217, 234, 237, 238, 239, 271, 272, 275, 276, 278, 285, 287, 334, 336, 338, 341, 342, 343, 344, 345, 349, 350, 351, 354, 372, 373]	experiments/e149_final20_stoichiometry_v1/out_s1/ova_c4_iptm80_19l_c5/seed-1_sample-0/ova_c4_iptm80_19l_c5_seed-1_sample-0_summary_confidences.json	experiments/e149_final20_stoichiometry_v1/out_s1/ova_c4_iptm80_19l_c5/seed-1_sample-0/ova_c4_iptm80_19l_c5_seed-1_sample-0_model.cif
ova_c4_iptm80_19l_c5	seed-1_sample-1	5	0.2	0.35	84.53466318555446	nan	nan	0.23	0.0	7	5	1	0	247	247	0	0.13	0.12	25.69	"{""A-B"": 52, ""A-C"": 5, ""A-D"": 16, ""A-E"": 26, ""B-C"": 0, ""B-D"": 3, ""B-E"": 47, ""C-D"": 77, ""C-E"": 21, ""D-E"": 0}"	[1, 2, 3, 4, 5, 64, 65, 67, 68, 69, 70, 72, 73, 74, 78, 79, 80, 82, 83, 86, 89, 90, 93, 105, 117, 119, 120, 122, 123, 124, 125, 126, 127, 128, 129, 130, 131, 132, 186, 187, 188, 190, 191, 192, 193, 195, 196, 213, 217, 219, 234, 235, 236, 237, 238, 239, 241, 270, 271, 272, 273, 274, 275, 276, 277, 278, 340, 341, 342, 343, 344, 345, 346, 347, 348, 349, 350, 351, 352, 353, 354, 372, 373, 374, 375]	experiments/e149_final20_stoichiometry_v1/out_s1/ova_c4_iptm80_19l_c5/seed-1_sample-1/ova_c4_iptm80_19l_c5_seed-1_sample-1_summary_confidences.json	experiments/e149_final20_stoichiometry_v1/out_s1/ova_c4_iptm80_19l_c5/seed-1_sample-1/ova_c4_iptm80_19l_c5_seed-1_sample-1_model.cif
ova_c4_iptm80_19l_c5	seed-1_sample-2	5	0.19	0.34	84.79225401310106	nan	nan	0.22	0.0	7	5	1	0	69	69	0	0.11	0.11	27.08	"{""A-B"": 0, ""A-C"": 10, ""A-D"": 12, ""A-E"": 5, ""B-C"": 8, ""B-D"": 9, ""B-E"": 1, ""C-D"": 11, ""C-E"": 2, ""D-E"": 11}"	[1, 2, 73, 110, 113, 114, 116, 119, 120, 123, 124, 127, 128, 131, 132, 134, 137, 138, 141, 145, 148, 151, 155, 156, 157, 159, 160, 191, 192, 194, 196, 208, 210, 271, 272, 287, 341, 343, 344, 345, 346, 347, 348, 349, 351, 373]	experiments/e149_final20_stoichiometry_v1/out_s1/ova_c4_iptm80_19l_c5/seed-1_sample-2/ova_c4_iptm80_19l_c5_seed-1_sample-2_summary_confidences.json	experiments/e149_final20_stoichiometry_v1/out_s1/ova_c4_iptm80_19l_c5/seed-1_sample-2/ova_c4_iptm80_19l_c5_seed-1_sample-2_model.cif
ova_c4_iptm80_19l_c5	seed-1_sample-3	5	0.19	0.34	84.78031100633848	nan	nan	0.22	0.0	7	5	1	0	210	210	0	0.11	0.11	26.97	"{""A-B"": 71, ""A-C"": 0, ""A-D"": 0, ""A-E"": 12, ""B-C"": 6, ""B-D"": 7, ""B-E"": 0, ""C-D"": 60, ""C-E"": 34, ""D-E"": 20}"	[1, 2, 3, 4, 5, 64, 65, 68, 70, 71, 72, 73, 78, 79, 82, 83, 86, 87, 90, 95, 110, 116, 117, 119, 120, 124, 131, 132, 133, 134, 138, 141, 145, 148, 149, 151, 152, 155, 156, 157, 159, 186, 188, 190, 191, 192, 193, 194, 195, 196, 208, 210, 217, 234, 237, 238, 239, 271, 272, 275, 276, 277, 278, 287, 337, 341, 343, 344, 345, 348, 349, 350, 351, 354, 372, 373, 374]	experiments/e149_final20_stoichiometry_v1/out_s1/ova_c4_iptm80_19l_c5/seed-1_sample-3/ova_c4_iptm80_19l_c5_seed-1_sample-3_summary_confidences.json	experiments/e149_final20_stoichiometry_v1/out_s1/ova_c4_iptm80_19l_c5/seed-1_sample-3/ova_c4_iptm80_19l_c5_seed-1_sample-3_model.cif
ova_c4_iptm80_19l_c5	seed-1_sample-4	5	0.2	0.35	84.30860107797415	nan	nan	0.23	0.0	9	5	1	0	309	309	0	0.12	0.12	27.09	"{""A-B"": 76, ""A-C"": 23, ""A-D"": 0, ""A-E"": 16, ""B-C"": 14, ""B-D"": 22, ""B-E"": 27, ""C-D"": 88, ""C-E"": 13, ""D-E"": 30}"	[1, 2, 3, 64, 65, 68, 70, 72, 73, 78, 79, 82, 83, 85, 86, 89, 90, 95, 96, 113, 114, 116, 119, 120, 123, 124, 125, 131, 132, 138, 140, 141, 144, 145, 148, 149, 151, 152, 155, 156, 157, 159, 186, 191, 192, 194, 195, 196, 208, 210, 217, 219, 234, 237, 238, 239, 271, 272, 275, 276, 278, 285, 287, 334, 336, 338, 341, 342, 343, 344, 345, 346, 349, 350, 354, 372, 373]	experiments/e149_final20_stoichiometry_v1/out_s1/ova_c4_iptm80_19l_c5/seed-1_sample-4/ova_c4_iptm80_19l_c5_seed-1_sample-4_summary_confidences.json	experiments/e149_final20_stoichiometry_v1/out_s1/ova_c4_iptm80_19l_c5/seed-1_sample-4/ova_c4_iptm80_19l_c5_seed-1_sample-4_model.cif
ova_c4_iptm80_19l_c5	seed-2_sample-0	5	0.4	0.51	87.54642476689631	nan	nan	0.42	0.0	8	5	1	0	191	191	0	0.12	0.345	13.35	"{""A-B"": 8, ""A-C"": 55, ""A-D"": 22, ""A-E"": 1, ""B-C"": 15, ""B-D"": 53, ""B-E"": 14, ""C-D"": 8, ""C-E"": 15, ""D-E"": 0}"	[86, 90, 94, 95, 96, 97, 98, 99, 182, 184, 186, 187, 188, 190, 191, 192, 193, 217, 236, 237, 238, 271, 272, 276, 278, 338, 339, 340, 341, 342, 344, 345, 346, 347, 348, 349, 350, 351, 353, 354, 355, 356, 357, 373, 374]	experiments/e149_final20_stoichiometry_v1/out_s1/ova_c4_iptm80_19l_c5/seed-2_sample-0/ova_c4_iptm80_19l_c5_seed-2_sample-0_summary_confidences.json	experiments/e149_final20_stoichiometry_v1/out_s1/ova_c4_iptm80_19l_c5/seed-2_sample-0/ova_c4_iptm80_19l_c5_seed-2_sample-0_model.cif
ova_c4_iptm80_19l_c5	seed-2_sample-1	5	0.42	0.52	87.36621763298548	nan	nan	0.44	0.0	8	5	1	0	237	237	0	0.12	0.355	12.895	"{""A-B"": 9, ""A-C"": 63, ""A-D"": 29, ""A-E"": 20, ""B-C"": 28, ""B-D"": 62, ""B-E"": 4, ""C-D"": 8, ""C-E"": 1, ""D-E"": 13}"	[83, 86, 90, 94, 95, 96, 97, 98, 99, 156, 157, 159, 160, 182, 184, 190, 191, 192, 193, 217, 224, 236, 271, 272, 276, 278, 280, 334, 336, 337, 338, 339, 340, 341, 342, 343, 344, 345, 346, 347, 348, 349, 350, 351, 352, 353, 354, 355, 356, 357, 373, 374]	experiments/e149_final20_stoichiometry_v1/out_s1/ova_c4_iptm80_19l_c5/seed-2_sample-1/ova_c4_iptm80_19l_c5_seed-2_sample-1_summary_confidences.json	experiments/e149_final20_stoichiometry_v1/out_s1/ova_c4_iptm80_19l_c5/seed-2_sample-1/ova_c4_iptm80_19l_c5_seed-2_sample-1_model.cif
ova_c4_iptm80_19l_c5	seed-2_sample-2	5	0.28	0.41	86.43909339707132	nan	nan	0.31	0.0	6	5	1	0	225	225	0	0.18	0.17	19.240000000000002	"{""A-B"": 0, ""A-C"": 43, ""A-D"": 15, ""A-E"": 1, ""B-C"": 4, ""B-D"": 46, ""B-E"": 51, ""C-D"": 0, ""C-E"": 13, ""D-E"": 52}"	[89, 90, 93, 94, 95, 96, 97, 98, 99, 101, 148, 151, 152, 153, 154, 155, 156, 182, 183, 184, 190, 191, 192, 193, 194, 195, 196, 197, 198, 208, 210, 213, 216, 217, 237, 239, 275, 276, 277, 278, 338, 340, 342, 343, 344, 345, 346, 347, 348, 349, 350, 351, 352, 354]	experiments/e149_final20_stoichiometry_v1/out_s1/ova_c4_iptm80_19l_c5/seed-2_sample-2/ova_c4_iptm80_19l_c5_seed-2_sample-2_summary_confidences.json	experiments/e149_final20_stoichiometry_v1/out_s1/ova_c4_iptm80_19l_c5/seed-2_sample-2/ova_c4_iptm80_19l_c5_seed-2_sample-2_model.cif
ova_c4_iptm80_19l_c5	seed-2_sample-3	5	0.43	0.54	87.56388628668118	nan	nan	0.45	0.0	8	5	1	0	239	239	0	0.12	0.39	12.57	"{""A-B"": 8, ""A-C"": 57, ""A-D"": 30, ""A-E"": 0, ""B-C"": 30, ""B-D"": 55, ""B-E"": 21, ""C-D"": 10, ""C-E"": 28, ""D-E"": 0}"	[83, 86, 90, 93, 94, 95, 96, 97, 98, 99, 182, 184, 186, 187, 188, 190, 191, 192, 193, 215, 216, 217, 234, 236, 238, 271, 272, 276, 277, 278, 337, 338, 339, 340, 341, 342, 343, 344, 345, 346, 347, 348, 349, 350, 351, 352, 353, 354, 355, 356, 357, 358, 373, 374]	experiments/e149_final20_stoichiometry_v1/out_s1/ova_c4_iptm80_19l_c5/seed-2_sample-3/ova_c4_iptm80_19l_c5_seed-2_sample-3_summary_confidences.json	experiments/e149_final20_stoichiometry_v1/out_s1/ova_c4_iptm80_19l_c5/seed-2_sample-3/ova_c4_iptm80_19l_c5_seed-2_sample-3_model.cif
ova_c4_iptm80_19l_c5	seed-2_sample-4	5	0.29	0.42	86.59341965314638	nan	nan	0.31	0.0	7	5	1	0	192	192	0	0.18	0.17	20.21	"{""A-B"": 0, ""A-C"": 37, ""A-D"": 17, ""A-E"": 1, ""B-C"": 5, ""B-D"": 40, ""B-E"": 41, ""C-D"": 0, ""C-E"": 11, ""D-E"": 40}"	[90, 93, 94, 95, 96, 97, 98, 99, 101, 152, 153, 155, 156, 182, 183, 184, 190, 191, 192, 193, 194, 195, 196, 208, 210, 213, 216, 217, 238, 271, 272, 275, 276, 277, 278, 338, 340, 342, 343, 344, 345, 346, 347, 348, 349, 350, 351, 352, 353, 354]	experiments/e149_final20_stoichiometry_v1/out_s1/ova_c4_iptm80_19l_c5/seed-2_sample-4/ova_c4_iptm80_19l_c5_seed-2_sample-4_summary_confidences.json	experiments/e149_final20_stoichiometry_v1/out_s1/ova_c4_iptm80_19l_c5/seed-2_sample-4/ova_c4_iptm80_19l_c5_seed-2_sample-4_model.cif
ova_c4_iptm80_19l_c5	seed-3_sample-0	5	0.36	0.48	86.60852331448095	nan	nan	0.39	0.0	8	5	1	0	200	200	0	0.12	0.29000000000000004	15.924999999999999	"{""A-B"": 6, ""A-C"": 50, ""A-D"": 32, ""A-E"": 0, ""B-C"": 20, ""B-D"": 52, ""B-E"": 21, ""C-D"": 7, ""C-E"": 12, ""D-E"": 0}"	[86, 90, 94, 95, 96, 97, 98, 99, 182, 184, 188, 190, 191, 192, 193, 217, 236, 237, 238, 271, 272, 278, 337, 338, 339, 340, 341, 342, 343, 344, 345, 346, 347, 348, 349, 350, 351, 352, 353, 354, 355, 356, 373, 374]	experiments/e149_final20_stoichiometry_v1/out_s1/ova_c4_iptm80_19l_c5/seed-3_sample-0/ova_c4_iptm80_19l_c5_seed-3_sample-0_summary_confidences.json	experiments/e149_final20_stoichiometry_v1/out_s1/ova_c4_iptm80_19l_c5/seed-3_sample-0/ova_c4_iptm80_19l_c5_seed-3_sample-0_model.cif
ova_c4_iptm80_19l_c5	seed-3_sample-1	5	0.38	0.49	86.72898970490293	nan	nan	0.4	0.0	8	5	1	0	211	211	0	0.11	0.31000000000000005	15.6	"{""A-B"": 10, ""A-C"": 54, ""A-D"": 30, ""A-E"": 0, ""B-C"": 25, ""B-D"": 57, ""B-E"": 12, ""C-D"": 9, ""C-E"": 14, ""D-E"": 0}"	[83, 86, 87, 90, 94, 95, 96, 97, 98, 99, 182, 184, 186, 188, 190, 191, 192, 193, 216, 217, 234, 236, 237, 238, 271, 272, 276, 278, 337, 338, 339, 340, 341, 342, 343, 344, 345, 346, 347, 348, 350, 351, 352, 353, 354, 355, 356, 373, 374]	experiments/e149_final20_stoichiometry_v1/out_s1/ova_c4_iptm80_19l_c5/seed-3_sample-1/ova_c4_iptm80_19l_c5_seed-3_sample-1_summary_confidences.json	experiments/e149_final20_stoichiometry_v1/out_s1/ova_c4_iptm80_19l_c5/seed-3_sample-1/ova_c4_iptm80_19l_c5_seed-3_sample-1_model.cif
ova_c4_iptm80_19l_c5	seed-3_sample-2	5	0.38	0.49	86.82417099710574	nan	nan	0.4	0.0	8	5	1	0	222	222	0	0.12	0.315	15.54	"{""A-B"": 10, ""A-C"": 61, ""A-D"": 25, ""A-E"": 7, ""B-C"": 31, ""B-D"": 60, ""B-E"": 1, ""C-D"": 8, ""C-E"": 0, ""D-E"": 19}"	[86, 87, 90, 94, 95, 96, 97, 98, 99, 182, 184, 188, 190, 191, 192, 193, 215, 216, 217, 236, 271, 272, 276, 277, 278, 337, 338, 339, 340, 341, 342, 343, 344, 345, 346, 347, 348, 349, 350, 351, 352, 353, 354, 355, 356, 373, 374]	experiments/e149_final20_stoichiometry_v1/out_s1/ova_c4_iptm80_19l_c5/seed-3_sample-2/ova_c4_iptm80_19l_c5_seed-3_sample-2_summary_confidences.json	experiments/e149_final20_stoichiometry_v1/out_s1/ova_c4_iptm80_19l_c5/seed-3_sample-2/ova_c4_iptm80_19l_c5_seed-3_sample-2_model.cif
ova_c4_iptm80_19l_c5	seed-3_sample-3	5	0.36	0.48	86.72611400624014	nan	nan	0.39	0.0	8	5	1	0	212	212	0	0.11	0.29000000000000004	16.005000000000003	"{""A-B"": 6, ""A-C"": 64, ""A-D"": 22, ""A-E"": 3, ""B-C"": 20, ""B-D"": 65, ""B-E"": 10, ""C-D"": 7, ""C-E"": 15, ""D-E"": 0}"	[86, 90, 94, 95, 96, 97, 98, 99, 182, 184, 186, 188, 190, 191, 192, 193, 216, 217, 236, 237, 238, 271, 272, 276, 278, 337, 338, 339, 340, 341, 342, 343, 344, 345, 346, 347, 348, 349, 350, 351, 353, 354, 355, 356, 373, 374]	experiments/e149_final20_stoichiometry_v1/out_s1/ova_c4_iptm80_19l_c5/seed-3_sample-3/ova_c4_iptm80_19l_c5_seed-3_sample-3_summary_confidences.json	experiments/e149_final20_stoichiometry_v1/out_s1/ova_c4_iptm80_19l_c5/seed-3_sample-3/ova_c4_iptm80_19l_c5_seed-3_sample-3_model.cif
ova_c4_iptm80_19l_c5	seed-3_sample-4	5	0.29	0.42	85.77038876627394	nan	nan	0.31	0.0	6	5	1	0	191	191	0	0.16	0.16	19.75	"{""A-B"": 0, ""A-C"": 33, ""A-D"": 25, ""A-E"": 0, ""B-C"": 24, ""B-D"": 31, ""B-E"": 40, ""C-D"": 0, ""C-E"": 0, ""D-E"": 38}"	[93, 94, 95, 96, 97, 98, 99, 101, 148, 151, 152, 153, 154, 155, 156, 182, 183, 184, 187, 190, 191, 192, 193, 194, 195, 196, 197, 198, 208, 210, 213, 216, 217, 275, 276, 277, 278, 338, 340, 341, 342, 343, 344, 345, 346, 347, 348, 349, 350, 351, 352, 354]	experiments/e149_final20_stoichiometry_v1/out_s1/ova_c4_iptm80_19l_c5/seed-3_sample-4/ova_c4_iptm80_19l_c5_seed-3_sample-4_summary_confidences.json	experiments/e149_final20_stoichiometry_v1/out_s1/ova_c4_iptm80_19l_c5/seed-3_sample-4/ova_c4_iptm80_19l_c5_seed-3_sample-4_model.cif
ova_c4_iptm80_19l_c6	seed-1_sample-0	6	0.68	0.73	87.59707232460457	nan	nan	0.69	0.0	12	6	1	0	497	497	0	0.64	0.56	6.12	"{""A-B"": 14, ""A-C"": 54, ""A-D"": 2, ""A-E"": 53, ""A-F"": 37, ""B-C"": 37, ""B-D"": 57, ""B-E"": 2, ""B-F"": 57, ""C-D"": 14, ""C-E"": 56, ""C-F"": 2, ""D-E"": 38, ""D-F"": 60, ""E-F"": 14}"	[1, 86, 87, 89, 90, 93, 94, 95, 96, 97, 98, 99, 155, 156, 182, 183, 184, 186, 187, 189, 190, 192, 193, 195, 196, 213, 214, 215, 216, 217, 236, 237, 238, 239, 263, 266, 271, 272, 275, 276, 277, 278, 280, 338, 340, 341, 342, 343, 344, 345, 346, 347, 348, 349, 350, 351, 352, 353, 354, 373, 374]	experiments/e149_final20_stoichiometry_v1/out_s4/ova_c4_iptm80_19l_c6/seed-1_sample-0/ova_c4_iptm80_19l_c6_seed-1_sample-0_summary_confidences.json	experiments/e149_final20_stoichiometry_v1/out_s4/ova_c4_iptm80_19l_c6/seed-1_sample-0/ova_c4_iptm80_19l_c6_seed-1_sample-0_model.cif
ova_c4_iptm80_19l_c6	seed-1_sample-1	6	0.65	0.69	87.0369688241593	nan	nan	0.65	0.0	12	6	1	0	447	447	0	0.59	0.52	6.615	"{""A-B"": 13, ""A-C"": 46, ""A-D"": 1, ""A-E"": 47, ""A-F"": 34, ""B-C"": 37, ""B-D"": 54, ""B-E"": 4, ""B-F"": 51, ""C-D"": 13, ""C-E"": 48, ""C-F"": 2, ""D-E"": 35, ""D-F"": 49, ""E-F"": 13}"	[1, 86, 87, 89, 90, 93, 94, 95, 96, 97, 98, 99, 101, 152, 155, 156, 182, 183, 184, 186, 190, 192, 193, 195, 196, 213, 214, 215, 216, 217, 236, 237, 238, 239, 263, 266, 271, 272, 275, 276, 277, 278, 280, 282, 338, 340, 341, 342, 343, 344, 345, 346, 347, 348, 349, 350, 351, 352, 353, 354, 373, 374]	experiments/e149_final20_stoichiometry_v1/out_s4/ova_c4_iptm80_19l_c6/seed-1_sample-1/ova_c4_iptm80_19l_c6_seed-1_sample-1_summary_confidences.json	experiments/e149_final20_stoichiometry_v1/out_s4/ova_c4_iptm80_19l_c6/seed-1_sample-1/ova_c4_iptm80_19l_c6_seed-1_sample-1_model.cif
ova_c4_iptm80_19l_c6	seed-1_sample-2	6	0.66	0.71	87.38305695686934	nan	nan	0.67	0.0	12	6	1	0	477	477	0	0.6	0.55	6.02	"{""A-B"": 18, ""A-C"": 54, ""A-D"": 1, ""A-E"": 51, ""A-F"": 35, ""B-C"": 38, ""B-D"": 49, ""B-E"": 1, ""B-F"": 52, ""C-D"": 17, ""C-E"": 50, ""C-F"": 1, ""D-E"": 39, ""D-F"": 55, ""E-F"": 16}"	[1, 64, 82, 83, 86, 87, 89, 90, 93, 94, 95, 96, 97, 98, 99, 101, 152, 155, 182, 183, 184, 186, 188, 189, 190, 192, 193, 195, 196, 213, 214, 215, 217, 236, 237, 238, 239, 263, 266, 267, 270, 271, 272, 275, 276, 277, 278, 280, 340, 341, 342, 343, 344, 345, 346, 347, 348, 349, 350, 351, 352, 353, 354, 373, 374]	experiments/e149_final20_stoichiometry_v1/out_s4/ova_c4_iptm80_19l_c6/seed-1_sample-2/ova_c4_iptm80_19l_c6_seed-1_sample-2_summary_confidences.json	experiments/e149_final20_stoichiometry_v1/out_s4/ova_c4_iptm80_19l_c6/seed-1_sample-2/ova_c4_iptm80_19l_c6_seed-1_sample-2_model.cif
ova_c4_iptm80_19l_c6	seed-1_sample-3	6	0.68	0.72	87.23805726006859	nan	nan	0.69	0.0	12	6	1	0	410	410	0	0.61	0.57	5.58	"{""A-B"": 16, ""A-C"": 42, ""A-D"": 1, ""A-E"": 42, ""A-F"": 35, ""B-C"": 34, ""B-D"": 44, ""B-E"": 1, ""B-F"": 44, ""C-D"": 14, ""C-E"": 43, ""C-F"": 1, ""D-E"": 33, ""D-F"": 44, ""E-F"": 16}"	[1, 86, 87, 89, 90, 93, 94, 95, 96, 97, 98, 99, 152, 155, 182, 183, 184, 188, 189, 190, 192, 193, 195, 196, 213, 214, 215, 217, 236, 237, 238, 239, 263, 266, 267, 271, 272, 275, 276, 277, 278, 340, 341, 342, 343, 344, 345, 346, 347, 348, 349, 350, 351, 352, 353, 354, 355, 373, 374]	experiments/e149_final20_stoichiometry_v1/out_s4/ova_c4_iptm80_19l_c6/seed-1_sample-3/ova_c4_iptm80_19l_c6_seed-1_sample-3_summary_confidences.json	experiments/e149_final20_stoichiometry_v1/out_s4/ova_c4_iptm80_19l_c6/seed-1_sample-3/ova_c4_iptm80_19l_c6_seed-1_sample-3_model.cif
ova_c4_iptm80_19l_c6	seed-1_sample-4	6	0.69	0.73	87.42487047620388	nan	nan	0.7	0.0	12	6	1	0	489	489	0	0.65	0.57	5.915	"{""A-B"": 14, ""A-C"": 56, ""A-D"": 0, ""A-E"": 56, ""A-F"": 40, ""B-C"": 39, ""B-D"": 56, ""B-E"": 0, ""B-F"": 54, ""C-D"": 14, ""C-E"": 55, ""C-F"": 0, ""D-E"": 37, ""D-F"": 54, ""E-F"": 14}"	[1, 86, 87, 89, 90, 93, 94, 95, 96, 97, 98, 99, 101, 155, 182, 183, 184, 186, 189, 190, 192, 193, 195, 196, 213, 214, 215, 216, 217, 236, 237, 238, 239, 263, 266, 271, 272, 275, 276, 277, 278, 280, 282, 338, 340, 341, 342, 343, 344, 345, 346, 347, 348, 349, 350, 351, 352, 353, 354, 355, 373, 374]	experiments/e149_final20_stoichiometry_v1/out_s4/ova_c4_iptm80_19l_c6/seed-1_sample-4/ova_c4_iptm80_19l_c6_seed-1_sample-4_summary_confidences.json	experiments/e149_final20_stoichiometry_v1/out_s4/ova_c4_iptm80_19l_c6/seed-1_sample-4/ova_c4_iptm80_19l_c6_seed-1_sample-4_model.cif
ova_c4_iptm80_19l_c6	seed-2_sample-0	6	0.37	0.47	88.3310881846927	nan	nan	0.39	0.0	6	6	1	0	296	296	0	0.52	0.42000000000000004	9.844999999999999	"{""A-B"": 41, ""A-C"": 0, ""A-D"": 60, ""A-E"": 0, ""A-F"": 0, ""B-C"": 0, ""B-D"": 0, ""B-E"": 57, ""B-F"": 0, ""C-D"": 0, ""C-E"": 38, ""C-F"": 59, ""D-E"": 0, ""D-F"": 41, ""E-F"": 0}"	[1, 2, 3, 6, 64, 65, 79, 82, 83, 86, 87, 90, 94, 95, 96, 97, 98, 99, 155, 156, 182, 183, 184, 190, 191, 192, 193, 195, 196, 236, 262, 263, 266, 267, 270, 271, 272, 337, 338, 340, 342, 344, 345, 373, 374]	experiments/e149_final20_stoichiometry_v1/out_s4/ova_c4_iptm80_19l_c6/seed-2_sample-0/ova_c4_iptm80_19l_c6_seed-2_sample-0_summary_confidences.json	experiments/e149_final20_stoichiometry_v1/out_s4/ova_c4_iptm80_19l_c6/seed-2_sample-0/ova_c4_iptm80_19l_c6_seed-2_sample-0_model.cif
ova_c4_iptm80_19l_c6	seed-2_sample-1	6	0.37	0.47	88.23082903135627	nan	nan	0.39	0.0	6	6	1	0	250	250	0	0.49	0.41500000000000004	9.989999999999998	"{""A-B"": 30, ""A-C"": 0, ""A-D"": 53, ""A-E"": 0, ""A-F"": 0, ""B-C"": 0, ""B-D"": 0, ""B-E"": 53, ""B-F"": 0, ""C-D"": 0, ""C-E"": 30, ""C-F"": 53, ""D-E"": 0, ""D-F"": 31, ""E-F"": 0}"	[1, 6, 64, 65, 82, 83, 86, 87, 90, 94, 95, 96, 97, 98, 99, 155, 156, 182, 183, 184, 190, 191, 192, 193, 194, 195, 196, 210, 262, 263, 266, 267, 270, 271, 272, 337, 338, 340, 342, 344, 345, 373, 374]	experiments/e149_final20_stoichiometry_v1/out_s4/ova_c4_iptm80_19l_c6/seed-2_sample-1/ova_c4_iptm80_19l_c6_seed-2_sample-1_summary_confidences.json	experiments/e149_final20_stoichiometry_v1/out_s4/ova_c4_iptm80_19l_c6/seed-2_sample-1/ova_c4_iptm80_19l_c6_seed-2_sample-1_model.cif
ova_c4_iptm80_19l_c6	seed-2_sample-2	6	0.38	0.47	88.16834195784337	nan	nan	0.4	0.0	6	6	1	0	283	283	0	0.49	0.42	9.61	"{""A-B"": 31, ""A-C"": 0, ""A-D"": 63, ""A-E"": 0, ""A-F"": 0, ""B-C"": 0, ""B-D"": 0, ""B-E"": 66, ""B-F"": 0, ""C-D"": 0, ""C-E"": 28, ""C-F"": 64, ""D-E"": 0, ""D-F"": 31, ""E-F"": 0}"	[1, 6, 64, 65, 83, 86, 87, 90, 94, 95, 96, 97, 98, 99, 152, 155, 156, 182, 183, 184, 190, 191, 192, 193, 194, 195, 196, 208, 210, 262, 263, 266, 267, 270, 271, 272, 337, 338, 339, 340, 342, 344, 345, 373, 374]	experiments/e149_final20_stoichiometry_v1/out_s4/ova_c4_iptm80_19l_c6/seed-2_sample-2/ova_c4_iptm80_19l_c6_seed-2_sample-2_summary_confidences.json	experiments/e149_final20_stoichiometry_v1/out_s4/ova_c4_iptm80_19l_c6/seed-2_sample-2/ova_c4_iptm80_19l_c6_seed-2_sample-2_model.cif
ova_c4_iptm80_19l_c6	seed-2_sample-3	6	0.37	0.47	87.67735738704859	nan	nan	0.39	0.0	6	6	1	0	276	276	0	0.51	0.42500000000000004	9.559999999999999	"{""A-B"": 41, ""A-C"": 0, ""A-D"": 51, ""A-E"": 0, ""A-F"": 0, ""B-C"": 0, ""B-D"": 0, ""B-E"": 51, ""B-F"": 0, ""C-D"": 0, ""C-E"": 43, ""C-F"": 50, ""D-E"": 0, ""D-F"": 40, ""E-F"": 0}"	[1, 2, 3, 64, 65, 66, 82, 83, 86, 87, 90, 94, 95, 96, 97, 98, 99, 155, 156, 182, 183, 184, 190, 191, 192, 193, 195, 196, 262, 263, 266, 267, 268, 270, 271, 272, 273, 338, 340, 342, 344, 345, 373, 374]	experiments/e149_final20_stoichiometry_v1/out_s4/ova_c4_iptm80_19l_c6/seed-2_sample-3/ova_c4_iptm80_19l_c6_seed-2_sample-3_summary_confidences.json	experiments/e149_final20_stoichiometry_v1/out_s4/ova_c4_iptm80_19l_c6/seed-2_sample-3/ova_c4_iptm80_19l_c6_seed-2_sample-3_model.cif
ova_c4_iptm80_19l_c6	seed-2_sample-4	6	0.4	0.49	88.12155441916669	nan	nan	0.42	0.0	6	6	1	0	295	295	0	0.49	0.435	9.355	"{""A-B"": 29, ""A-C"": 0, ""A-D"": 71, ""A-E"": 0, ""A-F"": 0, ""B-C"": 0, ""B-D"": 0, ""B-E"": 70, ""B-F"": 0, ""C-D"": 0, ""C-E"": 28, ""C-F"": 70, ""D-E"": 0, ""D-F"": 27, ""E-F"": 0}"	[1, 6, 64, 65, 83, 86, 87, 90, 94, 95, 96, 97, 98, 99, 152, 155, 156, 182, 183, 184, 188, 190, 191, 192, 193, 194, 195, 196, 208, 210, 262, 263, 266, 267, 270, 271, 272, 336, 337, 338, 339, 340, 342, 344, 345, 373, 374]	experiments/e149_final20_stoichiometry_v1/out_s4/ova_c4_iptm80_19l_c6/seed-2_sample-4/ova_c4_iptm80_19l_c6_seed-2_sample-4_summary_confidences.json	experiments/e149_final20_stoichiometry_v1/out_s4/ova_c4_iptm80_19l_c6/seed-2_sample-4/ova_c4_iptm80_19l_c6_seed-2_sample-4_model.cif
ova_c4_iptm80_19l_c6	seed-3_sample-0	6	0.31	0.42	86.54663204034993	nan	nan	0.33	0.0	6	6	1	0	312	312	0	0.43	0.33499999999999996	13.215	"{""A-B"": 32, ""A-C"": 0, ""A-D"": 0, ""A-E"": 70, ""A-F"": 0, ""B-C"": 0, ""B-D"": 70, ""B-E"": 0, ""B-F"": 0, ""C-D"": 34, ""C-E"": 0, ""C-F"": 73, ""D-E"": 0, ""D-F"": 0, ""E-F"": 33}"	[1, 2, 3, 6, 10, 64, 65, 82, 83, 86, 90, 94, 95, 96, 97, 98, 99, 155, 156, 182, 183, 184, 188, 190, 191, 192, 193, 195, 196, 236, 262, 263, 266, 267, 270, 271, 272, 337, 338, 339, 340, 342, 344, 345, 346, 347, 348, 373, 374]	experiments/e149_final20_stoichiometry_v1/out_s4/ova_c4_iptm80_19l_c6/seed-3_sample-0/ova_c4_iptm80_19l_c6_seed-3_sample-0_summary_confidences.json	experiments/e149_final20_stoichiometry_v1/out_s4/ova_c4_iptm80_19l_c6/seed-3_sample-0/ova_c4_iptm80_19l_c6_seed-3_sample-0_model.cif
ova_c4_iptm80_19l_c6	seed-3_sample-1	6	0.3	0.41	87.13191713323248	nan	nan	0.32	0.0	6	6	1	0	273	273	0	0.42	0.325	13.635000000000002	"{""A-B"": 32, ""A-C"": 0, ""A-D"": 0, ""A-E"": 60, ""A-F"": 0, ""B-C"": 0, ""B-D"": 60, ""B-E"": 0, ""B-F"": 0, ""C-D"": 29, ""C-E"": 0, ""C-F"": 61, ""D-E"": 0, ""D-F"": 0, ""E-F"": 31}"	[1, 2, 3, 6, 64, 65, 79, 83, 86, 90, 94, 95, 96, 97, 98, 99, 155, 182, 183, 184, 190, 191, 192, 193, 196, 236, 262, 263, 266, 267, 270, 271, 272, 337, 338, 340, 342, 344, 345, 346, 347, 348, 373, 374]	experiments/e149_final20_stoichiometry_v1/out_s4/ova_c4_iptm80_19l_c6/seed-3_sample-1/ova_c4_iptm80_19l_c6_seed-3_sample-1_summary_confidences.json	experiments/e149_final20_stoichiometry_v1/out_s4/ova_c4_iptm80_19l_c6/seed-3_sample-1/ova_c4_iptm80_19l_c6_seed-3_sample-1_model.cif
ova_c4_iptm80_19l_c6	seed-3_sample-2	6	0.3	0.41	87.18559595216742	nan	nan	0.32	0.0	6	6	1	0	246	246	0	0.43	0.33	13.515	"{""A-B"": 34, ""A-C"": 0, ""A-D"": 0, ""A-E"": 45, ""A-F"": 0, ""B-C"": 0, ""B-D"": 51, ""B-E"": 0, ""B-F"": 0, ""C-D"": 32, ""C-E"": 0, ""C-F"": 51, ""D-E"": 0, ""D-F"": 0, ""E-F"": 33}"	[1, 2, 3, 6, 10, 64, 65, 79, 86, 87, 90, 94, 95, 96, 97, 98, 99, 155, 156, 182, 183, 184, 190, 191, 192, 193, 195, 196, 236, 262, 263, 266, 267, 270, 271, 272, 337, 338, 340, 342, 344, 345, 373, 374]	experiments/e149_final20_stoichiometry_v1/out_s4/ova_c4_iptm80_19l_c6/seed-3_sample-2/ova_c4_iptm80_19l_c6_seed-3_sample-2_summary_confidences.json	experiments/e149_final20_stoichiometry_v1/out_s4/ova_c4_iptm80_19l_c6/seed-3_sample-2/ova_c4_iptm80_19l_c6_seed-3_sample-2_model.cif
ova_c4_iptm80_19l_c6	seed-3_sample-3	6	0.3	0.41	86.9292743959575	nan	nan	0.32	0.0	6	6	1	0	210	210	0	0.41	0.32499999999999996	13.725000000000001	"{""A-B"": 22, ""A-C"": 0, ""A-D"": 0, ""A-E"": 49, ""A-F"": 0, ""B-C"": 0, ""B-D"": 51, ""B-E"": 0, ""B-F"": 0, ""C-D"": 16, ""C-E"": 0, ""C-F"": 51, ""D-E"": 0, ""D-F"": 0, ""E-F"": 21}"	[1, 3, 64, 65, 82, 86, 90, 94, 95, 96, 97, 98, 99, 155, 156, 182, 183, 184, 190, 191, 192, 193, 195, 196, 263, 266, 267, 270, 271, 272, 337, 338, 340, 342, 344, 345, 373, 374]	experiments/e149_final20_stoichiometry_v1/out_s4/ova_c4_iptm80_19l_c6/seed-3_sample-3/ova_c4_iptm80_19l_c6_seed-3_sample-3_summary_confidences.json	experiments/e149_final20_stoichiometry_v1/out_s4/ova_c4_iptm80_19l_c6/seed-3_sample-3/ova_c4_iptm80_19l_c6_seed-3_sample-3_model.cif
ova_c4_iptm80_19l_c6	seed-3_sample-4	6	0.3	0.41	86.64800528294064	nan	nan	0.32	0.0	6	6	1	0	252	252	0	0.4	0.32	13.925	"{""A-B"": 19, ""A-C"": 0, ""A-D"": 0, ""A-E"": 65, ""A-F"": 0, ""B-C"": 0, ""B-D"": 65, ""B-E"": 0, ""B-F"": 0, ""C-D"": 19, ""C-E"": 0, ""C-F"": 66, ""D-E"": 0, ""D-F"": 0, ""E-F"": 18}"	[1, 64, 79, 82, 86, 90, 94, 95, 96, 97, 98, 99, 155, 156, 182, 183, 184, 190, 191, 192, 193, 194, 195, 196, 263, 266, 267, 271, 272, 337, 338, 340, 342, 344, 345, 347, 348, 349, 373, 374]	experiments/e149_final20_stoichiometry_v1/out_s4/ova_c4_iptm80_19l_c6/seed-3_sample-4/ova_c4_iptm80_19l_c6_seed-3_sample-4_summary_confidences.json	experiments/e149_final20_stoichiometry_v1/out_s4/ova_c4_iptm80_19l_c6/seed-3_sample-4/ova_c4_iptm80_19l_c6_seed-3_sample-4_model.cif
ova_c4_iptm80_21m_c1	seed-1_sample-0	1	0.0	0.92	91.18331615665416	nan	nan	0.92	0.0	0	1	0	0	0	0	0	0.0	nan	nan	{}	[]	experiments/e149_final20_stoichiometry_v1/out_s3/ova_c4_iptm80_21m_c1/seed-1_sample-0/ova_c4_iptm80_21m_c1_seed-1_sample-0_summary_confidences.json	experiments/e149_final20_stoichiometry_v1/out_s3/ova_c4_iptm80_21m_c1/seed-1_sample-0/ova_c4_iptm80_21m_c1_seed-1_sample-0_model.cif
ova_c4_iptm80_21m_c1	seed-1_sample-1	1	0.0	0.91	90.60178773514347	nan	nan	0.91	0.0	0	1	0	0	0	0	0	0.0	nan	nan	{}	[]	experiments/e149_final20_stoichiometry_v1/out_s3/ova_c4_iptm80_21m_c1/seed-1_sample-1/ova_c4_iptm80_21m_c1_seed-1_sample-1_summary_confidences.json	experiments/e149_final20_stoichiometry_v1/out_s3/ova_c4_iptm80_21m_c1/seed-1_sample-1/ova_c4_iptm80_21m_c1_seed-1_sample-1_model.cif
ova_c4_iptm80_21m_c1	seed-1_sample-2	1	0.0	0.92	91.00626928695125	nan	nan	0.92	0.0	0	1	0	0	0	0	0	0.0	nan	nan	{}	[]	experiments/e149_final20_stoichiometry_v1/out_s3/ova_c4_iptm80_21m_c1/seed-1_sample-2/ova_c4_iptm80_21m_c1_seed-1_sample-2_summary_confidences.json	experiments/e149_final20_stoichiometry_v1/out_s3/ova_c4_iptm80_21m_c1/seed-1_sample-2/ova_c4_iptm80_21m_c1_seed-1_sample-2_model.cif
ova_c4_iptm80_21m_c1	seed-1_sample-3	1	0.0	0.92	91.3706217454505	nan	nan	0.92	0.0	0	1	0	0	0	0	0	0.0	nan	nan	{}	[]	experiments/e149_final20_stoichiometry_v1/out_s3/ova_c4_iptm80_21m_c1/seed-1_sample-3/ova_c4_iptm80_21m_c1_seed-1_sample-3_summary_confidences.json	experiments/e149_final20_stoichiometry_v1/out_s3/ova_c4_iptm80_21m_c1/seed-1_sample-3/ova_c4_iptm80_21m_c1_seed-1_sample-3_model.cif
ova_c4_iptm80_21m_c1	seed-1_sample-4	1	0.0	0.92	91.16264245423628	nan	nan	0.92	0.0	0	1	0	0	0	0	0	0.0	nan	nan	{}	[]	experiments/e149_final20_stoichiometry_v1/out_s3/ova_c4_iptm80_21m_c1/seed-1_sample-4/ova_c4_iptm80_21m_c1_seed-1_sample-4_summary_confidences.json	experiments/e149_final20_stoichiometry_v1/out_s3/ova_c4_iptm80_21m_c1/seed-1_sample-4/ova_c4_iptm80_21m_c1_seed-1_sample-4_model.cif
ova_c4_iptm80_21m_c1	seed-2_sample-0	1	0.0	0.92	90.94891178546175	nan	nan	0.92	0.0	0	1	0	0	0	0	0	0.0	nan	nan	{}	[]	experiments/e149_final20_stoichiometry_v1/out_s3/ova_c4_iptm80_21m_c1/seed-2_sample-0/ova_c4_iptm80_21m_c1_seed-2_sample-0_summary_confidences.json	experiments/e149_final20_stoichiometry_v1/out_s3/ova_c4_iptm80_21m_c1/seed-2_sample-0/ova_c4_iptm80_21m_c1_seed-2_sample-0_model.cif
ova_c4_iptm80_21m_c1	seed-2_sample-1	1	0.0	0.92	91.23124343990662	nan	nan	0.92	0.0	0	1	0	0	0	0	0	0.0	nan	nan	{}	[]	experiments/e149_final20_stoichiometry_v1/out_s3/ova_c4_iptm80_21m_c1/seed-2_sample-1/ova_c4_iptm80_21m_c1_seed-2_sample-1_summary_confidences.json	experiments/e149_final20_stoichiometry_v1/out_s3/ova_c4_iptm80_21m_c1/seed-2_sample-1/ova_c4_iptm80_21m_c1_seed-2_sample-1_model.cif
ova_c4_iptm80_21m_c1	seed-2_sample-2	1	0.0	0.92	90.95891198469567	nan	nan	0.92	0.0	0	1	0	0	0	0	0	0.0	nan	nan	{}	[]	experiments/e149_final20_stoichiometry_v1/out_s3/ova_c4_iptm80_21m_c1/seed-2_sample-2/ova_c4_iptm80_21m_c1_seed-2_sample-2_summary_confidences.json	experiments/e149_final20_stoichiometry_v1/out_s3/ova_c4_iptm80_21m_c1/seed-2_sample-2/ova_c4_iptm80_21m_c1_seed-2_sample-2_model.cif
ova_c4_iptm80_21m_c1	seed-2_sample-3	1	0.0	0.92	91.16409325476137	nan	nan	0.92	0.0	0	1	0	0	0	0	0	0.0	nan	nan	{}	[]	experiments/e149_final20_stoichiometry_v1/out_s3/ova_c4_iptm80_21m_c1/seed-2_sample-3/ova_c4_iptm80_21m_c1_seed-2_sample-3_summary_confidences.json	experiments/e149_final20_stoichiometry_v1/out_s3/ova_c4_iptm80_21m_c1/seed-2_sample-3/ova_c4_iptm80_21m_c1_seed-2_sample-3_model.cif
ova_c4_iptm80_21m_c1	seed-2_sample-4	1	0.0	0.92	91.01155434247744	nan	nan	0.92	0.0	0	1	0	0	0	0	0	0.0	nan	nan	{}	[]	experiments/e149_final20_stoichiometry_v1/out_s3/ova_c4_iptm80_21m_c1/seed-2_sample-4/ova_c4_iptm80_21m_c1_seed-2_sample-4_summary_confidences.json	experiments/e149_final20_stoichiometry_v1/out_s3/ova_c4_iptm80_21m_c1/seed-2_sample-4/ova_c4_iptm80_21m_c1_seed-2_sample-4_model.cif
ova_c4_iptm80_21m_c1	seed-3_sample-0	1	0.0	0.92	91.04678751891142	nan	nan	0.92	0.0	0	1	0	0	0	0	0	0.0	nan	nan	{}	[]	experiments/e149_final20_stoichiometry_v1/out_s3/ova_c4_iptm80_21m_c1/seed-3_sample-0/ova_c4_iptm80_21m_c1_seed-3_sample-0_summary_confidences.json	experiments/e149_final20_stoichiometry_v1/out_s3/ova_c4_iptm80_21m_c1/seed-3_sample-0/ova_c4_iptm80_21m_c1_seed-3_sample-0_model.cif
ova_c4_iptm80_21m_c1	seed-3_sample-1	1	0.0	0.92	91.14652852073235	nan	nan	0.92	0.0	0	1	0	0	0	0	0	0.0	nan	nan	{}	[]	experiments/e149_final20_stoichiometry_v1/out_s3/ova_c4_iptm80_21m_c1/seed-3_sample-1/ova_c4_iptm80_21m_c1_seed-3_sample-1_summary_confidences.json	experiments/e149_final20_stoichiometry_v1/out_s3/ova_c4_iptm80_21m_c1/seed-3_sample-1/ova_c4_iptm80_21m_c1_seed-3_sample-1_model.cif
ova_c4_iptm80_21m_c1	seed-3_sample-2	1	0.0	0.92	91.22642495348046	nan	nan	0.92	0.0	0	1	0	0	0	0	0	0.0	nan	nan	{}	[]	experiments/e149_final20_stoichiometry_v1/out_s3/ova_c4_iptm80_21m_c1/seed-3_sample-2/ova_c4_iptm80_21m_c1_seed-3_sample-2_summary_confidences.json	experiments/e149_final20_stoichiometry_v1/out_s3/ova_c4_iptm80_21m_c1/seed-3_sample-2/ova_c4_iptm80_21m_c1_seed-3_sample-2_model.cif
ova_c4_iptm80_21m_c1	seed-3_sample-3	1	0.0	0.92	90.86989634024664	nan	nan	0.92	0.0	0	1	0	0	0	0	0	0.0	nan	nan	{}	[]	experiments/e149_final20_stoichiometry_v1/out_s3/ova_c4_iptm80_21m_c1/seed-3_sample-3/ova_c4_iptm80_21m_c1_seed-3_sample-3_summary_confidences.json	experiments/e149_final20_stoichiometry_v1/out_s3/ova_c4_iptm80_21m_c1/seed-3_sample-3/ova_c4_iptm80_21m_c1_seed-3_sample-3_model.cif
ova_c4_iptm80_21m_c1	seed-3_sample-4	1	0.0	0.92	91.02044036351337	nan	nan	0.92	0.0	0	1	0	0	0	0	0	0.0	nan	nan	{}	[]	experiments/e149_final20_stoichiometry_v1/out_s3/ova_c4_iptm80_21m_c1/seed-3_sample-4/ova_c4_iptm80_21m_c1_seed-3_sample-4_summary_confidences.json	experiments/e149_final20_stoichiometry_v1/out_s3/ova_c4_iptm80_21m_c1/seed-3_sample-4/ova_c4_iptm80_21m_c1_seed-3_sample-4_model.cif
ova_c4_iptm80_21m_c2	seed-1_sample-0	2	0.24	0.58	87.66748691222828	nan	nan	0.3	0.0	1	2	1	0	59	59	0	0.24	0.24	19.46	"{""A-B"": 59}"	[94, 95, 96, 97, 98, 99, 148, 151, 152, 153, 154, 155, 156, 157, 182, 183, 184, 191, 192, 194, 195, 196, 207, 208, 209, 210, 337, 338]	experiments/e149_final20_stoichiometry_v1/out_s3/ova_c4_iptm80_21m_c2/seed-1_sample-0/ova_c4_iptm80_21m_c2_seed-1_sample-0_summary_confidences.json	experiments/e149_final20_stoichiometry_v1/out_s3/ova_c4_iptm80_21m_c2/seed-1_sample-0/ova_c4_iptm80_21m_c2_seed-1_sample-0_model.cif
ova_c4_iptm80_21m_c2	seed-1_sample-1	2	0.24	0.58	88.16448174115908	nan	nan	0.31	0.0	1	2	1	0	80	80	0	0.24	0.24	19.53	"{""A-B"": 80}"	[94, 95, 96, 97, 98, 99, 101, 151, 152, 153, 154, 155, 156, 157, 182, 183, 184, 190, 191, 192, 193, 194, 195, 196, 207, 208, 209, 210, 336, 337, 338, 340, 342, 345]	experiments/e149_final20_stoichiometry_v1/out_s3/ova_c4_iptm80_21m_c2/seed-1_sample-1/ova_c4_iptm80_21m_c2_seed-1_sample-1_summary_confidences.json	experiments/e149_final20_stoichiometry_v1/out_s3/ova_c4_iptm80_21m_c2/seed-1_sample-1/ova_c4_iptm80_21m_c2_seed-1_sample-1_model.cif
ova_c4_iptm80_21m_c2	seed-1_sample-2	2	0.24	0.58	87.94380833324374	nan	nan	0.31	0.0	1	2	1	0	82	82	0	0.24	0.24	20.69	"{""A-B"": 82}"	[92, 94, 95, 96, 99, 141, 144, 145, 147, 148, 149, 151, 152, 153, 155, 156, 182, 183, 184, 188, 189, 190, 191, 192, 334, 336, 337, 338, 339, 340, 342]	experiments/e149_final20_stoichiometry_v1/out_s3/ova_c4_iptm80_21m_c2/seed-1_sample-2/ova_c4_iptm80_21m_c2_seed-1_sample-2_summary_confidences.json	experiments/e149_final20_stoichiometry_v1/out_s3/ova_c4_iptm80_21m_c2/seed-1_sample-2/ova_c4_iptm80_21m_c2_seed-1_sample-2_model.cif
ova_c4_iptm80_21m_c2	seed-1_sample-3	2	0.22	0.57	87.96562180000265	nan	nan	0.29	0.0	1	2	1	0	88	88	0	0.22	0.22	20.98	"{""A-B"": 88}"	[92, 93, 94, 95, 96, 99, 141, 144, 145, 147, 148, 149, 151, 152, 154, 155, 156, 159, 160, 182, 183, 184, 185, 188, 190, 191, 192, 336, 337, 338, 339, 340, 342, 344, 345]	experiments/e149_final20_stoichiometry_v1/out_s3/ova_c4_iptm80_21m_c2/seed-1_sample-3/ova_c4_iptm80_21m_c2_seed-1_sample-3_summary_confidences.json	experiments/e149_final20_stoichiometry_v1/out_s3/ova_c4_iptm80_21m_c2/seed-1_sample-3/ova_c4_iptm80_21m_c2_seed-1_sample-3_model.cif
ova_c4_iptm80_21m_c2	seed-1_sample-4	2	0.26	0.59	88.16712437763115	nan	nan	0.32	0.0	1	2	1	0	91	91	0	0.26	0.26	19.52	"{""A-B"": 91}"	[92, 94, 95, 96, 99, 141, 144, 145, 147, 148, 149, 151, 152, 153, 154, 155, 156, 159, 160, 182, 183, 184, 185, 188, 189, 190, 191, 192, 193, 334, 336, 337, 338, 339, 340, 342, 344, 345]	experiments/e149_final20_stoichiometry_v1/out_s3/ova_c4_iptm80_21m_c2/seed-1_sample-4/ova_c4_iptm80_21m_c2_seed-1_sample-4_summary_confidences.json	experiments/e149_final20_stoichiometry_v1/out_s3/ova_c4_iptm80_21m_c2/seed-1_sample-4/ova_c4_iptm80_21m_c2_seed-1_sample-4_model.cif
ova_c4_iptm80_21m_c2	seed-2_sample-0	2	0.23	0.58	88.08847144724791	nan	nan	0.3	0.0	1	2	1	0	91	91	0	0.23	0.23	20.82	"{""A-B"": 91}"	[92, 93, 94, 95, 96, 99, 101, 141, 144, 145, 147, 148, 149, 151, 152, 154, 155, 156, 159, 160, 182, 183, 184, 185, 188, 190, 191, 192, 236, 336, 337, 338, 339, 340, 342, 344, 345]	experiments/e149_final20_stoichiometry_v1/out_s3/ova_c4_iptm80_21m_c2/seed-2_sample-0/ova_c4_iptm80_21m_c2_seed-2_sample-0_summary_confidences.json	experiments/e149_final20_stoichiometry_v1/out_s3/ova_c4_iptm80_21m_c2/seed-2_sample-0/ova_c4_iptm80_21m_c2_seed-2_sample-0_model.cif
ova_c4_iptm80_21m_c2	seed-2_sample-1	2	0.22	0.57	87.95831612107668	nan	nan	0.29	0.0	1	2	1	0	76	76	0	0.22	0.22	21.12	"{""A-B"": 76}"	[93, 94, 95, 96, 99, 141, 144, 145, 147, 148, 149, 151, 152, 155, 156, 159, 182, 183, 184, 188, 190, 191, 192, 334, 336, 337, 338, 339, 340, 342, 344, 345]	experiments/e149_final20_stoichiometry_v1/out_s3/ova_c4_iptm80_21m_c2/seed-2_sample-1/ova_c4_iptm80_21m_c2_seed-2_sample-1_summary_confidences.json	experiments/e149_final20_stoichiometry_v1/out_s3/ova_c4_iptm80_21m_c2/seed-2_sample-1/ova_c4_iptm80_21m_c2_seed-2_sample-1_model.cif
ova_c4_iptm80_21m_c2	seed-2_sample-2	2	0.21	0.57	87.97303098965185	nan	nan	0.28	0.0	1	2	1	0	60	60	0	0.21	0.21	20.74	"{""A-B"": 60}"	[94, 95, 96, 97, 98, 99, 148, 151, 152, 153, 154, 155, 156, 157, 182, 183, 184, 190, 191, 192, 194, 195, 196, 207, 208, 209, 210, 337, 338, 345]	experiments/e149_final20_stoichiometry_v1/out_s3/ova_c4_iptm80_21m_c2/seed-2_sample-2/ova_c4_iptm80_21m_c2_seed-2_sample-2_summary_confidences.json	experiments/e149_final20_stoichiometry_v1/out_s3/ova_c4_iptm80_21m_c2/seed-2_sample-2/ova_c4_iptm80_21m_c2_seed-2_sample-2_model.cif
ova_c4_iptm80_21m_c2	seed-2_sample-3	2	0.14	0.53	87.5397669243689	nan	nan	0.21	0.0	1	2	1	0	58	58	0	0.14	0.14	20.92	"{""A-B"": 58}"	[94, 96, 97, 99, 101, 152, 153, 155, 156, 157, 182, 184, 188, 190, 191, 192, 236, 334, 336, 337, 338, 339, 340, 341, 342, 343, 344, 345, 347]	experiments/e149_final20_stoichiometry_v1/out_s3/ova_c4_iptm80_21m_c2/seed-2_sample-3/ova_c4_iptm80_21m_c2_seed-2_sample-3_summary_confidences.json	experiments/e149_final20_stoichiometry_v1/out_s3/ova_c4_iptm80_21m_c2/seed-2_sample-3/ova_c4_iptm80_21m_c2_seed-2_sample-3_model.cif
ova_c4_iptm80_21m_c2	seed-2_sample-4	2	0.19	0.55	87.86360108172956	nan	nan	0.26	0.0	1	2	1	0	51	51	0	0.19	0.19	21.55	"{""A-B"": 51}"	[94, 95, 96, 97, 98, 99, 148, 151, 152, 153, 154, 155, 156, 157, 184, 190, 191, 192, 194, 195, 196, 208, 209, 210, 338]	experiments/e149_final20_stoichiometry_v1/out_s3/ova_c4_iptm80_21m_c2/seed-2_sample-4/ova_c4_iptm80_21m_c2_seed-2_sample-4_summary_confidences.json	experiments/e149_final20_stoichiometry_v1/out_s3/ova_c4_iptm80_21m_c2/seed-2_sample-4/ova_c4_iptm80_21m_c2_seed-2_sample-4_model.cif
ova_c4_iptm80_21m_c2	seed-3_sample-0	2	0.21	0.56	87.3808549080488	nan	nan	0.28	0.0	1	2	1	0	92	92	0	0.21	0.21	21.45	"{""A-B"": 92}"	[94, 95, 96, 99, 101, 138, 141, 144, 145, 147, 148, 149, 151, 152, 154, 155, 156, 159, 160, 182, 183, 184, 185, 188, 190, 191, 192, 236, 336, 337, 338, 339, 340, 342, 344, 345, 347]	experiments/e149_final20_stoichiometry_v1/out_s3/ova_c4_iptm80_21m_c2/seed-3_sample-0/ova_c4_iptm80_21m_c2_seed-3_sample-0_summary_confidences.json	experiments/e149_final20_stoichiometry_v1/out_s3/ova_c4_iptm80_21m_c2/seed-3_sample-0/ova_c4_iptm80_21m_c2_seed-3_sample-0_model.cif
ova_c4_iptm80_21m_c2	seed-3_sample-1	2	0.17	0.54	87.12440407708519	nan	nan	0.24	0.0	1	2	1	0	38	38	0	0.17	0.17	22.25	"{""A-B"": 38}"	[86, 87, 90, 95, 97, 217, 219, 236, 237, 238, 239, 270, 271, 272, 276, 340, 341, 343, 371, 372, 373, 374]	experiments/e149_final20_stoichiometry_v1/out_s3/ova_c4_iptm80_21m_c2/seed-3_sample-1/ova_c4_iptm80_21m_c2_seed-3_sample-1_summary_confidences.json	experiments/e149_final20_stoichiometry_v1/out_s3/ova_c4_iptm80_21m_c2/seed-3_sample-1/ova_c4_iptm80_21m_c2_seed-3_sample-1_model.cif
ova_c4_iptm80_21m_c2	seed-3_sample-2	2	0.17	0.55	87.40880823876573	nan	nan	0.25	0.0	1	2	1	0	58	58	0	0.17	0.17	22.42	"{""A-B"": 58}"	[94, 95, 96, 97, 98, 99, 148, 151, 152, 153, 154, 155, 156, 157, 184, 190, 191, 192, 194, 195, 196, 207, 208, 209, 210, 338]	experiments/e149_final20_stoichiometry_v1/out_s3/ova_c4_iptm80_21m_c2/seed-3_sample-2/ova_c4_iptm80_21m_c2_seed-3_sample-2_summary_confidences.json	experiments/e149_final20_stoichiometry_v1/out_s3/ova_c4_iptm80_21m_c2/seed-3_sample-2/ova_c4_iptm80_21m_c2_seed-3_sample-2_model.cif
ova_c4_iptm80_21m_c2	seed-3_sample-3	2	0.11	0.52	86.78831608431327	nan	nan	0.19	0.0	1	2	1	0	18	18	0	0.11	0.11	20.37	"{""A-B"": 18}"	[190, 191, 192, 193, 215, 216, 341, 343, 344, 346, 350]	experiments/e149_final20_stoichiometry_v1/out_s3/ova_c4_iptm80_21m_c2/seed-3_sample-3/ova_c4_iptm80_21m_c2_seed-3_sample-3_summary_confidences.json	experiments/e149_final20_stoichiometry_v1/out_s3/ova_c4_iptm80_21m_c2/seed-3_sample-3/ova_c4_iptm80_21m_c2_seed-3_sample-3_model.cif
ova_c4_iptm80_21m_c2	seed-3_sample-4	2	0.18	0.55	87.54458568750886	nan	nan	0.25	0.0	1	2	1	0	56	56	0	0.18	0.18	21.73	"{""A-B"": 56}"	[94, 95, 96, 97, 98, 99, 151, 152, 154, 155, 156, 157, 182, 183, 184, 190, 191, 192, 194, 195, 196, 208, 210, 337, 338, 345]	experiments/e149_final20_stoichiometry_v1/out_s3/ova_c4_iptm80_21m_c2/seed-3_sample-4/ova_c4_iptm80_21m_c2_seed-3_sample-4_summary_confidences.json	experiments/e149_final20_stoichiometry_v1/out_s3/ova_c4_iptm80_21m_c2/seed-3_sample-4/ova_c4_iptm80_21m_c2_seed-3_sample-4_model.cif
ova_c4_iptm80_21m_c3	seed-1_sample-0	3	0.15	0.41	85.69435227349632	nan	nan	0.2	0.0	3	3	1	0	120	120	0	0.12	0.12	25.44	"{""A-B"": 44, ""A-C"": 42, ""B-C"": 34}"	[94, 95, 96, 110, 114, 116, 117, 119, 120, 124, 127, 131, 132, 133, 134, 137, 138, 141, 145, 148, 149, 152, 153, 217, 238, 270, 271, 272, 276, 277, 278, 340, 341, 342, 343, 344, 350, 351, 353, 354, 373]	experiments/e149_final20_stoichiometry_v1/out_s5/ova_c4_iptm80_21m_c3/seed-1_sample-0/ova_c4_iptm80_21m_c3_seed-1_sample-0_summary_confidences.json	experiments/e149_final20_stoichiometry_v1/out_s5/ova_c4_iptm80_21m_c3/seed-1_sample-0/ova_c4_iptm80_21m_c3_seed-1_sample-0_model.cif
ova_c4_iptm80_21m_c3	seed-1_sample-1	3	0.18	0.43	85.6804404135195	nan	nan	0.23	0.0	3	3	1	0	116	116	0	0.13	0.13	21.49	"{""A-B"": 38, ""A-C"": 24, ""B-C"": 54}"	[94, 95, 96, 97, 98, 99, 152, 155, 156, 182, 183, 184, 186, 187, 188, 190, 191, 192, 193, 194, 195, 196, 208, 210, 216, 217, 234, 236, 237, 238, 276, 277, 278, 338, 339, 340, 341, 342, 343, 344, 345, 346, 347, 348, 349, 350, 351, 353, 354, 356]	experiments/e149_final20_stoichiometry_v1/out_s5/ova_c4_iptm80_21m_c3/seed-1_sample-1/ova_c4_iptm80_21m_c3_seed-1_sample-1_summary_confidences.json	experiments/e149_final20_stoichiometry_v1/out_s5/ova_c4_iptm80_21m_c3/seed-1_sample-1/ova_c4_iptm80_21m_c3_seed-1_sample-1_model.cif
ova_c4_iptm80_21m_c3	seed-1_sample-2	3	0.15	0.41	85.48531112275593	nan	nan	0.2	0.0	3	3	1	0	135	135	0	0.12	0.12	25.92	"{""A-B"": 44, ""A-C"": 45, ""B-C"": 46}"	[94, 95, 96, 110, 116, 119, 120, 123, 124, 127, 128, 131, 132, 133, 134, 137, 138, 141, 144, 145, 148, 149, 152, 153, 216, 217, 238, 239, 270, 271, 272, 275, 276, 277, 278, 340, 341, 342, 343, 344, 346, 350, 351, 353, 354, 372, 373]	experiments/e149_final20_stoichiometry_v1/out_s5/ova_c4_iptm80_21m_c3/seed-1_sample-2/ova_c4_iptm80_21m_c3_seed-1_sample-2_summary_confidences.json	experiments/e149_final20_stoichiometry_v1/out_s5/ova_c4_iptm80_21m_c3/seed-1_sample-2/ova_c4_iptm80_21m_c3_seed-1_sample-2_model.cif
ova_c4_iptm80_21m_c3	seed-1_sample-3	3	0.23	0.46	86.09927460072572	nan	nan	0.27	0.0	3	3	1	0	107	107	0	0.19	0.19	20.15	"{""A-B"": 35, ""A-C"": 36, ""B-C"": 36}"	[94, 95, 96, 97, 98, 99, 101, 149, 152, 153, 154, 155, 182, 183, 184, 190, 191, 192, 193, 194, 195, 196, 208, 210, 213, 342, 344, 345]	experiments/e149_final20_stoichiometry_v1/out_s5/ova_c4_iptm80_21m_c3/seed-1_sample-3/ova_c4_iptm80_21m_c3_seed-1_sample-3_summary_confidences.json	experiments/e149_final20_stoichiometry_v1/out_s5/ova_c4_iptm80_21m_c3/seed-1_sample-3/ova_c4_iptm80_21m_c3_seed-1_sample-3_model.cif
ova_c4_iptm80_21m_c3	seed-1_sample-4	3	0.24	0.47	86.42733163784204	nan	nan	0.28	0.0	3	3	1	0	104	104	0	0.2	0.2	19.48	"{""A-B"": 36, ""A-C"": 34, ""B-C"": 34}"	[94, 95, 96, 97, 98, 99, 101, 149, 152, 153, 154, 155, 182, 183, 184, 190, 191, 192, 193, 194, 195, 196, 208, 210, 213, 342, 343, 344, 345, 346]	experiments/e149_final20_stoichiometry_v1/out_s5/ova_c4_iptm80_21m_c3/seed-1_sample-4/ova_c4_iptm80_21m_c3_seed-1_sample-4_summary_confidences.json	experiments/e149_final20_stoichiometry_v1/out_s5/ova_c4_iptm80_21m_c3/seed-1_sample-4/ova_c4_iptm80_21m_c3_seed-1_sample-4_model.cif
ova_c4_iptm80_21m_c3	seed-2_sample-0	3	0.15	0.41	86.08984452084556	nan	nan	0.21	0.0	3	3	1	0	127	127	0	0.12	0.12	25.55	"{""A-B"": 44, ""A-C"": 39, ""B-C"": 44}"	[94, 95, 96, 110, 113, 114, 116, 119, 123, 124, 127, 131, 132, 133, 134, 137, 138, 140, 141, 142, 144, 145, 148, 149, 151, 152, 153, 186, 216, 217, 238, 271, 272, 275, 276, 277, 278, 340, 341, 342, 343, 344, 346, 348, 350, 354, 372, 373]	experiments/e149_final20_stoichiometry_v1/out_s5/ova_c4_iptm80_21m_c3/seed-2_sample-0/ova_c4_iptm80_21m_c3_seed-2_sample-0_summary_confidences.json	experiments/e149_final20_stoichiometry_v1/out_s5/ova_c4_iptm80_21m_c3/seed-2_sample-0/ova_c4_iptm80_21m_c3_seed-2_sample-0_model.cif
ova_c4_iptm80_21m_c3	seed-2_sample-1	3	0.17	0.43	85.46186531145956	nan	nan	0.23	0.0	2	3	1	0	168	168	0	0.11	0.145	24.11	"{""A-B"": 90, ""A-C"": 2, ""B-C"": 76}"	[1, 2, 3, 4, 64, 65, 70, 73, 75, 76, 77, 79, 82, 83, 86, 90, 92, 93, 94, 95, 96, 99, 101, 124, 141, 144, 145, 147, 148, 149, 151, 152, 153, 154, 155, 156, 182, 183, 184, 185, 186, 188, 190, 191, 192, 217, 234, 237, 238, 239, 241, 266, 271, 275, 276, 277, 278, 336, 337, 338, 339, 340, 341, 342, 343, 344, 345, 346, 348, 349, 372, 373, 375]	experiments/e149_final20_stoichiometry_v1/out_s5/ova_c4_iptm80_21m_c3/seed-2_sample-1/ova_c4_iptm80_21m_c3_seed-2_sample-1_summary_confidences.json	experiments/e149_final20_stoichiometry_v1/out_s5/ova_c4_iptm80_21m_c3/seed-2_sample-1/ova_c4_iptm80_21m_c3_seed-2_sample-1_model.cif
ova_c4_iptm80_21m_c3	seed-2_sample-2	3	0.15	0.41	85.63147672346837	nan	nan	0.2	0.0	3	3	1	0	110	110	0	0.12	0.12	25.83	"{""A-B"": 38, ""A-C"": 36, ""B-C"": 36}"	[73, 94, 95, 96, 110, 116, 119, 124, 131, 132, 133, 134, 137, 138, 141, 144, 145, 148, 149, 152, 153, 216, 217, 271, 272, 275, 276, 277, 278, 340, 341, 342, 343, 344, 346, 348, 350, 351, 354, 373]	experiments/e149_final20_stoichiometry_v1/out_s5/ova_c4_iptm80_21m_c3/seed-2_sample-2/ova_c4_iptm80_21m_c3_seed-2_sample-2_summary_confidences.json	experiments/e149_final20_stoichiometry_v1/out_s5/ova_c4_iptm80_21m_c3/seed-2_sample-2/ova_c4_iptm80_21m_c3_seed-2_sample-2_model.cif
ova_c4_iptm80_21m_c3	seed-2_sample-3	3	0.17	0.43	85.79272026101542	nan	nan	0.22	0.0	3	3	1	0	78	78	0	0.13	0.13	22.19	"{""A-B"": 21, ""A-C"": 34, ""B-C"": 23}"	[94, 95, 96, 97, 98, 99, 151, 152, 155, 156, 157, 182, 184, 186, 187, 190, 191, 192, 193, 194, 195, 196, 217, 234, 236, 237, 238, 239, 276, 278, 338, 340, 341, 342, 343, 344, 345, 347, 348, 349, 350, 351, 353, 354]	experiments/e149_final20_stoichiometry_v1/out_s5/ova_c4_iptm80_21m_c3/seed-2_sample-3/ova_c4_iptm80_21m_c3_seed-2_sample-3_summary_confidences.json	experiments/e149_final20_stoichiometry_v1/out_s5/ova_c4_iptm80_21m_c3/seed-2_sample-3/ova_c4_iptm80_21m_c3_seed-2_sample-3_model.cif
ova_c4_iptm80_21m_c3	seed-2_sample-4	3	0.15	0.41	85.47655445553478	nan	nan	0.2	0.0	3	3	1	0	155	155	0	0.12	0.12	26.03	"{""A-B"": 52, ""A-C"": 52, ""B-C"": 51}"	[76, 77, 80, 81, 86, 94, 95, 96, 110, 113, 114, 119, 120, 123, 124, 132, 133, 134, 137, 138, 141, 142, 144, 145, 148, 149, 151, 152, 186, 187, 216, 217, 219, 236, 239, 271, 272, 275, 276, 277, 278, 340, 341, 342, 343, 354, 372, 373, 374]	experiments/e149_final20_stoichiometry_v1/out_s5/ova_c4_iptm80_21m_c3/seed-2_sample-4/ova_c4_iptm80_21m_c3_seed-2_sample-4_summary_confidences.json	experiments/e149_final20_stoichiometry_v1/out_s5/ova_c4_iptm80_21m_c3/seed-2_sample-4/ova_c4_iptm80_21m_c3_seed-2_sample-4_model.cif
ova_c4_iptm80_21m_c3	seed-3_sample-0	3	0.15	0.41	85.42080319854261	nan	nan	0.2	0.0	3	3	1	0	197	197	0	0.12	0.12	26.05	"{""A-B"": 70, ""A-C"": 59, ""B-C"": 68}"	[3, 64, 72, 73, 74, 75, 83, 86, 87, 90, 94, 95, 96, 110, 113, 114, 116, 119, 120, 121, 123, 124, 127, 128, 131, 132, 133, 134, 138, 140, 141, 142, 144, 145, 148, 149, 152, 153, 186, 216, 217, 219, 236, 238, 239, 270, 271, 272, 275, 276, 277, 278, 340, 341, 342, 343, 344, 345, 346, 349, 350, 354, 372, 373, 374, 375]	experiments/e149_final20_stoichiometry_v1/out_s5/ova_c4_iptm80_21m_c3/seed-3_sample-0/ova_c4_iptm80_21m_c3_seed-3_sample-0_summary_confidences.json	experiments/e149_final20_stoichiometry_v1/out_s5/ova_c4_iptm80_21m_c3/seed-3_sample-0/ova_c4_iptm80_21m_c3_seed-3_sample-0_model.cif
ova_c4_iptm80_21m_c3	seed-3_sample-1	3	0.17	0.42	86.13559584049364	nan	nan	0.22	0.0	3	3	1	0	73	73	0	0.13	0.13	22.12	"{""A-B"": 25, ""A-C"": 26, ""B-C"": 22}"	[96, 97, 99, 152, 155, 156, 157, 182, 184, 188, 192, 193, 195, 196, 197, 198, 206, 207, 208, 213, 337, 338, 339, 340, 345]	experiments/e149_final20_stoichiometry_v1/out_s5/ova_c4_iptm80_21m_c3/seed-3_sample-1/ova_c4_iptm80_21m_c3_seed-3_sample-1_summary_confidences.json	experiments/e149_final20_stoichiometry_v1/out_s5/ova_c4_iptm80_21m_c3/seed-3_sample-1/ova_c4_iptm80_21m_c3_seed-3_sample-1_model.cif
ova_c4_iptm80_21m_c3	seed-3_sample-2	3	0.14	0.41	85.37455952105745	nan	nan	0.19	0.0	3	3	1	0	139	139	0	0.11	0.11	25.44	"{""A-B"": 45, ""A-C"": 47, ""B-C"": 47}"	[3, 78, 79, 81, 90, 91, 93, 94, 95, 96, 97, 151, 152, 155, 156, 157, 159, 184, 188, 190, 191, 236, 237, 238, 239, 271, 272, 274, 275, 338, 339, 340, 341, 342, 343, 344, 345, 347, 372, 373, 374]	experiments/e149_final20_stoichiometry_v1/out_s5/ova_c4_iptm80_21m_c3/seed-3_sample-2/ova_c4_iptm80_21m_c3_seed-3_sample-2_summary_confidences.json	experiments/e149_final20_stoichiometry_v1/out_s5/ova_c4_iptm80_21m_c3/seed-3_sample-2/ova_c4_iptm80_21m_c3_seed-3_sample-2_model.cif
ova_c4_iptm80_21m_c3	seed-3_sample-3	3	0.19	0.44	86.09121777233065	nan	nan	0.24	0.0	3	3	1	0	101	101	0	0.15	0.15	21.47	"{""A-B"": 23, ""A-C"": 42, ""B-C"": 36}"	[82, 83, 86, 90, 93, 94, 95, 96, 97, 99, 182, 183, 184, 186, 188, 191, 192, 216, 217, 234, 236, 237, 238, 239, 271, 272, 275, 276, 278, 334, 336, 337, 338, 339, 340, 341, 342, 343, 344, 345, 346, 347, 348, 349, 350, 351, 353, 354, 372, 373, 374]	experiments/e149_final20_stoichiometry_v1/out_s5/ova_c4_iptm80_21m_c3/seed-3_sample-3/ova_c4_iptm80_21m_c3_seed-3_sample-3_summary_confidences.json	experiments/e149_final20_stoichiometry_v1/out_s5/ova_c4_iptm80_21m_c3/seed-3_sample-3/ova_c4_iptm80_21m_c3_seed-3_sample-3_model.cif
ova_c4_iptm80_21m_c3	seed-3_sample-4	3	0.14	0.41	86.12095860496086	nan	nan	0.19	0.0	3	3	1	0	101	101	0	0.11	0.11	25.19	"{""A-B"": 34, ""A-C"": 35, ""B-C"": 32}"	[190, 191, 192, 193, 194, 195, 196, 198, 200, 201, 202, 203, 204, 205, 206, 207, 208, 209, 210, 342, 344, 345, 346, 347, 348]	experiments/e149_final20_stoichiometry_v1/out_s5/ova_c4_iptm80_21m_c3/seed-3_sample-4/ova_c4_iptm80_21m_c3_seed-3_sample-4_summary_confidences.json	experiments/e149_final20_stoichiometry_v1/out_s5/ova_c4_iptm80_21m_c3/seed-3_sample-4/ova_c4_iptm80_21m_c3_seed-3_sample-4_model.cif
ova_c4_iptm80_21m_c5	seed-1_sample-0	5	0.19	0.34	84.5826942216547	nan	nan	0.22	0.0	6	5	1	0	208	208	0	0.12	0.12	25.895	"{""A-B"": 31, ""A-C"": 39, ""A-D"": 31, ""A-E"": 0, ""B-C"": 0, ""B-D"": 0, ""B-E"": 38, ""C-D"": 38, ""C-E"": 31, ""D-E"": 0}"	[94, 95, 96, 110, 116, 131, 132, 133, 134, 137, 138, 141, 144, 145, 148, 149, 151, 152, 153, 188, 190, 192, 193, 194, 195, 196, 197, 198, 207, 208, 210, 213, 216, 217, 271, 276, 278, 339, 340, 341, 342, 343, 344, 345, 347, 348, 349, 350, 351, 354, 355]	experiments/e149_final20_stoichiometry_v1/out_s3/ova_c4_iptm80_21m_c5/seed-1_sample-0/ova_c4_iptm80_21m_c5_seed-1_sample-0_summary_confidences.json	experiments/e149_final20_stoichiometry_v1/out_s3/ova_c4_iptm80_21m_c5/seed-1_sample-0/ova_c4_iptm80_21m_c5_seed-1_sample-0_model.cif
ova_c4_iptm80_21m_c5	seed-1_sample-1	5	0.23	0.37	83.6630053495496	nan	nan	0.26	0.0	6	5	1	0	176	176	0	0.14	0.135	22.83	"{""A-B"": 7, ""A-C"": 26, ""A-D"": 11, ""A-E"": 0, ""B-C"": 53, ""B-D"": 4, ""B-E"": 25, ""C-D"": 0, ""C-E"": 1, ""D-E"": 49}"	[93, 94, 95, 96, 97, 98, 99, 155, 156, 157, 182, 183, 184, 188, 190, 191, 192, 193, 194, 195, 196, 208, 215, 216, 217, 239, 271, 272, 275, 276, 277, 278, 336, 337, 338, 339, 340, 342, 343, 344, 345, 346, 347, 348, 349, 351, 353, 354, 355, 356, 373]	experiments/e149_final20_stoichiometry_v1/out_s3/ova_c4_iptm80_21m_c5/seed-1_sample-1/ova_c4_iptm80_21m_c5_seed-1_sample-1_summary_confidences.json	experiments/e149_final20_stoichiometry_v1/out_s3/ova_c4_iptm80_21m_c5/seed-1_sample-1/ova_c4_iptm80_21m_c5_seed-1_sample-1_model.cif
ova_c4_iptm80_21m_c5	seed-1_sample-2	5	0.22	0.36	83.7240154384949	nan	nan	0.24	0.0	6	5	1	0	145	145	0	0.13	0.13	23.325	"{""A-B"": 1, ""A-C"": 31, ""A-D"": 0, ""A-E"": 31, ""B-C"": 15, ""B-D"": 24, ""B-E"": 0, ""C-D"": 1, ""C-E"": 28, ""D-E"": 14}"	[94, 95, 96, 97, 98, 99, 101, 152, 153, 155, 156, 182, 183, 184, 190, 191, 192, 193, 194, 195, 196, 208, 213, 217, 275, 276, 277, 278, 338, 342, 343, 344, 345, 346, 347, 348, 349, 350, 351]	experiments/e149_final20_stoichiometry_v1/out_s3/ova_c4_iptm80_21m_c5/seed-1_sample-2/ova_c4_iptm80_21m_c5_seed-1_sample-2_summary_confidences.json	experiments/e149_final20_stoichiometry_v1/out_s3/ova_c4_iptm80_21m_c5/seed-1_sample-2/ova_c4_iptm80_21m_c5_seed-1_sample-2_model.cif
ova_c4_iptm80_21m_c5	seed-1_sample-3	5	0.24	0.38	83.88018103584724	nan	nan	0.26	0.0	8	5	1	0	128	128	0	0.17	0.125	23.625	"{""A-B"": 11, ""A-C"": 33, ""A-D"": 0, ""A-E"": 6, ""B-C"": 10, ""B-D"": 13, ""B-E"": 18, ""C-D"": 21, ""C-E"": 1, ""D-E"": 15}"	[86, 87, 89, 90, 96, 97, 98, 99, 155, 156, 157, 182, 183, 184, 190, 191, 192, 193, 195, 196, 208, 213, 215, 217, 236, 239, 270, 271, 272, 276, 277, 278, 337, 338, 339, 340, 342, 344, 345, 346, 347, 348, 349, 350, 351, 352, 354, 373, 374]	experiments/e149_final20_stoichiometry_v1/out_s3/ova_c4_iptm80_21m_c5/seed-1_sample-3/ova_c4_iptm80_21m_c5_seed-1_sample-3_summary_confidences.json	experiments/e149_final20_stoichiometry_v1/out_s3/ova_c4_iptm80_21m_c5/seed-1_sample-3/ova_c4_iptm80_21m_c5_seed-1_sample-3_model.cif
ova_c4_iptm80_21m_c5	seed-1_sample-4	5	0.22	0.36	83.47360108429903	nan	nan	0.25	0.0	8	5	1	0	170	170	0	0.12	0.13	22.93	"{""A-B"": 16, ""A-C"": 22, ""A-D"": 0, ""A-E"": 27, ""B-C"": 26, ""B-D"": 26, ""B-E"": 6, ""C-D"": 16, ""C-E"": 1, ""D-E"": 30}"	[64, 82, 83, 86, 94, 95, 96, 97, 98, 99, 155, 156, 182, 183, 184, 186, 187, 188, 190, 191, 192, 193, 195, 196, 213, 215, 216, 217, 236, 237, 238, 239, 271, 272, 275, 276, 277, 278, 280, 334, 338, 339, 340, 341, 342, 343, 344, 345, 346, 347, 348, 349, 350, 351, 352, 353, 354, 355, 356, 373, 374]	experiments/e149_final20_stoichiometry_v1/out_s3/ova_c4_iptm80_21m_c5/seed-1_sample-4/ova_c4_iptm80_21m_c5_seed-1_sample-4_summary_confidences.json	experiments/e149_final20_stoichiometry_v1/out_s3/ova_c4_iptm80_21m_c5/seed-1_sample-4/ova_c4_iptm80_21m_c5_seed-1_sample-4_model.cif
ova_c4_iptm80_21m_c5	seed-2_sample-0	5	0.43	0.53	86.5423834113877	nan	nan	0.45	0.0	7	5	1	0	189	189	0	0.12	0.41	12.82	"{""A-B"": 24, ""A-C"": 49, ""A-D"": 11, ""A-E"": 0, ""B-C"": 10, ""B-D"": 51, ""B-E"": 0, ""C-D"": 25, ""C-E"": 4, ""D-E"": 15}"	[86, 87, 90, 95, 96, 97, 98, 99, 182, 184, 190, 191, 192, 193, 216, 217, 236, 237, 271, 272, 276, 277, 278, 338, 339, 340, 341, 342, 343, 344, 345, 346, 347, 348, 349, 350, 351, 352, 353, 354, 355, 356, 357, 373, 374]	experiments/e149_final20_stoichiometry_v1/out_s3/ova_c4_iptm80_21m_c5/seed-2_sample-0/ova_c4_iptm80_21m_c5_seed-2_sample-0_summary_confidences.json	experiments/e149_final20_stoichiometry_v1/out_s3/ova_c4_iptm80_21m_c5/seed-2_sample-0/ova_c4_iptm80_21m_c5_seed-2_sample-0_model.cif
ova_c4_iptm80_21m_c5	seed-2_sample-1	5	0.43	0.53	85.5420984554785	nan	nan	0.45	0.0	8	5	1	0	201	201	0	0.12	0.4	13.219999999999999	"{""A-B"": 22, ""A-C"": 52, ""A-D"": 16, ""A-E"": 0, ""B-C"": 14, ""B-D"": 49, ""B-E"": 0, ""C-D"": 22, ""C-E"": 17, ""D-E"": 9}"	[82, 83, 86, 87, 90, 94, 95, 96, 97, 98, 99, 155, 182, 183, 184, 188, 190, 191, 192, 193, 197, 198, 215, 216, 217, 236, 271, 272, 278, 334, 336, 337, 338, 339, 340, 341, 342, 343, 344, 345, 346, 347, 348, 349, 350, 352, 353, 354, 355, 356, 357, 373, 374]	experiments/e149_final20_stoichiometry_v1/out_s3/ova_c4_iptm80_21m_c5/seed-2_sample-1/ova_c4_iptm80_21m_c5_seed-2_sample-1_summary_confidences.json	experiments/e149_final20_stoichiometry_v1/out_s3/ova_c4_iptm80_21m_c5/seed-2_sample-1/ova_c4_iptm80_21m_c5_seed-2_sample-1_model.cif
ova_c4_iptm80_21m_c5	seed-2_sample-2	5	0.43	0.53	86.51645079301429	nan	nan	0.45	0.0	8	5	1	0	217	217	0	0.11	0.4	13.195	"{""A-B"": 24, ""A-C"": 45, ""A-D"": 14, ""A-E"": 32, ""B-C"": 14, ""B-D"": 44, ""B-E"": 23, ""C-D"": 21, ""C-E"": 0, ""D-E"": 0}"	[1, 86, 90, 94, 95, 96, 97, 98, 99, 145, 148, 182, 183, 184, 188, 190, 191, 192, 193, 203, 216, 217, 236, 248, 249, 266, 270, 271, 272, 277, 278, 334, 336, 337, 338, 339, 340, 341, 342, 344, 345, 346, 347, 348, 349, 350, 351, 352, 353, 354, 355, 356, 357, 358, 373, 374]	experiments/e149_final20_stoichiometry_v1/out_s3/ova_c4_iptm80_21m_c5/seed-2_sample-2/ova_c4_iptm80_21m_c5_seed-2_sample-2_summary_confidences.json	experiments/e149_final20_stoichiometry_v1/out_s3/ova_c4_iptm80_21m_c5/seed-2_sample-2/ova_c4_iptm80_21m_c5_seed-2_sample-2_model.cif
ova_c4_iptm80_21m_c5	seed-2_sample-3	5	0.41	0.51	86.6613212348266	nan	nan	0.43	0.0	8	5	1	0	181	181	0	0.11	0.37	13.865	"{""A-B"": 24, ""A-C"": 38, ""A-D"": 9, ""A-E"": 12, ""B-C"": 9, ""B-D"": 42, ""B-E"": 20, ""C-D"": 27, ""C-E"": 0, ""D-E"": 0}"	[86, 87, 90, 95, 96, 97, 98, 99, 148, 151, 152, 156, 182, 184, 188, 190, 191, 192, 193, 216, 217, 224, 225, 236, 271, 272, 277, 278, 336, 338, 339, 340, 341, 342, 344, 345, 346, 347, 348, 349, 350, 351, 352, 353, 354, 355, 356, 373, 374]	experiments/e149_final20_stoichiometry_v1/out_s3/ova_c4_iptm80_21m_c5/seed-2_sample-3/ova_c4_iptm80_21m_c5_seed-2_sample-3_summary_confidences.json	experiments/e149_final20_stoichiometry_v1/out_s3/ova_c4_iptm80_21m_c5/seed-2_sample-3/ova_c4_iptm80_21m_c5_seed-2_sample-3_model.cif
ova_c4_iptm80_21m_c5	seed-2_sample-4	5	0.42	0.53	86.30893777442103	nan	nan	0.44	0.0	9	5	1	0	226	226	0	0.12	0.37	13.7	"{""A-B"": 27, ""A-C"": 51, ""A-D"": 10, ""A-E"": 0, ""B-C"": 11, ""B-D"": 49, ""B-E"": 14, ""C-D"": 27, ""C-E"": 15, ""D-E"": 22}"	[83, 86, 87, 90, 94, 95, 96, 97, 98, 99, 148, 149, 151, 152, 153, 155, 182, 183, 184, 188, 190, 191, 192, 193, 195, 197, 211, 213, 216, 217, 236, 271, 272, 276, 277, 278, 334, 336, 337, 338, 339, 340, 342, 343, 344, 345, 346, 347, 348, 349, 350, 351, 352, 353, 354, 355, 356, 357, 358, 373, 374]	experiments/e149_final20_stoichiometry_v1/out_s3/ova_c4_iptm80_21m_c5/seed-2_sample-4/ova_c4_iptm80_21m_c5_seed-2_sample-4_summary_confidences.json	experiments/e149_final20_stoichiometry_v1/out_s3/ova_c4_iptm80_21m_c5/seed-2_sample-4/ova_c4_iptm80_21m_c5_seed-2_sample-4_model.cif
ova_c4_iptm80_21m_c5	seed-3_sample-0	5	0.38	0.5	86.21792756708174	nan	nan	0.41	0.0	8	5	1	0	175	175	0	0.12	0.33499999999999996	15.76	"{""A-B"": 7, ""A-C"": 45, ""A-D"": 20, ""A-E"": 8, ""B-C"": 18, ""B-D"": 45, ""B-E"": 3, ""C-D"": 8, ""C-E"": 21, ""D-E"": 0}"	[86, 90, 93, 94, 95, 96, 97, 98, 99, 124, 152, 155, 156, 182, 184, 190, 191, 192, 193, 195, 196, 197, 198, 208, 211, 216, 217, 236, 271, 272, 277, 278, 282, 334, 336, 337, 338, 339, 340, 341, 342, 344, 345, 346, 347, 348, 349, 350, 351, 352, 353, 354, 360, 362, 373, 374]	experiments/e149_final20_stoichiometry_v1/out_s3/ova_c4_iptm80_21m_c5/seed-3_sample-0/ova_c4_iptm80_21m_c5_seed-3_sample-0_summary_confidences.json	experiments/e149_final20_stoichiometry_v1/out_s3/ova_c4_iptm80_21m_c5/seed-3_sample-0/ova_c4_iptm80_21m_c5_seed-3_sample-0_model.cif
ova_c4_iptm80_21m_c5	seed-3_sample-1	5	0.39	0.5	85.74142509420919	nan	nan	0.42	0.0	8	5	1	0	216	216	0	0.11	0.33499999999999996	15.515	"{""A-B"": 12, ""A-C"": 46, ""A-D"": 32, ""A-E"": 1, ""B-C"": 31, ""B-D"": 50, ""B-E"": 21, ""C-D"": 10, ""C-E"": 11, ""D-E"": 2}"	[86, 87, 90, 95, 96, 97, 98, 99, 182, 184, 188, 190, 191, 192, 193, 216, 217, 236, 271, 272, 277, 278, 336, 337, 338, 339, 340, 341, 342, 343, 344, 345, 346, 347, 348, 349, 350, 351, 352, 353, 354, 355, 356, 373, 374]	experiments/e149_final20_stoichiometry_v1/out_s3/ova_c4_iptm80_21m_c5/seed-3_sample-1/ova_c4_iptm80_21m_c5_seed-3_sample-1_summary_confidences.json	experiments/e149_final20_stoichiometry_v1/out_s3/ova_c4_iptm80_21m_c5/seed-3_sample-1/ova_c4_iptm80_21m_c5_seed-3_sample-1_model.cif
ova_c4_iptm80_21m_c5	seed-3_sample-2	5	0.28	0.42	85.19847173641382	nan	nan	0.31	0.0	7	5	1	0	143	143	0	0.25	0.25	18.06	"{""A-B"": 12, ""A-C"": 41, ""A-D"": 6, ""A-E"": 0, ""B-C"": 12, ""B-D"": 0, ""B-E"": 15, ""C-D"": 12, ""C-E"": 0, ""D-E"": 45}"	[1, 2, 6, 64, 86, 87, 89, 90, 94, 95, 96, 97, 98, 99, 155, 182, 183, 184, 188, 190, 191, 192, 193, 195, 196, 217, 236, 263, 267, 271, 272, 275, 276, 277, 278, 334, 337, 338, 339, 340, 341, 342, 344, 345, 347, 348, 349, 350, 351, 353, 354, 357, 373, 374]	experiments/e149_final20_stoichiometry_v1/out_s3/ova_c4_iptm80_21m_c5/seed-3_sample-2/ova_c4_iptm80_21m_c5_seed-3_sample-2_summary_confidences.json	experiments/e149_final20_stoichiometry_v1/out_s3/ova_c4_iptm80_21m_c5/seed-3_sample-2/ova_c4_iptm80_21m_c5_seed-3_sample-2_model.cif
ova_c4_iptm80_21m_c5	seed-3_sample-3	5	0.26	0.4	85.27696887199126	nan	nan	0.29	0.0	5	5	1	0	166	166	0	0.12	0.16	19.83	"{""A-B"": 1, ""A-C"": 44, ""A-D"": 0, ""A-E"": 31, ""B-C"": 21, ""B-D"": 50, ""B-E"": 0, ""C-D"": 1, ""C-E"": 0, ""D-E"": 18}"	[94, 95, 96, 97, 98, 99, 155, 156, 182, 183, 184, 188, 190, 191, 192, 193, 195, 196, 216, 217, 275, 276, 277, 278, 279, 334, 336, 337, 338, 340, 342, 343, 344, 345, 346, 347, 348, 349, 350, 353, 354, 355, 356, 357]	experiments/e149_final20_stoichiometry_v1/out_s3/ova_c4_iptm80_21m_c5/seed-3_sample-3/ova_c4_iptm80_21m_c5_seed-3_sample-3_summary_confidences.json	experiments/e149_final20_stoichiometry_v1/out_s3/ova_c4_iptm80_21m_c5/seed-3_sample-3/ova_c4_iptm80_21m_c5_seed-3_sample-3_model.cif
ova_c4_iptm80_21m_c5	seed-3_sample-4	5	0.39	0.5	85.82404137645979	nan	nan	0.41	0.0	8	5	1	0	190	190	0	0.11	0.33999999999999997	15.530000000000001	"{""A-B"": 9, ""A-C"": 39, ""A-D"": 31, ""A-E"": 17, ""B-C"": 36, ""B-D"": 39, ""B-E"": 0, ""C-D"": 11, ""C-E"": 0, ""D-E"": 8}"	[83, 86, 87, 90, 94, 95, 96, 97, 98, 99, 148, 152, 155, 182, 184, 190, 191, 192, 193, 216, 217, 222, 224, 236, 271, 272, 277, 278, 334, 337, 338, 339, 340, 341, 342, 343, 344, 345, 346, 347, 348, 349, 350, 351, 352, 353, 354, 355, 356, 357, 373, 374]	experiments/e149_final20_stoichiometry_v1/out_s3/ova_c4_iptm80_21m_c5/seed-3_sample-4/ova_c4_iptm80_21m_c5_seed-3_sample-4_summary_confidences.json	experiments/e149_final20_stoichiometry_v1/out_s3/ova_c4_iptm80_21m_c5/seed-3_sample-4/ova_c4_iptm80_21m_c5_seed-3_sample-4_model.cif
ova_c4_iptm80_21m_c6	seed-1_sample-0	6	0.24	0.36	84.09997411342482	nan	nan	0.27	0.0	12	6	1	0	491	491	0	0.18	0.13	23.775	"{""A-B"": 38, ""A-C"": 40, ""A-D"": 23, ""A-E"": 0, ""A-F"": 58, ""B-C"": 40, ""B-D"": 59, ""B-E"": 27, ""B-F"": 0, ""C-D"": 0, ""C-E"": 60, ""C-F"": 25, ""D-E"": 39, ""D-F"": 37, ""E-F"": 45}"	[86, 87, 89, 90, 93, 94, 95, 96, 97, 99, 155, 182, 184, 188, 190, 191, 192, 193, 194, 195, 213, 215, 217, 236, 237, 271, 272, 273, 275, 276, 277, 278, 337, 338, 339, 340, 341, 342, 343, 344, 345, 346, 347, 348, 349, 350, 351, 352, 353, 354, 373]	experiments/e149_final20_stoichiometry_v1/out_s6/ova_c4_iptm80_21m_c6/seed-1_sample-0/ova_c4_iptm80_21m_c6_seed-1_sample-0_summary_confidences.json	experiments/e149_final20_stoichiometry_v1/out_s6/ova_c4_iptm80_21m_c6/seed-1_sample-0/ova_c4_iptm80_21m_c6_seed-1_sample-0_model.cif
ova_c4_iptm80_21m_c6	seed-1_sample-1	6	0.25	0.37	84.22427470943471	nan	nan	0.28	0.0	12	6	1	0	359	359	0	0.18	0.14500000000000002	21.810000000000002	"{""A-B"": 21, ""A-C"": 43, ""A-D"": 0, ""A-E"": 28, ""A-F"": 23, ""B-C"": 32, ""B-D"": 47, ""B-E"": 0, ""B-F"": 23, ""C-D"": 25, ""C-E"": 20, ""C-F"": 0, ""D-E"": 24, ""D-F"": 29, ""E-F"": 44}"	[86, 87, 89, 90, 93, 94, 95, 96, 97, 98, 99, 182, 184, 190, 191, 192, 193, 195, 197, 213, 214, 215, 216, 236, 271, 272, 273, 275, 276, 277, 278, 338, 339, 340, 341, 342, 343, 344, 345, 346, 347, 348, 349, 350, 351, 352, 354, 373]	experiments/e149_final20_stoichiometry_v1/out_s6/ova_c4_iptm80_21m_c6/seed-1_sample-1/ova_c4_iptm80_21m_c6_seed-1_sample-1_summary_confidences.json	experiments/e149_final20_stoichiometry_v1/out_s6/ova_c4_iptm80_21m_c6/seed-1_sample-1/ova_c4_iptm80_21m_c6_seed-1_sample-1_model.cif
ova_c4_iptm80_21m_c6	seed-1_sample-2	6	0.24	0.36	84.67484462817099	nan	nan	0.26	0.0	6	6	1	0	187	187	0	0.21	0.19	20.455	"{""A-B"": 12, ""A-C"": 0, ""A-D"": 53, ""A-E"": 0, ""A-F"": 0, ""B-C"": 1, ""B-D"": 0, ""B-E"": 50, ""B-F"": 0, ""C-D"": 1, ""C-E"": 10, ""C-F"": 49, ""D-E"": 0, ""D-F"": 11, ""E-F"": 0}"	[1, 64, 86, 90, 94, 95, 96, 97, 98, 99, 152, 155, 156, 182, 183, 184, 190, 191, 192, 193, 195, 196, 208, 210, 263, 267, 271, 272, 337, 338, 340, 342, 344, 373, 374]	experiments/e149_final20_stoichiometry_v1/out_s6/ova_c4_iptm80_21m_c6/seed-1_sample-2/ova_c4_iptm80_21m_c6_seed-1_sample-2_summary_confidences.json	experiments/e149_final20_stoichiometry_v1/out_s6/ova_c4_iptm80_21m_c6/seed-1_sample-2/ova_c4_iptm80_21m_c6_seed-1_sample-2_model.cif
ova_c4_iptm80_21m_c6	seed-1_sample-3	6	0.26	0.37	84.23308293930607	nan	nan	0.28	0.0	12	6	1	0	430	430	0	0.19	0.15	21.54	"{""A-B"": 10, ""A-C"": 43, ""A-D"": 40, ""A-E"": 0, ""A-F"": 50, ""B-C"": 43, ""B-D"": 0, ""B-E"": 43, ""B-F"": 44, ""C-D"": 45, ""C-E"": 11, ""C-F"": 0, ""D-E"": 45, ""D-F"": 10, ""E-F"": 46}"	[64, 82, 83, 86, 89, 90, 93, 94, 95, 96, 97, 98, 99, 152, 153, 155, 182, 183, 190, 191, 192, 193, 195, 196, 208, 213, 217, 236, 237, 238, 239, 271, 272, 275, 276, 277, 278, 279, 341, 342, 343, 344, 345, 346, 347, 348, 349, 350, 351, 354, 355, 356, 357, 373, 374]	experiments/e149_final20_stoichiometry_v1/out_s6/ova_c4_iptm80_21m_c6/seed-1_sample-3/ova_c4_iptm80_21m_c6_seed-1_sample-3_summary_confidences.json	experiments/e149_final20_stoichiometry_v1/out_s6/ova_c4_iptm80_21m_c6/seed-1_sample-3/ova_c4_iptm80_21m_c6_seed-1_sample-3_model.cif
ova_c4_iptm80_21m_c6	seed-1_sample-4	6	0.24	0.36	84.23132125083647	nan	nan	0.26	0.0	12	6	1	0	305	305	0	0.19	0.13	23.52	"{""A-B"": 12, ""A-C"": 44, ""A-D"": 32, ""A-E"": 0, ""A-F"": 12, ""B-C"": 35, ""B-D"": 0, ""B-E"": 48, ""B-F"": 12, ""C-D"": 12, ""C-E"": 12, ""C-F"": 0, ""D-E"": 12, ""D-F"": 41, ""E-F"": 33}"	[86, 89, 90, 93, 94, 95, 96, 97, 99, 182, 184, 190, 191, 192, 193, 195, 213, 214, 215, 236, 272, 275, 280, 338, 339, 340, 342, 343, 344, 345, 346, 347, 348, 349, 350, 351, 352, 354]	experiments/e149_final20_stoichiometry_v1/out_s6/ova_c4_iptm80_21m_c6/seed-1_sample-4/ova_c4_iptm80_21m_c6_seed-1_sample-4_summary_confidences.json	experiments/e149_final20_stoichiometry_v1/out_s6/ova_c4_iptm80_21m_c6/seed-1_sample-4/ova_c4_iptm80_21m_c6_seed-1_sample-4_model.cif
ova_c4_iptm80_21m_c6	seed-2_sample-0	6	0.27	0.38	85.25326429376948	nan	nan	0.29	0.0	6	6	1	0	288	288	0	0.25	0.25	16.93	"{""A-B"": 0, ""A-C"": 34, ""A-D"": 56, ""A-E"": 0, ""A-F"": 0, ""B-C"": 0, ""B-D"": 34, ""B-E"": 60, ""B-F"": 0, ""C-D"": 0, ""C-E"": 0, ""C-F"": 61, ""D-E"": 0, ""D-F"": 0, ""E-F"": 43}"	[1, 2, 3, 6, 64, 65, 79, 83, 86, 87, 90, 94, 95, 96, 97, 98, 99, 155, 156, 182, 183, 184, 188, 190, 191, 192, 193, 195, 196, 236, 262, 263, 266, 267, 270, 271, 272, 337, 338, 339, 340, 342, 343, 344, 345, 373, 374]	experiments/e149_final20_stoichiometry_v1/out_s6/ova_c4_iptm80_21m_c6/seed-2_sample-0/ova_c4_iptm80_21m_c6_seed-2_sample-0_summary_confidences.json	experiments/e149_final20_stoichiometry_v1/out_s6/ova_c4_iptm80_21m_c6/seed-2_sample-0/ova_c4_iptm80_21m_c6_seed-2_sample-0_model.cif
ova_c4_iptm80_21m_c6	seed-2_sample-1	6	0.27	0.38	85.00748692645928	nan	nan	0.29	0.0	6	6	1	0	255	255	0	0.24	0.25	17.085	"{""A-B"": 0, ""A-C"": 17, ""A-D"": 70, ""A-E"": 0, ""A-F"": 0, ""B-C"": 0, ""B-D"": 17, ""B-E"": 70, ""B-F"": 0, ""C-D"": 0, ""C-E"": 0, ""C-F"": 63, ""D-E"": 0, ""D-F"": 0, ""E-F"": 18}"	[1, 64, 86, 90, 94, 95, 96, 97, 98, 99, 155, 156, 182, 183, 184, 188, 190, 191, 192, 193, 195, 196, 208, 210, 236, 262, 263, 266, 267, 271, 272, 336, 337, 338, 339, 340, 341, 342, 344, 345, 373, 374]	experiments/e149_final20_stoichiometry_v1/out_s6/ova_c4_iptm80_21m_c6/seed-2_sample-1/ova_c4_iptm80_21m_c6_seed-2_sample-1_summary_confidences.json	experiments/e149_final20_stoichiometry_v1/out_s6/ova_c4_iptm80_21m_c6/seed-2_sample-1/ova_c4_iptm80_21m_c6_seed-2_sample-1_model.cif
ova_c4_iptm80_21m_c6	seed-2_sample-2	6	0.27	0.38	85.21976672553028	nan	nan	0.3	0.0	6	6	1	0	277	277	0	0.25	0.25	16.645	"{""A-B"": 0, ""A-C"": 20, ""A-D"": 64, ""A-E"": 0, ""A-F"": 1, ""B-C"": 0, ""B-D"": 21, ""B-E"": 70, ""B-F"": 1, ""C-D"": 0, ""C-E"": 1, ""C-F"": 73, ""D-E"": 1, ""D-F"": 0, ""E-F"": 25}"	[1, 6, 64, 65, 86, 87, 90, 94, 95, 96, 97, 98, 99, 152, 155, 156, 182, 183, 184, 188, 190, 191, 192, 193, 194, 195, 196, 208, 210, 262, 263, 266, 267, 271, 272, 336, 337, 338, 339, 340, 341, 342, 344, 345, 373, 374]	experiments/e149_final20_stoichiometry_v1/out_s6/ova_c4_iptm80_21m_c6/seed-2_sample-2/ova_c4_iptm80_21m_c6_seed-2_sample-2_summary_confidences.json	experiments/e149_final20_stoichiometry_v1/out_s6/ova_c4_iptm80_21m_c6/seed-2_sample-2/ova_c4_iptm80_21m_c6_seed-2_sample-2_model.cif
ova_c4_iptm80_21m_c6	seed-2_sample-3	6	0.27	0.39	85.25676156572727	nan	nan	0.3	0.0	6	6	1	0	262	262	0	0.26	0.255	16.82	"{""A-B"": 0, ""A-C"": 19, ""A-D"": 64, ""A-E"": 0, ""A-F"": 0, ""B-C"": 0, ""B-D"": 18, ""B-E"": 65, ""B-F"": 0, ""C-D"": 0, ""C-E"": 0, ""C-F"": 76, ""D-E"": 0, ""D-F"": 0, ""E-F"": 20}"	[1, 6, 64, 86, 87, 90, 94, 95, 96, 97, 98, 99, 155, 156, 182, 183, 184, 188, 190, 191, 192, 193, 194, 195, 196, 208, 210, 236, 262, 263, 266, 267, 271, 272, 336, 337, 338, 339, 340, 341, 342, 344, 345, 373, 374]	experiments/e149_final20_stoichiometry_v1/out_s6/ova_c4_iptm80_21m_c6/seed-2_sample-3/ova_c4_iptm80_21m_c6_seed-2_sample-3_summary_confidences.json	experiments/e149_final20_stoichiometry_v1/out_s6/ova_c4_iptm80_21m_c6/seed-2_sample-3/ova_c4_iptm80_21m_c6_seed-2_sample-3_model.cif
ova_c4_iptm80_21m_c6	seed-2_sample-4	6	0.27	0.39	85.49406717725368	nan	nan	0.3	0.0	6	6	1	0	271	271	0	0.28	0.265	16.79	"{""A-B"": 0, ""A-C"": 36, ""A-D"": 54, ""A-E"": 0, ""A-F"": 0, ""B-C"": 0, ""B-D"": 38, ""B-E"": 54, ""B-F"": 0, ""C-D"": 0, ""C-E"": 0, ""C-F"": 51, ""D-E"": 0, ""D-F"": 0, ""E-F"": 38}"	[1, 2, 3, 6, 64, 65, 79, 83, 86, 90, 94, 95, 96, 97, 98, 99, 155, 156, 182, 183, 184, 190, 191, 192, 193, 195, 196, 236, 262, 263, 266, 267, 270, 271, 272, 337, 338, 339, 340, 341, 342, 344, 345, 373, 374]	experiments/e149_final20_stoichiometry_v1/out_s6/ova_c4_iptm80_21m_c6/seed-2_sample-4/ova_c4_iptm80_21m_c6_seed-2_sample-4_summary_confidences.json	experiments/e149_final20_stoichiometry_v1/out_s6/ova_c4_iptm80_21m_c6/seed-2_sample-4/ova_c4_iptm80_21m_c6_seed-2_sample-4_model.cif
ova_c4_iptm80_21m_c6	seed-3_sample-0	6	0.34	0.44	85.91181346913076	nan	nan	0.36	0.0	6	6	1	0	300	300	0	0.37	0.33999999999999997	11.495000000000001	"{""A-B"": 41, ""A-C"": 0, ""A-D"": 57, ""A-E"": 0, ""A-F"": 0, ""B-C"": 0, ""B-D"": 0, ""B-E"": 60, ""B-F"": 0, ""C-D"": 41, ""C-E"": 0, ""C-F"": 57, ""D-E"": 0, ""D-F"": 0, ""E-F"": 44}"	[1, 2, 3, 6, 10, 64, 65, 79, 82, 83, 86, 87, 90, 94, 95, 96, 97, 98, 99, 155, 156, 182, 183, 184, 190, 191, 192, 193, 195, 196, 236, 262, 263, 266, 267, 270, 271, 272, 337, 338, 339, 340, 342, 343, 344, 345, 373, 374]	experiments/e149_final20_stoichiometry_v1/out_s6/ova_c4_iptm80_21m_c6/seed-3_sample-0/ova_c4_iptm80_21m_c6_seed-3_sample-0_summary_confidences.json	experiments/e149_final20_stoichiometry_v1/out_s6/ova_c4_iptm80_21m_c6/seed-3_sample-0/ova_c4_iptm80_21m_c6_seed-3_sample-0_model.cif
ova_c4_iptm80_21m_c6	seed-3_sample-1	6	0.34	0.44	86.0155181983592	nan	nan	0.36	0.0	6	6	1	0	242	242	0	0.36	0.345	11.309999999999999	"{""A-B"": 28, ""A-C"": 0, ""A-D"": 52, ""A-E"": 0, ""A-F"": 0, ""B-C"": 0, ""B-D"": 0, ""B-E"": 52, ""B-F"": 0, ""C-D"": 29, ""C-E"": 0, ""C-F"": 53, ""D-E"": 0, ""D-F"": 0, ""E-F"": 28}"	[1, 6, 64, 65, 79, 86, 90, 94, 95, 96, 97, 98, 99, 155, 156, 182, 183, 184, 190, 191, 192, 193, 195, 196, 262, 263, 266, 267, 270, 271, 272, 337, 338, 339, 340, 342, 344, 345, 373, 374]	experiments/e149_final20_stoichiometry_v1/out_s6/ova_c4_iptm80_21m_c6/seed-3_sample-1/ova_c4_iptm80_21m_c6_seed-3_sample-1_summary_confidences.json	experiments/e149_final20_stoichiometry_v1/out_s6/ova_c4_iptm80_21m_c6/seed-3_sample-1/ova_c4_iptm80_21m_c6_seed-3_sample-1_model.cif
ova_c4_iptm80_21m_c6	seed-3_sample-2	6	0.32	0.42	85.86069948562069	nan	nan	0.34	0.0	6	6	1	0	262	262	0	0.31	0.32	11.91	"{""A-B"": 26, ""A-C"": 0, ""A-D"": 63, ""A-E"": 0, ""A-F"": 0, ""B-C"": 0, ""B-D"": 0, ""B-E"": 57, ""B-F"": 0, ""C-D"": 29, ""C-E"": 0, ""C-F"": 60, ""D-E"": 0, ""D-F"": 0, ""E-F"": 27}"	[1, 64, 65, 79, 82, 83, 86, 90, 94, 95, 96, 97, 98, 99, 155, 156, 157, 182, 183, 184, 188, 190, 191, 192, 193, 194, 195, 196, 208, 262, 263, 266, 267, 270, 271, 272, 337, 338, 339, 340, 342, 344, 345, 373, 374]	experiments/e149_final20_stoichiometry_v1/out_s6/ova_c4_iptm80_21m_c6/seed-3_sample-2/ova_c4_iptm80_21m_c6_seed-3_sample-2_summary_confidences.json	experiments/e149_final20_stoichiometry_v1/out_s6/ova_c4_iptm80_21m_c6/seed-3_sample-2/ova_c4_iptm80_21m_c6_seed-3_sample-2_model.cif
ova_c4_iptm80_21m_c6	seed-3_sample-3	6	0.33	0.43	85.75176188612231	nan	nan	0.35	0.0	6	6	1	0	200	200	0	0.35	0.33999999999999997	11.415	"{""A-B"": 24, ""A-C"": 0, ""A-D"": 46, ""A-E"": 0, ""A-F"": 0, ""B-C"": 0, ""B-D"": 0, ""B-E"": 44, ""B-F"": 0, ""C-D"": 19, ""C-E"": 0, ""C-F"": 45, ""D-E"": 0, ""D-F"": 0, ""E-F"": 22}"	[1, 6, 64, 82, 86, 87, 90, 95, 96, 97, 98, 99, 155, 156, 182, 183, 184, 190, 191, 192, 193, 194, 195, 196, 208, 262, 263, 266, 267, 270, 271, 272, 337, 338, 340, 342, 344, 373, 374]	experiments/e149_final20_stoichiometry_v1/out_s6/ova_c4_iptm80_21m_c6/seed-3_sample-3/ova_c4_iptm80_21m_c6_seed-3_sample-3_summary_confidences.json	experiments/e149_final20_stoichiometry_v1/out_s6/ova_c4_iptm80_21m_c6/seed-3_sample-3/ova_c4_iptm80_21m_c6_seed-3_sample-3_model.cif
ova_c4_iptm80_21m_c6	seed-3_sample-4	6	0.32	0.43	85.00432652883579	nan	nan	0.34	0.0	6	6	1	0	260	260	0	0.35	0.32499999999999996	11.23	"{""A-B"": 41, ""A-C"": 0, ""A-D"": 43, ""A-E"": 0, ""A-F"": 0, ""B-C"": 0, ""B-D"": 0, ""B-E"": 45, ""B-F"": 0, ""C-D"": 42, ""C-E"": 0, ""C-F"": 47, ""D-E"": 0, ""D-F"": 0, ""E-F"": 42}"	[1, 2, 3, 6, 64, 65, 82, 83, 86, 87, 95, 96, 97, 98, 99, 155, 156, 182, 183, 184, 190, 191, 192, 193, 195, 196, 236, 262, 263, 266, 267, 270, 271, 272, 273, 337, 338, 340, 342, 343, 344, 345, 373, 374]	experiments/e149_final20_stoichiometry_v1/out_s6/ova_c4_iptm80_21m_c6/seed-3_sample-4/ova_c4_iptm80_21m_c6_seed-3_sample-4_summary_confidences.json	experiments/e149_final20_stoichiometry_v1/out_s6/ova_c4_iptm80_21m_c6/seed-3_sample-4/ova_c4_iptm80_21m_c6_seed-3_sample-4_model.cif
ova_c4_iptm80_20n_c1	seed-1_sample-0	1	0.0	0.92	91.1051036261524	nan	nan	0.92	0.0	0	1	0	0	0	0	0	0.0	nan	nan	{}	[]	experiments/e149_final20_stoichiometry_v1/out_s0/ova_c4_iptm80_20n_c1/seed-1_sample-0/ova_c4_iptm80_20n_c1_seed-1_sample-0_summary_confidences.json	experiments/e149_final20_stoichiometry_v1/out_s0/ova_c4_iptm80_20n_c1/seed-1_sample-0/ova_c4_iptm80_20n_c1_seed-1_sample-0_model.cif
ova_c4_iptm80_20n_c1	seed-1_sample-1	1	0.0	0.92	90.41818666211064	nan	nan	0.92	0.0	0	1	0	0	0	0	0	0.0	nan	nan	{}	[]	experiments/e149_final20_stoichiometry_v1/out_s0/ova_c4_iptm80_20n_c1/seed-1_sample-1/ova_c4_iptm80_20n_c1_seed-1_sample-1_summary_confidences.json	experiments/e149_final20_stoichiometry_v1/out_s0/ova_c4_iptm80_20n_c1/seed-1_sample-1/ova_c4_iptm80_20n_c1_seed-1_sample-1_model.cif
ova_c4_iptm80_20n_c1	seed-1_sample-2	1	0.0	0.92	90.89883416921981	nan	nan	0.92	0.0	0	1	0	0	0	0	0	0.0	nan	nan	{}	[]	experiments/e149_final20_stoichiometry_v1/out_s0/ova_c4_iptm80_20n_c1/seed-1_sample-2/ova_c4_iptm80_20n_c1_seed-1_sample-2_summary_confidences.json	experiments/e149_final20_stoichiometry_v1/out_s0/ova_c4_iptm80_20n_c1/seed-1_sample-2/ova_c4_iptm80_20n_c1_seed-1_sample-2_model.cif
ova_c4_iptm80_20n_c1	seed-1_sample-3	1	0.0	0.92	91.19217603811946	nan	nan	0.92	0.0	0	1	0	0	0	0	0	0.0	nan	nan	{}	[]	experiments/e149_final20_stoichiometry_v1/out_s0/ova_c4_iptm80_20n_c1/seed-1_sample-3/ova_c4_iptm80_20n_c1_seed-1_sample-3_summary_confidences.json	experiments/e149_final20_stoichiometry_v1/out_s0/ova_c4_iptm80_20n_c1/seed-1_sample-3/ova_c4_iptm80_20n_c1_seed-1_sample-3_model.cif
ova_c4_iptm80_20n_c1	seed-1_sample-4	1	0.0	0.92	90.73722832437625	nan	nan	0.92	0.0	0	1	0	0	0	0	0	0.0	nan	nan	{}	[]	experiments/e149_final20_stoichiometry_v1/out_s0/ova_c4_iptm80_20n_c1/seed-1_sample-4/ova_c4_iptm80_20n_c1_seed-1_sample-4_summary_confidences.json	experiments/e149_final20_stoichiometry_v1/out_s0/ova_c4_iptm80_20n_c1/seed-1_sample-4/ova_c4_iptm80_20n_c1_seed-1_sample-4_model.cif
ova_c4_iptm80_20n_c1	seed-2_sample-0	1	0.0	0.92	90.72891190879703	nan	nan	0.92	0.0	0	1	0	0	0	0	0	0.0	nan	nan	{}	[]	experiments/e149_final20_stoichiometry_v1/out_s0/ova_c4_iptm80_20n_c1/seed-2_sample-0/ova_c4_iptm80_20n_c1_seed-2_sample-0_summary_confidences.json	experiments/e149_final20_stoichiometry_v1/out_s0/ova_c4_iptm80_20n_c1/seed-2_sample-0/ova_c4_iptm80_20n_c1_seed-2_sample-0_model.cif
ova_c4_iptm80_20n_c1	seed-2_sample-1	1	0.0	0.92	91.286269370756	nan	nan	0.92	0.0	0	1	0	0	0	0	0	0.0	nan	nan	{}	[]	experiments/e149_final20_stoichiometry_v1/out_s0/ova_c4_iptm80_20n_c1/seed-2_sample-1/ova_c4_iptm80_20n_c1_seed-2_sample-1_summary_confidences.json	experiments/e149_final20_stoichiometry_v1/out_s0/ova_c4_iptm80_20n_c1/seed-2_sample-1/ova_c4_iptm80_20n_c1_seed-2_sample-1_model.cif
ova_c4_iptm80_20n_c1	seed-2_sample-2	1	0.0	0.92	90.7655181983592	nan	nan	0.92	0.0	0	1	0	0	0	0	0	0.0	nan	nan	{}	[]	experiments/e149_final20_stoichiometry_v1/out_s0/ova_c4_iptm80_20n_c1/seed-2_sample-2/ova_c4_iptm80_20n_c1_seed-2_sample-2_summary_confidences.json	experiments/e149_final20_stoichiometry_v1/out_s0/ova_c4_iptm80_20n_c1/seed-2_sample-2/ova_c4_iptm80_20n_c1_seed-2_sample-2_model.cif
ova_c4_iptm80_20n_c1	seed-2_sample-3	1	0.0	0.92	91.03777194640797	nan	nan	0.92	0.0	0	1	0	0	0	0	0	0.0	nan	nan	{}	[]	experiments/e149_final20_stoichiometry_v1/out_s0/ova_c4_iptm80_20n_c1/seed-2_sample-3/ova_c4_iptm80_20n_c1_seed-2_sample-3_summary_confidences.json	experiments/e149_final20_stoichiometry_v1/out_s0/ova_c4_iptm80_20n_c1/seed-2_sample-3/ova_c4_iptm80_20n_c1_seed-2_sample-3_model.cif
ova_c4_iptm80_20n_c1	seed-2_sample-4	1	0.0	0.92	90.97831587717323	nan	nan	0.92	0.0	0	1	0	0	0	0	0	0.0	nan	nan	{}	[]	experiments/e149_final20_stoichiometry_v1/out_s0/ova_c4_iptm80_20n_c1/seed-2_sample-4/ova_c4_iptm80_20n_c1_seed-2_sample-4_summary_confidences.json	experiments/e149_final20_stoichiometry_v1/out_s0/ova_c4_iptm80_20n_c1/seed-2_sample-4/ova_c4_iptm80_20n_c1_seed-2_sample-4_model.cif
ova_c4_iptm80_20n_c1	seed-3_sample-0	1	0.0	0.92	90.78466318555446	nan	nan	0.92	0.0	0	1	0	0	0	0	0	0.0	nan	nan	{}	[]	experiments/e149_final20_stoichiometry_v1/out_s0/ova_c4_iptm80_20n_c1/seed-3_sample-0/ova_c4_iptm80_20n_c1_seed-3_sample-0_summary_confidences.json	experiments/e149_final20_stoichiometry_v1/out_s0/ova_c4_iptm80_20n_c1/seed-3_sample-0/ova_c4_iptm80_20n_c1_seed-3_sample-0_model.cif
ova_c4_iptm80_20n_c1	seed-3_sample-1	1	0.0	0.92	90.88935258104394	nan	nan	0.92	0.0	0	1	0	0	0	0	0	0.0	nan	nan	{}	[]	experiments/e149_final20_stoichiometry_v1/out_s0/ova_c4_iptm80_20n_c1/seed-3_sample-1/ova_c4_iptm80_20n_c1_seed-3_sample-1_summary_confidences.json	experiments/e149_final20_stoichiometry_v1/out_s0/ova_c4_iptm80_20n_c1/seed-3_sample-1/ova_c4_iptm80_20n_c1_seed-3_sample-1_model.cif
ova_c4_iptm80_20n_c1	seed-3_sample-2	1	0.0	0.92	90.72805698177358	nan	nan	0.92	0.0	0	1	0	0	0	0	0	0.0	nan	nan	{}	[]	experiments/e149_final20_stoichiometry_v1/out_s0/ova_c4_iptm80_20n_c1/seed-3_sample-2/ova_c4_iptm80_20n_c1_seed-3_sample-2_summary_confidences.json	experiments/e149_final20_stoichiometry_v1/out_s0/ova_c4_iptm80_20n_c1/seed-3_sample-2/ova_c4_iptm80_20n_c1_seed-3_sample-2_model.cif
ova_c4_iptm80_20n_c1	seed-3_sample-3	1	0.0	0.92	90.47901549858133	nan	nan	0.92	0.0	0	1	0	0	0	0	0	0.0	nan	nan	{}	[]	experiments/e149_final20_stoichiometry_v1/out_s0/ova_c4_iptm80_20n_c1/seed-3_sample-3/ova_c4_iptm80_20n_c1_seed-3_sample-3_summary_confidences.json	experiments/e149_final20_stoichiometry_v1/out_s0/ova_c4_iptm80_20n_c1/seed-3_sample-3/ova_c4_iptm80_20n_c1_seed-3_sample-3_model.cif
ova_c4_iptm80_20n_c1	seed-3_sample-4	1	0.0	0.92	90.87269433174727	nan	nan	0.92	0.0	0	1	0	0	0	0	0	0.0	nan	nan	{}	[]	experiments/e149_final20_stoichiometry_v1/out_s0/ova_c4_iptm80_20n_c1/seed-3_sample-4/ova_c4_iptm80_20n_c1_seed-3_sample-4_summary_confidences.json	experiments/e149_final20_stoichiometry_v1/out_s0/ova_c4_iptm80_20n_c1/seed-3_sample-4/ova_c4_iptm80_20n_c1_seed-3_sample-4_model.cif
ova_c4_iptm80_20n_c2	seed-1_sample-0	2	0.18	0.55	88.0902850492013	nan	nan	0.25	0.0	1	2	1	0	48	48	0	0.18	0.18	21.18	"{""A-B"": 48}"	[96, 97, 98, 99, 151, 155, 156, 157, 182, 183, 184, 188, 190, 191, 192, 194, 195, 196, 208, 336, 337, 338, 340, 342, 343, 348]	experiments/e149_final20_stoichiometry_v1/out_s0/ova_c4_iptm80_20n_c2/seed-1_sample-0/ova_c4_iptm80_20n_c2_seed-1_sample-0_summary_confidences.json	experiments/e149_final20_stoichiometry_v1/out_s0/ova_c4_iptm80_20n_c2/seed-1_sample-0/ova_c4_iptm80_20n_c2_seed-1_sample-0_model.cif
ova_c4_iptm80_20n_c2	seed-1_sample-1	2	0.19	0.55	88.46287568245528	nan	nan	0.26	0.0	1	2	1	0	52	52	0	0.19	0.19	21.0	"{""A-B"": 52}"	[95, 96, 97, 98, 99, 151, 155, 156, 157, 159, 182, 183, 184, 190, 191, 192, 194, 195, 196, 208, 336, 337, 338, 339, 340, 342, 344, 345, 348]	experiments/e149_final20_stoichiometry_v1/out_s0/ova_c4_iptm80_20n_c2/seed-1_sample-1/ova_c4_iptm80_20n_c2_seed-1_sample-1_summary_confidences.json	experiments/e149_final20_stoichiometry_v1/out_s0/ova_c4_iptm80_20n_c2/seed-1_sample-1/ova_c4_iptm80_20n_c2_seed-1_sample-1_model.cif
ova_c4_iptm80_20n_c2	seed-1_sample-2	2	0.28	0.6	88.71430039282289	nan	nan	0.35	0.0	1	2	1	0	50	50	0	0.28	0.28	16.94	"{""A-B"": 50}"	[86, 87, 90, 93, 95, 96, 97, 217, 219, 234, 236, 237, 238, 239, 270, 271, 272, 275, 276, 278, 340, 341, 342, 346, 371, 372, 373, 374]	experiments/e149_final20_stoichiometry_v1/out_s0/ova_c4_iptm80_20n_c2/seed-1_sample-2/ova_c4_iptm80_20n_c2_seed-1_sample-2_summary_confidences.json	experiments/e149_final20_stoichiometry_v1/out_s0/ova_c4_iptm80_20n_c2/seed-1_sample-2/ova_c4_iptm80_20n_c2_seed-1_sample-2_model.cif
ova_c4_iptm80_20n_c2	seed-1_sample-3	2	0.18	0.55	88.06230564809216	nan	nan	0.25	0.0	1	2	1	0	73	73	0	0.18	0.18	20.55	"{""A-B"": 73}"	[94, 95, 96, 97, 98, 99, 151, 152, 155, 156, 157, 182, 183, 184, 188, 190, 191, 192, 193, 194, 195, 196, 208, 210, 336, 337, 338, 339, 340, 342, 343, 344, 345]	experiments/e149_final20_stoichiometry_v1/out_s0/ova_c4_iptm80_20n_c2/seed-1_sample-3/ova_c4_iptm80_20n_c2_seed-1_sample-3_summary_confidences.json	experiments/e149_final20_stoichiometry_v1/out_s0/ova_c4_iptm80_20n_c2/seed-1_sample-3/ova_c4_iptm80_20n_c2_seed-1_sample-3_model.cif
ova_c4_iptm80_20n_c2	seed-1_sample-4	2	0.28	0.6	88.72455966534392	nan	nan	0.34	0.0	1	2	1	0	50	50	0	0.28	0.28	17.13	"{""A-B"": 50}"	[86, 90, 93, 95, 96, 97, 217, 219, 234, 236, 237, 238, 239, 271, 272, 275, 276, 278, 340, 341, 342, 344, 345, 346, 371, 372, 373, 374]	experiments/e149_final20_stoichiometry_v1/out_s0/ova_c4_iptm80_20n_c2/seed-1_sample-4/ova_c4_iptm80_20n_c2_seed-1_sample-4_summary_confidences.json	experiments/e149_final20_stoichiometry_v1/out_s0/ova_c4_iptm80_20n_c2/seed-1_sample-4/ova_c4_iptm80_20n_c2_seed-1_sample-4_model.cif
ova_c4_iptm80_20n_c2	seed-2_sample-0	2	0.28	0.6	88.8834457397461	nan	nan	0.34	0.0	1	2	1	0	46	46	0	0.28	0.28	16.93	"{""A-B"": 46}"	[86, 90, 95, 97, 217, 237, 238, 239, 270, 271, 272, 276, 340, 341, 342, 344, 345, 346, 371, 372, 373, 374]	experiments/e149_final20_stoichiometry_v1/out_s0/ova_c4_iptm80_20n_c2/seed-2_sample-0/ova_c4_iptm80_20n_c2_seed-2_sample-0_summary_confidences.json	experiments/e149_final20_stoichiometry_v1/out_s0/ova_c4_iptm80_20n_c2/seed-2_sample-0/ova_c4_iptm80_20n_c2_seed-2_sample-0_model.cif
ova_c4_iptm80_20n_c2	seed-2_sample-1	2	0.31	0.61	89.07792741647039	nan	nan	0.37	0.0	1	2	1	0	49	49	0	0.31	0.31	15.95	"{""A-B"": 49}"	[86, 90, 95, 96, 97, 217, 236, 237, 238, 239, 271, 272, 276, 278, 340, 341, 342, 343, 344, 345, 346, 373, 374]	experiments/e149_final20_stoichiometry_v1/out_s0/ova_c4_iptm80_20n_c2/seed-2_sample-1/ova_c4_iptm80_20n_c2_seed-2_sample-1_summary_confidences.json	experiments/e149_final20_stoichiometry_v1/out_s0/ova_c4_iptm80_20n_c2/seed-2_sample-1/ova_c4_iptm80_20n_c2_seed-2_sample-1_model.cif
ova_c4_iptm80_20n_c2	seed-2_sample-2	2	0.33	0.62	88.71349753740537	nan	nan	0.39	0.0	1	2	1	0	59	59	0	0.33	0.33	15.85	"{""A-B"": 59}"	[86, 87, 90, 95, 96, 97, 217, 219, 234, 236, 237, 238, 239, 270, 271, 272, 276, 278, 340, 341, 342, 344, 345, 346, 371, 372, 373, 374]	experiments/e149_final20_stoichiometry_v1/out_s0/ova_c4_iptm80_20n_c2/seed-2_sample-2/ova_c4_iptm80_20n_c2_seed-2_sample-2_summary_confidences.json	experiments/e149_final20_stoichiometry_v1/out_s0/ova_c4_iptm80_20n_c2/seed-2_sample-2/ova_c4_iptm80_20n_c2_seed-2_sample-2_model.cif
ova_c4_iptm80_20n_c2	seed-2_sample-3	2	0.19	0.55	88.56202073171349	nan	nan	0.26	0.0	1	2	1	0	65	65	0	0.19	0.19	20.12	"{""A-B"": 65}"	[94, 95, 96, 97, 98, 99, 152, 155, 156, 157, 182, 183, 184, 188, 190, 191, 192, 193, 194, 195, 196, 208, 210, 336, 337, 338, 340, 342, 344, 345, 348]	experiments/e149_final20_stoichiometry_v1/out_s0/ova_c4_iptm80_20n_c2/seed-2_sample-3/ova_c4_iptm80_20n_c2_seed-2_sample-3_summary_confidences.json	experiments/e149_final20_stoichiometry_v1/out_s0/ova_c4_iptm80_20n_c2/seed-2_sample-3/ova_c4_iptm80_20n_c2_seed-2_sample-3_model.cif
ova_c4_iptm80_20n_c2	seed-2_sample-4	2	0.18	0.54	88.46541456113825	nan	nan	0.25	0.0	1	2	1	0	49	49	0	0.18	0.18	21.08	"{""A-B"": 49}"	[94, 95, 96, 98, 99, 151, 155, 156, 157, 159, 182, 183, 184, 191, 192, 194, 195, 196, 208, 337, 338, 342, 344, 345, 346]	experiments/e149_final20_stoichiometry_v1/out_s0/ova_c4_iptm80_20n_c2/seed-2_sample-4/ova_c4_iptm80_20n_c2_seed-2_sample-4_summary_confidences.json	experiments/e149_final20_stoichiometry_v1/out_s0/ova_c4_iptm80_20n_c2/seed-2_sample-4/ova_c4_iptm80_20n_c2_seed-2_sample-4_model.cif
ova_c4_iptm80_20n_c2	seed-3_sample-0	2	0.34	0.63	88.58709844282872	nan	nan	0.4	0.0	1	2	1	0	63	63	0	0.34	0.34	14.05	"{""A-B"": 63}"	[1, 86, 87, 89, 90, 95, 96, 97, 187, 217, 219, 234, 236, 237, 238, 239, 270, 271, 272, 275, 276, 278, 340, 341, 342, 343, 344, 371, 372, 373, 374]	experiments/e149_final20_stoichiometry_v1/out_s0/ova_c4_iptm80_20n_c2/seed-3_sample-0/ova_c4_iptm80_20n_c2_seed-3_sample-0_summary_confidences.json	experiments/e149_final20_stoichiometry_v1/out_s0/ova_c4_iptm80_20n_c2/seed-3_sample-0/ova_c4_iptm80_20n_c2_seed-3_sample-0_model.cif
ova_c4_iptm80_20n_c2	seed-3_sample-1	2	0.34	0.63	88.73388604673079	nan	nan	0.4	0.0	1	2	1	0	54	54	0	0.34	0.34	14.13	"{""A-B"": 54}"	[86, 87, 90, 95, 96, 97, 217, 219, 234, 236, 237, 238, 239, 270, 271, 272, 276, 278, 340, 341, 342, 344, 346, 371, 372, 373, 374]	experiments/e149_final20_stoichiometry_v1/out_s0/ova_c4_iptm80_20n_c2/seed-3_sample-1/ova_c4_iptm80_20n_c2_seed-3_sample-1_summary_confidences.json	experiments/e149_final20_stoichiometry_v1/out_s0/ova_c4_iptm80_20n_c2/seed-3_sample-1/ova_c4_iptm80_20n_c2_seed-3_sample-1_model.cif
ova_c4_iptm80_20n_c2	seed-3_sample-2	2	0.31	0.62	88.84639912936353	nan	nan	0.38	0.0	1	2	1	0	45	45	0	0.31	0.31	14.49	"{""A-B"": 45}"	[1, 86, 87, 89, 90, 95, 96, 97, 217, 219, 234, 236, 237, 238, 239, 270, 271, 272, 276, 278, 340, 341, 342, 346, 371, 372, 373, 374]	experiments/e149_final20_stoichiometry_v1/out_s0/ova_c4_iptm80_20n_c2/seed-3_sample-2/ova_c4_iptm80_20n_c2_seed-3_sample-2_summary_confidences.json	experiments/e149_final20_stoichiometry_v1/out_s0/ova_c4_iptm80_20n_c2/seed-3_sample-2/ova_c4_iptm80_20n_c2_seed-3_sample-2_model.cif
ova_c4_iptm80_20n_c2	seed-3_sample-3	2	0.32	0.62	88.62844556106805	nan	nan	0.38	0.0	1	2	1	0	54	54	0	0.32	0.32	14.84	"{""A-B"": 54}"	[86, 87, 89, 90, 95, 96, 97, 217, 219, 234, 236, 237, 238, 239, 271, 272, 275, 276, 278, 340, 341, 342, 344, 346, 347, 371, 372, 373, 374]	experiments/e149_final20_stoichiometry_v1/out_s0/ova_c4_iptm80_20n_c2/seed-3_sample-3/ova_c4_iptm80_20n_c2_seed-3_sample-3_summary_confidences.json	experiments/e149_final20_stoichiometry_v1/out_s0/ova_c4_iptm80_20n_c2/seed-3_sample-3/ova_c4_iptm80_20n_c2_seed-3_sample-3_model.cif
ova_c4_iptm80_20n_c2	seed-3_sample-4	2	0.17	0.54	88.12839360805373	nan	nan	0.24	0.0	1	2	1	0	40	40	0	0.17	0.17	20.98	"{""A-B"": 40}"	[96, 97, 98, 99, 151, 155, 156, 157, 182, 183, 184, 190, 191, 192, 195, 196, 208, 337, 338, 340, 342, 348]	experiments/e149_final20_stoichiometry_v1/out_s0/ova_c4_iptm80_20n_c2/seed-3_sample-4/ova_c4_iptm80_20n_c2_seed-3_sample-4_summary_confidences.json	experiments/e149_final20_stoichiometry_v1/out_s0/ova_c4_iptm80_20n_c2/seed-3_sample-4/ova_c4_iptm80_20n_c2_seed-3_sample-4_model.cif
ova_c4_iptm80_20n_c3	seed-1_sample-0	3	0.14	0.41	86.93955950168748	nan	nan	0.19	0.0	3	3	1	0	66	66	0	0.11	0.11	26.8	"{""A-B"": 7, ""A-C"": 43, ""B-C"": 16}"	[1, 2, 3, 6, 64, 65, 66, 68, 79, 86, 262, 263, 264, 266, 267, 270, 271, 272, 340, 341, 342, 343, 344, 346, 347, 350, 373, 375]	experiments/e149_final20_stoichiometry_v1/out_s5/ova_c4_iptm80_20n_c3/seed-1_sample-0/ova_c4_iptm80_20n_c3_seed-1_sample-0_summary_confidences.json	experiments/e149_final20_stoichiometry_v1/out_s5/ova_c4_iptm80_20n_c3/seed-1_sample-0/ova_c4_iptm80_20n_c3_seed-1_sample-0_model.cif
ova_c4_iptm80_20n_c3	seed-1_sample-1	3	0.19	0.44	87.1442227635359	nan	nan	0.24	0.0	3	3	1	0	102	102	0	0.14	0.14	22.17	"{""A-B"": 37, ""A-C"": 16, ""B-C"": 49}"	[94, 95, 96, 97, 98, 99, 152, 155, 156, 157, 182, 183, 184, 186, 187, 190, 191, 192, 193, 195, 196, 208, 210, 215, 216, 217, 236, 237, 238, 276, 278, 336, 337, 338, 340, 341, 342, 343, 344, 345, 346, 347, 348, 349, 350, 351, 354]	experiments/e149_final20_stoichiometry_v1/out_s5/ova_c4_iptm80_20n_c3/seed-1_sample-1/ova_c4_iptm80_20n_c3_seed-1_sample-1_summary_confidences.json	experiments/e149_final20_stoichiometry_v1/out_s5/ova_c4_iptm80_20n_c3/seed-1_sample-1/ova_c4_iptm80_20n_c3_seed-1_sample-1_model.cif
ova_c4_iptm80_20n_c3	seed-1_sample-2	3	0.15	0.42	86.15766844477679	nan	nan	0.21	0.0	3	3	1	0	189	189	0	0.12	0.12	25.75	"{""A-B"": 46, ""A-C"": 55, ""B-C"": 88}"	[1, 3, 64, 65, 70, 75, 76, 77, 78, 79, 82, 83, 86, 87, 89, 90, 91, 92, 93, 94, 95, 96, 97, 98, 99, 100, 101, 123, 124, 127, 128, 131, 132, 145, 148, 149, 151, 152, 153, 155, 156, 182, 183, 184, 191, 192, 217, 235, 236, 237, 238, 239, 240, 271, 272, 276, 337, 338, 339, 340, 341, 342, 344, 345, 371, 372, 373, 374]	experiments/e149_final20_stoichiometry_v1/out_s5/ova_c4_iptm80_20n_c3/seed-1_sample-2/ova_c4_iptm80_20n_c3_seed-1_sample-2_summary_confidences.json	experiments/e149_final20_stoichiometry_v1/out_s5/ova_c4_iptm80_20n_c3/seed-1_sample-2/ova_c4_iptm80_20n_c3_seed-1_sample-2_model.cif
ova_c4_iptm80_20n_c3	seed-1_sample-3	3	0.17	0.43	87.15917080301077	nan	nan	0.22	0.0	3	3	1	0	119	119	0	0.12	0.12	23.25	"{""A-B"": 29, ""A-C"": 18, ""B-C"": 72}"	[90, 94, 95, 96, 97, 98, 99, 101, 151, 152, 155, 156, 157, 182, 183, 184, 188, 190, 191, 192, 193, 194, 195, 196, 208, 210, 236, 237, 238, 239, 271, 336, 338, 339, 340, 341, 342, 343, 344, 345, 346, 347, 372, 373]	experiments/e149_final20_stoichiometry_v1/out_s5/ova_c4_iptm80_20n_c3/seed-1_sample-3/ova_c4_iptm80_20n_c3_seed-1_sample-3_summary_confidences.json	experiments/e149_final20_stoichiometry_v1/out_s5/ova_c4_iptm80_20n_c3/seed-1_sample-3/ova_c4_iptm80_20n_c3_seed-1_sample-3_model.cif
ova_c4_iptm80_20n_c3	seed-1_sample-4	3	0.16	0.42	86.40238348807695	nan	nan	0.21	0.0	3	3	1	0	116	116	0	0.12	0.12	25.47	"{""A-B"": 21, ""A-C"": 38, ""B-C"": 57}"	[1, 3, 64, 65, 68, 70, 72, 73, 78, 79, 82, 86, 89, 90, 92, 93, 94, 95, 96, 97, 99, 144, 145, 148, 149, 151, 152, 155, 156, 184, 186, 188, 191, 192, 217, 234, 236, 237, 238, 239, 271, 272, 275, 276, 336, 337, 338, 372, 373, 374]	experiments/e149_final20_stoichiometry_v1/out_s5/ova_c4_iptm80_20n_c3/seed-1_sample-4/ova_c4_iptm80_20n_c3_seed-1_sample-4_summary_confidences.json	experiments/e149_final20_stoichiometry_v1/out_s5/ova_c4_iptm80_20n_c3/seed-1_sample-4/ova_c4_iptm80_20n_c3_seed-1_sample-4_model.cif
ova_c4_iptm80_20n_c3	seed-2_sample-0	3	0.23	0.47	88.03422291414725	nan	nan	0.28	0.0	3	3	1	0	101	101	0	0.14	0.14	18.53	"{""A-B"": 28, ""A-C"": 46, ""B-C"": 27}"	[86, 90, 95, 97, 186, 187, 188, 190, 191, 192, 193, 216, 217, 234, 236, 237, 238, 239, 271, 272, 276, 278, 337, 338, 339, 340, 341, 342, 343, 344, 345, 346, 347, 348, 349, 351, 373, 374]	experiments/e149_final20_stoichiometry_v1/out_s5/ova_c4_iptm80_20n_c3/seed-2_sample-0/ova_c4_iptm80_20n_c3_seed-2_sample-0_summary_confidences.json	experiments/e149_final20_stoichiometry_v1/out_s5/ova_c4_iptm80_20n_c3/seed-2_sample-0/ova_c4_iptm80_20n_c3_seed-2_sample-0_model.cif
ova_c4_iptm80_20n_c3	seed-2_sample-1	3	0.21	0.45	87.79893774319189	nan	nan	0.26	0.0	3	3	1	0	98	98	0	0.14	0.14	19.71	"{""A-B"": 34, ""A-C"": 7, ""B-C"": 57}"	[93, 94, 95, 96, 97, 98, 99, 155, 156, 182, 183, 184, 186, 190, 191, 192, 193, 195, 196, 217, 234, 238, 239, 276, 278, 336, 337, 338, 339, 340, 341, 342, 343, 344, 345, 346, 347, 348, 350, 351, 354, 372, 373]	experiments/e149_final20_stoichiometry_v1/out_s5/ova_c4_iptm80_20n_c3/seed-2_sample-1/ova_c4_iptm80_20n_c3_seed-2_sample-1_summary_confidences.json	experiments/e149_final20_stoichiometry_v1/out_s5/ova_c4_iptm80_20n_c3/seed-2_sample-1/ova_c4_iptm80_20n_c3_seed-2_sample-1_model.cif
ova_c4_iptm80_20n_c3	seed-2_sample-2	3	0.18	0.43	87.72217608239366	nan	nan	0.23	0.0	3	3	1	0	86	86	0	0.14	0.14	21.16	"{""A-B"": 28, ""A-C"": 30, ""B-C"": 28}"	[95, 96, 97, 184, 188, 191, 217, 236, 277, 278, 279, 338, 339, 340, 341, 342, 344, 346, 347, 350, 351, 354, 355, 356, 357]	experiments/e149_final20_stoichiometry_v1/out_s5/ova_c4_iptm80_20n_c3/seed-2_sample-2/ova_c4_iptm80_20n_c3_seed-2_sample-2_summary_confidences.json	experiments/e149_final20_stoichiometry_v1/out_s5/ova_c4_iptm80_20n_c3/seed-2_sample-2/ova_c4_iptm80_20n_c3_seed-2_sample-2_model.cif
ova_c4_iptm80_20n_c3	seed-2_sample-3	3	0.2	0.44	87.2511917568859	nan	nan	0.25	0.0	3	3	1	0	75	75	0	0.14	0.14	20.63	"{""A-B"": 27, ""A-C"": 35, ""B-C"": 13}"	[94, 95, 96, 98, 99, 155, 156, 182, 184, 186, 187, 190, 191, 192, 194, 195, 196, 215, 216, 217, 234, 238, 278, 338, 340, 341, 342, 343, 344, 345, 346, 347, 348, 349, 350, 351]	experiments/e149_final20_stoichiometry_v1/out_s5/ova_c4_iptm80_20n_c3/seed-2_sample-3/ova_c4_iptm80_20n_c3_seed-2_sample-3_summary_confidences.json	experiments/e149_final20_stoichiometry_v1/out_s5/ova_c4_iptm80_20n_c3/seed-2_sample-3/ova_c4_iptm80_20n_c3_seed-2_sample-3_model.cif
ova_c4_iptm80_20n_c3	seed-2_sample-4	3	0.18	0.43	87.77577742146704	nan	nan	0.23	0.0	3	3	1	0	92	92	0	0.15	0.15	22.45	"{""A-B"": 33, ""A-C"": 29, ""B-C"": 30}"	[86, 87, 89, 90, 93, 94, 95, 96, 97, 217, 222, 236, 237, 238, 239, 271, 272, 273, 275, 276, 277, 278, 279, 340, 354, 355, 356, 357, 373]	experiments/e149_final20_stoichiometry_v1/out_s5/ova_c4_iptm80_20n_c3/seed-2_sample-4/ova_c4_iptm80_20n_c3_seed-2_sample-4_summary_confidences.json	experiments/e149_final20_stoichiometry_v1/out_s5/ova_c4_iptm80_20n_c3/seed-2_sample-4/ova_c4_iptm80_20n_c3_seed-2_sample-4_model.cif
ova_c4_iptm80_20n_c3	seed-3_sample-0	3	0.15	0.41	86.45422255560524	nan	nan	0.2	0.0	3	3	1	0	149	149	0	0.11	0.11	27.0	"{""A-B"": 55, ""A-C"": 59, ""B-C"": 35}"	[2, 4, 64, 65, 70, 71, 72, 73, 74, 75, 77, 79, 80, 81, 82, 83, 85, 86, 87, 89, 90, 93, 94, 95, 96, 99, 116, 117, 120, 121, 124, 125, 127, 134, 137, 138, 141, 144, 145, 148, 149, 151, 152, 153, 155, 156, 182, 183, 184, 188, 191, 192, 217, 219, 271, 272, 274, 275, 276, 277, 278, 336, 337, 338, 339, 342, 344, 345, 347, 350, 351, 354, 355, 356, 357, 374]	experiments/e149_final20_stoichiometry_v1/out_s5/ova_c4_iptm80_20n_c3/seed-3_sample-0/ova_c4_iptm80_20n_c3_seed-3_sample-0_summary_confidences.json	experiments/e149_final20_stoichiometry_v1/out_s5/ova_c4_iptm80_20n_c3/seed-3_sample-0/ova_c4_iptm80_20n_c3_seed-3_sample-0_model.cif
ova_c4_iptm80_20n_c3	seed-3_sample-1	3	0.14	0.41	86.87632119964441	nan	nan	0.2	0.0	3	3	1	0	63	63	0	0.11	0.11	28.08	"{""A-B"": 24, ""A-C"": 30, ""B-C"": 9}"	[1, 2, 6, 52, 55, 56, 61, 67, 69, 77, 96, 134, 137, 138, 140, 141, 144, 145, 148, 151, 152, 155, 156, 164, 182, 184, 186, 191, 192, 196, 216, 217, 238, 239, 261, 263, 271, 275, 276, 277, 278, 336, 337, 338, 340, 341, 342, 343, 344, 346, 347, 350, 351, 373]	experiments/e149_final20_stoichiometry_v1/out_s5/ova_c4_iptm80_20n_c3/seed-3_sample-1/ova_c4_iptm80_20n_c3_seed-3_sample-1_summary_confidences.json	experiments/e149_final20_stoichiometry_v1/out_s5/ova_c4_iptm80_20n_c3/seed-3_sample-1/ova_c4_iptm80_20n_c3_seed-3_sample-1_model.cif
ova_c4_iptm80_20n_c3	seed-3_sample-2	3	0.15	0.41	86.30196887594431	nan	nan	0.2	0.0	3	3	1	0	169	169	0	0.12	0.12	25.2	"{""A-B"": 57, ""A-C"": 56, ""B-C"": 56}"	[77, 78, 79, 81, 86, 89, 90, 91, 93, 94, 95, 96, 97, 148, 149, 151, 152, 153, 155, 156, 184, 190, 191, 192, 219, 236, 237, 238, 239, 270, 271, 272, 273, 274, 275, 276, 277, 338, 339, 340, 342, 343, 344, 345, 346, 347, 372, 373]	experiments/e149_final20_stoichiometry_v1/out_s5/ova_c4_iptm80_20n_c3/seed-3_sample-2/ova_c4_iptm80_20n_c3_seed-3_sample-2_summary_confidences.json	experiments/e149_final20_stoichiometry_v1/out_s5/ova_c4_iptm80_20n_c3/seed-3_sample-2/ova_c4_iptm80_20n_c3_seed-3_sample-2_model.cif
ova_c4_iptm80_20n_c3	seed-3_sample-3	3	0.15	0.41	86.45341962112664	nan	nan	0.2	0.0	3	3	1	0	110	110	0	0.11	0.11	22.22	"{""A-B"": 37, ""A-C"": 36, ""B-C"": 37}"	[93, 94, 95, 96, 97, 98, 99, 101, 127, 155, 156, 157, 180, 182, 183, 184, 186, 188, 191, 192, 217, 234, 236, 237, 238, 334, 336, 337, 338, 339, 340, 341, 342, 344, 345]	experiments/e149_final20_stoichiometry_v1/out_s5/ova_c4_iptm80_20n_c3/seed-3_sample-3/ova_c4_iptm80_20n_c3_seed-3_sample-3_summary_confidences.json	experiments/e149_final20_stoichiometry_v1/out_s5/ova_c4_iptm80_20n_c3/seed-3_sample-3/ova_c4_iptm80_20n_c3_seed-3_sample-3_model.cif
ova_c4_iptm80_20n_c3	seed-3_sample-4	3	0.14	0.41	87.1066579670486	nan	nan	0.2	0.0	3	3	1	0	45	45	0	0.11	0.11	26.65	"{""A-B"": 25, ""A-C"": 8, ""B-C"": 12}"	[73, 107, 110, 111, 116, 119, 120, 123, 131, 132, 133, 134, 137, 138, 141, 142, 145, 152, 192, 193, 194, 195, 196, 197, 198, 206, 207, 208, 210]	experiments/e149_final20_stoichiometry_v1/out_s5/ova_c4_iptm80_20n_c3/seed-3_sample-4/ova_c4_iptm80_20n_c3_seed-3_sample-4_summary_confidences.json	experiments/e149_final20_stoichiometry_v1/out_s5/ova_c4_iptm80_20n_c3/seed-3_sample-4/ova_c4_iptm80_20n_c3_seed-3_sample-4_model.cif
ova_c4_iptm80_20n_c5	seed-1_sample-0	5	0.37	0.48	86.19992230469698	nan	nan	0.39	0.0	9	5	1	0	224	224	0	0.11	0.3	16.05	"{""A-B"": 40, ""A-C"": 47, ""A-D"": 10, ""A-E"": 14, ""B-C"": 8, ""B-D"": 49, ""B-E"": 8, ""C-D"": 40, ""C-E"": 8, ""D-E"": 0}"	[83, 86, 87, 90, 94, 95, 96, 97, 98, 99, 127, 128, 149, 152, 153, 155, 156, 157, 182, 184, 190, 191, 192, 193, 196, 208, 210, 216, 217, 236, 271, 272, 276, 278, 280, 282, 285, 287, 334, 336, 337, 338, 339, 340, 342, 343, 344, 345, 346, 347, 348, 349, 350, 352, 353, 354, 355, 356, 358, 360, 373, 374]	experiments/e149_final20_stoichiometry_v1/out_s7/ova_c4_iptm80_20n_c5/seed-1_sample-0/ova_c4_iptm80_20n_c5_seed-1_sample-0_summary_confidences.json	experiments/e149_final20_stoichiometry_v1/out_s7/ova_c4_iptm80_20n_c5/seed-1_sample-0/ova_c4_iptm80_20n_c5_seed-1_sample-0_model.cif
ova_c4_iptm80_20n_c5	seed-1_sample-1	5	0.24	0.38	85.5055181770127	nan	nan	0.27	0.0	5	5	1	0	167	167	0	0.14	0.14	19.38	"{""A-B"": 18, ""A-C"": 53, ""A-D"": 0, ""A-E"": 0, ""B-C"": 0, ""B-D"": 44, ""B-E"": 0, ""C-D"": 0, ""C-E"": 23, ""D-E"": 29}"	[94, 95, 96, 97, 98, 99, 155, 156, 182, 183, 184, 188, 190, 191, 192, 195, 196, 217, 275, 276, 277, 278, 334, 336, 337, 338, 339, 340, 342, 343, 344, 345, 346, 347, 348, 349, 350, 352, 353, 354, 356]	experiments/e149_final20_stoichiometry_v1/out_s7/ova_c4_iptm80_20n_c5/seed-1_sample-1/ova_c4_iptm80_20n_c5_seed-1_sample-1_summary_confidences.json	experiments/e149_final20_stoichiometry_v1/out_s7/ova_c4_iptm80_20n_c5/seed-1_sample-1/ova_c4_iptm80_20n_c5_seed-1_sample-1_model.cif
ova_c4_iptm80_20n_c5	seed-1_sample-2	5	0.26	0.4	85.47937817153536	nan	nan	0.29	0.0	5	5	1	0	134	134	0	0.14	0.17	19.03	"{""A-B"": 0, ""A-C"": 28, ""A-D"": 1, ""A-E"": 23, ""B-C"": 0, ""B-D"": 35, ""B-E"": 15, ""C-D"": 32, ""C-E"": 0, ""D-E"": 0}"	[94, 95, 96, 97, 98, 99, 155, 156, 182, 183, 184, 188, 190, 191, 192, 193, 195, 196, 215, 216, 217, 275, 276, 277, 278, 337, 338, 340, 342, 343, 344, 345, 346, 347, 348, 349, 350, 352, 353, 354, 355, 356, 357]	experiments/e149_final20_stoichiometry_v1/out_s7/ova_c4_iptm80_20n_c5/seed-1_sample-2/ova_c4_iptm80_20n_c5_seed-1_sample-2_summary_confidences.json	experiments/e149_final20_stoichiometry_v1/out_s7/ova_c4_iptm80_20n_c5/seed-1_sample-2/ova_c4_iptm80_20n_c5_seed-1_sample-2_model.cif
ova_c4_iptm80_20n_c5	seed-1_sample-3	5	0.35	0.47	85.75816062571471	nan	nan	0.37	0.0	8	5	1	0	185	185	0	0.11	0.28	16.295	"{""A-B"": 17, ""A-C"": 52, ""A-D"": 10, ""A-E"": 2, ""B-C"": 10, ""B-D"": 48, ""B-E"": 1, ""C-D"": 17, ""C-E"": 18, ""D-E"": 10}"	[82, 83, 86, 90, 94, 95, 96, 97, 98, 99, 182, 184, 186, 190, 191, 192, 193, 217, 219, 222, 234, 236, 237, 238, 239, 241, 270, 271, 272, 276, 278, 337, 338, 339, 340, 342, 343, 344, 345, 346, 347, 348, 349, 350, 352, 353, 354, 355, 356, 357, 372, 373, 374]	experiments/e149_final20_stoichiometry_v1/out_s7/ova_c4_iptm80_20n_c5/seed-1_sample-3/ova_c4_iptm80_20n_c5_seed-1_sample-3_summary_confidences.json	experiments/e149_final20_stoichiometry_v1/out_s7/ova_c4_iptm80_20n_c5/seed-1_sample-3/ova_c4_iptm80_20n_c5_seed-1_sample-3_model.cif
ova_c4_iptm80_20n_c5	seed-1_sample-4	5	0.3	0.43	86.1790413337668	nan	nan	0.33	0.0	7	5	1	0	148	148	0	0.26	0.26	17.56	"{""A-B"": 0, ""A-C"": 34, ""A-D"": 0, ""A-E"": 20, ""B-C"": 9, ""B-D"": 27, ""B-E"": 27, ""C-D"": 21, ""C-E"": 0, ""D-E"": 10}"	[86, 87, 89, 90, 94, 95, 96, 97, 98, 99, 155, 156, 182, 183, 184, 190, 191, 192, 193, 194, 195, 196, 208, 216, 217, 271, 272, 278, 337, 338, 340, 342, 343, 344, 345, 346, 347, 348, 349, 350, 352, 353, 354, 355, 373, 374]	experiments/e149_final20_stoichiometry_v1/out_s7/ova_c4_iptm80_20n_c5/seed-1_sample-4/ova_c4_iptm80_20n_c5_seed-1_sample-4_summary_confidences.json	experiments/e149_final20_stoichiometry_v1/out_s7/ova_c4_iptm80_20n_c5/seed-1_sample-4/ova_c4_iptm80_20n_c5_seed-1_sample-4_model.cif
ova_c4_iptm80_20n_c5	seed-2_sample-0	5	0.35	0.47	86.68378236997931	nan	nan	0.37	0.0	5	5	1	0	135	135	0	0.24	0.31	15.89	"{""A-B"": 1, ""A-C"": 34, ""A-D"": 18, ""A-E"": 0, ""B-C"": 12, ""B-D"": 0, ""B-E"": 41, ""C-D"": 0, ""C-E"": 0, ""D-E"": 29}"	[1, 64, 86, 87, 90, 94, 95, 96, 97, 98, 99, 182, 184, 190, 191, 192, 193, 194, 195, 196, 216, 217, 219, 232, 263, 266, 267, 271, 272, 274, 275, 276, 278, 337, 338, 340, 342, 343, 344, 345, 346, 347, 348, 349, 351, 373, 374]	experiments/e149_final20_stoichiometry_v1/out_s7/ova_c4_iptm80_20n_c5/seed-2_sample-0/ova_c4_iptm80_20n_c5_seed-2_sample-0_summary_confidences.json	experiments/e149_final20_stoichiometry_v1/out_s7/ova_c4_iptm80_20n_c5/seed-2_sample-0/ova_c4_iptm80_20n_c5_seed-2_sample-0_model.cif
ova_c4_iptm80_20n_c5	seed-2_sample-1	5	0.4	0.51	86.27194314670069	nan	nan	0.42	0.0	9	5	1	0	221	221	0	0.12	0.31	15.64	"{""A-B"": 26, ""A-C"": 54, ""A-D"": 8, ""A-E"": 0, ""B-C"": 8, ""B-D"": 52, ""B-E"": 10, ""C-D"": 24, ""C-E"": 20, ""D-E"": 19}"	[83, 86, 93, 94, 95, 96, 97, 98, 99, 131, 145, 148, 149, 152, 182, 184, 190, 191, 192, 193, 217, 236, 271, 272, 275, 276, 277, 278, 337, 338, 339, 340, 341, 342, 343, 344, 345, 346, 347, 348, 349, 350, 351, 352, 353, 354, 355, 356, 357, 373, 374]	experiments/e149_final20_stoichiometry_v1/out_s7/ova_c4_iptm80_20n_c5/seed-2_sample-1/ova_c4_iptm80_20n_c5_seed-2_sample-1_summary_confidences.json	experiments/e149_final20_stoichiometry_v1/out_s7/ova_c4_iptm80_20n_c5/seed-2_sample-1/ova_c4_iptm80_20n_c5_seed-2_sample-1_model.cif
ova_c4_iptm80_20n_c5	seed-2_sample-2	5	0.42	0.52	86.68937807626675	nan	nan	0.44	0.0	8	5	1	0	215	215	0	0.12	0.355	14.215	"{""A-B"": 34, ""A-C"": 42, ""A-D"": 11, ""A-E"": 17, ""B-C"": 11, ""B-D"": 41, ""B-E"": 23, ""C-D"": 34, ""C-E"": 0, ""D-E"": 2}"	[1, 83, 86, 94, 95, 96, 97, 98, 99, 148, 149, 151, 152, 155, 156, 182, 184, 190, 191, 192, 193, 216, 217, 222, 224, 227, 236, 248, 249, 270, 271, 272, 278, 336, 337, 338, 339, 340, 341, 342, 343, 344, 345, 346, 347, 348, 349, 350, 351, 352, 353, 354, 355, 356, 357, 358, 373, 374]	experiments/e149_final20_stoichiometry_v1/out_s7/ova_c4_iptm80_20n_c5/seed-2_sample-2/ova_c4_iptm80_20n_c5_seed-2_sample-2_summary_confidences.json	experiments/e149_final20_stoichiometry_v1/out_s7/ova_c4_iptm80_20n_c5/seed-2_sample-2/ova_c4_iptm80_20n_c5_seed-2_sample-2_model.cif
ova_c4_iptm80_20n_c5	seed-2_sample-3	5	0.38	0.49	86.73948195067095	nan	nan	0.4	0.0	6	5	1	0	179	179	0	0.24	0.29000000000000004	15.215	"{""A-B"": 7, ""A-C"": 40, ""A-D"": 14, ""A-E"": 0, ""B-C"": 12, ""B-D"": 0, ""B-E"": 49, ""C-D"": 4, ""C-E"": 1, ""D-E"": 52}"	[1, 83, 86, 87, 90, 94, 95, 96, 97, 98, 99, 152, 155, 156, 182, 183, 184, 187, 190, 191, 192, 193, 194, 195, 196, 197, 208, 210, 213, 216, 217, 218, 219, 232, 234, 238, 263, 266, 270, 271, 272, 273, 274, 275, 276, 278, 337, 338, 340, 341, 342, 343, 344, 345, 346, 347, 348, 349, 350, 351, 352, 353, 354, 355, 373, 374]	experiments/e149_final20_stoichiometry_v1/out_s7/ova_c4_iptm80_20n_c5/seed-2_sample-3/ova_c4_iptm80_20n_c5_seed-2_sample-3_summary_confidences.json	experiments/e149_final20_stoichiometry_v1/out_s7/ova_c4_iptm80_20n_c5/seed-2_sample-3/ova_c4_iptm80_20n_c5_seed-2_sample-3_model.cif
ova_c4_iptm80_20n_c5	seed-2_sample-4	5	0.38	0.49	85.63510362101343	nan	nan	0.4	0.0	9	5	1	0	210	210	0	0.12	0.3	15.81	"{""A-B"": 32, ""A-C"": 43, ""A-D"": 10, ""A-E"": 0, ""B-C"": 11, ""B-D"": 44, ""B-E"": 25, ""C-D"": 26, ""C-E"": 8, ""D-E"": 11}"	[82, 83, 86, 90, 92, 94, 95, 96, 97, 98, 99, 101, 102, 103, 105, 123, 127, 131, 145, 148, 149, 152, 153, 182, 183, 184, 190, 191, 192, 193, 195, 216, 217, 236, 271, 272, 276, 278, 336, 337, 338, 339, 340, 342, 343, 344, 345, 346, 347, 348, 349, 350, 351, 352, 353, 354, 355, 356, 357, 373, 374]	experiments/e149_final20_stoichiometry_v1/out_s7/ova_c4_iptm80_20n_c5/seed-2_sample-4/ova_c4_iptm80_20n_c5_seed-2_sample-4_summary_confidences.json	experiments/e149_final20_stoichiometry_v1/out_s7/ova_c4_iptm80_20n_c5/seed-2_sample-4/ova_c4_iptm80_20n_c5_seed-2_sample-4_model.cif
ova_c4_iptm80_20n_c5	seed-3_sample-0	5	0.38	0.49	86.06624371029552	nan	nan	0.4	0.0	8	5	1	0	207	207	0	0.13	0.28	16.67	"{""A-B"": 7, ""A-C"": 38, ""A-D"": 34, ""A-E"": 0, ""B-C"": 34, ""B-D"": 35, ""B-E"": 35, ""C-D"": 9, ""C-E"": 0, ""D-E"": 15}"	[86, 90, 94, 95, 96, 97, 98, 99, 110, 114, 119, 123, 124, 127, 131, 132, 145, 148, 149, 151, 152, 155, 156, 182, 184, 187, 190, 191, 192, 193, 195, 196, 197, 198, 206, 208, 216, 217, 236, 238, 271, 272, 276, 277, 278, 337, 338, 339, 340, 341, 342, 343, 344, 345, 346, 347, 348, 349, 350, 352, 353, 354, 355, 372, 373, 374]	experiments/e149_final20_stoichiometry_v1/out_s7/ova_c4_iptm80_20n_c5/seed-3_sample-0/ova_c4_iptm80_20n_c5_seed-3_sample-0_summary_confidences.json	experiments/e149_final20_stoichiometry_v1/out_s7/ova_c4_iptm80_20n_c5/seed-3_sample-0/ova_c4_iptm80_20n_c5_seed-3_sample-0_model.cif
ova_c4_iptm80_20n_c5	seed-3_sample-1	5	0.24	0.38	85.70391178625235	nan	nan	0.27	0.0	5	5	1	0	125	125	0	0.13	0.13	20.7	"{""A-B"": 16, ""A-C"": 15, ""A-D"": 0, ""A-E"": 0, ""B-C"": 0, ""B-D"": 34, ""B-E"": 0, ""C-D"": 0, ""C-E"": 35, ""D-E"": 25}"	[94, 95, 96, 98, 99, 155, 156, 182, 183, 184, 188, 190, 191, 192, 193, 195, 196, 217, 271, 275, 276, 277, 278, 336, 337, 338, 340, 342, 343, 344, 345, 346, 347, 348, 349, 350, 353, 354, 355, 356]	experiments/e149_final20_stoichiometry_v1/out_s7/ova_c4_iptm80_20n_c5/seed-3_sample-1/ova_c4_iptm80_20n_c5_seed-3_sample-1_summary_confidences.json	experiments/e149_final20_stoichiometry_v1/out_s7/ova_c4_iptm80_20n_c5/seed-3_sample-1/ova_c4_iptm80_20n_c5_seed-3_sample-1_model.cif
ova_c4_iptm80_20n_c5	seed-3_sample-2	5	0.38	0.49	86.21898954519953	nan	nan	0.4	0.0	9	5	1	0	224	224	0	0.12	0.3	17.08	"{""A-B"": 8, ""A-C"": 55, ""A-D"": 27, ""A-E"": 20, ""B-C"": 26, ""B-D"": 54, ""B-E"": 8, ""C-D"": 8, ""C-E"": 0, ""D-E"": 18}"	[76, 86, 89, 90, 94, 95, 96, 97, 98, 99, 123, 124, 148, 151, 156, 159, 182, 184, 188, 190, 191, 192, 193, 217, 222, 224, 236, 271, 272, 275, 276, 277, 278, 334, 336, 337, 338, 339, 340, 341, 342, 343, 344, 345, 346, 347, 348, 349, 350, 351, 352, 353, 354, 355, 356, 357, 373, 374]	experiments/e149_final20_stoichiometry_v1/out_s7/ova_c4_iptm80_20n_c5/seed-3_sample-2/ova_c4_iptm80_20n_c5_seed-3_sample-2_summary_confidences.json	experiments/e149_final20_stoichiometry_v1/out_s7/ova_c4_iptm80_20n_c5/seed-3_sample-2/ova_c4_iptm80_20n_c5_seed-3_sample-2_model.cif
ova_c4_iptm80_20n_c5	seed-3_sample-3	5	0.37	0.48	86.17862701416016	nan	nan	0.39	0.0	7	5	1	0	232	232	0	0.11	0.32	16.27	"{""A-B"": 9, ""A-C"": 56, ""A-D"": 32, ""A-E"": 0, ""B-C"": 33, ""B-D"": 56, ""B-E"": 3, ""C-D"": 8, ""C-E"": 35, ""D-E"": 0}"	[83, 86, 90, 95, 96, 97, 98, 99, 182, 184, 188, 190, 191, 192, 193, 195, 200, 203, 216, 217, 222, 224, 227, 229, 236, 237, 248, 249, 250, 251, 252, 271, 272, 276, 278, 336, 337, 338, 339, 340, 341, 342, 343, 344, 345, 346, 347, 348, 349, 350, 353, 354, 355, 356, 357, 358, 363, 373, 374]	experiments/e149_final20_stoichiometry_v1/out_s7/ova_c4_iptm80_20n_c5/seed-3_sample-3/ova_c4_iptm80_20n_c5_seed-3_sample-3_summary_confidences.json	experiments/e149_final20_stoichiometry_v1/out_s7/ova_c4_iptm80_20n_c5/seed-3_sample-3/ova_c4_iptm80_20n_c5_seed-3_sample-3_model.cif
ova_c4_iptm80_20n_c5	seed-3_sample-4	5	0.31	0.44	86.34419693230348	nan	nan	0.34	0.0	5	5	1	0	115	115	0	0.21	0.27	17.35	"{""A-B"": 11, ""A-C"": 38, ""A-D"": 2, ""A-E"": 0, ""B-C"": 1, ""B-D"": 0, ""B-E"": 15, ""C-D"": 10, ""C-E"": 0, ""D-E"": 38}"	[82, 83, 86, 87, 90, 95, 96, 97, 98, 99, 155, 156, 182, 183, 184, 190, 191, 192, 193, 194, 195, 196, 216, 217, 219, 234, 238, 271, 272, 276, 278, 337, 338, 340, 342, 344, 345, 346, 347, 348, 349, 373, 374]	experiments/e149_final20_stoichiometry_v1/out_s7/ova_c4_iptm80_20n_c5/seed-3_sample-4/ova_c4_iptm80_20n_c5_seed-3_sample-4_summary_confidences.json	experiments/e149_final20_stoichiometry_v1/out_s7/ova_c4_iptm80_20n_c5/seed-3_sample-4/ova_c4_iptm80_20n_c5_seed-3_sample-4_model.cif
ova_c4_iptm80_20n_c6	seed-1_sample-0	6	0.3	0.41	85.96437828775515	nan	nan	0.32	0.0	12	6	1	0	292	292	0	0.24	0.18	18.835	"{""A-B"": 25, ""A-C"": 13, ""A-D"": 42, ""A-E"": 0, ""A-F"": 17, ""B-C"": 0, ""B-D"": 16, ""B-E"": 14, ""B-F"": 40, ""C-D"": 26, ""C-E"": 46, ""C-F"": 14, ""D-E"": 15, ""D-F"": 0, ""E-F"": 24}"	[1, 6, 64, 65, 86, 87, 90, 93, 94, 95, 96, 97, 151, 155, 156, 157, 159, 184, 185, 188, 191, 217, 262, 263, 266, 267, 270, 271, 272, 276, 277, 278, 336, 337, 338, 339, 340, 342, 345, 346, 347, 349, 350, 351, 353, 354, 355, 373, 374]	experiments/e149_final20_stoichiometry_v1/out_s0/ova_c4_iptm80_20n_c6/seed-1_sample-0/ova_c4_iptm80_20n_c6_seed-1_sample-0_summary_confidences.json	experiments/e149_final20_stoichiometry_v1/out_s0/ova_c4_iptm80_20n_c6/seed-1_sample-0/ova_c4_iptm80_20n_c6_seed-1_sample-0_model.cif
ova_c4_iptm80_20n_c6	seed-1_sample-1	6	0.29	0.4	85.94867879244947	nan	nan	0.31	0.0	12	6	1	0	248	248	0	0.23	0.175	18.545	"{""A-B"": 20, ""A-C"": 14, ""A-D"": 38, ""A-E"": 0, ""A-F"": 13, ""B-C"": 0, ""B-D"": 15, ""B-E"": 14, ""B-F"": 35, ""C-D"": 18, ""C-E"": 37, ""C-F"": 13, ""D-E"": 12, ""D-F"": 0, ""E-F"": 19}"	[1, 6, 64, 86, 90, 94, 95, 96, 97, 151, 155, 156, 157, 184, 188, 191, 216, 217, 262, 263, 266, 267, 271, 272, 276, 277, 278, 336, 337, 338, 339, 340, 342, 345, 346, 347, 349, 350, 351, 353, 354, 355, 373, 374]	experiments/e149_final20_stoichiometry_v1/out_s0/ova_c4_iptm80_20n_c6/seed-1_sample-1/ova_c4_iptm80_20n_c6_seed-1_sample-1_summary_confidences.json	experiments/e149_final20_stoichiometry_v1/out_s0/ova_c4_iptm80_20n_c6/seed-1_sample-1/ova_c4_iptm80_20n_c6_seed-1_sample-1_model.cif
ova_c4_iptm80_20n_c6	seed-1_sample-2	6	0.29	0.4	86.85297919555032	nan	nan	0.31	0.0	6	6	1	0	221	221	0	0.27	0.26	16.525000000000002	"{""A-B"": 22, ""A-C"": 0, ""A-D"": 52, ""A-E"": 0, ""A-F"": 0, ""B-C"": 0, ""B-D"": 0, ""B-E"": 0, ""B-F"": 51, ""C-D"": 21, ""C-E"": 52, ""C-F"": 0, ""D-E"": 0, ""D-F"": 0, ""E-F"": 23}"	[1, 64, 83, 86, 87, 90, 94, 95, 96, 97, 98, 99, 155, 156, 157, 182, 183, 184, 190, 191, 192, 195, 196, 208, 262, 263, 266, 267, 270, 271, 272, 337, 338, 340, 342, 344, 345, 348, 373, 374]	experiments/e149_final20_stoichiometry_v1/out_s0/ova_c4_iptm80_20n_c6/seed-1_sample-2/ova_c4_iptm80_20n_c6_seed-1_sample-2_summary_confidences.json	experiments/e149_final20_stoichiometry_v1/out_s0/ova_c4_iptm80_20n_c6/seed-1_sample-2/ova_c4_iptm80_20n_c6_seed-1_sample-2_model.cif
ova_c4_iptm80_20n_c6	seed-1_sample-3	6	0.28	0.39	86.64383420795974	nan	nan	0.31	0.0	6	6	1	0	207	207	0	0.26	0.255	16.7	"{""A-B"": 24, ""A-C"": 0, ""A-D"": 46, ""A-E"": 0, ""A-F"": 0, ""B-C"": 0, ""B-D"": 0, ""B-E"": 0, ""B-F"": 46, ""C-D"": 20, ""C-E"": 50, ""C-F"": 0, ""D-E"": 0, ""D-F"": 0, ""E-F"": 21}"	[1, 6, 64, 83, 86, 87, 90, 94, 95, 96, 97, 98, 99, 151, 155, 156, 157, 182, 183, 184, 190, 191, 192, 195, 196, 208, 262, 263, 266, 267, 270, 271, 272, 337, 338, 340, 342, 344, 345, 348, 373, 374]	experiments/e149_final20_stoichiometry_v1/out_s0/ova_c4_iptm80_20n_c6/seed-1_sample-3/ova_c4_iptm80_20n_c6_seed-1_sample-3_summary_confidences.json	experiments/e149_final20_stoichiometry_v1/out_s0/ova_c4_iptm80_20n_c6/seed-1_sample-3/ova_c4_iptm80_20n_c6_seed-1_sample-3_model.cif
ova_c4_iptm80_20n_c6	seed-1_sample-4	6	0.28	0.39	86.71580319577548	nan	nan	0.3	0.0	6	6	1	0	252	252	0	0.24	0.24	16.810000000000002	"{""A-B"": 22, ""A-C"": 0, ""A-D"": 62, ""A-E"": 0, ""A-F"": 0, ""B-C"": 0, ""B-D"": 0, ""B-E"": 0, ""B-F"": 70, ""C-D"": 20, ""C-E"": 59, ""C-F"": 0, ""D-E"": 0, ""D-F"": 0, ""E-F"": 19}"	[1, 64, 83, 86, 87, 90, 94, 95, 96, 97, 98, 99, 151, 155, 156, 157, 182, 183, 184, 188, 190, 191, 192, 193, 194, 195, 196, 208, 262, 263, 266, 267, 270, 271, 272, 336, 337, 338, 339, 340, 342, 343, 344, 345, 348, 373, 374]	experiments/e149_final20_stoichiometry_v1/out_s0/ova_c4_iptm80_20n_c6/seed-1_sample-4/ova_c4_iptm80_20n_c6_seed-1_sample-4_summary_confidences.json	experiments/e149_final20_stoichiometry_v1/out_s0/ova_c4_iptm80_20n_c6/seed-1_sample-4/ova_c4_iptm80_20n_c6_seed-1_sample-4_model.cif
ova_c4_iptm80_20n_c6	seed-2_sample-0	6	0.32	0.42	87.03989646595377	nan	nan	0.34	0.0	6	6	1	0	290	290	0	0.29	0.29	13.65	"{""A-B"": 0, ""A-C"": 40, ""A-D"": 55, ""A-E"": 0, ""A-F"": 0, ""B-C"": 0, ""B-D"": 38, ""B-E"": 56, ""B-F"": 0, ""C-D"": 0, ""C-E"": 0, ""C-F"": 57, ""D-E"": 0, ""D-F"": 0, ""E-F"": 44}"	[1, 2, 3, 64, 65, 79, 82, 83, 86, 87, 90, 94, 95, 96, 97, 98, 99, 155, 156, 182, 183, 184, 190, 191, 192, 193, 195, 196, 208, 262, 263, 264, 266, 267, 270, 271, 272, 337, 338, 340, 342, 343, 344, 345, 348, 373, 374]	experiments/e149_final20_stoichiometry_v1/out_s0/ova_c4_iptm80_20n_c6/seed-2_sample-0/ova_c4_iptm80_20n_c6_seed-2_sample-0_summary_confidences.json	experiments/e149_final20_stoichiometry_v1/out_s0/ova_c4_iptm80_20n_c6/seed-2_sample-0/ova_c4_iptm80_20n_c6_seed-2_sample-0_model.cif
ova_c4_iptm80_20n_c6	seed-2_sample-1	6	0.32	0.42	87.14085489974738	nan	nan	0.34	0.0	6	6	1	0	267	267	0	0.31	0.305	13.57	"{""A-B"": 0, ""A-C"": 29, ""A-D"": 60, ""A-E"": 0, ""A-F"": 0, ""B-C"": 0, ""B-D"": 33, ""B-E"": 57, ""B-F"": 0, ""C-D"": 0, ""C-E"": 0, ""C-F"": 56, ""D-E"": 0, ""D-F"": 0, ""E-F"": 32}"	[1, 2, 3, 6, 64, 65, 79, 83, 86, 87, 90, 94, 95, 96, 97, 98, 99, 155, 156, 182, 183, 184, 188, 190, 191, 192, 193, 195, 196, 262, 263, 266, 267, 270, 271, 272, 337, 338, 339, 340, 342, 343, 344, 345, 348, 373, 374]	experiments/e149_final20_stoichiometry_v1/out_s0/ova_c4_iptm80_20n_c6/seed-2_sample-1/ova_c4_iptm80_20n_c6_seed-2_sample-1_summary_confidences.json	experiments/e149_final20_stoichiometry_v1/out_s0/ova_c4_iptm80_20n_c6/seed-2_sample-1/ova_c4_iptm80_20n_c6_seed-2_sample-1_model.cif
ova_c4_iptm80_20n_c6	seed-2_sample-2	6	0.37	0.47	86.58748718617494	nan	nan	0.39	0.0	12	6	1	0	252	252	0	0.36	0.235	15.745000000000001	"{""A-B"": 14, ""A-C"": 22, ""A-D"": 32, ""A-E"": 0, ""A-F"": 15, ""B-C"": 0, ""B-D"": 21, ""B-E"": 32, ""B-F"": 15, ""C-D"": 14, ""C-E"": 14, ""C-F"": 35, ""D-E"": 15, ""D-F"": 0, ""E-F"": 23}"	[1, 3, 6, 64, 65, 86, 87, 90, 94, 95, 96, 97, 155, 156, 157, 184, 188, 189, 191, 194, 216, 217, 262, 263, 266, 267, 271, 272, 276, 277, 278, 337, 338, 339, 340, 342, 345, 346, 347, 349, 350, 351, 353, 354, 355, 373, 374]	experiments/e149_final20_stoichiometry_v1/out_s0/ova_c4_iptm80_20n_c6/seed-2_sample-2/ova_c4_iptm80_20n_c6_seed-2_sample-2_summary_confidences.json	experiments/e149_final20_stoichiometry_v1/out_s0/ova_c4_iptm80_20n_c6/seed-2_sample-2/ova_c4_iptm80_20n_c6_seed-2_sample-2_model.cif
ova_c4_iptm80_20n_c6	seed-2_sample-3	6	0.37	0.47	86.62158034131934	nan	nan	0.39	0.0	12	6	1	0	285	285	0	0.4	0.22999999999999998	15.825	"{""A-B"": 15, ""A-C"": 23, ""A-D"": 39, ""A-E"": 0, ""A-F"": 14, ""B-C"": 0, ""B-D"": 22, ""B-E"": 43, ""B-F"": 15, ""C-D"": 14, ""C-E"": 16, ""C-F"": 43, ""D-E"": 17, ""D-F"": 0, ""E-F"": 24}"	[1, 3, 6, 64, 65, 86, 87, 90, 93, 94, 95, 96, 97, 155, 156, 157, 159, 184, 188, 189, 191, 216, 217, 262, 263, 266, 267, 271, 272, 276, 277, 278, 336, 337, 338, 339, 340, 342, 344, 345, 346, 347, 349, 350, 351, 353, 354, 355, 373, 374]	experiments/e149_final20_stoichiometry_v1/out_s0/ova_c4_iptm80_20n_c6/seed-2_sample-3/ova_c4_iptm80_20n_c6_seed-2_sample-3_summary_confidences.json	experiments/e149_final20_stoichiometry_v1/out_s0/ova_c4_iptm80_20n_c6/seed-2_sample-3/ova_c4_iptm80_20n_c6_seed-2_sample-3_model.cif
ova_c4_iptm80_20n_c6	seed-2_sample-4	6	0.32	0.42	87.16888609574866	nan	nan	0.34	0.0	6	6	1	0	274	274	0	0.34	0.315	13.59	"{""A-B"": 0, ""A-C"": 38, ""A-D"": 54, ""A-E"": 0, ""A-F"": 0, ""B-C"": 0, ""B-D"": 42, ""B-E"": 53, ""B-F"": 0, ""C-D"": 0, ""C-E"": 0, ""C-F"": 49, ""D-E"": 0, ""D-F"": 0, ""E-F"": 38}"	[1, 2, 3, 6, 64, 65, 70, 79, 83, 86, 87, 90, 94, 95, 96, 97, 98, 99, 155, 156, 182, 183, 184, 190, 191, 192, 193, 195, 196, 225, 262, 263, 266, 267, 270, 271, 272, 337, 338, 340, 342, 343, 344, 345, 348, 373, 374]	experiments/e149_final20_stoichiometry_v1/out_s0/ova_c4_iptm80_20n_c6/seed-2_sample-4/ova_c4_iptm80_20n_c6_seed-2_sample-4_summary_confidences.json	experiments/e149_final20_stoichiometry_v1/out_s0/ova_c4_iptm80_20n_c6/seed-2_sample-4/ova_c4_iptm80_20n_c6_seed-2_sample-4_model.cif
ova_c4_iptm80_20n_c6	seed-3_sample-0	6	0.29	0.4	85.77479268602757	nan	nan	0.31	0.0	12	6	1	0	339	339	0	0.29	0.15	20.705	"{""A-B"": 38, ""A-C"": 32, ""A-D"": 13, ""A-E"": 33, ""A-F"": 0, ""B-C"": 0, ""B-D"": 33, ""B-E"": 13, ""B-F"": 31, ""C-D"": 34, ""C-E"": 32, ""C-F"": 13, ""D-E"": 0, ""D-F"": 32, ""E-F"": 35}"	[86, 90, 96, 97, 184, 187, 188, 189, 190, 191, 192, 193, 217, 219, 236, 237, 238, 239, 271, 272, 276, 278, 336, 337, 338, 339, 340, 341, 342, 343, 344, 345, 346, 347, 348, 349, 350, 352, 353, 354, 373, 374]	experiments/e149_final20_stoichiometry_v1/out_s0/ova_c4_iptm80_20n_c6/seed-3_sample-0/ova_c4_iptm80_20n_c6_seed-3_sample-0_summary_confidences.json	experiments/e149_final20_stoichiometry_v1/out_s0/ova_c4_iptm80_20n_c6/seed-3_sample-0/ova_c4_iptm80_20n_c6_seed-3_sample-0_model.cif
ova_c4_iptm80_20n_c6	seed-3_sample-1	6	0.29	0.4	85.69183923790492	nan	nan	0.31	0.0	9	6	1	0	255	255	0	0.3	0.15	20.15	"{""A-B"": 21, ""A-C"": 29, ""A-D"": 4, ""A-E"": 30, ""A-F"": 0, ""B-C"": 0, ""B-D"": 32, ""B-E"": 4, ""B-F"": 29, ""C-D"": 21, ""C-E"": 29, ""C-F"": 4, ""D-E"": 0, ""D-F"": 29, ""E-F"": 23}"	[86, 90, 95, 97, 184, 188, 189, 190, 191, 192, 193, 217, 236, 237, 238, 239, 271, 272, 276, 336, 337, 338, 339, 340, 341, 342, 344, 345, 346, 348, 349, 350, 352, 353, 354, 373, 374]	experiments/e149_final20_stoichiometry_v1/out_s0/ova_c4_iptm80_20n_c6/seed-3_sample-1/ova_c4_iptm80_20n_c6_seed-3_sample-1_summary_confidences.json	experiments/e149_final20_stoichiometry_v1/out_s0/ova_c4_iptm80_20n_c6/seed-3_sample-1/ova_c4_iptm80_20n_c6_seed-3_sample-1_model.cif
ova_c4_iptm80_20n_c6	seed-3_sample-2	6	0.29	0.4	85.29471500179311	nan	nan	0.31	0.0	9	6	1	0	234	234	0	0.3	0.15	20.45	"{""A-B"": 15, ""A-C"": 32, ""A-D"": 0, ""A-E"": 33, ""A-F"": 0, ""B-C"": 0, ""B-D"": 30, ""B-E"": 0, ""B-F"": 32, ""C-D"": 15, ""C-E"": 31, ""C-F"": 0, ""D-E"": 0, ""D-F"": 31, ""E-F"": 15}"	[86, 90, 184, 188, 189, 190, 191, 192, 193, 237, 238, 239, 271, 272, 276, 336, 337, 338, 339, 340, 341, 342, 344, 345, 346, 348, 349, 350, 352, 353, 354, 373, 374]	experiments/e149_final20_stoichiometry_v1/out_s0/ova_c4_iptm80_20n_c6/seed-3_sample-2/ova_c4_iptm80_20n_c6_seed-3_sample-2_summary_confidences.json	experiments/e149_final20_stoichiometry_v1/out_s0/ova_c4_iptm80_20n_c6/seed-3_sample-2/ova_c4_iptm80_20n_c6_seed-3_sample-2_model.cif
ova_c4_iptm80_20n_c6	seed-3_sample-3	6	0.35	0.44	85.38269441238957	nan	nan	0.37	0.0	9	6	1	0	340	340	0	0.28	0.28	15.38	"{""A-B"": 0, ""A-C"": 39, ""A-D"": 35, ""A-E"": 41, ""A-F"": 0, ""B-C"": 0, ""B-D"": 40, ""B-E"": 36, ""B-F"": 39, ""C-D"": 0, ""C-E"": 38, ""C-F"": 35, ""D-E"": 0, ""D-F"": 37, ""E-F"": 0}"	[93, 94, 95, 96, 97, 98, 99, 101, 149, 152, 153, 154, 155, 182, 183, 184, 190, 191, 192, 193, 194, 195, 196, 207, 208, 210, 213, 216, 217, 276, 277, 278, 341, 342, 343, 344, 345, 346, 347, 348, 349, 350, 351, 353, 354, 355]	experiments/e149_final20_stoichiometry_v1/out_s0/ova_c4_iptm80_20n_c6/seed-3_sample-3/ova_c4_iptm80_20n_c6_seed-3_sample-3_summary_confidences.json	experiments/e149_final20_stoichiometry_v1/out_s0/ova_c4_iptm80_20n_c6/seed-3_sample-3/ova_c4_iptm80_20n_c6_seed-3_sample-3_model.cif
ova_c4_iptm80_20n_c6	seed-3_sample-4	6	0.29	0.4	85.83253906922019	nan	nan	0.31	0.0	9	6	1	0	220	220	0	0.3	0.15	19.99	"{""A-B"": 15, ""A-C"": 26, ""A-D"": 0, ""A-E"": 27, ""A-F"": 0, ""B-C"": 0, ""B-D"": 30, ""B-E"": 0, ""B-F"": 27, ""C-D"": 18, ""C-E"": 27, ""C-F"": 0, ""D-E"": 0, ""D-F"": 28, ""E-F"": 22}"	[86, 87, 90, 95, 184, 188, 189, 190, 191, 192, 193, 237, 238, 239, 271, 272, 276, 336, 337, 338, 339, 340, 341, 342, 344, 345, 346, 348, 349, 350, 352, 353, 354, 373, 374]	experiments/e149_final20_stoichiometry_v1/out_s0/ova_c4_iptm80_20n_c6/seed-3_sample-4/ova_c4_iptm80_20n_c6_seed-3_sample-4_summary_confidences.json	experiments/e149_final20_stoichiometry_v1/out_s0/ova_c4_iptm80_20n_c6/seed-3_sample-4/ova_c4_iptm80_20n_c6_seed-3_sample-4_model.cif
ova_c4_iptm80_20o_c1	seed-1_sample-0	1	0.0	0.92	91.16062166283167	nan	nan	0.92	0.0	0	1	0	0	0	0	0	0.0	nan	nan	{}	[]	experiments/e149_final20_stoichiometry_v1/out_s5/ova_c4_iptm80_20o_c1/seed-1_sample-0/ova_c4_iptm80_20o_c1_seed-1_sample-0_summary_confidences.json	experiments/e149_final20_stoichiometry_v1/out_s5/ova_c4_iptm80_20o_c1/seed-1_sample-0/ova_c4_iptm80_20o_c1_seed-1_sample-0_model.cif
ova_c4_iptm80_20o_c1	seed-1_sample-1	1	0.0	0.91	90.57652872708178	nan	nan	0.91	0.0	0	1	0	0	0	0	0	0.0	nan	nan	{}	[]	experiments/e149_final20_stoichiometry_v1/out_s5/ova_c4_iptm80_20o_c1/seed-1_sample-1/ova_c4_iptm80_20o_c1_seed-1_sample-1_summary_confidences.json	experiments/e149_final20_stoichiometry_v1/out_s5/ova_c4_iptm80_20o_c1/seed-1_sample-1/ova_c4_iptm80_20o_c1_seed-1_sample-1_model.cif
ova_c4_iptm80_20o_c1	seed-1_sample-2	1	0.0	0.92	90.85681365808675	nan	nan	0.92	0.0	0	1	0	0	0	0	0	0.0	nan	nan	{}	[]	experiments/e149_final20_stoichiometry_v1/out_s5/ova_c4_iptm80_20o_c1/seed-1_sample-2/ova_c4_iptm80_20o_c1_seed-1_sample-2_summary_confidences.json	experiments/e149_final20_stoichiometry_v1/out_s5/ova_c4_iptm80_20o_c1/seed-1_sample-2/ova_c4_iptm80_20o_c1_seed-1_sample-2_model.cif
ova_c4_iptm80_20o_c1	seed-1_sample-3	1	0.0	0.92	91.26930058928968	nan	nan	0.92	0.0	0	1	0	0	0	0	0	0.0	nan	nan	{}	[]	experiments/e149_final20_stoichiometry_v1/out_s5/ova_c4_iptm80_20o_c1/seed-1_sample-3/ova_c4_iptm80_20o_c1_seed-1_sample-3_summary_confidences.json	experiments/e149_final20_stoichiometry_v1/out_s5/ova_c4_iptm80_20o_c1/seed-1_sample-3/ova_c4_iptm80_20o_c1_seed-1_sample-3_model.cif
ova_c4_iptm80_20o_c1	seed-1_sample-4	1	0.0	0.92	90.85274607406379	nan	nan	0.92	0.0	0	1	0	0	0	0	0	0.0	nan	nan	{}	[]	experiments/e149_final20_stoichiometry_v1/out_s5/ova_c4_iptm80_20o_c1/seed-1_sample-4/ova_c4_iptm80_20o_c1_seed-1_sample-4_summary_confidences.json	experiments/e149_final20_stoichiometry_v1/out_s5/ova_c4_iptm80_20o_c1/seed-1_sample-4/ova_c4_iptm80_20o_c1_seed-1_sample-4_model.cif
ova_c4_iptm80_20o_c1	seed-2_sample-0	1	0.0	0.92	91.428212437605	nan	nan	0.92	0.0	0	1	0	0	0	0	0	0.0	nan	nan	{}	[]	experiments/e149_final20_stoichiometry_v1/out_s5/ova_c4_iptm80_20o_c1/seed-2_sample-0/ova_c4_iptm80_20o_c1_seed-2_sample-0_summary_confidences.json	experiments/e149_final20_stoichiometry_v1/out_s5/ova_c4_iptm80_20o_c1/seed-2_sample-0/ova_c4_iptm80_20o_c1_seed-2_sample-0_model.cif
ova_c4_iptm80_20o_c1	seed-2_sample-1	1	0.0	0.92	91.66971505120628	nan	nan	0.92	0.0	0	1	0	0	0	0	0	0.0	nan	nan	{}	[]	experiments/e149_final20_stoichiometry_v1/out_s5/ova_c4_iptm80_20o_c1/seed-2_sample-1/ova_c4_iptm80_20o_c1_seed-2_sample-1_summary_confidences.json	experiments/e149_final20_stoichiometry_v1/out_s5/ova_c4_iptm80_20o_c1/seed-2_sample-1/ova_c4_iptm80_20o_c1_seed-2_sample-1_model.cif
ova_c4_iptm80_20o_c1	seed-2_sample-2	1	0.0	0.92	91.41310866756143	nan	nan	0.92	0.0	0	1	0	0	0	0	0	0.0	nan	nan	{}	[]	experiments/e149_final20_stoichiometry_v1/out_s5/ova_c4_iptm80_20o_c1/seed-2_sample-2/ova_c4_iptm80_20o_c1_seed-2_sample-2_summary_confidences.json	experiments/e149_final20_stoichiometry_v1/out_s5/ova_c4_iptm80_20o_c1/seed-2_sample-2/ova_c4_iptm80_20o_c1_seed-2_sample-2_model.cif
ova_c4_iptm80_20o_c1	seed-2_sample-3	1	0.0	0.93	91.79943007632241	nan	nan	0.93	0.0	0	1	0	0	0	0	0	0.0	nan	nan	{}	[]	experiments/e149_final20_stoichiometry_v1/out_s5/ova_c4_iptm80_20o_c1/seed-2_sample-3/ova_c4_iptm80_20o_c1_seed-2_sample-3_summary_confidences.json	experiments/e149_final20_stoichiometry_v1/out_s5/ova_c4_iptm80_20o_c1/seed-2_sample-3/ova_c4_iptm80_20o_c1_seed-2_sample-3_model.cif
ova_c4_iptm80_20o_c1	seed-2_sample-4	1	0.0	0.92	91.45233154296875	nan	nan	0.92	0.0	0	1	0	0	0	0	0	0.0	nan	nan	{}	[]	experiments/e149_final20_stoichiometry_v1/out_s5/ova_c4_iptm80_20o_c1/seed-2_sample-4/ova_c4_iptm80_20o_c1_seed-2_sample-4_summary_confidences.json	experiments/e149_final20_stoichiometry_v1/out_s5/ova_c4_iptm80_20o_c1/seed-2_sample-4/ova_c4_iptm80_20o_c1_seed-2_sample-4_model.cif
ova_c4_iptm80_20o_c1	seed-3_sample-0	1	0.0	0.92	91.25152839897828	nan	nan	0.92	0.0	0	1	0	0	0	0	0	0.0	nan	nan	{}	[]	experiments/e149_final20_stoichiometry_v1/out_s5/ova_c4_iptm80_20o_c1/seed-3_sample-0/ova_c4_iptm80_20o_c1_seed-3_sample-0_summary_confidences.json	experiments/e149_final20_stoichiometry_v1/out_s5/ova_c4_iptm80_20o_c1/seed-3_sample-0/ova_c4_iptm80_20o_c1_seed-3_sample-0_model.cif
ova_c4_iptm80_20o_c1	seed-3_sample-1	1	0.0	0.92	91.25699473168565	nan	nan	0.92	0.0	0	1	0	0	0	0	0	0.0	nan	nan	{}	[]	experiments/e149_final20_stoichiometry_v1/out_s5/ova_c4_iptm80_20o_c1/seed-3_sample-1/ova_c4_iptm80_20o_c1_seed-3_sample-1_summary_confidences.json	experiments/e149_final20_stoichiometry_v1/out_s5/ova_c4_iptm80_20o_c1/seed-3_sample-1/ova_c4_iptm80_20o_c1_seed-3_sample-1_model.cif
ova_c4_iptm80_20o_c1	seed-3_sample-2	1	0.0	0.92	91.28976679589464	nan	nan	0.92	0.0	0	1	0	0	0	0	0	0.0	nan	nan	{}	[]	experiments/e149_final20_stoichiometry_v1/out_s5/ova_c4_iptm80_20o_c1/seed-3_sample-2/ova_c4_iptm80_20o_c1_seed-3_sample-2_summary_confidences.json	experiments/e149_final20_stoichiometry_v1/out_s5/ova_c4_iptm80_20o_c1/seed-3_sample-2/ova_c4_iptm80_20o_c1_seed-3_sample-2_model.cif
ova_c4_iptm80_20o_c1	seed-3_sample-3	1	0.0	0.92	91.06696887831613	nan	nan	0.92	0.0	0	1	0	0	0	0	0	0.0	nan	nan	{}	[]	experiments/e149_final20_stoichiometry_v1/out_s5/ova_c4_iptm80_20o_c1/seed-3_sample-3/ova_c4_iptm80_20o_c1_seed-3_sample-3_summary_confidences.json	experiments/e149_final20_stoichiometry_v1/out_s5/ova_c4_iptm80_20o_c1/seed-3_sample-3/ova_c4_iptm80_20o_c1_seed-3_sample-3_model.cif
ova_c4_iptm80_20o_c1	seed-3_sample-4	1	0.0	0.92	91.2348447216607	nan	nan	0.92	0.0	0	1	0	0	0	0	0	0.0	nan	nan	{}	[]	experiments/e149_final20_stoichiometry_v1/out_s5/ova_c4_iptm80_20o_c1/seed-3_sample-4/ova_c4_iptm80_20o_c1_seed-3_sample-4_summary_confidences.json	experiments/e149_final20_stoichiometry_v1/out_s5/ova_c4_iptm80_20o_c1/seed-3_sample-4/ova_c4_iptm80_20o_c1_seed-3_sample-4_model.cif
ova_c4_iptm80_20o_c2	seed-1_sample-0	2	0.2	0.57	88.69474094766409	nan	nan	0.28	0.0	1	2	1	0	68	68	0	0.2	0.2	19.89	"{""A-B"": 68}"	[94, 95, 96, 97, 98, 99, 151, 152, 154, 155, 156, 157, 182, 183, 184, 190, 191, 192, 194, 195, 196, 208, 210, 336, 337, 338, 340, 342, 344, 345]	experiments/e149_final20_stoichiometry_v1/out_s1/ova_c4_iptm80_20o_c2/seed-1_sample-0/ova_c4_iptm80_20o_c2_seed-1_sample-0_summary_confidences.json	experiments/e149_final20_stoichiometry_v1/out_s1/ova_c4_iptm80_20o_c2/seed-1_sample-0/ova_c4_iptm80_20o_c2_seed-1_sample-0_model.cif
ova_c4_iptm80_20o_c2	seed-1_sample-1	2	0.21	0.57	88.6988600202175	nan	nan	0.28	0.0	1	2	1	0	44	44	0	0.21	0.21	19.61	"{""A-B"": 44}"	[95, 96, 97, 98, 99, 155, 182, 183, 184, 190, 191, 192, 193, 195, 236, 337, 338, 340, 342, 343, 344, 345]	experiments/e149_final20_stoichiometry_v1/out_s1/ova_c4_iptm80_20o_c2/seed-1_sample-1/ova_c4_iptm80_20o_c2_seed-1_sample-1_summary_confidences.json	experiments/e149_final20_stoichiometry_v1/out_s1/ova_c4_iptm80_20o_c2/seed-1_sample-1/ova_c4_iptm80_20o_c2_seed-1_sample-1_model.cif
ova_c4_iptm80_20o_c2	seed-1_sample-2	2	0.21	0.57	88.59075141076598	nan	nan	0.28	0.0	1	2	1	0	81	81	0	0.21	0.21	21.14	"{""A-B"": 81}"	[92, 94, 95, 96, 99, 141, 144, 145, 147, 148, 149, 151, 152, 153, 155, 156, 182, 183, 184, 188, 189, 190, 191, 192, 334, 336, 337, 338, 339, 340, 342]	experiments/e149_final20_stoichiometry_v1/out_s1/ova_c4_iptm80_20o_c2/seed-1_sample-2/ova_c4_iptm80_20o_c2_seed-1_sample-2_summary_confidences.json	experiments/e149_final20_stoichiometry_v1/out_s1/ova_c4_iptm80_20o_c2/seed-1_sample-2/ova_c4_iptm80_20o_c2_seed-1_sample-2_model.cif
ova_c4_iptm80_20o_c2	seed-1_sample-3	2	0.14	0.54	88.13624345453292	nan	nan	0.22	0.0	1	2	1	0	37	37	0	0.14	0.14	19.41	"{""A-B"": 37}"	[94, 96, 99, 101, 147, 148, 151, 152, 155, 156, 157, 159, 160, 182, 191, 192, 196, 208, 210]	experiments/e149_final20_stoichiometry_v1/out_s1/ova_c4_iptm80_20o_c2/seed-1_sample-3/ova_c4_iptm80_20o_c2_seed-1_sample-3_summary_confidences.json	experiments/e149_final20_stoichiometry_v1/out_s1/ova_c4_iptm80_20o_c2/seed-1_sample-3/ova_c4_iptm80_20o_c2_seed-1_sample-3_model.cif
ova_c4_iptm80_20o_c2	seed-1_sample-4	2	0.21	0.57	88.86044039750963	nan	nan	0.28	0.0	1	2	1	0	42	42	0	0.21	0.21	19.44	"{""A-B"": 42}"	[94, 95, 96, 97, 98, 99, 155, 182, 183, 184, 190, 191, 192, 195, 236, 337, 338, 340, 342, 343, 344, 345, 348]	experiments/e149_final20_stoichiometry_v1/out_s1/ova_c4_iptm80_20o_c2/seed-1_sample-4/ova_c4_iptm80_20o_c2_seed-1_sample-4_summary_confidences.json	experiments/e149_final20_stoichiometry_v1/out_s1/ova_c4_iptm80_20o_c2/seed-1_sample-4/ova_c4_iptm80_20o_c2_seed-1_sample-4_model.cif
ova_c4_iptm80_20o_c2	seed-2_sample-0	2	0.25	0.59	88.95458550527306	nan	nan	0.32	0.0	1	2	1	0	100	100	0	0.25	0.25	20.04	"{""A-B"": 100}"	[92, 93, 94, 95, 96, 99, 134, 138, 141, 142, 144, 145, 147, 148, 149, 151, 152, 153, 154, 155, 156, 159, 182, 183, 184, 188, 190, 191, 192, 336, 337, 338, 339, 340, 342, 344, 345, 346]	experiments/e149_final20_stoichiometry_v1/out_s1/ova_c4_iptm80_20o_c2/seed-2_sample-0/ova_c4_iptm80_20o_c2_seed-2_sample-0_summary_confidences.json	experiments/e149_final20_stoichiometry_v1/out_s1/ova_c4_iptm80_20o_c2/seed-2_sample-0/ova_c4_iptm80_20o_c2_seed-2_sample-0_model.cif
ova_c4_iptm80_20o_c2	seed-2_sample-1	2	0.23	0.58	88.9330310228575	nan	nan	0.3	0.0	1	2	1	0	89	89	0	0.23	0.23	19.56	"{""A-B"": 89}"	[94, 95, 96, 97, 98, 99, 151, 152, 153, 154, 155, 156, 157, 182, 183, 184, 188, 190, 191, 192, 193, 194, 195, 196, 208, 209, 210, 336, 337, 338, 339, 340, 342, 344, 345, 348]	experiments/e149_final20_stoichiometry_v1/out_s1/ova_c4_iptm80_20o_c2/seed-2_sample-1/ova_c4_iptm80_20o_c2_seed-2_sample-1_summary_confidences.json	experiments/e149_final20_stoichiometry_v1/out_s1/ova_c4_iptm80_20o_c2/seed-2_sample-1/ova_c4_iptm80_20o_c2_seed-2_sample-1_model.cif
ova_c4_iptm80_20o_c2	seed-2_sample-2	2	0.25	0.58	89.02212440411661	nan	nan	0.32	0.0	1	2	1	0	71	71	0	0.25	0.25	19.02	"{""A-B"": 71}"	[94, 95, 96, 97, 98, 99, 151, 152, 153, 154, 155, 156, 157, 182, 183, 184, 190, 191, 192, 194, 195, 196, 207, 208, 209, 210, 336, 337, 338, 345]	experiments/e149_final20_stoichiometry_v1/out_s1/ova_c4_iptm80_20o_c2/seed-2_sample-2/ova_c4_iptm80_20o_c2_seed-2_sample-2_summary_confidences.json	experiments/e149_final20_stoichiometry_v1/out_s1/ova_c4_iptm80_20o_c2/seed-2_sample-2/ova_c4_iptm80_20o_c2_seed-2_sample-2_model.cif
ova_c4_iptm80_20o_c2	seed-2_sample-3	2	0.14	0.54	87.96246105648693	nan	nan	0.22	0.0	1	2	1	0	136	136	0	0.14	0.14	23.41	"{""A-B"": 136}"	[92, 93, 94, 95, 96, 98, 99, 101, 102, 103, 104, 105, 123, 127, 128, 129, 131, 134, 137, 138, 141, 144, 145, 148, 149, 151, 152, 153, 154, 155, 156, 157, 180, 182, 183, 184, 188, 191, 192, 334, 336, 337, 338, 339, 340, 342, 344, 345, 346]	experiments/e149_final20_stoichiometry_v1/out_s1/ova_c4_iptm80_20o_c2/seed-2_sample-3/ova_c4_iptm80_20o_c2_seed-2_sample-3_summary_confidences.json	experiments/e149_final20_stoichiometry_v1/out_s1/ova_c4_iptm80_20o_c2/seed-2_sample-3/ova_c4_iptm80_20o_c2_seed-2_sample-3_model.cif
ova_c4_iptm80_20o_c2	seed-2_sample-4	2	0.14	0.54	88.38497411895911	nan	nan	0.22	0.0	1	2	1	0	132	132	0	0.14	0.14	23.35	"{""A-B"": 132}"	[92, 93, 94, 95, 96, 98, 99, 101, 102, 103, 105, 127, 128, 129, 131, 134, 137, 138, 140, 141, 144, 145, 148, 149, 151, 152, 153, 154, 155, 156, 157, 180, 182, 183, 184, 188, 190, 191, 192, 334, 336, 337, 338, 339, 340, 342, 344, 345]	experiments/e149_final20_stoichiometry_v1/out_s1/ova_c4_iptm80_20o_c2/seed-2_sample-4/ova_c4_iptm80_20o_c2_seed-2_sample-4_summary_confidences.json	experiments/e149_final20_stoichiometry_v1/out_s1/ova_c4_iptm80_20o_c2/seed-2_sample-4/ova_c4_iptm80_20o_c2_seed-2_sample-4_model.cif
ova_c4_iptm80_20o_c2	seed-3_sample-0	2	0.28	0.6	88.58795337973481	nan	nan	0.34	0.0	1	2	1	0	103	103	0	0.28	0.28	18.99	"{""A-B"": 103}"	[92, 94, 95, 96, 99, 101, 134, 138, 141, 142, 144, 145, 147, 148, 149, 151, 152, 154, 155, 156, 159, 160, 182, 183, 184, 185, 188, 189, 190, 191, 192, 336, 337, 338, 339, 340, 342, 344, 345, 346, 349]	experiments/e149_final20_stoichiometry_v1/out_s1/ova_c4_iptm80_20o_c2/seed-3_sample-0/ova_c4_iptm80_20o_c2_seed-3_sample-0_summary_confidences.json	experiments/e149_final20_stoichiometry_v1/out_s1/ova_c4_iptm80_20o_c2/seed-3_sample-0/ova_c4_iptm80_20o_c2_seed-3_sample-0_model.cif
ova_c4_iptm80_20o_c2	seed-3_sample-1	2	0.22	0.57	88.64575121192735	nan	nan	0.29	0.0	1	2	1	0	54	54	0	0.22	0.22	20.9	"{""A-B"": 54}"	[94, 95, 96, 97, 98, 99, 151, 152, 153, 154, 155, 156, 157, 184, 191, 192, 194, 195, 196, 207, 208, 209, 210, 337, 338, 345]	experiments/e149_final20_stoichiometry_v1/out_s1/ova_c4_iptm80_20o_c2/seed-3_sample-1/ova_c4_iptm80_20o_c2_seed-3_sample-1_summary_confidences.json	experiments/e149_final20_stoichiometry_v1/out_s1/ova_c4_iptm80_20o_c2/seed-3_sample-1/ova_c4_iptm80_20o_c2_seed-3_sample-1_model.cif
ova_c4_iptm80_20o_c2	seed-3_sample-2	2	0.2	0.56	88.45012964238775	nan	nan	0.27	0.0	1	2	1	0	56	56	0	0.2	0.2	21.27	"{""A-B"": 56}"	[94, 95, 96, 97, 98, 99, 148, 151, 152, 153, 154, 155, 156, 157, 184, 191, 192, 194, 195, 196, 207, 208, 209, 210, 338, 345]	experiments/e149_final20_stoichiometry_v1/out_s1/ova_c4_iptm80_20o_c2/seed-3_sample-2/ova_c4_iptm80_20o_c2_seed-3_sample-2_summary_confidences.json	experiments/e149_final20_stoichiometry_v1/out_s1/ova_c4_iptm80_20o_c2/seed-3_sample-2/ova_c4_iptm80_20o_c2_seed-3_sample-2_model.cif
ova_c4_iptm80_20o_c2	seed-3_sample-3	2	0.17	0.55	88.42686518733366	nan	nan	0.25	0.0	1	2	1	0	50	50	0	0.17	0.17	21.2	"{""A-B"": 50}"	[94, 95, 96, 97, 98, 99, 155, 156, 182, 183, 184, 190, 191, 192, 194, 195, 196, 337, 338, 340, 342, 343, 344, 345, 348]	experiments/e149_final20_stoichiometry_v1/out_s1/ova_c4_iptm80_20o_c2/seed-3_sample-3/ova_c4_iptm80_20o_c2_seed-3_sample-3_summary_confidences.json	experiments/e149_final20_stoichiometry_v1/out_s1/ova_c4_iptm80_20o_c2/seed-3_sample-3/ova_c4_iptm80_20o_c2_seed-3_sample-3_model.cif
ova_c4_iptm80_20o_c2	seed-3_sample-4	2	0.16	0.55	88.4155698588475	nan	nan	0.24	0.0	1	2	1	0	43	43	0	0.16	0.16	21.3	"{""A-B"": 43}"	[94, 95, 96, 97, 98, 99, 155, 156, 182, 183, 184, 190, 191, 192, 194, 195, 196, 337, 338, 340, 342, 343, 344, 345, 348]	experiments/e149_final20_stoichiometry_v1/out_s1/ova_c4_iptm80_20o_c2/seed-3_sample-4/ova_c4_iptm80_20o_c2_seed-3_sample-4_summary_confidences.json	experiments/e149_final20_stoichiometry_v1/out_s1/ova_c4_iptm80_20o_c2/seed-3_sample-4/ova_c4_iptm80_20o_c2_seed-3_sample-4_model.cif
ova_c4_iptm80_20o_c3	seed-1_sample-0	3	0.17	0.43	87.0912951928964	nan	nan	0.22	0.0	3	3	1	0	61	61	0	0.13	0.13	21.69	"{""A-B"": 10, ""A-C"": 26, ""B-C"": 25}"	[82, 83, 86, 90, 93, 95, 96, 184, 186, 188, 191, 192, 217, 234, 238, 271, 272, 276, 338, 339, 340, 341, 342, 344, 345, 347, 372, 373, 374]	experiments/e149_final20_stoichiometry_v1/out_s5/ova_c4_iptm80_20o_c3/seed-1_sample-0/ova_c4_iptm80_20o_c3_seed-1_sample-0_summary_confidences.json	experiments/e149_final20_stoichiometry_v1/out_s5/ova_c4_iptm80_20o_c3/seed-1_sample-0/ova_c4_iptm80_20o_c3_seed-1_sample-0_model.cif
ova_c4_iptm80_20o_c3	seed-1_sample-1	3	0.17	0.43	86.64642470364744	nan	nan	0.22	0.0	3	3	1	0	89	89	0	0.13	0.13	21.22	"{""A-B"": 26, ""A-C"": 18, ""B-C"": 45}"	[95, 96, 97, 148, 151, 152, 155, 156, 184, 188, 191, 217, 236, 237, 275, 276, 277, 278, 279, 285, 336, 337, 338, 339, 340, 341, 342, 343, 344, 346, 347, 349, 350, 353, 354, 357]	experiments/e149_final20_stoichiometry_v1/out_s5/ova_c4_iptm80_20o_c3/seed-1_sample-1/ova_c4_iptm80_20o_c3_seed-1_sample-1_summary_confidences.json	experiments/e149_final20_stoichiometry_v1/out_s5/ova_c4_iptm80_20o_c3/seed-1_sample-1/ova_c4_iptm80_20o_c3_seed-1_sample-1_model.cif
ova_c4_iptm80_20o_c3	seed-1_sample-2	3	0.16	0.42	87.05253870870165	nan	nan	0.21	0.0	3	3	1	0	93	93	0	0.13	0.13	20.97	"{""A-B"": 31, ""A-C"": 32, ""B-C"": 30}"	[94, 95, 96, 97, 99, 182, 184, 188, 191, 217, 236, 277, 278, 279, 336, 337, 338, 339, 340, 341, 342, 343, 344, 346, 347, 350, 353, 354, 355, 356, 357]	experiments/e149_final20_stoichiometry_v1/out_s5/ova_c4_iptm80_20o_c3/seed-1_sample-2/ova_c4_iptm80_20o_c3_seed-1_sample-2_summary_confidences.json	experiments/e149_final20_stoichiometry_v1/out_s5/ova_c4_iptm80_20o_c3/seed-1_sample-2/ova_c4_iptm80_20o_c3_seed-1_sample-2_model.cif
ova_c4_iptm80_20o_c3	seed-1_sample-3	3	0.16	0.42	86.43085483689383	nan	nan	0.21	0.0	3	3	1	0	119	119	0	0.13	0.13	19.45	"{""A-B"": 41, ""A-C"": 39, ""B-C"": 39}"	[93, 94, 95, 96, 97, 99, 101, 155, 156, 184, 186, 187, 188, 191, 192, 216, 217, 219, 232, 234, 237, 238, 241, 271, 272, 276, 278, 338, 339, 340, 341, 342, 343, 344, 345, 347, 350, 372, 373, 375]	experiments/e149_final20_stoichiometry_v1/out_s5/ova_c4_iptm80_20o_c3/seed-1_sample-3/ova_c4_iptm80_20o_c3_seed-1_sample-3_summary_confidences.json	experiments/e149_final20_stoichiometry_v1/out_s5/ova_c4_iptm80_20o_c3/seed-1_sample-3/ova_c4_iptm80_20o_c3_seed-1_sample-3_model.cif
ova_c4_iptm80_20o_c3	seed-1_sample-4	3	0.18	0.43	87.18549215484778	nan	nan	0.23	0.0	3	3	1	0	81	81	0	0.14	0.14	19.64	"{""A-B"": 22, ""A-C"": 23, ""B-C"": 36}"	[94, 96, 184, 190, 191, 192, 215, 216, 217, 271, 272, 275, 276, 277, 278, 338, 339, 340, 341, 342, 343, 344, 345, 346, 347, 349, 350, 351, 353, 354]	experiments/e149_final20_stoichiometry_v1/out_s5/ova_c4_iptm80_20o_c3/seed-1_sample-4/ova_c4_iptm80_20o_c3_seed-1_sample-4_summary_confidences.json	experiments/e149_final20_stoichiometry_v1/out_s5/ova_c4_iptm80_20o_c3/seed-1_sample-4/ova_c4_iptm80_20o_c3_seed-1_sample-4_model.cif
ova_c4_iptm80_20o_c3	seed-2_sample-0	3	0.14	0.41	87.11310876836431	nan	nan	0.2	0.0	3	3	1	0	119	119	0	0.12	0.12	26.12	"{""A-B"": 39, ""A-C"": 40, ""B-C"": 40}"	[107, 110, 114, 116, 119, 120, 122, 123, 129, 130, 131, 132, 133, 134, 137, 138, 141, 142, 145, 146, 149, 191, 192, 193, 194, 195, 196, 344, 345, 346, 349, 350, 353]	experiments/e149_final20_stoichiometry_v1/out_s5/ova_c4_iptm80_20o_c3/seed-2_sample-0/ova_c4_iptm80_20o_c3_seed-2_sample-0_summary_confidences.json	experiments/e149_final20_stoichiometry_v1/out_s5/ova_c4_iptm80_20o_c3/seed-2_sample-0/ova_c4_iptm80_20o_c3_seed-2_sample-0_model.cif
ova_c4_iptm80_20o_c3	seed-2_sample-1	3	0.18	0.44	86.75645051471928	nan	nan	0.23	0.0	3	3	1	0	138	138	0	0.12	0.12	24.97	"{""A-B"": 24, ""A-C"": 38, ""B-C"": 76}"	[92, 93, 94, 95, 96, 99, 101, 134, 138, 140, 141, 144, 145, 147, 148, 149, 151, 152, 153, 155, 156, 159, 160, 163, 164, 182, 183, 184, 188, 190, 191, 192, 193, 194, 195, 196, 197, 198, 205, 207, 208, 210, 291, 334, 336, 337, 338, 339, 340, 341, 342, 345]	experiments/e149_final20_stoichiometry_v1/out_s5/ova_c4_iptm80_20o_c3/seed-2_sample-1/ova_c4_iptm80_20o_c3_seed-2_sample-1_summary_confidences.json	experiments/e149_final20_stoichiometry_v1/out_s5/ova_c4_iptm80_20o_c3/seed-2_sample-1/ova_c4_iptm80_20o_c3_seed-2_sample-1_model.cif
ova_c4_iptm80_20o_c3	seed-2_sample-2	3	0.15	0.42	86.54445575061857	nan	nan	0.21	0.0	3	3	1	0	183	183	0	0.12	0.12	23.36	"{""A-B"": 61, ""A-C"": 61, ""B-C"": 61}"	[68, 70, 79, 82, 83, 85, 86, 87, 89, 90, 93, 94, 95, 96, 97, 98, 99, 101, 134, 138, 141, 145, 148, 149, 151, 152, 153, 155, 156, 182, 183, 184, 191, 192, 236, 237, 239, 337, 338, 339, 340, 341, 342, 343, 344, 345, 346, 347, 373]	experiments/e149_final20_stoichiometry_v1/out_s5/ova_c4_iptm80_20o_c3/seed-2_sample-2/ova_c4_iptm80_20o_c3_seed-2_sample-2_summary_confidences.json	experiments/e149_final20_stoichiometry_v1/out_s5/ova_c4_iptm80_20o_c3/seed-2_sample-2/ova_c4_iptm80_20o_c3_seed-2_sample-2_model.cif
ova_c4_iptm80_20o_c3	seed-2_sample-3	3	0.18	0.43	86.42113989993081	nan	nan	0.23	0.0	3	3	1	0	111	111	0	0.12	0.12	25.36	"{""A-B"": 16, ""A-C"": 66, ""B-C"": 29}"	[3, 64, 66, 67, 69, 70, 72, 73, 82, 83, 86, 89, 90, 92, 93, 94, 95, 96, 99, 101, 124, 134, 138, 141, 144, 145, 147, 148, 149, 151, 152, 155, 156, 182, 184, 188, 191, 192, 237, 238, 239, 271, 336, 337, 338, 339, 340, 342, 345, 372, 373, 374, 375]	experiments/e149_final20_stoichiometry_v1/out_s5/ova_c4_iptm80_20o_c3/seed-2_sample-3/ova_c4_iptm80_20o_c3_seed-2_sample-3_summary_confidences.json	experiments/e149_final20_stoichiometry_v1/out_s5/ova_c4_iptm80_20o_c3/seed-2_sample-3/ova_c4_iptm80_20o_c3_seed-2_sample-3_model.cif
ova_c4_iptm80_20o_c3	seed-2_sample-4	3	0.15	0.41	84.97994833536099	nan	nan	0.2	0.0	3	3	1	0	194	194	0	0.12	0.12	24.63	"{""A-B"": 64, ""A-C"": 63, ""B-C"": 67}"	[1, 2, 3, 4, 64, 77, 78, 79, 83, 86, 94, 95, 96, 97, 110, 114, 119, 123, 124, 127, 130, 131, 132, 133, 140, 141, 144, 145, 148, 149, 151, 152, 155, 156, 159, 186, 187, 216, 217, 236, 237, 238, 271, 272, 275, 276, 277, 278, 340, 341, 343, 346, 349, 350, 351, 353, 354, 372, 373, 374]	experiments/e149_final20_stoichiometry_v1/out_s5/ova_c4_iptm80_20o_c3/seed-2_sample-4/ova_c4_iptm80_20o_c3_seed-2_sample-4_summary_confidences.json	experiments/e149_final20_stoichiometry_v1/out_s5/ova_c4_iptm80_20o_c3/seed-2_sample-4/ova_c4_iptm80_20o_c3_seed-2_sample-4_model.cif
ova_c4_iptm80_20o_c3	seed-3_sample-0	3	0.19	0.44	86.40883440798429	nan	nan	0.24	0.0	3	3	1	0	149	149	0	0.15	0.15	20.79	"{""A-B"": 51, ""A-C"": 48, ""B-C"": 50}"	[94, 95, 96, 98, 99, 101, 155, 156, 182, 183, 184, 187, 188, 191, 215, 216, 217, 276, 277, 278, 334, 336, 337, 338, 339, 342, 344, 345, 346, 347, 348, 349, 350, 351, 353, 354]	experiments/e149_final20_stoichiometry_v1/out_s5/ova_c4_iptm80_20o_c3/seed-3_sample-0/ova_c4_iptm80_20o_c3_seed-3_sample-0_summary_confidences.json	experiments/e149_final20_stoichiometry_v1/out_s5/ova_c4_iptm80_20o_c3/seed-3_sample-0/ova_c4_iptm80_20o_c3_seed-3_sample-0_model.cif
ova_c4_iptm80_20o_c3	seed-3_sample-1	3	0.13	0.4	85.98158026976907	nan	nan	0.19	0.0	3	3	1	0	141	141	0	0.1	0.1	28.85	"{""A-B"": 45, ""A-C"": 49, ""B-C"": 47}"	[21, 22, 24, 25, 26, 99, 101, 140, 141, 143, 144, 147, 152, 153, 154, 155, 156, 157, 160, 163, 164, 165, 166, 180, 182, 191, 192, 193, 194, 195, 196, 197, 198, 201, 202, 204, 205, 207, 208, 210, 384, 385]	experiments/e149_final20_stoichiometry_v1/out_s5/ova_c4_iptm80_20o_c3/seed-3_sample-1/ova_c4_iptm80_20o_c3_seed-3_sample-1_summary_confidences.json	experiments/e149_final20_stoichiometry_v1/out_s5/ova_c4_iptm80_20o_c3/seed-3_sample-1/ova_c4_iptm80_20o_c3_seed-3_sample-1_model.cif
ova_c4_iptm80_20o_c3	seed-3_sample-2	3	0.17	0.42	86.9686268425976	nan	nan	0.22	0.0	3	3	1	0	129	129	0	0.13	0.13	22.7	"{""A-B"": 45, ""A-C"": 41, ""B-C"": 43}"	[96, 97, 98, 99, 155, 156, 157, 182, 183, 184, 188, 190, 191, 192, 193, 194, 195, 196, 210, 336, 337, 338, 339, 340, 342, 345, 346, 348, 349, 350, 352, 353, 354, 356]	experiments/e149_final20_stoichiometry_v1/out_s5/ova_c4_iptm80_20o_c3/seed-3_sample-2/ova_c4_iptm80_20o_c3_seed-3_sample-2_summary_confidences.json	experiments/e149_final20_stoichiometry_v1/out_s5/ova_c4_iptm80_20o_c3/seed-3_sample-2/ova_c4_iptm80_20o_c3_seed-3_sample-2_model.cif
ova_c4_iptm80_20o_c3	seed-3_sample-3	3	0.18	0.43	86.38963751224657	nan	nan	0.23	0.0	3	3	1	0	141	141	0	0.15	0.15	21.66	"{""A-B"": 50, ""A-C"": 47, ""B-C"": 44}"	[94, 95, 96, 99, 101, 155, 156, 157, 180, 182, 183, 184, 187, 188, 191, 216, 217, 276, 277, 278, 334, 336, 337, 338, 339, 342, 343, 344, 345, 346, 348, 349, 350, 351, 353, 354, 355, 356]	experiments/e149_final20_stoichiometry_v1/out_s5/ova_c4_iptm80_20o_c3/seed-3_sample-3/ova_c4_iptm80_20o_c3_seed-3_sample-3_summary_confidences.json	experiments/e149_final20_stoichiometry_v1/out_s5/ova_c4_iptm80_20o_c3/seed-3_sample-3/ova_c4_iptm80_20o_c3_seed-3_sample-3_model.cif
ova_c4_iptm80_20o_c3	seed-3_sample-4	3	0.14	0.41	86.56803103432136	nan	nan	0.19	0.0	3	3	1	0	77	77	0	0.11	0.11	26.7	"{""A-B"": 27, ""A-C"": 26, ""B-C"": 24}"	[101, 140, 141, 143, 144, 145, 147, 148, 149, 151, 152, 153, 155, 156, 159, 160, 163, 164, 191, 192, 198, 204, 205, 206, 207, 208, 342, 344, 345]	experiments/e149_final20_stoichiometry_v1/out_s5/ova_c4_iptm80_20o_c3/seed-3_sample-4/ova_c4_iptm80_20o_c3_seed-3_sample-4_summary_confidences.json	experiments/e149_final20_stoichiometry_v1/out_s5/ova_c4_iptm80_20o_c3/seed-3_sample-4/ova_c4_iptm80_20o_c3_seed-3_sample-4_model.cif
ova_c4_iptm80_20o_c5	seed-1_sample-0	5	0.38	0.49	86.4743263758526	nan	nan	0.4	0.0	8	5	1	0	181	181	0	0.12	0.32	15.355	"{""A-B"": 10, ""A-C"": 41, ""A-D"": 8, ""A-E"": 27, ""B-C"": 8, ""B-D"": 42, ""B-E"": 23, ""C-D"": 22, ""C-E"": 0, ""D-E"": 0}"	[86, 87, 90, 94, 95, 96, 97, 98, 99, 182, 184, 187, 190, 191, 192, 193, 215, 216, 217, 236, 271, 272, 275, 276, 277, 278, 279, 338, 339, 340, 341, 342, 343, 344, 345, 346, 347, 348, 349, 350, 351, 352, 353, 354, 355, 356, 357, 373, 374]	experiments/e149_final20_stoichiometry_v1/out_s2/ova_c4_iptm80_20o_c5/seed-1_sample-0/ova_c4_iptm80_20o_c5_seed-1_sample-0_summary_confidences.json	experiments/e149_final20_stoichiometry_v1/out_s2/ova_c4_iptm80_20o_c5/seed-1_sample-0/ova_c4_iptm80_20o_c5_seed-1_sample-0_model.cif
ova_c4_iptm80_20o_c5	seed-1_sample-1	5	0.27	0.4	85.55453384478476	nan	nan	0.3	0.0	5	5	1	0	130	130	0	0.12	0.14	18.33	"{""A-B"": 11, ""A-C"": 35, ""A-D"": 0, ""A-E"": 0, ""B-C"": 1, ""B-D"": 36, ""B-E"": 0, ""C-D"": 0, ""C-E"": 32, ""D-E"": 15}"	[94, 95, 96, 97, 98, 99, 182, 184, 190, 191, 192, 193, 217, 236, 275, 276, 277, 278, 337, 338, 339, 340, 341, 342, 344, 345, 346, 347, 348, 349, 350, 353, 354, 355, 356, 357]	experiments/e149_final20_stoichiometry_v1/out_s2/ova_c4_iptm80_20o_c5/seed-1_sample-1/ova_c4_iptm80_20o_c5_seed-1_sample-1_summary_confidences.json	experiments/e149_final20_stoichiometry_v1/out_s2/ova_c4_iptm80_20o_c5/seed-1_sample-1/ova_c4_iptm80_20o_c5_seed-1_sample-1_model.cif
ova_c4_iptm80_20o_c5	seed-1_sample-2	5	0.28	0.41	85.96950788942644	nan	nan	0.3	0.0	6	5	1	0	92	92	0	0.19	0.195	20.29	"{""A-B"": 8, ""A-C"": 0, ""A-D"": 5, ""A-E"": 5, ""B-C"": 5, ""B-D"": 38, ""B-E"": 0, ""C-D"": 0, ""C-E"": 31, ""D-E"": 0}"	[82, 86, 90, 94, 95, 96, 97, 98, 99, 155, 157, 182, 184, 190, 191, 192, 193, 195, 236, 271, 272, 276, 278, 337, 338, 340, 342, 344, 345, 347, 349, 350, 353, 354, 373, 374]	experiments/e149_final20_stoichiometry_v1/out_s2/ova_c4_iptm80_20o_c5/seed-1_sample-2/ova_c4_iptm80_20o_c5_seed-1_sample-2_summary_confidences.json	experiments/e149_final20_stoichiometry_v1/out_s2/ova_c4_iptm80_20o_c5/seed-1_sample-2/ova_c4_iptm80_20o_c5_seed-1_sample-2_model.cif
ova_c4_iptm80_20o_c5	seed-1_sample-3	5	0.28	0.41	85.27904139899219	nan	nan	0.3	0.0	5	5	1	0	142	142	0	0.14	0.18	19.93	"{""A-B"": 27, ""A-C"": 0, ""A-D"": 0, ""A-E"": 28, ""B-C"": 2, ""B-D"": 34, ""B-E"": 0, ""C-D"": 14, ""C-E"": 37, ""D-E"": 0}"	[94, 95, 96, 97, 98, 99, 155, 182, 183, 184, 188, 190, 191, 192, 195, 215, 217, 236, 275, 276, 277, 278, 279, 336, 337, 338, 339, 340, 342, 344, 345, 346, 347, 348, 349, 350, 353, 354, 355, 356, 357]	experiments/e149_final20_stoichiometry_v1/out_s2/ova_c4_iptm80_20o_c5/seed-1_sample-3/ova_c4_iptm80_20o_c5_seed-1_sample-3_summary_confidences.json	experiments/e149_final20_stoichiometry_v1/out_s2/ova_c4_iptm80_20o_c5/seed-1_sample-3/ova_c4_iptm80_20o_c5_seed-1_sample-3_model.cif
ova_c4_iptm80_20o_c5	seed-1_sample-4	5	0.27	0.41	86.14126934782828	nan	nan	0.3	0.0	5	5	1	0	138	138	0	0.13	0.15	18.28	"{""A-B"": 12, ""A-C"": 37, ""A-D"": 0, ""A-E"": 0, ""B-C"": 0, ""B-D"": 39, ""B-E"": 0, ""C-D"": 0, ""C-E"": 22, ""D-E"": 28}"	[94, 95, 96, 97, 98, 99, 155, 182, 183, 184, 188, 190, 191, 192, 195, 217, 236, 275, 276, 277, 278, 279, 336, 337, 338, 339, 340, 342, 343, 344, 345, 347, 348, 349, 350, 353, 354, 355, 356, 357]	experiments/e149_final20_stoichiometry_v1/out_s2/ova_c4_iptm80_20o_c5/seed-1_sample-4/ova_c4_iptm80_20o_c5_seed-1_sample-4_summary_confidences.json	experiments/e149_final20_stoichiometry_v1/out_s2/ova_c4_iptm80_20o_c5/seed-1_sample-4/ova_c4_iptm80_20o_c5_seed-1_sample-4_model.cif
ova_c4_iptm80_20o_c5	seed-2_sample-0	5	0.48	0.57	86.95865276316904	nan	nan	0.5	0.0	8	5	1	0	177	177	0	0.11	0.44999999999999996	10.785	"{""A-B"": 12, ""A-C"": 50, ""A-D"": 19, ""A-E"": 0, ""B-C"": 18, ""B-D"": 48, ""B-E"": 10, ""C-D"": 12, ""C-E"": 0, ""D-E"": 8}"	[86, 87, 90, 94, 95, 96, 97, 98, 99, 140, 141, 144, 159, 160, 163, 164, 182, 184, 190, 191, 192, 193, 204, 205, 207, 208, 216, 217, 236, 271, 272, 277, 278, 337, 338, 339, 340, 341, 342, 343, 344, 345, 346, 347, 348, 350, 354, 373, 374, 385]	experiments/e149_final20_stoichiometry_v1/out_s2/ova_c4_iptm80_20o_c5/seed-2_sample-0/ova_c4_iptm80_20o_c5_seed-2_sample-0_summary_confidences.json	experiments/e149_final20_stoichiometry_v1/out_s2/ova_c4_iptm80_20o_c5/seed-2_sample-0/ova_c4_iptm80_20o_c5_seed-2_sample-0_model.cif
ova_c4_iptm80_20o_c5	seed-2_sample-1	5	0.51	0.6	86.70647658708799	nan	nan	0.53	0.0	7	5	1	0	166	166	0	0.1	0.51	10.1	"{""A-B"": 11, ""A-C"": 49, ""A-D"": 17, ""A-E"": 4, ""B-C"": 19, ""B-D"": 46, ""B-E"": 0, ""C-D"": 14, ""C-E"": 6, ""D-E"": 0}"	[21, 22, 83, 86, 87, 90, 94, 95, 96, 97, 98, 99, 140, 160, 164, 165, 182, 183, 184, 190, 191, 192, 193, 216, 217, 236, 238, 271, 272, 277, 278, 300, 337, 338, 339, 340, 341, 342, 344, 345, 346, 347, 348, 350, 353, 354, 373, 374]	experiments/e149_final20_stoichiometry_v1/out_s2/ova_c4_iptm80_20o_c5/seed-2_sample-1/ova_c4_iptm80_20o_c5_seed-2_sample-1_summary_confidences.json	experiments/e149_final20_stoichiometry_v1/out_s2/ova_c4_iptm80_20o_c5/seed-2_sample-1/ova_c4_iptm80_20o_c5_seed-2_sample-1_model.cif
ova_c4_iptm80_20o_c5	seed-2_sample-2	5	0.48	0.57	86.4305959513768	nan	nan	0.5	0.0	8	5	1	0	217	217	0	0.11	0.46499999999999997	11.379999999999999	"{""A-B"": 18, ""A-C"": 45, ""A-D"": 17, ""A-E"": 0, ""B-C"": 20, ""B-D"": 44, ""B-E"": 28, ""C-D"": 21, ""C-E"": 24, ""D-E"": 0}"	[1, 82, 83, 86, 87, 90, 94, 95, 96, 97, 98, 99, 145, 148, 152, 182, 183, 184, 188, 189, 190, 191, 192, 193, 198, 200, 204, 206, 216, 217, 236, 266, 270, 271, 272, 278, 336, 337, 338, 339, 340, 341, 342, 343, 344, 345, 346, 347, 348, 349, 350, 352, 353, 354, 355, 356, 357, 373, 374]	experiments/e149_final20_stoichiometry_v1/out_s2/ova_c4_iptm80_20o_c5/seed-2_sample-2/ova_c4_iptm80_20o_c5_seed-2_sample-2_summary_confidences.json	experiments/e149_final20_stoichiometry_v1/out_s2/ova_c4_iptm80_20o_c5/seed-2_sample-2/ova_c4_iptm80_20o_c5_seed-2_sample-2_model.cif
ova_c4_iptm80_20o_c5	seed-2_sample-3	5	0.45	0.54	86.61930056557136	nan	nan	0.47	0.0	8	5	1	0	254	254	0	0.11	0.43000000000000005	12.535	"{""A-B"": 14, ""A-C"": 46, ""A-D"": 31, ""A-E"": 0, ""B-C"": 32, ""B-D"": 46, ""B-E"": 44, ""C-D"": 13, ""C-E"": 26, ""D-E"": 2}"	[83, 86, 87, 90, 93, 94, 95, 96, 97, 98, 99, 182, 184, 186, 187, 190, 191, 192, 193, 198, 200, 203, 204, 206, 215, 216, 217, 218, 234, 236, 271, 272, 276, 277, 278, 279, 280, 337, 338, 339, 340, 341, 342, 343, 344, 345, 346, 347, 348, 349, 350, 351, 352, 353, 354, 355, 356, 357, 373, 374]	experiments/e149_final20_stoichiometry_v1/out_s2/ova_c4_iptm80_20o_c5/seed-2_sample-3/ova_c4_iptm80_20o_c5_seed-2_sample-3_summary_confidences.json	experiments/e149_final20_stoichiometry_v1/out_s2/ova_c4_iptm80_20o_c5/seed-2_sample-3/ova_c4_iptm80_20o_c5_seed-2_sample-3_model.cif
ova_c4_iptm80_20o_c5	seed-2_sample-4	5	0.29	0.42	85.72525927192807	nan	nan	0.32	0.0	5	5	1	0	185	185	0	0.19	0.19	18.19	"{""A-B"": 0, ""A-C"": 47, ""A-D"": 22, ""A-E"": 0, ""B-C"": 34, ""B-D"": 0, ""B-E"": 37, ""C-D"": 2, ""C-E"": 0, ""D-E"": 43}"	[89, 92, 93, 94, 95, 96, 97, 98, 99, 152, 153, 155, 182, 184, 190, 191, 192, 193, 195, 216, 217, 218, 219, 220, 221, 222, 224, 236, 272, 274, 275, 276, 277, 278, 279, 337, 338, 339, 340, 342, 343, 344, 345, 346, 347, 348, 349, 350, 352, 353, 354, 355, 356, 357]	experiments/e149_final20_stoichiometry_v1/out_s2/ova_c4_iptm80_20o_c5/seed-2_sample-4/ova_c4_iptm80_20o_c5_seed-2_sample-4_summary_confidences.json	experiments/e149_final20_stoichiometry_v1/out_s2/ova_c4_iptm80_20o_c5/seed-2_sample-4/ova_c4_iptm80_20o_c5_seed-2_sample-4_model.cif
ova_c4_iptm80_20o_c5	seed-3_sample-0	5	0.46	0.55	86.67510385463892	nan	nan	0.48	0.0	8	5	1	0	205	205	0	0.11	0.44	11.785	"{""A-B"": 28, ""A-C"": 49, ""A-D"": 13, ""A-E"": 0, ""B-C"": 13, ""B-D"": 47, ""B-E"": 3, ""C-D"": 27, ""C-E"": 5, ""D-E"": 20}"	[86, 87, 90, 94, 95, 96, 97, 98, 99, 182, 183, 184, 188, 190, 191, 192, 193, 196, 198, 215, 216, 217, 236, 238, 271, 272, 276, 277, 278, 334, 336, 337, 338, 339, 340, 341, 342, 343, 344, 345, 346, 347, 348, 349, 350, 351, 352, 353, 354, 355, 373, 374]	experiments/e149_final20_stoichiometry_v1/out_s2/ova_c4_iptm80_20o_c5/seed-3_sample-0/ova_c4_iptm80_20o_c5_seed-3_sample-0_summary_confidences.json	experiments/e149_final20_stoichiometry_v1/out_s2/ova_c4_iptm80_20o_c5/seed-3_sample-0/ova_c4_iptm80_20o_c5_seed-3_sample-0_model.cif
ova_c4_iptm80_20o_c5	seed-3_sample-1	5	0.45	0.55	86.53746105846346	nan	nan	0.47	0.0	8	5	1	0	198	198	0	0.11	0.43	11.99	"{""A-B"": 20, ""A-C"": 45, ""A-D"": 17, ""A-E"": 17, ""B-C"": 14, ""B-D"": 48, ""B-E"": 16, ""C-D"": 21, ""C-E"": 0, ""D-E"": 0}"	[1, 2, 86, 87, 90, 94, 95, 96, 97, 98, 99, 144, 148, 151, 152, 157, 182, 184, 188, 190, 191, 192, 193, 194, 216, 217, 222, 224, 225, 227, 236, 266, 270, 271, 272, 277, 278, 334, 336, 337, 338, 339, 340, 341, 342, 343, 344, 345, 346, 347, 348, 349, 350, 352, 353, 354, 355, 357, 373, 374]	experiments/e149_final20_stoichiometry_v1/out_s2/ova_c4_iptm80_20o_c5/seed-3_sample-1/ova_c4_iptm80_20o_c5_seed-3_sample-1_summary_confidences.json	experiments/e149_final20_stoichiometry_v1/out_s2/ova_c4_iptm80_20o_c5/seed-3_sample-1/ova_c4_iptm80_20o_c5_seed-3_sample-1_model.cif
ova_c4_iptm80_20o_c5	seed-3_sample-2	5	0.45	0.55	86.68251300475758	nan	nan	0.47	0.0	8	5	1	0	211	211	0	0.11	0.44	12.075	"{""A-B"": 25, ""A-C"": 44, ""A-D"": 14, ""A-E"": 19, ""B-C"": 13, ""B-D"": 45, ""B-E"": 24, ""C-D"": 27, ""C-E"": 0, ""D-E"": 0}"	[83, 86, 87, 90, 94, 95, 96, 97, 98, 99, 152, 182, 183, 184, 188, 189, 190, 191, 192, 193, 198, 216, 217, 236, 238, 271, 272, 278, 336, 337, 338, 339, 340, 341, 342, 343, 344, 345, 346, 347, 348, 349, 350, 352, 353, 354, 355, 356, 357, 358, 373, 374]	experiments/e149_final20_stoichiometry_v1/out_s2/ova_c4_iptm80_20o_c5/seed-3_sample-2/ova_c4_iptm80_20o_c5_seed-3_sample-2_summary_confidences.json	experiments/e149_final20_stoichiometry_v1/out_s2/ova_c4_iptm80_20o_c5/seed-3_sample-2/ova_c4_iptm80_20o_c5_seed-3_sample-2_model.cif
ova_c4_iptm80_20o_c5	seed-3_sample-3	5	0.44	0.54	86.73766830918703	nan	nan	0.46	0.0	8	5	1	0	190	190	0	0.12	0.42000000000000004	12.25	"{""A-B"": 24, ""A-C"": 42, ""A-D"": 10, ""A-E"": 0, ""B-C"": 11, ""B-D"": 42, ""B-E"": 0, ""C-D"": 22, ""C-E"": 23, ""D-E"": 16}"	[86, 90, 94, 95, 96, 97, 98, 99, 148, 152, 182, 184, 188, 190, 191, 192, 193, 216, 217, 224, 227, 236, 248, 249, 271, 272, 277, 278, 337, 338, 339, 340, 341, 342, 343, 344, 345, 346, 347, 348, 349, 350, 352, 353, 354, 355, 356, 357, 373, 374]	experiments/e149_final20_stoichiometry_v1/out_s2/ova_c4_iptm80_20o_c5/seed-3_sample-3/ova_c4_iptm80_20o_c5_seed-3_sample-3_summary_confidences.json	experiments/e149_final20_stoichiometry_v1/out_s2/ova_c4_iptm80_20o_c5/seed-3_sample-3/ova_c4_iptm80_20o_c5_seed-3_sample-3_model.cif
ova_c4_iptm80_20o_c5	seed-3_sample-4	5	0.44	0.54	86.78466304719757	nan	nan	0.46	0.0	8	5	1	0	216	216	0	0.12	0.41500000000000004	12.83	"{""A-B"": 24, ""A-C"": 44, ""A-D"": 10, ""A-E"": 29, ""B-C"": 9, ""B-D"": 44, ""B-E"": 30, ""C-D"": 26, ""C-E"": 0, ""D-E"": 0}"	[82, 83, 86, 90, 94, 95, 96, 97, 98, 99, 182, 184, 186, 187, 190, 191, 192, 193, 215, 216, 217, 236, 271, 272, 276, 277, 278, 279, 337, 338, 339, 340, 341, 342, 343, 344, 345, 346, 347, 348, 349, 350, 351, 352, 353, 354, 355, 356, 357, 373, 374]	experiments/e149_final20_stoichiometry_v1/out_s2/ova_c4_iptm80_20o_c5/seed-3_sample-4/ova_c4_iptm80_20o_c5_seed-3_sample-4_summary_confidences.json	experiments/e149_final20_stoichiometry_v1/out_s2/ova_c4_iptm80_20o_c5/seed-3_sample-4/ova_c4_iptm80_20o_c5_seed-3_sample-4_model.cif
ova_c4_iptm80_20o_c6	seed-1_sample-0	6	0.33	0.44	86.79792739196145	nan	nan	0.35	0.0	6	6	1	0	226	226	0	0.38	0.355	11.16	"{""A-B"": 0, ""A-C"": 0, ""A-D"": 47, ""A-E"": 0, ""A-F"": 29, ""B-C"": 0, ""B-D"": 28, ""B-E"": 47, ""B-F"": 0, ""C-D"": 0, ""C-E"": 27, ""C-F"": 48, ""D-E"": 0, ""D-F"": 0, ""E-F"": 0}"	[1, 2, 6, 64, 65, 83, 86, 87, 90, 94, 95, 96, 97, 98, 99, 155, 156, 182, 183, 184, 190, 191, 192, 194, 195, 196, 208, 262, 263, 266, 267, 270, 271, 272, 337, 338, 340, 342, 344, 345, 373, 374]	experiments/e149_final20_stoichiometry_v1/out_s1/ova_c4_iptm80_20o_c6/seed-1_sample-0/ova_c4_iptm80_20o_c6_seed-1_sample-0_summary_confidences.json	experiments/e149_final20_stoichiometry_v1/out_s1/ova_c4_iptm80_20o_c6/seed-1_sample-0/ova_c4_iptm80_20o_c6_seed-1_sample-0_model.cif
ova_c4_iptm80_20o_c6	seed-1_sample-1	6	0.34	0.44	86.89764243209918	nan	nan	0.36	0.0	6	6	1	0	262	262	0	0.41	0.365	10.765	"{""A-B"": 0, ""A-C"": 0, ""A-D"": 48, ""A-E"": 0, ""A-F"": 40, ""B-C"": 0, ""B-D"": 35, ""B-E"": 49, ""B-F"": 0, ""C-D"": 0, ""C-E"": 41, ""C-F"": 49, ""D-E"": 0, ""D-F"": 0, ""E-F"": 0}"	[1, 2, 3, 6, 64, 65, 83, 86, 87, 90, 94, 95, 96, 97, 98, 99, 155, 156, 182, 183, 184, 190, 191, 192, 193, 195, 196, 261, 262, 263, 264, 266, 267, 270, 271, 272, 337, 338, 340, 342, 344, 345, 373, 374]	experiments/e149_final20_stoichiometry_v1/out_s1/ova_c4_iptm80_20o_c6/seed-1_sample-1/ova_c4_iptm80_20o_c6_seed-1_sample-1_summary_confidences.json	experiments/e149_final20_stoichiometry_v1/out_s1/ova_c4_iptm80_20o_c6/seed-1_sample-1/ova_c4_iptm80_20o_c6_seed-1_sample-1_model.cif
ova_c4_iptm80_20o_c6	seed-1_sample-2	6	0.33	0.43	86.65803117702661	nan	nan	0.35	0.0	6	6	1	0	210	210	0	0.36	0.355	11.42	"{""A-B"": 0, ""A-C"": 0, ""A-D"": 50, ""A-E"": 0, ""A-F"": 22, ""B-C"": 0, ""B-D"": 24, ""B-E"": 44, ""B-F"": 0, ""C-D"": 0, ""C-E"": 22, ""C-F"": 48, ""D-E"": 0, ""D-F"": 0, ""E-F"": 0}"	[1, 64, 82, 83, 86, 87, 90, 94, 95, 96, 98, 99, 151, 152, 155, 156, 157, 182, 183, 184, 190, 191, 192, 194, 195, 196, 208, 210, 262, 263, 266, 267, 270, 271, 272, 337, 338, 344, 345, 373, 374]	experiments/e149_final20_stoichiometry_v1/out_s1/ova_c4_iptm80_20o_c6/seed-1_sample-2/ova_c4_iptm80_20o_c6_seed-1_sample-2_summary_confidences.json	experiments/e149_final20_stoichiometry_v1/out_s1/ova_c4_iptm80_20o_c6/seed-1_sample-2/ova_c4_iptm80_20o_c6_seed-1_sample-2_model.cif
ova_c4_iptm80_20o_c6	seed-1_sample-3	6	0.33	0.44	86.70427466674172	nan	nan	0.35	0.0	6	6	1	0	230	230	0	0.37	0.355	11.35	"{""A-B"": 0, ""A-C"": 0, ""A-D"": 53, ""A-E"": 0, ""A-F"": 23, ""B-C"": 0, ""B-D"": 24, ""B-E"": 55, ""B-F"": 0, ""C-D"": 0, ""C-E"": 24, ""C-F"": 51, ""D-E"": 0, ""D-F"": 0, ""E-F"": 0}"	[1, 6, 64, 86, 87, 90, 94, 95, 96, 97, 98, 99, 152, 155, 156, 182, 183, 184, 190, 191, 192, 193, 194, 195, 196, 208, 210, 262, 263, 266, 267, 270, 271, 272, 337, 338, 340, 342, 344, 345, 373, 374]	experiments/e149_final20_stoichiometry_v1/out_s1/ova_c4_iptm80_20o_c6/seed-1_sample-3/ova_c4_iptm80_20o_c6_seed-1_sample-3_summary_confidences.json	experiments/e149_final20_stoichiometry_v1/out_s1/ova_c4_iptm80_20o_c6/seed-1_sample-3/ova_c4_iptm80_20o_c6_seed-1_sample-3_model.cif
ova_c4_iptm80_20o_c6	seed-1_sample-4	6	0.34	0.44	86.91305709008726	nan	nan	0.36	0.0	6	6	1	0	257	257	0	0.41	0.36	11.265	"{""A-B"": 0, ""A-C"": 0, ""A-D"": 43, ""A-E"": 0, ""A-F"": 48, ""B-C"": 0, ""B-D"": 44, ""B-E"": 43, ""B-F"": 0, ""C-D"": 0, ""C-E"": 39, ""C-F"": 40, ""D-E"": 0, ""D-F"": 0, ""E-F"": 0}"	[1, 2, 3, 6, 9, 10, 64, 65, 86, 87, 90, 94, 95, 96, 97, 98, 99, 155, 156, 182, 183, 184, 190, 191, 192, 193, 195, 196, 261, 262, 263, 264, 265, 266, 267, 270, 271, 272, 337, 338, 340, 342, 344, 345, 373, 374]	experiments/e149_final20_stoichiometry_v1/out_s1/ova_c4_iptm80_20o_c6/seed-1_sample-4/ova_c4_iptm80_20o_c6_seed-1_sample-4_summary_confidences.json	experiments/e149_final20_stoichiometry_v1/out_s1/ova_c4_iptm80_20o_c6/seed-1_sample-4/ova_c4_iptm80_20o_c6_seed-1_sample-4_model.cif
ova_c4_iptm80_20o_c6	seed-2_sample-0	6	0.43	0.52	85.96632139176285	nan	nan	0.45	0.0	12	6	1	0	356	356	0	0.5	0.265	11.335	"{""A-B"": 32, ""A-C"": 36, ""A-D"": 10, ""A-E"": 39, ""A-F"": 0, ""B-C"": 0, ""B-D"": 34, ""B-E"": 9, ""B-F"": 41, ""C-D"": 36, ""C-E"": 38, ""C-F"": 10, ""D-E"": 0, ""D-F"": 38, ""E-F"": 33}"	[1, 6, 86, 87, 90, 96, 144, 148, 151, 152, 154, 155, 156, 157, 159, 188, 191, 192, 215, 216, 217, 271, 272, 277, 278, 336, 337, 338, 339, 343, 344, 345, 346, 347, 348, 349, 350, 351, 352, 353, 354, 355, 356, 373, 374]	experiments/e149_final20_stoichiometry_v1/out_s1/ova_c4_iptm80_20o_c6/seed-2_sample-0/ova_c4_iptm80_20o_c6_seed-2_sample-0_summary_confidences.json	experiments/e149_final20_stoichiometry_v1/out_s1/ova_c4_iptm80_20o_c6/seed-2_sample-0/ova_c4_iptm80_20o_c6_seed-2_sample-0_model.cif
ova_c4_iptm80_20o_c6	seed-2_sample-1	6	0.48	0.56	86.23479275876376	nan	nan	0.5	0.0	12	6	1	0	353	353	0	0.55	0.315	9.865	"{""A-B"": 70, ""A-C"": 18, ""A-D"": 12, ""A-E"": 20, ""A-F"": 0, ""B-C"": 0, ""B-D"": 19, ""B-E"": 12, ""B-F"": 19, ""C-D"": 65, ""C-E"": 19, ""C-F"": 14, ""D-E"": 0, ""D-F"": 18, ""E-F"": 67}"	[1, 86, 87, 90, 94, 95, 96, 97, 99, 151, 155, 156, 157, 159, 160, 183, 184, 188, 189, 190, 191, 194, 210, 215, 216, 217, 263, 266, 271, 272, 278, 285, 287, 289, 332, 334, 336, 337, 338, 339, 340, 342, 343, 345, 346, 347, 348, 349, 350, 352, 353, 354, 356, 373, 374]	experiments/e149_final20_stoichiometry_v1/out_s1/ova_c4_iptm80_20o_c6/seed-2_sample-1/ova_c4_iptm80_20o_c6_seed-2_sample-1_summary_confidences.json	experiments/e149_final20_stoichiometry_v1/out_s1/ova_c4_iptm80_20o_c6/seed-2_sample-1/ova_c4_iptm80_20o_c6_seed-2_sample-1_model.cif
ova_c4_iptm80_20o_c6	seed-2_sample-2	6	0.47	0.55	86.2017097077839	nan	nan	0.48	0.0	12	6	1	0	370	370	0	0.54	0.295	10.465	"{""A-B"": 46, ""A-C"": 30, ""A-D"": 23, ""A-E"": 32, ""A-F"": 0, ""B-C"": 0, ""B-D"": 29, ""B-E"": 23, ""B-F"": 30, ""C-D"": 36, ""C-E"": 30, ""C-F"": 23, ""D-E"": 0, ""D-F"": 25, ""E-F"": 43}"	[1, 2, 86, 87, 90, 94, 95, 96, 97, 144, 147, 148, 151, 155, 156, 157, 158, 159, 160, 184, 188, 189, 191, 192, 210, 215, 216, 217, 266, 270, 271, 272, 278, 287, 334, 336, 337, 338, 339, 343, 344, 345, 346, 347, 348, 349, 350, 351, 352, 353, 354, 356, 373, 374, 375]	experiments/e149_final20_stoichiometry_v1/out_s1/ova_c4_iptm80_20o_c6/seed-2_sample-2/ova_c4_iptm80_20o_c6_seed-2_sample-2_summary_confidences.json	experiments/e149_final20_stoichiometry_v1/out_s1/ova_c4_iptm80_20o_c6/seed-2_sample-2/ova_c4_iptm80_20o_c6_seed-2_sample-2_model.cif
ova_c4_iptm80_20o_c6	seed-2_sample-3	6	0.44	0.52	86.25971497649356	nan	nan	0.45	0.0	12	6	1	0	259	259	0	0.46	0.28	11.129999999999999	"{""A-B"": 35, ""A-C"": 16, ""A-D"": 21, ""A-E"": 15, ""A-F"": 0, ""B-C"": 0, ""B-D"": 15, ""B-E"": 21, ""B-F"": 15, ""C-D"": 33, ""C-E"": 16, ""C-F"": 21, ""D-E"": 0, ""D-F"": 16, ""E-F"": 35}"	[1, 2, 86, 87, 90, 94, 95, 96, 97, 151, 155, 156, 157, 159, 184, 188, 191, 216, 217, 266, 270, 271, 272, 278, 336, 337, 338, 339, 340, 342, 345, 346, 347, 348, 349, 350, 352, 353, 354, 356, 373, 374, 375]	experiments/e149_final20_stoichiometry_v1/out_s1/ova_c4_iptm80_20o_c6/seed-2_sample-3/ova_c4_iptm80_20o_c6_seed-2_sample-3_summary_confidences.json	experiments/e149_final20_stoichiometry_v1/out_s1/ova_c4_iptm80_20o_c6/seed-2_sample-3/ova_c4_iptm80_20o_c6_seed-2_sample-3_model.cif
ova_c4_iptm80_20o_c6	seed-2_sample-4	6	0.43	0.52	86.15808297191877	nan	nan	0.45	0.0	12	6	1	0	338	338	0	0.51	0.27	11.845	"{""A-B"": 26, ""A-C"": 41, ""A-D"": 16, ""A-E"": 36, ""A-F"": 0, ""B-C"": 0, ""B-D"": 36, ""B-E"": 14, ""B-F"": 34, ""C-D"": 23, ""C-E"": 38, ""C-F"": 14, ""D-E"": 0, ""D-F"": 38, ""E-F"": 22}"	[1, 6, 86, 87, 90, 96, 141, 144, 145, 148, 149, 151, 152, 153, 155, 156, 184, 190, 191, 192, 193, 195, 213, 214, 215, 216, 263, 266, 271, 272, 278, 280, 338, 339, 342, 343, 344, 345, 346, 347, 348, 349, 350, 351, 352, 353, 354, 356, 373, 374]	experiments/e149_final20_stoichiometry_v1/out_s1/ova_c4_iptm80_20o_c6/seed-2_sample-4/ova_c4_iptm80_20o_c6_seed-2_sample-4_summary_confidences.json	experiments/e149_final20_stoichiometry_v1/out_s1/ova_c4_iptm80_20o_c6/seed-2_sample-4/ova_c4_iptm80_20o_c6_seed-2_sample-4_model.cif
ova_c4_iptm80_20o_c6	seed-3_sample-0	6	0.72	0.76	88.0904402559903	nan	nan	0.73	0.0	9	6	1	0	286	286	0	0.74	0.74	3.16	"{""A-B"": 25, ""A-C"": 35, ""A-D"": 0, ""A-E"": 35, ""A-F"": 0, ""B-C"": 0, ""B-D"": 35, ""B-E"": 0, ""B-F"": 35, ""C-D"": 0, ""C-E"": 36, ""C-F"": 25, ""D-E"": 25, ""D-F"": 35, ""E-F"": 0}"	[94, 95, 96, 97, 98, 99, 101, 149, 152, 153, 154, 155, 182, 183, 184, 190, 191, 192, 193, 194, 195, 196, 208, 210, 213, 217, 276, 277, 278, 342, 344, 345, 347, 349, 350, 353, 354, 355]	experiments/e149_final20_stoichiometry_v1/out_s1/ova_c4_iptm80_20o_c6/seed-3_sample-0/ova_c4_iptm80_20o_c6_seed-3_sample-0_summary_confidences.json	experiments/e149_final20_stoichiometry_v1/out_s1/ova_c4_iptm80_20o_c6/seed-3_sample-0/ova_c4_iptm80_20o_c6_seed-3_sample-0_model.cif
ova_c4_iptm80_20o_c6	seed-3_sample-1	6	0.78	0.81	88.5423834113877	nan	nan	0.78	0.0	9	6	1	0	301	301	0	0.78	0.78	2.48	"{""A-B"": 29, ""A-C"": 36, ""A-D"": 0, ""A-E"": 36, ""A-F"": 0, ""B-C"": 0, ""B-D"": 35, ""B-E"": 0, ""B-F"": 36, ""C-D"": 0, ""C-E"": 36, ""C-F"": 27, ""D-E"": 29, ""D-F"": 37, ""E-F"": 0}"	[93, 94, 95, 96, 97, 98, 99, 101, 149, 152, 153, 154, 155, 182, 183, 184, 190, 191, 192, 193, 194, 195, 196, 208, 210, 213, 216, 217, 278, 342, 343, 344, 346, 347, 348, 349, 350, 353, 354]	experiments/e149_final20_stoichiometry_v1/out_s1/ova_c4_iptm80_20o_c6/seed-3_sample-1/ova_c4_iptm80_20o_c6_seed-3_sample-1_summary_confidences.json	experiments/e149_final20_stoichiometry_v1/out_s1/ova_c4_iptm80_20o_c6/seed-3_sample-1/ova_c4_iptm80_20o_c6_seed-3_sample-1_model.cif
ova_c4_iptm80_20o_c6	seed-3_sample-2	6	0.76	0.79	88.30191702175634	nan	nan	0.77	0.0	9	6	1	0	302	302	0	0.76	0.76	2.74	"{""A-B"": 29, ""A-C"": 37, ""A-D"": 0, ""A-E"": 36, ""A-F"": 0, ""B-C"": 0, ""B-D"": 36, ""B-E"": 0, ""B-F"": 35, ""C-D"": 0, ""C-E"": 35, ""C-F"": 29, ""D-E"": 28, ""D-F"": 37, ""E-F"": 0}"	[93, 94, 95, 96, 97, 98, 99, 101, 149, 152, 153, 154, 155, 182, 183, 184, 190, 191, 192, 193, 194, 195, 196, 208, 210, 213, 216, 217, 278, 342, 343, 344, 346, 347, 348, 349, 350, 352, 353, 354]	experiments/e149_final20_stoichiometry_v1/out_s1/ova_c4_iptm80_20o_c6/seed-3_sample-2/ova_c4_iptm80_20o_c6_seed-3_sample-2_summary_confidences.json	experiments/e149_final20_stoichiometry_v1/out_s1/ova_c4_iptm80_20o_c6/seed-3_sample-2/ova_c4_iptm80_20o_c6_seed-3_sample-2_model.cif
ova_c4_iptm80_20o_c6	seed-3_sample-3	6	0.71	0.74	87.68974092710822	nan	nan	0.71	0.0	9	6	1	0	269	269	0	0.72	0.72	3.34	"{""A-B"": 25, ""A-C"": 32, ""A-D"": 0, ""A-E"": 34, ""A-F"": 0, ""B-C"": 0, ""B-D"": 32, ""B-E"": 0, ""B-F"": 32, ""C-D"": 0, ""C-E"": 32, ""C-F"": 25, ""D-E"": 25, ""D-F"": 32, ""E-F"": 0}"	[93, 94, 95, 96, 97, 98, 99, 101, 149, 152, 153, 154, 155, 182, 183, 184, 190, 191, 192, 193, 194, 195, 196, 208, 210, 213, 217, 276, 277, 278, 342, 344, 345, 347, 348, 349, 350, 353, 354, 355]	experiments/e149_final20_stoichiometry_v1/out_s1/ova_c4_iptm80_20o_c6/seed-3_sample-3/ova_c4_iptm80_20o_c6_seed-3_sample-3_summary_confidences.json	experiments/e149_final20_stoichiometry_v1/out_s1/ova_c4_iptm80_20o_c6/seed-3_sample-3/ova_c4_iptm80_20o_c6_seed-3_sample-3_model.cif
ova_c4_iptm80_20o_c6	seed-3_sample-4	6	0.73	0.77	87.93215002544186	nan	nan	0.74	0.0	9	6	1	0	279	279	0	0.74	0.74	3.02	"{""A-B"": 25, ""A-C"": 35, ""A-D"": 0, ""A-E"": 33, ""A-F"": 0, ""B-C"": 0, ""B-D"": 33, ""B-E"": 0, ""B-F"": 34, ""C-D"": 0, ""C-E"": 35, ""C-F"": 25, ""D-E"": 25, ""D-F"": 34, ""E-F"": 0}"	[90, 93, 94, 95, 96, 97, 98, 99, 101, 149, 152, 153, 154, 155, 182, 183, 184, 190, 191, 192, 193, 194, 195, 196, 208, 210, 213, 217, 276, 277, 278, 342, 344, 345, 347, 348, 349, 350, 353, 354, 355]	experiments/e149_final20_stoichiometry_v1/out_s1/ova_c4_iptm80_20o_c6/seed-3_sample-4/ova_c4_iptm80_20o_c6_seed-3_sample-4_summary_confidences.json	experiments/e149_final20_stoichiometry_v1/out_s1/ova_c4_iptm80_20o_c6/seed-3_sample-4/ova_c4_iptm80_20o_c6_seed-3_sample-4_model.cif
ova_c4_iptm80_21p_c1	seed-1_sample-0	1	0.0	0.92	91.30160635122981	nan	nan	0.92	0.0	0	1	0	0	0	0	0	0.0	nan	nan	{}	[]	experiments/e149_final20_stoichiometry_v1/out_s5/ova_c4_iptm80_21p_c1/seed-1_sample-0/ova_c4_iptm80_21p_c1_seed-1_sample-0_summary_confidences.json	experiments/e149_final20_stoichiometry_v1/out_s5/ova_c4_iptm80_21p_c1/seed-1_sample-0/ova_c4_iptm80_21p_c1_seed-1_sample-0_model.cif
ova_c4_iptm80_21p_c1	seed-1_sample-1	1	0.0	0.92	90.49207257977422	nan	nan	0.92	0.0	0	1	0	0	0	0	0	0.0	nan	nan	{}	[]	experiments/e149_final20_stoichiometry_v1/out_s5/ova_c4_iptm80_21p_c1/seed-1_sample-1/ova_c4_iptm80_21p_c1_seed-1_sample-1_summary_confidences.json	experiments/e149_final20_stoichiometry_v1/out_s5/ova_c4_iptm80_21p_c1/seed-1_sample-1/ova_c4_iptm80_21p_c1_seed-1_sample-1_model.cif
ova_c4_iptm80_21p_c1	seed-1_sample-2	1	0.0	0.92	90.92699485739278	nan	nan	0.92	0.0	0	1	0	0	0	0	0	0.0	nan	nan	{}	[]	experiments/e149_final20_stoichiometry_v1/out_s5/ova_c4_iptm80_21p_c1/seed-1_sample-2/ova_c4_iptm80_21p_c1_seed-1_sample-2_summary_confidences.json	experiments/e149_final20_stoichiometry_v1/out_s5/ova_c4_iptm80_21p_c1/seed-1_sample-2/ova_c4_iptm80_21p_c1_seed-1_sample-2_model.cif
ova_c4_iptm80_21p_c1	seed-1_sample-3	1	0.0	0.92	91.13520722068036	nan	nan	0.92	0.0	0	1	0	0	0	0	0	0.0	nan	nan	{}	[]	experiments/e149_final20_stoichiometry_v1/out_s5/ova_c4_iptm80_21p_c1/seed-1_sample-3/ova_c4_iptm80_21p_c1_seed-1_sample-3_summary_confidences.json	experiments/e149_final20_stoichiometry_v1/out_s5/ova_c4_iptm80_21p_c1/seed-1_sample-3/ova_c4_iptm80_21p_c1_seed-1_sample-3_model.cif
ova_c4_iptm80_21p_c1	seed-1_sample-4	1	0.0	0.92	91.06049221414358	nan	nan	0.92	0.0	0	1	0	0	0	0	0	0.0	nan	nan	{}	[]	experiments/e149_final20_stoichiometry_v1/out_s5/ova_c4_iptm80_21p_c1/seed-1_sample-4/ova_c4_iptm80_21p_c1_seed-1_sample-4_summary_confidences.json	experiments/e149_final20_stoichiometry_v1/out_s5/ova_c4_iptm80_21p_c1/seed-1_sample-4/ova_c4_iptm80_21p_c1_seed-1_sample-4_model.cif
ova_c4_iptm80_21p_c1	seed-2_sample-0	1	0.0	0.92	90.9258291511338	nan	nan	0.92	0.0	0	1	0	0	0	0	0	0.0	nan	nan	{}	[]	experiments/e149_final20_stoichiometry_v1/out_s5/ova_c4_iptm80_21p_c1/seed-2_sample-0/ova_c4_iptm80_21p_c1_seed-2_sample-0_summary_confidences.json	experiments/e149_final20_stoichiometry_v1/out_s5/ova_c4_iptm80_21p_c1/seed-2_sample-0/ova_c4_iptm80_21p_c1_seed-2_sample-0_model.cif
ova_c4_iptm80_21p_c1	seed-2_sample-1	1	0.0	0.92	91.24002600951516	nan	nan	0.92	0.0	0	1	0	0	0	0	0	0.0	nan	nan	{}	[]	experiments/e149_final20_stoichiometry_v1/out_s5/ova_c4_iptm80_21p_c1/seed-2_sample-1/ova_c4_iptm80_21p_c1_seed-2_sample-1_summary_confidences.json	experiments/e149_final20_stoichiometry_v1/out_s5/ova_c4_iptm80_21p_c1/seed-2_sample-1/ova_c4_iptm80_21p_c1_seed-2_sample-1_model.cif
ova_c4_iptm80_21p_c1	seed-2_sample-2	1	0.0	0.92	90.74207249577181	nan	nan	0.92	0.0	0	1	0	0	0	0	0	0.0	nan	nan	{}	[]	experiments/e149_final20_stoichiometry_v1/out_s5/ova_c4_iptm80_21p_c1/seed-2_sample-2/ova_c4_iptm80_21p_c1_seed-2_sample-2_summary_confidences.json	experiments/e149_final20_stoichiometry_v1/out_s5/ova_c4_iptm80_21p_c1/seed-2_sample-2/ova_c4_iptm80_21p_c1_seed-2_sample-2_model.cif
ova_c4_iptm80_21p_c1	seed-2_sample-3	1	0.0	0.92	91.30886029455947	nan	nan	0.92	0.0	0	1	0	0	0	0	0	0.0	nan	nan	{}	[]	experiments/e149_final20_stoichiometry_v1/out_s5/ova_c4_iptm80_21p_c1/seed-2_sample-3/ova_c4_iptm80_21p_c1_seed-2_sample-3_summary_confidences.json	experiments/e149_final20_stoichiometry_v1/out_s5/ova_c4_iptm80_21p_c1/seed-2_sample-3/ova_c4_iptm80_21p_c1_seed-2_sample-3_model.cif
ova_c4_iptm80_21p_c1	seed-2_sample-4	1	0.0	0.92	91.08852320260952	nan	nan	0.92	0.0	0	1	0	0	0	0	0	0.0	nan	nan	{}	[]	experiments/e149_final20_stoichiometry_v1/out_s5/ova_c4_iptm80_21p_c1/seed-2_sample-4/ova_c4_iptm80_21p_c1_seed-2_sample-4_summary_confidences.json	experiments/e149_final20_stoichiometry_v1/out_s5/ova_c4_iptm80_21p_c1/seed-2_sample-4/ova_c4_iptm80_21p_c1_seed-2_sample-4_model.cif
ova_c4_iptm80_21p_c1	seed-3_sample-0	1	0.0	0.92	91.06274595902991	nan	nan	0.92	0.0	0	1	0	0	0	0	0	0.0	nan	nan	{}	[]	experiments/e149_final20_stoichiometry_v1/out_s5/ova_c4_iptm80_21p_c1/seed-3_sample-0/ova_c4_iptm80_21p_c1_seed-3_sample-0_summary_confidences.json	experiments/e149_final20_stoichiometry_v1/out_s5/ova_c4_iptm80_21p_c1/seed-3_sample-0/ova_c4_iptm80_21p_c1_seed-3_sample-0_model.cif
ova_c4_iptm80_21p_c1	seed-3_sample-1	1	0.0	0.92	91.315906692663	nan	nan	0.92	0.0	0	1	0	0	0	0	0	0.0	nan	nan	{}	[]	experiments/e149_final20_stoichiometry_v1/out_s5/ova_c4_iptm80_21p_c1/seed-3_sample-1/ova_c4_iptm80_21p_c1_seed-3_sample-1_summary_confidences.json	experiments/e149_final20_stoichiometry_v1/out_s5/ova_c4_iptm80_21p_c1/seed-3_sample-1/ova_c4_iptm80_21p_c1_seed-3_sample-1_model.cif
ova_c4_iptm80_21p_c1	seed-3_sample-2	1	0.0	0.92	91.13450769809862	nan	nan	0.92	0.0	0	1	0	0	0	0	0	0.0	nan	nan	{}	[]	experiments/e149_final20_stoichiometry_v1/out_s5/ova_c4_iptm80_21p_c1/seed-3_sample-2/ova_c4_iptm80_21p_c1_seed-3_sample-2_summary_confidences.json	experiments/e149_final20_stoichiometry_v1/out_s5/ova_c4_iptm80_21p_c1/seed-3_sample-2/ova_c4_iptm80_21p_c1_seed-3_sample-2_model.cif
ova_c4_iptm80_21p_c1	seed-3_sample-3	1	0.0	0.92	90.84380840637523	nan	nan	0.92	0.0	0	1	0	0	0	0	0	0.0	nan	nan	{}	[]	experiments/e149_final20_stoichiometry_v1/out_s5/ova_c4_iptm80_21p_c1/seed-3_sample-3/ova_c4_iptm80_21p_c1_seed-3_sample-3_summary_confidences.json	experiments/e149_final20_stoichiometry_v1/out_s5/ova_c4_iptm80_21p_c1/seed-3_sample-3/ova_c4_iptm80_21p_c1_seed-3_sample-3_model.cif
ova_c4_iptm80_21p_c1	seed-3_sample-4	1	0.0	0.92	91.04994843043194	nan	nan	0.92	0.0	0	1	0	0	0	0	0	0.0	nan	nan	{}	[]	experiments/e149_final20_stoichiometry_v1/out_s5/ova_c4_iptm80_21p_c1/seed-3_sample-4/ova_c4_iptm80_21p_c1_seed-3_sample-4_summary_confidences.json	experiments/e149_final20_stoichiometry_v1/out_s5/ova_c4_iptm80_21p_c1/seed-3_sample-4/ova_c4_iptm80_21p_c1_seed-3_sample-4_model.cif
ova_c4_iptm80_21p_c2	seed-1_sample-0	2	0.54	0.72	90.18531098637555	nan	nan	0.57	0.0	1	2	1	0	69	69	0	0.54	0.54	6.88	"{""A-B"": 69}"	[94, 95, 96, 97, 98, 99, 101, 152, 154, 155, 156, 157, 180, 182, 184, 190, 191, 192, 193, 195, 334, 337, 338, 339, 340, 341, 342, 344, 345, 346, 349]	experiments/e149_final20_stoichiometry_v1/out_s3/ova_c4_iptm80_21p_c2/seed-1_sample-0/ova_c4_iptm80_21p_c2_seed-1_sample-0_summary_confidences.json	experiments/e149_final20_stoichiometry_v1/out_s3/ova_c4_iptm80_21p_c2/seed-1_sample-0/ova_c4_iptm80_21p_c2_seed-1_sample-0_model.cif
ova_c4_iptm80_21p_c2	seed-1_sample-1	2	0.56	0.73	90.22878236721216	nan	nan	0.59	0.0	1	2	1	0	74	74	0	0.56	0.56	7.23	"{""A-B"": 74}"	[94, 95, 96, 97, 98, 99, 101, 154, 155, 156, 157, 180, 182, 183, 184, 188, 190, 191, 192, 193, 195, 334, 337, 338, 339, 340, 341, 342, 343, 344, 345, 346, 349]	experiments/e149_final20_stoichiometry_v1/out_s3/ova_c4_iptm80_21p_c2/seed-1_sample-1/ova_c4_iptm80_21p_c2_seed-1_sample-1_summary_confidences.json	experiments/e149_final20_stoichiometry_v1/out_s3/ova_c4_iptm80_21p_c2/seed-1_sample-1/ova_c4_iptm80_21p_c2_seed-1_sample-1_model.cif
ova_c4_iptm80_21p_c2	seed-1_sample-2	2	0.58	0.74	90.33582891948483	nan	nan	0.61	0.0	1	2	1	0	86	86	0	0.58	0.58	6.37	"{""A-B"": 86}"	[92, 94, 95, 96, 97, 98, 99, 100, 101, 153, 154, 155, 156, 157, 180, 182, 183, 184, 188, 190, 191, 192, 193, 195, 334, 336, 337, 338, 339, 340, 341, 342, 343, 344, 345, 346, 347, 348]	experiments/e149_final20_stoichiometry_v1/out_s3/ova_c4_iptm80_21p_c2/seed-1_sample-2/ova_c4_iptm80_21p_c2_seed-1_sample-2_summary_confidences.json	experiments/e149_final20_stoichiometry_v1/out_s3/ova_c4_iptm80_21p_c2/seed-1_sample-2/ova_c4_iptm80_21p_c2_seed-1_sample-2_model.cif
ova_c4_iptm80_21p_c2	seed-1_sample-3	2	0.54	0.72	90.08805730552871	nan	nan	0.57	0.0	1	2	1	0	78	78	0	0.54	0.54	6.91	"{""A-B"": 78}"	[94, 95, 96, 97, 98, 99, 101, 154, 155, 156, 157, 180, 182, 183, 184, 188, 190, 191, 192, 193, 334, 337, 338, 339, 340, 341, 342, 343, 344, 345, 346, 347]	experiments/e149_final20_stoichiometry_v1/out_s3/ova_c4_iptm80_21p_c2/seed-1_sample-3/ova_c4_iptm80_21p_c2_seed-1_sample-3_summary_confidences.json	experiments/e149_final20_stoichiometry_v1/out_s3/ova_c4_iptm80_21p_c2/seed-1_sample-3/ova_c4_iptm80_21p_c2_seed-1_sample-3_model.cif
ova_c4_iptm80_21p_c2	seed-1_sample-4	2	0.56	0.73	90.26072552537671	nan	nan	0.59	0.0	1	2	1	0	69	69	0	0.56	0.56	6.79	"{""A-B"": 69}"	[94, 95, 96, 97, 98, 99, 101, 154, 155, 156, 157, 180, 182, 184, 188, 190, 191, 192, 193, 195, 334, 337, 338, 339, 340, 341, 342, 343, 344, 345, 346, 347]	experiments/e149_final20_stoichiometry_v1/out_s3/ova_c4_iptm80_21p_c2/seed-1_sample-4/ova_c4_iptm80_21p_c2_seed-1_sample-4_summary_confidences.json	experiments/e149_final20_stoichiometry_v1/out_s3/ova_c4_iptm80_21p_c2/seed-1_sample-4/ova_c4_iptm80_21p_c2_seed-1_sample-4_model.cif
ova_c4_iptm80_21p_c2	seed-2_sample-0	2	0.48	0.69	89.99525879578269	nan	nan	0.52	0.0	1	2	1	0	79	79	0	0.48	0.48	8.93	"{""A-B"": 79}"	[92, 93, 94, 95, 96, 97, 98, 99, 101, 154, 155, 156, 157, 180, 182, 183, 184, 188, 190, 191, 192, 193, 334, 337, 338, 339, 340, 341, 342, 344, 345, 346, 347]	experiments/e149_final20_stoichiometry_v1/out_s3/ova_c4_iptm80_21p_c2/seed-2_sample-0/ova_c4_iptm80_21p_c2_seed-2_sample-0_summary_confidences.json	experiments/e149_final20_stoichiometry_v1/out_s3/ova_c4_iptm80_21p_c2/seed-2_sample-0/ova_c4_iptm80_21p_c2_seed-2_sample-0_model.cif
ova_c4_iptm80_21p_c2	seed-2_sample-1	2	0.54	0.73	89.917305664695	nan	nan	0.58	0.0	1	2	1	0	84	84	0	0.54	0.54	7.49	"{""A-B"": 84}"	[92, 94, 95, 96, 97, 98, 99, 101, 154, 155, 156, 157, 180, 182, 183, 184, 188, 190, 191, 192, 193, 334, 336, 337, 338, 339, 340, 341, 342, 343, 344, 345, 346, 347, 348, 349]	experiments/e149_final20_stoichiometry_v1/out_s3/ova_c4_iptm80_21p_c2/seed-2_sample-1/ova_c4_iptm80_21p_c2_seed-2_sample-1_summary_confidences.json	experiments/e149_final20_stoichiometry_v1/out_s3/ova_c4_iptm80_21p_c2/seed-2_sample-1/ova_c4_iptm80_21p_c2_seed-2_sample-1_model.cif
ova_c4_iptm80_21p_c2	seed-2_sample-2	2	0.54	0.72	90.00844547291494	nan	nan	0.57	0.0	1	2	1	0	64	64	0	0.54	0.54	7.41	"{""A-B"": 64}"	[94, 95, 96, 97, 98, 99, 101, 154, 155, 156, 157, 180, 182, 184, 190, 191, 192, 193, 334, 337, 338, 339, 340, 341, 342, 344, 345, 346, 347]	experiments/e149_final20_stoichiometry_v1/out_s3/ova_c4_iptm80_21p_c2/seed-2_sample-2/ova_c4_iptm80_21p_c2_seed-2_sample-2_summary_confidences.json	experiments/e149_final20_stoichiometry_v1/out_s3/ova_c4_iptm80_21p_c2/seed-2_sample-2/ova_c4_iptm80_21p_c2_seed-2_sample-2_model.cif
ova_c4_iptm80_21p_c2	seed-2_sample-3	2	0.48	0.69	90.00295334652915	nan	nan	0.52	0.0	1	2	1	0	71	71	0	0.48	0.48	7.91	"{""A-B"": 71}"	[94, 95, 96, 97, 98, 99, 101, 152, 153, 154, 155, 156, 157, 180, 182, 184, 190, 191, 192, 193, 334, 338, 339, 340, 341, 342, 344, 345, 346, 347, 349]	experiments/e149_final20_stoichiometry_v1/out_s3/ova_c4_iptm80_21p_c2/seed-2_sample-3/ova_c4_iptm80_21p_c2_seed-2_sample-3_summary_confidences.json	experiments/e149_final20_stoichiometry_v1/out_s3/ova_c4_iptm80_21p_c2/seed-2_sample-3/ova_c4_iptm80_21p_c2_seed-2_sample-3_model.cif
ova_c4_iptm80_21p_c2	seed-2_sample-4	2	0.48	0.69	89.73155456503439	nan	nan	0.52	0.0	1	2	1	0	68	68	0	0.48	0.48	8.5	"{""A-B"": 68}"	[94, 95, 96, 97, 98, 99, 101, 154, 155, 156, 157, 180, 182, 184, 190, 191, 192, 193, 334, 338, 339, 340, 341, 342, 344, 345, 346, 347]	experiments/e149_final20_stoichiometry_v1/out_s3/ova_c4_iptm80_21p_c2/seed-2_sample-4/ova_c4_iptm80_21p_c2_seed-2_sample-4_summary_confidences.json	experiments/e149_final20_stoichiometry_v1/out_s3/ova_c4_iptm80_21p_c2/seed-2_sample-4/ova_c4_iptm80_21p_c2_seed-2_sample-4_model.cif
ova_c4_iptm80_21p_c2	seed-3_sample-0	2	0.61	0.74	89.80650262387923	nan	nan	0.64	0.0	1	2	1	0	72	72	0	0.61	0.61	4.32	"{""A-B"": 72}"	[94, 95, 96, 97, 98, 99, 101, 152, 154, 155, 156, 157, 180, 182, 184, 190, 191, 192, 193, 334, 337, 338, 339, 340, 341, 342, 344, 345, 346, 347, 349]	experiments/e149_final20_stoichiometry_v1/out_s3/ova_c4_iptm80_21p_c2/seed-3_sample-0/ova_c4_iptm80_21p_c2_seed-3_sample-0_summary_confidences.json	experiments/e149_final20_stoichiometry_v1/out_s3/ova_c4_iptm80_21p_c2/seed-3_sample-0/ova_c4_iptm80_21p_c2_seed-3_sample-0_model.cif
ova_c4_iptm80_21p_c2	seed-3_sample-1	2	0.66	0.78	90.3113211696012	nan	nan	0.68	0.0	1	2	1	0	69	69	0	0.66	0.66	4.46	"{""A-B"": 69}"	[92, 94, 95, 96, 97, 98, 99, 101, 154, 155, 156, 157, 180, 182, 184, 188, 190, 191, 192, 193, 334, 337, 338, 339, 340, 341, 342, 343, 344, 345, 346, 347]	experiments/e149_final20_stoichiometry_v1/out_s3/ova_c4_iptm80_21p_c2/seed-3_sample-1/ova_c4_iptm80_21p_c2_seed-3_sample-1_summary_confidences.json	experiments/e149_final20_stoichiometry_v1/out_s3/ova_c4_iptm80_21p_c2/seed-3_sample-1/ova_c4_iptm80_21p_c2_seed-3_sample-1_model.cif
ova_c4_iptm80_21p_c2	seed-3_sample-2	2	0.62	0.75	89.72194303008558	nan	nan	0.64	0.0	1	2	1	0	69	69	0	0.62	0.62	4.16	"{""A-B"": 69}"	[94, 95, 96, 97, 98, 99, 101, 152, 154, 155, 156, 157, 180, 182, 184, 190, 191, 192, 193, 334, 337, 338, 339, 340, 341, 342, 344, 345, 346, 348, 349]	experiments/e149_final20_stoichiometry_v1/out_s3/ova_c4_iptm80_21p_c2/seed-3_sample-2/ova_c4_iptm80_21p_c2_seed-3_sample-2_summary_confidences.json	experiments/e149_final20_stoichiometry_v1/out_s3/ova_c4_iptm80_21p_c2/seed-3_sample-2/ova_c4_iptm80_21p_c2_seed-3_sample-2_model.cif
ova_c4_iptm80_21p_c2	seed-3_sample-3	2	0.6	0.74	89.92256466959425	nan	nan	0.63	0.0	1	2	1	0	76	76	0	0.6	0.6	4.52	"{""A-B"": 76}"	[94, 95, 96, 97, 98, 99, 101, 154, 155, 156, 157, 180, 182, 184, 190, 191, 192, 193, 334, 337, 338, 339, 340, 341, 342, 344, 345, 346, 347]	experiments/e149_final20_stoichiometry_v1/out_s3/ova_c4_iptm80_21p_c2/seed-3_sample-3/ova_c4_iptm80_21p_c2_seed-3_sample-3_summary_confidences.json	experiments/e149_final20_stoichiometry_v1/out_s3/ova_c4_iptm80_21p_c2/seed-3_sample-3/ova_c4_iptm80_21p_c2_seed-3_sample-3_model.cif
ova_c4_iptm80_21p_c2	seed-3_sample-4	2	0.61	0.75	89.88841971955769	nan	nan	0.63	0.0	1	2	1	0	63	63	0	0.61	0.61	4.83	"{""A-B"": 63}"	[94, 95, 96, 97, 98, 99, 101, 154, 155, 156, 157, 180, 182, 183, 184, 188, 190, 191, 192, 193, 334, 338, 339, 340, 341, 342, 344, 345, 346]	experiments/e149_final20_stoichiometry_v1/out_s3/ova_c4_iptm80_21p_c2/seed-3_sample-4/ova_c4_iptm80_21p_c2_seed-3_sample-4_summary_confidences.json	experiments/e149_final20_stoichiometry_v1/out_s3/ova_c4_iptm80_21p_c2/seed-3_sample-4/ova_c4_iptm80_21p_c2_seed-3_sample-4_model.cif
ova_c4_iptm80_21p_c3	seed-1_sample-0	3	0.15	0.41	87.26108829715709	nan	nan	0.2	0.0	3	3	1	0	66	66	0	0.11	0.11	26.61	"{""A-B"": 11, ""A-C"": 32, ""B-C"": 23}"	[1, 2, 3, 6, 64, 65, 79, 86, 90, 188, 191, 217, 262, 263, 266, 267, 270, 271, 272, 278, 340, 341, 342, 343, 344, 345, 346, 347, 350, 351, 373, 374]	experiments/e149_final20_stoichiometry_v1/out_s5/ova_c4_iptm80_21p_c3/seed-1_sample-0/ova_c4_iptm80_21p_c3_seed-1_sample-0_summary_confidences.json	experiments/e149_final20_stoichiometry_v1/out_s5/ova_c4_iptm80_21p_c3/seed-1_sample-0/ova_c4_iptm80_21p_c3_seed-1_sample-0_model.cif
ova_c4_iptm80_21p_c3	seed-1_sample-1	3	0.2	0.44	86.99790162002485	nan	nan	0.25	0.0	3	3	1	0	101	101	0	0.14	0.14	20.34	"{""A-B"": 41, ""A-C"": 18, ""B-C"": 42}"	[94, 95, 96, 97, 98, 99, 155, 182, 183, 184, 186, 187, 190, 191, 192, 193, 196, 215, 216, 217, 218, 234, 236, 238, 276, 277, 278, 337, 338, 339, 340, 341, 342, 343, 344, 345, 346, 347, 348, 349, 350, 351, 352, 353, 354, 355]	experiments/e149_final20_stoichiometry_v1/out_s5/ova_c4_iptm80_21p_c3/seed-1_sample-1/ova_c4_iptm80_21p_c3_seed-1_sample-1_summary_confidences.json	experiments/e149_final20_stoichiometry_v1/out_s5/ova_c4_iptm80_21p_c3/seed-1_sample-1/ova_c4_iptm80_21p_c3_seed-1_sample-1_model.cif
ova_c4_iptm80_21p_c3	seed-1_sample-2	3	0.19	0.44	86.85606212319487	nan	nan	0.24	0.0	3	3	1	0	149	149	0	0.15	0.15	17.78	"{""A-B"": 51, ""A-C"": 47, ""B-C"": 51}"	[94, 95, 96, 97, 98, 99, 101, 155, 156, 157, 182, 184, 186, 187, 188, 191, 216, 217, 234, 236, 275, 276, 277, 278, 334, 336, 337, 338, 339, 340, 341, 342, 343, 344, 345, 346, 354, 355, 356, 357]	experiments/e149_final20_stoichiometry_v1/out_s5/ova_c4_iptm80_21p_c3/seed-1_sample-2/ova_c4_iptm80_21p_c3_seed-1_sample-2_summary_confidences.json	experiments/e149_final20_stoichiometry_v1/out_s5/ova_c4_iptm80_21p_c3/seed-1_sample-2/ova_c4_iptm80_21p_c3_seed-1_sample-2_model.cif
ova_c4_iptm80_21p_c3	seed-1_sample-3	3	0.18	0.43	87.36067359805725	nan	nan	0.23	0.0	2	3	1	0	82	82	0	0.13	0.15000000000000002	20.064999999999998	"{""A-B"": 26, ""A-C"": 4, ""B-C"": 52}"	[90, 94, 95, 96, 97, 98, 99, 155, 182, 184, 188, 190, 191, 192, 193, 217, 236, 237, 238, 239, 338, 339, 340, 341, 342, 343, 344, 345, 346, 347, 349, 350, 373]	experiments/e149_final20_stoichiometry_v1/out_s5/ova_c4_iptm80_21p_c3/seed-1_sample-3/ova_c4_iptm80_21p_c3_seed-1_sample-3_summary_confidences.json	experiments/e149_final20_stoichiometry_v1/out_s5/ova_c4_iptm80_21p_c3/seed-1_sample-3/ova_c4_iptm80_21p_c3_seed-1_sample-3_model.cif
ova_c4_iptm80_21p_c3	seed-1_sample-4	3	0.24	0.47	87.66163184605732	nan	nan	0.29	0.0	3	3	1	0	86	86	0	0.19	0.19	20.34	"{""A-B"": 53, ""A-C"": 13, ""B-C"": 20}"	[86, 87, 90, 94, 95, 96, 97, 98, 99, 182, 184, 188, 190, 191, 192, 193, 217, 236, 239, 271, 272, 275, 276, 278, 337, 338, 339, 340, 341, 342, 344, 345, 346, 347, 348, 349, 350, 353, 354, 373, 374]	experiments/e149_final20_stoichiometry_v1/out_s5/ova_c4_iptm80_21p_c3/seed-1_sample-4/ova_c4_iptm80_21p_c3_seed-1_sample-4_summary_confidences.json	experiments/e149_final20_stoichiometry_v1/out_s5/ova_c4_iptm80_21p_c3/seed-1_sample-4/ova_c4_iptm80_21p_c3_seed-1_sample-4_model.cif
ova_c4_iptm80_21p_c3	seed-2_sample-0	3	0.15	0.41	87.35391212621501	nan	nan	0.2	0.0	3	3	1	0	117	117	0	0.12	0.12	25.37	"{""A-B"": 41, ""A-C"": 38, ""B-C"": 38}"	[94, 95, 96, 110, 114, 116, 119, 123, 124, 127, 131, 132, 133, 134, 138, 141, 144, 145, 148, 149, 152, 153, 187, 216, 217, 238, 271, 275, 276, 277, 278, 340, 341, 342, 343, 344, 347, 350, 351, 354, 355, 373]	experiments/e149_final20_stoichiometry_v1/out_s5/ova_c4_iptm80_21p_c3/seed-2_sample-0/ova_c4_iptm80_21p_c3_seed-2_sample-0_summary_confidences.json	experiments/e149_final20_stoichiometry_v1/out_s5/ova_c4_iptm80_21p_c3/seed-2_sample-0/ova_c4_iptm80_21p_c3_seed-2_sample-0_model.cif
ova_c4_iptm80_21p_c3	seed-2_sample-1	3	0.19	0.44	87.50435223357047	nan	nan	0.24	0.0	3	3	1	0	90	90	0	0.14	0.14	21.04	"{""A-B"": 16, ""A-C"": 27, ""B-C"": 47}"	[94, 95, 96, 97, 99, 148, 151, 152, 153, 155, 156, 157, 191, 192, 194, 195, 196, 208, 209, 210, 234, 236, 238, 271, 285, 336, 337, 338, 340, 341, 342, 344, 345, 346, 347, 350, 372, 373]	experiments/e149_final20_stoichiometry_v1/out_s5/ova_c4_iptm80_21p_c3/seed-2_sample-1/ova_c4_iptm80_21p_c3_seed-2_sample-1_summary_confidences.json	experiments/e149_final20_stoichiometry_v1/out_s5/ova_c4_iptm80_21p_c3/seed-2_sample-1/ova_c4_iptm80_21p_c3_seed-2_sample-1_model.cif
ova_c4_iptm80_21p_c3	seed-2_sample-2	3	0.19	0.44	87.33274614996243	nan	nan	0.24	0.0	3	3	1	0	70	70	0	0.15	0.15	22.62	"{""A-B"": 15, ""A-C"": 19, ""B-C"": 36}"	[1, 2, 86, 90, 94, 95, 96, 97, 98, 99, 184, 188, 190, 191, 192, 193, 194, 216, 217, 239, 266, 270, 271, 272, 276, 278, 338, 339, 340, 341, 342, 344, 345, 346, 347, 349, 350, 353, 354, 373, 374]	experiments/e149_final20_stoichiometry_v1/out_s5/ova_c4_iptm80_21p_c3/seed-2_sample-2/ova_c4_iptm80_21p_c3_seed-2_sample-2_summary_confidences.json	experiments/e149_final20_stoichiometry_v1/out_s5/ova_c4_iptm80_21p_c3/seed-2_sample-2/ova_c4_iptm80_21p_c3_seed-2_sample-2_model.cif
ova_c4_iptm80_21p_c3	seed-2_sample-3	3	0.19	0.44	87.15020740093962	nan	nan	0.24	0.0	3	3	1	0	110	110	0	0.13	0.13	19.89	"{""A-B"": 43, ""A-C"": 47, ""B-C"": 20}"	[93, 94, 95, 96, 97, 98, 99, 182, 184, 187, 190, 191, 192, 193, 215, 216, 217, 218, 236, 237, 276, 278, 338, 339, 340, 341, 342, 343, 344, 345, 346, 347, 348, 349, 350, 351, 354, 355]	experiments/e149_final20_stoichiometry_v1/out_s5/ova_c4_iptm80_21p_c3/seed-2_sample-3/ova_c4_iptm80_21p_c3_seed-2_sample-3_summary_confidences.json	experiments/e149_final20_stoichiometry_v1/out_s5/ova_c4_iptm80_21p_c3/seed-2_sample-3/ova_c4_iptm80_21p_c3_seed-2_sample-3_model.cif
ova_c4_iptm80_21p_c3	seed-2_sample-4	3	0.15	0.41	86.50215029345893	nan	nan	0.2	0.0	3	3	1	0	115	115	0	0.12	0.12	25.3	"{""A-B"": 39, ""A-C"": 37, ""B-C"": 39}"	[3, 4, 64, 77, 83, 94, 95, 96, 110, 113, 114, 116, 119, 123, 124, 127, 131, 132, 133, 134, 138, 141, 144, 145, 148, 149, 151, 152, 153, 216, 217, 238, 271, 272, 275, 276, 278, 340, 341, 342, 343, 344, 345, 346, 351, 354, 372, 373, 374]	experiments/e149_final20_stoichiometry_v1/out_s5/ova_c4_iptm80_21p_c3/seed-2_sample-4/ova_c4_iptm80_21p_c3_seed-2_sample-4_summary_confidences.json	experiments/e149_final20_stoichiometry_v1/out_s5/ova_c4_iptm80_21p_c3/seed-2_sample-4/ova_c4_iptm80_21p_c3_seed-2_sample-4_model.cif
ova_c4_iptm80_21p_c3	seed-3_sample-0	3	0.38	0.57	87.79215033931436	nan	nan	0.42	0.0	3	3	1	0	125	125	0	0.3	0.3	17.21	"{""A-B"": 67, ""A-C"": 43, ""B-C"": 15}"	[86, 87, 90, 93, 94, 95, 96, 97, 99, 101, 154, 155, 156, 157, 180, 182, 184, 186, 188, 190, 191, 192, 193, 195, 217, 234, 236, 237, 238, 239, 271, 272, 275, 276, 278, 334, 337, 338, 339, 340, 341, 342, 343, 344, 345, 346, 347, 350, 371, 372, 373, 374]	experiments/e149_final20_stoichiometry_v1/out_s5/ova_c4_iptm80_21p_c3/seed-3_sample-0/ova_c4_iptm80_21p_c3_seed-3_sample-0_summary_confidences.json	experiments/e149_final20_stoichiometry_v1/out_s5/ova_c4_iptm80_21p_c3/seed-3_sample-0/ova_c4_iptm80_21p_c3_seed-3_sample-0_model.cif
ova_c4_iptm80_21p_c3	seed-3_sample-1	3	0.15	0.42	87.23362707227005	nan	nan	0.2	0.0	3	3	1	0	106	106	0	0.11	0.11	25.41	"{""A-B"": 33, ""A-C"": 37, ""B-C"": 36}"	[94, 95, 96, 97, 98, 99, 101, 153, 155, 156, 157, 180, 182, 183, 184, 188, 191, 192, 194, 195, 196, 197, 198, 200, 201, 203, 204, 205, 206, 207, 208, 334, 336, 337, 338, 339, 345, 385]	experiments/e149_final20_stoichiometry_v1/out_s5/ova_c4_iptm80_21p_c3/seed-3_sample-1/ova_c4_iptm80_21p_c3_seed-3_sample-1_summary_confidences.json	experiments/e149_final20_stoichiometry_v1/out_s5/ova_c4_iptm80_21p_c3/seed-3_sample-1/ova_c4_iptm80_21p_c3_seed-3_sample-1_model.cif
ova_c4_iptm80_21p_c3	seed-3_sample-2	3	0.27	0.48	87.51212435312222	nan	nan	0.31	0.0	3	3	1	0	125	125	0	0.13	0.13	21.32	"{""A-B"": 74, ""A-C"": 22, ""B-C"": 29}"	[93, 94, 95, 96, 97, 98, 99, 101, 152, 153, 154, 155, 156, 157, 180, 182, 184, 186, 188, 190, 191, 192, 193, 194, 195, 196, 210, 217, 219, 232, 234, 236, 237, 238, 239, 241, 271, 275, 276, 277, 278, 334, 336, 337, 338, 339, 340, 341, 342, 343, 344, 345, 346, 347, 372, 373]	experiments/e149_final20_stoichiometry_v1/out_s5/ova_c4_iptm80_21p_c3/seed-3_sample-2/ova_c4_iptm80_21p_c3_seed-3_sample-2_summary_confidences.json	experiments/e149_final20_stoichiometry_v1/out_s5/ova_c4_iptm80_21p_c3/seed-3_sample-2/ova_c4_iptm80_21p_c3_seed-3_sample-2_model.cif
ova_c4_iptm80_21p_c3	seed-3_sample-3	3	0.38	0.57	88.24709857683726	nan	nan	0.42	0.0	3	3	1	0	125	125	0	0.3	0.3	17.11	"{""A-B"": 82, ""A-C"": 27, ""B-C"": 16}"	[86, 89, 90, 92, 94, 95, 96, 97, 98, 99, 101, 154, 155, 156, 157, 180, 182, 184, 186, 188, 190, 191, 192, 193, 195, 217, 234, 236, 237, 238, 239, 270, 271, 272, 276, 278, 334, 336, 337, 338, 339, 340, 341, 342, 343, 344, 345, 346, 347, 348, 350, 371, 372, 373, 374]	experiments/e149_final20_stoichiometry_v1/out_s5/ova_c4_iptm80_21p_c3/seed-3_sample-3/ova_c4_iptm80_21p_c3_seed-3_sample-3_summary_confidences.json	experiments/e149_final20_stoichiometry_v1/out_s5/ova_c4_iptm80_21p_c3/seed-3_sample-3/ova_c4_iptm80_21p_c3_seed-3_sample-3_model.cif
ova_c4_iptm80_21p_c3	seed-3_sample-4	3	0.33	0.53	87.87909337770135	nan	nan	0.37	0.0	3	3	1	0	86	86	0	0.23	0.23	19.13	"{""A-B"": 62, ""A-C"": 8, ""B-C"": 16}"	[83, 86, 90, 94, 95, 96, 97, 98, 99, 101, 154, 155, 156, 157, 180, 182, 184, 188, 190, 191, 192, 193, 237, 238, 239, 271, 272, 276, 334, 338, 339, 340, 341, 342, 344, 345, 346, 347, 372, 373, 374]	experiments/e149_final20_stoichiometry_v1/out_s5/ova_c4_iptm80_21p_c3/seed-3_sample-4/ova_c4_iptm80_21p_c3_seed-3_sample-4_summary_confidences.json	experiments/e149_final20_stoichiometry_v1/out_s5/ova_c4_iptm80_21p_c3/seed-3_sample-4/ova_c4_iptm80_21p_c3_seed-3_sample-4_model.cif
ova_c4_iptm80_21p_c5	seed-1_sample-0	5	0.5	0.59	86.90018133054743	nan	nan	0.52	0.0	8	5	1	0	206	206	0	0.12	0.46499999999999997	11.485	"{""A-B"": 26, ""A-C"": 10, ""A-D"": 55, ""A-E"": 7, ""B-C"": 51, ""B-D"": 8, ""B-E"": 0, ""C-D"": 27, ""C-E"": 0, ""D-E"": 22}"	[83, 86, 87, 90, 94, 95, 96, 97, 98, 99, 140, 141, 144, 147, 156, 159, 160, 164, 182, 184, 190, 191, 192, 193, 204, 205, 206, 207, 208, 216, 217, 236, 237, 271, 272, 276, 277, 278, 337, 338, 339, 340, 341, 342, 343, 344, 345, 346, 347, 348, 349, 350, 351, 354, 373, 374, 385]	experiments/e149_final20_stoichiometry_v1/out_s4/ova_c4_iptm80_21p_c5/seed-1_sample-0/ova_c4_iptm80_21p_c5_seed-1_sample-0_summary_confidences.json	experiments/e149_final20_stoichiometry_v1/out_s4/ova_c4_iptm80_21p_c5/seed-1_sample-0/ova_c4_iptm80_21p_c5_seed-1_sample-0_model.cif
ova_c4_iptm80_21p_c5	seed-1_sample-1	5	0.49	0.58	86.66790154807926	nan	nan	0.5	0.0	8	5	1	0	252	252	0	0.11	0.44	12.235	"{""A-B"": 41, ""A-C"": 11, ""A-D"": 54, ""A-E"": 17, ""B-C"": 59, ""B-D"": 10, ""B-E"": 0, ""C-D"": 39, ""C-E"": 0, ""D-E"": 21}"	[22, 23, 24, 25, 26, 82, 83, 86, 90, 95, 96, 97, 98, 99, 140, 141, 144, 148, 156, 159, 160, 163, 164, 165, 182, 184, 187, 188, 190, 191, 192, 193, 195, 196, 197, 207, 208, 209, 210, 216, 217, 236, 271, 272, 276, 277, 278, 287, 289, 291, 293, 296, 337, 338, 339, 340, 341, 342, 343, 344, 345, 346, 347, 348, 349, 350, 354, 373, 374, 385]	experiments/e149_final20_stoichiometry_v1/out_s4/ova_c4_iptm80_21p_c5/seed-1_sample-1/ova_c4_iptm80_21p_c5_seed-1_sample-1_summary_confidences.json	experiments/e149_final20_stoichiometry_v1/out_s4/ova_c4_iptm80_21p_c5/seed-1_sample-1/ova_c4_iptm80_21p_c5_seed-1_sample-1_model.cif
ova_c4_iptm80_21p_c5	seed-1_sample-2	5	0.44	0.54	86.86945599966099	nan	nan	0.46	0.0	8	5	1	0	233	233	0	0.11	0.405	14.02	"{""A-B"": 34, ""A-C"": 10, ""A-D"": 52, ""A-E"": 26, ""B-C"": 54, ""B-D"": 11, ""B-E"": 7, ""C-D"": 38, ""C-E"": 0, ""D-E"": 1}"	[83, 86, 87, 90, 95, 96, 97, 98, 99, 182, 184, 187, 188, 190, 191, 192, 193, 195, 197, 213, 215, 216, 217, 219, 236, 271, 272, 274, 275, 276, 277, 278, 280, 282, 337, 338, 339, 340, 341, 342, 343, 344, 345, 346, 347, 348, 349, 350, 351, 352, 353, 354, 356, 357, 358, 373, 374]	experiments/e149_final20_stoichiometry_v1/out_s4/ova_c4_iptm80_21p_c5/seed-1_sample-2/ova_c4_iptm80_21p_c5_seed-1_sample-2_summary_confidences.json	experiments/e149_final20_stoichiometry_v1/out_s4/ova_c4_iptm80_21p_c5/seed-1_sample-2/ova_c4_iptm80_21p_c5_seed-1_sample-2_model.cif
ova_c4_iptm80_21p_c5	seed-1_sample-3	5	0.42	0.53	87.06227966664369	nan	nan	0.45	0.0	9	5	1	0	203	203	0	0.11	0.36	15.09	"{""A-B"": 24, ""A-C"": 8, ""A-D"": 52, ""A-E"": 6, ""B-C"": 52, ""B-D"": 8, ""B-E"": 1, ""C-D"": 21, ""C-E"": 21, ""D-E"": 10}"	[1, 2, 3, 6, 86, 90, 95, 96, 97, 98, 99, 116, 120, 123, 124, 182, 184, 188, 190, 191, 192, 193, 216, 217, 224, 236, 263, 266, 267, 270, 271, 272, 273, 276, 277, 278, 337, 338, 339, 340, 341, 342, 343, 344, 345, 346, 347, 348, 349, 350, 351, 353, 354, 355, 356, 357, 372, 373, 374, 375]	experiments/e149_final20_stoichiometry_v1/out_s4/ova_c4_iptm80_21p_c5/seed-1_sample-3/ova_c4_iptm80_21p_c5_seed-1_sample-3_summary_confidences.json	experiments/e149_final20_stoichiometry_v1/out_s4/ova_c4_iptm80_21p_c5/seed-1_sample-3/ova_c4_iptm80_21p_c5_seed-1_sample-3_model.cif
ova_c4_iptm80_21p_c5	seed-1_sample-4	5	0.43	0.53	86.65170995682632	nan	nan	0.45	0.0	9	5	1	0	224	224	0	0.11	0.39	14.4	"{""A-B"": 22, ""A-C"": 10, ""A-D"": 56, ""A-E"": 13, ""B-C"": 56, ""B-D"": 10, ""B-E"": 21, ""C-D"": 25, ""C-E"": 7, ""D-E"": 4}"	[3, 83, 86, 87, 90, 94, 95, 96, 97, 98, 99, 123, 149, 152, 182, 184, 188, 190, 191, 192, 193, 216, 217, 219, 232, 234, 236, 237, 238, 239, 241, 266, 267, 270, 271, 272, 274, 276, 277, 278, 337, 338, 339, 340, 341, 342, 343, 344, 345, 346, 347, 348, 349, 350, 351, 353, 354, 355, 356, 357, 358, 372, 373, 374]	experiments/e149_final20_stoichiometry_v1/out_s4/ova_c4_iptm80_21p_c5/seed-1_sample-4/ova_c4_iptm80_21p_c5_seed-1_sample-4_summary_confidences.json	experiments/e149_final20_stoichiometry_v1/out_s4/ova_c4_iptm80_21p_c5/seed-1_sample-4/ova_c4_iptm80_21p_c5_seed-1_sample-4_model.cif
ova_c4_iptm80_21p_c5	seed-2_sample-0	5	0.31	0.44	86.27668397537785	nan	nan	0.34	0.0	7	5	1	0	192	192	0	0.19	0.19	17.1	"{""A-B"": 53, ""A-C"": 8, ""A-D"": 0, ""A-E"": 7, ""B-C"": 9, ""B-D"": 0, ""B-E"": 12, ""C-D"": 75, ""C-E"": 0, ""D-E"": 28}"	[64, 82, 83, 86, 87, 90, 94, 95, 96, 97, 98, 99, 152, 155, 156, 182, 183, 184, 188, 190, 191, 192, 193, 194, 195, 196, 208, 210, 217, 270, 271, 272, 275, 276, 277, 278, 279, 336, 337, 338, 339, 340, 342, 343, 344, 345, 346, 347, 348, 349, 350, 351, 353, 354, 355, 357, 373, 374]	experiments/e149_final20_stoichiometry_v1/out_s4/ova_c4_iptm80_21p_c5/seed-2_sample-0/ova_c4_iptm80_21p_c5_seed-2_sample-0_summary_confidences.json	experiments/e149_final20_stoichiometry_v1/out_s4/ova_c4_iptm80_21p_c5/seed-2_sample-0/ova_c4_iptm80_21p_c5_seed-2_sample-0_model.cif
ova_c4_iptm80_21p_c5	seed-2_sample-1	5	0.44	0.54	86.95880830596765	nan	nan	0.46	0.0	8	5	1	0	207	207	0	0.14	0.355	15.17	"{""A-B"": 56, ""A-C"": 8, ""A-D"": 9, ""A-E"": 21, ""B-C"": 28, ""B-D"": 0, ""B-E"": 10, ""C-D"": 1, ""C-E"": 57, ""D-E"": 17}"	[83, 86, 87, 90, 95, 96, 97, 98, 99, 182, 184, 186, 187, 188, 190, 191, 192, 193, 216, 217, 236, 237, 238, 271, 272, 275, 276, 277, 278, 337, 338, 339, 340, 341, 342, 343, 344, 345, 346, 347, 348, 349, 350, 351, 352, 353, 354, 356, 373, 374]	experiments/e149_final20_stoichiometry_v1/out_s4/ova_c4_iptm80_21p_c5/seed-2_sample-1/ova_c4_iptm80_21p_c5_seed-2_sample-1_summary_confidences.json	experiments/e149_final20_stoichiometry_v1/out_s4/ova_c4_iptm80_21p_c5/seed-2_sample-1/ova_c4_iptm80_21p_c5_seed-2_sample-1_model.cif
ova_c4_iptm80_21p_c5	seed-2_sample-2	5	0.46	0.56	87.37813476206725	nan	nan	0.48	0.0	8	5	1	0	185	185	0	0.1	0.405	13.26	"{""A-B"": 56, ""A-C"": 12, ""A-D"": 14, ""A-E"": 0, ""B-C"": 15, ""B-D"": 10, ""B-E"": 8, ""C-D"": 58, ""C-E"": 2, ""D-E"": 10}"	[73, 86, 87, 90, 94, 95, 96, 97, 98, 99, 116, 117, 119, 120, 123, 124, 182, 184, 188, 190, 191, 192, 193, 216, 217, 236, 271, 272, 278, 337, 338, 339, 340, 341, 342, 344, 345, 346, 347, 348, 350, 353, 354, 356, 373, 374]	experiments/e149_final20_stoichiometry_v1/out_s4/ova_c4_iptm80_21p_c5/seed-2_sample-2/ova_c4_iptm80_21p_c5_seed-2_sample-2_summary_confidences.json	experiments/e149_final20_stoichiometry_v1/out_s4/ova_c4_iptm80_21p_c5/seed-2_sample-2/ova_c4_iptm80_21p_c5_seed-2_sample-2_model.cif
ova_c4_iptm80_21p_c5	seed-2_sample-3	5	0.28	0.42	86.54044034691054	nan	nan	0.31	0.0	5	5	1	0	120	120	0	0.14	0.19	17.64	"{""A-B"": 37, ""A-C"": 2, ""A-D"": 0, ""A-E"": 16, ""B-C"": 11, ""B-D"": 0, ""B-E"": 0, ""C-D"": 35, ""C-E"": 0, ""D-E"": 19}"	[94, 95, 96, 97, 98, 99, 155, 156, 182, 184, 190, 191, 192, 193, 195, 196, 217, 236, 276, 277, 278, 337, 338, 339, 340, 342, 343, 344, 345, 346, 347, 348, 349, 350, 351, 354, 356]	experiments/e149_final20_stoichiometry_v1/out_s4/ova_c4_iptm80_21p_c5/seed-2_sample-3/ova_c4_iptm80_21p_c5_seed-2_sample-3_summary_confidences.json	experiments/e149_final20_stoichiometry_v1/out_s4/ova_c4_iptm80_21p_c5/seed-2_sample-3/ova_c4_iptm80_21p_c5_seed-2_sample-3_model.cif
ova_c4_iptm80_21p_c5	seed-2_sample-4	5	0.27	0.4	86.29248686281511	nan	nan	0.29	0.0	5	5	1	0	139	139	0	0.14	0.17	19.52	"{""A-B"": 0, ""A-C"": 3, ""A-D"": 17, ""A-E"": 33, ""B-C"": 19, ""B-D"": 0, ""B-E"": 23, ""C-D"": 44, ""C-E"": 0, ""D-E"": 0}"	[94, 95, 96, 97, 98, 99, 155, 182, 184, 190, 191, 192, 193, 195, 217, 219, 236, 271, 272, 274, 275, 276, 277, 278, 336, 337, 338, 339, 340, 342, 343, 344, 345, 346, 347, 348, 349, 350, 353, 354, 355, 356]	experiments/e149_final20_stoichiometry_v1/out_s4/ova_c4_iptm80_21p_c5/seed-2_sample-4/ova_c4_iptm80_21p_c5_seed-2_sample-4_summary_confidences.json	experiments/e149_final20_stoichiometry_v1/out_s4/ova_c4_iptm80_21p_c5/seed-2_sample-4/ova_c4_iptm80_21p_c5_seed-2_sample-4_model.cif
ova_c4_iptm80_21p_c5	seed-3_sample-0	5	0.43	0.53	87.43240939520801	nan	nan	0.45	0.0	9	5	1	0	212	212	0	0.12	0.36	13.62	"{""A-B"": 22, ""A-C"": 56, ""A-D"": 8, ""A-E"": 0, ""B-C"": 9, ""B-D"": 57, ""B-E"": 5, ""C-D"": 22, ""C-E"": 14, ""D-E"": 19}"	[86, 90, 94, 95, 96, 97, 98, 99, 123, 127, 128, 159, 182, 184, 188, 190, 191, 192, 193, 216, 217, 224, 236, 271, 272, 276, 278, 334, 336, 337, 338, 339, 340, 341, 342, 343, 344, 345, 346, 347, 348, 349, 350, 352, 353, 354, 355, 356, 373, 374]	experiments/e149_final20_stoichiometry_v1/out_s4/ova_c4_iptm80_21p_c5/seed-3_sample-0/ova_c4_iptm80_21p_c5_seed-3_sample-0_summary_confidences.json	experiments/e149_final20_stoichiometry_v1/out_s4/ova_c4_iptm80_21p_c5/seed-3_sample-0/ova_c4_iptm80_21p_c5_seed-3_sample-0_model.cif
ova_c4_iptm80_21p_c5	seed-3_sample-1	5	0.44	0.54	87.52012958427785	nan	nan	0.46	0.0	8	5	1	0	226	226	0	0.11	0.405	13.035	"{""A-B"": 24, ""A-C"": 59, ""A-D"": 14, ""A-E"": 15, ""B-C"": 12, ""B-D"": 57, ""B-E"": 18, ""C-D"": 26, ""C-E"": 0, ""D-E"": 1}"	[1, 86, 90, 95, 96, 97, 98, 99, 182, 184, 188, 190, 191, 192, 193, 216, 217, 222, 236, 237, 266, 270, 271, 272, 275, 276, 277, 278, 337, 338, 339, 340, 341, 342, 343, 344, 345, 346, 347, 348, 349, 350, 351, 352, 353, 354, 356, 357, 373, 374]	experiments/e149_final20_stoichiometry_v1/out_s4/ova_c4_iptm80_21p_c5/seed-3_sample-1/ova_c4_iptm80_21p_c5_seed-3_sample-1_summary_confidences.json	experiments/e149_final20_stoichiometry_v1/out_s4/ova_c4_iptm80_21p_c5/seed-3_sample-1/ova_c4_iptm80_21p_c5_seed-3_sample-1_model.cif
ova_c4_iptm80_21p_c5	seed-3_sample-2	5	0.44	0.54	87.44849735714611	nan	nan	0.46	0.0	8	5	1	0	211	211	0	0.12	0.4	13.615	"{""A-B"": 17, ""A-C"": 47, ""A-D"": 9, ""A-E"": 18, ""B-C"": 8, ""B-D"": 49, ""B-E"": 0, ""C-D"": 16, ""C-E"": 47, ""D-E"": 0}"	[86, 87, 90, 94, 95, 96, 97, 98, 99, 101, 123, 127, 134, 137, 138, 141, 144, 145, 147, 148, 149, 151, 152, 153, 155, 156, 159, 182, 184, 188, 190, 191, 192, 193, 195, 203, 204, 206, 216, 217, 236, 271, 272, 278, 337, 338, 339, 340, 341, 342, 343, 344, 345, 346, 347, 348, 349, 350, 352, 353, 354, 355, 373, 374]	experiments/e149_final20_stoichiometry_v1/out_s4/ova_c4_iptm80_21p_c5/seed-3_sample-2/ova_c4_iptm80_21p_c5_seed-3_sample-2_summary_confidences.json	experiments/e149_final20_stoichiometry_v1/out_s4/ova_c4_iptm80_21p_c5/seed-3_sample-2/ova_c4_iptm80_21p_c5_seed-3_sample-2_model.cif
ova_c4_iptm80_21p_c5	seed-3_sample-3	5	0.48	0.57	87.0318393015491	nan	nan	0.49	0.0	8	5	1	0	215	215	0	0.12	0.44	11.67	"{""A-B"": 28, ""A-C"": 56, ""A-D"": 10, ""A-E"": 0, ""B-C"": 8, ""B-D"": 54, ""B-E"": 11, ""C-D"": 30, ""C-E"": 0, ""D-E"": 18}"	[24, 25, 83, 86, 90, 94, 95, 96, 97, 98, 99, 140, 141, 144, 145, 148, 163, 164, 182, 184, 188, 190, 191, 192, 193, 194, 195, 196, 201, 202, 204, 205, 206, 207, 208, 216, 217, 236, 237, 271, 272, 276, 277, 278, 337, 338, 339, 340, 341, 342, 343, 344, 345, 346, 347, 348, 349, 350, 351, 354, 373, 374, 385]	experiments/e149_final20_stoichiometry_v1/out_s4/ova_c4_iptm80_21p_c5/seed-3_sample-3/ova_c4_iptm80_21p_c5_seed-3_sample-3_summary_confidences.json	experiments/e149_final20_stoichiometry_v1/out_s4/ova_c4_iptm80_21p_c5/seed-3_sample-3/ova_c4_iptm80_21p_c5_seed-3_sample-3_model.cif
ova_c4_iptm80_21p_c5	seed-3_sample-4	5	0.4	0.51	86.71279791599729	nan	nan	0.42	0.0	9	5	1	0	244	244	0	0.11	0.35	14.96	"{""A-B"": 30, ""A-C"": 59, ""A-D"": 9, ""A-E"": 13, ""B-C"": 10, ""B-D"": 59, ""B-E"": 7, ""C-D"": 31, ""C-E"": 22, ""D-E"": 4}"	[73, 83, 86, 90, 94, 95, 96, 97, 98, 99, 105, 119, 120, 123, 124, 127, 128, 129, 131, 149, 152, 153, 182, 184, 190, 191, 192, 193, 216, 217, 219, 234, 236, 238, 239, 241, 270, 271, 272, 276, 277, 278, 337, 338, 339, 340, 341, 342, 343, 344, 345, 346, 347, 348, 349, 350, 351, 353, 354, 355, 356, 357, 358, 372, 373, 374]	experiments/e149_final20_stoichiometry_v1/out_s4/ova_c4_iptm80_21p_c5/seed-3_sample-4/ova_c4_iptm80_21p_c5_seed-3_sample-4_summary_confidences.json	experiments/e149_final20_stoichiometry_v1/out_s4/ova_c4_iptm80_21p_c5/seed-3_sample-4/ova_c4_iptm80_21p_c5_seed-3_sample-4_model.cif
ova_c4_iptm80_21p_c6	seed-1_sample-0	6	0.36	0.46	87.90727969154793	nan	nan	0.38	0.0	6	6	1	0	185	185	0	0.39	0.38	11.205	"{""A-B"": 0, ""A-C"": 33, ""A-D"": 27, ""A-E"": 0, ""A-F"": 0, ""B-C"": 0, ""B-D"": 34, ""B-E"": 28, ""B-F"": 0, ""C-D"": 0, ""C-E"": 0, ""C-F"": 27, ""D-E"": 0, ""D-F"": 0, ""E-F"": 36}"	[1, 2, 3, 6, 64, 65, 71, 86, 87, 90, 94, 95, 96, 97, 98, 99, 184, 190, 191, 192, 193, 225, 262, 263, 266, 267, 270, 271, 272, 338, 340, 342, 345, 373, 374]	experiments/e149_final20_stoichiometry_v1/out_s3/ova_c4_iptm80_21p_c6/seed-1_sample-0/ova_c4_iptm80_21p_c6_seed-1_sample-0_summary_confidences.json	experiments/e149_final20_stoichiometry_v1/out_s3/ova_c4_iptm80_21p_c6/seed-1_sample-0/ova_c4_iptm80_21p_c6_seed-1_sample-0_model.cif
ova_c4_iptm80_21p_c6	seed-1_sample-1	6	0.38	0.47	86.26821232336172	nan	nan	0.4	0.0	12	6	1	0	453	453	0	0.46	0.22499999999999998	14.645	"{""A-B"": 23, ""A-C"": 13, ""A-D"": 109, ""A-E"": 0, ""A-F"": 17, ""B-C"": 0, ""B-D"": 12, ""B-E"": 94, ""B-F"": 21, ""C-D"": 19, ""C-E"": 19, ""C-F"": 97, ""D-E"": 18, ""D-F"": 0, ""E-F"": 11}"	[1, 83, 86, 87, 90, 93, 94, 95, 96, 97, 98, 99, 151, 154, 155, 156, 157, 158, 159, 160, 164, 180, 182, 183, 184, 188, 189, 190, 191, 192, 194, 195, 210, 212, 215, 216, 217, 266, 271, 272, 278, 285, 286, 287, 288, 289, 291, 332, 334, 336, 337, 338, 339, 340, 342, 343, 344, 345, 346, 347, 348, 349, 350, 351, 353, 354, 373, 374]	experiments/e149_final20_stoichiometry_v1/out_s3/ova_c4_iptm80_21p_c6/seed-1_sample-1/ova_c4_iptm80_21p_c6_seed-1_sample-1_summary_confidences.json	experiments/e149_final20_stoichiometry_v1/out_s3/ova_c4_iptm80_21p_c6/seed-1_sample-1/ova_c4_iptm80_21p_c6_seed-1_sample-1_model.cif
ova_c4_iptm80_21p_c6	seed-1_sample-2	6	0.35	0.45	87.84295345958651	nan	nan	0.37	0.0	6	6	1	0	229	229	0	0.39	0.36	11.695	"{""A-B"": 0, ""A-C"": 37, ""A-D"": 38, ""A-E"": 0, ""A-F"": 0, ""B-C"": 0, ""B-D"": 37, ""B-E"": 36, ""B-F"": 0, ""C-D"": 0, ""C-E"": 0, ""C-F"": 41, ""D-E"": 0, ""D-F"": 0, ""E-F"": 40}"	[1, 2, 3, 6, 64, 65, 86, 87, 90, 94, 95, 96, 97, 98, 99, 182, 184, 190, 191, 192, 193, 261, 262, 263, 266, 267, 270, 271, 272, 337, 338, 340, 342, 344, 345, 348, 373, 374]	experiments/e149_final20_stoichiometry_v1/out_s3/ova_c4_iptm80_21p_c6/seed-1_sample-2/ova_c4_iptm80_21p_c6_seed-1_sample-2_summary_confidences.json	experiments/e149_final20_stoichiometry_v1/out_s3/ova_c4_iptm80_21p_c6/seed-1_sample-2/ova_c4_iptm80_21p_c6_seed-1_sample-2_model.cif
ova_c4_iptm80_21p_c6	seed-1_sample-3	6	0.34	0.45	87.91072566768666	nan	nan	0.36	0.0	6	6	1	0	219	219	0	0.36	0.355	11.73	"{""A-B"": 0, ""A-C"": 31, ""A-D"": 39, ""A-E"": 0, ""A-F"": 0, ""B-C"": 0, ""B-D"": 29, ""B-E"": 47, ""B-F"": 0, ""C-D"": 0, ""C-E"": 0, ""C-F"": 45, ""D-E"": 0, ""D-F"": 0, ""E-F"": 28}"	[1, 2, 6, 64, 65, 86, 87, 90, 94, 95, 96, 97, 98, 99, 155, 156, 182, 184, 190, 191, 192, 193, 195, 196, 262, 263, 266, 267, 270, 271, 272, 337, 338, 340, 342, 344, 345, 348, 373, 374]	experiments/e149_final20_stoichiometry_v1/out_s3/ova_c4_iptm80_21p_c6/seed-1_sample-3/ova_c4_iptm80_21p_c6_seed-1_sample-3_summary_confidences.json	experiments/e149_final20_stoichiometry_v1/out_s3/ova_c4_iptm80_21p_c6/seed-1_sample-3/ova_c4_iptm80_21p_c6_seed-1_sample-3_model.cif
ova_c4_iptm80_21p_c6	seed-1_sample-4	6	0.4	0.49	86.56898951159857	nan	nan	0.42	0.0	12	6	1	0	273	273	0	0.46	0.24	14.77	"{""A-B"": 11, ""A-C"": 16, ""A-D"": 52, ""A-E"": 0, ""A-F"": 12, ""B-C"": 0, ""B-D"": 16, ""B-E"": 56, ""B-F"": 11, ""C-D"": 11, ""C-E"": 10, ""C-F"": 52, ""D-E"": 10, ""D-F"": 0, ""E-F"": 16}"	[1, 86, 87, 90, 94, 95, 96, 97, 98, 99, 155, 156, 157, 159, 160, 184, 188, 189, 190, 191, 192, 194, 195, 217, 263, 266, 271, 272, 278, 287, 289, 334, 336, 337, 338, 339, 340, 342, 345, 346, 349, 350, 351, 353, 354, 355, 373, 374]	experiments/e149_final20_stoichiometry_v1/out_s3/ova_c4_iptm80_21p_c6/seed-1_sample-4/ova_c4_iptm80_21p_c6_seed-1_sample-4_summary_confidences.json	experiments/e149_final20_stoichiometry_v1/out_s3/ova_c4_iptm80_21p_c6/seed-1_sample-4/ova_c4_iptm80_21p_c6_seed-1_sample-4_model.cif
ova_c4_iptm80_21p_c6	seed-2_sample-0	6	0.36	0.46	84.62466310095911	nan	nan	0.38	0.0	9	6	1	0	576	576	0	0.6	0.18	19.07	"{""A-B"": 99, ""A-C"": 44, ""A-D"": 0, ""A-E"": 46, ""A-F"": 0, ""B-C"": 0, ""B-D"": 46, ""B-E"": 0, ""B-F"": 51, ""C-D"": 98, ""C-E"": 45, ""C-F"": 0, ""D-E"": 0, ""D-F"": 50, ""E-F"": 97}"	[1, 3, 4, 47, 64, 65, 66, 67, 69, 70, 71, 72, 73, 74, 75, 76, 77, 78, 79, 82, 83, 86, 94, 96, 97, 98, 99, 101, 111, 113, 115, 116, 117, 120, 121, 127, 137, 138, 141, 144, 145, 147, 148, 149, 151, 152, 153, 154, 155, 156, 157, 180, 182, 183, 184, 188, 191, 236, 271, 314, 315, 334, 336, 338, 339, 340, 341, 342, 345, 373, 374, 375]	experiments/e149_final20_stoichiometry_v1/out_s3/ova_c4_iptm80_21p_c6/seed-2_sample-0/ova_c4_iptm80_21p_c6_seed-2_sample-0_summary_confidences.json	experiments/e149_final20_stoichiometry_v1/out_s3/ova_c4_iptm80_21p_c6/seed-2_sample-0/ova_c4_iptm80_21p_c6_seed-2_sample-0_model.cif
ova_c4_iptm80_21p_c6	seed-2_sample-1	6	0.39	0.48	83.62010375699849	nan	nan	0.41	0.0	9	6	1	0	707	707	0	0.56	0.22	16.8	"{""A-B"": 128, ""A-C"": 55, ""A-D"": 0, ""A-E"": 55, ""A-F"": 0, ""B-C"": 0, ""B-D"": 51, ""B-E"": 0, ""B-F"": 54, ""C-D"": 128, ""C-E"": 52, ""C-F"": 0, ""D-E"": 0, ""D-F"": 55, ""E-F"": 129}"	[1, 2, 3, 4, 5, 6, 47, 62, 64, 65, 68, 69, 70, 71, 72, 73, 74, 75, 76, 78, 92, 94, 95, 96, 97, 98, 99, 101, 113, 116, 117, 120, 121, 127, 128, 134, 137, 138, 140, 141, 144, 145, 147, 148, 149, 151, 152, 153, 154, 155, 156, 157, 180, 182, 183, 184, 188, 190, 191, 192, 217, 219, 234, 236, 238, 239, 241, 271, 272, 274, 275, 276, 314, 315, 318, 320, 334, 336, 337, 338, 339, 340, 341, 342, 344, 345, 346, 372, 373, 374, 375]	experiments/e149_final20_stoichiometry_v1/out_s3/ova_c4_iptm80_21p_c6/seed-2_sample-1/ova_c4_iptm80_21p_c6_seed-2_sample-1_summary_confidences.json	experiments/e149_final20_stoichiometry_v1/out_s3/ova_c4_iptm80_21p_c6/seed-2_sample-1/ova_c4_iptm80_21p_c6_seed-2_sample-1_model.cif
ova_c4_iptm80_21p_c6	seed-2_sample-2	6	0.35	0.45	84.41670987025444	nan	nan	0.37	0.0	9	6	1	0	565	565	0	0.58	0.17	20.1	"{""A-B"": 104, ""A-C"": 42, ""A-D"": 0, ""A-E"": 43, ""A-F"": 0, ""B-C"": 0, ""B-D"": 41, ""B-E"": 0, ""B-F"": 37, ""C-D"": 106, ""C-E"": 45, ""C-F"": 0, ""D-E"": 0, ""D-F"": 40, ""E-F"": 107}"	[1, 2, 3, 4, 5, 64, 65, 66, 67, 69, 70, 71, 72, 73, 74, 75, 78, 79, 80, 82, 83, 86, 96, 97, 98, 99, 101, 115, 116, 117, 118, 120, 137, 138, 141, 144, 145, 147, 148, 149, 151, 152, 153, 154, 155, 156, 157, 180, 182, 183, 184, 188, 191, 236, 314, 315, 318, 334, 336, 337, 338, 339, 340, 341, 342, 344, 345, 373, 374]	experiments/e149_final20_stoichiometry_v1/out_s3/ova_c4_iptm80_21p_c6/seed-2_sample-2/ova_c4_iptm80_21p_c6_seed-2_sample-2_summary_confidences.json	experiments/e149_final20_stoichiometry_v1/out_s3/ova_c4_iptm80_21p_c6/seed-2_sample-2/ova_c4_iptm80_21p_c6_seed-2_sample-2_model.cif
ova_c4_iptm80_21p_c6	seed-2_sample-3	6	0.36	0.45	84.29220232197657	nan	nan	0.38	0.0	9	6	1	0	484	484	0	0.59	0.17	19.66	"{""A-B"": 100, ""A-C"": 33, ""A-D"": 0, ""A-E"": 29, ""A-F"": 0, ""B-C"": 0, ""B-D"": 28, ""B-E"": 0, ""B-F"": 34, ""C-D"": 101, ""C-E"": 30, ""C-F"": 0, ""D-E"": 0, ""D-F"": 32, ""E-F"": 97}"	[1, 2, 3, 4, 5, 64, 65, 66, 67, 71, 73, 74, 75, 76, 78, 79, 83, 94, 96, 97, 98, 99, 101, 115, 116, 117, 120, 121, 127, 128, 138, 141, 144, 145, 147, 148, 149, 151, 152, 153, 154, 155, 156, 157, 180, 182, 183, 184, 188, 191, 236, 314, 315, 318, 334, 336, 338, 339, 340, 341, 342, 344, 345, 373, 374, 375]	experiments/e149_final20_stoichiometry_v1/out_s3/ova_c4_iptm80_21p_c6/seed-2_sample-3/ova_c4_iptm80_21p_c6_seed-2_sample-3_summary_confidences.json	experiments/e149_final20_stoichiometry_v1/out_s3/ova_c4_iptm80_21p_c6/seed-2_sample-3/ova_c4_iptm80_21p_c6_seed-2_sample-3_model.cif
ova_c4_iptm80_21p_c6	seed-2_sample-4	6	0.36	0.46	84.72479264847355	nan	nan	0.38	0.0	9	6	1	0	529	529	0	0.6	0.18	19.04	"{""A-B"": 96, ""A-C"": 43, ""A-D"": 0, ""A-E"": 35, ""A-F"": 0, ""B-C"": 0, ""B-D"": 36, ""B-E"": 0, ""B-F"": 44, ""C-D"": 99, ""C-E"": 40, ""C-F"": 0, ""D-E"": 0, ""D-F"": 38, ""E-F"": 98}"	[1, 3, 4, 5, 64, 65, 66, 67, 69, 70, 71, 72, 73, 74, 75, 76, 78, 79, 83, 94, 96, 97, 98, 99, 101, 113, 115, 116, 117, 121, 127, 128, 137, 138, 141, 144, 145, 147, 148, 149, 151, 152, 153, 154, 155, 156, 157, 180, 182, 183, 184, 188, 191, 236, 271, 315, 334, 336, 337, 338, 339, 340, 341, 342, 345, 373, 374, 375]	experiments/e149_final20_stoichiometry_v1/out_s3/ova_c4_iptm80_21p_c6/seed-2_sample-4/ova_c4_iptm80_21p_c6_seed-2_sample-4_summary_confidences.json	experiments/e149_final20_stoichiometry_v1/out_s3/ova_c4_iptm80_21p_c6/seed-2_sample-4/ova_c4_iptm80_21p_c6_seed-2_sample-4_model.cif
ova_c4_iptm80_21p_c6	seed-3_sample-0	6	0.72	0.76	88.9012433284305	nan	nan	0.73	0.0	9	6	1	0	307	307	0	0.73	0.73	3.34	"{""A-B"": 2, ""A-C"": 35, ""A-D"": 27, ""A-E"": 36, ""A-F"": 0, ""B-C"": 0, ""B-D"": 36, ""B-E"": 27, ""B-F"": 35, ""C-D"": 3, ""C-E"": 38, ""C-F"": 29, ""D-E"": 0, ""D-F"": 35, ""E-F"": 4}"	[93, 94, 95, 96, 97, 98, 99, 101, 148, 149, 152, 153, 154, 155, 182, 183, 184, 190, 191, 192, 193, 194, 195, 196, 208, 210, 213, 216, 217, 237, 276, 278, 342, 343, 344, 346, 347, 348, 349, 350, 351, 354, 355]	experiments/e149_final20_stoichiometry_v1/out_s3/ova_c4_iptm80_21p_c6/seed-3_sample-0/ova_c4_iptm80_21p_c6_seed-3_sample-0_summary_confidences.json	experiments/e149_final20_stoichiometry_v1/out_s3/ova_c4_iptm80_21p_c6/seed-3_sample-0/ova_c4_iptm80_21p_c6_seed-3_sample-0_model.cif
ova_c4_iptm80_21p_c6	seed-3_sample-1	6	0.72	0.76	88.5147668808853	nan	nan	0.73	0.0	9	6	1	0	292	292	0	0.73	0.73	3.46	"{""A-B"": 0, ""A-C"": 34, ""A-D"": 26, ""A-E"": 35, ""A-F"": 0, ""B-C"": 0, ""B-D"": 35, ""B-E"": 27, ""B-F"": 36, ""C-D"": 0, ""C-E"": 36, ""C-F"": 28, ""D-E"": 0, ""D-F"": 35, ""E-F"": 0}"	[93, 94, 95, 96, 97, 98, 99, 101, 149, 152, 153, 154, 155, 182, 183, 187, 190, 191, 192, 193, 194, 195, 196, 208, 210, 213, 216, 217, 276, 278, 341, 342, 343, 344, 346, 347, 348, 349, 350, 351, 352, 354]	experiments/e149_final20_stoichiometry_v1/out_s3/ova_c4_iptm80_21p_c6/seed-3_sample-1/ova_c4_iptm80_21p_c6_seed-3_sample-1_summary_confidences.json	experiments/e149_final20_stoichiometry_v1/out_s3/ova_c4_iptm80_21p_c6/seed-3_sample-1/ova_c4_iptm80_21p_c6_seed-3_sample-1_model.cif
ova_c4_iptm80_21p_c6	seed-3_sample-2	6	0.71	0.75	88.72176155525167	nan	nan	0.72	0.0	9	6	1	0	279	279	0	0.73	0.73	3.36	"{""A-B"": 0, ""A-C"": 33, ""A-D"": 27, ""A-E"": 32, ""A-F"": 0, ""B-C"": 0, ""B-D"": 33, ""B-E"": 25, ""B-F"": 33, ""C-D"": 0, ""C-E"": 35, ""C-F"": 25, ""D-E"": 0, ""D-F"": 36, ""E-F"": 0}"	[93, 94, 95, 96, 97, 98, 99, 101, 149, 152, 153, 154, 155, 182, 183, 187, 188, 190, 191, 192, 193, 194, 195, 196, 208, 210, 213, 216, 217, 276, 278, 341, 342, 343, 346, 347, 348, 349, 350, 351, 352, 354]	experiments/e149_final20_stoichiometry_v1/out_s3/ova_c4_iptm80_21p_c6/seed-3_sample-2/ova_c4_iptm80_21p_c6_seed-3_sample-2_summary_confidences.json	experiments/e149_final20_stoichiometry_v1/out_s3/ova_c4_iptm80_21p_c6/seed-3_sample-2/ova_c4_iptm80_21p_c6_seed-3_sample-2_model.cif
ova_c4_iptm80_21p_c6	seed-3_sample-3	6	0.72	0.76	88.67875648656657	nan	nan	0.73	0.0	9	6	1	0	280	280	0	0.74	0.74	3.21	"{""A-B"": 0, ""A-C"": 34, ""A-D"": 25, ""A-E"": 34, ""A-F"": 0, ""B-C"": 0, ""B-D"": 36, ""B-E"": 25, ""B-F"": 34, ""C-D"": 0, ""C-E"": 34, ""C-F"": 25, ""D-E"": 0, ""D-F"": 33, ""E-F"": 0}"	[93, 94, 95, 96, 97, 98, 99, 101, 149, 152, 153, 154, 155, 182, 183, 184, 187, 190, 191, 192, 193, 194, 195, 196, 208, 210, 213, 216, 217, 276, 278, 341, 342, 343, 345, 346, 347, 348, 349, 350, 352, 354]	experiments/e149_final20_stoichiometry_v1/out_s3/ova_c4_iptm80_21p_c6/seed-3_sample-3/ova_c4_iptm80_21p_c6_seed-3_sample-3_summary_confidences.json	experiments/e149_final20_stoichiometry_v1/out_s3/ova_c4_iptm80_21p_c6/seed-3_sample-3/ova_c4_iptm80_21p_c6_seed-3_sample-3_model.cif
ova_c4_iptm80_21p_c6	seed-3_sample-4	6	0.72	0.76	88.64090672428743	nan	nan	0.73	0.0	9	6	1	0	304	304	0	0.74	0.74	3.33	"{""A-B"": 0, ""A-C"": 36, ""A-D"": 27, ""A-E"": 38, ""A-F"": 0, ""B-C"": 0, ""B-D"": 37, ""B-E"": 28, ""B-F"": 37, ""C-D"": 0, ""C-E"": 37, ""C-F"": 27, ""D-E"": 0, ""D-F"": 37, ""E-F"": 0}"	[93, 94, 95, 96, 97, 98, 99, 101, 148, 149, 152, 153, 154, 155, 182, 183, 190, 191, 192, 193, 194, 195, 196, 208, 210, 213, 216, 217, 276, 278, 341, 342, 343, 344, 346, 347, 348, 349, 350, 351, 352, 354]	experiments/e149_final20_stoichiometry_v1/out_s3/ova_c4_iptm80_21p_c6/seed-3_sample-4/ova_c4_iptm80_21p_c6_seed-3_sample-4_summary_confidences.json	experiments/e149_final20_stoichiometry_v1/out_s3/ova_c4_iptm80_21p_c6/seed-3_sample-4/ova_c4_iptm80_21p_c6_seed-3_sample-4_model.cif
ova_c4_iptm80_22q_c1	seed-1_sample-0	1	0.0	0.92	91.40634698818384	nan	nan	0.92	0.0	0	1	0	0	0	0	0	0.0	nan	nan	{}	[]	experiments/e149_final20_stoichiometry_v1/out_s7/ova_c4_iptm80_22q_c1/seed-1_sample-0/ova_c4_iptm80_22q_c1_seed-1_sample-0_summary_confidences.json	experiments/e149_final20_stoichiometry_v1/out_s7/ova_c4_iptm80_22q_c1/seed-1_sample-0/ova_c4_iptm80_22q_c1_seed-1_sample-0_model.cif
ova_c4_iptm80_22q_c1	seed-1_sample-1	1	0.0	0.92	90.85839393101826	nan	nan	0.92	0.0	0	1	0	0	0	0	0	0.0	nan	nan	{}	[]	experiments/e149_final20_stoichiometry_v1/out_s7/ova_c4_iptm80_22q_c1/seed-1_sample-1/ova_c4_iptm80_22q_c1_seed-1_sample-1_summary_confidences.json	experiments/e149_final20_stoichiometry_v1/out_s7/ova_c4_iptm80_22q_c1/seed-1_sample-1/ova_c4_iptm80_22q_c1_seed-1_sample-1_model.cif
ova_c4_iptm80_22q_c1	seed-1_sample-2	1	0.0	0.92	91.16098440496415	nan	nan	0.92	0.0	0	1	0	0	0	0	0	0.0	nan	nan	{}	[]	experiments/e149_final20_stoichiometry_v1/out_s7/ova_c4_iptm80_22q_c1/seed-1_sample-2/ova_c4_iptm80_22q_c1_seed-1_sample-2_summary_confidences.json	experiments/e149_final20_stoichiometry_v1/out_s7/ova_c4_iptm80_22q_c1/seed-1_sample-2/ova_c4_iptm80_22q_c1_seed-1_sample-2_model.cif
ova_c4_iptm80_22q_c1	seed-1_sample-3	1	0.0	0.92	91.5819949313149	nan	nan	0.92	0.0	0	1	0	0	0	0	0	0.0	nan	nan	{}	[]	experiments/e149_final20_stoichiometry_v1/out_s7/ova_c4_iptm80_22q_c1/seed-1_sample-3/ova_c4_iptm80_22q_c1_seed-1_sample-3_summary_confidences.json	experiments/e149_final20_stoichiometry_v1/out_s7/ova_c4_iptm80_22q_c1/seed-1_sample-3/ova_c4_iptm80_22q_c1_seed-1_sample-3_model.cif
ova_c4_iptm80_22q_c1	seed-1_sample-4	1	0.0	0.92	91.06683927743546	nan	nan	0.92	0.0	0	1	0	0	0	0	0	0.0	nan	nan	{}	[]	experiments/e149_final20_stoichiometry_v1/out_s7/ova_c4_iptm80_22q_c1/seed-1_sample-4/ova_c4_iptm80_22q_c1_seed-1_sample-4_summary_confidences.json	experiments/e149_final20_stoichiometry_v1/out_s7/ova_c4_iptm80_22q_c1/seed-1_sample-4/ova_c4_iptm80_22q_c1_seed-1_sample-4_model.cif
ova_c4_iptm80_22q_c1	seed-2_sample-0	1	0.0	0.92	91.10660629074808	nan	nan	0.92	0.0	0	1	0	0	0	0	0	0.0	nan	nan	{}	[]	experiments/e149_final20_stoichiometry_v1/out_s7/ova_c4_iptm80_22q_c1/seed-2_sample-0/ova_c4_iptm80_22q_c1_seed-2_sample-0_summary_confidences.json	experiments/e149_final20_stoichiometry_v1/out_s7/ova_c4_iptm80_22q_c1/seed-2_sample-0/ova_c4_iptm80_22q_c1_seed-2_sample-0_model.cif
ova_c4_iptm80_22q_c1	seed-2_sample-1	1	0.0	0.92	91.54393770287074	nan	nan	0.92	0.0	0	1	0	0	0	0	0	0.0	nan	nan	{}	[]	experiments/e149_final20_stoichiometry_v1/out_s7/ova_c4_iptm80_22q_c1/seed-2_sample-1/ova_c4_iptm80_22q_c1_seed-2_sample-1_summary_confidences.json	experiments/e149_final20_stoichiometry_v1/out_s7/ova_c4_iptm80_22q_c1/seed-2_sample-1/ova_c4_iptm80_22q_c1_seed-2_sample-1_model.cif
ova_c4_iptm80_22q_c1	seed-2_sample-2	1	0.0	0.92	91.20279780570708	nan	nan	0.92	0.0	0	1	0	0	0	0	0	0.0	nan	nan	{}	[]	experiments/e149_final20_stoichiometry_v1/out_s7/ova_c4_iptm80_22q_c1/seed-2_sample-2/ova_c4_iptm80_22q_c1_seed-2_sample-2_summary_confidences.json	experiments/e149_final20_stoichiometry_v1/out_s7/ova_c4_iptm80_22q_c1/seed-2_sample-2/ova_c4_iptm80_22q_c1_seed-2_sample-2_model.cif
ova_c4_iptm80_22q_c1	seed-2_sample-3	1	0.0	0.92	91.47126927153434	nan	nan	0.92	0.0	0	1	0	0	0	0	0	0.0	nan	nan	{}	[]	experiments/e149_final20_stoichiometry_v1/out_s7/ova_c4_iptm80_22q_c1/seed-2_sample-3/ova_c4_iptm80_22q_c1_seed-2_sample-3_summary_confidences.json	experiments/e149_final20_stoichiometry_v1/out_s7/ova_c4_iptm80_22q_c1/seed-2_sample-3/ova_c4_iptm80_22q_c1_seed-2_sample-3_model.cif
ova_c4_iptm80_22q_c1	seed-2_sample-4	1	0.0	0.92	91.40528501994869	nan	nan	0.92	0.0	0	1	0	0	0	0	0	0.0	nan	nan	{}	[]	experiments/e149_final20_stoichiometry_v1/out_s7/ova_c4_iptm80_22q_c1/seed-2_sample-4/ova_c4_iptm80_22q_c1_seed-2_sample-4_summary_confidences.json	experiments/e149_final20_stoichiometry_v1/out_s7/ova_c4_iptm80_22q_c1/seed-2_sample-4/ova_c4_iptm80_22q_c1_seed-2_sample-4_model.cif
ova_c4_iptm80_22q_c1	seed-3_sample-0	1	0.0	0.92	91.0998444433657	nan	nan	0.92	0.0	0	1	0	0	0	0	0	0.0	nan	nan	{}	[]	experiments/e149_final20_stoichiometry_v1/out_s7/ova_c4_iptm80_22q_c1/seed-3_sample-0/ova_c4_iptm80_22q_c1_seed-3_sample-0_summary_confidences.json	experiments/e149_final20_stoichiometry_v1/out_s7/ova_c4_iptm80_22q_c1/seed-3_sample-0/ova_c4_iptm80_22q_c1_seed-3_sample-0_model.cif
ova_c4_iptm80_22q_c1	seed-3_sample-1	1	0.0	0.92	91.19725400302076	nan	nan	0.92	0.0	0	1	0	0	0	0	0	0.0	nan	nan	{}	[]	experiments/e149_final20_stoichiometry_v1/out_s7/ova_c4_iptm80_22q_c1/seed-3_sample-1/ova_c4_iptm80_22q_c1_seed-3_sample-1_summary_confidences.json	experiments/e149_final20_stoichiometry_v1/out_s7/ova_c4_iptm80_22q_c1/seed-3_sample-1/ova_c4_iptm80_22q_c1_seed-3_sample-1_model.cif
ova_c4_iptm80_22q_c1	seed-3_sample-2	1	0.0	0.92	91.2346631084699	nan	nan	0.92	0.0	0	1	0	0	0	0	0	0.0	nan	nan	{}	[]	experiments/e149_final20_stoichiometry_v1/out_s7/ova_c4_iptm80_22q_c1/seed-3_sample-2/ova_c4_iptm80_22q_c1_seed-3_sample-2_summary_confidences.json	experiments/e149_final20_stoichiometry_v1/out_s7/ova_c4_iptm80_22q_c1/seed-3_sample-2/ova_c4_iptm80_22q_c1_seed-3_sample-2_model.cif
ova_c4_iptm80_22q_c1	seed-3_sample-3	1	0.0	0.92	91.04295346156303	nan	nan	0.92	0.0	0	1	0	0	0	0	0	0.0	nan	nan	{}	[]	experiments/e149_final20_stoichiometry_v1/out_s7/ova_c4_iptm80_22q_c1/seed-3_sample-3/ova_c4_iptm80_22q_c1_seed-3_sample-3_summary_confidences.json	experiments/e149_final20_stoichiometry_v1/out_s7/ova_c4_iptm80_22q_c1/seed-3_sample-3/ova_c4_iptm80_22q_c1_seed-3_sample-3_model.cif
ova_c4_iptm80_22q_c1	seed-3_sample-4	1	0.0	0.92	91.14681342722838	nan	nan	0.92	0.0	0	1	0	0	0	0	0	0.0	nan	nan	{}	[]	experiments/e149_final20_stoichiometry_v1/out_s7/ova_c4_iptm80_22q_c1/seed-3_sample-4/ova_c4_iptm80_22q_c1_seed-3_sample-4_summary_confidences.json	experiments/e149_final20_stoichiometry_v1/out_s7/ova_c4_iptm80_22q_c1/seed-3_sample-4/ova_c4_iptm80_22q_c1_seed-3_sample-4_model.cif
ova_c4_iptm80_22q_c2	seed-1_sample-0	2	0.22	0.57	88.47165809394164	nan	nan	0.29	0.0	1	2	1	0	69	69	0	0.22	0.22	19.68	"{""A-B"": 69}"	[94, 95, 96, 97, 98, 99, 151, 152, 154, 155, 156, 157, 182, 183, 184, 190, 191, 192, 194, 195, 196, 208, 210, 336, 337, 338, 339, 340, 342, 344, 347]	experiments/e149_final20_stoichiometry_v1/out_s7/ova_c4_iptm80_22q_c2/seed-1_sample-0/ova_c4_iptm80_22q_c2_seed-1_sample-0_summary_confidences.json	experiments/e149_final20_stoichiometry_v1/out_s7/ova_c4_iptm80_22q_c2/seed-1_sample-0/ova_c4_iptm80_22q_c2_seed-1_sample-0_model.cif
ova_c4_iptm80_22q_c2	seed-1_sample-1	2	0.22	0.57	88.47885988660427	nan	nan	0.29	0.0	1	2	1	0	46	46	0	0.22	0.22	19.66	"{""A-B"": 46}"	[95, 96, 97, 98, 99, 155, 156, 182, 183, 184, 190, 191, 192, 193, 195, 196, 236, 337, 338, 340, 342, 343, 344, 345]	experiments/e149_final20_stoichiometry_v1/out_s7/ova_c4_iptm80_22q_c2/seed-1_sample-1/ova_c4_iptm80_22q_c2_seed-1_sample-1_summary_confidences.json	experiments/e149_final20_stoichiometry_v1/out_s7/ova_c4_iptm80_22q_c2/seed-1_sample-1/ova_c4_iptm80_22q_c2_seed-1_sample-1_model.cif
ova_c4_iptm80_22q_c2	seed-1_sample-2	2	0.21	0.57	88.25044040976411	nan	nan	0.28	0.0	1	2	1	0	88	88	0	0.21	0.21	20.75	"{""A-B"": 88}"	[92, 94, 95, 96, 99, 134, 141, 144, 145, 147, 148, 149, 151, 152, 153, 155, 156, 182, 183, 184, 188, 189, 190, 191, 192, 334, 336, 337, 338, 339, 340, 342, 344, 345, 346]	experiments/e149_final20_stoichiometry_v1/out_s7/ova_c4_iptm80_22q_c2/seed-1_sample-2/ova_c4_iptm80_22q_c2_seed-1_sample-2_summary_confidences.json	experiments/e149_final20_stoichiometry_v1/out_s7/ova_c4_iptm80_22q_c2/seed-1_sample-2/ova_c4_iptm80_22q_c2_seed-1_sample-2_model.cif
ova_c4_iptm80_22q_c2	seed-1_sample-3	2	0.2	0.57	88.2627460894807	nan	nan	0.28	0.0	1	2	1	0	85	85	0	0.2	0.2	20.13	"{""A-B"": 85}"	[92, 93, 94, 95, 96, 99, 134, 138, 141, 144, 145, 147, 148, 149, 151, 152, 154, 155, 156, 159, 182, 183, 184, 188, 190, 191, 192, 336, 337, 338, 339, 340, 342, 344, 345, 346]	experiments/e149_final20_stoichiometry_v1/out_s7/ova_c4_iptm80_22q_c2/seed-1_sample-3/ova_c4_iptm80_22q_c2_seed-1_sample-3_summary_confidences.json	experiments/e149_final20_stoichiometry_v1/out_s7/ova_c4_iptm80_22q_c2/seed-1_sample-3/ova_c4_iptm80_22q_c2_seed-1_sample-3_model.cif
ova_c4_iptm80_22q_c2	seed-1_sample-4	2	0.22	0.57	88.59676156513432	nan	nan	0.29	0.0	1	2	1	0	46	46	0	0.22	0.22	19.22	"{""A-B"": 46}"	[95, 96, 97, 98, 99, 155, 156, 182, 183, 184, 190, 191, 192, 195, 196, 337, 338, 339, 340, 342, 344, 345]	experiments/e149_final20_stoichiometry_v1/out_s7/ova_c4_iptm80_22q_c2/seed-1_sample-4/ova_c4_iptm80_22q_c2_seed-1_sample-4_summary_confidences.json	experiments/e149_final20_stoichiometry_v1/out_s7/ova_c4_iptm80_22q_c2/seed-1_sample-4/ova_c4_iptm80_22q_c2_seed-1_sample-4_model.cif
ova_c4_iptm80_22q_c2	seed-2_sample-0	2	0.27	0.6	88.82339373771391	nan	nan	0.34	0.0	1	2	1	0	60	60	0	0.27	0.27	16.34	"{""A-B"": 60}"	[94, 95, 96, 97, 98, 99, 151, 155, 156, 157, 182, 183, 184, 190, 191, 192, 194, 195, 196, 208, 210, 337, 338, 340, 342, 343, 344, 345]	experiments/e149_final20_stoichiometry_v1/out_s7/ova_c4_iptm80_22q_c2/seed-2_sample-0/ova_c4_iptm80_22q_c2_seed-2_sample-0_summary_confidences.json	experiments/e149_final20_stoichiometry_v1/out_s7/ova_c4_iptm80_22q_c2/seed-2_sample-0/ova_c4_iptm80_22q_c2_seed-2_sample-0_model.cif
ova_c4_iptm80_22q_c2	seed-2_sample-1	2	0.32	0.62	89.03831618313963	nan	nan	0.38	0.0	1	2	1	0	52	52	0	0.32	0.32	14.46	"{""A-B"": 52}"	[94, 95, 96, 97, 98, 99, 155, 182, 183, 184, 190, 191, 192, 193, 195, 236, 337, 338, 339, 340, 342, 343, 344, 345, 346]	experiments/e149_final20_stoichiometry_v1/out_s7/ova_c4_iptm80_22q_c2/seed-2_sample-1/ova_c4_iptm80_22q_c2_seed-2_sample-1_summary_confidences.json	experiments/e149_final20_stoichiometry_v1/out_s7/ova_c4_iptm80_22q_c2/seed-2_sample-1/ova_c4_iptm80_22q_c2_seed-2_sample-1_model.cif
ova_c4_iptm80_22q_c2	seed-2_sample-2	2	0.32	0.62	88.86186531541262	nan	nan	0.38	0.0	1	2	1	0	45	45	0	0.32	0.32	14.67	"{""A-B"": 45}"	[95, 96, 97, 98, 99, 155, 156, 182, 183, 184, 190, 191, 192, 195, 196, 337, 338, 340, 342, 344, 345, 346]	experiments/e149_final20_stoichiometry_v1/out_s7/ova_c4_iptm80_22q_c2/seed-2_sample-2/ova_c4_iptm80_22q_c2_seed-2_sample-2_summary_confidences.json	experiments/e149_final20_stoichiometry_v1/out_s7/ova_c4_iptm80_22q_c2/seed-2_sample-2/ova_c4_iptm80_22q_c2_seed-2_sample-2_model.cif
ova_c4_iptm80_22q_c2	seed-2_sample-3	2	0.27	0.59	88.9074353331729	nan	nan	0.33	0.0	1	2	1	0	46	46	0	0.27	0.27	15.84	"{""A-B"": 46}"	[94, 95, 96, 97, 99, 182, 184, 190, 191, 192, 236, 338, 339, 340, 342, 343, 344, 345, 346]	experiments/e149_final20_stoichiometry_v1/out_s7/ova_c4_iptm80_22q_c2/seed-2_sample-3/ova_c4_iptm80_22q_c2_seed-2_sample-3_summary_confidences.json	experiments/e149_final20_stoichiometry_v1/out_s7/ova_c4_iptm80_22q_c2/seed-2_sample-3/ova_c4_iptm80_22q_c2_seed-2_sample-3_model.cif
ova_c4_iptm80_22q_c2	seed-2_sample-4	2	0.26	0.59	88.64722812237517	nan	nan	0.33	0.0	1	2	1	0	44	44	0	0.26	0.26	16.51	"{""A-B"": 44}"	[94, 95, 96, 97, 98, 99, 155, 156, 182, 183, 184, 190, 191, 192, 195, 196, 236, 337, 338, 339, 340, 342, 343, 344, 345, 346]	experiments/e149_final20_stoichiometry_v1/out_s7/ova_c4_iptm80_22q_c2/seed-2_sample-4/ova_c4_iptm80_22q_c2_seed-2_sample-4_summary_confidences.json	experiments/e149_final20_stoichiometry_v1/out_s7/ova_c4_iptm80_22q_c2/seed-2_sample-4/ova_c4_iptm80_22q_c2_seed-2_sample-4_model.cif
ova_c4_iptm80_22q_c2	seed-3_sample-0	2	0.26	0.59	88.22753883519938	nan	nan	0.32	0.0	1	2	1	0	57	57	0	0.26	0.26	17.53	"{""A-B"": 57}"	[95, 96, 97, 98, 99, 155, 156, 182, 183, 184, 188, 190, 191, 192, 195, 196, 236, 337, 338, 339, 340, 342, 343, 344, 345, 348]	experiments/e149_final20_stoichiometry_v1/out_s7/ova_c4_iptm80_22q_c2/seed-3_sample-0/ova_c4_iptm80_22q_c2_seed-3_sample-0_summary_confidences.json	experiments/e149_final20_stoichiometry_v1/out_s7/ova_c4_iptm80_22q_c2/seed-3_sample-0/ova_c4_iptm80_22q_c2_seed-3_sample-0_model.cif
ova_c4_iptm80_22q_c2	seed-3_sample-1	2	0.28	0.6	88.62025907249648	nan	nan	0.34	0.0	1	2	1	0	50	50	0	0.28	0.28	17.06	"{""A-B"": 50}"	[95, 96, 97, 98, 99, 155, 156, 157, 182, 183, 184, 190, 191, 192, 193, 194, 195, 196, 208, 337, 338, 340, 342, 344, 345, 348]	experiments/e149_final20_stoichiometry_v1/out_s7/ova_c4_iptm80_22q_c2/seed-3_sample-1/ova_c4_iptm80_22q_c2_seed-3_sample-1_summary_confidences.json	experiments/e149_final20_stoichiometry_v1/out_s7/ova_c4_iptm80_22q_c2/seed-3_sample-1/ova_c4_iptm80_22q_c2_seed-3_sample-1_model.cif
ova_c4_iptm80_22q_c2	seed-3_sample-2	2	0.27	0.59	88.27808294148025	nan	nan	0.33	0.0	1	2	1	0	45	45	0	0.27	0.27	17.35	"{""A-B"": 45}"	[94, 95, 96, 97, 98, 99, 151, 155, 156, 157, 182, 183, 184, 190, 191, 192, 194, 195, 196, 208, 337, 338, 340, 342, 344]	experiments/e149_final20_stoichiometry_v1/out_s7/ova_c4_iptm80_22q_c2/seed-3_sample-2/ova_c4_iptm80_22q_c2_seed-3_sample-2_summary_confidences.json	experiments/e149_final20_stoichiometry_v1/out_s7/ova_c4_iptm80_22q_c2/seed-3_sample-2/ova_c4_iptm80_22q_c2_seed-3_sample-2_model.cif
ova_c4_iptm80_22q_c2	seed-3_sample-3	2	0.28	0.6	88.44668382437118	nan	nan	0.34	0.0	1	2	1	0	47	47	0	0.28	0.28	16.57	"{""A-B"": 47}"	[95, 96, 97, 98, 99, 155, 182, 183, 184, 190, 191, 192, 193, 195, 236, 337, 338, 340, 342, 343, 344, 345, 348]	experiments/e149_final20_stoichiometry_v1/out_s7/ova_c4_iptm80_22q_c2/seed-3_sample-3/ova_c4_iptm80_22q_c2_seed-3_sample-3_summary_confidences.json	experiments/e149_final20_stoichiometry_v1/out_s7/ova_c4_iptm80_22q_c2/seed-3_sample-3/ova_c4_iptm80_22q_c2_seed-3_sample-3_model.cif
ova_c4_iptm80_22q_c2	seed-3_sample-4	2	0.28	0.6	88.45712442348658	nan	nan	0.35	0.0	1	2	1	0	40	40	0	0.28	0.28	16.9	"{""A-B"": 40}"	[95, 96, 97, 98, 99, 155, 182, 184, 190, 191, 192, 195, 236, 337, 338, 340, 342, 343, 344, 345, 348]	experiments/e149_final20_stoichiometry_v1/out_s7/ova_c4_iptm80_22q_c2/seed-3_sample-4/ova_c4_iptm80_22q_c2_seed-3_sample-4_summary_confidences.json	experiments/e149_final20_stoichiometry_v1/out_s7/ova_c4_iptm80_22q_c2/seed-3_sample-4/ova_c4_iptm80_22q_c2_seed-3_sample-4_model.cif
ova_c4_iptm80_22q_c3	seed-1_sample-0	3	0.17	0.43	86.53077723448759	nan	nan	0.22	0.0	3	3	1	0	108	108	0	0.14	0.14	20.81	"{""A-B"": 36, ""A-C"": 36, ""B-C"": 36}"	[93, 94, 95, 96, 99, 155, 184, 186, 188, 191, 192, 216, 217, 219, 232, 234, 238, 241, 271, 272, 276, 278, 338, 339, 340, 341, 342, 343, 344, 345, 346, 347, 349, 350, 351, 354, 372, 373]	experiments/e149_final20_stoichiometry_v1/out_s5/ova_c4_iptm80_22q_c3/seed-1_sample-0/ova_c4_iptm80_22q_c3_seed-1_sample-0_summary_confidences.json	experiments/e149_final20_stoichiometry_v1/out_s5/ova_c4_iptm80_22q_c3/seed-1_sample-0/ova_c4_iptm80_22q_c3_seed-1_sample-0_model.cif
ova_c4_iptm80_22q_c3	seed-1_sample-1	3	0.19	0.44	86.50406743578343	nan	nan	0.24	0.0	3	3	1	0	94	94	0	0.14	0.14	20.18	"{""A-B"": 32, ""A-C"": 20, ""B-C"": 42}"	[94, 95, 96, 97, 98, 99, 155, 156, 182, 183, 184, 186, 187, 190, 191, 192, 193, 195, 196, 208, 210, 216, 217, 218, 234, 237, 238, 275, 276, 278, 334, 336, 337, 338, 339, 340, 341, 342, 343, 344, 345, 346, 347, 348, 349, 350, 351, 354]	experiments/e149_final20_stoichiometry_v1/out_s5/ova_c4_iptm80_22q_c3/seed-1_sample-1/ova_c4_iptm80_22q_c3_seed-1_sample-1_summary_confidences.json	experiments/e149_final20_stoichiometry_v1/out_s5/ova_c4_iptm80_22q_c3/seed-1_sample-1/ova_c4_iptm80_22q_c3_seed-1_sample-1_model.cif
ova_c4_iptm80_22q_c3	seed-1_sample-2	3	0.18	0.43	86.41341964444966	nan	nan	0.23	0.0	3	3	1	0	108	108	0	0.15	0.15	20.2	"{""A-B"": 37, ""A-C"": 33, ""B-C"": 38}"	[94, 95, 96, 97, 99, 155, 184, 188, 191, 192, 215, 216, 217, 219, 232, 234, 271, 272, 276, 278, 338, 339, 340, 341, 342, 343, 344, 345, 346, 347, 350, 354, 372]	experiments/e149_final20_stoichiometry_v1/out_s5/ova_c4_iptm80_22q_c3/seed-1_sample-2/ova_c4_iptm80_22q_c3_seed-1_sample-2_summary_confidences.json	experiments/e149_final20_stoichiometry_v1/out_s5/ova_c4_iptm80_22q_c3/seed-1_sample-2/ova_c4_iptm80_22q_c3_seed-1_sample-2_model.cif
ova_c4_iptm80_22q_c3	seed-1_sample-3	3	0.14	0.41	85.77885997357146	nan	nan	0.19	0.0	3	3	1	0	151	151	0	0.11	0.11	26.06	"{""A-B"": 53, ""A-C"": 47, ""B-C"": 51}"	[96, 97, 140, 141, 144, 145, 147, 148, 149, 151, 152, 156, 159, 160, 163, 164, 184, 188, 190, 191, 192, 195, 196, 197, 198, 201, 205, 206, 207, 208, 210, 337, 338, 339, 340, 342, 344, 345, 385]	experiments/e149_final20_stoichiometry_v1/out_s5/ova_c4_iptm80_22q_c3/seed-1_sample-3/ova_c4_iptm80_22q_c3_seed-1_sample-3_summary_confidences.json	experiments/e149_final20_stoichiometry_v1/out_s5/ova_c4_iptm80_22q_c3/seed-1_sample-3/ova_c4_iptm80_22q_c3_seed-1_sample-3_model.cif
ova_c4_iptm80_22q_c3	seed-1_sample-4	3	0.21	0.45	87.14455956375043	nan	nan	0.26	0.0	3	3	1	0	104	104	0	0.18	0.18	19.88	"{""A-B"": 34, ""A-C"": 35, ""B-C"": 35}"	[94, 95, 96, 97, 98, 99, 101, 149, 152, 153, 154, 155, 182, 183, 184, 190, 191, 192, 193, 194, 195, 196, 208, 210, 213, 342, 343, 344]	experiments/e149_final20_stoichiometry_v1/out_s5/ova_c4_iptm80_22q_c3/seed-1_sample-4/ova_c4_iptm80_22q_c3_seed-1_sample-4_summary_confidences.json	experiments/e149_final20_stoichiometry_v1/out_s5/ova_c4_iptm80_22q_c3/seed-1_sample-4/ova_c4_iptm80_22q_c3_seed-1_sample-4_model.cif
ova_c4_iptm80_22q_c3	seed-2_sample-0	3	0.2	0.44	86.83753880317964	nan	nan	0.25	0.0	3	3	1	0	117	117	0	0.14	0.14	18.54	"{""A-B"": 27, ""A-C"": 67, ""B-C"": 23}"	[86, 90, 93, 95, 96, 97, 184, 186, 187, 188, 190, 191, 192, 193, 215, 236, 237, 239, 271, 272, 276, 336, 337, 338, 339, 340, 341, 342, 343, 344, 345, 346, 347, 348, 349, 352, 372, 373, 374]	experiments/e149_final20_stoichiometry_v1/out_s5/ova_c4_iptm80_22q_c3/seed-2_sample-0/ova_c4_iptm80_22q_c3_seed-2_sample-0_summary_confidences.json	experiments/e149_final20_stoichiometry_v1/out_s5/ova_c4_iptm80_22q_c3/seed-2_sample-0/ova_c4_iptm80_22q_c3_seed-2_sample-0_model.cif
ova_c4_iptm80_22q_c3	seed-2_sample-1	3	0.21	0.45	87.18803118177028	nan	nan	0.25	0.0	3	3	1	0	104	104	0	0.17	0.17	21.23	"{""A-B"": 35, ""A-C"": 36, ""B-C"": 33}"	[94, 95, 96, 97, 98, 99, 101, 149, 152, 153, 155, 182, 183, 184, 190, 191, 192, 193, 194, 195, 196, 208, 210, 213, 342, 343, 344, 345]	experiments/e149_final20_stoichiometry_v1/out_s5/ova_c4_iptm80_22q_c3/seed-2_sample-1/ova_c4_iptm80_22q_c3_seed-2_sample-1_summary_confidences.json	experiments/e149_final20_stoichiometry_v1/out_s5/ova_c4_iptm80_22q_c3/seed-2_sample-1/ova_c4_iptm80_22q_c3_seed-2_sample-1_model.cif
ova_c4_iptm80_22q_c3	seed-2_sample-2	3	0.15	0.41	86.38297918052871	nan	nan	0.2	0.0	3	3	1	0	121	121	0	0.12	0.12	25.08	"{""A-B"": 39, ""A-C"": 41, ""B-C"": 41}"	[1, 2, 3, 4, 5, 64, 76, 83, 93, 94, 95, 96, 97, 123, 184, 188, 191, 219, 236, 237, 266, 271, 272, 275, 276, 277, 278, 338, 339, 340, 341, 342, 343, 344, 346, 347, 354, 373, 374, 375]	experiments/e149_final20_stoichiometry_v1/out_s5/ova_c4_iptm80_22q_c3/seed-2_sample-2/ova_c4_iptm80_22q_c3_seed-2_sample-2_summary_confidences.json	experiments/e149_final20_stoichiometry_v1/out_s5/ova_c4_iptm80_22q_c3/seed-2_sample-2/ova_c4_iptm80_22q_c3_seed-2_sample-2_model.cif
ova_c4_iptm80_22q_c3	seed-2_sample-3	3	0.16	0.42	86.39909341051171	nan	nan	0.21	0.0	3	3	1	0	62	62	0	0.12	0.12	24.98	"{""A-B"": 22, ""A-C"": 6, ""B-C"": 34}"	[64, 66, 67, 68, 82, 85, 86, 87, 90, 93, 95, 96, 184, 188, 191, 192, 266, 267, 270, 271, 272, 273, 338, 339, 340, 341, 342, 344, 345, 346, 372, 373]	experiments/e149_final20_stoichiometry_v1/out_s5/ova_c4_iptm80_22q_c3/seed-2_sample-3/ova_c4_iptm80_22q_c3_seed-2_sample-3_summary_confidences.json	experiments/e149_final20_stoichiometry_v1/out_s5/ova_c4_iptm80_22q_c3/seed-2_sample-3/ova_c4_iptm80_22q_c3_seed-2_sample-3_model.cif
ova_c4_iptm80_22q_c3	seed-2_sample-4	3	0.15	0.41	85.90751296127398	nan	nan	0.2	0.0	3	3	1	0	140	140	0	0.12	0.12	25.4	"{""A-B"": 48, ""A-C"": 44, ""B-C"": 48}"	[1, 3, 64, 75, 94, 95, 96, 97, 114, 119, 123, 124, 127, 130, 131, 132, 133, 141, 145, 148, 149, 151, 152, 155, 156, 159, 186, 187, 216, 217, 236, 237, 238, 271, 272, 275, 276, 277, 278, 340, 341, 345, 346, 349, 350, 354, 372, 373]	experiments/e149_final20_stoichiometry_v1/out_s5/ova_c4_iptm80_22q_c3/seed-2_sample-4/ova_c4_iptm80_22q_c3_seed-2_sample-4_summary_confidences.json	experiments/e149_final20_stoichiometry_v1/out_s5/ova_c4_iptm80_22q_c3/seed-2_sample-4/ova_c4_iptm80_22q_c3_seed-2_sample-4_model.cif
ova_c4_iptm80_22q_c3	seed-3_sample-0	3	0.17	0.43	86.03093261916403	nan	nan	0.22	0.0	3	3	1	0	125	125	0	0.14	0.14	21.27	"{""A-B"": 41, ""A-C"": 37, ""B-C"": 47}"	[3, 93, 94, 95, 96, 97, 99, 155, 182, 184, 186, 188, 191, 192, 216, 217, 219, 232, 234, 241, 269, 271, 272, 274, 275, 276, 278, 338, 339, 340, 341, 342, 344, 345, 346, 348, 349, 350, 352, 353, 354, 372, 373, 374, 375]	experiments/e149_final20_stoichiometry_v1/out_s5/ova_c4_iptm80_22q_c3/seed-3_sample-0/ova_c4_iptm80_22q_c3_seed-3_sample-0_summary_confidences.json	experiments/e149_final20_stoichiometry_v1/out_s5/ova_c4_iptm80_22q_c3/seed-3_sample-0/ova_c4_iptm80_22q_c3_seed-3_sample-0_model.cif
ova_c4_iptm80_22q_c3	seed-3_sample-1	3	0.21	0.45	86.306113880533	nan	nan	0.26	0.0	3	3	1	0	131	131	0	0.17	0.17	18.79	"{""A-B"": 44, ""A-C"": 42, ""B-C"": 45}"	[95, 96, 97, 98, 99, 182, 183, 184, 188, 190, 191, 192, 216, 217, 236, 277, 278, 279, 336, 337, 338, 339, 340, 341, 342, 343, 344, 345, 346, 348, 349, 350, 351, 353, 354, 355, 356, 357]	experiments/e149_final20_stoichiometry_v1/out_s5/ova_c4_iptm80_22q_c3/seed-3_sample-1/ova_c4_iptm80_22q_c3_seed-3_sample-1_summary_confidences.json	experiments/e149_final20_stoichiometry_v1/out_s5/ova_c4_iptm80_22q_c3/seed-3_sample-1/ova_c4_iptm80_22q_c3_seed-3_sample-1_model.cif
ova_c4_iptm80_22q_c3	seed-3_sample-2	3	0.19	0.44	86.42064775457037	nan	nan	0.24	0.0	3	3	1	0	112	112	0	0.16	0.16	22.27	"{""A-B"": 37, ""A-C"": 39, ""B-C"": 36}"	[94, 95, 96, 97, 98, 99, 101, 149, 152, 153, 154, 155, 182, 183, 184, 190, 191, 192, 193, 194, 195, 196, 208, 210, 213, 237, 342, 343, 344, 345, 348]	experiments/e149_final20_stoichiometry_v1/out_s5/ova_c4_iptm80_22q_c3/seed-3_sample-2/ova_c4_iptm80_22q_c3_seed-3_sample-2_summary_confidences.json	experiments/e149_final20_stoichiometry_v1/out_s5/ova_c4_iptm80_22q_c3/seed-3_sample-2/ova_c4_iptm80_22q_c3_seed-3_sample-2_model.cif
ova_c4_iptm80_22q_c3	seed-3_sample-3	3	0.18	0.43	86.30810899685083	nan	nan	0.23	0.0	3	3	1	0	97	97	0	0.14	0.14	21.8	"{""A-B"": 16, ""A-C"": 46, ""B-C"": 35}"	[1, 86, 87, 89, 90, 93, 95, 96, 184, 186, 188, 190, 191, 192, 193, 217, 219, 234, 238, 239, 270, 271, 272, 275, 276, 336, 337, 338, 339, 340, 341, 342, 343, 344, 345, 346, 347, 348, 349, 372, 373, 375]	experiments/e149_final20_stoichiometry_v1/out_s5/ova_c4_iptm80_22q_c3/seed-3_sample-3/ova_c4_iptm80_22q_c3_seed-3_sample-3_summary_confidences.json	experiments/e149_final20_stoichiometry_v1/out_s5/ova_c4_iptm80_22q_c3/seed-3_sample-3/ova_c4_iptm80_22q_c3_seed-3_sample-3_model.cif
ova_c4_iptm80_22q_c3	seed-3_sample-4	3	0.18	0.43	85.93455960960586	nan	nan	0.23	0.0	3	3	1	0	68	68	0	0.15	0.15	20.61	"{""A-B"": 24, ""A-C"": 33, ""B-C"": 11}"	[96, 97, 148, 151, 152, 155, 156, 157, 184, 188, 190, 191, 192, 194, 217, 276, 278, 336, 337, 338, 340, 341, 342, 343, 344, 345, 346, 347, 350, 354]	experiments/e149_final20_stoichiometry_v1/out_s5/ova_c4_iptm80_22q_c3/seed-3_sample-4/ova_c4_iptm80_22q_c3_seed-3_sample-4_summary_confidences.json	experiments/e149_final20_stoichiometry_v1/out_s5/ova_c4_iptm80_22q_c3/seed-3_sample-4/ova_c4_iptm80_22q_c3_seed-3_sample-4_model.cif
ova_c4_iptm80_22q_c5	seed-1_sample-0	5	0.29	0.42	84.84562181067591	nan	nan	0.32	0.0	5	5	1	0	110	110	0	0.19	0.23	18.18	"{""A-B"": 9, ""A-C"": 29, ""A-D"": 2, ""A-E"": 4, ""B-C"": 4, ""B-D"": 0, ""B-E"": 39, ""C-D"": 7, ""C-E"": 0, ""D-E"": 16}"	[86, 90, 94, 95, 96, 97, 98, 99, 155, 156, 182, 183, 184, 190, 191, 192, 193, 194, 195, 196, 210, 217, 219, 238, 270, 271, 272, 276, 278, 337, 338, 339, 340, 342, 345, 348, 349, 372, 373, 374]	experiments/e149_final20_stoichiometry_v1/out_s6/ova_c4_iptm80_22q_c5/seed-1_sample-0/ova_c4_iptm80_22q_c5_seed-1_sample-0_summary_confidences.json	experiments/e149_final20_stoichiometry_v1/out_s6/ova_c4_iptm80_22q_c5/seed-1_sample-0/ova_c4_iptm80_22q_c5_seed-1_sample-0_model.cif
ova_c4_iptm80_22q_c5	seed-1_sample-1	5	0.27	0.4	84.97818659253689	nan	nan	0.3	0.0	5	5	1	0	120	120	0	0.15	0.15	22.78	"{""A-B"": 4, ""A-C"": 43, ""A-D"": 0, ""A-E"": 6, ""B-C"": 4, ""B-D"": 46, ""B-E"": 0, ""C-D"": 0, ""C-E"": 5, ""D-E"": 12}"	[82, 83, 86, 94, 95, 96, 97, 98, 99, 155, 156, 182, 183, 184, 190, 191, 192, 193, 195, 196, 208, 217, 236, 271, 272, 276, 277, 278, 337, 338, 339, 340, 342, 343, 344, 345, 346, 347, 349, 350, 351, 354, 355, 373]	experiments/e149_final20_stoichiometry_v1/out_s6/ova_c4_iptm80_22q_c5/seed-1_sample-1/ova_c4_iptm80_22q_c5_seed-1_sample-1_summary_confidences.json	experiments/e149_final20_stoichiometry_v1/out_s6/ova_c4_iptm80_22q_c5/seed-1_sample-1/ova_c4_iptm80_22q_c5_seed-1_sample-1_model.cif
ova_c4_iptm80_22q_c5	seed-1_sample-2	5	0.25	0.39	84.70683930451388	nan	nan	0.28	0.0	5	5	1	0	132	132	0	0.13	0.16	19.2	"{""A-B"": 0, ""A-C"": 37, ""A-D"": 0, ""A-E"": 22, ""B-C"": 27, ""B-D"": 36, ""B-E"": 0, ""C-D"": 0, ""C-E"": 0, ""D-E"": 10}"	[94, 95, 96, 98, 99, 155, 156, 157, 182, 183, 184, 190, 191, 192, 195, 196, 217, 276, 277, 278, 336, 337, 338, 339, 340, 342, 343, 344, 345, 346, 347, 348, 349, 350, 351, 353, 354, 355, 356]	experiments/e149_final20_stoichiometry_v1/out_s6/ova_c4_iptm80_22q_c5/seed-1_sample-2/ova_c4_iptm80_22q_c5_seed-1_sample-2_summary_confidences.json	experiments/e149_final20_stoichiometry_v1/out_s6/ova_c4_iptm80_22q_c5/seed-1_sample-2/ova_c4_iptm80_22q_c5_seed-1_sample-2_model.cif
ova_c4_iptm80_22q_c5	seed-1_sample-3	5	0.25	0.38	85.4413989664977	nan	nan	0.27	0.0	5	5	1	0	163	163	0	0.13	0.14	20.71	"{""A-B"": 0, ""A-C"": 47, ""A-D"": 20, ""A-E"": 0, ""B-C"": 0, ""B-D"": 51, ""B-E"": 28, ""C-D"": 0, ""C-E"": 17, ""D-E"": 0}"	[94, 95, 96, 97, 98, 99, 155, 156, 157, 182, 183, 184, 190, 191, 192, 195, 196, 216, 217, 275, 276, 277, 278, 337, 338, 340, 342, 343, 344, 345, 346, 347, 348, 349, 350, 351, 353, 354, 355, 356, 357]	experiments/e149_final20_stoichiometry_v1/out_s6/ova_c4_iptm80_22q_c5/seed-1_sample-3/ova_c4_iptm80_22q_c5_seed-1_sample-3_summary_confidences.json	experiments/e149_final20_stoichiometry_v1/out_s6/ova_c4_iptm80_22q_c5/seed-1_sample-3/ova_c4_iptm80_22q_c5_seed-1_sample-3_model.cif
ova_c4_iptm80_22q_c5	seed-1_sample-4	5	0.35	0.47	85.39230547297186	nan	nan	0.37	0.0	8	5	1	0	222	222	0	0.12	0.28	17.165	"{""A-B"": 8, ""A-C"": 56, ""A-D"": 23, ""A-E"": 23, ""B-C"": 26, ""B-D"": 59, ""B-E"": 0, ""C-D"": 9, ""C-E"": 0, ""D-E"": 18}"	[67, 86, 90, 94, 95, 96, 97, 98, 99, 182, 183, 184, 188, 189, 190, 191, 192, 193, 216, 217, 236, 271, 272, 277, 278, 336, 337, 338, 339, 340, 341, 342, 344, 345, 346, 347, 348, 349, 350, 351, 352, 353, 354, 355, 356, 357, 373, 374]	experiments/e149_final20_stoichiometry_v1/out_s6/ova_c4_iptm80_22q_c5/seed-1_sample-4/ova_c4_iptm80_22q_c5_seed-1_sample-4_summary_confidences.json	experiments/e149_final20_stoichiometry_v1/out_s6/ova_c4_iptm80_22q_c5/seed-1_sample-4/ova_c4_iptm80_22q_c5_seed-1_sample-4_model.cif
ova_c4_iptm80_22q_c5	seed-2_sample-0	5	0.28	0.41	85.55551811574037	nan	nan	0.3	0.0	8	5	1	0	140	140	0	0.14	0.16	18.384999999999998	"{""A-B"": 20, ""A-C"": 0, ""A-D"": 6, ""A-E"": 36, ""B-C"": 7, ""B-D"": 9, ""B-E"": 4, ""C-D"": 25, ""C-E"": 22, ""D-E"": 11}"	[86, 90, 93, 94, 95, 96, 97, 155, 184, 188, 189, 190, 191, 192, 193, 194, 216, 217, 271, 272, 275, 276, 277, 278, 336, 337, 338, 339, 340, 341, 342, 343, 344, 345, 346, 347, 348, 349, 350, 351, 352, 353, 354, 356, 373, 374]	experiments/e149_final20_stoichiometry_v1/out_s6/ova_c4_iptm80_22q_c5/seed-2_sample-0/ova_c4_iptm80_22q_c5_seed-2_sample-0_summary_confidences.json	experiments/e149_final20_stoichiometry_v1/out_s6/ova_c4_iptm80_22q_c5/seed-2_sample-0/ova_c4_iptm80_22q_c5_seed-2_sample-0_model.cif
ova_c4_iptm80_22q_c5	seed-2_sample-1	5	0.3	0.43	85.88049220544687	nan	nan	0.33	0.0	5	5	1	0	109	109	0	0.19	0.25	17.12	"{""A-B"": 30, ""A-C"": 1, ""A-D"": 0, ""A-E"": 13, ""B-C"": 9, ""B-D"": 0, ""B-E"": 1, ""C-D"": 40, ""C-E"": 0, ""D-E"": 15}"	[1, 2, 64, 83, 86, 87, 94, 95, 96, 97, 98, 99, 182, 183, 184, 188, 190, 191, 192, 193, 217, 266, 267, 270, 271, 272, 275, 276, 277, 337, 338, 340, 342, 343, 344, 345, 346, 348, 350, 351, 353, 354, 357, 373, 374, 375]	experiments/e149_final20_stoichiometry_v1/out_s6/ova_c4_iptm80_22q_c5/seed-2_sample-1/ova_c4_iptm80_22q_c5_seed-2_sample-1_summary_confidences.json	experiments/e149_final20_stoichiometry_v1/out_s6/ova_c4_iptm80_22q_c5/seed-2_sample-1/ova_c4_iptm80_22q_c5_seed-2_sample-1_model.cif
ova_c4_iptm80_22q_c5	seed-2_sample-2	5	0.41	0.52	86.49095858440498	nan	nan	0.43	0.0	9	5	1	0	208	208	0	0.12	0.34	15.04	"{""A-B"": 52, ""A-C"": 23, ""A-D"": 7, ""A-E"": 9, ""B-C"": 8, ""B-D"": 24, ""B-E"": 0, ""C-D"": 51, ""C-E"": 23, ""D-E"": 11}"	[86, 90, 94, 95, 96, 97, 98, 99, 101, 149, 152, 153, 155, 182, 183, 184, 188, 190, 191, 192, 193, 195, 196, 197, 198, 200, 213, 216, 217, 236, 271, 272, 276, 277, 278, 334, 336, 337, 338, 339, 340, 341, 342, 344, 345, 346, 347, 348, 349, 350, 351, 352, 353, 354, 355, 356, 357, 373, 374]	experiments/e149_final20_stoichiometry_v1/out_s6/ova_c4_iptm80_22q_c5/seed-2_sample-2/ova_c4_iptm80_22q_c5_seed-2_sample-2_summary_confidences.json	experiments/e149_final20_stoichiometry_v1/out_s6/ova_c4_iptm80_22q_c5/seed-2_sample-2/ova_c4_iptm80_22q_c5_seed-2_sample-2_model.cif
ova_c4_iptm80_22q_c5	seed-2_sample-3	5	0.27	0.4	85.33461126021153	nan	nan	0.3	0.0	6	5	1	0	205	205	0	0.15	0.155	20.18	"{""A-B"": 41, ""A-C"": 0, ""A-D"": 0, ""A-E"": 28, ""B-C"": 1, ""B-D"": 29, ""B-E"": 0, ""C-D"": 33, ""C-E"": 33, ""D-E"": 40}"	[93, 94, 95, 96, 97, 98, 99, 101, 148, 149, 151, 152, 153, 154, 155, 156, 182, 183, 190, 191, 192, 193, 194, 195, 196, 197, 198, 208, 210, 213, 216, 217, 276, 277, 278, 342, 343, 344, 345, 346, 347, 348, 349, 350, 351, 354, 355]	experiments/e149_final20_stoichiometry_v1/out_s6/ova_c4_iptm80_22q_c5/seed-2_sample-3/ova_c4_iptm80_22q_c5_seed-2_sample-3_summary_confidences.json	experiments/e149_final20_stoichiometry_v1/out_s6/ova_c4_iptm80_22q_c5/seed-2_sample-3/ova_c4_iptm80_22q_c5_seed-2_sample-3_model.cif
ova_c4_iptm80_22q_c5	seed-2_sample-4	5	0.39	0.5	85.57269416571899	nan	nan	0.42	0.0	9	5	1	0	194	194	0	0.12	0.33	14.75	"{""A-B"": 49, ""A-C"": 18, ""A-D"": 8, ""A-E"": 0, ""B-C"": 8, ""B-D"": 19, ""B-E"": 21, ""C-D"": 53, ""C-E"": 6, ""D-E"": 12}"	[73, 86, 90, 93, 94, 95, 96, 97, 98, 99, 124, 157, 182, 183, 184, 188, 190, 191, 192, 193, 216, 217, 236, 271, 272, 278, 285, 287, 334, 336, 337, 338, 339, 340, 341, 342, 344, 345, 346, 347, 348, 349, 350, 351, 352, 353, 354, 355, 356, 357, 373, 374]	experiments/e149_final20_stoichiometry_v1/out_s6/ova_c4_iptm80_22q_c5/seed-2_sample-4/ova_c4_iptm80_22q_c5_seed-2_sample-4_summary_confidences.json	experiments/e149_final20_stoichiometry_v1/out_s6/ova_c4_iptm80_22q_c5/seed-2_sample-4/ova_c4_iptm80_22q_c5_seed-2_sample-4_model.cif
ova_c4_iptm80_22q_c5	seed-3_sample-0	5	0.28	0.41	85.37461135548014	nan	nan	0.31	0.0	5	5	1	0	180	180	0	0.14	0.18	19.02	"{""A-B"": 44, ""A-C"": 2, ""A-D"": 22, ""A-E"": 0, ""B-C"": 0, ""B-D"": 2, ""B-E"": 31, ""C-D"": 42, ""C-E"": 35, ""D-E"": 2}"	[94, 95, 96, 97, 98, 99, 155, 182, 183, 184, 188, 189, 190, 191, 192, 193, 195, 216, 217, 219, 236, 271, 272, 274, 275, 276, 277, 278, 334, 336, 337, 338, 339, 340, 342, 343, 344, 345, 346, 347, 348, 349, 350, 351, 353, 354, 355, 356]	experiments/e149_final20_stoichiometry_v1/out_s6/ova_c4_iptm80_22q_c5/seed-3_sample-0/ova_c4_iptm80_22q_c5_seed-3_sample-0_summary_confidences.json	experiments/e149_final20_stoichiometry_v1/out_s6/ova_c4_iptm80_22q_c5/seed-3_sample-0/ova_c4_iptm80_22q_c5_seed-3_sample-0_model.cif
ova_c4_iptm80_22q_c5	seed-3_sample-1	5	0.25	0.39	85.73782376304192	nan	nan	0.28	0.0	5	5	1	0	132	132	0	0.13	0.14	20.36	"{""A-B"": 47, ""A-C"": 0, ""A-D"": 10, ""A-E"": 0, ""B-C"": 0, ""B-D"": 0, ""B-E"": 4, ""C-D"": 42, ""C-E"": 24, ""D-E"": 5}"	[90, 94, 95, 96, 97, 98, 99, 155, 156, 182, 183, 184, 188, 189, 190, 191, 192, 195, 196, 237, 238, 239, 278, 336, 337, 338, 339, 340, 342, 343, 344, 345, 346, 347, 348, 349, 350, 351, 353, 354]	experiments/e149_final20_stoichiometry_v1/out_s6/ova_c4_iptm80_22q_c5/seed-3_sample-1/ova_c4_iptm80_22q_c5_seed-3_sample-1_summary_confidences.json	experiments/e149_final20_stoichiometry_v1/out_s6/ova_c4_iptm80_22q_c5/seed-3_sample-1/ova_c4_iptm80_22q_c5_seed-3_sample-1_model.cif
ova_c4_iptm80_22q_c5	seed-3_sample-2	5	0.29	0.42	85.3409843938956	nan	nan	0.32	0.0	7	5	1	0	195	195	0	0.2	0.2	18.32	"{""A-B"": 56, ""A-C"": 8, ""A-D"": 0, ""A-E"": 13, ""B-C"": 11, ""B-D"": 0, ""B-E"": 6, ""C-D"": 71, ""C-E"": 0, ""D-E"": 30}"	[1, 86, 90, 94, 95, 96, 97, 98, 99, 148, 155, 156, 182, 183, 184, 188, 190, 191, 192, 193, 194, 195, 196, 208, 210, 217, 219, 236, 271, 272, 275, 276, 277, 278, 279, 287, 334, 336, 337, 338, 339, 340, 341, 342, 343, 344, 345, 346, 347, 348, 349, 350, 351, 353, 354, 357, 373, 374]	experiments/e149_final20_stoichiometry_v1/out_s6/ova_c4_iptm80_22q_c5/seed-3_sample-2/ova_c4_iptm80_22q_c5_seed-3_sample-2_summary_confidences.json	experiments/e149_final20_stoichiometry_v1/out_s6/ova_c4_iptm80_22q_c5/seed-3_sample-2/ova_c4_iptm80_22q_c5_seed-3_sample-2_model.cif
ova_c4_iptm80_22q_c5	seed-3_sample-3	5	0.37	0.48	85.58067366249203	nan	nan	0.39	0.0	9	5	1	0	201	201	0	0.12	0.29	15.99	"{""A-B"": 57, ""A-C"": 6, ""A-D"": 16, ""A-E"": 0, ""B-C"": 16, ""B-D"": 7, ""B-E"": 19, ""C-D"": 55, ""C-E"": 19, ""D-E"": 6}"	[72, 86, 90, 95, 96, 97, 98, 99, 110, 116, 120, 131, 132, 145, 182, 184, 188, 190, 191, 192, 193, 216, 217, 236, 237, 238, 239, 271, 272, 278, 337, 338, 339, 340, 341, 342, 343, 344, 345, 346, 347, 348, 349, 350, 351, 352, 353, 354, 356, 373, 374]	experiments/e149_final20_stoichiometry_v1/out_s6/ova_c4_iptm80_22q_c5/seed-3_sample-3/ova_c4_iptm80_22q_c5_seed-3_sample-3_summary_confidences.json	experiments/e149_final20_stoichiometry_v1/out_s6/ova_c4_iptm80_22q_c5/seed-3_sample-3/ova_c4_iptm80_22q_c5_seed-3_sample-3_model.cif
ova_c4_iptm80_22q_c5	seed-3_sample-4	5	0.25	0.38	84.64212433414755	nan	nan	0.27	0.0	6	5	1	0	158	158	0	0.14	0.155	20.62	"{""A-B"": 18, ""A-C"": 0, ""A-D"": 13, ""A-E"": 0, ""B-C"": 15, ""B-D"": 0, ""B-E"": 4, ""C-D"": 32, ""C-E"": 37, ""D-E"": 39}"	[93, 94, 95, 96, 97, 98, 99, 101, 148, 151, 152, 153, 155, 156, 182, 183, 190, 191, 192, 193, 194, 195, 196, 197, 198, 208, 213, 216, 217, 276, 278, 341, 342, 343, 344, 345, 346, 347, 348, 349, 350, 351, 354]	experiments/e149_final20_stoichiometry_v1/out_s6/ova_c4_iptm80_22q_c5/seed-3_sample-4/ova_c4_iptm80_22q_c5_seed-3_sample-4_summary_confidences.json	experiments/e149_final20_stoichiometry_v1/out_s6/ova_c4_iptm80_22q_c5/seed-3_sample-4/ova_c4_iptm80_22q_c5_seed-3_sample-4_model.cif
ova_c4_iptm80_22q_c6	seed-1_sample-0	6	0.29	0.4	85.84989642602793	nan	nan	0.31	0.0	6	6	1	0	213	213	0	0.27	0.265	16.65	"{""A-B"": 0, ""A-C"": 0, ""A-D"": 51, ""A-E"": 0, ""A-F"": 18, ""B-C"": 0, ""B-D"": 21, ""B-E"": 50, ""B-F"": 0, ""C-D"": 0, ""C-E"": 20, ""C-F"": 53, ""D-E"": 0, ""D-F"": 0, ""E-F"": 0}"	[1, 3, 6, 64, 86, 87, 90, 94, 95, 96, 97, 98, 99, 152, 155, 156, 182, 183, 184, 190, 191, 192, 193, 195, 196, 208, 210, 262, 263, 266, 267, 271, 272, 337, 338, 339, 340, 342, 347, 373, 374]	experiments/e149_final20_stoichiometry_v1/out_s7/ova_c4_iptm80_22q_c6/seed-1_sample-0/ova_c4_iptm80_22q_c6_seed-1_sample-0_summary_confidences.json	experiments/e149_final20_stoichiometry_v1/out_s7/ova_c4_iptm80_22q_c6/seed-1_sample-0/ova_c4_iptm80_22q_c6_seed-1_sample-0_model.cif
ova_c4_iptm80_22q_c6	seed-1_sample-1	6	0.28	0.4	85.99093254366069	nan	nan	0.31	0.0	6	6	1	0	208	208	0	0.29	0.27	16.509999999999998	"{""A-B"": 0, ""A-C"": 0, ""A-D"": 51, ""A-E"": 0, ""A-F"": 20, ""B-C"": 0, ""B-D"": 20, ""B-E"": 48, ""B-F"": 0, ""C-D"": 0, ""C-E"": 20, ""C-F"": 49, ""D-E"": 0, ""D-F"": 0, ""E-F"": 0}"	[1, 6, 64, 86, 90, 94, 95, 96, 97, 98, 99, 152, 155, 156, 182, 183, 184, 190, 191, 192, 193, 195, 196, 208, 210, 262, 263, 266, 267, 271, 272, 337, 338, 340, 342, 343, 344, 345, 373, 374]	experiments/e149_final20_stoichiometry_v1/out_s7/ova_c4_iptm80_22q_c6/seed-1_sample-1/ova_c4_iptm80_22q_c6_seed-1_sample-1_summary_confidences.json	experiments/e149_final20_stoichiometry_v1/out_s7/ova_c4_iptm80_22q_c6/seed-1_sample-1/ova_c4_iptm80_22q_c6_seed-1_sample-1_model.cif
ova_c4_iptm80_22q_c6	seed-1_sample-2	6	0.28	0.39	85.7635490239593	nan	nan	0.3	0.0	6	6	1	0	216	216	0	0.26	0.26	16.855	"{""A-B"": 0, ""A-C"": 0, ""A-D"": 59, ""A-E"": 0, ""A-F"": 16, ""B-C"": 0, ""B-D"": 16, ""B-E"": 55, ""B-F"": 0, ""C-D"": 0, ""C-E"": 11, ""C-F"": 59, ""D-E"": 0, ""D-F"": 0, ""E-F"": 0}"	[1, 6, 86, 90, 94, 95, 96, 97, 98, 99, 151, 152, 155, 156, 182, 183, 184, 190, 191, 192, 193, 194, 195, 196, 208, 210, 262, 263, 266, 271, 272, 337, 338, 340, 342, 343, 373, 374]	experiments/e149_final20_stoichiometry_v1/out_s7/ova_c4_iptm80_22q_c6/seed-1_sample-2/ova_c4_iptm80_22q_c6_seed-1_sample-2_summary_confidences.json	experiments/e149_final20_stoichiometry_v1/out_s7/ova_c4_iptm80_22q_c6/seed-1_sample-2/ova_c4_iptm80_22q_c6_seed-1_sample-2_model.cif
ova_c4_iptm80_22q_c6	seed-1_sample-3	6	0.28	0.39	85.95948181745302	nan	nan	0.3	0.0	6	6	1	0	230	230	0	0.27	0.255	16.585	"{""A-B"": 0, ""A-C"": 0, ""A-D"": 60, ""A-E"": 0, ""A-F"": 19, ""B-C"": 0, ""B-D"": 19, ""B-E"": 55, ""B-F"": 0, ""C-D"": 0, ""C-E"": 19, ""C-F"": 58, ""D-E"": 0, ""D-F"": 0, ""E-F"": 0}"	[1, 6, 64, 86, 94, 95, 96, 97, 98, 99, 152, 155, 156, 182, 183, 184, 188, 190, 191, 192, 193, 194, 195, 196, 208, 210, 262, 263, 266, 267, 270, 271, 272, 337, 338, 339, 340, 342, 343, 344, 345, 348, 373, 374]	experiments/e149_final20_stoichiometry_v1/out_s7/ova_c4_iptm80_22q_c6/seed-1_sample-3/ova_c4_iptm80_22q_c6_seed-1_sample-3_summary_confidences.json	experiments/e149_final20_stoichiometry_v1/out_s7/ova_c4_iptm80_22q_c6/seed-1_sample-3/ova_c4_iptm80_22q_c6_seed-1_sample-3_model.cif
ova_c4_iptm80_22q_c6	seed-1_sample-4	6	0.28	0.39	85.79616579243556	nan	nan	0.3	0.0	6	6	1	0	206	206	0	0.29	0.265	16.835	"{""A-B"": 0, ""A-C"": 0, ""A-D"": 45, ""A-E"": 0, ""A-F"": 29, ""B-C"": 0, ""B-D"": 21, ""B-E"": 47, ""B-F"": 0, ""C-D"": 0, ""C-E"": 21, ""C-F"": 43, ""D-E"": 0, ""D-F"": 0, ""E-F"": 0}"	[1, 3, 6, 64, 65, 86, 90, 94, 95, 96, 97, 98, 99, 155, 156, 182, 183, 184, 190, 191, 192, 193, 195, 196, 262, 263, 266, 267, 271, 272, 337, 338, 340, 342, 343, 344, 345, 373, 374]	experiments/e149_final20_stoichiometry_v1/out_s7/ova_c4_iptm80_22q_c6/seed-1_sample-4/ova_c4_iptm80_22q_c6_seed-1_sample-4_summary_confidences.json	experiments/e149_final20_stoichiometry_v1/out_s7/ova_c4_iptm80_22q_c6/seed-1_sample-4/ova_c4_iptm80_22q_c6_seed-1_sample-4_model.cif
ova_c4_iptm80_22q_c6	seed-2_sample-0	6	0.28	0.39	85.71624356600904	nan	nan	0.31	0.0	6	6	1	0	269	269	0	0.24	0.24	16.715	"{""A-B"": 0, ""A-C"": 25, ""A-D"": 69, ""A-E"": 0, ""A-F"": 0, ""B-C"": 67, ""B-D"": 0, ""B-E"": 22, ""B-F"": 0, ""C-D"": 0, ""C-E"": 0, ""C-F"": 0, ""D-E"": 0, ""D-F"": 26, ""E-F"": 60}"	[1, 3, 6, 64, 65, 82, 83, 86, 90, 94, 95, 96, 97, 98, 99, 152, 155, 156, 182, 183, 184, 188, 190, 191, 192, 193, 194, 195, 196, 208, 210, 262, 263, 266, 267, 271, 272, 336, 337, 338, 339, 340, 342, 344, 345, 348, 373, 374]	experiments/e149_final20_stoichiometry_v1/out_s7/ova_c4_iptm80_22q_c6/seed-2_sample-0/ova_c4_iptm80_22q_c6_seed-2_sample-0_summary_confidences.json	experiments/e149_final20_stoichiometry_v1/out_s7/ova_c4_iptm80_22q_c6/seed-2_sample-0/ova_c4_iptm80_22q_c6_seed-2_sample-0_model.cif
ova_c4_iptm80_22q_c6	seed-2_sample-1	6	0.28	0.39	85.65981880741415	nan	nan	0.3	0.0	6	6	1	0	284	284	0	0.23	0.23	17.009999999999998	"{""A-B"": 0, ""A-C"": 23, ""A-D"": 76, ""A-E"": 0, ""A-F"": 0, ""B-C"": 71, ""B-D"": 0, ""B-E"": 21, ""B-F"": 0, ""C-D"": 0, ""C-E"": 0, ""C-F"": 0, ""D-E"": 0, ""D-F"": 20, ""E-F"": 73}"	[1, 6, 64, 65, 86, 90, 94, 95, 96, 97, 98, 99, 155, 156, 182, 183, 184, 188, 190, 191, 192, 193, 194, 195, 196, 208, 210, 236, 262, 263, 266, 267, 271, 272, 336, 337, 338, 339, 340, 341, 342, 344, 345, 348, 373, 374]	experiments/e149_final20_stoichiometry_v1/out_s7/ova_c4_iptm80_22q_c6/seed-2_sample-1/ova_c4_iptm80_22q_c6_seed-2_sample-1_summary_confidences.json	experiments/e149_final20_stoichiometry_v1/out_s7/ova_c4_iptm80_22q_c6/seed-2_sample-1/ova_c4_iptm80_22q_c6_seed-2_sample-1_model.cif
ova_c4_iptm80_22q_c6	seed-2_sample-2	6	0.28	0.39	85.56797921966394	nan	nan	0.3	0.0	6	6	1	0	253	253	0	0.24	0.235	16.990000000000002	"{""A-B"": 0, ""A-C"": 15, ""A-D"": 64, ""A-E"": 0, ""A-F"": 0, ""B-C"": 75, ""B-D"": 0, ""B-E"": 14, ""B-F"": 0, ""C-D"": 0, ""C-E"": 0, ""C-F"": 0, ""D-E"": 0, ""D-F"": 14, ""E-F"": 71}"	[1, 6, 86, 90, 94, 95, 96, 97, 98, 99, 151, 152, 155, 156, 182, 183, 184, 188, 190, 191, 192, 193, 194, 195, 196, 208, 210, 263, 266, 271, 272, 336, 337, 338, 339, 340, 342, 344, 345, 348, 373, 374]	experiments/e149_final20_stoichiometry_v1/out_s7/ova_c4_iptm80_22q_c6/seed-2_sample-2/ova_c4_iptm80_22q_c6_seed-2_sample-2_summary_confidences.json	experiments/e149_final20_stoichiometry_v1/out_s7/ova_c4_iptm80_22q_c6/seed-2_sample-2/ova_c4_iptm80_22q_c6_seed-2_sample-2_model.cif
ova_c4_iptm80_22q_c6	seed-2_sample-3	6	0.27	0.39	85.77334201397673	nan	nan	0.3	0.0	6	6	1	0	229	229	0	0.25	0.235	16.72	"{""A-B"": 0, ""A-C"": 19, ""A-D"": 52, ""A-E"": 0, ""A-F"": 0, ""B-C"": 56, ""B-D"": 0, ""B-E"": 21, ""B-F"": 0, ""C-D"": 0, ""C-E"": 0, ""C-F"": 0, ""D-E"": 0, ""D-F"": 27, ""E-F"": 54}"	[1, 2, 3, 6, 64, 65, 79, 86, 90, 94, 95, 96, 97, 98, 99, 155, 156, 182, 183, 184, 188, 190, 191, 192, 193, 194, 195, 196, 208, 210, 262, 263, 266, 267, 271, 272, 337, 338, 340, 342, 343, 348, 373, 374]	experiments/e149_final20_stoichiometry_v1/out_s7/ova_c4_iptm80_22q_c6/seed-2_sample-3/ova_c4_iptm80_22q_c6_seed-2_sample-3_summary_confidences.json	experiments/e149_final20_stoichiometry_v1/out_s7/ova_c4_iptm80_22q_c6/seed-2_sample-3/ova_c4_iptm80_22q_c6_seed-2_sample-3_model.cif
ova_c4_iptm80_22q_c6	seed-2_sample-4	6	0.27	0.39	85.84230566271846	nan	nan	0.3	0.0	6	6	1	0	260	260	0	0.24	0.235	17.04	"{""A-B"": 0, ""A-C"": 17, ""A-D"": 68, ""A-E"": 0, ""A-F"": 0, ""B-C"": 68, ""B-D"": 0, ""B-E"": 18, ""B-F"": 0, ""C-D"": 0, ""C-E"": 0, ""C-F"": 0, ""D-E"": 0, ""D-F"": 23, ""E-F"": 66}"	[1, 6, 64, 65, 86, 90, 94, 95, 96, 97, 98, 99, 155, 156, 182, 183, 184, 188, 190, 191, 192, 193, 195, 196, 208, 210, 262, 263, 266, 267, 271, 272, 337, 338, 339, 340, 341, 342, 344, 345, 348, 373, 374]	experiments/e149_final20_stoichiometry_v1/out_s7/ova_c4_iptm80_22q_c6/seed-2_sample-4/ova_c4_iptm80_22q_c6_seed-2_sample-4_summary_confidences.json	experiments/e149_final20_stoichiometry_v1/out_s7/ova_c4_iptm80_22q_c6/seed-2_sample-4/ova_c4_iptm80_22q_c6_seed-2_sample-4_model.cif
ova_c4_iptm80_22q_c6	seed-3_sample-0	6	0.59	0.65	86.51018148629777	nan	nan	0.61	0.0	9	6	1	0	320	320	0	0.62	0.62	5.06	"{""A-B"": 0, ""A-C"": 34, ""A-D"": 0, ""A-E"": 33, ""A-F"": 38, ""B-C"": 0, ""B-D"": 37, ""B-E"": 37, ""B-F"": 35, ""C-D"": 38, ""C-E"": 34, ""C-F"": 0, ""D-E"": 0, ""D-F"": 34, ""E-F"": 0}"	[93, 94, 95, 96, 97, 98, 99, 101, 148, 149, 152, 153, 154, 155, 182, 183, 184, 190, 191, 192, 193, 194, 195, 196, 208, 210, 213, 216, 217, 276, 278, 342, 343, 344, 345, 346, 347, 348, 349, 350, 351, 354, 355]	experiments/e149_final20_stoichiometry_v1/out_s7/ova_c4_iptm80_22q_c6/seed-3_sample-0/ova_c4_iptm80_22q_c6_seed-3_sample-0_summary_confidences.json	experiments/e149_final20_stoichiometry_v1/out_s7/ova_c4_iptm80_22q_c6/seed-3_sample-0/ova_c4_iptm80_22q_c6_seed-3_sample-0_model.cif
ova_c4_iptm80_22q_c6	seed-3_sample-1	6	0.57	0.63	86.16823831864589	nan	nan	0.59	0.0	9	6	1	0	265	265	0	0.62	0.62	5.08	"{""A-B"": 0, ""A-C"": 34, ""A-D"": 0, ""A-E"": 33, ""A-F"": 23, ""B-C"": 0, ""B-D"": 32, ""B-E"": 20, ""B-F"": 34, ""C-D"": 21, ""C-E"": 34, ""C-F"": 0, ""D-E"": 0, ""D-F"": 34, ""E-F"": 0}"	[94, 95, 96, 97, 98, 99, 101, 149, 152, 153, 154, 155, 182, 183, 190, 191, 192, 193, 194, 195, 196, 208, 210, 213, 216, 217, 278, 341, 342, 343, 344, 345, 346, 347, 348, 349, 350, 351, 354]	experiments/e149_final20_stoichiometry_v1/out_s7/ova_c4_iptm80_22q_c6/seed-3_sample-1/ova_c4_iptm80_22q_c6_seed-3_sample-1_summary_confidences.json	experiments/e149_final20_stoichiometry_v1/out_s7/ova_c4_iptm80_22q_c6/seed-3_sample-1/ova_c4_iptm80_22q_c6_seed-3_sample-1_model.cif
ova_c4_iptm80_22q_c6	seed-3_sample-2	6	0.56	0.63	86.28554410390903	nan	nan	0.58	0.0	9	6	1	0	233	233	0	0.61	0.61	5.22	"{""A-B"": 0, ""A-C"": 34, ""A-D"": 0, ""A-E"": 29, ""A-F"": 14, ""B-C"": 0, ""B-D"": 33, ""B-E"": 12, ""B-F"": 32, ""C-D"": 14, ""C-E"": 33, ""C-F"": 0, ""D-E"": 0, ""D-F"": 32, ""E-F"": 0}"	[94, 95, 96, 97, 98, 99, 101, 149, 152, 153, 155, 182, 183, 190, 191, 192, 193, 194, 195, 196, 208, 210, 213, 217, 276, 278, 342, 343, 345, 346, 347, 348, 349, 350, 354]	experiments/e149_final20_stoichiometry_v1/out_s7/ova_c4_iptm80_22q_c6/seed-3_sample-2/ova_c4_iptm80_22q_c6_seed-3_sample-2_summary_confidences.json	experiments/e149_final20_stoichiometry_v1/out_s7/ova_c4_iptm80_22q_c6/seed-3_sample-2/ova_c4_iptm80_22q_c6_seed-3_sample-2_model.cif
ova_c4_iptm80_22q_c6	seed-3_sample-3	6	0.57	0.63	86.7806733679895	nan	nan	0.58	0.0	9	6	1	0	294	294	0	0.61	0.61	5.18	"{""A-B"": 0, ""A-C"": 36, ""A-D"": 0, ""A-E"": 37, ""A-F"": 28, ""B-C"": 0, ""B-D"": 36, ""B-E"": 23, ""B-F"": 37, ""C-D"": 22, ""C-E"": 37, ""C-F"": 0, ""D-E"": 0, ""D-F"": 38, ""E-F"": 0}"	[94, 95, 96, 97, 98, 99, 101, 148, 149, 152, 153, 154, 155, 182, 183, 184, 190, 191, 192, 193, 194, 195, 196, 208, 210, 213, 216, 217, 278, 341, 342, 343, 344, 345, 346, 347, 348, 349, 350, 351, 354, 355]	experiments/e149_final20_stoichiometry_v1/out_s7/ova_c4_iptm80_22q_c6/seed-3_sample-3/ova_c4_iptm80_22q_c6_seed-3_sample-3_summary_confidences.json	experiments/e149_final20_stoichiometry_v1/out_s7/ova_c4_iptm80_22q_c6/seed-3_sample-3/ova_c4_iptm80_22q_c6_seed-3_sample-3_model.cif
ova_c4_iptm80_22q_c6	seed-3_sample-4	6	0.57	0.63	86.05740917779003	nan	nan	0.58	0.0	9	6	1	0	271	271	0	0.61	0.61	5.21	"{""A-B"": 0, ""A-C"": 35, ""A-D"": 0, ""A-E"": 32, ""A-F"": 27, ""B-C"": 0, ""B-D"": 33, ""B-E"": 22, ""B-F"": 32, ""C-D"": 22, ""C-E"": 33, ""C-F"": 0, ""D-E"": 0, ""D-F"": 35, ""E-F"": 0}"	[94, 95, 96, 97, 98, 99, 101, 149, 152, 153, 155, 182, 183, 190, 191, 192, 193, 194, 195, 196, 208, 210, 213, 216, 217, 276, 278, 342, 343, 344, 346, 347, 348, 349, 350, 351, 354, 355]	experiments/e149_final20_stoichiometry_v1/out_s7/ova_c4_iptm80_22q_c6/seed-3_sample-4/ova_c4_iptm80_22q_c6_seed-3_sample-4_summary_confidences.json	experiments/e149_final20_stoichiometry_v1/out_s7/ova_c4_iptm80_22q_c6/seed-3_sample-4/ova_c4_iptm80_22q_c6_seed-3_sample-4_model.cif
ova_c4_iptm80_19r_c1	seed-1_sample-0	1	0.0	0.92	91.11766845821717	nan	nan	0.92	0.0	0	1	0	0	0	0	0	0.0	nan	nan	{}	[]	experiments/e149_final20_stoichiometry_v1/out_s2/ova_c4_iptm80_19r_c1/seed-1_sample-0/ova_c4_iptm80_19r_c1_seed-1_sample-0_summary_confidences.json	experiments/e149_final20_stoichiometry_v1/out_s2/ova_c4_iptm80_19r_c1/seed-1_sample-0/ova_c4_iptm80_19r_c1_seed-1_sample-0_model.cif
ova_c4_iptm80_19r_c1	seed-1_sample-1	1	0.0	0.92	90.84676176278703	nan	nan	0.92	0.0	0	1	0	0	0	0	0	0.0	nan	nan	{}	[]	experiments/e149_final20_stoichiometry_v1/out_s2/ova_c4_iptm80_19r_c1/seed-1_sample-1/ova_c4_iptm80_19r_c1_seed-1_sample-1_summary_confidences.json	experiments/e149_final20_stoichiometry_v1/out_s2/ova_c4_iptm80_19r_c1/seed-1_sample-1/ova_c4_iptm80_19r_c1_seed-1_sample-1_model.cif
ova_c4_iptm80_19r_c1	seed-1_sample-2	1	0.0	0.92	90.97207258155309	nan	nan	0.92	0.0	0	1	0	0	0	0	0	0.0	nan	nan	{}	[]	experiments/e149_final20_stoichiometry_v1/out_s2/ova_c4_iptm80_19r_c1/seed-1_sample-2/ova_c4_iptm80_19r_c1_seed-1_sample-2_summary_confidences.json	experiments/e149_final20_stoichiometry_v1/out_s2/ova_c4_iptm80_19r_c1/seed-1_sample-2/ova_c4_iptm80_19r_c1_seed-1_sample-2_model.cif
ova_c4_iptm80_19r_c1	seed-1_sample-3	1	0.0	0.92	91.02795327142113	nan	nan	0.92	0.0	0	1	0	0	0	0	0	0.0	nan	nan	{}	[]	experiments/e149_final20_stoichiometry_v1/out_s2/ova_c4_iptm80_19r_c1/seed-1_sample-3/ova_c4_iptm80_19r_c1_seed-1_sample-3_summary_confidences.json	experiments/e149_final20_stoichiometry_v1/out_s2/ova_c4_iptm80_19r_c1/seed-1_sample-3/ova_c4_iptm80_19r_c1_seed-1_sample-3_model.cif
ova_c4_iptm80_19r_c1	seed-1_sample-4	1	0.0	0.92	91.08015541709149	nan	nan	0.92	0.0	0	1	0	0	0	0	0	0.0	nan	nan	{}	[]	experiments/e149_final20_stoichiometry_v1/out_s2/ova_c4_iptm80_19r_c1/seed-1_sample-4/ova_c4_iptm80_19r_c1_seed-1_sample-4_summary_confidences.json	experiments/e149_final20_stoichiometry_v1/out_s2/ova_c4_iptm80_19r_c1/seed-1_sample-4/ova_c4_iptm80_19r_c1_seed-1_sample-4_model.cif
ova_c4_iptm80_19r_c1	seed-2_sample-0	1	0.0	0.92	90.90134724434175	nan	nan	0.92	0.0	0	1	0	0	0	0	0	0.0	nan	nan	{}	[]	experiments/e149_final20_stoichiometry_v1/out_s2/ova_c4_iptm80_19r_c1/seed-2_sample-0/ova_c4_iptm80_19r_c1_seed-2_sample-0_summary_confidences.json	experiments/e149_final20_stoichiometry_v1/out_s2/ova_c4_iptm80_19r_c1/seed-2_sample-0/ova_c4_iptm80_19r_c1_seed-2_sample-0_model.cif
ova_c4_iptm80_19r_c1	seed-2_sample-1	1	0.0	0.92	91.56500006957376	nan	nan	0.92	0.0	0	1	0	0	0	0	0	0.0	nan	nan	{}	[]	experiments/e149_final20_stoichiometry_v1/out_s2/ova_c4_iptm80_19r_c1/seed-2_sample-1/ova_c4_iptm80_19r_c1_seed-2_sample-1_summary_confidences.json	experiments/e149_final20_stoichiometry_v1/out_s2/ova_c4_iptm80_19r_c1/seed-2_sample-1/ova_c4_iptm80_19r_c1_seed-2_sample-1_model.cif
ova_c4_iptm80_19r_c1	seed-2_sample-2	1	0.0	0.92	90.94800536990783	nan	nan	0.92	0.0	0	1	0	0	0	0	0	0.0	nan	nan	{}	[]	experiments/e149_final20_stoichiometry_v1/out_s2/ova_c4_iptm80_19r_c1/seed-2_sample-2/ova_c4_iptm80_19r_c1_seed-2_sample-2_summary_confidences.json	experiments/e149_final20_stoichiometry_v1/out_s2/ova_c4_iptm80_19r_c1/seed-2_sample-2/ova_c4_iptm80_19r_c1_seed-2_sample-2_model.cif
ova_c4_iptm80_19r_c1	seed-2_sample-3	1	0.0	0.92	91.22380852575746	nan	nan	0.92	0.0	0	1	0	0	0	0	0	0.0	nan	nan	{}	[]	experiments/e149_final20_stoichiometry_v1/out_s2/ova_c4_iptm80_19r_c1/seed-2_sample-3/ova_c4_iptm80_19r_c1_seed-2_sample-3_summary_confidences.json	experiments/e149_final20_stoichiometry_v1/out_s2/ova_c4_iptm80_19r_c1/seed-2_sample-3/ova_c4_iptm80_19r_c1_seed-2_sample-3_model.cif
ova_c4_iptm80_19r_c1	seed-2_sample-4	1	0.0	0.92	91.15795328209437	nan	nan	0.92	0.0	0	1	0	0	0	0	0	0.0	nan	nan	{}	[]	experiments/e149_final20_stoichiometry_v1/out_s2/ova_c4_iptm80_19r_c1/seed-2_sample-4/ova_c4_iptm80_19r_c1_seed-2_sample-4_summary_confidences.json	experiments/e149_final20_stoichiometry_v1/out_s2/ova_c4_iptm80_19r_c1/seed-2_sample-4/ova_c4_iptm80_19r_c1_seed-2_sample-4_model.cif
ova_c4_iptm80_19r_c1	seed-3_sample-0	1	0.0	0.92	90.77686534150277	nan	nan	0.92	0.0	0	1	0	0	0	0	0	0.0	nan	nan	{}	[]	experiments/e149_final20_stoichiometry_v1/out_s2/ova_c4_iptm80_19r_c1/seed-3_sample-0/ova_c4_iptm80_19r_c1_seed-3_sample-0_summary_confidences.json	experiments/e149_final20_stoichiometry_v1/out_s2/ova_c4_iptm80_19r_c1/seed-3_sample-0/ova_c4_iptm80_19r_c1_seed-3_sample-0_model.cif
ova_c4_iptm80_19r_c1	seed-3_sample-1	1	0.0	0.92	90.7999480845397	nan	nan	0.92	0.0	0	1	0	0	0	0	0	0.0	nan	nan	{}	[]	experiments/e149_final20_stoichiometry_v1/out_s2/ova_c4_iptm80_19r_c1/seed-3_sample-1/ova_c4_iptm80_19r_c1_seed-3_sample-1_summary_confidences.json	experiments/e149_final20_stoichiometry_v1/out_s2/ova_c4_iptm80_19r_c1/seed-3_sample-1/ova_c4_iptm80_19r_c1_seed-3_sample-1_model.cif
ova_c4_iptm80_19r_c1	seed-3_sample-2	1	0.0	0.92	91.05212420132494	nan	nan	0.92	0.0	0	1	0	0	0	0	0	0.0	nan	nan	{}	[]	experiments/e149_final20_stoichiometry_v1/out_s2/ova_c4_iptm80_19r_c1/seed-3_sample-2/ova_c4_iptm80_19r_c1_seed-3_sample-2_summary_confidences.json	experiments/e149_final20_stoichiometry_v1/out_s2/ova_c4_iptm80_19r_c1/seed-3_sample-2/ova_c4_iptm80_19r_c1_seed-3_sample-2_model.cif
ova_c4_iptm80_19r_c1	seed-3_sample-3	1	0.0	0.92	90.81720224686855	nan	nan	0.92	0.0	0	1	0	0	0	0	0	0.0	nan	nan	{}	[]	experiments/e149_final20_stoichiometry_v1/out_s2/ova_c4_iptm80_19r_c1/seed-3_sample-3/ova_c4_iptm80_19r_c1_seed-3_sample-3_summary_confidences.json	experiments/e149_final20_stoichiometry_v1/out_s2/ova_c4_iptm80_19r_c1/seed-3_sample-3/ova_c4_iptm80_19r_c1_seed-3_sample-3_model.cif
ova_c4_iptm80_19r_c1	seed-3_sample-4	1	0.0	0.92	91.10300518688143	nan	nan	0.92	0.0	0	1	0	0	0	0	0	0.0	nan	nan	{}	[]	experiments/e149_final20_stoichiometry_v1/out_s2/ova_c4_iptm80_19r_c1/seed-3_sample-4/ova_c4_iptm80_19r_c1_seed-3_sample-4_summary_confidences.json	experiments/e149_final20_stoichiometry_v1/out_s2/ova_c4_iptm80_19r_c1/seed-3_sample-4/ova_c4_iptm80_19r_c1_seed-3_sample-4_model.cif
ova_c4_iptm80_19r_c2	seed-1_sample-0	2	0.28	0.6	88.42860120071649	nan	nan	0.34	0.0	1	2	1	0	102	102	0	0.28	0.28	17.27	"{""A-B"": 102}"	[64, 65, 68, 69, 72, 75, 76, 77, 79, 82, 83, 86, 90, 95, 96, 97, 186, 187, 216, 217, 236, 237, 238, 239, 271, 272, 275, 276, 277, 278, 340, 341, 343, 345, 346, 348, 349, 350, 351, 354, 355, 371, 372, 373, 374]	experiments/e149_final20_stoichiometry_v1/out_s2/ova_c4_iptm80_19r_c2/seed-1_sample-0/ova_c4_iptm80_19r_c2_seed-1_sample-0_summary_confidences.json	experiments/e149_final20_stoichiometry_v1/out_s2/ova_c4_iptm80_19r_c2/seed-1_sample-0/ova_c4_iptm80_19r_c2_seed-1_sample-0_model.cif
ova_c4_iptm80_19r_c2	seed-1_sample-1	2	0.29	0.61	88.64090663534373	nan	nan	0.36	0.0	1	2	1	0	68	68	0	0.29	0.29	15.89	"{""A-B"": 68}"	[68, 95, 96, 97, 186, 187, 216, 217, 234, 236, 237, 238, 239, 271, 272, 275, 276, 277, 278, 340, 341, 343, 346, 348, 349, 350, 351, 353, 354, 355, 372, 373, 374]	experiments/e149_final20_stoichiometry_v1/out_s2/ova_c4_iptm80_19r_c2/seed-1_sample-1/ova_c4_iptm80_19r_c2_seed-1_sample-1_summary_confidences.json	experiments/e149_final20_stoichiometry_v1/out_s2/ova_c4_iptm80_19r_c2/seed-1_sample-1/ova_c4_iptm80_19r_c2_seed-1_sample-1_model.cif
ova_c4_iptm80_19r_c2	seed-1_sample-2	2	0.19	0.56	88.46683944939332	nan	nan	0.27	0.0	1	2	1	0	65	65	0	0.19	0.19	20.62	"{""A-B"": 65}"	[86, 87, 90, 93, 95, 96, 97, 186, 187, 217, 219, 234, 236, 237, 238, 239, 270, 271, 272, 275, 276, 278, 340, 341, 342, 343, 344, 346, 371, 372, 373, 374]	experiments/e149_final20_stoichiometry_v1/out_s2/ova_c4_iptm80_19r_c2/seed-1_sample-2/ova_c4_iptm80_19r_c2_seed-1_sample-2_summary_confidences.json	experiments/e149_final20_stoichiometry_v1/out_s2/ova_c4_iptm80_19r_c2/seed-1_sample-2/ova_c4_iptm80_19r_c2_seed-1_sample-2_model.cif
ova_c4_iptm80_19r_c2	seed-1_sample-3	2	0.18	0.55	88.15383411071461	nan	nan	0.26	0.0	1	2	1	0	57	57	0	0.18	0.18	21.23	"{""A-B"": 57}"	[83, 86, 87, 89, 90, 93, 95, 96, 97, 217, 234, 237, 238, 239, 271, 272, 275, 276, 340, 341, 342, 343, 344, 345, 346, 371, 372, 373, 374]	experiments/e149_final20_stoichiometry_v1/out_s2/ova_c4_iptm80_19r_c2/seed-1_sample-3/ova_c4_iptm80_19r_c2_seed-1_sample-3_summary_confidences.json	experiments/e149_final20_stoichiometry_v1/out_s2/ova_c4_iptm80_19r_c2/seed-1_sample-3/ova_c4_iptm80_19r_c2_seed-1_sample-3_model.cif
ova_c4_iptm80_19r_c2	seed-1_sample-4	2	0.19	0.56	88.48163236114027	nan	nan	0.26	0.0	1	2	1	0	62	62	0	0.19	0.19	20.92	"{""A-B"": 62}"	[86, 87, 90, 93, 95, 96, 97, 186, 217, 219, 234, 236, 237, 238, 239, 271, 272, 275, 276, 278, 340, 341, 342, 343, 345, 346, 371, 372, 373, 374]	experiments/e149_final20_stoichiometry_v1/out_s2/ova_c4_iptm80_19r_c2/seed-1_sample-4/ova_c4_iptm80_19r_c2_seed-1_sample-4_summary_confidences.json	experiments/e149_final20_stoichiometry_v1/out_s2/ova_c4_iptm80_19r_c2/seed-1_sample-4/ova_c4_iptm80_19r_c2_seed-1_sample-4_model.cif
ova_c4_iptm80_19r_c2	seed-2_sample-0	2	0.26	0.59	88.39181346596831	nan	nan	0.33	0.0	1	2	1	0	86	86	0	0.26	0.26	18.36	"{""A-B"": 86}"	[86, 90, 95, 97, 186, 187, 188, 190, 216, 217, 219, 236, 237, 238, 239, 270, 271, 272, 276, 278, 340, 341, 342, 343, 344, 345, 346, 347, 348, 350, 371, 372, 373, 374]	experiments/e149_final20_stoichiometry_v1/out_s2/ova_c4_iptm80_19r_c2/seed-2_sample-0/ova_c4_iptm80_19r_c2_seed-2_sample-0_summary_confidences.json	experiments/e149_final20_stoichiometry_v1/out_s2/ova_c4_iptm80_19r_c2/seed-2_sample-0/ova_c4_iptm80_19r_c2_seed-2_sample-0_model.cif
ova_c4_iptm80_19r_c2	seed-2_sample-1	2	0.25	0.58	88.52500006324887	nan	nan	0.31	0.0	1	2	1	0	45	45	0	0.25	0.25	18.98	"{""A-B"": 45}"	[86, 90, 95, 97, 217, 237, 238, 239, 270, 271, 272, 276, 340, 341, 342, 343, 344, 345, 346, 371, 373, 374]	experiments/e149_final20_stoichiometry_v1/out_s2/ova_c4_iptm80_19r_c2/seed-2_sample-1/ova_c4_iptm80_19r_c2_seed-2_sample-1_summary_confidences.json	experiments/e149_final20_stoichiometry_v1/out_s2/ova_c4_iptm80_19r_c2/seed-2_sample-1/ova_c4_iptm80_19r_c2_seed-2_sample-1_model.cif
ova_c4_iptm80_19r_c2	seed-2_sample-2	2	0.27	0.59	88.17215029069179	nan	nan	0.33	0.0	1	2	1	0	65	65	0	0.27	0.27	18.81	"{""A-B"": 65}"	[86, 87, 90, 95, 96, 97, 217, 219, 234, 236, 237, 238, 239, 271, 272, 276, 278, 340, 341, 342, 343, 344, 345, 346, 371, 372, 373, 374]	experiments/e149_final20_stoichiometry_v1/out_s2/ova_c4_iptm80_19r_c2/seed-2_sample-2/ova_c4_iptm80_19r_c2_seed-2_sample-2_summary_confidences.json	experiments/e149_final20_stoichiometry_v1/out_s2/ova_c4_iptm80_19r_c2/seed-2_sample-2/ova_c4_iptm80_19r_c2_seed-2_sample-2_model.cif
ova_c4_iptm80_19r_c2	seed-2_sample-3	2	0.27	0.59	88.43541442792032	nan	nan	0.33	0.0	1	2	1	0	105	105	0	0.27	0.27	18.15	"{""A-B"": 105}"	[86, 90, 95, 96, 97, 187, 188, 189, 190, 214, 215, 216, 217, 219, 234, 236, 237, 238, 239, 270, 271, 272, 276, 278, 338, 339, 340, 341, 342, 343, 344, 345, 346, 347, 349, 350, 372, 373, 374]	experiments/e149_final20_stoichiometry_v1/out_s2/ova_c4_iptm80_19r_c2/seed-2_sample-3/ova_c4_iptm80_19r_c2_seed-2_sample-3_summary_confidences.json	experiments/e149_final20_stoichiometry_v1/out_s2/ova_c4_iptm80_19r_c2/seed-2_sample-3/ova_c4_iptm80_19r_c2_seed-2_sample-3_model.cif
ova_c4_iptm80_19r_c2	seed-2_sample-4	2	0.25	0.58	88.21862683271497	nan	nan	0.32	0.0	1	2	1	0	72	72	0	0.25	0.25	19.55	"{""A-B"": 72}"	[86, 87, 90, 93, 95, 96, 97, 187, 217, 219, 234, 236, 237, 238, 239, 270, 271, 272, 275, 276, 278, 339, 340, 341, 342, 343, 344, 345, 346, 347, 371, 372, 373, 374]	experiments/e149_final20_stoichiometry_v1/out_s2/ova_c4_iptm80_19r_c2/seed-2_sample-4/ova_c4_iptm80_19r_c2_seed-2_sample-4_summary_confidences.json	experiments/e149_final20_stoichiometry_v1/out_s2/ova_c4_iptm80_19r_c2/seed-2_sample-4/ova_c4_iptm80_19r_c2_seed-2_sample-4_model.cif
ova_c4_iptm80_19r_c2	seed-3_sample-0	2	0.34	0.63	88.23601032909335	nan	nan	0.4	0.0	1	2	1	0	85	85	0	0.34	0.34	13.19	"{""A-B"": 85}"	[86, 87, 89, 90, 93, 95, 96, 97, 186, 187, 188, 217, 219, 234, 236, 237, 238, 239, 271, 272, 275, 276, 278, 339, 340, 341, 342, 343, 344, 345, 346, 347, 371, 372, 373, 374]	experiments/e149_final20_stoichiometry_v1/out_s2/ova_c4_iptm80_19r_c2/seed-3_sample-0/ova_c4_iptm80_19r_c2_seed-3_sample-0_summary_confidences.json	experiments/e149_final20_stoichiometry_v1/out_s2/ova_c4_iptm80_19r_c2/seed-3_sample-0/ova_c4_iptm80_19r_c2_seed-3_sample-0_model.cif
ova_c4_iptm80_19r_c2	seed-3_sample-1	2	0.35	0.63	88.43442986048565	nan	nan	0.41	0.0	1	2	1	0	64	64	0	0.35	0.35	12.55	"{""A-B"": 64}"	[86, 87, 90, 93, 95, 96, 97, 186, 187, 217, 219, 234, 236, 237, 238, 239, 270, 271, 272, 275, 276, 278, 340, 341, 342, 343, 344, 346, 371, 372, 373, 374]	experiments/e149_final20_stoichiometry_v1/out_s2/ova_c4_iptm80_19r_c2/seed-3_sample-1/ova_c4_iptm80_19r_c2_seed-3_sample-1_summary_confidences.json	experiments/e149_final20_stoichiometry_v1/out_s2/ova_c4_iptm80_19r_c2/seed-3_sample-1/ova_c4_iptm80_19r_c2_seed-3_sample-1_model.cif
ova_c4_iptm80_19r_c2	seed-3_sample-2	2	0.39	0.65	88.27699487814631	nan	nan	0.44	0.0	1	2	1	0	65	65	0	0.39	0.39	11.02	"{""A-B"": 65}"	[81, 86, 87, 89, 90, 93, 95, 96, 97, 217, 234, 237, 238, 239, 271, 272, 275, 276, 278, 340, 341, 342, 343, 344, 345, 346, 371, 372, 373, 374]	experiments/e149_final20_stoichiometry_v1/out_s2/ova_c4_iptm80_19r_c2/seed-3_sample-2/ova_c4_iptm80_19r_c2_seed-3_sample-2_summary_confidences.json	experiments/e149_final20_stoichiometry_v1/out_s2/ova_c4_iptm80_19r_c2/seed-3_sample-2/ova_c4_iptm80_19r_c2_seed-3_sample-2_model.cif
ova_c4_iptm80_19r_c2	seed-3_sample-3	2	0.33	0.62	88.1598962823344	nan	nan	0.39	0.0	1	2	1	0	86	86	0	0.33	0.33	13.49	"{""A-B"": 86}"	[86, 89, 90, 95, 96, 97, 186, 187, 188, 190, 216, 217, 219, 234, 236, 237, 238, 239, 271, 272, 275, 276, 278, 340, 341, 342, 343, 344, 345, 346, 347, 348, 349, 350, 371, 372, 373, 374]	experiments/e149_final20_stoichiometry_v1/out_s2/ova_c4_iptm80_19r_c2/seed-3_sample-3/ova_c4_iptm80_19r_c2_seed-3_sample-3_summary_confidences.json	experiments/e149_final20_stoichiometry_v1/out_s2/ova_c4_iptm80_19r_c2/seed-3_sample-3/ova_c4_iptm80_19r_c2_seed-3_sample-3_model.cif
ova_c4_iptm80_19r_c2	seed-3_sample-4	2	0.33	0.62	88.16499996679434	nan	nan	0.39	0.0	1	2	1	0	65	65	0	0.33	0.33	13.37	"{""A-B"": 65}"	[86, 90, 95, 96, 97, 187, 217, 219, 236, 237, 238, 239, 270, 271, 272, 276, 278, 340, 341, 342, 343, 344, 345, 346, 347, 371, 372, 373, 374]	experiments/e149_final20_stoichiometry_v1/out_s2/ova_c4_iptm80_19r_c2/seed-3_sample-4/ova_c4_iptm80_19r_c2_seed-3_sample-4_summary_confidences.json	experiments/e149_final20_stoichiometry_v1/out_s2/ova_c4_iptm80_19r_c2/seed-3_sample-4/ova_c4_iptm80_19r_c2_seed-3_sample-4_model.cif
ova_c4_iptm80_19r_c3	seed-1_sample-0	3	0.15	0.41	86.73124349920244	nan	nan	0.21	0.0	3	3	1	0	139	139	0	0.12	0.12	24.21	"{""A-B"": 43, ""A-C"": 49, ""B-C"": 47}"	[64, 65, 79, 82, 83, 86, 87, 90, 93, 94, 95, 96, 97, 217, 221, 222, 224, 225, 236, 237, 238, 239, 271, 272, 273, 274, 275, 276, 277, 278, 340, 342, 343, 344, 346, 349, 350, 353, 354, 355, 356, 357, 372, 373, 375]	experiments/e149_final20_stoichiometry_v1/out_s5/ova_c4_iptm80_19r_c3/seed-1_sample-0/ova_c4_iptm80_19r_c3_seed-1_sample-0_summary_confidences.json	experiments/e149_final20_stoichiometry_v1/out_s5/ova_c4_iptm80_19r_c3/seed-1_sample-0/ova_c4_iptm80_19r_c3_seed-1_sample-0_model.cif
ova_c4_iptm80_19r_c3	seed-1_sample-1	3	0.17	0.43	86.19691721268886	nan	nan	0.22	0.0	3	3	1	0	122	122	0	0.12	0.12	26.58	"{""A-B"": 42, ""A-C"": 20, ""B-C"": 60}"	[1, 64, 65, 67, 68, 70, 71, 72, 73, 82, 86, 92, 93, 94, 95, 96, 97, 99, 101, 124, 127, 152, 153, 155, 156, 182, 184, 185, 188, 189, 191, 192, 210, 216, 217, 219, 236, 237, 238, 271, 275, 276, 277, 278, 279, 285, 287, 334, 336, 337, 338, 339, 340, 341, 342, 343, 347, 348, 349, 350, 351, 354, 357, 373]	experiments/e149_final20_stoichiometry_v1/out_s5/ova_c4_iptm80_19r_c3/seed-1_sample-1/ova_c4_iptm80_19r_c3_seed-1_sample-1_summary_confidences.json	experiments/e149_final20_stoichiometry_v1/out_s5/ova_c4_iptm80_19r_c3/seed-1_sample-1/ova_c4_iptm80_19r_c3_seed-1_sample-1_model.cif
ova_c4_iptm80_19r_c3	seed-1_sample-2	3	0.15	0.41	85.5733679143876	nan	nan	0.21	0.0	3	3	1	0	202	202	0	0.12	0.12	26.41	"{""A-B"": 76, ""A-C"": 43, ""B-C"": 83}"	[1, 64, 65, 74, 75, 76, 77, 79, 82, 83, 86, 87, 89, 90, 91, 92, 93, 94, 95, 96, 97, 98, 99, 100, 101, 120, 123, 124, 127, 128, 129, 131, 145, 148, 149, 152, 153, 155, 182, 183, 184, 186, 191, 192, 216, 217, 234, 235, 236, 237, 238, 239, 240, 271, 276, 278, 334, 336, 337, 338, 339, 340, 341, 342, 344, 345, 346, 347, 372, 373, 374]	experiments/e149_final20_stoichiometry_v1/out_s5/ova_c4_iptm80_19r_c3/seed-1_sample-2/ova_c4_iptm80_19r_c3_seed-1_sample-2_summary_confidences.json	experiments/e149_final20_stoichiometry_v1/out_s5/ova_c4_iptm80_19r_c3/seed-1_sample-2/ova_c4_iptm80_19r_c3_seed-1_sample-2_model.cif
ova_c4_iptm80_19r_c3	seed-1_sample-3	3	0.15	0.41	86.52165809196512	nan	nan	0.2	0.0	3	3	1	0	95	95	0	0.12	0.12	24.87	"{""A-B"": 33, ""A-C"": 29, ""B-C"": 33}"	[95, 96, 97, 186, 187, 188, 190, 191, 192, 193, 217, 218, 219, 234, 237, 238, 241, 271, 275, 276, 277, 337, 338, 339, 340, 341, 342, 343, 344, 345, 347, 348, 349, 372, 373]	experiments/e149_final20_stoichiometry_v1/out_s5/ova_c4_iptm80_19r_c3/seed-1_sample-3/ova_c4_iptm80_19r_c3_seed-1_sample-3_summary_confidences.json	experiments/e149_final20_stoichiometry_v1/out_s5/ova_c4_iptm80_19r_c3/seed-1_sample-3/ova_c4_iptm80_19r_c3_seed-1_sample-3_model.cif
ova_c4_iptm80_19r_c3	seed-1_sample-4	3	0.15	0.41	86.00621783795134	nan	nan	0.2	0.0	3	3	1	0	95	95	0	0.12	0.12	26.56	"{""A-B"": 20, ""A-C"": 23, ""B-C"": 52}"	[1, 2, 3, 64, 65, 68, 70, 78, 79, 82, 83, 89, 90, 93, 94, 95, 96, 97, 99, 101, 124, 155, 184, 191, 217, 219, 236, 237, 238, 239, 271, 275, 276, 278, 340, 341, 343, 345, 346, 348, 349, 354, 372, 373, 374]	experiments/e149_final20_stoichiometry_v1/out_s5/ova_c4_iptm80_19r_c3/seed-1_sample-4/ova_c4_iptm80_19r_c3_seed-1_sample-4_summary_confidences.json	experiments/e149_final20_stoichiometry_v1/out_s5/ova_c4_iptm80_19r_c3/seed-1_sample-4/ova_c4_iptm80_19r_c3_seed-1_sample-4_model.cif
ova_c4_iptm80_19r_c3	seed-2_sample-0	3	0.16	0.42	86.26103642320386	nan	nan	0.21	0.0	3	3	1	0	130	130	0	0.12	0.12	23.82	"{""A-B"": 40, ""A-C"": 47, ""B-C"": 43}"	[1, 3, 4, 5, 6, 64, 65, 67, 69, 72, 75, 76, 78, 79, 93, 94, 95, 96, 97, 120, 123, 124, 127, 184, 217, 237, 269, 270, 271, 272, 275, 276, 278, 338, 339, 340, 341, 342, 344, 345, 346, 372, 373, 374, 375]	experiments/e149_final20_stoichiometry_v1/out_s5/ova_c4_iptm80_19r_c3/seed-2_sample-0/ova_c4_iptm80_19r_c3_seed-2_sample-0_summary_confidences.json	experiments/e149_final20_stoichiometry_v1/out_s5/ova_c4_iptm80_19r_c3/seed-2_sample-0/ova_c4_iptm80_19r_c3_seed-2_sample-0_model.cif
ova_c4_iptm80_19r_c3	seed-2_sample-1	3	0.16	0.42	86.0441452085663	nan	nan	0.21	0.0	3	3	1	0	203	203	0	0.13	0.13	26.52	"{""A-B"": 66, ""A-C"": 70, ""B-C"": 67}"	[94, 95, 96, 110, 111, 113, 114, 119, 120, 123, 124, 127, 128, 132, 133, 134, 138, 141, 142, 144, 145, 147, 148, 149, 151, 152, 153, 156, 186, 187, 216, 217, 219, 236, 238, 239, 271, 272, 274, 275, 276, 277, 278, 339, 340, 341, 343, 344, 345, 346, 349, 350, 372, 373, 374]	experiments/e149_final20_stoichiometry_v1/out_s5/ova_c4_iptm80_19r_c3/seed-2_sample-1/ova_c4_iptm80_19r_c3_seed-2_sample-1_summary_confidences.json	experiments/e149_final20_stoichiometry_v1/out_s5/ova_c4_iptm80_19r_c3/seed-2_sample-1/ova_c4_iptm80_19r_c3_seed-2_sample-1_model.cif
ova_c4_iptm80_19r_c3	seed-2_sample-2	3	0.16	0.42	86.42562165532087	nan	nan	0.22	0.0	3	3	1	0	109	109	0	0.13	0.13	22.86	"{""A-B"": 34, ""A-C"": 34, ""B-C"": 41}"	[1, 2, 3, 4, 5, 6, 64, 65, 68, 75, 76, 79, 83, 93, 94, 95, 96, 97, 101, 123, 124, 127, 184, 188, 217, 236, 237, 270, 271, 272, 275, 276, 277, 338, 339, 340, 341, 342, 345, 346, 373, 374, 375]	experiments/e149_final20_stoichiometry_v1/out_s5/ova_c4_iptm80_19r_c3/seed-2_sample-2/ova_c4_iptm80_19r_c3_seed-2_sample-2_summary_confidences.json	experiments/e149_final20_stoichiometry_v1/out_s5/ova_c4_iptm80_19r_c3/seed-2_sample-2/ova_c4_iptm80_19r_c3_seed-2_sample-2_model.cif
ova_c4_iptm80_19r_c3	seed-2_sample-3	3	0.15	0.41	86.10489633293349	nan	nan	0.2	0.0	3	3	1	0	121	121	0	0.12	0.12	27.51	"{""A-B"": 32, ""A-C"": 63, ""B-C"": 26}"	[66, 68, 69, 70, 72, 73, 82, 86, 89, 90, 93, 94, 95, 96, 97, 99, 124, 131, 141, 144, 145, 147, 148, 149, 151, 152, 155, 156, 159, 160, 182, 184, 188, 190, 191, 192, 237, 239, 271, 336, 337, 338, 339, 340, 341, 342, 343, 344, 345, 372, 373, 374, 375]	experiments/e149_final20_stoichiometry_v1/out_s5/ova_c4_iptm80_19r_c3/seed-2_sample-3/ova_c4_iptm80_19r_c3_seed-2_sample-3_summary_confidences.json	experiments/e149_final20_stoichiometry_v1/out_s5/ova_c4_iptm80_19r_c3/seed-2_sample-3/ova_c4_iptm80_19r_c3_seed-2_sample-3_model.cif
ova_c4_iptm80_19r_c3	seed-2_sample-4	3	0.15	0.41	85.65406723714246	nan	nan	0.2	0.0	3	3	1	0	173	173	0	0.12	0.12	26.65	"{""A-B"": 57, ""A-C"": 55, ""B-C"": 61}"	[3, 4, 5, 76, 77, 79, 83, 86, 87, 94, 95, 96, 110, 113, 114, 116, 119, 120, 123, 124, 127, 128, 131, 132, 133, 134, 138, 141, 142, 144, 145, 148, 149, 151, 152, 153, 155, 156, 186, 187, 216, 217, 219, 236, 238, 270, 271, 272, 275, 276, 277, 278, 340, 341, 343, 344, 345, 346, 349, 350, 372, 373, 374]	experiments/e149_final20_stoichiometry_v1/out_s5/ova_c4_iptm80_19r_c3/seed-2_sample-4/ova_c4_iptm80_19r_c3_seed-2_sample-4_summary_confidences.json	experiments/e149_final20_stoichiometry_v1/out_s5/ova_c4_iptm80_19r_c3/seed-2_sample-4/ova_c4_iptm80_19r_c3_seed-2_sample-4_model.cif
ova_c4_iptm80_19r_c3	seed-3_sample-0	3	0.2	0.45	86.62989659877638	nan	nan	0.25	0.0	3	3	1	0	138	138	0	0.16	0.16	23.18	"{""A-B"": 35, ""A-C"": 72, ""B-C"": 31}"	[86, 87, 89, 90, 93, 94, 95, 96, 97, 98, 99, 182, 183, 184, 187, 188, 190, 191, 192, 216, 217, 234, 236, 237, 238, 239, 271, 272, 275, 276, 278, 334, 336, 337, 338, 339, 340, 341, 342, 343, 344, 345, 346, 347, 348, 349, 350, 351, 354, 372, 373, 374]	experiments/e149_final20_stoichiometry_v1/out_s5/ova_c4_iptm80_19r_c3/seed-3_sample-0/ova_c4_iptm80_19r_c3_seed-3_sample-0_summary_confidences.json	experiments/e149_final20_stoichiometry_v1/out_s5/ova_c4_iptm80_19r_c3/seed-3_sample-0/ova_c4_iptm80_19r_c3_seed-3_sample-0_model.cif
ova_c4_iptm80_19r_c3	seed-3_sample-1	3	0.16	0.42	86.11624328336568	nan	nan	0.21	0.0	3	3	1	0	124	124	0	0.13	0.13	26.15	"{""A-B"": 42, ""A-C"": 38, ""B-C"": 44}"	[2, 73, 94, 95, 96, 110, 116, 119, 120, 123, 124, 127, 131, 132, 133, 134, 138, 141, 144, 145, 148, 149, 151, 152, 153, 217, 238, 271, 272, 275, 276, 277, 278, 340, 341, 342, 343, 344, 345, 346, 349, 350, 351, 354, 372, 373]	experiments/e149_final20_stoichiometry_v1/out_s5/ova_c4_iptm80_19r_c3/seed-3_sample-1/ova_c4_iptm80_19r_c3_seed-3_sample-1_summary_confidences.json	experiments/e149_final20_stoichiometry_v1/out_s5/ova_c4_iptm80_19r_c3/seed-3_sample-1/ova_c4_iptm80_19r_c3_seed-3_sample-1_model.cif
ova_c4_iptm80_19r_c3	seed-3_sample-2	3	0.16	0.42	86.13683949109804	nan	nan	0.21	0.0	3	3	1	0	207	207	0	0.13	0.13	26.45	"{""A-B"": 71, ""A-C"": 67, ""B-C"": 69}"	[1, 3, 4, 64, 65, 75, 76, 77, 78, 79, 81, 83, 86, 93, 94, 95, 96, 110, 111, 113, 114, 120, 123, 124, 127, 129, 132, 133, 134, 138, 141, 142, 144, 145, 148, 149, 151, 152, 153, 155, 156, 186, 187, 217, 236, 238, 239, 271, 272, 274, 275, 276, 277, 278, 340, 341, 343, 346, 372, 373, 374]	experiments/e149_final20_stoichiometry_v1/out_s5/ova_c4_iptm80_19r_c3/seed-3_sample-2/ova_c4_iptm80_19r_c3_seed-3_sample-2_summary_confidences.json	experiments/e149_final20_stoichiometry_v1/out_s5/ova_c4_iptm80_19r_c3/seed-3_sample-2/ova_c4_iptm80_19r_c3_seed-3_sample-2_model.cif
ova_c4_iptm80_19r_c3	seed-3_sample-3	3	0.17	0.42	86.23427446395004	nan	nan	0.22	0.0	3	3	1	0	136	136	0	0.13	0.13	23.61	"{""A-B"": 44, ""A-C"": 48, ""B-C"": 44}"	[2, 3, 4, 5, 64, 76, 77, 79, 80, 81, 83, 86, 89, 93, 94, 95, 96, 97, 123, 124, 127, 184, 188, 217, 236, 237, 271, 272, 275, 276, 278, 338, 339, 340, 341, 342, 343, 344, 345, 346, 372, 373, 374, 375]	experiments/e149_final20_stoichiometry_v1/out_s5/ova_c4_iptm80_19r_c3/seed-3_sample-3/ova_c4_iptm80_19r_c3_seed-3_sample-3_summary_confidences.json	experiments/e149_final20_stoichiometry_v1/out_s5/ova_c4_iptm80_19r_c3/seed-3_sample-3/ova_c4_iptm80_19r_c3_seed-3_sample-3_model.cif
ova_c4_iptm80_19r_c3	seed-3_sample-4	3	0.15	0.41	86.74077709968843	nan	nan	0.21	0.0	3	3	1	0	84	84	0	0.12	0.12	22.76	"{""A-B"": 28, ""A-C"": 26, ""B-C"": 30}"	[186, 187, 190, 191, 192, 216, 217, 234, 236, 238, 239, 275, 276, 340, 341, 342, 344, 345, 346, 347, 348, 349, 351, 372, 373]	experiments/e149_final20_stoichiometry_v1/out_s5/ova_c4_iptm80_19r_c3/seed-3_sample-4/ova_c4_iptm80_19r_c3_seed-3_sample-4_summary_confidences.json	experiments/e149_final20_stoichiometry_v1/out_s5/ova_c4_iptm80_19r_c3/seed-3_sample-4/ova_c4_iptm80_19r_c3_seed-3_sample-4_model.cif
ova_c4_iptm80_19r_c5	seed-1_sample-0	5	0.43	0.54	86.66945587909284	nan	nan	0.45	0.0	8	5	1	0	224	224	0	0.11	0.375	14.059999999999999	"{""A-B"": 8, ""A-C"": 50, ""A-D"": 27, ""A-E"": 0, ""B-C"": 30, ""B-D"": 52, ""B-E"": 15, ""C-D"": 8, ""C-E"": 0, ""D-E"": 34}"	[23, 24, 25, 26, 86, 90, 94, 95, 96, 97, 98, 99, 141, 144, 145, 147, 148, 151, 156, 159, 160, 164, 182, 184, 190, 191, 192, 193, 195, 196, 201, 202, 204, 205, 206, 207, 208, 216, 217, 236, 271, 272, 276, 277, 278, 286, 287, 338, 339, 340, 342, 343, 344, 345, 346, 347, 348, 349, 350, 351, 354, 373, 374, 385, 386]	experiments/e149_final20_stoichiometry_v1/out_s0/ova_c4_iptm80_19r_c5/seed-1_sample-0/ova_c4_iptm80_19r_c5_seed-1_sample-0_summary_confidences.json	experiments/e149_final20_stoichiometry_v1/out_s0/ova_c4_iptm80_19r_c5/seed-1_sample-0/ova_c4_iptm80_19r_c5_seed-1_sample-0_model.cif
ova_c4_iptm80_19r_c5	seed-1_sample-1	5	0.36	0.48	86.24357508130642	nan	nan	0.39	0.0	6	5	1	0	163	163	0	0.25	0.28	15.9	"{""A-B"": 10, ""A-C"": 48, ""A-D"": 1, ""A-E"": 2, ""B-C"": 5, ""B-D"": 49, ""B-E"": 0, ""C-D"": 0, ""C-E"": 14, ""D-E"": 34}"	[1, 64, 82, 83, 86, 87, 90, 94, 95, 96, 97, 98, 99, 152, 155, 156, 182, 183, 184, 186, 187, 190, 191, 192, 193, 194, 195, 196, 197, 208, 210, 216, 217, 219, 232, 234, 238, 241, 266, 270, 271, 272, 274, 276, 278, 337, 338, 340, 341, 342, 343, 344, 345, 346, 347, 348, 349, 350, 351, 354, 372, 373, 374]	experiments/e149_final20_stoichiometry_v1/out_s0/ova_c4_iptm80_19r_c5/seed-1_sample-1/ova_c4_iptm80_19r_c5_seed-1_sample-1_summary_confidences.json	experiments/e149_final20_stoichiometry_v1/out_s0/ova_c4_iptm80_19r_c5/seed-1_sample-1/ova_c4_iptm80_19r_c5_seed-1_sample-1_model.cif
ova_c4_iptm80_19r_c5	seed-1_sample-2	5	0.42	0.52	86.90292758645171	nan	nan	0.44	0.0	8	5	1	0	227	227	0	0.11	0.375	14.65	"{""A-B"": 10, ""A-C"": 58, ""A-D"": 24, ""A-E"": 31, ""B-C"": 29, ""B-D"": 58, ""B-E"": 0, ""C-D"": 8, ""C-E"": 5, ""D-E"": 4}"	[83, 86, 87, 90, 93, 94, 95, 96, 97, 98, 99, 182, 184, 186, 187, 190, 191, 192, 193, 215, 216, 217, 236, 237, 248, 271, 272, 276, 277, 278, 280, 337, 338, 339, 340, 341, 342, 343, 344, 345, 346, 347, 348, 349, 350, 351, 352, 353, 354, 355, 356, 358, 373, 374]	experiments/e149_final20_stoichiometry_v1/out_s0/ova_c4_iptm80_19r_c5/seed-1_sample-2/ova_c4_iptm80_19r_c5_seed-1_sample-2_summary_confidences.json	experiments/e149_final20_stoichiometry_v1/out_s0/ova_c4_iptm80_19r_c5/seed-1_sample-2/ova_c4_iptm80_19r_c5_seed-1_sample-2_model.cif
ova_c4_iptm80_19r_c5	seed-1_sample-3	5	0.27	0.4	86.63515520837022	nan	nan	0.3	0.0	5	5	1	0	156	156	0	0.15	0.15	18.76	"{""A-B"": 0, ""A-C"": 47, ""A-D"": 15, ""A-E"": 0, ""B-C"": 0, ""B-D"": 52, ""B-E"": 23, ""C-D"": 0, ""C-E"": 19, ""D-E"": 0}"	[94, 95, 96, 97, 98, 99, 155, 156, 182, 183, 184, 190, 191, 192, 194, 195, 196, 208, 216, 217, 275, 276, 277, 278, 334, 337, 338, 340, 342, 343, 344, 345, 346, 347, 348, 349, 350, 353, 354, 355, 356]	experiments/e149_final20_stoichiometry_v1/out_s0/ova_c4_iptm80_19r_c5/seed-1_sample-3/ova_c4_iptm80_19r_c5_seed-1_sample-3_summary_confidences.json	experiments/e149_final20_stoichiometry_v1/out_s0/ova_c4_iptm80_19r_c5/seed-1_sample-3/ova_c4_iptm80_19r_c5_seed-1_sample-3_model.cif
ova_c4_iptm80_19r_c5	seed-1_sample-4	5	0.42	0.52	86.60624352885034	nan	nan	0.44	0.0	8	5	1	0	229	229	0	0.11	0.38	14.215	"{""A-B"": 12, ""A-C"": 63, ""A-D"": 25, ""A-E"": 14, ""B-C"": 27, ""B-D"": 63, ""B-E"": 0, ""C-D"": 12, ""C-E"": 0, ""D-E"": 13}"	[1, 86, 90, 94, 95, 96, 97, 98, 99, 182, 184, 190, 191, 192, 193, 215, 216, 217, 236, 237, 270, 271, 272, 276, 277, 278, 337, 338, 339, 340, 341, 342, 343, 344, 345, 346, 347, 348, 349, 350, 352, 353, 354, 355, 356, 357, 373, 374]	experiments/e149_final20_stoichiometry_v1/out_s0/ova_c4_iptm80_19r_c5/seed-1_sample-4/ova_c4_iptm80_19r_c5_seed-1_sample-4_summary_confidences.json	experiments/e149_final20_stoichiometry_v1/out_s0/ova_c4_iptm80_19r_c5/seed-1_sample-4/ova_c4_iptm80_19r_c5_seed-1_sample-4_model.cif
ova_c4_iptm80_19r_c5	seed-2_sample-0	5	0.34	0.46	86.1092745924243	nan	nan	0.37	0.0	5	5	1	0	152	152	0	0.25	0.27	16.26	"{""A-B"": 10, ""A-C"": 49, ""A-D"": 2, ""A-E"": 0, ""B-C"": 0, ""B-D"": 0, ""B-E"": 25, ""C-D"": 8, ""C-E"": 0, ""D-E"": 58}"	[82, 83, 86, 90, 94, 95, 96, 97, 98, 99, 152, 155, 156, 182, 183, 184, 190, 191, 192, 193, 194, 195, 196, 208, 210, 216, 217, 219, 232, 234, 270, 271, 272, 275, 276, 278, 337, 338, 339, 340, 342, 343, 344, 345, 346, 347, 348, 349, 351, 373, 374]	experiments/e149_final20_stoichiometry_v1/out_s0/ova_c4_iptm80_19r_c5/seed-2_sample-0/ova_c4_iptm80_19r_c5_seed-2_sample-0_summary_confidences.json	experiments/e149_final20_stoichiometry_v1/out_s0/ova_c4_iptm80_19r_c5/seed-2_sample-0/ova_c4_iptm80_19r_c5_seed-2_sample-0_model.cif
ova_c4_iptm80_19r_c5	seed-2_sample-1	5	0.28	0.41	86.4554144706133	nan	nan	0.31	0.0	5	5	1	0	176	176	0	0.14	0.16	17.58	"{""A-B"": 0, ""A-C"": 60, ""A-D"": 0, ""A-E"": 20, ""B-C"": 18, ""B-D"": 56, ""B-E"": 0, ""C-D"": 0, ""C-E"": 0, ""D-E"": 22}"	[94, 95, 96, 97, 98, 99, 155, 156, 182, 183, 184, 188, 190, 191, 192, 193, 195, 196, 216, 217, 276, 277, 278, 337, 338, 339, 340, 342, 343, 344, 345, 346, 347, 348, 349, 350, 351, 353, 354, 355, 356, 357]	experiments/e149_final20_stoichiometry_v1/out_s0/ova_c4_iptm80_19r_c5/seed-2_sample-1/ova_c4_iptm80_19r_c5_seed-2_sample-1_summary_confidences.json	experiments/e149_final20_stoichiometry_v1/out_s0/ova_c4_iptm80_19r_c5/seed-2_sample-1/ova_c4_iptm80_19r_c5_seed-2_sample-1_model.cif
ova_c4_iptm80_19r_c5	seed-2_sample-2	5	0.3	0.43	85.86637302260324	nan	nan	0.33	0.0	5	5	1	0	163	163	0	0.17	0.18	18.23	"{""A-B"": 0, ""A-C"": 52, ""A-D"": 22, ""A-E"": 0, ""B-C"": 24, ""B-D"": 0, ""B-E"": 22, ""C-D"": 2, ""C-E"": 0, ""D-E"": 41}"	[94, 95, 96, 97, 98, 99, 155, 156, 157, 182, 183, 184, 188, 190, 191, 192, 195, 196, 217, 275, 276, 277, 278, 336, 337, 338, 339, 340, 342, 343, 344, 345, 346, 347, 348, 349, 350, 353, 354, 355, 356, 357]	experiments/e149_final20_stoichiometry_v1/out_s0/ova_c4_iptm80_19r_c5/seed-2_sample-2/ova_c4_iptm80_19r_c5_seed-2_sample-2_summary_confidences.json	experiments/e149_final20_stoichiometry_v1/out_s0/ova_c4_iptm80_19r_c5/seed-2_sample-2/ova_c4_iptm80_19r_c5_seed-2_sample-2_model.cif
ova_c4_iptm80_19r_c5	seed-2_sample-3	5	0.41	0.52	86.5357255095645	nan	nan	0.43	0.0	8	5	1	0	266	266	0	0.11	0.355	14.2	"{""A-B"": 8, ""A-C"": 58, ""A-D"": 38, ""A-E"": 0, ""B-C"": 35, ""B-D"": 54, ""B-E"": 37, ""C-D"": 9, ""C-E"": 24, ""D-E"": 3}"	[86, 90, 93, 94, 95, 96, 97, 98, 99, 182, 184, 186, 187, 190, 191, 192, 193, 198, 203, 214, 215, 216, 217, 234, 236, 271, 272, 276, 277, 278, 337, 338, 339, 340, 341, 342, 343, 344, 345, 346, 347, 348, 349, 350, 351, 352, 353, 354, 355, 356, 357, 373, 374]	experiments/e149_final20_stoichiometry_v1/out_s0/ova_c4_iptm80_19r_c5/seed-2_sample-3/ova_c4_iptm80_19r_c5_seed-2_sample-3_summary_confidences.json	experiments/e149_final20_stoichiometry_v1/out_s0/ova_c4_iptm80_19r_c5/seed-2_sample-3/ova_c4_iptm80_19r_c5_seed-2_sample-3_model.cif
ova_c4_iptm80_19r_c5	seed-2_sample-4	5	0.3	0.43	85.38709832226057	nan	nan	0.33	0.0	6	5	1	0	182	182	0	0.2	0.19	19.345	"{""A-B"": 0, ""A-C"": 39, ""A-D"": 21, ""A-E"": 3, ""B-C"": 4, ""B-D"": 35, ""B-E"": 37, ""C-D"": 0, ""C-E"": 14, ""D-E"": 29}"	[93, 94, 95, 96, 97, 98, 99, 101, 152, 153, 155, 156, 182, 183, 184, 190, 191, 192, 193, 194, 195, 196, 208, 213, 216, 217, 237, 276, 277, 278, 338, 340, 342, 343, 344, 345, 346, 347, 348, 349, 350, 351, 352, 353, 354]	experiments/e149_final20_stoichiometry_v1/out_s0/ova_c4_iptm80_19r_c5/seed-2_sample-4/ova_c4_iptm80_19r_c5_seed-2_sample-4_summary_confidences.json	experiments/e149_final20_stoichiometry_v1/out_s0/ova_c4_iptm80_19r_c5/seed-2_sample-4/ova_c4_iptm80_19r_c5_seed-2_sample-4_model.cif
ova_c4_iptm80_19r_c5	seed-3_sample-0	5	0.43	0.53	86.94487051889686	nan	nan	0.45	0.0	8	5	1	0	210	210	0	0.12	0.365	14.165	"{""A-B"": 7, ""A-C"": 43, ""A-D"": 45, ""A-E"": 0, ""B-C"": 37, ""B-D"": 39, ""B-E"": 21, ""C-D"": 7, ""C-E"": 11, ""D-E"": 0}"	[86, 90, 94, 95, 96, 97, 98, 99, 182, 184, 188, 190, 191, 192, 193, 215, 216, 217, 236, 248, 249, 271, 272, 276, 277, 278, 337, 338, 339, 340, 341, 342, 343, 344, 345, 346, 347, 348, 349, 350, 351, 353, 354, 355, 356, 357, 358, 360, 373, 374]	experiments/e149_final20_stoichiometry_v1/out_s0/ova_c4_iptm80_19r_c5/seed-3_sample-0/ova_c4_iptm80_19r_c5_seed-3_sample-0_summary_confidences.json	experiments/e149_final20_stoichiometry_v1/out_s0/ova_c4_iptm80_19r_c5/seed-3_sample-0/ova_c4_iptm80_19r_c5_seed-3_sample-0_model.cif
ova_c4_iptm80_19r_c5	seed-3_sample-1	5	0.3	0.43	85.46940429964214	nan	nan	0.33	0.0	5	5	1	0	144	144	0	0.13	0.19	17.89	"{""A-B"": 2, ""A-C"": 36, ""A-D"": 23, ""A-E"": 1, ""B-C"": 0, ""B-D"": 33, ""B-E"": 14, ""C-D"": 0, ""C-E"": 35, ""D-E"": 0}"	[94, 95, 96, 97, 98, 99, 155, 156, 182, 183, 184, 188, 189, 190, 191, 192, 195, 196, 216, 217, 236, 275, 276, 277, 278, 334, 336, 337, 338, 339, 340, 342, 343, 344, 345, 346, 347, 348, 349, 350, 351, 353, 354, 356]	experiments/e149_final20_stoichiometry_v1/out_s0/ova_c4_iptm80_19r_c5/seed-3_sample-1/ova_c4_iptm80_19r_c5_seed-3_sample-1_summary_confidences.json	experiments/e149_final20_stoichiometry_v1/out_s0/ova_c4_iptm80_19r_c5/seed-3_sample-1/ova_c4_iptm80_19r_c5_seed-3_sample-1_model.cif
ova_c4_iptm80_19r_c5	seed-3_sample-2	5	0.4	0.51	86.43230562753628	nan	nan	0.42	0.0	8	5	1	0	243	243	0	0.11	0.35	14.969999999999999	"{""A-B"": 8, ""A-C"": 48, ""A-D"": 22, ""A-E"": 30, ""B-C"": 39, ""B-D"": 47, ""B-E"": 0, ""C-D"": 7, ""C-E"": 0, ""D-E"": 42}"	[86, 90, 95, 96, 97, 98, 99, 182, 184, 188, 190, 191, 192, 193, 215, 216, 217, 236, 271, 272, 276, 277, 278, 337, 338, 339, 340, 341, 342, 343, 344, 345, 346, 347, 348, 349, 350, 351, 352, 353, 354, 355, 356, 357, 373, 374]	experiments/e149_final20_stoichiometry_v1/out_s0/ova_c4_iptm80_19r_c5/seed-3_sample-2/ova_c4_iptm80_19r_c5_seed-3_sample-2_summary_confidences.json	experiments/e149_final20_stoichiometry_v1/out_s0/ova_c4_iptm80_19r_c5/seed-3_sample-2/ova_c4_iptm80_19r_c5_seed-3_sample-2_model.cif
ova_c4_iptm80_19r_c5	seed-3_sample-3	5	0.27	0.4	86.29378258502545	nan	nan	0.3	0.0	5	5	1	0	161	161	0	0.13	0.18	16.82	"{""A-B"": 0, ""A-C"": 46, ""A-D"": 0, ""A-E"": 24, ""B-C"": 23, ""B-D"": 47, ""B-E"": 0, ""C-D"": 0, ""C-E"": 0, ""D-E"": 21}"	[94, 95, 96, 97, 98, 99, 151, 152, 155, 156, 157, 182, 184, 188, 190, 191, 192, 194, 195, 196, 208, 210, 215, 216, 217, 222, 276, 277, 278, 334, 336, 337, 338, 339, 340, 341, 342, 343, 344, 345, 346, 347, 348, 349, 350, 351, 353, 354, 356, 357]	experiments/e149_final20_stoichiometry_v1/out_s0/ova_c4_iptm80_19r_c5/seed-3_sample-3/ova_c4_iptm80_19r_c5_seed-3_sample-3_summary_confidences.json	experiments/e149_final20_stoichiometry_v1/out_s0/ova_c4_iptm80_19r_c5/seed-3_sample-3/ova_c4_iptm80_19r_c5_seed-3_sample-3_model.cif
ova_c4_iptm80_19r_c5	seed-3_sample-4	5	0.29	0.42	86.09800515644291	nan	nan	0.31	0.0	6	5	1	0	206	206	0	0.18	0.185	18.975	"{""A-B"": 1, ""A-C"": 33, ""A-D"": 0, ""A-E"": 27, ""B-C"": 30, ""B-D"": 37, ""B-E"": 40, ""C-D"": 1, ""C-E"": 0, ""D-E"": 37}"	[93, 94, 95, 96, 97, 98, 99, 101, 148, 149, 151, 152, 153, 154, 155, 156, 182, 183, 184, 190, 191, 192, 193, 194, 195, 196, 208, 210, 213, 216, 217, 276, 277, 278, 342, 343, 344, 345, 346, 347, 348, 349, 350, 351, 352, 353, 354, 355]	experiments/e149_final20_stoichiometry_v1/out_s0/ova_c4_iptm80_19r_c5/seed-3_sample-4/ova_c4_iptm80_19r_c5_seed-3_sample-4_summary_confidences.json	experiments/e149_final20_stoichiometry_v1/out_s0/ova_c4_iptm80_19r_c5/seed-3_sample-4/ova_c4_iptm80_19r_c5_seed-3_sample-4_model.cif
ova_c4_iptm80_19r_c6	seed-1_sample-0	6	0.44	0.53	88.96264248190766	nan	nan	0.46	0.0	6	6	1	0	247	247	0	0.57	0.495	8.004999999999999	"{""A-B"": 0, ""A-C"": 37, ""A-D"": 45, ""A-E"": 0, ""A-F"": 0, ""B-C"": 0, ""B-D"": 36, ""B-E"": 0, ""B-F"": 47, ""C-D"": 0, ""C-E"": 45, ""C-F"": 0, ""D-E"": 0, ""D-F"": 0, ""E-F"": 37}"	[1, 2, 3, 6, 64, 65, 83, 86, 87, 90, 94, 95, 96, 97, 98, 99, 155, 182, 183, 184, 190, 191, 192, 193, 195, 196, 262, 263, 264, 266, 267, 270, 271, 272, 337, 338, 340, 342, 344, 345, 348, 373, 374]	experiments/e149_final20_stoichiometry_v1/out_s2/ova_c4_iptm80_19r_c6/seed-1_sample-0/ova_c4_iptm80_19r_c6_seed-1_sample-0_summary_confidences.json	experiments/e149_final20_stoichiometry_v1/out_s2/ova_c4_iptm80_19r_c6/seed-1_sample-0/ova_c4_iptm80_19r_c6_seed-1_sample-0_model.cif
ova_c4_iptm80_19r_c6	seed-1_sample-1	6	0.43	0.51	88.43393774477312	nan	nan	0.44	0.0	6	6	1	0	298	298	0	0.5	0.46499999999999997	8.155	"{""A-B"": 0, ""A-C"": 27, ""A-D"": 76, ""A-E"": 0, ""A-F"": 0, ""B-C"": 0, ""B-D"": 28, ""B-E"": 0, ""B-F"": 73, ""C-D"": 0, ""C-E"": 68, ""C-F"": 0, ""D-E"": 0, ""D-F"": 0, ""E-F"": 26}"	[1, 6, 64, 65, 82, 83, 86, 87, 90, 94, 95, 96, 97, 98, 99, 151, 152, 155, 156, 157, 182, 183, 184, 190, 191, 192, 193, 194, 195, 196, 208, 210, 262, 263, 266, 267, 270, 271, 272, 336, 337, 338, 339, 340, 342, 343, 344, 345, 348, 373, 374]	experiments/e149_final20_stoichiometry_v1/out_s2/ova_c4_iptm80_19r_c6/seed-1_sample-1/ova_c4_iptm80_19r_c6_seed-1_sample-1_summary_confidences.json	experiments/e149_final20_stoichiometry_v1/out_s2/ova_c4_iptm80_19r_c6/seed-1_sample-1/ova_c4_iptm80_19r_c6_seed-1_sample-1_model.cif
ova_c4_iptm80_19r_c6	seed-1_sample-2	6	0.42	0.5	88.22227977100431	nan	nan	0.43	0.0	6	6	1	0	268	268	0	0.49	0.45999999999999996	8.175	"{""A-B"": 0, ""A-C"": 22, ""A-D"": 67, ""A-E"": 0, ""A-F"": 0, ""B-C"": 0, ""B-D"": 24, ""B-E"": 0, ""B-F"": 66, ""C-D"": 0, ""C-E"": 66, ""C-F"": 0, ""D-E"": 0, ""D-F"": 0, ""E-F"": 23}"	[1, 64, 83, 86, 87, 90, 94, 95, 96, 97, 98, 99, 151, 152, 155, 156, 157, 182, 183, 184, 190, 191, 192, 193, 194, 195, 196, 208, 210, 262, 263, 266, 267, 270, 271, 272, 337, 338, 340, 342, 344, 345, 373, 374]	experiments/e149_final20_stoichiometry_v1/out_s2/ova_c4_iptm80_19r_c6/seed-1_sample-2/ova_c4_iptm80_19r_c6_seed-1_sample-2_summary_confidences.json	experiments/e149_final20_stoichiometry_v1/out_s2/ova_c4_iptm80_19r_c6/seed-1_sample-2/ova_c4_iptm80_19r_c6_seed-1_sample-2_model.cif
ova_c4_iptm80_19r_c6	seed-1_sample-3	6	0.42	0.5	88.4668135667712	nan	nan	0.43	0.0	6	6	1	0	266	266	0	0.49	0.45499999999999996	8.54	"{""A-B"": 0, ""A-C"": 26, ""A-D"": 61, ""A-E"": 0, ""A-F"": 0, ""B-C"": 0, ""B-D"": 26, ""B-E"": 0, ""B-F"": 64, ""C-D"": 0, ""C-E"": 63, ""C-F"": 0, ""D-E"": 0, ""D-F"": 0, ""E-F"": 26}"	[1, 6, 64, 65, 83, 86, 87, 90, 94, 95, 96, 97, 98, 99, 151, 155, 156, 157, 182, 183, 184, 188, 190, 191, 192, 193, 194, 195, 196, 208, 210, 262, 263, 266, 267, 270, 271, 272, 336, 337, 338, 339, 340, 342, 344, 345, 348, 373, 374]	experiments/e149_final20_stoichiometry_v1/out_s2/ova_c4_iptm80_19r_c6/seed-1_sample-3/ova_c4_iptm80_19r_c6_seed-1_sample-3_summary_confidences.json	experiments/e149_final20_stoichiometry_v1/out_s2/ova_c4_iptm80_19r_c6/seed-1_sample-3/ova_c4_iptm80_19r_c6_seed-1_sample-3_model.cif
ova_c4_iptm80_19r_c6	seed-1_sample-4	6	0.41	0.5	88.41404151916504	nan	nan	0.43	0.0	6	6	1	0	240	240	0	0.49	0.45499999999999996	8.455	"{""A-B"": 0, ""A-C"": 20, ""A-D"": 61, ""A-E"": 0, ""A-F"": 0, ""B-C"": 0, ""B-D"": 20, ""B-E"": 0, ""B-F"": 62, ""C-D"": 0, ""C-E"": 59, ""C-F"": 0, ""D-E"": 0, ""D-F"": 0, ""E-F"": 18}"	[1, 64, 86, 87, 90, 94, 95, 96, 97, 98, 99, 151, 152, 155, 156, 157, 182, 183, 184, 190, 191, 192, 193, 194, 195, 196, 208, 210, 262, 263, 266, 267, 270, 271, 272, 337, 338, 340, 342, 344, 345, 348, 373, 374]	experiments/e149_final20_stoichiometry_v1/out_s2/ova_c4_iptm80_19r_c6/seed-1_sample-4/ova_c4_iptm80_19r_c6_seed-1_sample-4_summary_confidences.json	experiments/e149_final20_stoichiometry_v1/out_s2/ova_c4_iptm80_19r_c6/seed-1_sample-4/ova_c4_iptm80_19r_c6_seed-1_sample-4_model.cif
ova_c4_iptm80_19r_c6	seed-2_sample-0	6	0.44	0.52	89.05922281927396	nan	nan	0.46	0.0	6	6	1	0	261	261	0	0.57	0.485	7.4350000000000005	"{""A-B"": 40, ""A-C"": 0, ""A-D"": 50, ""A-E"": 0, ""A-F"": 0, ""B-C"": 0, ""B-D"": 0, ""B-E"": 51, ""B-F"": 0, ""C-D"": 0, ""C-E"": 32, ""C-F"": 50, ""D-E"": 0, ""D-F"": 38, ""E-F"": 0}"	[1, 2, 6, 64, 65, 79, 83, 86, 87, 90, 94, 95, 96, 97, 98, 99, 155, 156, 182, 183, 184, 190, 191, 192, 193, 195, 196, 262, 263, 264, 266, 267, 270, 271, 272, 337, 338, 340, 342, 343, 344, 345, 348, 373, 374]	experiments/e149_final20_stoichiometry_v1/out_s2/ova_c4_iptm80_19r_c6/seed-2_sample-0/ova_c4_iptm80_19r_c6_seed-2_sample-0_summary_confidences.json	experiments/e149_final20_stoichiometry_v1/out_s2/ova_c4_iptm80_19r_c6/seed-2_sample-0/ova_c4_iptm80_19r_c6_seed-2_sample-0_model.cif
ova_c4_iptm80_19r_c6	seed-2_sample-1	6	0.46	0.54	88.8998185192365	nan	nan	0.47	0.0	6	6	1	0	275	275	0	0.54	0.505	7.140000000000001	"{""A-B"": 26, ""A-C"": 0, ""A-D"": 65, ""A-E"": 0, ""A-F"": 0, ""B-C"": 0, ""B-D"": 0, ""B-E"": 65, ""B-F"": 0, ""C-D"": 0, ""C-E"": 26, ""C-F"": 66, ""D-E"": 0, ""D-F"": 27, ""E-F"": 0}"	[1, 6, 64, 82, 83, 86, 87, 90, 94, 95, 96, 97, 98, 99, 151, 152, 155, 156, 157, 182, 183, 184, 190, 191, 192, 193, 194, 195, 196, 208, 210, 262, 263, 266, 267, 270, 271, 272, 337, 338, 340, 342, 344, 345, 348, 373, 374]	experiments/e149_final20_stoichiometry_v1/out_s2/ova_c4_iptm80_19r_c6/seed-2_sample-1/ova_c4_iptm80_19r_c6_seed-2_sample-1_summary_confidences.json	experiments/e149_final20_stoichiometry_v1/out_s2/ova_c4_iptm80_19r_c6/seed-2_sample-1/ova_c4_iptm80_19r_c6_seed-2_sample-1_model.cif
ova_c4_iptm80_19r_c6	seed-2_sample-2	6	0.46	0.54	88.47186519444915	nan	nan	0.47	0.0	6	6	1	0	317	317	0	0.52	0.49	6.7	"{""A-B"": 25, ""A-C"": 0, ""A-D"": 80, ""A-E"": 0, ""A-F"": 0, ""B-C"": 0, ""B-D"": 0, ""B-E"": 81, ""B-F"": 0, ""C-D"": 0, ""C-E"": 24, ""C-F"": 83, ""D-E"": 0, ""D-F"": 24, ""E-F"": 0}"	[1, 6, 64, 83, 86, 87, 90, 94, 95, 96, 97, 98, 99, 151, 152, 154, 155, 156, 157, 182, 183, 184, 188, 190, 191, 192, 193, 194, 195, 196, 208, 210, 262, 263, 266, 267, 270, 271, 272, 336, 337, 338, 339, 340, 342, 344, 345, 348, 373, 374]	experiments/e149_final20_stoichiometry_v1/out_s2/ova_c4_iptm80_19r_c6/seed-2_sample-2/ova_c4_iptm80_19r_c6_seed-2_sample-2_summary_confidences.json	experiments/e149_final20_stoichiometry_v1/out_s2/ova_c4_iptm80_19r_c6/seed-2_sample-2/ova_c4_iptm80_19r_c6_seed-2_sample-2_model.cif
ova_c4_iptm80_19r_c6	seed-2_sample-3	6	0.45	0.53	88.33821216642548	nan	nan	0.46	0.0	6	6	1	0	284	284	0	0.54	0.495	7.045	"{""A-B"": 32, ""A-C"": 0, ""A-D"": 60, ""A-E"": 0, ""A-F"": 0, ""B-C"": 0, ""B-D"": 0, ""B-E"": 59, ""B-F"": 0, ""C-D"": 0, ""C-E"": 40, ""C-F"": 58, ""D-E"": 0, ""D-F"": 35, ""E-F"": 0}"	[1, 64, 65, 66, 82, 83, 86, 87, 90, 94, 95, 96, 97, 98, 99, 152, 155, 156, 182, 183, 184, 190, 191, 192, 193, 194, 195, 196, 208, 210, 262, 263, 266, 267, 270, 271, 272, 273, 337, 338, 340, 342, 343, 344, 345, 348, 373, 374]	experiments/e149_final20_stoichiometry_v1/out_s2/ova_c4_iptm80_19r_c6/seed-2_sample-3/ova_c4_iptm80_19r_c6_seed-2_sample-3_summary_confidences.json	experiments/e149_final20_stoichiometry_v1/out_s2/ova_c4_iptm80_19r_c6/seed-2_sample-3/ova_c4_iptm80_19r_c6_seed-2_sample-3_model.cif
ova_c4_iptm80_19r_c6	seed-2_sample-4	6	0.49	0.57	88.5770984115996	nan	nan	0.51	0.0	6	6	1	0	319	319	0	0.54	0.525	6.19	"{""A-B"": 28, ""A-C"": 0, ""A-D"": 77, ""A-E"": 0, ""A-F"": 0, ""B-C"": 0, ""B-D"": 0, ""B-E"": 78, ""B-F"": 0, ""C-D"": 0, ""C-E"": 27, ""C-F"": 82, ""D-E"": 0, ""D-F"": 27, ""E-F"": 0}"	[1, 6, 64, 83, 86, 87, 90, 94, 95, 96, 97, 98, 99, 151, 152, 155, 156, 157, 182, 183, 184, 188, 190, 191, 192, 193, 194, 195, 196, 208, 210, 262, 263, 266, 267, 270, 271, 272, 336, 337, 338, 339, 340, 342, 344, 345, 348, 373, 374]	experiments/e149_final20_stoichiometry_v1/out_s2/ova_c4_iptm80_19r_c6/seed-2_sample-4/ova_c4_iptm80_19r_c6_seed-2_sample-4_summary_confidences.json	experiments/e149_final20_stoichiometry_v1/out_s2/ova_c4_iptm80_19r_c6/seed-2_sample-4/ova_c4_iptm80_19r_c6_seed-2_sample-4_model.cif
ova_c4_iptm80_19r_c6	seed-3_sample-0	6	0.38	0.47	87.14660624765979	nan	nan	0.4	0.0	6	6	1	0	291	291	0	0.43	0.4	10.0	"{""A-B"": 20, ""A-C"": 0, ""A-D"": 0, ""A-E"": 75, ""A-F"": 0, ""B-C"": 0, ""B-D"": 80, ""B-E"": 0, ""B-F"": 0, ""C-D"": 20, ""C-E"": 0, ""C-F"": 76, ""D-E"": 0, ""D-F"": 0, ""E-F"": 20}"	[1, 6, 64, 86, 87, 90, 94, 95, 96, 97, 98, 99, 151, 152, 155, 156, 157, 182, 183, 184, 188, 190, 191, 192, 193, 194, 195, 196, 208, 210, 262, 263, 266, 267, 271, 272, 336, 337, 338, 339, 340, 342, 343, 344, 345, 348, 373, 374]	experiments/e149_final20_stoichiometry_v1/out_s2/ova_c4_iptm80_19r_c6/seed-3_sample-0/ova_c4_iptm80_19r_c6_seed-3_sample-0_summary_confidences.json	experiments/e149_final20_stoichiometry_v1/out_s2/ova_c4_iptm80_19r_c6/seed-3_sample-0/ova_c4_iptm80_19r_c6_seed-3_sample-0_model.cif
ova_c4_iptm80_19r_c6	seed-3_sample-1	6	0.37	0.46	87.43823832180834	nan	nan	0.39	0.0	6	6	1	0	274	274	0	0.44	0.39	9.614999999999998	"{""A-B"": 25, ""A-C"": 0, ""A-D"": 0, ""A-E"": 66, ""A-F"": 0, ""B-C"": 0, ""B-D"": 64, ""B-E"": 0, ""B-F"": 0, ""C-D"": 26, ""C-E"": 0, ""C-F"": 68, ""D-E"": 0, ""D-F"": 0, ""E-F"": 25}"	[1, 64, 65, 79, 82, 83, 86, 87, 90, 94, 95, 96, 97, 98, 99, 152, 155, 156, 182, 183, 184, 190, 191, 192, 193, 194, 195, 196, 208, 210, 263, 266, 267, 270, 271, 272, 336, 337, 338, 339, 340, 342, 343, 344, 345, 348, 373, 374]	experiments/e149_final20_stoichiometry_v1/out_s2/ova_c4_iptm80_19r_c6/seed-3_sample-1/ova_c4_iptm80_19r_c6_seed-3_sample-1_summary_confidences.json	experiments/e149_final20_stoichiometry_v1/out_s2/ova_c4_iptm80_19r_c6/seed-3_sample-1/ova_c4_iptm80_19r_c6_seed-3_sample-1_model.cif
ova_c4_iptm80_19r_c6	seed-3_sample-2	6	0.37	0.47	87.30279775234084	nan	nan	0.39	0.0	6	6	1	0	261	261	0	0.44	0.4	9.66	"{""A-B"": 17, ""A-C"": 0, ""A-D"": 0, ""A-E"": 64, ""A-F"": 0, ""B-C"": 0, ""B-D"": 74, ""B-E"": 0, ""B-F"": 0, ""C-D"": 18, ""C-E"": 0, ""C-F"": 71, ""D-E"": 0, ""D-F"": 0, ""E-F"": 17}"	[1, 64, 83, 86, 87, 90, 94, 95, 96, 97, 98, 99, 151, 152, 155, 156, 182, 183, 184, 190, 191, 192, 193, 194, 195, 196, 208, 210, 263, 266, 267, 270, 271, 272, 336, 337, 338, 339, 340, 342, 343, 344, 345, 348, 373, 374]	experiments/e149_final20_stoichiometry_v1/out_s2/ova_c4_iptm80_19r_c6/seed-3_sample-2/ova_c4_iptm80_19r_c6_seed-3_sample-2_summary_confidences.json	experiments/e149_final20_stoichiometry_v1/out_s2/ova_c4_iptm80_19r_c6/seed-3_sample-2/ova_c4_iptm80_19r_c6_seed-3_sample-2_model.cif
ova_c4_iptm80_19r_c6	seed-3_sample-3	6	0.38	0.47	87.30313440431586	nan	nan	0.4	0.0	6	6	1	0	245	245	0	0.46	0.41000000000000003	9.735	"{""A-B"": 22, ""A-C"": 0, ""A-D"": 0, ""A-E"": 59, ""A-F"": 0, ""B-C"": 0, ""B-D"": 61, ""B-E"": 0, ""B-F"": 0, ""C-D"": 21, ""C-E"": 0, ""C-F"": 61, ""D-E"": 0, ""D-F"": 0, ""E-F"": 21}"	[1, 2, 64, 86, 87, 90, 94, 95, 96, 97, 98, 99, 152, 155, 156, 182, 183, 184, 190, 191, 192, 193, 194, 195, 196, 208, 210, 266, 267, 270, 271, 272, 337, 338, 340, 342, 343, 344, 345, 348, 373, 374, 375]	experiments/e149_final20_stoichiometry_v1/out_s2/ova_c4_iptm80_19r_c6/seed-3_sample-3/ova_c4_iptm80_19r_c6_seed-3_sample-3_summary_confidences.json	experiments/e149_final20_stoichiometry_v1/out_s2/ova_c4_iptm80_19r_c6/seed-3_sample-3/ova_c4_iptm80_19r_c6_seed-3_sample-3_model.cif
ova_c4_iptm80_19r_c6	seed-3_sample-4	6	0.38	0.47	87.53849758879508	nan	nan	0.39	0.0	6	6	1	0	245	245	0	0.49	0.41000000000000003	9.66	"{""A-B"": 35, ""A-C"": 0, ""A-D"": 0, ""A-E"": 47, ""A-F"": 0, ""B-C"": 0, ""B-D"": 46, ""B-E"": 0, ""B-F"": 0, ""C-D"": 36, ""C-E"": 0, ""C-F"": 47, ""D-E"": 0, ""D-F"": 0, ""E-F"": 34}"	[1, 2, 3, 6, 64, 65, 79, 86, 87, 90, 94, 95, 96, 97, 98, 99, 155, 182, 183, 184, 190, 191, 192, 193, 196, 262, 263, 266, 267, 270, 271, 272, 337, 338, 340, 342, 343, 344, 345, 348, 373, 374]	experiments/e149_final20_stoichiometry_v1/out_s2/ova_c4_iptm80_19r_c6/seed-3_sample-4/ova_c4_iptm80_19r_c6_seed-3_sample-4_summary_confidences.json	experiments/e149_final20_stoichiometry_v1/out_s2/ova_c4_iptm80_19r_c6/seed-3_sample-4/ova_c4_iptm80_19r_c6_seed-3_sample-4_model.cif
ova_c4_iptm80_21s_c1	seed-1_sample-0	1	0.0	0.92	91.09746115689451	nan	nan	0.92	0.0	0	1	0	0	0	0	0	0.0	nan	nan	{}	[]	experiments/e149_final20_stoichiometry_v1/out_s4/ova_c4_iptm80_21s_c1/seed-1_sample-0/ova_c4_iptm80_21s_c1_seed-1_sample-0_summary_confidences.json	experiments/e149_final20_stoichiometry_v1/out_s4/ova_c4_iptm80_21s_c1/seed-1_sample-0/ova_c4_iptm80_21s_c1_seed-1_sample-0_model.cif
ova_c4_iptm80_21s_c1	seed-1_sample-1	1	0.0	0.92	90.42797917282026	nan	nan	0.92	0.0	0	1	0	0	0	0	0	0.0	nan	nan	{}	[]	experiments/e149_final20_stoichiometry_v1/out_s4/ova_c4_iptm80_21s_c1/seed-1_sample-1/ova_c4_iptm80_21s_c1_seed-1_sample-1_summary_confidences.json	experiments/e149_final20_stoichiometry_v1/out_s4/ova_c4_iptm80_21s_c1/seed-1_sample-1/ova_c4_iptm80_21s_c1_seed-1_sample-1_model.cif
ova_c4_iptm80_21s_c1	seed-1_sample-2	1	0.0	0.92	90.90442999409888	nan	nan	0.92	0.0	0	1	0	0	0	0	0	0.0	nan	nan	{}	[]	experiments/e149_final20_stoichiometry_v1/out_s4/ova_c4_iptm80_21s_c1/seed-1_sample-2/ova_c4_iptm80_21s_c1_seed-1_sample-2_summary_confidences.json	experiments/e149_final20_stoichiometry_v1/out_s4/ova_c4_iptm80_21s_c1/seed-1_sample-2/ova_c4_iptm80_21s_c1_seed-1_sample-2_model.cif
ova_c4_iptm80_21s_c1	seed-1_sample-3	1	0.0	0.92	91.08259044904165	nan	nan	0.92	0.0	0	1	0	0	0	0	0	0.0	nan	nan	{}	[]	experiments/e149_final20_stoichiometry_v1/out_s4/ova_c4_iptm80_21s_c1/seed-1_sample-3/ova_c4_iptm80_21s_c1_seed-1_sample-3_summary_confidences.json	experiments/e149_final20_stoichiometry_v1/out_s4/ova_c4_iptm80_21s_c1/seed-1_sample-3/ova_c4_iptm80_21s_c1_seed-1_sample-3_model.cif
ova_c4_iptm80_21s_c1	seed-1_sample-4	1	0.0	0.92	90.83901531832205	nan	nan	0.92	0.0	0	1	0	0	0	0	0	0.0	nan	nan	{}	[]	experiments/e149_final20_stoichiometry_v1/out_s4/ova_c4_iptm80_21s_c1/seed-1_sample-4/ova_c4_iptm80_21s_c1_seed-1_sample-4_summary_confidences.json	experiments/e149_final20_stoichiometry_v1/out_s4/ova_c4_iptm80_21s_c1/seed-1_sample-4/ova_c4_iptm80_21s_c1_seed-1_sample-4_model.cif
ova_c4_iptm80_21s_c1	seed-2_sample-0	1	0.0	0.92	90.9466840813197	nan	nan	0.92	0.0	0	1	0	0	0	0	0	0.0	nan	nan	{}	[]	experiments/e149_final20_stoichiometry_v1/out_s4/ova_c4_iptm80_21s_c1/seed-2_sample-0/ova_c4_iptm80_21s_c1_seed-2_sample-0_summary_confidences.json	experiments/e149_final20_stoichiometry_v1/out_s4/ova_c4_iptm80_21s_c1/seed-2_sample-0/ova_c4_iptm80_21s_c1_seed-2_sample-0_model.cif
ova_c4_iptm80_21s_c1	seed-2_sample-1	1	0.0	0.92	91.2782381877998	nan	nan	0.92	0.0	0	1	0	0	0	0	0	0.0	nan	nan	{}	[]	experiments/e149_final20_stoichiometry_v1/out_s4/ova_c4_iptm80_21s_c1/seed-2_sample-1/ova_c4_iptm80_21s_c1_seed-2_sample-1_summary_confidences.json	experiments/e149_final20_stoichiometry_v1/out_s4/ova_c4_iptm80_21s_c1/seed-2_sample-1/ova_c4_iptm80_21s_c1_seed-2_sample-1_model.cif
ova_c4_iptm80_21s_c1	seed-2_sample-2	1	0.0	0.92	90.83541484694406	nan	nan	0.92	0.0	0	1	0	0	0	0	0	0.0	nan	nan	{}	[]	experiments/e149_final20_stoichiometry_v1/out_s4/ova_c4_iptm80_21s_c1/seed-2_sample-2/ova_c4_iptm80_21s_c1_seed-2_sample-2_summary_confidences.json	experiments/e149_final20_stoichiometry_v1/out_s4/ova_c4_iptm80_21s_c1/seed-2_sample-2/ova_c4_iptm80_21s_c1_seed-2_sample-2_model.cif
ova_c4_iptm80_21s_c1	seed-2_sample-3	1	0.0	0.92	91.18632135737127	nan	nan	0.92	0.0	0	1	0	0	0	0	0	0.0	nan	nan	{}	[]	experiments/e149_final20_stoichiometry_v1/out_s4/ova_c4_iptm80_21s_c1/seed-2_sample-3/ova_c4_iptm80_21s_c1_seed-2_sample-3_summary_confidences.json	experiments/e149_final20_stoichiometry_v1/out_s4/ova_c4_iptm80_21s_c1/seed-2_sample-3/ova_c4_iptm80_21s_c1_seed-2_sample-3_model.cif
ova_c4_iptm80_21s_c1	seed-2_sample-4	1	0.0	0.92	90.9437564592905	nan	nan	0.92	0.0	0	1	0	0	0	0	0	0.0	nan	nan	{}	[]	experiments/e149_final20_stoichiometry_v1/out_s4/ova_c4_iptm80_21s_c1/seed-2_sample-4/ova_c4_iptm80_21s_c1_seed-2_sample-4_summary_confidences.json	experiments/e149_final20_stoichiometry_v1/out_s4/ova_c4_iptm80_21s_c1/seed-2_sample-4/ova_c4_iptm80_21s_c1_seed-2_sample-4_model.cif
ova_c4_iptm80_21s_c1	seed-3_sample-0	1	0.0	0.92	90.58264253053022	nan	nan	0.92	0.0	0	1	0	0	0	0	0	0.0	nan	nan	{}	[]	experiments/e149_final20_stoichiometry_v1/out_s4/ova_c4_iptm80_21s_c1/seed-3_sample-0/ova_c4_iptm80_21s_c1_seed-3_sample-0_summary_confidences.json	experiments/e149_final20_stoichiometry_v1/out_s4/ova_c4_iptm80_21s_c1/seed-3_sample-0/ova_c4_iptm80_21s_c1_seed-3_sample-0_model.cif
ova_c4_iptm80_21s_c1	seed-3_sample-1	1	0.0	0.92	91.01007761979967	nan	nan	0.92	0.0	0	1	0	0	0	0	0	0.0	nan	nan	{}	[]	experiments/e149_final20_stoichiometry_v1/out_s4/ova_c4_iptm80_21s_c1/seed-3_sample-1/ova_c4_iptm80_21s_c1_seed-3_sample-1_summary_confidences.json	experiments/e149_final20_stoichiometry_v1/out_s4/ova_c4_iptm80_21s_c1/seed-3_sample-1/ova_c4_iptm80_21s_c1_seed-3_sample-1_model.cif
ova_c4_iptm80_21s_c1	seed-3_sample-2	1	0.0	0.92	90.85215027962325	nan	nan	0.92	0.0	0	1	0	0	0	0	0	0.0	nan	nan	{}	[]	experiments/e149_final20_stoichiometry_v1/out_s4/ova_c4_iptm80_21s_c1/seed-3_sample-2/ova_c4_iptm80_21s_c1_seed-3_sample-2_summary_confidences.json	experiments/e149_final20_stoichiometry_v1/out_s4/ova_c4_iptm80_21s_c1/seed-3_sample-2/ova_c4_iptm80_21s_c1_seed-3_sample-2_model.cif
ova_c4_iptm80_21s_c1	seed-3_sample-3	1	0.0	0.92	90.49445614790052	nan	nan	0.92	0.0	0	1	0	0	0	0	0	0.0	nan	nan	{}	[]	experiments/e149_final20_stoichiometry_v1/out_s4/ova_c4_iptm80_21s_c1/seed-3_sample-3/ova_c4_iptm80_21s_c1_seed-3_sample-3_summary_confidences.json	experiments/e149_final20_stoichiometry_v1/out_s4/ova_c4_iptm80_21s_c1/seed-3_sample-3/ova_c4_iptm80_21s_c1_seed-3_sample-3_model.cif
ova_c4_iptm80_21s_c1	seed-3_sample-4	1	0.0	0.92	90.79497409484547	nan	nan	0.92	0.0	0	1	0	0	0	0	0	0.0	nan	nan	{}	[]	experiments/e149_final20_stoichiometry_v1/out_s4/ova_c4_iptm80_21s_c1/seed-3_sample-4/ova_c4_iptm80_21s_c1_seed-3_sample-4_summary_confidences.json	experiments/e149_final20_stoichiometry_v1/out_s4/ova_c4_iptm80_21s_c1/seed-3_sample-4/ova_c4_iptm80_21s_c1_seed-3_sample-4_model.cif
ova_c4_iptm80_21s_c2	seed-1_sample-0	2	0.58	0.74	90.16632107749504	nan	nan	0.62	0.0	1	2	1	0	88	88	0	0.58	0.58	6.12	"{""A-B"": 88}"	[92, 94, 95, 96, 97, 98, 99, 101, 154, 155, 156, 157, 180, 182, 183, 184, 190, 191, 192, 193, 195, 334, 336, 337, 338, 339, 340, 341, 342, 343, 344, 345, 346, 347, 348]	experiments/e149_final20_stoichiometry_v1/out_s5/ova_c4_iptm80_21s_c2/seed-1_sample-0/ova_c4_iptm80_21s_c2_seed-1_sample-0_summary_confidences.json	experiments/e149_final20_stoichiometry_v1/out_s5/ova_c4_iptm80_21s_c2/seed-1_sample-0/ova_c4_iptm80_21s_c2_seed-1_sample-0_model.cif
ova_c4_iptm80_21s_c2	seed-1_sample-1	2	0.62	0.76	90.33733153466734	nan	nan	0.65	0.0	1	2	1	0	74	74	0	0.62	0.62	5.66	"{""A-B"": 74}"	[94, 95, 96, 97, 98, 99, 101, 154, 155, 156, 157, 180, 182, 183, 184, 188, 190, 191, 192, 193, 195, 334, 337, 338, 339, 340, 341, 342, 343, 344, 345, 348]	experiments/e149_final20_stoichiometry_v1/out_s5/ova_c4_iptm80_21s_c2/seed-1_sample-1/ova_c4_iptm80_21s_c2_seed-1_sample-1_summary_confidences.json	experiments/e149_final20_stoichiometry_v1/out_s5/ova_c4_iptm80_21s_c2/seed-1_sample-1/ova_c4_iptm80_21s_c2_seed-1_sample-1_model.cif
ova_c4_iptm80_21s_c2	seed-1_sample-2	2	0.6	0.75	90.20549224695394	nan	nan	0.63	0.0	1	2	1	0	79	79	0	0.6	0.6	6.08	"{""A-B"": 79}"	[94, 95, 96, 97, 98, 99, 101, 154, 155, 156, 157, 180, 182, 183, 184, 188, 190, 191, 192, 193, 195, 334, 336, 338, 339, 340, 341, 342, 343, 344, 345, 347, 348]	experiments/e149_final20_stoichiometry_v1/out_s5/ova_c4_iptm80_21s_c2/seed-1_sample-2/ova_c4_iptm80_21s_c2_seed-1_sample-2_summary_confidences.json	experiments/e149_final20_stoichiometry_v1/out_s5/ova_c4_iptm80_21s_c2/seed-1_sample-2/ova_c4_iptm80_21s_c2_seed-1_sample-2_model.cif
ova_c4_iptm80_21s_c2	seed-1_sample-3	2	0.58	0.74	90.02867883474715	nan	nan	0.61	0.0	1	2	1	0	76	76	0	0.58	0.58	6.05	"{""A-B"": 76}"	[94, 95, 96, 97, 98, 99, 154, 155, 156, 157, 180, 182, 183, 184, 188, 190, 191, 192, 193, 334, 336, 337, 338, 339, 340, 341, 342, 343, 344, 345, 347, 348, 349]	experiments/e149_final20_stoichiometry_v1/out_s5/ova_c4_iptm80_21s_c2/seed-1_sample-3/ova_c4_iptm80_21s_c2_seed-1_sample-3_summary_confidences.json	experiments/e149_final20_stoichiometry_v1/out_s5/ova_c4_iptm80_21s_c2/seed-1_sample-3/ova_c4_iptm80_21s_c2_seed-1_sample-3_model.cif
ova_c4_iptm80_21s_c2	seed-1_sample-4	2	0.58	0.74	90.1500000138357	nan	nan	0.62	0.0	1	2	1	0	67	67	0	0.58	0.58	6.24	"{""A-B"": 67}"	[94, 95, 96, 97, 98, 99, 101, 154, 155, 156, 157, 180, 182, 184, 190, 191, 192, 193, 195, 334, 338, 339, 340, 341, 342, 343, 345, 346, 347, 348]	experiments/e149_final20_stoichiometry_v1/out_s5/ova_c4_iptm80_21s_c2/seed-1_sample-4/ova_c4_iptm80_21s_c2_seed-1_sample-4_summary_confidences.json	experiments/e149_final20_stoichiometry_v1/out_s5/ova_c4_iptm80_21s_c2/seed-1_sample-4/ova_c4_iptm80_21s_c2_seed-1_sample-4_model.cif
ova_c4_iptm80_21s_c2	seed-2_sample-0	2	0.6	0.75	90.38132133879192	nan	nan	0.63	0.0	1	2	1	0	78	78	0	0.6	0.6	5.73	"{""A-B"": 78}"	[94, 95, 96, 97, 98, 99, 101, 154, 155, 156, 157, 180, 182, 183, 184, 188, 190, 191, 192, 193, 334, 337, 338, 339, 340, 341, 342, 344, 345, 346, 347, 348]	experiments/e149_final20_stoichiometry_v1/out_s5/ova_c4_iptm80_21s_c2/seed-2_sample-0/ova_c4_iptm80_21s_c2_seed-2_sample-0_summary_confidences.json	experiments/e149_final20_stoichiometry_v1/out_s5/ova_c4_iptm80_21s_c2/seed-2_sample-0/ova_c4_iptm80_21s_c2_seed-2_sample-0_model.cif
ova_c4_iptm80_21s_c2	seed-2_sample-1	2	0.61	0.76	90.02738328054161	nan	nan	0.64	0.0	1	2	1	0	79	79	0	0.61	0.61	5.6	"{""A-B"": 79}"	[92, 93, 94, 95, 96, 97, 98, 99, 101, 154, 155, 156, 157, 180, 182, 184, 188, 190, 191, 192, 193, 195, 334, 336, 338, 339, 340, 341, 342, 343, 344, 345, 346, 347, 348]	experiments/e149_final20_stoichiometry_v1/out_s5/ova_c4_iptm80_21s_c2/seed-2_sample-1/ova_c4_iptm80_21s_c2_seed-2_sample-1_summary_confidences.json	experiments/e149_final20_stoichiometry_v1/out_s5/ova_c4_iptm80_21s_c2/seed-2_sample-1/ova_c4_iptm80_21s_c2_seed-2_sample-1_model.cif
ova_c4_iptm80_21s_c2	seed-2_sample-2	2	0.6	0.75	90.11494820352664	nan	nan	0.63	0.0	1	2	1	0	76	76	0	0.6	0.6	5.5	"{""A-B"": 76}"	[92, 94, 95, 96, 97, 98, 99, 101, 154, 155, 156, 157, 180, 182, 183, 184, 190, 191, 192, 193, 334, 337, 338, 339, 340, 341, 342, 343, 344, 345, 346, 347, 348]	experiments/e149_final20_stoichiometry_v1/out_s5/ova_c4_iptm80_21s_c2/seed-2_sample-2/ova_c4_iptm80_21s_c2_seed-2_sample-2_summary_confidences.json	experiments/e149_final20_stoichiometry_v1/out_s5/ova_c4_iptm80_21s_c2/seed-2_sample-2/ova_c4_iptm80_21s_c2_seed-2_sample-2_model.cif
ova_c4_iptm80_21s_c2	seed-2_sample-3	2	0.57	0.74	90.27124350552732	nan	nan	0.61	0.0	1	2	1	0	76	76	0	0.57	0.57	6.02	"{""A-B"": 76}"	[92, 94, 95, 96, 97, 98, 99, 101, 154, 155, 156, 157, 180, 182, 184, 190, 191, 192, 193, 334, 338, 339, 340, 341, 342, 344, 345, 346, 347]	experiments/e149_final20_stoichiometry_v1/out_s5/ova_c4_iptm80_21s_c2/seed-2_sample-3/ova_c4_iptm80_21s_c2_seed-2_sample-3_summary_confidences.json	experiments/e149_final20_stoichiometry_v1/out_s5/ova_c4_iptm80_21s_c2/seed-2_sample-3/ova_c4_iptm80_21s_c2_seed-2_sample-3_model.cif
ova_c4_iptm80_21s_c2	seed-2_sample-4	2	0.56	0.73	89.97549221058584	nan	nan	0.59	0.0	1	2	1	0	71	71	0	0.56	0.56	6.15	"{""A-B"": 71}"	[94, 95, 96, 97, 98, 99, 101, 154, 155, 156, 157, 180, 182, 184, 190, 191, 192, 193, 334, 338, 339, 340, 341, 342, 343, 345, 346, 347, 348]	experiments/e149_final20_stoichiometry_v1/out_s5/ova_c4_iptm80_21s_c2/seed-2_sample-4/ova_c4_iptm80_21s_c2_seed-2_sample-4_summary_confidences.json	experiments/e149_final20_stoichiometry_v1/out_s5/ova_c4_iptm80_21s_c2/seed-2_sample-4/ova_c4_iptm80_21s_c2_seed-2_sample-4_model.cif
ova_c4_iptm80_21s_c2	seed-3_sample-0	2	0.55	0.72	89.08955956493635	nan	nan	0.58	0.0	1	2	1	0	77	77	0	0.55	0.55	6.66	"{""A-B"": 77}"	[94, 95, 96, 97, 98, 99, 101, 152, 154, 155, 156, 157, 180, 182, 184, 188, 190, 191, 192, 193, 195, 334, 336, 337, 338, 339, 340, 341, 342, 343, 344, 345, 346, 349]	experiments/e149_final20_stoichiometry_v1/out_s5/ova_c4_iptm80_21s_c2/seed-3_sample-0/ova_c4_iptm80_21s_c2_seed-3_sample-0_summary_confidences.json	experiments/e149_final20_stoichiometry_v1/out_s5/ova_c4_iptm80_21s_c2/seed-3_sample-0/ova_c4_iptm80_21s_c2_seed-3_sample-0_model.cif
ova_c4_iptm80_21s_c2	seed-3_sample-1	2	0.54	0.72	89.79717615354865	nan	nan	0.57	0.0	1	2	1	0	67	67	0	0.54	0.54	7.71	"{""A-B"": 67}"	[94, 95, 96, 97, 98, 99, 101, 154, 155, 156, 157, 180, 182, 183, 184, 188, 190, 191, 192, 193, 334, 337, 338, 339, 340, 341, 342, 343, 344, 347, 348]	experiments/e149_final20_stoichiometry_v1/out_s5/ova_c4_iptm80_21s_c2/seed-3_sample-1/ova_c4_iptm80_21s_c2_seed-3_sample-1_summary_confidences.json	experiments/e149_final20_stoichiometry_v1/out_s5/ova_c4_iptm80_21s_c2/seed-3_sample-1/ova_c4_iptm80_21s_c2_seed-3_sample-1_model.cif
ova_c4_iptm80_21s_c2	seed-3_sample-2	2	0.53	0.71	89.55567353006472	nan	nan	0.56	0.0	1	2	1	0	76	76	0	0.53	0.53	7.03	"{""A-B"": 76}"	[94, 95, 96, 97, 98, 99, 154, 155, 156, 157, 180, 182, 183, 184, 190, 191, 192, 193, 334, 337, 338, 339, 340, 341, 342, 344, 345, 346, 347, 348, 349]	experiments/e149_final20_stoichiometry_v1/out_s5/ova_c4_iptm80_21s_c2/seed-3_sample-2/ova_c4_iptm80_21s_c2_seed-3_sample-2_summary_confidences.json	experiments/e149_final20_stoichiometry_v1/out_s5/ova_c4_iptm80_21s_c2/seed-3_sample-2/ova_c4_iptm80_21s_c2_seed-3_sample-2_model.cif
ova_c4_iptm80_21s_c2	seed-3_sample-3	2	0.52	0.71	89.3840413266513	nan	nan	0.56	0.0	1	2	1	0	76	76	0	0.52	0.52	7.23	"{""A-B"": 76}"	[94, 95, 96, 97, 98, 99, 101, 154, 155, 156, 157, 180, 182, 184, 190, 191, 192, 193, 334, 338, 339, 340, 341, 342, 343, 345, 346, 347, 348]	experiments/e149_final20_stoichiometry_v1/out_s5/ova_c4_iptm80_21s_c2/seed-3_sample-3/ova_c4_iptm80_21s_c2_seed-3_sample-3_summary_confidences.json	experiments/e149_final20_stoichiometry_v1/out_s5/ova_c4_iptm80_21s_c2/seed-3_sample-3/ova_c4_iptm80_21s_c2_seed-3_sample-3_model.cif
ova_c4_iptm80_21s_c2	seed-3_sample-4	2	0.53	0.71	89.41968906975781	nan	nan	0.56	0.0	1	2	1	0	65	65	0	0.53	0.53	8.08	"{""A-B"": 65}"	[94, 95, 96, 97, 98, 99, 154, 155, 156, 157, 180, 182, 183, 184, 190, 191, 192, 193, 334, 338, 339, 340, 341, 342, 343, 344, 345, 348]	experiments/e149_final20_stoichiometry_v1/out_s5/ova_c4_iptm80_21s_c2/seed-3_sample-4/ova_c4_iptm80_21s_c2_seed-3_sample-4_summary_confidences.json	experiments/e149_final20_stoichiometry_v1/out_s5/ova_c4_iptm80_21s_c2/seed-3_sample-4/ova_c4_iptm80_21s_c2_seed-3_sample-4_model.cif
ova_c4_iptm80_21s_c3	seed-1_sample-0	3	0.16	0.42	86.42642475780428	nan	nan	0.21	0.0	3	3	1	0	140	140	0	0.13	0.13	23.12	"{""A-B"": 47, ""A-C"": 46, ""B-C"": 47}"	[1, 2, 93, 94, 95, 96, 97, 99, 155, 182, 184, 186, 188, 191, 192, 216, 217, 219, 232, 234, 241, 271, 272, 274, 275, 276, 278, 338, 339, 340, 341, 342, 344, 345, 346, 349, 350, 353, 354, 372, 373, 374, 375]	experiments/e149_final20_stoichiometry_v1/out_s4/ova_c4_iptm80_21s_c3/seed-1_sample-0/ova_c4_iptm80_21s_c3_seed-1_sample-0_summary_confidences.json	experiments/e149_final20_stoichiometry_v1/out_s4/ova_c4_iptm80_21s_c3/seed-1_sample-0/ova_c4_iptm80_21s_c3_seed-1_sample-0_model.cif
ova_c4_iptm80_21s_c3	seed-1_sample-1	3	0.19	0.44	86.73036282791375	nan	nan	0.24	0.0	3	3	1	0	127	127	0	0.13	0.13	21.67	"{""A-B"": 50, ""A-C"": 21, ""B-C"": 56}"	[94, 95, 96, 97, 98, 99, 155, 182, 183, 184, 186, 187, 190, 191, 192, 193, 196, 214, 215, 216, 217, 234, 236, 237, 238, 278, 337, 338, 339, 340, 341, 342, 343, 344, 345, 346, 347, 348, 349, 350, 351, 354, 355]	experiments/e149_final20_stoichiometry_v1/out_s4/ova_c4_iptm80_21s_c3/seed-1_sample-1/ova_c4_iptm80_21s_c3_seed-1_sample-1_summary_confidences.json	experiments/e149_final20_stoichiometry_v1/out_s4/ova_c4_iptm80_21s_c3/seed-1_sample-1/ova_c4_iptm80_21s_c3_seed-1_sample-1_model.cif
ova_c4_iptm80_21s_c3	seed-1_sample-2	3	0.15	0.41	86.15598455241307	nan	nan	0.2	0.0	3	3	1	0	159	159	0	0.12	0.12	24.94	"{""A-B"": 53, ""A-C"": 52, ""B-C"": 54}"	[3, 64, 76, 79, 83, 94, 95, 96, 97, 110, 113, 114, 119, 123, 124, 127, 128, 130, 131, 132, 133, 134, 144, 145, 148, 149, 151, 152, 155, 156, 186, 187, 216, 217, 236, 237, 238, 239, 271, 272, 275, 276, 277, 278, 340, 342, 343, 345, 346, 350, 372, 373, 374]	experiments/e149_final20_stoichiometry_v1/out_s4/ova_c4_iptm80_21s_c3/seed-1_sample-2/ova_c4_iptm80_21s_c3_seed-1_sample-2_summary_confidences.json	experiments/e149_final20_stoichiometry_v1/out_s4/ova_c4_iptm80_21s_c3/seed-1_sample-2/ova_c4_iptm80_21s_c3_seed-1_sample-2_model.cif
ova_c4_iptm80_21s_c3	seed-1_sample-3	3	0.17	0.43	86.87430056636198	nan	nan	0.22	0.0	3	3	1	0	84	84	0	0.12	0.12	23.2	"{""A-B"": 23, ""A-C"": 14, ""B-C"": 47}"	[94, 95, 96, 97, 98, 99, 151, 155, 156, 182, 184, 191, 192, 194, 195, 196, 208, 210, 236, 237, 238, 239, 338, 339, 340, 341, 342, 343, 345, 346, 348, 349]	experiments/e149_final20_stoichiometry_v1/out_s4/ova_c4_iptm80_21s_c3/seed-1_sample-3/ova_c4_iptm80_21s_c3_seed-1_sample-3_summary_confidences.json	experiments/e149_final20_stoichiometry_v1/out_s4/ova_c4_iptm80_21s_c3/seed-1_sample-3/ova_c4_iptm80_21s_c3_seed-1_sample-3_model.cif
ova_c4_iptm80_21s_c3	seed-1_sample-4	3	0.17	0.43	87.21678772367962	nan	nan	0.22	0.0	3	3	1	0	133	133	0	0.14	0.14	22.23	"{""A-B"": 44, ""A-C"": 44, ""B-C"": 45}"	[95, 96, 97, 98, 182, 183, 184, 188, 191, 192, 216, 217, 236, 277, 278, 279, 337, 338, 339, 340, 342, 343, 344, 345, 346, 347, 349, 350, 351, 353, 354, 355, 356, 357]	experiments/e149_final20_stoichiometry_v1/out_s4/ova_c4_iptm80_21s_c3/seed-1_sample-4/ova_c4_iptm80_21s_c3_seed-1_sample-4_summary_confidences.json	experiments/e149_final20_stoichiometry_v1/out_s4/ova_c4_iptm80_21s_c3/seed-1_sample-4/ova_c4_iptm80_21s_c3_seed-1_sample-4_model.cif
ova_c4_iptm80_21s_c3	seed-2_sample-0	3	0.3	0.51	87.66442998579747	nan	nan	0.34	0.0	3	3	1	0	157	157	0	0.17	0.17	21.2	"{""A-B"": 94, ""A-C"": 40, ""B-C"": 23}"	[3, 4, 64, 65, 79, 82, 83, 86, 89, 90, 93, 94, 95, 96, 97, 98, 99, 101, 154, 155, 156, 157, 180, 182, 183, 184, 186, 187, 188, 190, 191, 192, 193, 195, 216, 217, 234, 237, 238, 239, 271, 272, 275, 276, 278, 334, 336, 337, 338, 339, 340, 341, 342, 343, 344, 345, 346, 347, 348, 349, 350, 372, 373, 374]	experiments/e149_final20_stoichiometry_v1/out_s4/ova_c4_iptm80_21s_c3/seed-2_sample-0/ova_c4_iptm80_21s_c3_seed-2_sample-0_summary_confidences.json	experiments/e149_final20_stoichiometry_v1/out_s4/ova_c4_iptm80_21s_c3/seed-2_sample-0/ova_c4_iptm80_21s_c3_seed-2_sample-0_model.cif
ova_c4_iptm80_21s_c3	seed-2_sample-1	3	0.17	0.43	87.03852318482078	nan	nan	0.23	0.0	3	3	1	0	95	95	0	0.14	0.14	24.1	"{""A-B"": 28, ""A-C"": 55, ""B-C"": 12}"	[86, 90, 96, 97, 184, 187, 188, 190, 191, 192, 193, 194, 195, 216, 217, 219, 222, 224, 225, 236, 237, 238, 239, 270, 271, 272, 275, 276, 277, 278, 338, 339, 340, 341, 342, 343, 344, 345, 346, 347, 348, 349, 351, 353, 354, 372, 373]	experiments/e149_final20_stoichiometry_v1/out_s4/ova_c4_iptm80_21s_c3/seed-2_sample-1/ova_c4_iptm80_21s_c3_seed-2_sample-1_summary_confidences.json	experiments/e149_final20_stoichiometry_v1/out_s4/ova_c4_iptm80_21s_c3/seed-2_sample-1/ova_c4_iptm80_21s_c3_seed-2_sample-1_model.cif
ova_c4_iptm80_21s_c3	seed-2_sample-2	3	0.34	0.54	87.61860110228544	nan	nan	0.38	0.0	3	3	1	0	130	130	0	0.26	0.26	19.91	"{""A-B"": 91, ""A-C"": 25, ""B-C"": 14}"	[82, 83, 86, 87, 90, 93, 94, 95, 96, 97, 98, 99, 101, 154, 155, 156, 157, 180, 182, 183, 184, 186, 187, 188, 190, 191, 192, 193, 217, 234, 236, 238, 271, 272, 276, 278, 334, 337, 338, 339, 340, 341, 342, 343, 344, 345, 346, 348, 349, 372, 373, 374]	experiments/e149_final20_stoichiometry_v1/out_s4/ova_c4_iptm80_21s_c3/seed-2_sample-2/ova_c4_iptm80_21s_c3_seed-2_sample-2_summary_confidences.json	experiments/e149_final20_stoichiometry_v1/out_s4/ova_c4_iptm80_21s_c3/seed-2_sample-2/ova_c4_iptm80_21s_c3_seed-2_sample-2_model.cif
ova_c4_iptm80_21s_c3	seed-2_sample-3	3	0.32	0.53	87.81360099476237	nan	nan	0.36	0.0	3	3	1	0	139	139	0	0.21	0.21	21.08	"{""A-B"": 91, ""A-C"": 37, ""B-C"": 11}"	[4, 64, 79, 82, 83, 86, 87, 89, 90, 93, 94, 95, 96, 97, 98, 99, 101, 154, 155, 156, 157, 180, 182, 184, 186, 188, 190, 191, 192, 193, 217, 234, 236, 238, 270, 271, 272, 275, 276, 334, 336, 337, 338, 339, 340, 341, 342, 343, 344, 345, 346, 347, 348, 349, 372, 373, 374]	experiments/e149_final20_stoichiometry_v1/out_s4/ova_c4_iptm80_21s_c3/seed-2_sample-3/ova_c4_iptm80_21s_c3_seed-2_sample-3_summary_confidences.json	experiments/e149_final20_stoichiometry_v1/out_s4/ova_c4_iptm80_21s_c3/seed-2_sample-3/ova_c4_iptm80_21s_c3_seed-2_sample-3_model.cif
ova_c4_iptm80_21s_c3	seed-2_sample-4	3	0.28	0.5	86.7205960169975	nan	nan	0.32	0.0	3	3	1	0	139	139	0	0.19	0.19	20.5	"{""A-B"": 84, ""A-C"": 18, ""B-C"": 37}"	[81, 86, 87, 90, 93, 94, 95, 96, 97, 99, 101, 155, 156, 157, 180, 182, 183, 184, 186, 187, 188, 190, 191, 192, 193, 216, 217, 218, 234, 236, 238, 271, 272, 276, 278, 334, 336, 337, 338, 339, 340, 341, 342, 343, 344, 345, 346, 347, 348, 349, 350, 372, 373]	experiments/e149_final20_stoichiometry_v1/out_s4/ova_c4_iptm80_21s_c3/seed-2_sample-4/ova_c4_iptm80_21s_c3_seed-2_sample-4_summary_confidences.json	experiments/e149_final20_stoichiometry_v1/out_s4/ova_c4_iptm80_21s_c3/seed-2_sample-4/ova_c4_iptm80_21s_c3_seed-2_sample-4_model.cif
ova_c4_iptm80_21s_c3	seed-3_sample-0	3	0.22	0.46	87.17010363643034	nan	nan	0.27	0.0	3	3	1	0	91	91	0	0.18	0.18	20.01	"{""A-B"": 30, ""A-C"": 51, ""B-C"": 10}"	[83, 86, 90, 95, 96, 97, 99, 182, 184, 188, 190, 191, 192, 193, 216, 217, 236, 271, 272, 276, 277, 278, 338, 339, 340, 341, 342, 343, 344, 345, 346, 347, 348, 349, 350, 351, 354, 373, 374]	experiments/e149_final20_stoichiometry_v1/out_s4/ova_c4_iptm80_21s_c3/seed-3_sample-0/ova_c4_iptm80_21s_c3_seed-3_sample-0_summary_confidences.json	experiments/e149_final20_stoichiometry_v1/out_s4/ova_c4_iptm80_21s_c3/seed-3_sample-0/ova_c4_iptm80_21s_c3_seed-3_sample-0_model.cif
ova_c4_iptm80_21s_c3	seed-3_sample-1	3	0.14	0.41	86.54834203769506	nan	nan	0.19	0.0	3	3	1	0	140	140	0	0.11	0.11	26.4	"{""A-B"": 44, ""A-C"": 50, ""B-C"": 46}"	[23, 24, 25, 26, 27, 93, 94, 95, 96, 97, 98, 99, 101, 140, 148, 151, 152, 155, 156, 163, 164, 165, 182, 183, 184, 192, 195, 196, 198, 200, 201, 202, 203, 204, 205, 206, 207, 208, 336, 338, 339, 342, 384, 385]	experiments/e149_final20_stoichiometry_v1/out_s4/ova_c4_iptm80_21s_c3/seed-3_sample-1/ova_c4_iptm80_21s_c3_seed-3_sample-1_summary_confidences.json	experiments/e149_final20_stoichiometry_v1/out_s4/ova_c4_iptm80_21s_c3/seed-3_sample-1/ova_c4_iptm80_21s_c3_seed-3_sample-1_model.cif
ova_c4_iptm80_21s_c3	seed-3_sample-2	3	0.14	0.41	86.1204402706166	nan	nan	0.2	0.0	3	3	1	0	164	164	0	0.11	0.11	25.02	"{""A-B"": 53, ""A-C"": 55, ""B-C"": 56}"	[78, 79, 80, 81, 90, 91, 93, 94, 95, 96, 97, 151, 152, 155, 156, 157, 159, 184, 188, 190, 192, 219, 236, 237, 238, 239, 270, 271, 274, 275, 276, 338, 339, 340, 341, 342, 343, 344, 345, 348, 349, 372, 373, 374, 375]	experiments/e149_final20_stoichiometry_v1/out_s4/ova_c4_iptm80_21s_c3/seed-3_sample-2/ova_c4_iptm80_21s_c3_seed-3_sample-2_summary_confidences.json	experiments/e149_final20_stoichiometry_v1/out_s4/ova_c4_iptm80_21s_c3/seed-3_sample-2/ova_c4_iptm80_21s_c3_seed-3_sample-2_model.cif
ova_c4_iptm80_21s_c3	seed-3_sample-3	3	0.21	0.45	87.41067337866274	nan	nan	0.26	0.0	3	3	1	0	99	99	0	0.18	0.18	21.12	"{""A-B"": 38, ""A-C"": 51, ""B-C"": 10}"	[1, 86, 90, 95, 96, 97, 98, 99, 182, 184, 187, 188, 190, 191, 192, 193, 216, 217, 236, 271, 272, 278, 337, 338, 339, 340, 341, 342, 343, 344, 345, 346, 347, 348, 349, 350, 351, 354, 373, 374]	experiments/e149_final20_stoichiometry_v1/out_s4/ova_c4_iptm80_21s_c3/seed-3_sample-3/ova_c4_iptm80_21s_c3_seed-3_sample-3_summary_confidences.json	experiments/e149_final20_stoichiometry_v1/out_s4/ova_c4_iptm80_21s_c3/seed-3_sample-3/ova_c4_iptm80_21s_c3_seed-3_sample-3_model.cif
ova_c4_iptm80_21s_c3	seed-3_sample-4	3	0.14	0.41	86.58922282401763	nan	nan	0.19	0.0	3	3	1	0	99	99	0	0.11	0.11	26.9	"{""A-B"": 34, ""A-C"": 33, ""B-C"": 32}"	[93, 94, 95, 96, 99, 140, 143, 144, 147, 155, 156, 159, 160, 162, 163, 164, 191, 192, 196, 198, 205, 206, 207, 208, 291, 342, 344, 345, 346, 347]	experiments/e149_final20_stoichiometry_v1/out_s4/ova_c4_iptm80_21s_c3/seed-3_sample-4/ova_c4_iptm80_21s_c3_seed-3_sample-4_summary_confidences.json	experiments/e149_final20_stoichiometry_v1/out_s4/ova_c4_iptm80_21s_c3/seed-3_sample-4/ova_c4_iptm80_21s_c3_seed-3_sample-4_model.cif
ova_c4_iptm80_21s_c5	seed-1_sample-0	5	0.46	0.56	87.00836779540067	nan	nan	0.48	0.0	8	5	1	0	220	220	0	0.11	0.42	12.23	"{""A-B"": 8, ""A-C"": 54, ""A-D"": 27, ""A-E"": 0, ""B-C"": 28, ""B-D"": 54, ""B-E"": 15, ""C-D"": 8, ""C-E"": 0, ""D-E"": 26}"	[22, 23, 24, 25, 26, 86, 90, 95, 96, 97, 98, 99, 140, 144, 148, 151, 156, 159, 160, 164, 165, 182, 184, 190, 191, 192, 193, 195, 196, 197, 201, 205, 207, 208, 209, 210, 216, 217, 236, 271, 272, 276, 277, 278, 286, 287, 289, 291, 338, 339, 340, 341, 342, 343, 344, 345, 346, 347, 348, 349, 350, 351, 354, 373, 374, 385]	experiments/e149_final20_stoichiometry_v1/out_s1/ova_c4_iptm80_21s_c5/seed-1_sample-0/ova_c4_iptm80_21s_c5_seed-1_sample-0_summary_confidences.json	experiments/e149_final20_stoichiometry_v1/out_s1/ova_c4_iptm80_21s_c5/seed-1_sample-0/ova_c4_iptm80_21s_c5_seed-1_sample-0_model.cif
ova_c4_iptm80_21s_c5	seed-1_sample-1	5	0.28	0.41	86.0013472403887	nan	nan	0.31	0.0	5	5	1	0	133	133	0	0.13	0.18	18.04	"{""A-B"": 0, ""A-C"": 38, ""A-D"": 25, ""A-E"": 0, ""B-C"": 0, ""B-D"": 38, ""B-E"": 12, ""C-D"": 1, ""C-E"": 19, ""D-E"": 0}"	[96, 97, 98, 99, 182, 184, 190, 191, 192, 193, 216, 217, 236, 275, 276, 277, 278, 337, 338, 339, 340, 341, 342, 343, 345, 346, 347, 348, 349, 350, 351, 353, 354, 357]	experiments/e149_final20_stoichiometry_v1/out_s1/ova_c4_iptm80_21s_c5/seed-1_sample-1/ova_c4_iptm80_21s_c5_seed-1_sample-1_summary_confidences.json	experiments/e149_final20_stoichiometry_v1/out_s1/ova_c4_iptm80_21s_c5/seed-1_sample-1/ova_c4_iptm80_21s_c5_seed-1_sample-1_model.cif
ova_c4_iptm80_21s_c5	seed-1_sample-2	5	0.48	0.57	86.98808285609428	nan	nan	0.5	0.0	8	5	1	0	241	241	0	0.1	0.435	12.655	"{""A-B"": 17, ""A-C"": 52, ""A-D"": 31, ""A-E"": 0, ""B-C"": 32, ""B-D"": 51, ""B-E"": 11, ""C-D"": 17, ""C-E"": 0, ""D-E"": 30}"	[1, 2, 24, 25, 86, 90, 95, 96, 97, 98, 99, 148, 151, 155, 156, 157, 159, 160, 163, 164, 165, 166, 168, 170, 182, 184, 188, 190, 191, 192, 193, 196, 197, 198, 202, 204, 205, 206, 207, 208, 209, 216, 217, 236, 251, 254, 258, 266, 270, 271, 272, 276, 277, 278, 289, 293, 296, 337, 338, 339, 340, 341, 342, 343, 344, 345, 346, 347, 348, 349, 350, 354, 373, 374, 375, 385]	experiments/e149_final20_stoichiometry_v1/out_s1/ova_c4_iptm80_21s_c5/seed-1_sample-2/ova_c4_iptm80_21s_c5_seed-1_sample-2_summary_confidences.json	experiments/e149_final20_stoichiometry_v1/out_s1/ova_c4_iptm80_21s_c5/seed-1_sample-2/ova_c4_iptm80_21s_c5_seed-1_sample-2_model.cif
ova_c4_iptm80_21s_c5	seed-1_sample-3	5	0.43	0.53	87.0494298786697	nan	nan	0.45	0.0	8	5	1	0	267	267	0	0.1	0.395	14.07	"{""A-B"": 10, ""A-C"": 58, ""A-D"": 29, ""A-E"": 0, ""B-C"": 29, ""B-D"": 60, ""B-E"": 45, ""C-D"": 8, ""C-E"": 28, ""D-E"": 0}"	[65, 67, 68, 69, 70, 71, 72, 73, 78, 79, 83, 86, 87, 90, 95, 96, 97, 98, 99, 182, 184, 186, 190, 191, 192, 193, 203, 216, 217, 222, 224, 225, 226, 227, 234, 236, 237, 238, 239, 241, 248, 249, 250, 251, 252, 255, 271, 272, 276, 277, 278, 337, 338, 339, 340, 341, 342, 343, 344, 345, 346, 347, 348, 349, 350, 351, 352, 353, 354, 355, 356, 358, 360, 362, 372, 373, 374, 375]	experiments/e149_final20_stoichiometry_v1/out_s1/ova_c4_iptm80_21s_c5/seed-1_sample-3/ova_c4_iptm80_21s_c5_seed-1_sample-3_summary_confidences.json	experiments/e149_final20_stoichiometry_v1/out_s1/ova_c4_iptm80_21s_c5/seed-1_sample-3/ova_c4_iptm80_21s_c5_seed-1_sample-3_model.cif
ova_c4_iptm80_21s_c5	seed-1_sample-4	5	0.41	0.52	87.19329024596536	nan	nan	0.43	0.0	8	5	1	0	256	256	0	0.11	0.38	14.575	"{""A-B"": 8, ""A-C"": 58, ""A-D"": 37, ""A-E"": 28, ""B-C"": 43, ""B-D"": 61, ""B-E"": 0, ""C-D"": 8, ""C-E"": 0, ""D-E"": 13}"	[86, 90, 95, 96, 97, 98, 99, 182, 184, 187, 188, 190, 191, 192, 193, 203, 216, 217, 218, 219, 222, 224, 236, 248, 249, 250, 270, 271, 272, 276, 277, 278, 337, 338, 339, 340, 341, 342, 343, 344, 345, 346, 347, 348, 349, 350, 351, 353, 354, 355, 356, 357, 373, 374]	experiments/e149_final20_stoichiometry_v1/out_s1/ova_c4_iptm80_21s_c5/seed-1_sample-4/ova_c4_iptm80_21s_c5_seed-1_sample-4_summary_confidences.json	experiments/e149_final20_stoichiometry_v1/out_s1/ova_c4_iptm80_21s_c5/seed-1_sample-4/ova_c4_iptm80_21s_c5_seed-1_sample-4_model.cif
ova_c4_iptm80_21s_c5	seed-2_sample-0	5	0.27	0.4	86.30608806708933	nan	nan	0.3	0.0	7	5	1	0	196	196	0	0.15	0.14	22.12	"{""A-B"": 2, ""A-C"": 23, ""A-D"": 46, ""A-E"": 0, ""B-C"": 42, ""B-D"": 18, ""B-E"": 5, ""C-D"": 0, ""C-E"": 32, ""D-E"": 28}"	[3, 64, 85, 86, 87, 89, 90, 94, 95, 96, 97, 98, 99, 182, 184, 190, 191, 192, 193, 215, 216, 217, 236, 237, 238, 239, 271, 272, 275, 276, 277, 278, 337, 338, 339, 340, 341, 342, 343, 344, 345, 346, 347, 348, 349, 350, 351, 353, 354, 355, 356, 372, 373, 374]	experiments/e149_final20_stoichiometry_v1/out_s1/ova_c4_iptm80_21s_c5/seed-2_sample-0/ova_c4_iptm80_21s_c5_seed-2_sample-0_summary_confidences.json	experiments/e149_final20_stoichiometry_v1/out_s1/ova_c4_iptm80_21s_c5/seed-2_sample-0/ova_c4_iptm80_21s_c5_seed-2_sample-0_model.cif
ova_c4_iptm80_21s_c5	seed-2_sample-1	5	0.46	0.55	86.76919682161795	nan	nan	0.48	0.0	8	5	1	0	238	238	0	0.14	0.385	14.25	"{""A-B"": 16, ""A-C"": 0, ""A-D"": 0, ""A-E"": 23, ""B-C"": 60, ""B-D"": 8, ""B-E"": 28, ""C-D"": 32, ""C-E"": 9, ""D-E"": 62}"	[83, 86, 90, 94, 95, 96, 97, 98, 99, 148, 152, 182, 184, 188, 190, 191, 192, 193, 203, 216, 217, 222, 224, 236, 248, 249, 271, 272, 276, 278, 337, 338, 339, 340, 341, 342, 343, 344, 345, 346, 347, 348, 349, 350, 352, 353, 354, 355, 356, 357, 373, 374]	experiments/e149_final20_stoichiometry_v1/out_s1/ova_c4_iptm80_21s_c5/seed-2_sample-1/ova_c4_iptm80_21s_c5_seed-2_sample-1_summary_confidences.json	experiments/e149_final20_stoichiometry_v1/out_s1/ova_c4_iptm80_21s_c5/seed-2_sample-1/ova_c4_iptm80_21s_c5_seed-2_sample-1_model.cif
ova_c4_iptm80_21s_c5	seed-2_sample-2	5	0.48	0.57	85.9479275046235	nan	nan	0.5	0.0	8	5	1	0	244	244	0	0.14	0.425	12.25	"{""A-B"": 35, ""A-C"": 14, ""A-D"": 46, ""A-E"": 38, ""B-C"": 45, ""B-D"": 10, ""B-E"": 0, ""C-D"": 32, ""C-E"": 0, ""D-E"": 24}"	[1, 3, 64, 83, 86, 87, 90, 94, 95, 96, 97, 98, 99, 138, 140, 141, 144, 147, 148, 151, 155, 156, 157, 158, 159, 160, 164, 182, 184, 188, 190, 191, 192, 193, 194, 195, 196, 205, 206, 207, 208, 209, 210, 216, 217, 236, 237, 238, 239, 271, 272, 276, 277, 278, 338, 339, 340, 341, 342, 343, 344, 345, 346, 347, 348, 349, 350, 351, 354, 372, 373, 374]	experiments/e149_final20_stoichiometry_v1/out_s1/ova_c4_iptm80_21s_c5/seed-2_sample-2/ova_c4_iptm80_21s_c5_seed-2_sample-2_summary_confidences.json	experiments/e149_final20_stoichiometry_v1/out_s1/ova_c4_iptm80_21s_c5/seed-2_sample-2/ova_c4_iptm80_21s_c5_seed-2_sample-2_model.cif
ova_c4_iptm80_21s_c5	seed-2_sample-3	5	0.49	0.58	86.8677719195272	nan	nan	0.51	0.0	8	5	1	0	244	244	0	0.13	0.445	11.805	"{""A-B"": 29, ""A-C"": 8, ""A-D"": 54, ""A-E"": 40, ""B-C"": 55, ""B-D"": 8, ""B-E"": 0, ""C-D"": 29, ""C-E"": 1, ""D-E"": 20}"	[86, 90, 94, 95, 96, 97, 98, 99, 101, 141, 144, 145, 147, 148, 149, 150, 151, 152, 153, 154, 155, 156, 159, 182, 184, 190, 191, 192, 193, 194, 195, 196, 197, 198, 206, 208, 210, 216, 217, 236, 271, 272, 276, 277, 278, 338, 339, 340, 341, 342, 343, 344, 345, 346, 347, 348, 349, 350, 351, 353, 354, 356, 373, 374]	experiments/e149_final20_stoichiometry_v1/out_s1/ova_c4_iptm80_21s_c5/seed-2_sample-3/ova_c4_iptm80_21s_c5_seed-2_sample-3_summary_confidences.json	experiments/e149_final20_stoichiometry_v1/out_s1/ova_c4_iptm80_21s_c5/seed-2_sample-3/ova_c4_iptm80_21s_c5_seed-2_sample-3_model.cif
ova_c4_iptm80_21s_c5	seed-2_sample-4	5	0.46	0.56	87.07893773805291	nan	nan	0.48	0.0	9	5	1	0	242	242	0	0.11	0.42	12.79	"{""A-B"": 28, ""A-C"": 11, ""A-D"": 64, ""A-E"": 16, ""B-C"": 63, ""B-D"": 8, ""B-E"": 14, ""C-D"": 29, ""C-E"": 0, ""D-E"": 9}"	[3, 86, 87, 90, 94, 95, 96, 97, 98, 99, 123, 149, 152, 153, 182, 184, 188, 190, 191, 192, 193, 195, 196, 216, 217, 219, 232, 234, 236, 237, 238, 239, 241, 266, 270, 271, 272, 275, 276, 277, 278, 337, 338, 339, 340, 341, 342, 343, 344, 345, 346, 347, 348, 349, 350, 351, 353, 354, 356, 357, 372, 373, 374]	experiments/e149_final20_stoichiometry_v1/out_s1/ova_c4_iptm80_21s_c5/seed-2_sample-4/ova_c4_iptm80_21s_c5_seed-2_sample-4_summary_confidences.json	experiments/e149_final20_stoichiometry_v1/out_s1/ova_c4_iptm80_21s_c5/seed-2_sample-4/ova_c4_iptm80_21s_c5_seed-2_sample-4_model.cif
ova_c4_iptm80_21s_c5	seed-3_sample-0	5	0.3	0.43	86.00406735178103	nan	nan	0.33	0.0	5	5	1	0	157	157	0	0.13	0.2	17.48	"{""A-B"": 22, ""A-C"": 1, ""A-D"": 42, ""A-E"": 0, ""B-C"": 45, ""B-D"": 0, ""B-E"": 0, ""C-D"": 0, ""C-E"": 22, ""D-E"": 25}"	[94, 95, 96, 97, 98, 99, 155, 182, 184, 188, 190, 191, 192, 193, 217, 236, 275, 276, 277, 278, 336, 337, 338, 339, 340, 342, 343, 344, 345, 346, 347, 348, 349, 350, 351, 354, 355, 356]	experiments/e149_final20_stoichiometry_v1/out_s1/ova_c4_iptm80_21s_c5/seed-3_sample-0/ova_c4_iptm80_21s_c5_seed-3_sample-0_summary_confidences.json	experiments/e149_final20_stoichiometry_v1/out_s1/ova_c4_iptm80_21s_c5/seed-3_sample-0/ova_c4_iptm80_21s_c5_seed-3_sample-0_model.cif
ova_c4_iptm80_21s_c5	seed-3_sample-1	5	0.46	0.56	87.02292766472219	nan	nan	0.48	0.0	9	5	1	0	208	208	0	0.12	0.41	13.44	"{""A-B"": 23, ""A-C"": 8, ""A-D"": 49, ""A-E"": 21, ""B-C"": 52, ""B-D"": 9, ""B-E"": 16, ""C-D"": 23, ""C-E"": 7, ""D-E"": 0}"	[1, 2, 86, 90, 94, 95, 96, 97, 98, 99, 131, 133, 145, 149, 152, 153, 182, 184, 190, 191, 192, 193, 216, 217, 236, 271, 272, 277, 278, 337, 338, 339, 340, 341, 342, 343, 344, 345, 346, 347, 348, 349, 350, 351, 352, 353, 354, 355, 356, 357, 373, 374]	experiments/e149_final20_stoichiometry_v1/out_s1/ova_c4_iptm80_21s_c5/seed-3_sample-1/ova_c4_iptm80_21s_c5_seed-3_sample-1_summary_confidences.json	experiments/e149_final20_stoichiometry_v1/out_s1/ova_c4_iptm80_21s_c5/seed-3_sample-1/ova_c4_iptm80_21s_c5_seed-3_sample-1_model.cif
ova_c4_iptm80_21s_c5	seed-3_sample-2	5	0.47	0.57	87.14497382406125	nan	nan	0.49	0.0	8	5	1	0	220	220	0	0.11	0.46499999999999997	11.86	"{""A-B"": 28, ""A-C"": 8, ""A-D"": 56, ""A-E"": 20, ""B-C"": 56, ""B-D"": 8, ""B-E"": 14, ""C-D"": 30, ""C-E"": 0, ""D-E"": 0}"	[86, 90, 94, 95, 96, 97, 98, 99, 182, 184, 188, 190, 191, 192, 193, 194, 216, 217, 236, 271, 272, 276, 277, 278, 337, 338, 339, 340, 341, 342, 343, 344, 345, 346, 347, 348, 349, 350, 351, 352, 353, 354, 355, 356, 357, 373, 374]	experiments/e149_final20_stoichiometry_v1/out_s1/ova_c4_iptm80_21s_c5/seed-3_sample-2/ova_c4_iptm80_21s_c5_seed-3_sample-2_summary_confidences.json	experiments/e149_final20_stoichiometry_v1/out_s1/ova_c4_iptm80_21s_c5/seed-3_sample-2/ova_c4_iptm80_21s_c5_seed-3_sample-2_model.cif
ova_c4_iptm80_21s_c5	seed-3_sample-3	5	0.46	0.55	86.34129540043173	nan	nan	0.48	0.0	9	5	1	0	250	250	0	0.11	0.41	13.67	"{""A-B"": 28, ""A-C"": 11, ""A-D"": 61, ""A-E"": 13, ""B-C"": 62, ""B-D"": 12, ""B-E"": 4, ""C-D"": 29, ""C-E"": 20, ""D-E"": 10}"	[73, 83, 86, 89, 90, 93, 94, 95, 96, 97, 98, 99, 120, 123, 124, 155, 182, 184, 190, 191, 192, 193, 216, 217, 236, 237, 271, 272, 275, 276, 277, 278, 280, 285, 287, 334, 336, 337, 338, 339, 340, 341, 342, 343, 344, 345, 346, 347, 348, 349, 350, 351, 353, 354, 355, 356, 357, 358, 373, 374]	experiments/e149_final20_stoichiometry_v1/out_s1/ova_c4_iptm80_21s_c5/seed-3_sample-3/ova_c4_iptm80_21s_c5_seed-3_sample-3_summary_confidences.json	experiments/e149_final20_stoichiometry_v1/out_s1/ova_c4_iptm80_21s_c5/seed-3_sample-3/ova_c4_iptm80_21s_c5_seed-3_sample-3_model.cif
ova_c4_iptm80_21s_c5	seed-3_sample-4	5	0.43	0.54	87.10419671646672	nan	nan	0.45	0.0	8	5	1	0	206	206	0	0.11	0.395	13.925	"{""A-B"": 23, ""A-C"": 8, ""A-D"": 52, ""A-E"": 22, ""B-C"": 58, ""B-D"": 8, ""B-E"": 11, ""C-D"": 24, ""C-E"": 0, ""D-E"": 0}"	[3, 86, 90, 95, 96, 97, 98, 99, 182, 184, 188, 190, 191, 192, 193, 216, 217, 222, 224, 225, 227, 236, 248, 249, 271, 272, 276, 277, 278, 337, 338, 339, 340, 341, 342, 343, 344, 345, 346, 347, 348, 349, 350, 351, 353, 354, 355, 356, 357, 372, 373, 374, 375]	experiments/e149_final20_stoichiometry_v1/out_s1/ova_c4_iptm80_21s_c5/seed-3_sample-4/ova_c4_iptm80_21s_c5_seed-3_sample-4_summary_confidences.json	experiments/e149_final20_stoichiometry_v1/out_s1/ova_c4_iptm80_21s_c5/seed-3_sample-4/ova_c4_iptm80_21s_c5_seed-3_sample-4_model.cif
ova_c4_iptm80_21s_c6	seed-1_sample-0	6	0.62	0.67	87.63873045926267	nan	nan	0.63	0.0	12	6	1	0	440	440	0	0.54	0.505	7.82	"{""A-B"": 17, ""A-C"": 89, ""A-D"": 22, ""A-E"": 16, ""A-F"": 0, ""B-C"": 0, ""B-D"": 95, ""B-E"": 16, ""B-F"": 25, ""C-D"": 16, ""C-E"": 24, ""C-F"": 16, ""D-E"": 0, ""D-F"": 16, ""E-F"": 88}"	[1, 2, 3, 61, 62, 63, 64, 65, 66, 67, 68, 69, 70, 72, 77, 79, 80, 81, 82, 83, 85, 86, 90, 93, 94, 95, 96, 97, 98, 99, 125, 184, 187, 191, 192, 193, 216, 217, 238, 239, 271, 276, 278, 337, 338, 339, 341, 345, 346, 349, 350, 351, 353, 354, 355, 373, 374]	experiments/e149_final20_stoichiometry_v1/out_s5/ova_c4_iptm80_21s_c6/seed-1_sample-0/ova_c4_iptm80_21s_c6_seed-1_sample-0_summary_confidences.json	experiments/e149_final20_stoichiometry_v1/out_s5/ova_c4_iptm80_21s_c6/seed-1_sample-0/ova_c4_iptm80_21s_c6_seed-1_sample-0_model.cif
ova_c4_iptm80_21s_c6	seed-1_sample-1	6	0.66	0.7	87.66966336008181	nan	nan	0.66	0.0	12	6	1	0	390	390	0	0.59	0.5449999999999999	6.93	"{""A-B"": 17, ""A-C"": 63, ""A-D"": 29, ""A-E"": 17, ""A-F"": 0, ""B-C"": 0, ""B-D"": 64, ""B-E"": 17, ""B-F"": 32, ""C-D"": 17, ""C-E"": 33, ""C-F"": 16, ""D-E"": 0, ""D-F"": 17, ""E-F"": 68}"	[1, 2, 3, 4, 6, 61, 62, 63, 64, 65, 66, 68, 70, 80, 82, 83, 85, 86, 90, 93, 94, 95, 96, 97, 98, 99, 155, 184, 187, 190, 191, 192, 193, 210, 216, 217, 238, 239, 271, 276, 278, 338, 340, 342, 345, 346, 349, 350, 351, 353, 354, 355, 372, 373, 374, 375]	experiments/e149_final20_stoichiometry_v1/out_s5/ova_c4_iptm80_21s_c6/seed-1_sample-1/ova_c4_iptm80_21s_c6_seed-1_sample-1_summary_confidences.json	experiments/e149_final20_stoichiometry_v1/out_s5/ova_c4_iptm80_21s_c6/seed-1_sample-1/ova_c4_iptm80_21s_c6_seed-1_sample-1_model.cif
ova_c4_iptm80_21s_c6	seed-1_sample-2	6	0.64	0.68	87.89567352453044	nan	nan	0.65	0.0	12	6	1	0	442	442	0	0.56	0.525	7.18	"{""A-B"": 17, ""A-C"": 79, ""A-D"": 32, ""A-E"": 16, ""A-F"": 0, ""B-C"": 0, ""B-D"": 86, ""B-E"": 15, ""B-F"": 34, ""C-D"": 17, ""C-E"": 30, ""C-F"": 18, ""D-E"": 0, ""D-F"": 16, ""E-F"": 82}"	[1, 2, 3, 61, 62, 63, 64, 65, 66, 67, 68, 70, 72, 74, 77, 78, 79, 80, 81, 82, 83, 85, 86, 90, 94, 95, 96, 97, 98, 99, 125, 155, 184, 187, 190, 191, 192, 193, 196, 210, 216, 217, 238, 239, 276, 278, 338, 341, 342, 345, 346, 349, 350, 351, 353, 354, 355, 373, 374]	experiments/e149_final20_stoichiometry_v1/out_s5/ova_c4_iptm80_21s_c6/seed-1_sample-2/ova_c4_iptm80_21s_c6_seed-1_sample-2_summary_confidences.json	experiments/e149_final20_stoichiometry_v1/out_s5/ova_c4_iptm80_21s_c6/seed-1_sample-2/ova_c4_iptm80_21s_c6_seed-1_sample-2_model.cif
ova_c4_iptm80_21s_c6	seed-1_sample-3	6	0.63	0.68	87.93689121977653	nan	nan	0.64	0.0	12	6	1	0	603	603	0	0.55	0.52	7.46	"{""A-B"": 16, ""A-C"": 138, ""A-D"": 33, ""A-E"": 16, ""A-F"": 0, ""B-C"": 0, ""B-D"": 136, ""B-E"": 16, ""B-F"": 32, ""C-D"": 15, ""C-E"": 32, ""C-F"": 16, ""D-E"": 0, ""D-F"": 16, ""E-F"": 137}"	[1, 2, 3, 4, 5, 6, 61, 62, 63, 64, 65, 66, 67, 68, 70, 72, 77, 78, 79, 80, 81, 82, 83, 85, 86, 87, 90, 93, 94, 95, 96, 97, 98, 99, 125, 155, 184, 187, 190, 191, 192, 193, 196, 210, 216, 217, 237, 238, 239, 271, 276, 278, 337, 338, 341, 342, 345, 346, 349, 350, 351, 353, 354, 371, 372, 373, 374, 375]	experiments/e149_final20_stoichiometry_v1/out_s5/ova_c4_iptm80_21s_c6/seed-1_sample-3/ova_c4_iptm80_21s_c6_seed-1_sample-3_summary_confidences.json	experiments/e149_final20_stoichiometry_v1/out_s5/ova_c4_iptm80_21s_c6/seed-1_sample-3/ova_c4_iptm80_21s_c6_seed-1_sample-3_model.cif
ova_c4_iptm80_21s_c6	seed-1_sample-4	6	0.65	0.7	88.10463729423563	nan	nan	0.66	0.0	12	6	1	0	455	455	0	0.58	0.54	6.995	"{""A-B"": 17, ""A-C"": 93, ""A-D"": 26, ""A-E"": 17, ""A-F"": 0, ""B-C"": 0, ""B-D"": 89, ""B-E"": 17, ""B-F"": 30, ""C-D"": 17, ""C-E"": 26, ""C-F"": 15, ""D-E"": 0, ""D-F"": 17, ""E-F"": 91}"	[1, 2, 3, 61, 62, 63, 64, 65, 66, 67, 68, 69, 70, 72, 74, 78, 79, 81, 82, 83, 85, 86, 90, 93, 94, 95, 96, 97, 98, 99, 124, 125, 155, 184, 187, 190, 191, 192, 193, 196, 210, 216, 217, 238, 239, 271, 276, 278, 338, 341, 342, 345, 346, 349, 350, 351, 353, 354, 355, 373, 374]	experiments/e149_final20_stoichiometry_v1/out_s5/ova_c4_iptm80_21s_c6/seed-1_sample-4/ova_c4_iptm80_21s_c6_seed-1_sample-4_summary_confidences.json	experiments/e149_final20_stoichiometry_v1/out_s5/ova_c4_iptm80_21s_c6/seed-1_sample-4/ova_c4_iptm80_21s_c6_seed-1_sample-4_model.cif
ova_c4_iptm80_21s_c6	seed-2_sample-0	6	0.3	0.41	86.39642481729774	nan	nan	0.32	0.0	6	6	1	0	200	200	0	0.36	0.265	14.49	"{""A-B"": 32, ""A-C"": 0, ""A-D"": 35, ""A-E"": 0, ""A-F"": 0, ""B-C"": 0, ""B-D"": 0, ""B-E"": 35, ""B-F"": 0, ""C-D"": 30, ""C-E"": 0, ""C-F"": 35, ""D-E"": 0, ""D-F"": 0, ""E-F"": 33}"	[95, 96, 97, 98, 99, 182, 184, 190, 191, 192, 193, 217, 236, 276, 277, 278, 338, 339, 340, 342, 343, 346, 347, 348, 349, 350, 351, 353, 354, 355, 356, 357]	experiments/e149_final20_stoichiometry_v1/out_s5/ova_c4_iptm80_21s_c6/seed-2_sample-0/ova_c4_iptm80_21s_c6_seed-2_sample-0_summary_confidences.json	experiments/e149_final20_stoichiometry_v1/out_s5/ova_c4_iptm80_21s_c6/seed-2_sample-0/ova_c4_iptm80_21s_c6_seed-2_sample-0_model.cif
ova_c4_iptm80_21s_c6	seed-2_sample-1	6	0.29	0.4	86.26391197856844	nan	nan	0.32	0.0	6	6	1	0	246	246	0	0.35	0.26	15.475	"{""A-B"": 40, ""A-C"": 0, ""A-D"": 46, ""A-E"": 0, ""A-F"": 0, ""B-C"": 0, ""B-D"": 0, ""B-E"": 47, ""B-F"": 0, ""C-D"": 36, ""C-E"": 0, ""C-F"": 43, ""D-E"": 0, ""D-F"": 0, ""E-F"": 34}"	[94, 95, 96, 97, 98, 99, 182, 184, 190, 191, 192, 193, 217, 236, 276, 277, 278, 279, 338, 339, 340, 341, 342, 343, 345, 346, 347, 349, 350, 351, 353, 354, 355, 356, 357]	experiments/e149_final20_stoichiometry_v1/out_s5/ova_c4_iptm80_21s_c6/seed-2_sample-1/ova_c4_iptm80_21s_c6_seed-2_sample-1_summary_confidences.json	experiments/e149_final20_stoichiometry_v1/out_s5/ova_c4_iptm80_21s_c6/seed-2_sample-1/ova_c4_iptm80_21s_c6_seed-2_sample-1_model.cif
ova_c4_iptm80_21s_c6	seed-2_sample-2	6	0.3	0.4	86.69471500574616	nan	nan	0.32	0.0	6	6	1	0	234	234	0	0.38	0.275	14.605	"{""A-B"": 40, ""A-C"": 0, ""A-D"": 39, ""A-E"": 0, ""A-F"": 0, ""B-C"": 0, ""B-D"": 0, ""B-E"": 39, ""B-F"": 0, ""C-D"": 38, ""C-E"": 0, ""C-F"": 39, ""D-E"": 0, ""D-F"": 0, ""E-F"": 39}"	[96, 97, 98, 99, 182, 184, 190, 191, 192, 193, 217, 236, 276, 277, 278, 279, 337, 338, 339, 340, 341, 342, 343, 346, 348, 349, 350, 351, 353, 354, 355, 356, 357]	experiments/e149_final20_stoichiometry_v1/out_s5/ova_c4_iptm80_21s_c6/seed-2_sample-2/ova_c4_iptm80_21s_c6_seed-2_sample-2_summary_confidences.json	experiments/e149_final20_stoichiometry_v1/out_s5/ova_c4_iptm80_21s_c6/seed-2_sample-2/ova_c4_iptm80_21s_c6_seed-2_sample-2_model.cif
ova_c4_iptm80_21s_c6	seed-2_sample-3	6	0.3	0.41	86.73619162603981	nan	nan	0.32	0.0	6	6	1	0	238	238	0	0.37	0.27	14.59	"{""A-B"": 38, ""A-C"": 0, ""A-D"": 40, ""A-E"": 0, ""A-F"": 0, ""B-C"": 0, ""B-D"": 0, ""B-E"": 41, ""B-F"": 0, ""C-D"": 38, ""C-E"": 0, ""C-F"": 41, ""D-E"": 0, ""D-F"": 0, ""E-F"": 40}"	[94, 95, 96, 97, 98, 99, 182, 184, 190, 191, 192, 193, 217, 236, 276, 277, 278, 279, 337, 338, 339, 340, 341, 342, 343, 346, 348, 349, 350, 351, 353, 354, 355, 356, 357]	experiments/e149_final20_stoichiometry_v1/out_s5/ova_c4_iptm80_21s_c6/seed-2_sample-3/ova_c4_iptm80_21s_c6_seed-2_sample-3_summary_confidences.json	experiments/e149_final20_stoichiometry_v1/out_s5/ova_c4_iptm80_21s_c6/seed-2_sample-3/ova_c4_iptm80_21s_c6_seed-2_sample-3_model.cif
ova_c4_iptm80_21s_c6	seed-2_sample-4	6	0.29	0.4	86.2647667128805	nan	nan	0.31	0.0	6	6	1	0	234	234	0	0.35	0.26	15.600000000000001	"{""A-B"": 31, ""A-C"": 0, ""A-D"": 44, ""A-E"": 0, ""A-F"": 0, ""B-C"": 0, ""B-D"": 0, ""B-E"": 49, ""B-F"": 0, ""C-D"": 32, ""C-E"": 0, ""C-F"": 46, ""D-E"": 0, ""D-F"": 0, ""E-F"": 32}"	[94, 95, 96, 97, 98, 99, 182, 184, 190, 191, 192, 193, 217, 236, 276, 277, 278, 338, 339, 340, 341, 342, 343, 345, 346, 347, 348, 349, 350, 351, 353, 354, 355, 356, 357]	experiments/e149_final20_stoichiometry_v1/out_s5/ova_c4_iptm80_21s_c6/seed-2_sample-4/ova_c4_iptm80_21s_c6_seed-2_sample-4_summary_confidences.json	experiments/e149_final20_stoichiometry_v1/out_s5/ova_c4_iptm80_21s_c6/seed-2_sample-4/ova_c4_iptm80_21s_c6_seed-2_sample-4_model.cif
ova_c4_iptm80_21s_c6	seed-3_sample-0	6	0.4	0.49	87.59391177874156	nan	nan	0.42	0.0	6	6	1	0	265	265	0	0.49	0.43	9.045	"{""A-B"": 37, ""A-C"": 50, ""A-D"": 0, ""A-E"": 0, ""A-F"": 0, ""B-C"": 0, ""B-D"": 0, ""B-E"": 50, ""B-F"": 0, ""C-D"": 37, ""C-E"": 0, ""C-F"": 0, ""D-E"": 0, ""D-F"": 54, ""E-F"": 37}"	[1, 2, 3, 6, 10, 64, 65, 66, 82, 83, 86, 87, 89, 90, 94, 95, 96, 97, 98, 99, 184, 190, 191, 192, 193, 261, 262, 263, 266, 267, 270, 271, 272, 338, 340, 342, 344, 345, 348, 373, 374]	experiments/e149_final20_stoichiometry_v1/out_s5/ova_c4_iptm80_21s_c6/seed-3_sample-0/ova_c4_iptm80_21s_c6_seed-3_sample-0_summary_confidences.json	experiments/e149_final20_stoichiometry_v1/out_s5/ova_c4_iptm80_21s_c6/seed-3_sample-0/ova_c4_iptm80_21s_c6_seed-3_sample-0_model.cif
ova_c4_iptm80_21s_c6	seed-3_sample-1	6	0.36	0.46	88.10619167466238	nan	nan	0.38	0.0	6	6	1	0	362	362	0	0.45	0.39	10.67	"{""A-B"": 48, ""A-C"": 72, ""A-D"": 0, ""A-E"": 0, ""A-F"": 0, ""B-C"": 0, ""B-D"": 0, ""B-E"": 74, ""B-F"": 0, ""C-D"": 47, ""C-E"": 0, ""C-F"": 0, ""D-E"": 0, ""D-F"": 74, ""E-F"": 47}"	[1, 2, 3, 6, 10, 63, 64, 65, 66, 67, 68, 79, 83, 86, 87, 90, 94, 95, 96, 97, 98, 99, 182, 184, 190, 191, 192, 193, 236, 259, 261, 262, 263, 264, 266, 267, 270, 271, 272, 338, 339, 340, 342, 343, 344, 345, 348, 373, 374]	experiments/e149_final20_stoichiometry_v1/out_s5/ova_c4_iptm80_21s_c6/seed-3_sample-1/ova_c4_iptm80_21s_c6_seed-3_sample-1_summary_confidences.json	experiments/e149_final20_stoichiometry_v1/out_s5/ova_c4_iptm80_21s_c6/seed-3_sample-1/ova_c4_iptm80_21s_c6_seed-3_sample-1_model.cif
ova_c4_iptm80_21s_c6	seed-3_sample-2	6	0.38	0.47	87.71448184789153	nan	nan	0.4	0.0	6	6	1	0	307	307	0	0.48	0.415	9.82	"{""A-B"": 43, ""A-C"": 58, ""A-D"": 0, ""A-E"": 0, ""A-F"": 0, ""B-C"": 0, ""B-D"": 0, ""B-E"": 55, ""B-F"": 0, ""C-D"": 43, ""C-E"": 0, ""C-F"": 0, ""D-E"": 0, ""D-F"": 62, ""E-F"": 46}"	[1, 2, 3, 6, 10, 63, 64, 65, 66, 79, 82, 83, 86, 87, 90, 94, 95, 96, 97, 98, 99, 182, 184, 190, 191, 192, 193, 236, 262, 263, 264, 266, 267, 270, 271, 272, 338, 339, 340, 342, 343, 344, 345, 348, 373, 374]	experiments/e149_final20_stoichiometry_v1/out_s5/ova_c4_iptm80_21s_c6/seed-3_sample-2/ova_c4_iptm80_21s_c6_seed-3_sample-2_summary_confidences.json	experiments/e149_final20_stoichiometry_v1/out_s5/ova_c4_iptm80_21s_c6/seed-3_sample-2/ova_c4_iptm80_21s_c6_seed-3_sample-2_model.cif
ova_c4_iptm80_21s_c6	seed-3_sample-3	6	0.37	0.47	87.76049210741112	nan	nan	0.39	0.0	6	6	1	0	338	338	0	0.46	0.4	10.07	"{""A-B"": 45, ""A-C"": 66, ""A-D"": 0, ""A-E"": 0, ""A-F"": 0, ""B-C"": 0, ""B-D"": 0, ""B-E"": 65, ""B-F"": 0, ""C-D"": 46, ""C-E"": 0, ""C-F"": 0, ""D-E"": 0, ""D-F"": 71, ""E-F"": 45}"	[1, 2, 3, 5, 6, 64, 65, 66, 68, 79, 83, 86, 87, 90, 94, 95, 96, 97, 98, 99, 182, 184, 190, 191, 192, 193, 236, 263, 264, 266, 267, 269, 270, 271, 272, 338, 340, 342, 343, 344, 345, 348, 373, 374, 375]	experiments/e149_final20_stoichiometry_v1/out_s5/ova_c4_iptm80_21s_c6/seed-3_sample-3/ova_c4_iptm80_21s_c6_seed-3_sample-3_summary_confidences.json	experiments/e149_final20_stoichiometry_v1/out_s5/ova_c4_iptm80_21s_c6/seed-3_sample-3/ova_c4_iptm80_21s_c6_seed-3_sample-3_model.cif
ova_c4_iptm80_21s_c6	seed-3_sample-4	6	0.47	0.54	86.03036268758032	nan	nan	0.48	0.0	12	6	1	0	479	479	0	0.55	0.3	11.305	"{""A-B"": 85, ""A-C"": 14, ""A-D"": 27, ""A-E"": 31, ""A-F"": 0, ""B-C"": 30, ""B-D"": 0, ""B-E"": 13, ""B-F"": 28, ""C-D"": 92, ""C-E"": 0, ""C-F"": 29, ""D-E"": 29, ""D-F"": 15, ""E-F"": 86}"	[82, 83, 86, 87, 90, 94, 95, 96, 97, 98, 99, 147, 151, 155, 156, 157, 158, 159, 160, 164, 182, 183, 184, 188, 189, 190, 191, 192, 194, 210, 215, 216, 217, 271, 272, 276, 278, 285, 286, 287, 289, 332, 334, 336, 337, 338, 339, 340, 342, 343, 344, 345, 346, 347, 348, 349, 350, 351, 352, 353, 354, 355, 373, 374]	experiments/e149_final20_stoichiometry_v1/out_s5/ova_c4_iptm80_21s_c6/seed-3_sample-4/ova_c4_iptm80_21s_c6_seed-3_sample-4_summary_confidences.json	experiments/e149_final20_stoichiometry_v1/out_s5/ova_c4_iptm80_21s_c6/seed-3_sample-4/ova_c4_iptm80_21s_c6_seed-3_sample-4_model.cif
ova_c4_iptm80_20t_c1	seed-1_sample-0	1	0.0	0.92	90.86243530629213	nan	nan	0.92	0.0	0	1	0	0	0	0	0	0.0	nan	nan	{}	[]	experiments/e149_final20_stoichiometry_v1/out_s6/ova_c4_iptm80_20t_c1/seed-1_sample-0/ova_c4_iptm80_20t_c1_seed-1_sample-0_summary_confidences.json	experiments/e149_final20_stoichiometry_v1/out_s6/ova_c4_iptm80_20t_c1/seed-1_sample-0/ova_c4_iptm80_20t_c1_seed-1_sample-0_model.cif
ova_c4_iptm80_20t_c1	seed-1_sample-1	1	0.0	0.91	89.98209863376124	nan	nan	0.91	0.0	0	1	0	0	0	0	0	0.0	nan	nan	{}	[]	experiments/e149_final20_stoichiometry_v1/out_s6/ova_c4_iptm80_20t_c1/seed-1_sample-1/ova_c4_iptm80_20t_c1_seed-1_sample-1_summary_confidences.json	experiments/e149_final20_stoichiometry_v1/out_s6/ova_c4_iptm80_20t_c1/seed-1_sample-1/ova_c4_iptm80_20t_c1_seed-1_sample-1_model.cif
ova_c4_iptm80_20t_c1	seed-1_sample-2	1	0.0	0.92	90.69277195115164	nan	nan	0.92	0.0	0	1	0	0	0	0	0	0.0	nan	nan	{}	[]	experiments/e149_final20_stoichiometry_v1/out_s6/ova_c4_iptm80_20t_c1/seed-1_sample-2/ova_c4_iptm80_20t_c1_seed-1_sample-2_summary_confidences.json	experiments/e149_final20_stoichiometry_v1/out_s6/ova_c4_iptm80_20t_c1/seed-1_sample-2/ova_c4_iptm80_20t_c1_seed-1_sample-2_model.cif
ova_c4_iptm80_20t_c1	seed-1_sample-3	1	0.0	0.92	90.68173586395739	nan	nan	0.92	0.0	0	1	0	0	0	0	0	0.0	nan	nan	{}	[]	experiments/e149_final20_stoichiometry_v1/out_s6/ova_c4_iptm80_20t_c1/seed-1_sample-3/ova_c4_iptm80_20t_c1_seed-1_sample-3_summary_confidences.json	experiments/e149_final20_stoichiometry_v1/out_s6/ova_c4_iptm80_20t_c1/seed-1_sample-3/ova_c4_iptm80_20t_c1_seed-1_sample-3_model.cif
ova_c4_iptm80_20t_c1	seed-1_sample-4	1	0.0	0.92	90.35305706083466	nan	nan	0.92	0.0	0	1	0	0	0	0	0	0.0	nan	nan	{}	[]	experiments/e149_final20_stoichiometry_v1/out_s6/ova_c4_iptm80_20t_c1/seed-1_sample-4/ova_c4_iptm80_20t_c1_seed-1_sample-4_summary_confidences.json	experiments/e149_final20_stoichiometry_v1/out_s6/ova_c4_iptm80_20t_c1/seed-1_sample-4/ova_c4_iptm80_20t_c1_seed-1_sample-4_model.cif
ova_c4_iptm80_20t_c1	seed-2_sample-0	1	0.0	0.92	90.69608813863962	nan	nan	0.92	0.0	0	1	0	0	0	0	0	0.0	nan	nan	{}	[]	experiments/e149_final20_stoichiometry_v1/out_s6/ova_c4_iptm80_20t_c1/seed-2_sample-0/ova_c4_iptm80_20t_c1_seed-2_sample-0_summary_confidences.json	experiments/e149_final20_stoichiometry_v1/out_s6/ova_c4_iptm80_20t_c1/seed-2_sample-0/ova_c4_iptm80_20t_c1_seed-2_sample-0_model.cif
ova_c4_iptm80_20t_c1	seed-2_sample-1	1	0.0	0.92	90.9312952664232	nan	nan	0.92	0.0	0	1	0	0	0	0	0	0.0	nan	nan	{}	[]	experiments/e149_final20_stoichiometry_v1/out_s6/ova_c4_iptm80_20t_c1/seed-2_sample-1/ova_c4_iptm80_20t_c1_seed-2_sample-1_summary_confidences.json	experiments/e149_final20_stoichiometry_v1/out_s6/ova_c4_iptm80_20t_c1/seed-2_sample-1/ova_c4_iptm80_20t_c1_seed-2_sample-1_model.cif
ova_c4_iptm80_20t_c1	seed-2_sample-2	1	0.0	0.92	90.57336775626543	nan	nan	0.92	0.0	0	1	0	0	0	0	0	0.0	nan	nan	{}	[]	experiments/e149_final20_stoichiometry_v1/out_s6/ova_c4_iptm80_20t_c1/seed-2_sample-2/ova_c4_iptm80_20t_c1_seed-2_sample-2_summary_confidences.json	experiments/e149_final20_stoichiometry_v1/out_s6/ova_c4_iptm80_20t_c1/seed-2_sample-2/ova_c4_iptm80_20t_c1_seed-2_sample-2_model.cif
ova_c4_iptm80_20t_c1	seed-2_sample-3	1	0.0	0.92	90.93352332634012	nan	nan	0.92	0.0	0	1	0	0	0	0	0	0.0	nan	nan	{}	[]	experiments/e149_final20_stoichiometry_v1/out_s6/ova_c4_iptm80_20t_c1/seed-2_sample-3/ova_c4_iptm80_20t_c1_seed-2_sample-3_summary_confidences.json	experiments/e149_final20_stoichiometry_v1/out_s6/ova_c4_iptm80_20t_c1/seed-2_sample-3/ova_c4_iptm80_20t_c1_seed-2_sample-3_model.cif
ova_c4_iptm80_20t_c1	seed-2_sample-4	1	0.0	0.92	90.54259072931319	nan	nan	0.92	0.0	0	1	0	0	0	0	0	0.0	nan	nan	{}	[]	experiments/e149_final20_stoichiometry_v1/out_s6/ova_c4_iptm80_20t_c1/seed-2_sample-4/ova_c4_iptm80_20t_c1_seed-2_sample-4_summary_confidences.json	experiments/e149_final20_stoichiometry_v1/out_s6/ova_c4_iptm80_20t_c1/seed-2_sample-4/ova_c4_iptm80_20t_c1_seed-2_sample-4_model.cif
ova_c4_iptm80_20t_c1	seed-3_sample-0	1	0.0	0.92	90.61362701376486	nan	nan	0.92	0.0	0	1	0	0	0	0	0	0.0	nan	nan	{}	[]	experiments/e149_final20_stoichiometry_v1/out_s6/ova_c4_iptm80_20t_c1/seed-3_sample-0/ova_c4_iptm80_20t_c1_seed-3_sample-0_summary_confidences.json	experiments/e149_final20_stoichiometry_v1/out_s6/ova_c4_iptm80_20t_c1/seed-3_sample-0/ova_c4_iptm80_20t_c1_seed-3_sample-0_model.cif
ova_c4_iptm80_20t_c1	seed-3_sample-1	1	0.0	0.92	90.67943002769984	nan	nan	0.92	0.0	0	1	0	0	0	0	0	0.0	nan	nan	{}	[]	experiments/e149_final20_stoichiometry_v1/out_s6/ova_c4_iptm80_20t_c1/seed-3_sample-1/ova_c4_iptm80_20t_c1_seed-3_sample-1_summary_confidences.json	experiments/e149_final20_stoichiometry_v1/out_s6/ova_c4_iptm80_20t_c1/seed-3_sample-1/ova_c4_iptm80_20t_c1_seed-3_sample-1_model.cif
ova_c4_iptm80_20t_c1	seed-3_sample-2	1	0.0	0.92	90.69645092030264	nan	nan	0.92	0.0	0	1	0	0	0	0	0	0.0	nan	nan	{}	[]	experiments/e149_final20_stoichiometry_v1/out_s6/ova_c4_iptm80_20t_c1/seed-3_sample-2/ova_c4_iptm80_20t_c1_seed-3_sample-2_summary_confidences.json	experiments/e149_final20_stoichiometry_v1/out_s6/ova_c4_iptm80_20t_c1/seed-3_sample-2/ova_c4_iptm80_20t_c1_seed-3_sample-2_model.cif
ova_c4_iptm80_20t_c1	seed-3_sample-3	1	0.0	0.92	90.33220205158767	nan	nan	0.92	0.0	0	1	0	0	0	0	0	0.0	nan	nan	{}	[]	experiments/e149_final20_stoichiometry_v1/out_s6/ova_c4_iptm80_20t_c1/seed-3_sample-3/ova_c4_iptm80_20t_c1_seed-3_sample-3_summary_confidences.json	experiments/e149_final20_stoichiometry_v1/out_s6/ova_c4_iptm80_20t_c1/seed-3_sample-3/ova_c4_iptm80_20t_c1_seed-3_sample-3_model.cif
ova_c4_iptm80_20t_c1	seed-3_sample-4	1	0.0	0.92	90.76051819756859	nan	nan	0.92	0.0	0	1	0	0	0	0	0	0.0	nan	nan	{}	[]	experiments/e149_final20_stoichiometry_v1/out_s6/ova_c4_iptm80_20t_c1/seed-3_sample-4/ova_c4_iptm80_20t_c1_seed-3_sample-4_summary_confidences.json	experiments/e149_final20_stoichiometry_v1/out_s6/ova_c4_iptm80_20t_c1/seed-3_sample-4/ova_c4_iptm80_20t_c1_seed-3_sample-4_model.cif
ova_c4_iptm80_20t_c2	seed-1_sample-0	2	0.33	0.62	89.01287576942246	nan	nan	0.39	0.0	1	2	1	0	72	72	0	0.33	0.33	14.01	"{""A-B"": 72}"	[94, 95, 96, 97, 98, 99, 151, 155, 156, 157, 182, 183, 184, 188, 190, 191, 192, 194, 195, 196, 208, 236, 336, 337, 338, 339, 340, 342, 343, 344, 347]	experiments/e149_final20_stoichiometry_v1/out_s4/ova_c4_iptm80_20t_c2/seed-1_sample-0/ova_c4_iptm80_20t_c2_seed-1_sample-0_summary_confidences.json	experiments/e149_final20_stoichiometry_v1/out_s4/ova_c4_iptm80_20t_c2/seed-1_sample-0/ova_c4_iptm80_20t_c2_seed-1_sample-0_model.cif
ova_c4_iptm80_20t_c2	seed-1_sample-1	2	0.4	0.66	89.38367875252364	nan	nan	0.45	0.0	1	2	1	0	49	49	0	0.4	0.4	12.46	"{""A-B"": 49}"	[96, 97, 98, 99, 155, 182, 183, 184, 188, 190, 191, 192, 193, 195, 236, 337, 338, 339, 340, 342, 343, 344, 348]	experiments/e149_final20_stoichiometry_v1/out_s4/ova_c4_iptm80_20t_c2/seed-1_sample-1/ova_c4_iptm80_20t_c2_seed-1_sample-1_summary_confidences.json	experiments/e149_final20_stoichiometry_v1/out_s4/ova_c4_iptm80_20t_c2/seed-1_sample-1/ova_c4_iptm80_20t_c2_seed-1_sample-1_model.cif
ova_c4_iptm80_20t_c2	seed-1_sample-2	2	0.36	0.64	89.181865168359	nan	nan	0.41	0.0	1	2	1	0	58	58	0	0.36	0.36	13.58	"{""A-B"": 58}"	[96, 97, 98, 99, 155, 156, 157, 182, 183, 184, 188, 190, 191, 192, 195, 196, 337, 338, 339, 340, 342, 343, 344, 345, 347, 348]	experiments/e149_final20_stoichiometry_v1/out_s4/ova_c4_iptm80_20t_c2/seed-1_sample-2/ova_c4_iptm80_20t_c2_seed-1_sample-2_summary_confidences.json	experiments/e149_final20_stoichiometry_v1/out_s4/ova_c4_iptm80_20t_c2/seed-1_sample-2/ova_c4_iptm80_20t_c2_seed-1_sample-2_model.cif
ova_c4_iptm80_20t_c2	seed-1_sample-3	2	0.35	0.63	88.95689105493418	nan	nan	0.4	0.0	1	2	1	0	55	55	0	0.35	0.35	14.06	"{""A-B"": 55}"	[96, 97, 98, 99, 155, 156, 157, 182, 183, 184, 188, 190, 191, 192, 195, 196, 336, 337, 338, 339, 340, 342, 343, 344, 345, 347, 348]	experiments/e149_final20_stoichiometry_v1/out_s4/ova_c4_iptm80_20t_c2/seed-1_sample-3/ova_c4_iptm80_20t_c2_seed-1_sample-3_summary_confidences.json	experiments/e149_final20_stoichiometry_v1/out_s4/ova_c4_iptm80_20t_c2/seed-1_sample-3/ova_c4_iptm80_20t_c2_seed-1_sample-3_model.cif
ova_c4_iptm80_20t_c2	seed-1_sample-4	2	0.4	0.65	89.28155450376204	nan	nan	0.45	0.0	1	2	1	0	39	39	0	0.4	0.4	12.46	"{""A-B"": 39}"	[96, 98, 99, 155, 156, 182, 183, 184, 190, 191, 192, 195, 196, 337, 338, 339, 340, 342, 343, 346]	experiments/e149_final20_stoichiometry_v1/out_s4/ova_c4_iptm80_20t_c2/seed-1_sample-4/ova_c4_iptm80_20t_c2_seed-1_sample-4_summary_confidences.json	experiments/e149_final20_stoichiometry_v1/out_s4/ova_c4_iptm80_20t_c2/seed-1_sample-4/ova_c4_iptm80_20t_c2_seed-1_sample-4_model.cif
ova_c4_iptm80_20t_c2	seed-2_sample-0	2	0.44	0.67	89.84984456195733	nan	nan	0.48	0.0	1	2	1	0	58	58	0	0.44	0.44	8.4	"{""A-B"": 58}"	[94, 95, 96, 97, 98, 99, 151, 155, 156, 157, 182, 183, 184, 188, 190, 191, 192, 194, 195, 196, 208, 336, 337, 338, 339, 340, 342, 343, 344, 347]	experiments/e149_final20_stoichiometry_v1/out_s4/ova_c4_iptm80_20t_c2/seed-2_sample-0/ova_c4_iptm80_20t_c2_seed-2_sample-0_summary_confidences.json	experiments/e149_final20_stoichiometry_v1/out_s4/ova_c4_iptm80_20t_c2/seed-2_sample-0/ova_c4_iptm80_20t_c2_seed-2_sample-0_model.cif
ova_c4_iptm80_20t_c2	seed-2_sample-1	2	0.53	0.72	90.2267616153381	nan	nan	0.57	0.0	1	2	1	0	46	46	0	0.53	0.53	7.42	"{""A-B"": 46}"	[94, 95, 96, 97, 98, 99, 182, 184, 190, 191, 192, 193, 236, 337, 338, 339, 340, 342, 343, 344, 347]	experiments/e149_final20_stoichiometry_v1/out_s4/ova_c4_iptm80_20t_c2/seed-2_sample-1/ova_c4_iptm80_20t_c2_seed-2_sample-1_summary_confidences.json	experiments/e149_final20_stoichiometry_v1/out_s4/ova_c4_iptm80_20t_c2/seed-2_sample-1/ova_c4_iptm80_20t_c2_seed-2_sample-1_model.cif
ova_c4_iptm80_20t_c2	seed-2_sample-2	2	0.52	0.71	90.04937811342546	nan	nan	0.56	0.0	1	2	1	0	51	51	0	0.52	0.52	7.42	"{""A-B"": 51}"	[95, 96, 97, 98, 99, 155, 156, 182, 183, 184, 190, 191, 192, 193, 195, 196, 236, 337, 338, 339, 340, 342, 343, 344, 345]	experiments/e149_final20_stoichiometry_v1/out_s4/ova_c4_iptm80_20t_c2/seed-2_sample-2/ova_c4_iptm80_20t_c2_seed-2_sample-2_summary_confidences.json	experiments/e149_final20_stoichiometry_v1/out_s4/ova_c4_iptm80_20t_c2/seed-2_sample-2/ova_c4_iptm80_20t_c2_seed-2_sample-2_model.cif
ova_c4_iptm80_20t_c2	seed-2_sample-3	2	0.46	0.69	90.02958548748431	nan	nan	0.51	0.0	1	2	1	0	48	48	0	0.46	0.46	9.02	"{""A-B"": 48}"	[94, 95, 96, 97, 98, 99, 182, 184, 190, 191, 192, 193, 236, 338, 339, 340, 342, 343, 344, 348]	experiments/e149_final20_stoichiometry_v1/out_s4/ova_c4_iptm80_20t_c2/seed-2_sample-3/ova_c4_iptm80_20t_c2_seed-2_sample-3_summary_confidences.json	experiments/e149_final20_stoichiometry_v1/out_s4/ova_c4_iptm80_20t_c2/seed-2_sample-3/ova_c4_iptm80_20t_c2_seed-2_sample-3_model.cif
ova_c4_iptm80_20t_c2	seed-2_sample-4	2	0.48	0.7	89.84012961511168	nan	nan	0.52	0.0	1	2	1	0	43	43	0	0.48	0.48	8.04	"{""A-B"": 43}"	[96, 97, 98, 99, 155, 182, 183, 184, 190, 191, 192, 195, 236, 337, 338, 339, 340, 342, 343, 344, 347]	experiments/e149_final20_stoichiometry_v1/out_s4/ova_c4_iptm80_20t_c2/seed-2_sample-4/ova_c4_iptm80_20t_c2_seed-2_sample-4_summary_confidences.json	experiments/e149_final20_stoichiometry_v1/out_s4/ova_c4_iptm80_20t_c2/seed-2_sample-4/ova_c4_iptm80_20t_c2_seed-2_sample-4_model.cif
ova_c4_iptm80_20t_c2	seed-3_sample-0	2	0.31	0.61	88.13958538628613	nan	nan	0.37	0.0	1	2	1	0	75	75	0	0.31	0.31	15.5	"{""A-B"": 75}"	[95, 96, 97, 98, 99, 151, 152, 154, 155, 156, 157, 159, 182, 183, 184, 188, 190, 191, 192, 194, 195, 196, 208, 210, 336, 337, 338, 339, 340, 342, 344, 348]	experiments/e149_final20_stoichiometry_v1/out_s4/ova_c4_iptm80_20t_c2/seed-3_sample-0/ova_c4_iptm80_20t_c2_seed-3_sample-0_summary_confidences.json	experiments/e149_final20_stoichiometry_v1/out_s4/ova_c4_iptm80_20t_c2/seed-3_sample-0/ova_c4_iptm80_20t_c2_seed-3_sample-0_model.cif
ova_c4_iptm80_20t_c2	seed-3_sample-1	2	0.31	0.61	88.12769429300734	nan	nan	0.37	0.0	1	2	1	0	59	59	0	0.31	0.31	15.49	"{""A-B"": 59}"	[95, 96, 97, 98, 99, 151, 152, 155, 156, 157, 182, 183, 184, 188, 191, 192, 194, 195, 196, 208, 210, 336, 337, 338, 339, 342]	experiments/e149_final20_stoichiometry_v1/out_s4/ova_c4_iptm80_20t_c2/seed-3_sample-1/ova_c4_iptm80_20t_c2_seed-3_sample-1_summary_confidences.json	experiments/e149_final20_stoichiometry_v1/out_s4/ova_c4_iptm80_20t_c2/seed-3_sample-1/ova_c4_iptm80_20t_c2_seed-3_sample-1_model.cif
ova_c4_iptm80_20t_c2	seed-3_sample-2	2	0.3	0.6	87.86238350151734	nan	nan	0.36	0.0	1	2	1	0	75	75	0	0.3	0.3	15.49	"{""A-B"": 75}"	[94, 95, 96, 97, 98, 99, 151, 152, 154, 155, 156, 157, 182, 183, 184, 190, 191, 192, 194, 195, 196, 208, 209, 210, 336, 337, 338, 339, 340, 342, 343]	experiments/e149_final20_stoichiometry_v1/out_s4/ova_c4_iptm80_20t_c2/seed-3_sample-2/ova_c4_iptm80_20t_c2_seed-3_sample-2_summary_confidences.json	experiments/e149_final20_stoichiometry_v1/out_s4/ova_c4_iptm80_20t_c2/seed-3_sample-2/ova_c4_iptm80_20t_c2_seed-3_sample-2_model.cif
ova_c4_iptm80_20t_c2	seed-3_sample-3	2	0.3	0.6	88.07212435272692	nan	nan	0.36	0.0	1	2	1	0	95	95	0	0.3	0.3	14.46	"{""A-B"": 95}"	[94, 95, 96, 97, 98, 99, 148, 151, 152, 154, 155, 156, 157, 182, 183, 184, 191, 192, 194, 195, 196, 208, 209, 210, 236, 336, 337, 338, 339, 340, 341, 342, 343, 344, 345, 346]	experiments/e149_final20_stoichiometry_v1/out_s4/ova_c4_iptm80_20t_c2/seed-3_sample-3/ova_c4_iptm80_20t_c2_seed-3_sample-3_summary_confidences.json	experiments/e149_final20_stoichiometry_v1/out_s4/ova_c4_iptm80_20t_c2/seed-3_sample-3/ova_c4_iptm80_20t_c2_seed-3_sample-3_model.cif
ova_c4_iptm80_20t_c2	seed-3_sample-4	2	0.28	0.6	87.91134731510142	nan	nan	0.34	0.0	1	2	1	0	59	59	0	0.28	0.28	15.99	"{""A-B"": 59}"	[94, 95, 96, 97, 98, 99, 151, 152, 155, 156, 157, 159, 182, 183, 184, 191, 192, 194, 195, 196, 208, 210, 336, 337, 338, 339, 340, 342, 344]	experiments/e149_final20_stoichiometry_v1/out_s4/ova_c4_iptm80_20t_c2/seed-3_sample-4/ova_c4_iptm80_20t_c2_seed-3_sample-4_summary_confidences.json	experiments/e149_final20_stoichiometry_v1/out_s4/ova_c4_iptm80_20t_c2/seed-3_sample-4/ova_c4_iptm80_20t_c2_seed-3_sample-4_model.cif
ova_c4_iptm80_20t_c3	seed-1_sample-0	3	0.16	0.42	86.1689635163144	nan	nan	0.21	0.0	3	3	1	0	142	142	0	0.13	0.13	22.53	"{""A-B"": 47, ""A-C"": 44, ""B-C"": 51}"	[93, 94, 95, 96, 97, 99, 155, 182, 184, 186, 187, 188, 191, 192, 216, 217, 219, 232, 234, 238, 241, 271, 272, 276, 278, 338, 339, 340, 341, 342, 343, 344, 345, 346, 348, 349, 350, 351, 354, 372, 373, 375]	experiments/e149_final20_stoichiometry_v1/out_s6/ova_c4_iptm80_20t_c3/seed-1_sample-0/ova_c4_iptm80_20t_c3_seed-1_sample-0_summary_confidences.json	experiments/e149_final20_stoichiometry_v1/out_s6/ova_c4_iptm80_20t_c3/seed-1_sample-0/ova_c4_iptm80_20t_c3_seed-1_sample-0_model.cif
ova_c4_iptm80_20t_c3	seed-1_sample-1	3	0.21	0.45	86.4817098311192	nan	nan	0.26	0.0	3	3	1	0	109	109	0	0.13	0.13	21.95	"{""A-B"": 38, ""A-C"": 24, ""B-C"": 47}"	[95, 96, 97, 98, 99, 151, 155, 156, 157, 182, 183, 184, 187, 190, 191, 192, 193, 195, 196, 208, 213, 215, 216, 217, 337, 338, 340, 341, 342, 343, 344, 345, 346, 347, 348, 349, 350, 352]	experiments/e149_final20_stoichiometry_v1/out_s6/ova_c4_iptm80_20t_c3/seed-1_sample-1/ova_c4_iptm80_20t_c3_seed-1_sample-1_summary_confidences.json	experiments/e149_final20_stoichiometry_v1/out_s6/ova_c4_iptm80_20t_c3/seed-1_sample-1/ova_c4_iptm80_20t_c3_seed-1_sample-1_model.cif
ova_c4_iptm80_20t_c3	seed-1_sample-2	3	0.17	0.43	86.71222784605669	nan	nan	0.23	0.0	3	3	1	0	97	97	0	0.14	0.14	23.48	"{""A-B"": 33, ""A-C"": 31, ""B-C"": 33}"	[94, 95, 96, 97, 98, 99, 101, 149, 152, 153, 154, 155, 182, 183, 184, 190, 191, 192, 193, 194, 195, 196, 208, 210, 213, 342, 343, 344]	experiments/e149_final20_stoichiometry_v1/out_s6/ova_c4_iptm80_20t_c3/seed-1_sample-2/ova_c4_iptm80_20t_c3_seed-1_sample-2_summary_confidences.json	experiments/e149_final20_stoichiometry_v1/out_s6/ova_c4_iptm80_20t_c3/seed-1_sample-2/ova_c4_iptm80_20t_c3_seed-1_sample-2_model.cif
ova_c4_iptm80_20t_c3	seed-1_sample-3	3	0.2	0.45	86.6710620445291	nan	nan	0.25	0.0	3	3	1	0	84	84	0	0.11	0.11	27.66	"{""A-B"": 39, ""A-C"": 10, ""B-C"": 35}"	[25, 94, 95, 96, 97, 98, 99, 138, 139, 140, 141, 143, 144, 155, 156, 160, 164, 165, 182, 183, 184, 190, 191, 192, 195, 196, 201, 202, 203, 204, 205, 206, 207, 337, 338, 340, 342, 344, 347]	experiments/e149_final20_stoichiometry_v1/out_s6/ova_c4_iptm80_20t_c3/seed-1_sample-3/ova_c4_iptm80_20t_c3_seed-1_sample-3_summary_confidences.json	experiments/e149_final20_stoichiometry_v1/out_s6/ova_c4_iptm80_20t_c3/seed-1_sample-3/ova_c4_iptm80_20t_c3_seed-1_sample-3_model.cif
ova_c4_iptm80_20t_c3	seed-1_sample-4	3	0.17	0.43	86.68487052719827	nan	nan	0.22	0.0	3	3	1	0	101	101	0	0.14	0.14	23.9	"{""A-B"": 34, ""A-C"": 32, ""B-C"": 35}"	[93, 94, 95, 96, 97, 98, 99, 101, 149, 152, 153, 154, 155, 156, 182, 183, 190, 191, 192, 193, 194, 195, 196, 208, 210, 213, 342, 343, 348, 352]	experiments/e149_final20_stoichiometry_v1/out_s6/ova_c4_iptm80_20t_c3/seed-1_sample-4/ova_c4_iptm80_20t_c3_seed-1_sample-4_summary_confidences.json	experiments/e149_final20_stoichiometry_v1/out_s6/ova_c4_iptm80_20t_c3/seed-1_sample-4/ova_c4_iptm80_20t_c3_seed-1_sample-4_model.cif
ova_c4_iptm80_20t_c3	seed-2_sample-0	3	0.15	0.41	86.75349762279134	nan	nan	0.2	0.0	3	3	1	0	89	89	0	0.11	0.11	27.32	"{""A-B"": 36, ""A-C"": 38, ""B-C"": 15}"	[94, 95, 96, 97, 110, 111, 113, 116, 119, 120, 123, 127, 129, 130, 132, 133, 134, 136, 137, 148, 149, 151, 152, 155, 156, 157, 184, 188, 190, 191, 192, 194, 210, 217, 236, 237, 271, 272, 274, 275, 276, 278, 317, 318, 319, 336, 337, 338, 339, 340, 341, 342, 343, 344, 345, 348, 372, 373]	experiments/e149_final20_stoichiometry_v1/out_s6/ova_c4_iptm80_20t_c3/seed-2_sample-0/ova_c4_iptm80_20t_c3_seed-2_sample-0_summary_confidences.json	experiments/e149_final20_stoichiometry_v1/out_s6/ova_c4_iptm80_20t_c3/seed-2_sample-0/ova_c4_iptm80_20t_c3_seed-2_sample-0_model.cif
ova_c4_iptm80_20t_c3	seed-2_sample-1	3	0.17	0.43	86.75554409916536	nan	nan	0.22	0.0	3	3	1	0	78	78	0	0.12	0.12	22.15	"{""A-B"": 14, ""A-C"": 27, ""B-C"": 37}"	[95, 96, 97, 99, 182, 184, 188, 190, 191, 192, 217, 236, 237, 238, 338, 339, 340, 341, 342, 343, 344, 345, 346, 347, 348, 349, 352]	experiments/e149_final20_stoichiometry_v1/out_s6/ova_c4_iptm80_20t_c3/seed-2_sample-1/ova_c4_iptm80_20t_c3_seed-2_sample-1_summary_confidences.json	experiments/e149_final20_stoichiometry_v1/out_s6/ova_c4_iptm80_20t_c3/seed-2_sample-1/ova_c4_iptm80_20t_c3_seed-2_sample-1_model.cif
ova_c4_iptm80_20t_c3	seed-2_sample-2	3	0.15	0.41	86.45111390346072	nan	nan	0.2	0.0	3	3	1	0	141	141	0	0.12	0.12	25.74	"{""A-B"": 46, ""A-C"": 49, ""B-C"": 46}"	[1, 3, 5, 6, 64, 65, 68, 69, 79, 89, 90, 93, 94, 95, 96, 97, 98, 99, 120, 123, 124, 127, 182, 183, 184, 188, 217, 219, 232, 236, 266, 269, 270, 271, 274, 275, 276, 277, 278, 338, 339, 340, 341, 342, 345, 346, 349, 350, 354, 372, 373, 374, 375]	experiments/e149_final20_stoichiometry_v1/out_s6/ova_c4_iptm80_20t_c3/seed-2_sample-2/ova_c4_iptm80_20t_c3_seed-2_sample-2_summary_confidences.json	experiments/e149_final20_stoichiometry_v1/out_s6/ova_c4_iptm80_20t_c3/seed-2_sample-2/ova_c4_iptm80_20t_c3_seed-2_sample-2_model.cif
ova_c4_iptm80_20t_c3	seed-2_sample-3	3	0.18	0.43	86.62336802112006	nan	nan	0.23	0.0	3	3	1	0	78	78	0	0.13	0.13	22.07	"{""A-B"": 32, ""A-C"": 29, ""B-C"": 17}"	[93, 94, 95, 96, 97, 99, 155, 156, 182, 184, 190, 191, 192, 193, 195, 196, 213, 216, 217, 278, 338, 340, 341, 342, 343, 344, 345, 346, 347, 348, 349, 350, 352]	experiments/e149_final20_stoichiometry_v1/out_s6/ova_c4_iptm80_20t_c3/seed-2_sample-3/ova_c4_iptm80_20t_c3_seed-2_sample-3_summary_confidences.json	experiments/e149_final20_stoichiometry_v1/out_s6/ova_c4_iptm80_20t_c3/seed-2_sample-3/ova_c4_iptm80_20t_c3_seed-2_sample-3_model.cif
ova_c4_iptm80_20t_c3	seed-2_sample-4	3	0.19	0.44	86.81207255625354	nan	nan	0.24	0.0	3	3	1	0	95	95	0	0.12	0.12	23.06	"{""A-B"": 51, ""A-C"": 10, ""B-C"": 34}"	[96, 97, 98, 99, 141, 144, 152, 155, 156, 157, 159, 160, 182, 183, 184, 186, 188, 190, 191, 192, 194, 195, 196, 210, 217, 219, 232, 234, 238, 239, 241, 271, 275, 276, 278, 336, 337, 338, 339, 340, 341, 342, 343, 344, 345, 346, 347, 348, 349, 372, 373]	experiments/e149_final20_stoichiometry_v1/out_s6/ova_c4_iptm80_20t_c3/seed-2_sample-4/ova_c4_iptm80_20t_c3_seed-2_sample-4_summary_confidences.json	experiments/e149_final20_stoichiometry_v1/out_s6/ova_c4_iptm80_20t_c3/seed-2_sample-4/ova_c4_iptm80_20t_c3_seed-2_sample-4_model.cif
ova_c4_iptm80_20t_c3	seed-3_sample-0	3	0.17	0.42	85.5103108252886	nan	nan	0.22	0.0	3	3	1	0	174	174	0	0.14	0.14	19.74	"{""A-B"": 57, ""A-C"": 56, ""B-C"": 61}"	[94, 95, 96, 97, 99, 155, 156, 157, 182, 184, 186, 187, 188, 191, 194, 216, 217, 219, 234, 236, 275, 276, 277, 278, 285, 287, 334, 336, 337, 338, 339, 340, 341, 342, 343, 344, 345, 346, 349, 350, 354, 355, 356]	experiments/e149_final20_stoichiometry_v1/out_s6/ova_c4_iptm80_20t_c3/seed-3_sample-0/ova_c4_iptm80_20t_c3_seed-3_sample-0_summary_confidences.json	experiments/e149_final20_stoichiometry_v1/out_s6/ova_c4_iptm80_20t_c3/seed-3_sample-0/ova_c4_iptm80_20t_c3_seed-3_sample-0_model.cif
ova_c4_iptm80_20t_c3	seed-3_sample-1	3	0.18	0.43	85.93287554923735	nan	nan	0.23	0.0	3	3	1	0	79	79	0	0.1	0.1	29.19	"{""A-B"": 13, ""A-C"": 36, ""B-C"": 30}"	[1, 2, 3, 6, 7, 61, 62, 63, 64, 66, 82, 96, 97, 98, 99, 131, 138, 141, 145, 148, 149, 152, 155, 156, 182, 183, 184, 190, 191, 192, 195, 196, 197, 198, 203, 204, 206, 208, 222, 224, 238, 248, 249, 250, 270, 271, 272, 273, 275, 337, 338, 340, 342, 344, 353, 354, 356, 357, 358, 360, 373]	experiments/e149_final20_stoichiometry_v1/out_s6/ova_c4_iptm80_20t_c3/seed-3_sample-1/ova_c4_iptm80_20t_c3_seed-3_sample-1_summary_confidences.json	experiments/e149_final20_stoichiometry_v1/out_s6/ova_c4_iptm80_20t_c3/seed-3_sample-1/ova_c4_iptm80_20t_c3_seed-3_sample-1_model.cif
ova_c4_iptm80_20t_c3	seed-3_sample-2	3	0.17	0.43	85.95287583899622	nan	nan	0.22	0.0	3	3	1	0	108	108	0	0.14	0.14	23.57	"{""A-B"": 35, ""A-C"": 36, ""B-C"": 37}"	[93, 94, 95, 96, 97, 98, 99, 101, 149, 152, 153, 154, 155, 182, 183, 184, 190, 191, 192, 193, 194, 195, 196, 208, 210, 213, 342, 343, 348, 352]	experiments/e149_final20_stoichiometry_v1/out_s6/ova_c4_iptm80_20t_c3/seed-3_sample-2/ova_c4_iptm80_20t_c3_seed-3_sample-2_summary_confidences.json	experiments/e149_final20_stoichiometry_v1/out_s6/ova_c4_iptm80_20t_c3/seed-3_sample-2/ova_c4_iptm80_20t_c3_seed-3_sample-2_model.cif
ova_c4_iptm80_20t_c3	seed-3_sample-3	3	0.19	0.44	85.99818667476042	nan	nan	0.24	0.0	3	3	1	0	105	105	0	0.13	0.13	21.87	"{""A-B"": 31, ""A-C"": 40, ""B-C"": 34}"	[94, 95, 96, 97, 98, 99, 101, 155, 156, 157, 159, 182, 184, 187, 190, 191, 192, 193, 195, 196, 208, 216, 217, 337, 338, 340, 341, 342, 343, 344, 345, 346, 347, 348, 349, 350]	experiments/e149_final20_stoichiometry_v1/out_s6/ova_c4_iptm80_20t_c3/seed-3_sample-3/ova_c4_iptm80_20t_c3_seed-3_sample-3_summary_confidences.json	experiments/e149_final20_stoichiometry_v1/out_s6/ova_c4_iptm80_20t_c3/seed-3_sample-3/ova_c4_iptm80_20t_c3_seed-3_sample-3_model.cif
ova_c4_iptm80_20t_c3	seed-3_sample-4	3	0.14	0.41	85.60103640778695	nan	nan	0.19	0.0	3	3	1	0	107	107	0	0.11	0.11	26.68	"{""A-B"": 37, ""A-C"": 35, ""B-C"": 35}"	[3, 73, 94, 95, 96, 97, 114, 116, 119, 120, 124, 127, 131, 132, 145, 148, 149, 151, 152, 155, 156, 186, 187, 216, 217, 236, 237, 238, 271, 272, 275, 276, 277, 278, 340, 341, 344, 346, 350, 373]	experiments/e149_final20_stoichiometry_v1/out_s6/ova_c4_iptm80_20t_c3/seed-3_sample-4/ova_c4_iptm80_20t_c3_seed-3_sample-4_summary_confidences.json	experiments/e149_final20_stoichiometry_v1/out_s6/ova_c4_iptm80_20t_c3/seed-3_sample-4/ova_c4_iptm80_20t_c3_seed-3_sample-4_model.cif
ova_c4_iptm80_20t_c5	seed-1_sample-0	5	0.39	0.5	86.7570985290053	nan	nan	0.41	0.0	9	5	1	0	217	217	0	0.1	0.34	15.39	"{""A-B"": 25, ""A-C"": 57, ""A-D"": 6, ""A-E"": 24, ""B-C"": 6, ""B-D"": 60, ""B-E"": 7, ""C-D"": 25, ""C-E"": 7, ""D-E"": 0}"	[86, 95, 96, 97, 98, 99, 123, 145, 147, 148, 151, 152, 155, 159, 160, 164, 182, 184, 188, 190, 191, 192, 193, 195, 196, 197, 198, 200, 204, 206, 207, 208, 211, 216, 217, 236, 249, 250, 271, 272, 277, 278, 287, 289, 337, 338, 339, 340, 341, 342, 343, 344, 345, 346, 347, 348, 349, 350, 351, 353, 354, 356, 360, 362, 373, 374]	experiments/e149_final20_stoichiometry_v1/out_s3/ova_c4_iptm80_20t_c5/seed-1_sample-0/ova_c4_iptm80_20t_c5_seed-1_sample-0_summary_confidences.json	experiments/e149_final20_stoichiometry_v1/out_s3/ova_c4_iptm80_20t_c5/seed-1_sample-0/ova_c4_iptm80_20t_c5_seed-1_sample-0_model.cif
ova_c4_iptm80_20t_c5	seed-1_sample-1	5	0.38	0.5	86.04072554000301	nan	nan	0.41	0.0	8	5	1	0	195	195	0	0.11	0.3	16.02	"{""A-B"": 15, ""A-C"": 49, ""A-D"": 7, ""A-E"": 0, ""B-C"": 6, ""B-D"": 50, ""B-E"": 12, ""C-D"": 20, ""C-E"": 0, ""D-E"": 36}"	[1, 2, 3, 64, 65, 82, 86, 93, 94, 95, 96, 97, 98, 99, 138, 139, 140, 141, 143, 144, 148, 151, 156, 159, 160, 164, 182, 184, 188, 190, 191, 192, 193, 195, 196, 197, 198, 207, 208, 210, 216, 217, 236, 271, 272, 277, 278, 287, 337, 338, 339, 340, 341, 342, 343, 344, 345, 346, 347, 348, 349, 350, 351, 354, 372, 373, 374]	experiments/e149_final20_stoichiometry_v1/out_s3/ova_c4_iptm80_20t_c5/seed-1_sample-1/ova_c4_iptm80_20t_c5_seed-1_sample-1_summary_confidences.json	experiments/e149_final20_stoichiometry_v1/out_s3/ova_c4_iptm80_20t_c5/seed-1_sample-1/ova_c4_iptm80_20t_c5_seed-1_sample-1_model.cif
ova_c4_iptm80_20t_c5	seed-1_sample-2	5	0.39	0.5	86.85080304911718	nan	nan	0.41	0.0	9	5	1	0	204	204	0	0.11	0.33	15.4	"{""A-B"": 29, ""A-C"": 47, ""A-D"": 6, ""A-E"": 11, ""B-C"": 6, ""B-D"": 47, ""B-E"": 0, ""C-D"": 27, ""C-E"": 22, ""D-E"": 9}"	[73, 86, 95, 96, 97, 98, 99, 110, 116, 117, 120, 124, 132, 133, 134, 138, 141, 145, 182, 183, 184, 188, 190, 191, 192, 193, 194, 216, 217, 236, 271, 272, 278, 280, 336, 337, 338, 339, 340, 341, 342, 343, 344, 345, 346, 347, 348, 349, 350, 351, 352, 353, 354, 355, 356, 357, 373, 374]	experiments/e149_final20_stoichiometry_v1/out_s3/ova_c4_iptm80_20t_c5/seed-1_sample-2/ova_c4_iptm80_20t_c5_seed-1_sample-2_summary_confidences.json	experiments/e149_final20_stoichiometry_v1/out_s3/ova_c4_iptm80_20t_c5/seed-1_sample-2/ova_c4_iptm80_20t_c5_seed-1_sample-2_model.cif
ova_c4_iptm80_20t_c5	seed-1_sample-3	5	0.26	0.4	86.04287568522241	nan	nan	0.29	0.0	5	5	1	0	181	181	0	0.15	0.16	19.18	"{""A-B"": 31, ""A-C"": 0, ""A-D"": 0, ""A-E"": 27, ""B-C"": 0, ""B-D"": 45, ""B-E"": 0, ""C-D"": 31, ""C-E"": 47, ""D-E"": 0}"	[93, 94, 95, 96, 97, 98, 99, 155, 156, 182, 183, 184, 188, 190, 191, 192, 193, 195, 196, 216, 217, 236, 275, 276, 277, 278, 279, 336, 337, 338, 339, 340, 342, 343, 344, 345, 346, 347, 348, 349, 350, 351, 353, 354, 355, 356, 357]	experiments/e149_final20_stoichiometry_v1/out_s3/ova_c4_iptm80_20t_c5/seed-1_sample-3/ova_c4_iptm80_20t_c5_seed-1_sample-3_summary_confidences.json	experiments/e149_final20_stoichiometry_v1/out_s3/ova_c4_iptm80_20t_c5/seed-1_sample-3/ova_c4_iptm80_20t_c5_seed-1_sample-3_model.cif
ova_c4_iptm80_20t_c5	seed-1_sample-4	5	0.29	0.42	86.28313456915821	nan	nan	0.32	0.0	7	5	1	0	164	164	0	0.2	0.2	18.61	"{""A-B"": 0, ""A-C"": 44, ""A-D"": 0, ""A-E"": 20, ""B-C"": 8, ""B-D"": 42, ""B-E"": 24, ""C-D"": 9, ""C-E"": 0, ""D-E"": 17}"	[1, 6, 64, 65, 86, 87, 89, 90, 94, 95, 96, 97, 98, 99, 155, 156, 157, 182, 183, 184, 190, 191, 192, 193, 195, 196, 216, 217, 236, 239, 263, 266, 270, 271, 272, 273, 276, 277, 278, 336, 337, 338, 339, 340, 341, 342, 343, 344, 345, 346, 347, 348, 349, 350, 351, 353, 354, 355, 373, 374]	experiments/e149_final20_stoichiometry_v1/out_s3/ova_c4_iptm80_20t_c5/seed-1_sample-4/ova_c4_iptm80_20t_c5_seed-1_sample-4_summary_confidences.json	experiments/e149_final20_stoichiometry_v1/out_s3/ova_c4_iptm80_20t_c5/seed-1_sample-4/ova_c4_iptm80_20t_c5_seed-1_sample-4_model.cif
ova_c4_iptm80_20t_c5	seed-2_sample-0	5	0.27	0.4	86.20681338730253	nan	nan	0.29	0.0	6	5	1	0	208	208	0	0.13	0.13	22.535	"{""A-B"": 3, ""A-C"": 24, ""A-D"": 45, ""A-E"": 0, ""B-C"": 43, ""B-D"": 23, ""B-E"": 2, ""C-D"": 0, ""C-E"": 37, ""D-E"": 31}"	[64, 86, 87, 90, 94, 95, 96, 97, 98, 99, 155, 182, 184, 190, 191, 192, 193, 195, 215, 216, 217, 236, 237, 238, 239, 271, 275, 276, 277, 278, 337, 338, 339, 340, 341, 342, 343, 344, 345, 346, 347, 348, 349, 350, 351, 353, 354, 355, 356, 372, 373, 374]	experiments/e149_final20_stoichiometry_v1/out_s3/ova_c4_iptm80_20t_c5/seed-2_sample-0/ova_c4_iptm80_20t_c5_seed-2_sample-0_summary_confidences.json	experiments/e149_final20_stoichiometry_v1/out_s3/ova_c4_iptm80_20t_c5/seed-2_sample-0/ova_c4_iptm80_20t_c5_seed-2_sample-0_model.cif
ova_c4_iptm80_20t_c5	seed-2_sample-1	5	0.31	0.43	85.65012968389482	nan	nan	0.33	0.0	5	5	1	0	161	161	0	0.16	0.2	18.2	"{""A-B"": 26, ""A-C"": 0, ""A-D"": 1, ""A-E"": 28, ""B-C"": 39, ""B-D"": 2, ""B-E"": 0, ""C-D"": 27, ""C-E"": 0, ""D-E"": 38}"	[94, 95, 96, 97, 98, 99, 155, 182, 183, 184, 188, 190, 191, 192, 193, 195, 216, 217, 236, 275, 276, 277, 278, 334, 336, 337, 338, 339, 340, 342, 343, 344, 345, 346, 347, 348, 349, 350, 351, 354, 355, 356, 357]	experiments/e149_final20_stoichiometry_v1/out_s3/ova_c4_iptm80_20t_c5/seed-2_sample-1/ova_c4_iptm80_20t_c5_seed-2_sample-1_summary_confidences.json	experiments/e149_final20_stoichiometry_v1/out_s3/ova_c4_iptm80_20t_c5/seed-2_sample-1/ova_c4_iptm80_20t_c5_seed-2_sample-1_model.cif
ova_c4_iptm80_20t_c5	seed-2_sample-2	5	0.43	0.53	86.67160614290385	nan	nan	0.45	0.0	8	5	1	0	200	200	0	0.12	0.37	14.16	"{""A-B"": 36, ""A-C"": 7, ""A-D"": 44, ""A-E"": 0, ""B-C"": 45, ""B-D"": 6, ""B-E"": 0, ""C-D"": 37, ""C-E"": 12, ""D-E"": 13}"	[86, 90, 95, 96, 97, 98, 99, 148, 149, 151, 152, 153, 155, 156, 157, 182, 184, 190, 191, 192, 193, 195, 198, 200, 203, 206, 216, 217, 236, 271, 272, 276, 277, 278, 337, 338, 339, 340, 341, 342, 343, 344, 345, 346, 347, 348, 349, 350, 351, 353, 354, 356, 373, 374]	experiments/e149_final20_stoichiometry_v1/out_s3/ova_c4_iptm80_20t_c5/seed-2_sample-2/ova_c4_iptm80_20t_c5_seed-2_sample-2_summary_confidences.json	experiments/e149_final20_stoichiometry_v1/out_s3/ova_c4_iptm80_20t_c5/seed-2_sample-2/ova_c4_iptm80_20t_c5_seed-2_sample-2_model.cif
ova_c4_iptm80_20t_c5	seed-2_sample-3	5	0.43	0.53	86.81295346472548	nan	nan	0.45	0.0	8	5	1	0	213	213	0	0.13	0.355	14.280000000000001	"{""A-B"": 34, ""A-C"": 6, ""A-D"": 45, ""A-E"": 20, ""B-C"": 46, ""B-D"": 6, ""B-E"": 0, ""C-D"": 34, ""C-E"": 0, ""D-E"": 22}"	[86, 95, 96, 97, 98, 99, 138, 140, 141, 144, 145, 148, 149, 151, 152, 156, 182, 184, 186, 188, 190, 191, 192, 193, 195, 196, 198, 205, 206, 207, 208, 210, 216, 217, 234, 236, 237, 238, 239, 271, 272, 276, 277, 278, 336, 337, 338, 339, 340, 341, 342, 343, 344, 345, 346, 347, 348, 349, 350, 351, 354, 372, 373, 374]	experiments/e149_final20_stoichiometry_v1/out_s3/ova_c4_iptm80_20t_c5/seed-2_sample-3/ova_c4_iptm80_20t_c5_seed-2_sample-3_summary_confidences.json	experiments/e149_final20_stoichiometry_v1/out_s3/ova_c4_iptm80_20t_c5/seed-2_sample-3/ova_c4_iptm80_20t_c5_seed-2_sample-3_model.cif
ova_c4_iptm80_20t_c5	seed-2_sample-4	5	0.44	0.54	86.68474077807807	nan	nan	0.46	0.0	8	5	1	0	208	208	0	0.12	0.385	13.615	"{""A-B"": 25, ""A-C"": 9, ""A-D"": 51, ""A-E"": 11, ""B-C"": 52, ""B-D"": 9, ""B-E"": 0, ""C-D"": 25, ""C-E"": 0, ""D-E"": 26}"	[82, 86, 90, 94, 95, 96, 97, 98, 99, 119, 131, 132, 144, 145, 148, 149, 151, 152, 155, 156, 159, 182, 184, 187, 190, 191, 192, 193, 195, 196, 198, 208, 216, 217, 236, 271, 272, 275, 276, 277, 278, 337, 338, 339, 340, 341, 342, 343, 344, 345, 346, 347, 348, 349, 350, 351, 352, 353, 354, 373, 374]	experiments/e149_final20_stoichiometry_v1/out_s3/ova_c4_iptm80_20t_c5/seed-2_sample-4/ova_c4_iptm80_20t_c5_seed-2_sample-4_summary_confidences.json	experiments/e149_final20_stoichiometry_v1/out_s3/ova_c4_iptm80_20t_c5/seed-2_sample-4/ova_c4_iptm80_20t_c5_seed-2_sample-4_model.cif
ova_c4_iptm80_20t_c5	seed-3_sample-0	5	0.38	0.49	86.66867858017046	nan	nan	0.4	0.0	8	5	1	0	235	235	0	0.11	0.33999999999999997	16.395	"{""A-B"": 62, ""A-C"": 8, ""A-D"": 25, ""A-E"": 0, ""B-C"": 22, ""B-D"": 8, ""B-E"": 34, ""C-D"": 64, ""C-E"": 12, ""D-E"": 0}"	[86, 90, 94, 95, 96, 97, 98, 99, 182, 184, 186, 188, 190, 191, 192, 193, 216, 217, 222, 223, 224, 225, 227, 236, 237, 238, 239, 271, 272, 276, 277, 278, 337, 338, 339, 340, 341, 342, 343, 344, 345, 346, 347, 348, 349, 350, 351, 353, 354, 355, 356, 357, 373, 374]	experiments/e149_final20_stoichiometry_v1/out_s3/ova_c4_iptm80_20t_c5/seed-3_sample-0/ova_c4_iptm80_20t_c5_seed-3_sample-0_summary_confidences.json	experiments/e149_final20_stoichiometry_v1/out_s3/ova_c4_iptm80_20t_c5/seed-3_sample-0/ova_c4_iptm80_20t_c5_seed-3_sample-0_model.cif
ova_c4_iptm80_20t_c5	seed-3_sample-1	5	0.29	0.42	86.17756479885912	nan	nan	0.31	0.0	5	5	1	0	123	123	0	0.2	0.26	16.95	"{""A-B"": 42, ""A-C"": 8, ""A-D"": 0, ""A-E"": 1, ""B-C"": 1, ""B-D"": 0, ""B-E"": 14, ""C-D"": 43, ""C-E"": 0, ""D-E"": 14}"	[1, 64, 79, 82, 83, 86, 95, 96, 97, 98, 99, 155, 156, 182, 183, 184, 190, 191, 192, 193, 194, 195, 196, 217, 219, 263, 266, 267, 270, 271, 272, 274, 275, 276, 337, 338, 339, 340, 342, 343, 345, 346, 348, 373, 374]	experiments/e149_final20_stoichiometry_v1/out_s3/ova_c4_iptm80_20t_c5/seed-3_sample-1/ova_c4_iptm80_20t_c5_seed-3_sample-1_summary_confidences.json	experiments/e149_final20_stoichiometry_v1/out_s3/ova_c4_iptm80_20t_c5/seed-3_sample-1/ova_c4_iptm80_20t_c5_seed-3_sample-1_model.cif
ova_c4_iptm80_20t_c5	seed-3_sample-2	5	0.3	0.43	85.85059593872703	nan	nan	0.33	0.0	5	5	1	0	145	145	0	0.24	0.26	17.49	"{""A-B"": 45, ""A-C"": 10, ""A-D"": 0, ""A-E"": 3, ""B-C"": 3, ""B-D"": 0, ""B-E"": 8, ""C-D"": 54, ""C-E"": 0, ""D-E"": 22}"	[83, 86, 90, 94, 95, 96, 97, 98, 99, 155, 156, 182, 183, 184, 190, 191, 192, 193, 194, 195, 196, 208, 210, 216, 217, 218, 219, 271, 272, 274, 275, 276, 278, 337, 338, 339, 340, 342, 343, 344, 345, 346, 347, 348, 349, 351, 373, 374]	experiments/e149_final20_stoichiometry_v1/out_s3/ova_c4_iptm80_20t_c5/seed-3_sample-2/ova_c4_iptm80_20t_c5_seed-3_sample-2_summary_confidences.json	experiments/e149_final20_stoichiometry_v1/out_s3/ova_c4_iptm80_20t_c5/seed-3_sample-2/ova_c4_iptm80_20t_c5_seed-3_sample-2_model.cif
ova_c4_iptm80_20t_c5	seed-3_sample-3	5	0.27	0.41	85.66500007550333	nan	nan	0.3	0.0	5	5	1	0	122	122	0	0.19	0.25	17.77	"{""A-B"": 41, ""A-C"": 0, ""A-D"": 0, ""A-E"": 19, ""B-C"": 1, ""B-D"": 8, ""B-E"": 0, ""C-D"": 40, ""C-E"": 11, ""D-E"": 2}"	[79, 82, 83, 86, 90, 94, 95, 96, 97, 98, 99, 155, 156, 182, 183, 184, 190, 191, 192, 193, 194, 195, 196, 210, 217, 219, 271, 272, 275, 276, 277, 278, 337, 338, 340, 342, 344, 345, 346, 347, 348, 350, 373, 374]	experiments/e149_final20_stoichiometry_v1/out_s3/ova_c4_iptm80_20t_c5/seed-3_sample-3/ova_c4_iptm80_20t_c5_seed-3_sample-3_summary_confidences.json	experiments/e149_final20_stoichiometry_v1/out_s3/ova_c4_iptm80_20t_c5/seed-3_sample-3/ova_c4_iptm80_20t_c5_seed-3_sample-3_model.cif
ova_c4_iptm80_20t_c5	seed-3_sample-4	5	0.35	0.47	86.27347145673525	nan	nan	0.37	0.0	9	5	1	0	196	196	0	0.1	0.28	16.88	"{""A-B"": 50, ""A-C"": 6, ""A-D"": 16, ""A-E"": 12, ""B-C"": 16, ""B-D"": 6, ""B-E"": 0, ""C-D"": 49, ""C-E"": 33, ""D-E"": 8}"	[86, 90, 95, 96, 97, 98, 99, 110, 113, 114, 116, 117, 119, 120, 124, 131, 132, 133, 134, 142, 145, 149, 152, 182, 184, 188, 190, 191, 192, 193, 216, 217, 236, 237, 238, 239, 271, 272, 277, 278, 337, 338, 339, 340, 341, 342, 344, 345, 346, 347, 348, 349, 350, 351, 353, 354, 356, 357, 373, 374]	experiments/e149_final20_stoichiometry_v1/out_s3/ova_c4_iptm80_20t_c5/seed-3_sample-4/ova_c4_iptm80_20t_c5_seed-3_sample-4_summary_confidences.json	experiments/e149_final20_stoichiometry_v1/out_s3/ova_c4_iptm80_20t_c5/seed-3_sample-4/ova_c4_iptm80_20t_c5_seed-3_sample-4_model.cif
ova_c4_iptm80_20t_c6	seed-1_sample-0	6	0.29	0.4	86.26953354277141	nan	nan	0.32	0.0	6	6	1	0	252	252	0	0.37	0.295	14.92	"{""A-B"": 43, ""A-C"": 0, ""A-D"": 45, ""A-E"": 0, ""A-F"": 0, ""B-C"": 0, ""B-D"": 0, ""B-E"": 40, ""B-F"": 0, ""C-D"": 41, ""C-E"": 0, ""C-F"": 43, ""D-E"": 0, ""D-F"": 0, ""E-F"": 40}"	[1, 2, 3, 6, 10, 64, 65, 71, 86, 90, 94, 95, 96, 97, 98, 99, 155, 182, 183, 184, 190, 191, 192, 193, 195, 196, 225, 236, 261, 262, 263, 266, 267, 270, 271, 272, 337, 338, 339, 340, 341, 342, 343, 373, 374]	experiments/e149_final20_stoichiometry_v1/out_s4/ova_c4_iptm80_20t_c6/seed-1_sample-0/ova_c4_iptm80_20t_c6_seed-1_sample-0_summary_confidences.json	experiments/e149_final20_stoichiometry_v1/out_s4/ova_c4_iptm80_20t_c6/seed-1_sample-0/ova_c4_iptm80_20t_c6_seed-1_sample-0_model.cif
ova_c4_iptm80_20t_c6	seed-1_sample-1	6	0.29	0.4	86.27494830788726	nan	nan	0.31	0.0	6	6	1	0	203	203	0	0.36	0.295	14.940000000000001	"{""A-B"": 27, ""A-C"": 0, ""A-D"": 42, ""A-E"": 0, ""A-F"": 0, ""B-C"": 0, ""B-D"": 0, ""B-E"": 41, ""B-F"": 0, ""C-D"": 24, ""C-E"": 0, ""C-F"": 39, ""D-E"": 0, ""D-F"": 0, ""E-F"": 30}"	[1, 2, 3, 6, 64, 65, 86, 90, 94, 95, 96, 97, 98, 99, 155, 156, 182, 184, 190, 191, 192, 193, 195, 196, 236, 262, 263, 266, 267, 270, 271, 272, 337, 338, 339, 340, 341, 342, 343, 347, 373, 374]	experiments/e149_final20_stoichiometry_v1/out_s4/ova_c4_iptm80_20t_c6/seed-1_sample-1/ova_c4_iptm80_20t_c6_seed-1_sample-1_summary_confidences.json	experiments/e149_final20_stoichiometry_v1/out_s4/ova_c4_iptm80_20t_c6/seed-1_sample-1/ova_c4_iptm80_20t_c6_seed-1_sample-1_model.cif
ova_c4_iptm80_20t_c6	seed-1_sample-2	6	0.29	0.4	86.28727986034335	nan	nan	0.31	0.0	6	6	1	0	210	210	0	0.35	0.29	15.015	"{""A-B"": 32, ""A-C"": 0, ""A-D"": 41, ""A-E"": 0, ""A-F"": 0, ""B-C"": 0, ""B-D"": 0, ""B-E"": 39, ""B-F"": 0, ""C-D"": 29, ""C-E"": 0, ""C-F"": 40, ""D-E"": 0, ""D-F"": 0, ""E-F"": 29}"	[1, 2, 3, 6, 64, 65, 86, 90, 94, 95, 96, 97, 98, 99, 155, 156, 182, 183, 184, 190, 191, 192, 193, 195, 196, 262, 263, 264, 266, 267, 270, 271, 272, 337, 338, 339, 340, 342, 373, 374]	experiments/e149_final20_stoichiometry_v1/out_s4/ova_c4_iptm80_20t_c6/seed-1_sample-2/ova_c4_iptm80_20t_c6_seed-1_sample-2_summary_confidences.json	experiments/e149_final20_stoichiometry_v1/out_s4/ova_c4_iptm80_20t_c6/seed-1_sample-2/ova_c4_iptm80_20t_c6_seed-1_sample-2_model.cif
ova_c4_iptm80_20t_c6	seed-1_sample-3	6	0.29	0.4	86.32150242859835	nan	nan	0.31	0.0	6	6	1	0	220	220	0	0.35	0.29	14.93	"{""A-B"": 32, ""A-C"": 0, ""A-D"": 43, ""A-E"": 0, ""A-F"": 0, ""B-C"": 0, ""B-D"": 0, ""B-E"": 37, ""B-F"": 0, ""C-D"": 35, ""C-E"": 0, ""C-F"": 39, ""D-E"": 0, ""D-F"": 0, ""E-F"": 34}"	[1, 2, 3, 6, 64, 65, 83, 86, 87, 90, 95, 96, 97, 98, 99, 155, 156, 182, 183, 184, 190, 191, 192, 193, 195, 196, 262, 263, 266, 267, 270, 271, 272, 337, 338, 339, 340, 342, 343, 373, 374]	experiments/e149_final20_stoichiometry_v1/out_s4/ova_c4_iptm80_20t_c6/seed-1_sample-3/ova_c4_iptm80_20t_c6_seed-1_sample-3_summary_confidences.json	experiments/e149_final20_stoichiometry_v1/out_s4/ova_c4_iptm80_20t_c6/seed-1_sample-3/ova_c4_iptm80_20t_c6_seed-1_sample-3_model.cif
ova_c4_iptm80_20t_c6	seed-1_sample-4	6	0.29	0.4	86.01365290034002	nan	nan	0.32	0.0	6	6	1	0	232	232	0	0.37	0.3	14.59	"{""A-B"": 32, ""A-C"": 0, ""A-D"": 46, ""A-E"": 0, ""A-F"": 0, ""B-C"": 0, ""B-D"": 0, ""B-E"": 48, ""B-F"": 0, ""C-D"": 31, ""C-E"": 0, ""C-F"": 43, ""D-E"": 0, ""D-F"": 0, ""E-F"": 32}"	[1, 2, 3, 6, 64, 65, 82, 83, 86, 90, 94, 95, 96, 97, 98, 99, 155, 156, 182, 184, 190, 191, 192, 193, 195, 196, 236, 262, 263, 266, 267, 270, 271, 272, 337, 338, 339, 340, 342, 343, 373, 374]	experiments/e149_final20_stoichiometry_v1/out_s4/ova_c4_iptm80_20t_c6/seed-1_sample-4/ova_c4_iptm80_20t_c6_seed-1_sample-4_summary_confidences.json	experiments/e149_final20_stoichiometry_v1/out_s4/ova_c4_iptm80_20t_c6/seed-1_sample-4/ova_c4_iptm80_20t_c6_seed-1_sample-4_model.cif
ova_c4_iptm80_20t_c6	seed-2_sample-0	6	0.34	0.44	87.18932642961413	nan	nan	0.36	0.0	6	6	1	0	298	298	0	0.46	0.36	12.305	"{""A-B"": 0, ""A-C"": 54, ""A-D"": 42, ""A-E"": 0, ""A-F"": 0, ""B-C"": 0, ""B-D"": 51, ""B-E"": 45, ""B-F"": 0, ""C-D"": 0, ""C-E"": 0, ""C-F"": 46, ""D-E"": 0, ""D-F"": 0, ""E-F"": 60}"	[1, 2, 3, 6, 10, 64, 65, 66, 68, 79, 83, 86, 87, 90, 94, 95, 96, 97, 98, 99, 155, 182, 184, 190, 191, 192, 193, 195, 236, 261, 262, 263, 264, 266, 267, 270, 271, 272, 337, 338, 339, 340, 341, 342, 343, 373, 374]	experiments/e149_final20_stoichiometry_v1/out_s4/ova_c4_iptm80_20t_c6/seed-2_sample-0/ova_c4_iptm80_20t_c6_seed-2_sample-0_summary_confidences.json	experiments/e149_final20_stoichiometry_v1/out_s4/ova_c4_iptm80_20t_c6/seed-2_sample-0/ova_c4_iptm80_20t_c6_seed-2_sample-0_model.cif
ova_c4_iptm80_20t_c6	seed-2_sample-1	6	0.33	0.43	87.12992238257216	nan	nan	0.35	0.0	6	6	1	0	247	247	0	0.46	0.355	12.055	"{""A-B"": 0, ""A-C"": 40, ""A-D"": 42, ""A-E"": 0, ""A-F"": 0, ""B-C"": 0, ""B-D"": 44, ""B-E"": 42, ""B-F"": 0, ""C-D"": 0, ""C-E"": 0, ""C-F"": 41, ""D-E"": 0, ""D-F"": 0, ""E-F"": 38}"	[1, 2, 3, 6, 10, 64, 65, 79, 86, 90, 94, 95, 96, 97, 98, 99, 182, 184, 190, 191, 192, 193, 236, 261, 262, 263, 266, 267, 270, 271, 272, 337, 338, 339, 340, 341, 342, 343, 373, 374]	experiments/e149_final20_stoichiometry_v1/out_s4/ova_c4_iptm80_20t_c6/seed-2_sample-1/ova_c4_iptm80_20t_c6_seed-2_sample-1_summary_confidences.json	experiments/e149_final20_stoichiometry_v1/out_s4/ova_c4_iptm80_20t_c6/seed-2_sample-1/ova_c4_iptm80_20t_c6_seed-2_sample-1_model.cif
ova_c4_iptm80_20t_c6	seed-2_sample-2	6	0.32	0.43	86.77414519552121	nan	nan	0.35	0.0	6	6	1	0	270	270	0	0.41	0.33999999999999997	12.335	"{""A-B"": 0, ""A-C"": 33, ""A-D"": 56, ""A-E"": 0, ""A-F"": 0, ""B-C"": 0, ""B-D"": 31, ""B-E"": 59, ""B-F"": 0, ""C-D"": 0, ""C-E"": 0, ""C-F"": 58, ""D-E"": 0, ""D-F"": 0, ""E-F"": 33}"	[1, 3, 6, 64, 65, 68, 79, 86, 90, 94, 95, 96, 97, 98, 99, 155, 156, 182, 183, 184, 188, 190, 191, 192, 193, 195, 196, 236, 262, 263, 266, 267, 270, 271, 272, 337, 338, 339, 340, 341, 342, 343, 373, 374]	experiments/e149_final20_stoichiometry_v1/out_s4/ova_c4_iptm80_20t_c6/seed-2_sample-2/ova_c4_iptm80_20t_c6_seed-2_sample-2_summary_confidences.json	experiments/e149_final20_stoichiometry_v1/out_s4/ova_c4_iptm80_20t_c6/seed-2_sample-2/ova_c4_iptm80_20t_c6_seed-2_sample-2_model.cif
ova_c4_iptm80_20t_c6	seed-2_sample-3	6	0.33	0.43	86.93906737609231	nan	nan	0.35	0.0	6	6	1	0	275	275	0	0.43	0.35	12.18	"{""A-B"": 0, ""A-C"": 41, ""A-D"": 52, ""A-E"": 0, ""A-F"": 0, ""B-C"": 0, ""B-D"": 39, ""B-E"": 53, ""B-F"": 0, ""C-D"": 0, ""C-E"": 0, ""C-F"": 53, ""D-E"": 0, ""D-F"": 0, ""E-F"": 37}"	[1, 2, 3, 6, 64, 65, 79, 83, 86, 87, 90, 94, 95, 96, 97, 98, 99, 155, 156, 182, 183, 184, 190, 191, 192, 193, 195, 196, 262, 263, 264, 266, 267, 270, 271, 272, 337, 338, 339, 340, 342, 344, 347, 373, 374]	experiments/e149_final20_stoichiometry_v1/out_s4/ova_c4_iptm80_20t_c6/seed-2_sample-3/ova_c4_iptm80_20t_c6_seed-2_sample-3_summary_confidences.json	experiments/e149_final20_stoichiometry_v1/out_s4/ova_c4_iptm80_20t_c6/seed-2_sample-3/ova_c4_iptm80_20t_c6_seed-2_sample-3_model.cif
ova_c4_iptm80_20t_c6	seed-2_sample-4	6	0.33	0.43	87.11515530403413	nan	nan	0.35	0.0	6	6	1	0	253	253	0	0.47	0.365	12.16	"{""A-B"": 0, ""A-C"": 39, ""A-D"": 47, ""A-E"": 0, ""A-F"": 0, ""B-C"": 0, ""B-D"": 42, ""B-E"": 46, ""B-F"": 0, ""C-D"": 0, ""C-E"": 0, ""C-F"": 45, ""D-E"": 0, ""D-F"": 0, ""E-F"": 34}"	[1, 2, 3, 6, 10, 64, 65, 66, 79, 86, 90, 94, 95, 96, 97, 98, 99, 155, 182, 184, 190, 191, 192, 193, 195, 236, 262, 263, 264, 266, 267, 270, 271, 272, 337, 338, 339, 340, 341, 342, 344, 347, 348, 373, 374]	experiments/e149_final20_stoichiometry_v1/out_s4/ova_c4_iptm80_20t_c6/seed-2_sample-4/ova_c4_iptm80_20t_c6_seed-2_sample-4_summary_confidences.json	experiments/e149_final20_stoichiometry_v1/out_s4/ova_c4_iptm80_20t_c6/seed-2_sample-4/ova_c4_iptm80_20t_c6_seed-2_sample-4_model.cif
ova_c4_iptm80_20t_c6	seed-3_sample-0	6	0.27	0.38	85.57740937860518	nan	nan	0.29	0.0	6	6	1	0	254	254	0	0.26	0.245	17.29	"{""A-B"": 69, ""A-C"": 16, ""A-D"": 0, ""A-E"": 0, ""A-F"": 0, ""B-C"": 0, ""B-D"": 0, ""B-E"": 21, ""B-F"": 0, ""C-D"": 61, ""C-E"": 0, ""C-F"": 0, ""D-E"": 0, ""D-F"": 20, ""E-F"": 67}"	[1, 6, 64, 86, 90, 94, 95, 96, 97, 98, 99, 155, 156, 182, 183, 184, 188, 190, 191, 192, 193, 195, 196, 208, 210, 262, 263, 266, 267, 271, 272, 336, 337, 338, 339, 340, 342, 343, 373, 374]	experiments/e149_final20_stoichiometry_v1/out_s4/ova_c4_iptm80_20t_c6/seed-3_sample-0/ova_c4_iptm80_20t_c6_seed-3_sample-0_summary_confidences.json	experiments/e149_final20_stoichiometry_v1/out_s4/ova_c4_iptm80_20t_c6/seed-3_sample-0/ova_c4_iptm80_20t_c6_seed-3_sample-0_model.cif
ova_c4_iptm80_20t_c6	seed-3_sample-1	6	0.27	0.38	85.84103624808355	nan	nan	0.29	0.0	6	6	1	0	263	263	0	0.28	0.24000000000000002	17.085	"{""A-B"": 62, ""A-C"": 27, ""A-D"": 0, ""A-E"": 0, ""A-F"": 0, ""B-C"": 0, ""B-D"": 0, ""B-E"": 27, ""B-F"": 0, ""C-D"": 60, ""C-E"": 0, ""C-F"": 0, ""D-E"": 0, ""D-F"": 27, ""E-F"": 60}"	[1, 2, 3, 64, 65, 79, 82, 83, 86, 87, 94, 95, 96, 97, 98, 99, 155, 156, 182, 183, 184, 188, 190, 191, 192, 193, 195, 196, 208, 236, 263, 266, 267, 270, 271, 272, 336, 337, 338, 339, 340, 342, 343, 348, 373, 374]	experiments/e149_final20_stoichiometry_v1/out_s4/ova_c4_iptm80_20t_c6/seed-3_sample-1/ova_c4_iptm80_20t_c6_seed-3_sample-1_summary_confidences.json	experiments/e149_final20_stoichiometry_v1/out_s4/ova_c4_iptm80_20t_c6/seed-3_sample-1/ova_c4_iptm80_20t_c6_seed-3_sample-1_model.cif
ova_c4_iptm80_20t_c6	seed-3_sample-2	6	0.27	0.38	85.36549233154929	nan	nan	0.29	0.0	6	6	1	0	199	199	0	0.29	0.255	17.05	"{""A-B"": 51, ""A-C"": 17, ""A-D"": 0, ""A-E"": 0, ""A-F"": 0, ""B-C"": 0, ""B-D"": 0, ""B-E"": 12, ""B-F"": 0, ""C-D"": 50, ""C-E"": 0, ""C-F"": 0, ""D-E"": 0, ""D-F"": 18, ""E-F"": 51}"	[1, 64, 79, 82, 86, 90, 94, 95, 96, 97, 98, 99, 155, 156, 182, 183, 184, 190, 191, 192, 193, 195, 196, 208, 263, 266, 267, 271, 272, 337, 338, 339, 340, 342, 343, 348, 373, 374]	experiments/e149_final20_stoichiometry_v1/out_s4/ova_c4_iptm80_20t_c6/seed-3_sample-2/ova_c4_iptm80_20t_c6_seed-3_sample-2_summary_confidences.json	experiments/e149_final20_stoichiometry_v1/out_s4/ova_c4_iptm80_20t_c6/seed-3_sample-2/ova_c4_iptm80_20t_c6_seed-3_sample-2_model.cif
ova_c4_iptm80_20t_c6	seed-3_sample-3	6	0.27	0.38	85.64691699724742	nan	nan	0.29	0.0	6	6	1	0	302	302	0	0.23	0.22	17.645000000000003	"{""A-B"": 78, ""A-C"": 21, ""A-D"": 0, ""A-E"": 0, ""A-F"": 0, ""B-C"": 0, ""B-D"": 0, ""B-E"": 28, ""B-F"": 0, ""C-D"": 73, ""C-E"": 0, ""C-F"": 0, ""D-E"": 0, ""D-F"": 23, ""E-F"": 79}"	[1, 3, 64, 65, 79, 83, 86, 90, 94, 95, 96, 97, 98, 99, 155, 156, 157, 182, 183, 184, 188, 190, 191, 192, 193, 194, 195, 196, 208, 236, 262, 263, 266, 267, 270, 271, 272, 336, 337, 338, 339, 340, 341, 342, 343, 373, 374]	experiments/e149_final20_stoichiometry_v1/out_s4/ova_c4_iptm80_20t_c6/seed-3_sample-3/ova_c4_iptm80_20t_c6_seed-3_sample-3_summary_confidences.json	experiments/e149_final20_stoichiometry_v1/out_s4/ova_c4_iptm80_20t_c6/seed-3_sample-3/ova_c4_iptm80_20t_c6_seed-3_sample-3_model.cif
ova_c4_iptm80_20t_c6	seed-3_sample-4	6	0.26	0.37	85.32458561319143	nan	nan	0.28	0.0	6	6	1	0	315	315	0	0.23	0.22	17.83	"{""A-B"": 73, ""A-C"": 30, ""A-D"": 0, ""A-E"": 0, ""A-F"": 0, ""B-C"": 0, ""B-D"": 0, ""B-E"": 30, ""B-F"": 0, ""C-D"": 79, ""C-E"": 0, ""C-F"": 0, ""D-E"": 0, ""D-F"": 29, ""E-F"": 74}"	[1, 6, 64, 65, 79, 82, 83, 86, 94, 95, 96, 97, 98, 99, 155, 156, 157, 182, 183, 184, 188, 190, 191, 192, 193, 194, 195, 196, 208, 236, 262, 263, 266, 267, 270, 271, 272, 336, 337, 338, 339, 340, 342, 343, 348, 373, 374]	experiments/e149_final20_stoichiometry_v1/out_s4/ova_c4_iptm80_20t_c6/seed-3_sample-4/ova_c4_iptm80_20t_c6_seed-3_sample-4_summary_confidences.json	experiments/e149_final20_stoichiometry_v1/out_s4/ova_c4_iptm80_20t_c6/seed-3_sample-4/ova_c4_iptm80_20t_c6_seed-3_sample-4_model.cif
